trial_idx,buffer_trials,correct,tent_entropy_loss,step_time_sec,seed,subject,protocol,adaptation
0,1,0,0.8590807914733887,0.33477824500005227,42,A01,cross-session,AdaBN
1,2,1,1.0921598672866821,0.006319996000001993,42,A01,cross-session,AdaBN
2,3,1,0.769885778427124,0.003563562000181264,42,A01,cross-session,AdaBN
3,4,1,0.8972837924957275,0.003934077999929286,42,A01,cross-session,AdaBN
4,5,1,0.7286073565483093,0.004020853999918472,42,A01,cross-session,AdaBN
5,6,0,0.749515950679779,0.0034157559998675424,42,A01,cross-session,AdaBN
6,7,1,0.6055609583854675,0.010605954000311613,42,A01,cross-session,AdaBN
7,8,0,0.5158109664916992,0.003467065999757324,42,A01,cross-session,AdaBN
8,9,1,0.6850435733795166,0.003922287000023061,42,A01,cross-session,AdaBN
9,10,1,0.6117827296257019,0.0036670220001724374,42,A01,cross-session,AdaBN
10,11,0,0.5787119269371033,0.0038122930000099586,42,A01,cross-session,AdaBN
11,12,0,0.5456885099411011,0.004087942999831284,42,A01,cross-session,AdaBN
12,13,1,0.5208247303962708,0.0038753300000280433,42,A01,cross-session,AdaBN
13,14,1,0.6101285219192505,0.003992189999735274,42,A01,cross-session,AdaBN
14,15,0,0.6152841448783875,0.003996502000063629,42,A01,cross-session,AdaBN
15,16,1,0.6936832070350647,0.004328552000060881,42,A01,cross-session,AdaBN
16,16,1,0.5578380823135376,0.0022477289999187633,42,A01,cross-session,AdaBN
17,16,1,0.66744065284729,0.00226658600013252,42,A01,cross-session,AdaBN
18,16,1,0.6925421953201294,0.0022254840000641707,42,A01,cross-session,AdaBN
19,16,1,0.6625381112098694,0.002172171999973216,42,A01,cross-session,AdaBN
20,16,1,0.7369069457054138,0.0022899300001881784,42,A01,cross-session,AdaBN
21,16,1,0.6603493094444275,0.0021963280000818486,42,A01,cross-session,AdaBN
22,16,1,0.6192638874053955,0.002173042999856989,42,A01,cross-session,AdaBN
23,16,1,0.7019972801208496,0.0022334489999593643,42,A01,cross-session,AdaBN
24,16,0,0.702811062335968,0.0021686489999410696,42,A01,cross-session,AdaBN
25,16,1,0.6465669870376587,0.0022404799997275404,42,A01,cross-session,AdaBN
26,16,1,0.6710270047187805,0.0021748630001638958,42,A01,cross-session,AdaBN
27,16,1,0.7804766893386841,0.0021780910001325537,42,A01,cross-session,AdaBN
28,16,0,0.7382487654685974,0.002225012000053539,42,A01,cross-session,AdaBN
29,16,0,0.7562856674194336,0.002245196999865584,42,A01,cross-session,AdaBN
30,16,0,0.7416926622390747,0.002239041999928304,42,A01,cross-session,AdaBN
31,16,1,0.6816266775131226,0.0023292280002351617,42,A01,cross-session,AdaBN
32,16,1,0.7269490957260132,0.0024864980000529613,42,A01,cross-session,AdaBN
33,16,1,0.5946112871170044,0.0026421560000926547,42,A01,cross-session,AdaBN
34,16,1,0.7388162016868591,0.0028301980000833282,42,A01,cross-session,AdaBN
35,16,1,0.5542428493499756,0.0030455959999926563,42,A01,cross-session,AdaBN
36,16,1,0.55177903175354,0.003220692000013514,42,A01,cross-session,AdaBN
37,16,0,0.6021887063980103,0.004229138000027888,42,A01,cross-session,AdaBN
38,16,1,0.5088066458702087,0.010752656000022398,42,A01,cross-session,AdaBN
39,16,0,0.5794375538825989,0.00636091199976363,42,A01,cross-session,AdaBN
40,16,1,0.5454174280166626,0.005421123999894917,42,A01,cross-session,AdaBN
41,16,1,0.5540354251861572,0.003943347000131325,42,A01,cross-session,AdaBN
42,16,1,0.5928720235824585,0.0032854950000000827,42,A01,cross-session,AdaBN
43,16,0,0.5619896650314331,0.0031308350003200758,42,A01,cross-session,AdaBN
44,16,1,0.5968393087387085,0.003073567999763327,42,A01,cross-session,AdaBN
45,16,1,0.5907247066497803,0.002794447000269429,42,A01,cross-session,AdaBN
46,16,1,0.5558198690414429,0.002957547000278282,42,A01,cross-session,AdaBN
47,16,0,0.6641931533813477,0.004654911000216089,42,A01,cross-session,AdaBN
48,16,0,0.7037131786346436,0.005718872000215924,42,A01,cross-session,AdaBN
49,16,0,0.6454594135284424,0.0034661180002331093,42,A01,cross-session,AdaBN
50,16,1,0.6270315647125244,0.002836002000094595,42,A01,cross-session,AdaBN
51,16,0,0.5929278135299683,0.002833224999903905,42,A01,cross-session,AdaBN
52,16,1,0.7388197779655457,0.0025555420002092433,42,A01,cross-session,AdaBN
53,16,1,0.7857645750045776,0.0025849879998531833,42,A01,cross-session,AdaBN
54,16,0,0.6437171101570129,0.002949769000224478,42,A01,cross-session,AdaBN
55,16,0,0.6445082426071167,0.002762407999853167,42,A01,cross-session,AdaBN
56,16,1,0.8026915788650513,0.0026307660000384203,42,A01,cross-session,AdaBN
57,16,1,0.6243854761123657,0.002490624000074604,42,A01,cross-session,AdaBN
58,16,1,0.6292600631713867,0.0026043249999929685,42,A01,cross-session,AdaBN
59,16,0,0.5707767605781555,0.002900638000028266,42,A01,cross-session,AdaBN
60,16,0,0.7474502325057983,0.002929559999756748,42,A01,cross-session,AdaBN
61,16,0,0.6912794709205627,0.0028641039998547058,42,A01,cross-session,AdaBN
62,16,1,0.6629258394241333,0.0028686300001936615,42,A01,cross-session,AdaBN
63,16,1,0.5999869704246521,0.0027659100001073966,42,A01,cross-session,AdaBN
64,16,1,0.5313235521316528,0.0028449050000745046,42,A01,cross-session,AdaBN
65,16,0,0.6565725207328796,0.003175851999912993,42,A01,cross-session,AdaBN
66,16,0,0.6418044567108154,0.004071990999818809,42,A01,cross-session,AdaBN
67,16,1,0.5515773296356201,0.00520556099991154,42,A01,cross-session,AdaBN
68,16,1,0.6081916093826294,0.005751849999796832,42,A01,cross-session,AdaBN
69,16,0,0.5790829658508301,0.0057202650000363064,42,A01,cross-session,AdaBN
70,16,1,0.5065855979919434,0.005495347000305628,42,A01,cross-session,AdaBN
71,16,0,0.5165140628814697,0.005242318000000523,42,A01,cross-session,AdaBN
72,16,0,0.6586707830429077,0.005069640999863623,42,A01,cross-session,AdaBN
73,16,1,0.5963180065155029,0.004804800999863801,42,A01,cross-session,AdaBN
74,16,1,0.6097990274429321,0.004503610000028857,42,A01,cross-session,AdaBN
75,16,1,0.6277148723602295,0.004328090000399243,42,A01,cross-session,AdaBN
76,16,1,0.5955928564071655,0.004031853000014962,42,A01,cross-session,AdaBN
77,16,0,0.62666916847229,0.0038878440000189585,42,A01,cross-session,AdaBN
78,16,1,0.607508659362793,0.003696509999826958,42,A01,cross-session,AdaBN
79,16,1,0.6368260383605957,0.0035149519999322365,42,A01,cross-session,AdaBN
80,16,1,0.6182674169540405,0.0034896329998446163,42,A01,cross-session,AdaBN
81,16,0,0.5890159606933594,0.003257973000017955,42,A01,cross-session,AdaBN
82,16,1,0.68546062707901,0.00298249500019665,42,A01,cross-session,AdaBN
83,16,1,0.6179277896881104,0.002904763000060484,42,A01,cross-session,AdaBN
84,16,1,0.7378854155540466,0.0025956330000553862,42,A01,cross-session,AdaBN
85,16,1,0.6907919645309448,0.002542647999689507,42,A01,cross-session,AdaBN
86,16,0,0.6050055623054504,0.0024334180002369976,42,A01,cross-session,AdaBN
87,16,1,0.636284351348877,0.0025119440001617477,42,A01,cross-session,AdaBN
88,16,1,0.7114843130111694,0.002521251999951346,42,A01,cross-session,AdaBN
89,16,0,0.6877425312995911,0.002493926999704854,42,A01,cross-session,AdaBN
90,16,1,0.6927049160003662,0.0024207410001508833,42,A01,cross-session,AdaBN
91,16,1,0.7357559204101562,0.0023081889999048144,42,A01,cross-session,AdaBN
92,16,1,0.6041933298110962,0.0023197299997264054,42,A01,cross-session,AdaBN
93,16,1,0.7150794267654419,0.002189351000197348,42,A01,cross-session,AdaBN
94,16,0,0.7138758897781372,0.0022167380002429127,42,A01,cross-session,AdaBN
95,16,0,0.6680197715759277,0.0021983360002195695,42,A01,cross-session,AdaBN
96,16,1,0.6808000802993774,0.002169703000163281,42,A01,cross-session,AdaBN
97,16,0,0.6855108737945557,0.0021818559998791898,42,A01,cross-session,AdaBN
98,16,1,0.7389397621154785,0.0021486600003299827,42,A01,cross-session,AdaBN
99,16,1,0.6051916480064392,0.0021905349999542523,42,A01,cross-session,AdaBN
100,16,1,0.5499889850616455,0.0021039400003246556,42,A01,cross-session,AdaBN
101,16,0,0.5353318452835083,0.002078013000300416,42,A01,cross-session,AdaBN
102,16,1,0.5470055937767029,0.002104163000240078,42,A01,cross-session,AdaBN
103,16,0,0.5643598437309265,0.0020436039999367495,42,A01,cross-session,AdaBN
104,16,1,0.6495876312255859,0.002008890000070096,42,A01,cross-session,AdaBN
105,16,1,0.5526849627494812,0.0019668429999910586,42,A01,cross-session,AdaBN
106,16,1,0.642221987247467,0.001968148999822006,42,A01,cross-session,AdaBN
107,16,1,0.5536817908287048,0.0019422309997025877,42,A01,cross-session,AdaBN
108,16,1,0.7165369987487793,0.00198637499988763,42,A01,cross-session,AdaBN
109,16,1,0.5821477770805359,0.0018765109998639673,42,A01,cross-session,AdaBN
110,16,1,0.6749625205993652,0.0018416279999655671,42,A01,cross-session,AdaBN
111,16,1,0.5818045139312744,0.00185904699992534,42,A01,cross-session,AdaBN
112,16,1,0.6888106465339661,0.0018743159998848569,42,A01,cross-session,AdaBN
113,16,1,0.5933127999305725,0.0018735349999587925,42,A01,cross-session,AdaBN
114,16,0,0.6129286885261536,0.0018366809999861289,42,A01,cross-session,AdaBN
115,16,1,0.6792476773262024,0.0019278989998383622,42,A01,cross-session,AdaBN
116,16,0,0.6226342916488647,0.0018755309997686709,42,A01,cross-session,AdaBN
117,16,1,0.7271096706390381,0.0018641030001163017,42,A01,cross-session,AdaBN
118,16,1,0.6210933923721313,0.0019005330000254617,42,A01,cross-session,AdaBN
119,16,1,0.6635477542877197,0.001855809000062436,42,A01,cross-session,AdaBN
120,16,1,0.6261796355247498,0.0018449350000082632,42,A01,cross-session,AdaBN
121,16,0,0.6292864084243774,0.001873687000170321,42,A01,cross-session,AdaBN
122,16,0,0.6370229721069336,0.002007810000122845,42,A01,cross-session,AdaBN
123,16,1,0.6129435300827026,0.0021925999999439227,42,A01,cross-session,AdaBN
124,16,0,0.4795258045196533,0.0019435720000728907,42,A01,cross-session,AdaBN
125,16,0,0.5320548415184021,0.0019908940003006137,42,A01,cross-session,AdaBN
126,16,0,0.5028775334358215,0.0019107709999843792,42,A01,cross-session,AdaBN
127,16,0,0.6048284769058228,0.0018915959999503684,42,A01,cross-session,AdaBN
128,16,1,0.5640088319778442,0.001913722000153939,42,A01,cross-session,AdaBN
129,16,0,0.6400029063224792,0.0020024269997520605,42,A01,cross-session,AdaBN
130,16,1,0.6117838621139526,0.0019206179999855522,42,A01,cross-session,AdaBN
131,16,1,0.5584525465965271,0.0019088879998889752,42,A01,cross-session,AdaBN
132,16,0,0.7015455961227417,0.001929664999806846,42,A01,cross-session,AdaBN
133,16,1,0.5726741552352905,0.0019612800001596042,42,A01,cross-session,AdaBN
134,16,0,0.6499608159065247,0.001919012999678671,42,A01,cross-session,AdaBN
135,16,1,0.6252838373184204,0.0020027360001222405,42,A01,cross-session,AdaBN
136,16,0,0.6656047105789185,0.0021064350003143772,42,A01,cross-session,AdaBN
137,16,0,0.597611665725708,0.002114436999818281,42,A01,cross-session,AdaBN
138,16,1,0.5906314253807068,0.0019696479998856375,42,A01,cross-session,AdaBN
139,16,1,0.5906140804290771,0.0020485639997787075,42,A01,cross-session,AdaBN
140,16,1,0.6352980136871338,0.0019476470001791313,42,A01,cross-session,AdaBN
141,16,1,0.5935295820236206,0.0019930780003960535,42,A01,cross-session,AdaBN
142,16,0,0.522459864616394,0.0020037700001012126,42,A01,cross-session,AdaBN
143,16,1,0.6240153908729553,0.002040636999936396,42,A01,cross-session,AdaBN
144,16,1,0.5652477741241455,0.0019262309997429838,42,A01,cross-session,AdaBN
145,16,1,0.5397531986236572,0.001981329000045662,42,A01,cross-session,AdaBN
146,16,0,0.5973942279815674,0.0021742040003118746,42,A01,cross-session,AdaBN
147,16,0,0.5055084228515625,0.0018669500000214612,42,A01,cross-session,AdaBN
148,16,1,0.5723552703857422,0.00198929499993028,42,A01,cross-session,AdaBN
149,16,1,0.5508971214294434,0.0019718730000022333,42,A01,cross-session,AdaBN
150,16,0,0.5989418029785156,0.001993083999877854,42,A01,cross-session,AdaBN
151,16,1,0.6872008442878723,0.0019168670000908605,42,A01,cross-session,AdaBN
152,16,1,0.5824406147003174,0.0019506710000314342,42,A01,cross-session,AdaBN
153,16,1,0.4818362295627594,0.001921080000101938,42,A01,cross-session,AdaBN
154,16,0,0.5153756141662598,0.0019018990001313796,42,A01,cross-session,AdaBN
155,16,1,0.5618149042129517,0.0019087790001321991,42,A01,cross-session,AdaBN
156,16,0,0.5194985270500183,0.002052026000001206,42,A01,cross-session,AdaBN
157,16,1,0.6067005395889282,0.001963327999874309,42,A01,cross-session,AdaBN
158,16,0,0.5425690412521362,0.0019197409997104842,42,A01,cross-session,AdaBN
159,16,0,0.5187689065933228,0.0020732220000354573,42,A01,cross-session,AdaBN
160,16,1,0.5149621963500977,0.0018936239998765814,42,A01,cross-session,AdaBN
161,16,1,0.3998282551765442,0.001935223999680602,42,A01,cross-session,AdaBN
162,16,0,0.4408296048641205,0.0019193900002392184,42,A01,cross-session,AdaBN
163,16,1,0.4428728222846985,0.00196283700006461,42,A01,cross-session,AdaBN
164,16,0,0.3979220390319824,0.001894367000204511,42,A01,cross-session,AdaBN
165,16,1,0.5124779939651489,0.001898605999940628,42,A01,cross-session,AdaBN
166,16,0,0.4678754210472107,0.0019385419996069686,42,A01,cross-session,AdaBN
167,16,1,0.43352824449539185,0.001908233999984077,42,A01,cross-session,AdaBN
168,16,1,0.4740830063819885,0.0018828570000550826,42,A01,cross-session,AdaBN
169,16,1,0.4178653955459595,0.0018818029998328711,42,A01,cross-session,AdaBN
170,16,1,0.47071751952171326,0.0018906139998762228,42,A01,cross-session,AdaBN
171,16,0,0.4499051570892334,0.0018929240000034042,42,A01,cross-session,AdaBN
172,16,1,0.43001770973205566,0.0018734609998318774,42,A01,cross-session,AdaBN
173,16,1,0.39207547903060913,0.002372914999796194,42,A01,cross-session,AdaBN
174,16,0,0.43931493163108826,0.0020260169999346545,42,A01,cross-session,AdaBN
175,16,0,0.47589409351348877,0.0019743030002246087,42,A01,cross-session,AdaBN
176,16,1,0.4517356753349304,0.002052013000138686,42,A01,cross-session,AdaBN
177,16,1,0.5386068820953369,0.001931412999965687,42,A01,cross-session,AdaBN
178,16,1,0.4766334593296051,0.0019474239998089615,42,A01,cross-session,AdaBN
179,16,0,0.4718203544616699,0.0019739849999496073,42,A01,cross-session,AdaBN
180,16,1,0.5087845325469971,0.002054777000012109,42,A01,cross-session,AdaBN
181,16,1,0.4220559597015381,0.0019996609998997883,42,A01,cross-session,AdaBN
182,16,0,0.5093562602996826,0.0019561560002330225,42,A01,cross-session,AdaBN
183,16,0,0.5386102199554443,0.002026315999955841,42,A01,cross-session,AdaBN
184,16,1,0.6117438673973083,0.002000519999910466,42,A01,cross-session,AdaBN
185,16,1,0.6260715126991272,0.0020095310001124744,42,A01,cross-session,AdaBN
186,16,1,0.5624091625213623,0.0019707569999809493,42,A01,cross-session,AdaBN
187,16,1,0.6044633984565735,0.0019406319997870014,42,A01,cross-session,AdaBN
188,16,1,0.4765961766242981,0.001974069999960193,42,A01,cross-session,AdaBN
189,16,0,0.48494279384613037,0.001954803999979049,42,A01,cross-session,AdaBN
190,16,1,0.4955528676509857,0.0019483240002955426,42,A01,cross-session,AdaBN
191,16,1,0.5748622417449951,0.0019139040000482055,42,A01,cross-session,AdaBN
192,16,1,0.635059118270874,0.001909694000005402,42,A01,cross-session,AdaBN
193,16,1,0.5769133567810059,0.001959584000360337,42,A01,cross-session,AdaBN
194,16,0,0.6565160751342773,0.0019439699999566074,42,A01,cross-session,AdaBN
195,16,0,0.5855167508125305,0.0019561350000003586,42,A01,cross-session,AdaBN
196,16,1,0.5288488864898682,0.0019475260000945127,42,A01,cross-session,AdaBN
197,16,1,0.47471439838409424,0.0020325450000200362,42,A01,cross-session,AdaBN
198,16,1,0.5414153933525085,0.0020090160001018376,42,A01,cross-session,AdaBN
199,16,0,0.6017046570777893,0.002004375000069558,42,A01,cross-session,AdaBN
200,16,0,0.46226346492767334,0.0020053470002494578,42,A01,cross-session,AdaBN
201,16,1,0.459507018327713,0.0019162970002071233,42,A01,cross-session,AdaBN
202,16,1,0.5186150074005127,0.001885825999579538,42,A01,cross-session,AdaBN
203,16,0,0.4622325301170349,0.0019952070001636457,42,A01,cross-session,AdaBN
204,16,1,0.49586591124534607,0.0021321289996194537,42,A01,cross-session,AdaBN
205,16,1,0.4074227809906006,0.0019415600004322187,42,A01,cross-session,AdaBN
206,16,0,0.5532374382019043,0.0019677039999805856,42,A01,cross-session,AdaBN
207,16,1,0.4204629063606262,0.002007978000165167,42,A01,cross-session,AdaBN
208,16,1,0.4435671865940094,0.0019363159999556956,42,A01,cross-session,AdaBN
209,16,1,0.5949933528900146,0.001949738999883266,42,A01,cross-session,AdaBN
210,16,0,0.5356127023696899,0.001992181999867171,42,A01,cross-session,AdaBN
211,16,0,0.543250560760498,0.002010011000038503,42,A01,cross-session,AdaBN
212,16,1,0.5620705485343933,0.001987305000056949,42,A01,cross-session,AdaBN
213,16,1,0.5146583318710327,0.0019559300003493263,42,A01,cross-session,AdaBN
214,16,1,0.5310884714126587,0.0019244009999965783,42,A01,cross-session,AdaBN
215,16,1,0.5589818954467773,0.001923707999594626,42,A01,cross-session,AdaBN
216,16,0,0.5559422373771667,0.001928245999806677,42,A01,cross-session,AdaBN
217,16,1,0.5064128041267395,0.0019389720000617672,42,A01,cross-session,AdaBN
218,16,1,0.4895949363708496,0.0019377790004000417,42,A01,cross-session,AdaBN
219,16,1,0.48929348587989807,0.0018965350000144099,42,A01,cross-session,AdaBN
220,16,0,0.5379836559295654,0.0019793120000031195,42,A01,cross-session,AdaBN
221,16,1,0.4939584732055664,0.0019197840001652366,42,A01,cross-session,AdaBN
222,16,0,0.4440840482711792,0.0019529579999471025,42,A01,cross-session,AdaBN
223,16,1,0.5461108684539795,0.0018674680000003718,42,A01,cross-session,AdaBN
224,16,0,0.4763561487197876,0.002041663999989396,42,A01,cross-session,AdaBN
225,16,1,0.5671179890632629,0.0020052019999639015,42,A01,cross-session,AdaBN
226,16,0,0.5577355623245239,0.002010929999869404,42,A01,cross-session,AdaBN
227,16,1,0.5376990437507629,0.0020412650001162547,42,A01,cross-session,AdaBN
228,16,0,0.48545101284980774,0.0020330349998403108,42,A01,cross-session,AdaBN
229,16,1,0.409953773021698,0.0019794449999608332,42,A01,cross-session,AdaBN
230,16,0,0.4002932906150818,0.0019449460000942054,42,A01,cross-session,AdaBN
231,16,0,0.5014220476150513,0.001966435999747773,42,A01,cross-session,AdaBN
232,16,0,0.5496983528137207,0.0020033669998156256,42,A01,cross-session,AdaBN
233,16,1,0.5646428465843201,0.0019223650001549686,42,A01,cross-session,AdaBN
234,16,1,0.4928957521915436,0.0020157159997324925,42,A01,cross-session,AdaBN
235,16,0,0.6357096433639526,0.0018937290001304063,42,A01,cross-session,AdaBN
236,16,0,0.5724805593490601,0.0019612000000961416,42,A01,cross-session,AdaBN
237,16,1,0.6608816385269165,0.0020100809997529723,42,A01,cross-session,AdaBN
238,16,1,0.4721495509147644,0.0019539059999260644,42,A01,cross-session,AdaBN
239,16,1,0.5430194735527039,0.0019305069999973057,42,A01,cross-session,AdaBN
240,16,0,0.5239338874816895,0.0019327350000821752,42,A01,cross-session,AdaBN
241,16,0,0.6089074611663818,0.001980633000130183,42,A01,cross-session,AdaBN
242,16,1,0.519557535648346,0.001922811999975238,42,A01,cross-session,AdaBN
243,16,1,0.5453086495399475,0.0019351810001353442,42,A01,cross-session,AdaBN
244,16,1,0.530861496925354,0.001951407999968069,42,A01,cross-session,AdaBN
245,16,0,0.5071651339530945,0.0019885679998878913,42,A01,cross-session,AdaBN
246,16,1,0.5706831216812134,0.001938007000262587,42,A01,cross-session,AdaBN
247,16,1,0.5049213767051697,0.0019288610001240158,42,A01,cross-session,AdaBN
248,16,1,0.4727226495742798,0.0019329530000504747,42,A01,cross-session,AdaBN
249,16,1,0.4616313576698303,0.001902978000089206,42,A01,cross-session,AdaBN
250,16,1,0.40890538692474365,0.0019264769998699194,42,A01,cross-session,AdaBN
251,16,1,0.4871242046356201,0.0019037659999412426,42,A01,cross-session,AdaBN
252,16,1,0.44697096943855286,0.0018889060002038605,42,A01,cross-session,AdaBN
253,16,0,0.3094726800918579,0.0019166809997841483,42,A01,cross-session,AdaBN
254,16,1,0.4766639471054077,0.0019272469999123132,42,A01,cross-session,AdaBN
255,16,1,0.3443686366081238,0.0019793989999925543,42,A01,cross-session,AdaBN
256,16,1,0.47391632199287415,0.0018550640002104046,42,A01,cross-session,AdaBN
257,16,1,0.32686668634414673,0.0019127010000374867,42,A01,cross-session,AdaBN
258,16,1,0.30800125002861023,0.0020536239999273675,42,A01,cross-session,AdaBN
259,16,1,0.29949021339416504,0.0019097139997938939,42,A01,cross-session,AdaBN
260,16,1,0.38722512125968933,0.0019354459996065998,42,A01,cross-session,AdaBN
261,16,1,0.3885398507118225,0.001942585000051622,42,A01,cross-session,AdaBN
262,16,1,0.33567309379577637,0.0019255490001341968,42,A01,cross-session,AdaBN
263,16,0,0.460725873708725,0.001864706000105798,42,A01,cross-session,AdaBN
264,16,1,0.2899511456489563,0.001885973999833368,42,A01,cross-session,AdaBN
265,16,0,0.3879886269569397,0.0020751940000991453,42,A01,cross-session,AdaBN
266,16,1,0.3018375635147095,0.001888215999770182,42,A01,cross-session,AdaBN
267,16,0,0.33536267280578613,0.0019315389999974286,42,A01,cross-session,AdaBN
268,16,1,0.4559272825717926,0.001996876999783126,42,A01,cross-session,AdaBN
269,16,0,0.3829423189163208,0.0019505889999891224,42,A01,cross-session,AdaBN
270,16,1,0.4672991633415222,0.001910487999793986,42,A01,cross-session,AdaBN
271,16,1,0.3759981691837311,0.001967630999843095,42,A01,cross-session,AdaBN
272,16,1,0.3875391483306885,0.0020550360000015644,42,A01,cross-session,AdaBN
273,16,0,0.4463329613208771,0.001969228999769257,42,A01,cross-session,AdaBN
274,16,0,0.43268924951553345,0.001953521999894292,42,A01,cross-session,AdaBN
275,16,0,0.4313814342021942,0.0020132180002292444,42,A01,cross-session,AdaBN
276,16,1,0.4608180522918701,0.0019746519997170253,42,A01,cross-session,AdaBN
277,16,0,0.4290786683559418,0.0019888530000571336,42,A01,cross-session,AdaBN
278,16,0,0.420274019241333,0.0020244960001036816,42,A01,cross-session,AdaBN
279,16,1,0.441549152135849,0.0019552620001377363,42,A01,cross-session,AdaBN
280,16,1,0.43860238790512085,0.0019301709999126615,42,A01,cross-session,AdaBN
281,16,0,0.4715716242790222,0.002016507999996975,42,A01,cross-session,AdaBN
282,16,0,0.4255483150482178,0.002055775999906473,42,A01,cross-session,AdaBN
283,16,0,0.4302455484867096,0.0020306510000409617,42,A01,cross-session,AdaBN
284,16,1,0.5165199041366577,0.0019599820002440538,42,A01,cross-session,AdaBN
285,16,0,0.5105069875717163,0.002042265000000043,42,A01,cross-session,AdaBN
286,16,0,0.5442467331886292,0.001984743000321032,42,A01,cross-session,AdaBN
287,16,0,0.5883783102035522,0.001953827999841451,42,A01,cross-session,AdaBN
0,1,0,1.299992561340332,0.006047788999694603,42,A02,cross-session,AdaBN
1,2,0,1.1376618146896362,0.0055241610002667585,42,A02,cross-session,AdaBN
2,3,0,1.1147105693817139,0.005011650999676931,42,A02,cross-session,AdaBN
3,4,0,1.144859790802002,0.005861476000063703,42,A02,cross-session,AdaBN
4,5,1,1.195054292678833,0.0053693830000156595,42,A02,cross-session,AdaBN
5,6,1,1.087740182876587,0.0024342560000150115,42,A02,cross-session,AdaBN
6,7,0,1.19968581199646,0.002341367000099126,42,A02,cross-session,AdaBN
7,8,1,1.1353249549865723,0.0025768330001483264,42,A02,cross-session,AdaBN
8,9,1,1.2218914031982422,0.0028940359998159693,42,A02,cross-session,AdaBN
9,10,0,1.1777267456054688,0.0035566579999795067,42,A02,cross-session,AdaBN
10,11,0,1.1787395477294922,0.004173185000126978,42,A02,cross-session,AdaBN
11,12,0,1.1962368488311768,0.004985476000001654,42,A02,cross-session,AdaBN
12,13,0,1.2437869310379028,0.0063603150001654285,42,A02,cross-session,AdaBN
13,14,0,1.238533616065979,0.006908265000220126,42,A02,cross-session,AdaBN
14,15,0,1.1934113502502441,0.006612899000174366,42,A02,cross-session,AdaBN
15,16,1,1.1940791606903076,0.0063499249999949825,42,A02,cross-session,AdaBN
16,16,0,1.2535146474838257,0.00620683499982988,42,A02,cross-session,AdaBN
17,16,1,1.1325218677520752,0.005993179000142845,42,A02,cross-session,AdaBN
18,16,1,1.23457932472229,0.005673951000062516,42,A02,cross-session,AdaBN
19,16,0,1.1734545230865479,0.005813691000184917,42,A02,cross-session,AdaBN
20,16,0,1.1595313549041748,0.007267713000146614,42,A02,cross-session,AdaBN
21,16,0,1.2034114599227905,0.007443415000125242,42,A02,cross-session,AdaBN
22,16,0,1.126254677772522,0.007419506000132969,42,A02,cross-session,AdaBN
23,16,1,1.2083756923675537,0.007427815000028204,42,A02,cross-session,AdaBN
24,16,0,1.1530301570892334,0.007494289000078425,42,A02,cross-session,AdaBN
25,16,1,1.1405375003814697,0.007457643999714492,42,A02,cross-session,AdaBN
26,16,0,1.166143536567688,0.007410984000216558,42,A02,cross-session,AdaBN
27,16,0,1.1082203388214111,0.0074646640000537445,42,A02,cross-session,AdaBN
28,16,0,1.1426894664764404,0.007448134999776812,42,A02,cross-session,AdaBN
29,16,0,1.1839793920516968,0.007488199999897915,42,A02,cross-session,AdaBN
30,16,0,1.1390955448150635,0.007136045999686758,42,A02,cross-session,AdaBN
31,16,1,1.1584478616714478,0.006749287999809894,42,A02,cross-session,AdaBN
32,16,1,1.192893624305725,0.00670331699984672,42,A02,cross-session,AdaBN
33,16,0,1.1085554361343384,0.006184152000059839,42,A02,cross-session,AdaBN
34,16,1,1.1562516689300537,0.006048622999969666,42,A02,cross-session,AdaBN
35,16,1,1.0720298290252686,0.0057113580000986985,42,A02,cross-session,AdaBN
36,16,0,1.1920948028564453,0.005707319999601168,42,A02,cross-session,AdaBN
37,16,0,1.2066129446029663,0.005493909000051644,42,A02,cross-session,AdaBN
38,16,0,1.2108888626098633,0.005087516999992658,42,A02,cross-session,AdaBN
39,16,0,1.1890395879745483,0.004738091000035638,42,A02,cross-session,AdaBN
40,16,1,1.1762847900390625,0.004596045999733178,42,A02,cross-session,AdaBN
41,16,0,1.204003095626831,0.004401931999836961,42,A02,cross-session,AdaBN
42,16,1,1.1142010688781738,0.0040997320002134074,42,A02,cross-session,AdaBN
43,16,0,1.1387126445770264,0.003915483000128006,42,A02,cross-session,AdaBN
44,16,0,1.1414635181427002,0.003687999999783642,42,A02,cross-session,AdaBN
45,16,0,1.0743931531906128,0.0034395220000078552,42,A02,cross-session,AdaBN
46,16,1,1.1433360576629639,0.003075383000123111,42,A02,cross-session,AdaBN
47,16,0,1.1104626655578613,0.0032016539998949156,42,A02,cross-session,AdaBN
48,16,0,1.1486787796020508,0.0030870810001033533,42,A02,cross-session,AdaBN
49,16,0,1.1250312328338623,0.0029886080001233495,42,A02,cross-session,AdaBN
50,16,0,1.1701104640960693,0.0029326209996725083,42,A02,cross-session,AdaBN
51,16,1,1.09256911277771,0.002852841999811062,42,A02,cross-session,AdaBN
52,16,1,1.090408205986023,0.0027411510000092676,42,A02,cross-session,AdaBN
53,16,0,1.1750094890594482,0.0026554549999673327,42,A02,cross-session,AdaBN
54,16,0,1.0909380912780762,0.0025746340002115176,42,A02,cross-session,AdaBN
55,16,0,1.0391931533813477,0.00226716099996338,42,A02,cross-session,AdaBN
56,16,0,1.090074062347412,0.0023787179998180363,42,A02,cross-session,AdaBN
57,16,0,1.0856451988220215,0.0022959500001888955,42,A02,cross-session,AdaBN
58,16,1,1.1043298244476318,0.002388307999808603,42,A02,cross-session,AdaBN
59,16,1,1.0742402076721191,0.0023231919999489037,42,A02,cross-session,AdaBN
60,16,1,1.1279349327087402,0.0023457679999410175,42,A02,cross-session,AdaBN
61,16,0,1.0429927110671997,0.002231621000191808,42,A02,cross-session,AdaBN
62,16,0,1.0946333408355713,0.0022895519996382063,42,A02,cross-session,AdaBN
63,16,0,1.0947920083999634,0.0024172339999495307,42,A02,cross-session,AdaBN
64,16,0,1.1355592012405396,0.002279463999911968,42,A02,cross-session,AdaBN
65,16,1,1.0473580360412598,0.002198970999870653,42,A02,cross-session,AdaBN
66,16,1,1.1512956619262695,0.0022954679998292704,42,A02,cross-session,AdaBN
67,16,0,1.1431195735931396,0.002142427000308089,42,A02,cross-session,AdaBN
68,16,1,1.1327133178710938,0.002186384999731672,42,A02,cross-session,AdaBN
69,16,0,1.153951644897461,0.0021438630001284764,42,A02,cross-session,AdaBN
70,16,0,1.0794553756713867,0.00210973200000808,42,A02,cross-session,AdaBN
71,16,0,1.1699131727218628,0.0021513960000447696,42,A02,cross-session,AdaBN
72,16,0,1.0760595798492432,0.00193921899972338,42,A02,cross-session,AdaBN
73,16,0,1.1360292434692383,0.0020883729998786293,42,A02,cross-session,AdaBN
74,16,0,1.1516571044921875,0.0020229980000294745,42,A02,cross-session,AdaBN
75,16,0,1.1871323585510254,0.0019460560001789418,42,A02,cross-session,AdaBN
76,16,1,1.1028237342834473,0.0020391610000842775,42,A02,cross-session,AdaBN
77,16,0,1.1092274188995361,0.0019375090000721684,42,A02,cross-session,AdaBN
78,16,0,1.1632602214813232,0.0020331919999989623,42,A02,cross-session,AdaBN
79,16,0,1.1019412279129028,0.0021128500002305373,42,A02,cross-session,AdaBN
80,16,0,1.012793779373169,0.0019884599996657926,42,A02,cross-session,AdaBN
81,16,1,1.1728649139404297,0.0021986379997542826,42,A02,cross-session,AdaBN
82,16,0,1.0822443962097168,0.00189941100006763,42,A02,cross-session,AdaBN
83,16,0,1.1339541673660278,0.0018945520000670513,42,A02,cross-session,AdaBN
84,16,0,1.1424214839935303,0.0018912109999291715,42,A02,cross-session,AdaBN
85,16,1,1.0630253553390503,0.001877730000160227,42,A02,cross-session,AdaBN
86,16,0,1.0898735523223877,0.001872166000339348,42,A02,cross-session,AdaBN
87,16,1,0.9830820560455322,0.0019242339999436808,42,A02,cross-session,AdaBN
88,16,0,1.0997741222381592,0.0019016930000361754,42,A02,cross-session,AdaBN
89,16,0,1.090024471282959,0.0018808689997058536,42,A02,cross-session,AdaBN
90,16,0,1.0865120887756348,0.0019167820000802749,42,A02,cross-session,AdaBN
91,16,1,1.1567593812942505,0.0018481430001884291,42,A02,cross-session,AdaBN
92,16,0,1.0876773595809937,0.0018333569996684673,42,A02,cross-session,AdaBN
93,16,1,1.1597483158111572,0.0018224159998680989,42,A02,cross-session,AdaBN
94,16,1,1.1553897857666016,0.001903921000121045,42,A02,cross-session,AdaBN
95,16,0,1.1358932256698608,0.0019589250000535685,42,A02,cross-session,AdaBN
96,16,1,1.0960524082183838,0.0019004949999725795,42,A02,cross-session,AdaBN
97,16,1,1.0842010974884033,0.0019779670001298655,42,A02,cross-session,AdaBN
98,16,1,1.1021522283554077,0.002037497000401345,42,A02,cross-session,AdaBN
99,16,0,1.120743989944458,0.0018894310001087433,42,A02,cross-session,AdaBN
100,16,1,1.147432565689087,0.001922537000154989,42,A02,cross-session,AdaBN
101,16,0,1.0241389274597168,0.0020016739999846322,42,A02,cross-session,AdaBN
102,16,1,1.0434296131134033,0.0019297019998703036,42,A02,cross-session,AdaBN
103,16,0,1.108412504196167,0.0019183709996468679,42,A02,cross-session,AdaBN
104,16,0,1.121626853942871,0.0020239000000401575,42,A02,cross-session,AdaBN
105,16,0,1.0566890239715576,0.0021113510001669056,42,A02,cross-session,AdaBN
106,16,1,1.113201379776001,0.0020449980002013035,42,A02,cross-session,AdaBN
107,16,0,1.129558801651001,0.0025883870002871845,42,A02,cross-session,AdaBN
108,16,0,1.0895600318908691,0.0020544340000014927,42,A02,cross-session,AdaBN
109,16,0,1.0816807746887207,0.0021095389997753955,42,A02,cross-session,AdaBN
110,16,0,1.1575074195861816,0.0022006389999660314,42,A02,cross-session,AdaBN
111,16,0,1.1741735935211182,0.0022082299997236987,42,A02,cross-session,AdaBN
112,16,1,1.1540565490722656,0.0021238849999463127,42,A02,cross-session,AdaBN
113,16,0,1.1433353424072266,0.0020823219997510023,42,A02,cross-session,AdaBN
114,16,1,1.1521673202514648,0.0022483410002678283,42,A02,cross-session,AdaBN
115,16,1,1.1211414337158203,0.0020393519998833654,42,A02,cross-session,AdaBN
116,16,0,1.146484375,0.00222930899963103,42,A02,cross-session,AdaBN
117,16,0,1.1237406730651855,0.0022226010000849783,42,A02,cross-session,AdaBN
118,16,0,1.146854281425476,0.002118540000083158,42,A02,cross-session,AdaBN
119,16,0,1.0539439916610718,0.0020904869998048525,42,A02,cross-session,AdaBN
120,16,0,1.1363104581832886,0.0022175349999997707,42,A02,cross-session,AdaBN
121,16,0,1.0939066410064697,0.0020953520001967263,42,A02,cross-session,AdaBN
122,16,0,1.0622520446777344,0.0020724959999824932,42,A02,cross-session,AdaBN
123,16,1,1.1303012371063232,0.002183415000217792,42,A02,cross-session,AdaBN
124,16,0,1.0196419954299927,0.0020710149997285043,42,A02,cross-session,AdaBN
125,16,1,1.1352009773254395,0.0021406930000011926,42,A02,cross-session,AdaBN
126,16,1,1.0418057441711426,0.002118631000030291,42,A02,cross-session,AdaBN
127,16,1,1.200134515762329,0.00205591900021318,42,A02,cross-session,AdaBN
128,16,1,1.0530486106872559,0.002084174999708921,42,A02,cross-session,AdaBN
129,16,0,1.0986894369125366,0.002048862999799894,42,A02,cross-session,AdaBN
130,16,0,1.1194764375686646,0.0021995019997120835,42,A02,cross-session,AdaBN
131,16,1,1.0958056449890137,0.002102171999922575,42,A02,cross-session,AdaBN
132,16,0,1.1288559436798096,0.0021467719998327084,42,A02,cross-session,AdaBN
133,16,0,1.1013402938842773,0.002107118000367336,42,A02,cross-session,AdaBN
134,16,1,1.1493709087371826,0.0020825440001317475,42,A02,cross-session,AdaBN
135,16,0,1.0653949975967407,0.0021609219998026674,42,A02,cross-session,AdaBN
136,16,1,1.1235461235046387,0.0023309109997171618,42,A02,cross-session,AdaBN
137,16,0,1.17264723777771,0.0020943999998053187,42,A02,cross-session,AdaBN
138,16,0,1.156190276145935,0.002123578999999154,42,A02,cross-session,AdaBN
139,16,1,1.1444947719573975,0.002322962000107509,42,A02,cross-session,AdaBN
140,16,1,1.0812797546386719,0.00208590300007927,42,A02,cross-session,AdaBN
141,16,1,1.1183092594146729,0.0021245929997348867,42,A02,cross-session,AdaBN
142,16,1,1.0684068202972412,0.0022128660002636025,42,A02,cross-session,AdaBN
143,16,0,1.0988976955413818,0.0020947200000591693,42,A02,cross-session,AdaBN
144,16,0,1.1173770427703857,0.002133613999831141,42,A02,cross-session,AdaBN
145,16,0,1.1153080463409424,0.0021913569999014726,42,A02,cross-session,AdaBN
146,16,1,1.1525847911834717,0.002139253000223107,42,A02,cross-session,AdaBN
147,16,0,0.9704491496086121,0.0021433679999063315,42,A02,cross-session,AdaBN
148,16,0,1.1390820741653442,0.0026603189999150345,42,A02,cross-session,AdaBN
149,16,0,1.0943498611450195,0.0024080680000224675,42,A02,cross-session,AdaBN
150,16,0,1.0913174152374268,0.002140460000191524,42,A02,cross-session,AdaBN
151,16,1,1.118476152420044,0.002211133999935555,42,A02,cross-session,AdaBN
152,16,1,1.014163613319397,0.0022326950002025114,42,A02,cross-session,AdaBN
153,16,0,1.0853908061981201,0.00214100299990605,42,A02,cross-session,AdaBN
154,16,0,1.0059294700622559,0.0023623920001227816,42,A02,cross-session,AdaBN
155,16,0,1.1164430379867554,0.002092464000270411,42,A02,cross-session,AdaBN
156,16,0,1.1677656173706055,0.0021863209999537503,42,A02,cross-session,AdaBN
157,16,0,1.1258200407028198,0.0023458489999939047,42,A02,cross-session,AdaBN
158,16,1,1.0433282852172852,0.0020804569999199884,42,A02,cross-session,AdaBN
159,16,0,1.0401242971420288,0.0021110019997649943,42,A02,cross-session,AdaBN
160,16,0,1.0879406929016113,0.0022166939997987356,42,A02,cross-session,AdaBN
161,16,0,1.0280451774597168,0.002061131000118621,42,A02,cross-session,AdaBN
162,16,0,1.0517284870147705,0.002091935999942507,42,A02,cross-session,AdaBN
163,16,1,1.0409033298492432,0.0021423359999062086,42,A02,cross-session,AdaBN
164,16,0,1.0435829162597656,0.002143722000255366,42,A02,cross-session,AdaBN
165,16,0,1.0585298538208008,0.0021435769999698095,42,A02,cross-session,AdaBN
166,16,0,1.0081971883773804,0.0023808509999980743,42,A02,cross-session,AdaBN
167,16,0,1.0413939952850342,0.0021984069999234634,42,A02,cross-session,AdaBN
168,16,0,1.1573481559753418,0.0021212770002421166,42,A02,cross-session,AdaBN
169,16,0,1.1179726123809814,0.0021146909998606134,42,A02,cross-session,AdaBN
170,16,0,1.0645709037780762,0.0020831810002164275,42,A02,cross-session,AdaBN
171,16,1,1.0669547319412231,0.0020436050003809214,42,A02,cross-session,AdaBN
172,16,0,1.0904792547225952,0.0021054080002613773,42,A02,cross-session,AdaBN
173,16,0,1.127791404724121,0.0021010810000916536,42,A02,cross-session,AdaBN
174,16,0,1.19353187084198,0.0020740530003422464,42,A02,cross-session,AdaBN
175,16,1,1.0742430686950684,0.0020894449999104836,42,A02,cross-session,AdaBN
176,16,0,1.0815132856369019,0.002209034999850701,42,A02,cross-session,AdaBN
177,16,0,1.0058097839355469,0.002108278999912727,42,A02,cross-session,AdaBN
178,16,0,1.049027919769287,0.002127992999703565,42,A02,cross-session,AdaBN
179,16,1,0.9986873865127563,0.0022037869998712267,42,A02,cross-session,AdaBN
180,16,0,1.1160105466842651,0.0020924899999954505,42,A02,cross-session,AdaBN
181,16,1,1.1226112842559814,0.002076092999686807,42,A02,cross-session,AdaBN
182,16,1,1.1135010719299316,0.0022507940002469695,42,A02,cross-session,AdaBN
183,16,0,1.144634485244751,0.0020880910001324082,42,A02,cross-session,AdaBN
184,16,0,1.124802827835083,0.0021211029998084996,42,A02,cross-session,AdaBN
185,16,0,1.0295119285583496,0.002162425000278745,42,A02,cross-session,AdaBN
186,16,1,1.0908622741699219,0.002042274000359612,42,A02,cross-session,AdaBN
187,16,0,1.0706737041473389,0.002053499000339798,42,A02,cross-session,AdaBN
188,16,0,1.0211923122406006,0.0020947220000380185,42,A02,cross-session,AdaBN
189,16,1,0.9923352003097534,0.0021347229999264528,42,A02,cross-session,AdaBN
190,16,0,1.0765304565429688,0.0020476219997362932,42,A02,cross-session,AdaBN
191,16,0,0.9893473386764526,0.0021128160001353535,42,A02,cross-session,AdaBN
192,16,0,0.9698474407196045,0.0020815780003431428,42,A02,cross-session,AdaBN
193,16,1,1.0172983407974243,0.0020214000001033128,42,A02,cross-session,AdaBN
194,16,1,1.0070326328277588,0.0020842260000790702,42,A02,cross-session,AdaBN
195,16,0,0.9262100458145142,0.002203891000135627,42,A02,cross-session,AdaBN
196,16,0,0.9469634890556335,0.0020763360003002163,42,A02,cross-session,AdaBN
197,16,0,1.0321319103240967,0.0021043530000497412,42,A02,cross-session,AdaBN
198,16,0,0.9990861415863037,0.002065379999748984,42,A02,cross-session,AdaBN
199,16,1,0.9316439628601074,0.002042709000306786,42,A02,cross-session,AdaBN
200,16,0,0.9069252014160156,0.002135036000254331,42,A02,cross-session,AdaBN
201,16,1,0.9192335605621338,0.0021794750000481145,42,A02,cross-session,AdaBN
202,16,1,0.9596478939056396,0.0020524359997580177,42,A02,cross-session,AdaBN
203,16,1,0.9299416542053223,0.0020740279996971367,42,A02,cross-session,AdaBN
204,16,0,0.9610998034477234,0.002205173000220384,42,A02,cross-session,AdaBN
205,16,0,0.9773906469345093,0.002124797000305989,42,A02,cross-session,AdaBN
206,16,0,0.8810630440711975,0.0021096209998177073,42,A02,cross-session,AdaBN
207,16,0,0.9582898020744324,0.0021033130001342215,42,A02,cross-session,AdaBN
208,16,1,0.9127815961837769,0.0020674429997598054,42,A02,cross-session,AdaBN
209,16,0,0.9107254147529602,0.002081715000258555,42,A02,cross-session,AdaBN
210,16,0,0.8272136449813843,0.002324588000192307,42,A02,cross-session,AdaBN
211,16,0,0.8682570457458496,0.002164661000279011,42,A02,cross-session,AdaBN
212,16,1,0.9105243682861328,0.0020593409999491996,42,A02,cross-session,AdaBN
213,16,0,0.9291448593139648,0.0020757880001838203,42,A02,cross-session,AdaBN
214,16,1,1.07109534740448,0.0022047580000617018,42,A02,cross-session,AdaBN
215,16,1,1.0700185298919678,0.002080296000258386,42,A02,cross-session,AdaBN
216,16,1,0.9287896156311035,0.002083558999856905,42,A02,cross-session,AdaBN
217,16,0,1.033430576324463,0.0024797410001156095,42,A02,cross-session,AdaBN
218,16,1,0.8987386226654053,0.002226900000096066,42,A02,cross-session,AdaBN
219,16,1,1.0137016773223877,0.00209675399992193,42,A02,cross-session,AdaBN
220,16,1,1.0927199125289917,0.0021138050001354713,42,A02,cross-session,AdaBN
221,16,0,0.998711109161377,0.001996151000184909,42,A02,cross-session,AdaBN
222,16,0,0.9689295291900635,0.0020570479996422364,42,A02,cross-session,AdaBN
223,16,1,1.1066615581512451,0.002221940000254108,42,A02,cross-session,AdaBN
224,16,0,1.006209373474121,0.002042222000000038,42,A02,cross-session,AdaBN
225,16,0,1.037078619003296,0.002032376999977714,42,A02,cross-session,AdaBN
226,16,0,1.0470882654190063,0.0022189470000739675,42,A02,cross-session,AdaBN
227,16,0,1.0858962535858154,0.001982365000003483,42,A02,cross-session,AdaBN
228,16,0,1.1411073207855225,0.0020040270001118188,42,A02,cross-session,AdaBN
229,16,1,0.9064385890960693,0.0023849170001994935,42,A02,cross-session,AdaBN
230,16,1,1.0632374286651611,0.002220680999926117,42,A02,cross-session,AdaBN
231,16,0,1.0137622356414795,0.001951585999904637,42,A02,cross-session,AdaBN
232,16,1,1.0136994123458862,0.0021144739998817386,42,A02,cross-session,AdaBN
233,16,0,0.9583214521408081,0.00201594500003921,42,A02,cross-session,AdaBN
234,16,0,0.8393030166625977,0.0019860490001519793,42,A02,cross-session,AdaBN
235,16,1,1.0915522575378418,0.0020231490002515784,42,A02,cross-session,AdaBN
236,16,0,1.0653343200683594,0.0021255470001051435,42,A02,cross-session,AdaBN
237,16,0,1.0102503299713135,0.0020074109997949563,42,A02,cross-session,AdaBN
238,16,1,1.1488513946533203,0.0019985829999313864,42,A02,cross-session,AdaBN
239,16,0,1.1424458026885986,0.002131937999820366,42,A02,cross-session,AdaBN
240,16,0,1.0856609344482422,0.002037033999840787,42,A02,cross-session,AdaBN
241,16,1,0.9440822601318359,0.002053146999969613,42,A02,cross-session,AdaBN
242,16,0,1.0970876216888428,0.0021253709996926773,42,A02,cross-session,AdaBN
243,16,0,0.9573962688446045,0.002016425999954663,42,A02,cross-session,AdaBN
244,16,0,0.9553630948066711,0.0020122659998378367,42,A02,cross-session,AdaBN
245,16,0,1.0155813694000244,0.002069381000183057,42,A02,cross-session,AdaBN
246,16,1,0.9757809042930603,0.002147910000076081,42,A02,cross-session,AdaBN
247,16,0,0.9639554023742676,0.001957421999577491,42,A02,cross-session,AdaBN
248,16,0,0.97648686170578,0.0020487679998950625,42,A02,cross-session,AdaBN
249,16,1,1.0335005521774292,0.0022084729998823605,42,A02,cross-session,AdaBN
250,16,0,0.9113773107528687,0.002045397000074445,42,A02,cross-session,AdaBN
251,16,1,0.9150615930557251,0.002002790999995341,42,A02,cross-session,AdaBN
252,16,0,0.8514847755432129,0.00218457099981606,42,A02,cross-session,AdaBN
253,16,1,1.0055748224258423,0.0020954560000063793,42,A02,cross-session,AdaBN
254,16,0,0.9638938903808594,0.002080854000269028,42,A02,cross-session,AdaBN
255,16,0,0.9736711978912354,0.0020786310001312813,42,A02,cross-session,AdaBN
256,16,1,0.9585286974906921,0.0020250909997230337,42,A02,cross-session,AdaBN
257,16,1,0.9169794321060181,0.002020245000039722,42,A02,cross-session,AdaBN
258,16,0,0.8825421929359436,0.0020087420002710132,42,A02,cross-session,AdaBN
259,16,0,0.9527401924133301,0.002014621999933297,42,A02,cross-session,AdaBN
260,16,0,0.8822770118713379,0.0020136660000389384,42,A02,cross-session,AdaBN
261,16,0,0.9756377339363098,0.0020277539997550775,42,A02,cross-session,AdaBN
262,16,0,0.852513313293457,0.0020441719998416374,42,A02,cross-session,AdaBN
263,16,0,0.9958813190460205,0.0022077029998399667,42,A02,cross-session,AdaBN
264,16,0,1.0044773817062378,0.0020323839999036863,42,A02,cross-session,AdaBN
265,16,0,1.0833680629730225,0.002025443000093219,42,A02,cross-session,AdaBN
266,16,0,0.8836960792541504,0.002067856999929063,42,A02,cross-session,AdaBN
267,16,0,0.9047662019729614,0.0020194490002722887,42,A02,cross-session,AdaBN
268,16,0,0.8458709716796875,0.002036555999893608,42,A02,cross-session,AdaBN
269,16,1,0.9204365015029907,0.002031600000009348,42,A02,cross-session,AdaBN
270,16,0,1.0056426525115967,0.0020337390001259337,42,A02,cross-session,AdaBN
271,16,1,1.0316616296768188,0.002066307999939454,42,A02,cross-session,AdaBN
272,16,0,0.8700152039527893,0.0020318340002631885,42,A02,cross-session,AdaBN
273,16,1,0.9722772240638733,0.0020191449998492317,42,A02,cross-session,AdaBN
274,16,0,0.9272788166999817,0.0020389209998938895,42,A02,cross-session,AdaBN
275,16,0,0.9876994490623474,0.002015122000102565,42,A02,cross-session,AdaBN
276,16,0,0.9929379224777222,0.002005410000037955,42,A02,cross-session,AdaBN
277,16,0,1.0592232942581177,0.0020594229999915115,42,A02,cross-session,AdaBN
278,16,0,1.0372943878173828,0.002269694000005984,42,A02,cross-session,AdaBN
279,16,0,1.0779333114624023,0.0022326010002871044,42,A02,cross-session,AdaBN
280,16,0,1.0384716987609863,0.0020603350003511878,42,A02,cross-session,AdaBN
281,16,0,0.9723271131515503,0.0021246239998617966,42,A02,cross-session,AdaBN
282,16,1,1.0639710426330566,0.0020182489997750963,42,A02,cross-session,AdaBN
283,16,1,1.0706061124801636,0.002068796999992628,42,A02,cross-session,AdaBN
284,16,0,1.0498816967010498,0.0020691019999503624,42,A02,cross-session,AdaBN
285,16,0,1.1061632633209229,0.002095733000260225,42,A02,cross-session,AdaBN
286,16,1,1.1041679382324219,0.002047130000391917,42,A02,cross-session,AdaBN
287,16,1,0.9990018606185913,0.0020701290000033623,42,A02,cross-session,AdaBN
0,1,1,0.7835875153541565,0.005776207000053546,42,A03,cross-session,AdaBN
1,2,1,0.6127474308013916,0.005324331000338134,42,A03,cross-session,AdaBN
2,3,0,0.7396356463432312,0.004870406999998522,42,A03,cross-session,AdaBN
3,4,1,0.8319228291511536,0.004811420000351063,42,A03,cross-session,AdaBN
4,5,0,0.8508073091506958,0.0034112739999727637,42,A03,cross-session,AdaBN
5,6,1,0.8209061622619629,0.0022198659999048687,42,A03,cross-session,AdaBN
6,7,1,0.8376035094261169,0.002488682000148401,42,A03,cross-session,AdaBN
7,8,0,0.9235984086990356,0.002829575999840017,42,A03,cross-session,AdaBN
8,9,1,0.8984102606773376,0.002262151000195445,42,A03,cross-session,AdaBN
9,10,0,0.8798351287841797,0.002211119000094186,42,A03,cross-session,AdaBN
10,11,0,0.830521285533905,0.002101061999837839,42,A03,cross-session,AdaBN
11,12,0,0.8061398267745972,0.0023443109998879663,42,A03,cross-session,AdaBN
12,13,1,0.6489004492759705,0.0023376359999929264,42,A03,cross-session,AdaBN
13,14,0,0.7823575139045715,0.0026254429999426065,42,A03,cross-session,AdaBN
14,15,1,0.6883952021598816,0.0026776360000440036,42,A03,cross-session,AdaBN
15,16,1,0.7635977268218994,0.003032798999811348,42,A03,cross-session,AdaBN
16,16,1,0.6663058996200562,0.0035069359996668936,42,A03,cross-session,AdaBN
17,16,1,0.6975982785224915,0.004322407000017847,42,A03,cross-session,AdaBN
18,16,0,0.6541098356246948,0.005074773000160349,42,A03,cross-session,AdaBN
19,16,1,0.7116449475288391,0.006116447000295011,42,A03,cross-session,AdaBN
20,16,0,0.7011573314666748,0.006396677999873646,42,A03,cross-session,AdaBN
21,16,1,0.5707188248634338,0.005986553999719035,42,A03,cross-session,AdaBN
22,16,1,0.7467607259750366,0.005857224999999744,42,A03,cross-session,AdaBN
23,16,1,0.6909680366516113,0.005664917999638419,42,A03,cross-session,AdaBN
24,16,0,0.6900011301040649,0.005492929999945773,42,A03,cross-session,AdaBN
25,16,1,0.6692882776260376,0.005261124000298878,42,A03,cross-session,AdaBN
26,16,1,0.572767972946167,0.004966110000168555,42,A03,cross-session,AdaBN
27,16,0,0.6205387115478516,0.005043727999691328,42,A03,cross-session,AdaBN
28,16,0,0.7153680324554443,0.0044030220001332054,42,A03,cross-session,AdaBN
29,16,0,0.7029072046279907,0.0045593219997499546,42,A03,cross-session,AdaBN
30,16,1,0.7232331037521362,0.0043504390000634885,42,A03,cross-session,AdaBN
31,16,1,0.7377476096153259,0.004059994999806804,42,A03,cross-session,AdaBN
32,16,1,0.7684510946273804,0.003850417999728961,42,A03,cross-session,AdaBN
33,16,1,0.7717912793159485,0.003696586999922147,42,A03,cross-session,AdaBN
34,16,1,0.7069940567016602,0.0036606980002034106,42,A03,cross-session,AdaBN
35,16,1,0.7528034448623657,0.0035071920001428225,42,A03,cross-session,AdaBN
36,16,1,0.7523002624511719,0.0034794600001077924,42,A03,cross-session,AdaBN
37,16,1,0.7583861351013184,0.003367945000263717,42,A03,cross-session,AdaBN
38,16,1,0.7023903131484985,0.003330154000195762,42,A03,cross-session,AdaBN
39,16,0,0.7357399463653564,0.003268347999892285,42,A03,cross-session,AdaBN
40,16,0,0.7265557646751404,0.003282066999872768,42,A03,cross-session,AdaBN
41,16,1,0.7399665117263794,0.0030926700001145946,42,A03,cross-session,AdaBN
42,16,0,0.6513046026229858,0.0030306200001177785,42,A03,cross-session,AdaBN
43,16,0,0.8040502071380615,0.002925128999777371,42,A03,cross-session,AdaBN
44,16,1,0.6855477094650269,0.002956174000246392,42,A03,cross-session,AdaBN
45,16,1,0.6076236367225647,0.0028104220000386704,42,A03,cross-session,AdaBN
46,16,1,0.7094085216522217,0.0027241200000389654,42,A03,cross-session,AdaBN
47,16,1,0.7010448575019836,0.002733385000283306,42,A03,cross-session,AdaBN
48,16,0,0.7630741596221924,0.0026049960001728323,42,A03,cross-session,AdaBN
49,16,0,0.7060837149620056,0.0027967430000899185,42,A03,cross-session,AdaBN
50,16,1,0.6167727112770081,0.003675612000279216,42,A03,cross-session,AdaBN
51,16,1,0.64788818359375,0.004589271999975608,42,A03,cross-session,AdaBN
52,16,1,0.7749760150909424,0.005750189000082173,42,A03,cross-session,AdaBN
53,16,1,0.6573413610458374,0.00778054800002792,42,A03,cross-session,AdaBN
54,16,0,0.5877977013587952,0.0076208319997022045,42,A03,cross-session,AdaBN
55,16,1,0.6667639017105103,0.007526945999870804,42,A03,cross-session,AdaBN
56,16,1,0.6447815895080566,0.007512062999921909,42,A03,cross-session,AdaBN
57,16,0,0.5496091246604919,0.008276125000065804,42,A03,cross-session,AdaBN
58,16,0,0.5680015087127686,0.00804708399982701,42,A03,cross-session,AdaBN
59,16,0,0.5498577952384949,0.00799912700040295,42,A03,cross-session,AdaBN
60,16,1,0.7003337144851685,0.008019865000278514,42,A03,cross-session,AdaBN
61,16,1,0.6869038939476013,0.008233459999701154,42,A03,cross-session,AdaBN
62,16,1,0.5976223945617676,0.007553376000032586,42,A03,cross-session,AdaBN
63,16,1,0.7002819776535034,0.007581918000141741,42,A03,cross-session,AdaBN
64,16,1,0.6652371287345886,0.007566746000065905,42,A03,cross-session,AdaBN
65,16,1,0.7179362773895264,0.00785323599984622,42,A03,cross-session,AdaBN
66,16,1,0.7099701762199402,0.0074808569997912855,42,A03,cross-session,AdaBN
67,16,1,0.7125545144081116,0.00756673400019281,42,A03,cross-session,AdaBN
68,16,1,0.558384895324707,0.007519513000261213,42,A03,cross-session,AdaBN
69,16,0,0.6315979957580566,0.007540667999819561,42,A03,cross-session,AdaBN
70,16,1,0.7136485576629639,0.00749341699975048,42,A03,cross-session,AdaBN
71,16,0,0.7749641537666321,0.0074287429997639265,42,A03,cross-session,AdaBN
72,16,1,0.7871107459068298,0.007281063999926118,42,A03,cross-session,AdaBN
73,16,1,0.6788365840911865,0.009631729999910021,42,A03,cross-session,AdaBN
74,16,1,0.7113550901412964,0.008178625999789801,42,A03,cross-session,AdaBN
75,16,1,0.7040214538574219,0.007352025000272988,42,A03,cross-session,AdaBN
76,16,1,0.7001453638076782,0.007549518999894644,42,A03,cross-session,AdaBN
77,16,1,0.6290079355239868,0.007446660999903543,42,A03,cross-session,AdaBN
78,16,1,0.6006596684455872,0.007344730000113486,42,A03,cross-session,AdaBN
79,16,1,0.700340211391449,0.0073681759999999485,42,A03,cross-session,AdaBN
80,16,1,0.6516690850257874,0.007832219000192708,42,A03,cross-session,AdaBN
81,16,0,0.6435472965240479,0.008356866000212904,42,A03,cross-session,AdaBN
82,16,0,0.6809450387954712,0.007536639000136347,42,A03,cross-session,AdaBN
83,16,0,0.6017047166824341,0.007596507000016572,42,A03,cross-session,AdaBN
84,16,1,0.5997393131256104,0.007580588000109856,42,A03,cross-session,AdaBN
85,16,0,0.6623182892799377,0.0075495619998946495,42,A03,cross-session,AdaBN
86,16,1,0.5844769477844238,0.007552308999947854,42,A03,cross-session,AdaBN
87,16,1,0.522738516330719,0.007567096999991918,42,A03,cross-session,AdaBN
88,16,1,0.5156205892562866,0.007477671999822633,42,A03,cross-session,AdaBN
89,16,0,0.6794015765190125,0.0074039080000147806,42,A03,cross-session,AdaBN
90,16,1,0.573523223400116,0.0075803029999406135,42,A03,cross-session,AdaBN
91,16,0,0.5351272821426392,0.006944683000256191,42,A03,cross-session,AdaBN
92,16,1,0.732958197593689,0.006654958999661176,42,A03,cross-session,AdaBN
93,16,1,0.7526503801345825,0.006495327000266116,42,A03,cross-session,AdaBN
94,16,0,0.7303394675254822,0.006222550000074989,42,A03,cross-session,AdaBN
95,16,1,0.6417166590690613,0.005751506999786216,42,A03,cross-session,AdaBN
96,16,1,0.66229248046875,0.005425868999736849,42,A03,cross-session,AdaBN
97,16,1,0.7341040372848511,0.005048111000178324,42,A03,cross-session,AdaBN
98,16,0,0.5810499787330627,0.004498546999911923,42,A03,cross-session,AdaBN
99,16,1,0.6468077898025513,0.005679842000063218,42,A03,cross-session,AdaBN
100,16,1,0.5966111421585083,0.007343246000345971,42,A03,cross-session,AdaBN
101,16,0,0.6396125555038452,0.007364586000221607,42,A03,cross-session,AdaBN
102,16,1,0.6002126932144165,0.007445493999966857,42,A03,cross-session,AdaBN
103,16,0,0.5859113931655884,0.007393899999897258,42,A03,cross-session,AdaBN
104,16,1,0.7264291048049927,0.007362799000020459,42,A03,cross-session,AdaBN
105,16,1,0.6417592763900757,0.007422290999784309,42,A03,cross-session,AdaBN
106,16,0,0.6229597926139832,0.007320692000121198,42,A03,cross-session,AdaBN
107,16,0,0.5775359272956848,0.007368145999862463,42,A03,cross-session,AdaBN
108,16,0,0.5578617453575134,0.007340380000186997,42,A03,cross-session,AdaBN
109,16,1,0.6221046447753906,0.007206174000202736,42,A03,cross-session,AdaBN
110,16,0,0.5499235391616821,0.006599265999739146,42,A03,cross-session,AdaBN
111,16,1,0.5484380722045898,0.0060513820003507135,42,A03,cross-session,AdaBN
112,16,1,0.5174381136894226,0.0057199110001420195,42,A03,cross-session,AdaBN
113,16,1,0.5447512865066528,0.005641190000005736,42,A03,cross-session,AdaBN
114,16,1,0.5686928033828735,0.005498580000221409,42,A03,cross-session,AdaBN
115,16,0,0.5796332955360413,0.007626292999702855,42,A03,cross-session,AdaBN
116,16,1,0.597283124923706,0.007695951000187051,42,A03,cross-session,AdaBN
117,16,1,0.5637015104293823,0.007913349000318703,42,A03,cross-session,AdaBN
118,16,1,0.6073365211486816,0.007386140000107844,42,A03,cross-session,AdaBN
119,16,1,0.5501983165740967,0.007444298999871535,42,A03,cross-session,AdaBN
120,16,1,0.5706284046173096,0.007424345999879733,42,A03,cross-session,AdaBN
121,16,1,0.6610172986984253,0.00739923799983444,42,A03,cross-session,AdaBN
122,16,0,0.5231700539588928,0.007414824000079534,42,A03,cross-session,AdaBN
123,16,1,0.5927398800849915,0.007440388999839342,42,A03,cross-session,AdaBN
124,16,1,0.5547043085098267,0.007429188000060094,42,A03,cross-session,AdaBN
125,16,0,0.5786186456680298,0.007394503000341501,42,A03,cross-session,AdaBN
126,16,0,0.634406328201294,0.0074357170001349004,42,A03,cross-session,AdaBN
127,16,1,0.5651772022247314,0.007399898000130634,42,A03,cross-session,AdaBN
128,16,0,0.6570724248886108,0.00741521100007958,42,A03,cross-session,AdaBN
129,16,0,0.6847692131996155,0.007276277999608283,42,A03,cross-session,AdaBN
130,16,1,0.6955493092536926,0.006863068000257044,42,A03,cross-session,AdaBN
131,16,1,0.6753247380256653,0.006532887000048504,42,A03,cross-session,AdaBN
132,16,1,0.5540235638618469,0.006294394000178727,42,A03,cross-session,AdaBN
133,16,1,0.586254894733429,0.006077195000216307,42,A03,cross-session,AdaBN
134,16,1,0.6615934371948242,0.00564625100014382,42,A03,cross-session,AdaBN
135,16,1,0.5639933943748474,0.005396309999923687,42,A03,cross-session,AdaBN
136,16,1,0.643822193145752,0.0051249499997538805,42,A03,cross-session,AdaBN
137,16,0,0.721268355846405,0.004890599000191287,42,A03,cross-session,AdaBN
138,16,1,0.7335801124572754,0.004462239000076806,42,A03,cross-session,AdaBN
139,16,1,0.6502900123596191,0.00413557399997444,42,A03,cross-session,AdaBN
140,16,1,0.6306325197219849,0.0035736580002776464,42,A03,cross-session,AdaBN
141,16,0,0.6578245759010315,0.0032890219999899273,42,A03,cross-session,AdaBN
142,16,1,0.6269044280052185,0.002873716000067361,42,A03,cross-session,AdaBN
143,16,1,0.6066185832023621,0.002858698000181903,42,A03,cross-session,AdaBN
144,16,0,0.5753517150878906,0.0028412440001375217,42,A03,cross-session,AdaBN
145,16,0,0.6991135478019714,0.002763475999927323,42,A03,cross-session,AdaBN
146,16,1,0.6131699085235596,0.002566241999829799,42,A03,cross-session,AdaBN
147,16,0,0.5443345308303833,0.0024515209997844067,42,A03,cross-session,AdaBN
148,16,0,0.4984331727027893,0.002246904000003269,42,A03,cross-session,AdaBN
149,16,1,0.6044735312461853,0.002304868000010174,42,A03,cross-session,AdaBN
150,16,1,0.6587992906570435,0.002204317999712657,42,A03,cross-session,AdaBN
151,16,1,0.5275863409042358,0.00225398500015217,42,A03,cross-session,AdaBN
152,16,0,0.6824154853820801,0.002168467000046803,42,A03,cross-session,AdaBN
153,16,1,0.5345606207847595,0.002062250000108179,42,A03,cross-session,AdaBN
154,16,1,0.44181951880455017,0.002030306000051496,42,A03,cross-session,AdaBN
155,16,1,0.4513494372367859,0.00208407799982524,42,A03,cross-session,AdaBN
156,16,1,0.506912112236023,0.002111824000166962,42,A03,cross-session,AdaBN
157,16,1,0.606658399105072,0.002151457000309165,42,A03,cross-session,AdaBN
158,16,0,0.530377984046936,0.002052893999916705,42,A03,cross-session,AdaBN
159,16,1,0.6177197694778442,0.002007740999943053,42,A03,cross-session,AdaBN
160,16,1,0.6327379941940308,0.0019985200001428893,42,A03,cross-session,AdaBN
161,16,1,0.5270572304725647,0.0018879799999922398,42,A03,cross-session,AdaBN
162,16,1,0.6933851838111877,0.0019937629999731143,42,A03,cross-session,AdaBN
163,16,1,0.6347928643226624,0.0019993599998997524,42,A03,cross-session,AdaBN
164,16,0,0.5119450092315674,0.0019979769999736163,42,A03,cross-session,AdaBN
165,16,1,0.5632155537605286,0.0019796790002146736,42,A03,cross-session,AdaBN
166,16,1,0.6705633401870728,0.0019826519996968273,42,A03,cross-session,AdaBN
167,16,1,0.5903786420822144,0.001988909999909083,42,A03,cross-session,AdaBN
168,16,1,0.6123228073120117,0.0019520949999787263,42,A03,cross-session,AdaBN
169,16,1,0.6131133437156677,0.001906843000142544,42,A03,cross-session,AdaBN
170,16,1,0.6520229578018188,0.0018906830000560149,42,A03,cross-session,AdaBN
171,16,0,0.6498323678970337,0.00184254299983877,42,A03,cross-session,AdaBN
172,16,1,0.682807981967926,0.001851884999723552,42,A03,cross-session,AdaBN
173,16,1,0.6991549134254456,0.001895555999908538,42,A03,cross-session,AdaBN
174,16,1,0.7136497497558594,0.002017489999616373,42,A03,cross-session,AdaBN
175,16,1,0.5669882297515869,0.0019344180000189226,42,A03,cross-session,AdaBN
176,16,1,0.6720316410064697,0.0019507029996930214,42,A03,cross-session,AdaBN
177,16,1,0.6255875825881958,0.0019048190001740295,42,A03,cross-session,AdaBN
178,16,1,0.6754066348075867,0.0019075730001532065,42,A03,cross-session,AdaBN
179,16,0,0.6661797761917114,0.0019220960002712673,42,A03,cross-session,AdaBN
180,16,0,0.6229893565177917,0.0019463539997559565,42,A03,cross-session,AdaBN
181,16,0,0.571182131767273,0.002075452000099176,42,A03,cross-session,AdaBN
182,16,0,0.5533455610275269,0.0019569410001167853,42,A03,cross-session,AdaBN
183,16,1,0.6474713683128357,0.0020280600001569837,42,A03,cross-session,AdaBN
184,16,1,0.7974416613578796,0.0020657709997067286,42,A03,cross-session,AdaBN
185,16,1,0.5314356088638306,0.0020844259997829795,42,A03,cross-session,AdaBN
186,16,0,0.6309716701507568,0.0020422610000423447,42,A03,cross-session,AdaBN
187,16,1,0.7623804807662964,0.0022039079999558453,42,A03,cross-session,AdaBN
188,16,0,0.6167975664138794,0.0023530419998678553,42,A03,cross-session,AdaBN
189,16,0,0.6424983739852905,0.00248914900021191,42,A03,cross-session,AdaBN
190,16,1,0.6517642736434937,0.002750267999999778,42,A03,cross-session,AdaBN
191,16,1,0.7541835904121399,0.003167810000377358,42,A03,cross-session,AdaBN
192,16,0,0.6343100070953369,0.0037501950000660145,42,A03,cross-session,AdaBN
193,16,1,0.6229612827301025,0.004484717999730492,42,A03,cross-session,AdaBN
194,16,1,0.5685588717460632,0.00607938999974067,42,A03,cross-session,AdaBN
195,16,0,0.6723936200141907,0.006210680999629403,42,A03,cross-session,AdaBN
196,16,0,0.6627181768417358,0.0058341889998700935,42,A03,cross-session,AdaBN
197,16,1,0.7178318500518799,0.005805019999570504,42,A03,cross-session,AdaBN
198,16,0,0.6860295534133911,0.00548566799989203,42,A03,cross-session,AdaBN
199,16,1,0.5797640085220337,0.005464688999836653,42,A03,cross-session,AdaBN
200,16,0,0.5875109434127808,0.0052881410001646145,42,A03,cross-session,AdaBN
201,16,1,0.6036289930343628,0.005152168999757123,42,A03,cross-session,AdaBN
202,16,1,0.523842990398407,0.004948260000219307,42,A03,cross-session,AdaBN
203,16,1,0.6057664155960083,0.004672612999911507,42,A03,cross-session,AdaBN
204,16,1,0.4468875825405121,0.004493774999900779,42,A03,cross-session,AdaBN
205,16,1,0.5572657585144043,0.004320845000165718,42,A03,cross-session,AdaBN
206,16,0,0.5735746622085571,0.004197436000140442,42,A03,cross-session,AdaBN
207,16,1,0.575313925743103,0.004163504000189278,42,A03,cross-session,AdaBN
208,16,0,0.5486664772033691,0.004070405999755167,42,A03,cross-session,AdaBN
209,16,0,0.5769119262695312,0.0038645929998892825,42,A03,cross-session,AdaBN
210,16,1,0.4861072897911072,0.0036238600000615406,42,A03,cross-session,AdaBN
211,16,0,0.6074825525283813,0.0034930649999296293,42,A03,cross-session,AdaBN
212,16,1,0.4818592369556427,0.0032780750002530112,42,A03,cross-session,AdaBN
213,16,1,0.5763134956359863,0.003223167999749421,42,A03,cross-session,AdaBN
214,16,1,0.5952084064483643,0.003096103000189032,42,A03,cross-session,AdaBN
215,16,0,0.5797306299209595,0.003347594999922876,42,A03,cross-session,AdaBN
216,16,1,0.5665790438652039,0.0036863149998680456,42,A03,cross-session,AdaBN
217,16,1,0.5877548456192017,0.004792249999809428,42,A03,cross-session,AdaBN
218,16,1,0.5497950315475464,0.0060199669997018646,42,A03,cross-session,AdaBN
219,16,0,0.5742297172546387,0.0072212280001622275,42,A03,cross-session,AdaBN
220,16,1,0.663076639175415,0.0075635769999280456,42,A03,cross-session,AdaBN
221,16,1,0.6030915379524231,0.00775270600024669,42,A03,cross-session,AdaBN
222,16,1,0.6188620924949646,0.00742324600014399,42,A03,cross-session,AdaBN
223,16,1,0.5765297412872314,0.007422167999720841,42,A03,cross-session,AdaBN
224,16,1,0.48607805371284485,0.00740580299998328,42,A03,cross-session,AdaBN
225,16,0,0.480505108833313,0.0073688989996298915,42,A03,cross-session,AdaBN
226,16,1,0.5929957628250122,0.007383979000223917,42,A03,cross-session,AdaBN
227,16,1,0.5198941230773926,0.007326199999624805,42,A03,cross-session,AdaBN
228,16,1,0.6198546886444092,0.006742086000031122,42,A03,cross-session,AdaBN
229,16,0,0.5378813743591309,0.006289051999829098,42,A03,cross-session,AdaBN
230,16,1,0.5394841432571411,0.005930738000188285,42,A03,cross-session,AdaBN
231,16,1,0.6180664300918579,0.005592722000073991,42,A03,cross-session,AdaBN
232,16,0,0.5531988143920898,0.005427980000149546,42,A03,cross-session,AdaBN
233,16,1,0.6626403331756592,0.006748146000063571,42,A03,cross-session,AdaBN
234,16,1,0.6704579591751099,0.007382505999885325,42,A03,cross-session,AdaBN
235,16,1,0.6149218082427979,0.0074385600000823615,42,A03,cross-session,AdaBN
236,16,1,0.6509499549865723,0.007914784999684343,42,A03,cross-session,AdaBN
237,16,1,0.6347517371177673,0.007577238999601832,42,A03,cross-session,AdaBN
238,16,1,0.4771921634674072,0.007621334000305069,42,A03,cross-session,AdaBN
239,16,0,0.6200059652328491,0.007509152000238828,42,A03,cross-session,AdaBN
240,16,0,0.6500001549720764,0.00786777700022867,42,A03,cross-session,AdaBN
241,16,1,0.5678660869598389,0.007357591000072716,42,A03,cross-session,AdaBN
242,16,1,0.6026164293289185,0.007376304999979766,42,A03,cross-session,AdaBN
243,16,0,0.5335248112678528,0.006597799000246596,42,A03,cross-session,AdaBN
244,16,1,0.6050900220870972,0.007800711000072624,42,A03,cross-session,AdaBN
245,16,1,0.49372053146362305,0.007977504999871599,42,A03,cross-session,AdaBN
246,16,1,0.5105791091918945,0.008131221999974514,42,A03,cross-session,AdaBN
247,16,1,0.589596152305603,0.0081309299998793,42,A03,cross-session,AdaBN
248,16,0,0.46711254119873047,0.00801406299979135,42,A03,cross-session,AdaBN
249,16,1,0.48747578263282776,0.007960253999954148,42,A03,cross-session,AdaBN
250,16,1,0.45843690633773804,0.007614484000441735,42,A03,cross-session,AdaBN
251,16,1,0.462896466255188,0.00759397700039699,42,A03,cross-session,AdaBN
252,16,1,0.40052205324172974,0.007558027999948536,42,A03,cross-session,AdaBN
253,16,1,0.49829745292663574,0.008219428000302287,42,A03,cross-session,AdaBN
254,16,1,0.35330677032470703,0.008074953999766876,42,A03,cross-session,AdaBN
255,16,1,0.4549071788787842,0.00805217500010258,42,A03,cross-session,AdaBN
256,16,1,0.3386828601360321,0.008040704999984882,42,A03,cross-session,AdaBN
257,16,1,0.3865439295768738,0.008050330000060058,42,A03,cross-session,AdaBN
258,16,1,0.41588667035102844,0.007769813999857433,42,A03,cross-session,AdaBN
259,16,1,0.38496866822242737,0.008455383999717014,42,A03,cross-session,AdaBN
260,16,0,0.4849362373352051,0.007609400000092137,42,A03,cross-session,AdaBN
261,16,1,0.36654460430145264,0.007392151999738417,42,A03,cross-session,AdaBN
262,16,1,0.28753745555877686,0.007373882999672787,42,A03,cross-session,AdaBN
263,16,0,0.32347598671913147,0.007412159000068641,42,A03,cross-session,AdaBN
264,16,1,0.3009573817253113,0.008447781000086252,42,A03,cross-session,AdaBN
265,16,1,0.36526045203208923,0.007745396999780496,42,A03,cross-session,AdaBN
266,16,1,0.30261504650115967,0.007680538999920827,42,A03,cross-session,AdaBN
267,16,0,0.3533766269683838,0.00757900000007794,42,A03,cross-session,AdaBN
268,16,1,0.3514293432235718,0.0075274390001141,42,A03,cross-session,AdaBN
269,16,1,0.5594255924224854,0.007845688999623235,42,A03,cross-session,AdaBN
270,16,1,0.47698086500167847,0.007978276999892842,42,A03,cross-session,AdaBN
271,16,1,0.5387495160102844,0.008044214000165084,42,A03,cross-session,AdaBN
272,16,1,0.4738222658634186,0.008031466999909753,42,A03,cross-session,AdaBN
273,16,1,0.5930110216140747,0.007729921000191098,42,A03,cross-session,AdaBN
274,16,1,0.5191479325294495,0.007814955999947415,42,A03,cross-session,AdaBN
275,16,1,0.5500141382217407,0.008037559000058536,42,A03,cross-session,AdaBN
276,16,1,0.6431816220283508,0.00847911600021689,42,A03,cross-session,AdaBN
277,16,0,0.5404880046844482,0.007400413999675948,42,A03,cross-session,AdaBN
278,16,0,0.5358225107192993,0.007366022000041994,42,A03,cross-session,AdaBN
279,16,1,0.5622947216033936,0.007393761999992421,42,A03,cross-session,AdaBN
280,16,1,0.4459923505783081,0.008284642000035092,42,A03,cross-session,AdaBN
281,16,0,0.6246219873428345,0.007676622999952087,42,A03,cross-session,AdaBN
282,16,0,0.5933980941772461,0.007526359000166849,42,A03,cross-session,AdaBN
283,16,0,0.5969092845916748,0.007490404000236595,42,A03,cross-session,AdaBN
284,16,0,0.6862417459487915,0.007432205999975849,42,A03,cross-session,AdaBN
285,16,0,0.5850286483764648,0.007313066000278923,42,A03,cross-session,AdaBN
286,16,1,0.74574875831604,0.006659869000031904,42,A03,cross-session,AdaBN
287,16,0,0.7142871618270874,0.005480290000377863,42,A03,cross-session,AdaBN
0,1,1,1.1210248470306396,0.004119027000342612,42,A04,cross-session,AdaBN
1,2,0,1.0745668411254883,0.005534496000109357,42,A04,cross-session,AdaBN
2,3,1,0.9227985143661499,0.005204351999964274,42,A04,cross-session,AdaBN
3,4,0,1.1140201091766357,0.0049101839999821095,42,A04,cross-session,AdaBN
4,5,0,0.9486479163169861,0.004993789999844012,42,A04,cross-session,AdaBN
5,6,0,1.0528621673583984,0.004224046999752318,42,A04,cross-session,AdaBN
6,7,0,1.025037407875061,0.008358908999980486,42,A04,cross-session,AdaBN
7,8,0,0.9027547836303711,0.01434846500023923,42,A04,cross-session,AdaBN
8,9,0,1.1385780572891235,0.009976006999750098,42,A04,cross-session,AdaBN
9,10,1,0.9108776450157166,0.00978433899990705,42,A04,cross-session,AdaBN
10,11,0,0.9392379522323608,0.010169388000122126,42,A04,cross-session,AdaBN
11,12,1,1.0688426494598389,0.009518548999949417,42,A04,cross-session,AdaBN
12,13,0,1.0041948556900024,0.008493410999562911,42,A04,cross-session,AdaBN
13,14,1,1.0138647556304932,0.007599741999911203,42,A04,cross-session,AdaBN
14,15,1,0.9653174877166748,0.0076016610000806395,42,A04,cross-session,AdaBN
15,16,1,0.9984133839607239,0.007709369000167499,42,A04,cross-session,AdaBN
16,16,0,0.9680160880088806,0.007518244000038976,42,A04,cross-session,AdaBN
17,16,0,0.9138326048851013,0.007449595999787562,42,A04,cross-session,AdaBN
18,16,0,1.001138687133789,0.0073585889999776555,42,A04,cross-session,AdaBN
19,16,0,1.1356720924377441,0.0074185369999213435,42,A04,cross-session,AdaBN
20,16,0,0.9884754419326782,0.007395513000119536,42,A04,cross-session,AdaBN
21,16,0,0.9685742855072021,0.007394794999981968,42,A04,cross-session,AdaBN
22,16,1,1.0115747451782227,0.0074120679996667604,42,A04,cross-session,AdaBN
23,16,1,1.0157911777496338,0.007393601999865496,42,A04,cross-session,AdaBN
24,16,1,0.9407692551612854,0.00738503499997023,42,A04,cross-session,AdaBN
25,16,1,0.9450508952140808,0.007466516000022239,42,A04,cross-session,AdaBN
26,16,1,1.019218921661377,0.00802441700034251,42,A04,cross-session,AdaBN
27,16,0,1.056140422821045,0.008039612999709789,42,A04,cross-session,AdaBN
28,16,0,0.9307601451873779,0.008041604000027291,42,A04,cross-session,AdaBN
29,16,1,0.9781718254089355,0.008054417000039393,42,A04,cross-session,AdaBN
30,16,0,1.0797321796417236,0.008046466999985569,42,A04,cross-session,AdaBN
31,16,1,0.9905502796173096,0.008019310999770823,42,A04,cross-session,AdaBN
32,16,1,0.9812043309211731,0.007517397999890818,42,A04,cross-session,AdaBN
33,16,0,0.9703030586242676,0.007429265000155283,42,A04,cross-session,AdaBN
34,16,1,0.9599926471710205,0.007420664999699511,42,A04,cross-session,AdaBN
35,16,0,0.9988537430763245,0.007421851999879436,42,A04,cross-session,AdaBN
36,16,1,0.9947866201400757,0.007940029000110371,42,A04,cross-session,AdaBN
37,16,1,1.0460410118103027,0.008205849999740167,42,A04,cross-session,AdaBN
38,16,0,1.0484565496444702,0.008093853999980638,42,A04,cross-session,AdaBN
39,16,1,0.9440888166427612,0.008190171000023838,42,A04,cross-session,AdaBN
40,16,0,0.9311977624893188,0.0080564609997964,42,A04,cross-session,AdaBN
41,16,1,0.8369737863540649,0.007642267999926844,42,A04,cross-session,AdaBN
42,16,1,0.9291572570800781,0.007579361999887624,42,A04,cross-session,AdaBN
43,16,1,1.0505576133728027,0.007924191000256542,42,A04,cross-session,AdaBN
44,16,1,0.9580376744270325,0.007452039999861881,42,A04,cross-session,AdaBN
45,16,1,0.8423491716384888,0.007482763000098203,42,A04,cross-session,AdaBN
46,16,0,0.9757936596870422,0.007452898000337882,42,A04,cross-session,AdaBN
47,16,1,0.9610975980758667,0.008258514999852196,42,A04,cross-session,AdaBN
48,16,1,0.9921285510063171,0.00759537400017507,42,A04,cross-session,AdaBN
49,16,1,1.007879376411438,0.0075579439999273745,42,A04,cross-session,AdaBN
50,16,1,1.0394598245620728,0.0075869120000788826,42,A04,cross-session,AdaBN
51,16,1,1.1067970991134644,0.007564890000139712,42,A04,cross-session,AdaBN
52,16,1,0.9624428749084473,0.008320957999785605,42,A04,cross-session,AdaBN
53,16,0,1.002810001373291,0.008063130999744317,42,A04,cross-session,AdaBN
54,16,0,1.0811736583709717,0.00805393600012394,42,A04,cross-session,AdaBN
55,16,1,1.1178436279296875,0.00818334199993842,42,A04,cross-session,AdaBN
56,16,0,0.9769201278686523,0.007418751999921369,42,A04,cross-session,AdaBN
57,16,0,1.0312377214431763,0.007781477999742492,42,A04,cross-session,AdaBN
58,16,0,1.0557637214660645,0.008050256999922567,42,A04,cross-session,AdaBN
59,16,1,1.0461201667785645,0.008060051000029489,42,A04,cross-session,AdaBN
60,16,0,1.0778827667236328,0.007459758000095462,42,A04,cross-session,AdaBN
61,16,1,1.0521719455718994,0.007437805999870761,42,A04,cross-session,AdaBN
62,16,0,1.1149632930755615,0.007415077000132442,42,A04,cross-session,AdaBN
63,16,1,1.0607123374938965,0.007459184999788704,42,A04,cross-session,AdaBN
64,16,1,1.034037709236145,0.007440615000177786,42,A04,cross-session,AdaBN
65,16,0,1.128927230834961,0.007436794000113878,42,A04,cross-session,AdaBN
66,16,1,1.0805004835128784,0.007459219999873312,42,A04,cross-session,AdaBN
67,16,0,1.052246332168579,0.00746628300021257,42,A04,cross-session,AdaBN
68,16,1,1.0527927875518799,0.007412722000026406,42,A04,cross-session,AdaBN
69,16,1,1.1416568756103516,0.007137138999951276,42,A04,cross-session,AdaBN
70,16,0,0.9979748725891113,0.00674735500024326,42,A04,cross-session,AdaBN
71,16,1,1.086320400238037,0.006591995000235329,42,A04,cross-session,AdaBN
72,16,0,1.1057523488998413,0.006141875000139407,42,A04,cross-session,AdaBN
73,16,0,1.0362508296966553,0.005744753999806562,42,A04,cross-session,AdaBN
74,16,1,1.0028340816497803,0.005437313999664184,42,A04,cross-session,AdaBN
75,16,0,0.9456937909126282,0.005249113999980182,42,A04,cross-session,AdaBN
76,16,1,0.9190014600753784,0.004728656999759551,42,A04,cross-session,AdaBN
77,16,1,1.0116790533065796,0.00428660800025682,42,A04,cross-session,AdaBN
78,16,0,1.0266666412353516,0.0038424360000135493,42,A04,cross-session,AdaBN
79,16,1,1.013258457183838,0.0037187019997872994,42,A04,cross-session,AdaBN
80,16,1,0.9605588912963867,0.003581512999971892,42,A04,cross-session,AdaBN
81,16,0,1.0857349634170532,0.0034038019998661184,42,A04,cross-session,AdaBN
82,16,0,1.001837968826294,0.003148417999909725,42,A04,cross-session,AdaBN
83,16,0,0.957257091999054,0.0030285349998848687,42,A04,cross-session,AdaBN
84,16,0,1.066776156425476,0.002888994999921124,42,A04,cross-session,AdaBN
85,16,1,1.0473871231079102,0.0028310419997978897,42,A04,cross-session,AdaBN
86,16,0,0.9790852069854736,0.00284374700004264,42,A04,cross-session,AdaBN
87,16,0,0.9824161529541016,0.002766941000118095,42,A04,cross-session,AdaBN
88,16,1,0.8998405933380127,0.0028114850001657032,42,A04,cross-session,AdaBN
89,16,0,1.001904010772705,0.0027434609996817017,42,A04,cross-session,AdaBN
90,16,1,0.9948995113372803,0.0026402280000183964,42,A04,cross-session,AdaBN
91,16,0,0.9896928071975708,0.0026835650000975875,42,A04,cross-session,AdaBN
92,16,0,1.0115742683410645,0.002591071000097145,42,A04,cross-session,AdaBN
93,16,0,0.9241073131561279,0.002585691999684059,42,A04,cross-session,AdaBN
94,16,1,0.9684706926345825,0.0024508459996468446,42,A04,cross-session,AdaBN
95,16,0,1.0083423852920532,0.0024284450000777724,42,A04,cross-session,AdaBN
96,16,0,0.9713220596313477,0.0023988879997887125,42,A04,cross-session,AdaBN
97,16,1,0.967305600643158,0.0022668910000902542,42,A04,cross-session,AdaBN
98,16,1,0.9444810152053833,0.0023291769998650125,42,A04,cross-session,AdaBN
99,16,0,0.9347093105316162,0.0022172660001160693,42,A04,cross-session,AdaBN
100,16,1,0.8633267879486084,0.0022015810000084457,42,A04,cross-session,AdaBN
101,16,1,0.875861406326294,0.002213313999618549,42,A04,cross-session,AdaBN
102,16,0,0.9671053886413574,0.0021296190002431103,42,A04,cross-session,AdaBN
103,16,1,0.9642571806907654,0.0020676880003520637,42,A04,cross-session,AdaBN
104,16,0,1.0166778564453125,0.0021056669997960853,42,A04,cross-session,AdaBN
105,16,0,0.902942419052124,0.0020813299997826107,42,A04,cross-session,AdaBN
106,16,1,0.9423474073410034,0.0020198049996906775,42,A04,cross-session,AdaBN
107,16,0,0.8746404647827148,0.001974382999833324,42,A04,cross-session,AdaBN
108,16,1,0.9074311256408691,0.0019272680001449771,42,A04,cross-session,AdaBN
109,16,0,0.9151975512504578,0.0018883969996750238,42,A04,cross-session,AdaBN
110,16,0,0.9962544441223145,0.0018687930000851338,42,A04,cross-session,AdaBN
111,16,1,1.0381054878234863,0.0019096460000582738,42,A04,cross-session,AdaBN
112,16,0,0.956960916519165,0.0018965140002364933,42,A04,cross-session,AdaBN
113,16,0,0.9068937301635742,0.0018951640004161163,42,A04,cross-session,AdaBN
114,16,0,0.9947395324707031,0.002328739999938989,42,A04,cross-session,AdaBN
115,16,1,0.8957576751708984,0.0018536380002842634,42,A04,cross-session,AdaBN
116,16,0,0.98923659324646,0.0018564510000942391,42,A04,cross-session,AdaBN
117,16,0,1.0461719036102295,0.0019034289998671738,42,A04,cross-session,AdaBN
118,16,0,0.9369008541107178,0.0019909729999199044,42,A04,cross-session,AdaBN
119,16,0,1.0200687646865845,0.0019529759997567453,42,A04,cross-session,AdaBN
120,16,0,0.9942570924758911,0.0019344900001669885,42,A04,cross-session,AdaBN
121,16,1,1.0530462265014648,0.002022633999786194,42,A04,cross-session,AdaBN
122,16,1,0.9934797286987305,0.0019322859998283093,42,A04,cross-session,AdaBN
123,16,1,0.9724292159080505,0.0019887789999302186,42,A04,cross-session,AdaBN
124,16,0,0.9225008487701416,0.0020016169996779354,42,A04,cross-session,AdaBN
125,16,0,0.9752753973007202,0.0020015360000797955,42,A04,cross-session,AdaBN
126,16,1,1.0052833557128906,0.002003714999773365,42,A04,cross-session,AdaBN
127,16,1,0.9785836935043335,0.0020309159999669646,42,A04,cross-session,AdaBN
128,16,1,0.9951621294021606,0.0019980299998678674,42,A04,cross-session,AdaBN
129,16,1,0.8747329711914062,0.001939449000019522,42,A04,cross-session,AdaBN
130,16,0,0.9687782526016235,0.0019558979997782444,42,A04,cross-session,AdaBN
131,16,0,0.9390175342559814,0.0020926550000694988,42,A04,cross-session,AdaBN
132,16,0,0.9854217767715454,0.002015485999891098,42,A04,cross-session,AdaBN
133,16,0,1.0198198556900024,0.00199304999978267,42,A04,cross-session,AdaBN
134,16,1,1.0518298149108887,0.0020084660000065924,42,A04,cross-session,AdaBN
135,16,1,1.0104825496673584,0.002014049000081286,42,A04,cross-session,AdaBN
136,16,1,0.9720358848571777,0.002086097000301379,42,A04,cross-session,AdaBN
137,16,0,0.8473349809646606,0.0020798299997295544,42,A04,cross-session,AdaBN
138,16,1,0.9118012189865112,0.002105131000007532,42,A04,cross-session,AdaBN
139,16,1,0.7990230917930603,0.0019989879997410753,42,A04,cross-session,AdaBN
140,16,1,0.9400467276573181,0.002042286000232707,42,A04,cross-session,AdaBN
141,16,0,0.8085925579071045,0.002140015999884781,42,A04,cross-session,AdaBN
142,16,0,0.8819910287857056,0.002066043000013451,42,A04,cross-session,AdaBN
143,16,1,0.9851811528205872,0.0020863270001427736,42,A04,cross-session,AdaBN
144,16,1,0.9571454524993896,0.002272584000365896,42,A04,cross-session,AdaBN
145,16,1,0.9223854541778564,0.002115430999765522,42,A04,cross-session,AdaBN
146,16,1,1.0456125736236572,0.002114234000146098,42,A04,cross-session,AdaBN
147,16,1,0.8854605555534363,0.0022341720000440546,42,A04,cross-session,AdaBN
148,16,0,0.9496977925300598,0.002214818000084051,42,A04,cross-session,AdaBN
149,16,0,0.9213810563087463,0.002081169000121008,42,A04,cross-session,AdaBN
150,16,0,0.9442462921142578,0.0022358240003086394,42,A04,cross-session,AdaBN
151,16,1,0.9249500036239624,0.0021582600002147956,42,A04,cross-session,AdaBN
152,16,0,0.941300094127655,0.0021094910002830147,42,A04,cross-session,AdaBN
153,16,0,0.8904656767845154,0.0020982349997211713,42,A04,cross-session,AdaBN
154,16,1,0.9881550073623657,0.0020336350003162806,42,A04,cross-session,AdaBN
155,16,1,1.0371570587158203,0.0020499030001701612,42,A04,cross-session,AdaBN
156,16,0,0.8838213682174683,0.00203194200003054,42,A04,cross-session,AdaBN
157,16,0,0.799607515335083,0.001994588999878033,42,A04,cross-session,AdaBN
158,16,0,0.8137580752372742,0.0019644200001494028,42,A04,cross-session,AdaBN
159,16,0,0.9261646270751953,0.0019651140000860323,42,A04,cross-session,AdaBN
160,16,1,0.9402182698249817,0.001976119999653747,42,A04,cross-session,AdaBN
161,16,0,0.9032201170921326,0.0019658660003187833,42,A04,cross-session,AdaBN
162,16,0,0.9844473600387573,0.002059387999906903,42,A04,cross-session,AdaBN
163,16,0,0.9186628460884094,0.0021189560002312646,42,A04,cross-session,AdaBN
164,16,0,0.8155593872070312,0.0020755189998453716,42,A04,cross-session,AdaBN
165,16,0,0.9134336709976196,0.0019916460000786174,42,A04,cross-session,AdaBN
166,16,0,0.9791313409805298,0.002095606999773736,42,A04,cross-session,AdaBN
167,16,1,0.9279342889785767,0.0021012989996052056,42,A04,cross-session,AdaBN
168,16,1,0.9346675872802734,0.002020096999785892,42,A04,cross-session,AdaBN
169,16,1,0.8774354457855225,0.0020524930000647146,42,A04,cross-session,AdaBN
170,16,0,0.8912296891212463,0.002067830000214599,42,A04,cross-session,AdaBN
171,16,1,0.9440630674362183,0.002005275999636069,42,A04,cross-session,AdaBN
172,16,0,0.9374258518218994,0.0019951869999204064,42,A04,cross-session,AdaBN
173,16,1,0.9225186109542847,0.002087721999942005,42,A04,cross-session,AdaBN
174,16,0,0.8921385407447815,0.0019738810001399543,42,A04,cross-session,AdaBN
175,16,1,0.8643380999565125,0.0019633449996945274,42,A04,cross-session,AdaBN
176,16,1,0.8777758479118347,0.002148754999780067,42,A04,cross-session,AdaBN
177,16,0,0.9548819065093994,0.0021440529999381397,42,A04,cross-session,AdaBN
178,16,0,0.8915921449661255,0.002045904000169685,42,A04,cross-session,AdaBN
179,16,0,0.9229206442832947,0.0020905850001327053,42,A04,cross-session,AdaBN
180,16,1,0.9152960777282715,0.002066355999886582,42,A04,cross-session,AdaBN
181,16,0,0.9964507818222046,0.0020549440000650065,42,A04,cross-session,AdaBN
182,16,0,0.8812183141708374,0.0020383260002745374,42,A04,cross-session,AdaBN
183,16,0,0.8943164348602295,0.002230716000212851,42,A04,cross-session,AdaBN
184,16,1,0.7967665195465088,0.0020498939998105925,42,A04,cross-session,AdaBN
185,16,1,0.8466261625289917,0.002071981999961281,42,A04,cross-session,AdaBN
186,16,0,0.9388145208358765,0.002139835999969364,42,A04,cross-session,AdaBN
187,16,1,0.8425767421722412,0.0020780120003109914,42,A04,cross-session,AdaBN
188,16,1,0.911272406578064,0.0020154600001660583,42,A04,cross-session,AdaBN
189,16,1,0.7870189547538757,0.002166759999909118,42,A04,cross-session,AdaBN
190,16,0,0.9059913754463196,0.0020906610002384696,42,A04,cross-session,AdaBN
191,16,0,0.8419990539550781,0.0020290610000301967,42,A04,cross-session,AdaBN
192,16,0,0.7651813626289368,0.0021337130001484184,42,A04,cross-session,AdaBN
193,16,1,0.935783326625824,0.0020745770002577046,42,A04,cross-session,AdaBN
194,16,0,0.8500618934631348,0.002093607000006159,42,A04,cross-session,AdaBN
195,16,0,0.950423538684845,0.0021196279999458056,42,A04,cross-session,AdaBN
196,16,0,0.9000413417816162,0.0020529339999484364,42,A04,cross-session,AdaBN
197,16,0,0.949270486831665,0.002040925000073912,42,A04,cross-session,AdaBN
198,16,0,0.9629867076873779,0.00207129199998235,42,A04,cross-session,AdaBN
199,16,0,0.9612266421318054,0.0022253780002756685,42,A04,cross-session,AdaBN
200,16,0,1.025046944618225,0.002064070999949763,42,A04,cross-session,AdaBN
201,16,0,0.8856220245361328,0.002107025999976031,42,A04,cross-session,AdaBN
202,16,1,0.971575140953064,0.0021566499999607913,42,A04,cross-session,AdaBN
203,16,0,0.8628226518630981,0.002044879000095534,42,A04,cross-session,AdaBN
204,16,0,0.9959125518798828,0.0020831880001423997,42,A04,cross-session,AdaBN
205,16,1,0.9550222158432007,0.0022034340004211117,42,A04,cross-session,AdaBN
206,16,0,1.0059634447097778,0.0020614770000975113,42,A04,cross-session,AdaBN
207,16,0,0.9612931609153748,0.0020538029998533602,42,A04,cross-session,AdaBN
208,16,0,0.9752970933914185,0.0021254400003272167,42,A04,cross-session,AdaBN
209,16,1,0.845636248588562,0.0020291279997763922,42,A04,cross-session,AdaBN
210,16,1,0.9664746522903442,0.002021685000272555,42,A04,cross-session,AdaBN
211,16,1,0.8688071966171265,0.002040129999841156,42,A04,cross-session,AdaBN
212,16,1,0.9433823823928833,0.0019972879999841098,42,A04,cross-session,AdaBN
213,16,1,0.9841464757919312,0.0022698839998156473,42,A04,cross-session,AdaBN
214,16,0,0.9393355846405029,0.0020560940001814743,42,A04,cross-session,AdaBN
215,16,0,0.9108348488807678,0.0019932989998778794,42,A04,cross-session,AdaBN
216,16,1,0.902599036693573,0.0020171030000710743,42,A04,cross-session,AdaBN
217,16,1,0.794221043586731,0.002075391000289528,42,A04,cross-session,AdaBN
218,16,1,0.7479879856109619,0.0021264970000629546,42,A04,cross-session,AdaBN
219,16,0,0.9064818620681763,0.0019999539999844274,42,A04,cross-session,AdaBN
220,16,1,0.8871200084686279,0.002041033999830688,42,A04,cross-session,AdaBN
221,16,1,0.9667180776596069,0.0020206429999234388,42,A04,cross-session,AdaBN
222,16,1,0.953700602054596,0.002041043000190257,42,A04,cross-session,AdaBN
223,16,1,0.8266299962997437,0.0020181189997856563,42,A04,cross-session,AdaBN
224,16,1,0.8644465208053589,0.002080857999771979,42,A04,cross-session,AdaBN
225,16,1,0.8718762397766113,0.0020522380000329576,42,A04,cross-session,AdaBN
226,16,0,0.8849779367446899,0.001992809000057605,42,A04,cross-session,AdaBN
227,16,0,0.8639854788780212,0.002025479000167252,42,A04,cross-session,AdaBN
228,16,1,0.8326609134674072,0.002091877000111708,42,A04,cross-session,AdaBN
229,16,0,0.9266204833984375,0.00204871899995851,42,A04,cross-session,AdaBN
230,16,0,0.8730570077896118,0.0020782510000572074,42,A04,cross-session,AdaBN
231,16,0,0.7712354063987732,0.002037909000137006,42,A04,cross-session,AdaBN
232,16,1,0.7976282238960266,0.0020602440004040545,42,A04,cross-session,AdaBN
233,16,1,1.0078964233398438,0.001984657999855699,42,A04,cross-session,AdaBN
234,16,0,0.9506034851074219,0.0021293180002430745,42,A04,cross-session,AdaBN
235,16,1,0.89838707447052,0.0020803239999622747,42,A04,cross-session,AdaBN
236,16,1,1.0019832849502563,0.002061526000034064,42,A04,cross-session,AdaBN
237,16,0,1.0057134628295898,0.0021032020003985963,42,A04,cross-session,AdaBN
238,16,1,0.8428676724433899,0.0020615680000446446,42,A04,cross-session,AdaBN
239,16,0,0.8196331262588501,0.00205419299982168,42,A04,cross-session,AdaBN
240,16,1,1.0156192779541016,0.0020261639997443126,42,A04,cross-session,AdaBN
241,16,1,0.8815088868141174,0.0021394580003288866,42,A04,cross-session,AdaBN
242,16,0,0.9825773239135742,0.0020538969997687673,42,A04,cross-session,AdaBN
243,16,0,0.8212960958480835,0.0020881850000478153,42,A04,cross-session,AdaBN
244,16,0,0.7916812896728516,0.0023047919999044097,42,A04,cross-session,AdaBN
245,16,1,0.860891580581665,0.002187403999869275,42,A04,cross-session,AdaBN
246,16,1,0.7899718880653381,0.002212918000168429,42,A04,cross-session,AdaBN
247,16,0,0.8919185400009155,0.002277645000049233,42,A04,cross-session,AdaBN
248,16,0,0.7408048510551453,0.00219431400000758,42,A04,cross-session,AdaBN
249,16,0,1.018712043762207,0.002371243999732542,42,A04,cross-session,AdaBN
250,16,0,0.8597114682197571,0.0024441939999633178,42,A04,cross-session,AdaBN
251,16,1,0.8311907052993774,0.002318462999937765,42,A04,cross-session,AdaBN
252,16,0,0.7335653305053711,0.0021863270003450452,42,A04,cross-session,AdaBN
253,16,0,0.8447716236114502,0.00249873699976888,42,A04,cross-session,AdaBN
254,16,0,0.9607335925102234,0.002135166000243771,42,A04,cross-session,AdaBN
255,16,0,0.9189724922180176,0.002166348000173457,42,A04,cross-session,AdaBN
256,16,1,0.8317332863807678,0.002291264999712439,42,A04,cross-session,AdaBN
257,16,0,0.7849498987197876,0.0023236210004142777,42,A04,cross-session,AdaBN
258,16,1,0.7515143752098083,0.002214458999787894,42,A04,cross-session,AdaBN
259,16,0,0.8879468441009521,0.0020569500002238783,42,A04,cross-session,AdaBN
260,16,1,0.8035145998001099,0.0021821860000272864,42,A04,cross-session,AdaBN
261,16,0,0.8218570947647095,0.0021029920003456937,42,A04,cross-session,AdaBN
262,16,0,0.8443076014518738,0.0022772780002924264,42,A04,cross-session,AdaBN
263,16,0,0.9103225469589233,0.0020202509999762697,42,A04,cross-session,AdaBN
264,16,1,0.9110510945320129,0.0020204679999551445,42,A04,cross-session,AdaBN
265,16,1,0.8728079795837402,0.002095264999752544,42,A04,cross-session,AdaBN
266,16,1,0.7864181399345398,0.0020412600001691317,42,A04,cross-session,AdaBN
267,16,1,0.8600373268127441,0.002067293999971298,42,A04,cross-session,AdaBN
268,16,1,0.8928103446960449,0.0021335080000426387,42,A04,cross-session,AdaBN
269,16,0,0.9199438095092773,0.0020563230000334443,42,A04,cross-session,AdaBN
270,16,0,0.8117414712905884,0.002025322999998025,42,A04,cross-session,AdaBN
271,16,1,0.8931804895401001,0.00220188599996618,42,A04,cross-session,AdaBN
272,16,0,0.8308187127113342,0.002032627000062348,42,A04,cross-session,AdaBN
273,16,1,0.8844625949859619,0.0020131280002715357,42,A04,cross-session,AdaBN
274,16,0,0.9001991152763367,0.0020320650000940077,42,A04,cross-session,AdaBN
275,16,0,0.91573166847229,0.0022114559997135075,42,A04,cross-session,AdaBN
276,16,0,0.9263803362846375,0.0020261919999029487,42,A04,cross-session,AdaBN
277,16,1,0.7529864311218262,0.0020592549999491894,42,A04,cross-session,AdaBN
278,16,0,0.7531543970108032,0.0021898730001339572,42,A04,cross-session,AdaBN
279,16,1,0.8393301963806152,0.002006904999689141,42,A04,cross-session,AdaBN
280,16,0,0.7242441773414612,0.0020571039999595087,42,A04,cross-session,AdaBN
281,16,0,0.8163243532180786,0.002162970000426867,42,A04,cross-session,AdaBN
282,16,0,0.8121259212493896,0.002052672999980132,42,A04,cross-session,AdaBN
283,16,0,0.8512183427810669,0.002076052999655076,42,A04,cross-session,AdaBN
284,16,1,0.8097171783447266,0.0022146920000523096,42,A04,cross-session,AdaBN
285,16,0,0.909065842628479,0.0020354390003376466,42,A04,cross-session,AdaBN
286,16,0,0.872543215751648,0.002063825000277575,42,A04,cross-session,AdaBN
287,16,1,0.8097230195999146,0.0021858420000171463,42,A04,cross-session,AdaBN
0,1,1,1.3465293645858765,0.0035255200000392506,42,A05,cross-session,AdaBN
1,2,0,1.271389365196228,0.004417250999722455,42,A05,cross-session,AdaBN
2,3,0,1.1858830451965332,0.004604680999818811,42,A05,cross-session,AdaBN
3,4,1,1.0863577127456665,0.004456896999727178,42,A05,cross-session,AdaBN
4,5,0,1.1663239002227783,0.004311086999678082,42,A05,cross-session,AdaBN
5,6,0,1.1291935443878174,0.004227445999731572,42,A05,cross-session,AdaBN
6,7,1,1.1841548681259155,0.002221541999915644,42,A05,cross-session,AdaBN
7,8,0,1.206085205078125,0.0016884769997886906,42,A05,cross-session,AdaBN
8,9,1,1.148932695388794,0.0016219720000663074,42,A05,cross-session,AdaBN
9,10,0,1.0375951528549194,0.0015906809999250981,42,A05,cross-session,AdaBN
10,11,0,1.0559921264648438,0.0015069109999785724,42,A05,cross-session,AdaBN
11,12,0,1.1812173128128052,0.0016591710000284365,42,A05,cross-session,AdaBN
12,13,0,1.1485717296600342,0.0018723600001067098,42,A05,cross-session,AdaBN
13,14,0,1.0614986419677734,0.0019010070000149426,42,A05,cross-session,AdaBN
14,15,0,1.1368532180786133,0.002075544000035734,42,A05,cross-session,AdaBN
15,16,0,1.160837173461914,0.002384428999903321,42,A05,cross-session,AdaBN
16,16,0,1.1064577102661133,0.002515008000045782,42,A05,cross-session,AdaBN
17,16,0,1.062447428703308,0.0026792939997903886,42,A05,cross-session,AdaBN
18,16,0,1.1344623565673828,0.002964525000152207,42,A05,cross-session,AdaBN
19,16,0,1.155539631843567,0.0031947749998835206,42,A05,cross-session,AdaBN
20,16,1,1.1056865453720093,0.0038182099997357,42,A05,cross-session,AdaBN
21,16,1,1.118574619293213,0.003489370999886887,42,A05,cross-session,AdaBN
22,16,0,1.113053560256958,0.0036417990004338208,42,A05,cross-session,AdaBN
23,16,1,1.1156880855560303,0.0035431860001153836,42,A05,cross-session,AdaBN
24,16,0,1.1970871686935425,0.0033848600000965234,42,A05,cross-session,AdaBN
25,16,0,1.1925489902496338,0.003336340999794629,42,A05,cross-session,AdaBN
26,16,0,1.0675978660583496,0.0031772930001352506,42,A05,cross-session,AdaBN
27,16,1,1.1876734495162964,0.0030357440000443603,42,A05,cross-session,AdaBN
28,16,1,1.0869344472885132,0.002960319000067102,42,A05,cross-session,AdaBN
29,16,0,1.1583682298660278,0.003042017000097985,42,A05,cross-session,AdaBN
30,16,0,1.1328792572021484,0.002961701999993238,42,A05,cross-session,AdaBN
31,16,0,1.0389564037322998,0.002807060000122874,42,A05,cross-session,AdaBN
32,16,0,1.1492935419082642,0.0027874739998878795,42,A05,cross-session,AdaBN
33,16,0,1.1385903358459473,0.0027489159997458046,42,A05,cross-session,AdaBN
34,16,1,1.1224720478057861,0.002732353000283183,42,A05,cross-session,AdaBN
35,16,0,1.1645243167877197,0.0026503829999455775,42,A05,cross-session,AdaBN
36,16,0,1.1492516994476318,0.0026510840002629266,42,A05,cross-session,AdaBN
37,16,0,1.215895652770996,0.0025683959997877537,42,A05,cross-session,AdaBN
38,16,0,1.0972766876220703,0.0025541850000081467,42,A05,cross-session,AdaBN
39,16,0,1.2179542779922485,0.0025309419997938676,42,A05,cross-session,AdaBN
40,16,0,1.134178876876831,0.002527157999793417,42,A05,cross-session,AdaBN
41,16,0,1.0880286693572998,0.002533208999921044,42,A05,cross-session,AdaBN
42,16,0,1.12723970413208,0.0024049749999903725,42,A05,cross-session,AdaBN
43,16,1,1.1353976726531982,0.002305919999798789,42,A05,cross-session,AdaBN
44,16,0,1.1028664112091064,0.002290800000082527,42,A05,cross-session,AdaBN
45,16,1,1.141699194908142,0.002270641999984946,42,A05,cross-session,AdaBN
46,16,0,1.1203806400299072,0.0022870549996696354,42,A05,cross-session,AdaBN
47,16,0,1.1911730766296387,0.0021868100002393476,42,A05,cross-session,AdaBN
48,16,0,1.1036444902420044,0.002207775999977457,42,A05,cross-session,AdaBN
49,16,0,1.1270352602005005,0.0021624480000355106,42,A05,cross-session,AdaBN
50,16,1,1.1145747900009155,0.0021448039997267188,42,A05,cross-session,AdaBN
51,16,0,1.2281774282455444,0.002159705999929429,42,A05,cross-session,AdaBN
52,16,0,1.166983723640442,0.002158618999601458,42,A05,cross-session,AdaBN
53,16,1,1.1363182067871094,0.002155253000182711,42,A05,cross-session,AdaBN
54,16,0,1.1376012563705444,0.0020571740001287253,42,A05,cross-session,AdaBN
55,16,1,1.1885933876037598,0.002122532000157662,42,A05,cross-session,AdaBN
56,16,0,1.0139647722244263,0.0020623099999284022,42,A05,cross-session,AdaBN
57,16,0,1.04978346824646,0.002099269999689568,42,A05,cross-session,AdaBN
58,16,0,1.1501281261444092,0.002123852999829978,42,A05,cross-session,AdaBN
59,16,0,1.1735243797302246,0.001976486999865301,42,A05,cross-session,AdaBN
60,16,0,1.1372512578964233,0.0020454539999263943,42,A05,cross-session,AdaBN
61,16,0,1.1881637573242188,0.002022174000103405,42,A05,cross-session,AdaBN
62,16,1,1.2016029357910156,0.0020181800000500516,42,A05,cross-session,AdaBN
63,16,0,1.0147007703781128,0.002031846999670961,42,A05,cross-session,AdaBN
64,16,0,1.131943941116333,0.002046098999926471,42,A05,cross-session,AdaBN
65,16,1,1.1072187423706055,0.0019841400003315357,42,A05,cross-session,AdaBN
66,16,0,1.1377503871917725,0.0019532709998202336,42,A05,cross-session,AdaBN
67,16,0,1.1186769008636475,0.0019632710000223597,42,A05,cross-session,AdaBN
68,16,0,1.17666757106781,0.0019285610001134046,42,A05,cross-session,AdaBN
69,16,0,1.1707119941711426,0.001987202999771398,42,A05,cross-session,AdaBN
70,16,0,1.134695291519165,0.0020623239997803466,42,A05,cross-session,AdaBN
71,16,0,1.077994704246521,0.0020410939996509114,42,A05,cross-session,AdaBN
72,16,1,1.2227718830108643,0.0020424959998308623,42,A05,cross-session,AdaBN
73,16,1,1.088362693786621,0.002030195000315871,42,A05,cross-session,AdaBN
74,16,0,1.18686044216156,0.0021174250000512984,42,A05,cross-session,AdaBN
75,16,0,1.1472373008728027,0.0020107340001231933,42,A05,cross-session,AdaBN
76,16,1,1.0798468589782715,0.0020820700001422665,42,A05,cross-session,AdaBN
77,16,1,1.0820724964141846,0.0021149839999452524,42,A05,cross-session,AdaBN
78,16,1,1.046502947807312,0.002038607000031334,42,A05,cross-session,AdaBN
79,16,0,1.1113699674606323,0.002094723000027443,42,A05,cross-session,AdaBN
80,16,1,1.1698939800262451,0.0021430239999062906,42,A05,cross-session,AdaBN
81,16,1,1.0975463390350342,0.0022667319999527535,42,A05,cross-session,AdaBN
82,16,0,1.1218016147613525,0.002102620999721694,42,A05,cross-session,AdaBN
83,16,0,1.0817058086395264,0.00210796900000787,42,A05,cross-session,AdaBN
84,16,0,1.1459598541259766,0.0021122250000189524,42,A05,cross-session,AdaBN
85,16,1,1.075103998184204,0.0021223369999461283,42,A05,cross-session,AdaBN
86,16,1,1.1117360591888428,0.002131412999915483,42,A05,cross-session,AdaBN
87,16,0,1.1108152866363525,0.002137651999873924,42,A05,cross-session,AdaBN
88,16,0,1.1015325784683228,0.002089866999995138,42,A05,cross-session,AdaBN
89,16,1,1.154180884361267,0.00212928600012674,42,A05,cross-session,AdaBN
90,16,1,1.1369708776474,0.002245007000055921,42,A05,cross-session,AdaBN
91,16,0,1.107942819595337,0.002109188999838807,42,A05,cross-session,AdaBN
92,16,1,1.0749964714050293,0.0020943439999427937,42,A05,cross-session,AdaBN
93,16,0,1.1115317344665527,0.0021543180000662687,42,A05,cross-session,AdaBN
94,16,0,1.1018297672271729,0.002092056000037701,42,A05,cross-session,AdaBN
95,16,0,1.125283122062683,0.002097312000387319,42,A05,cross-session,AdaBN
96,16,0,1.1629531383514404,0.0021246119999887014,42,A05,cross-session,AdaBN
97,16,1,1.0493674278259277,0.0021383270000114862,42,A05,cross-session,AdaBN
98,16,1,1.1069352626800537,0.00212149800017869,42,A05,cross-session,AdaBN
99,16,0,1.1774369478225708,0.0022017170003891806,42,A05,cross-session,AdaBN
100,16,0,1.0666718482971191,0.0022259519996623567,42,A05,cross-session,AdaBN
101,16,0,1.1738309860229492,0.002232196000022668,42,A05,cross-session,AdaBN
102,16,0,1.0728724002838135,0.0021671670001524035,42,A05,cross-session,AdaBN
103,16,0,1.089543342590332,0.002206508000199392,42,A05,cross-session,AdaBN
104,16,0,1.0615739822387695,0.002215980000073614,42,A05,cross-session,AdaBN
105,16,0,1.1419529914855957,0.002128254000126617,42,A05,cross-session,AdaBN
106,16,0,1.0259020328521729,0.0021341970000321453,42,A05,cross-session,AdaBN
107,16,1,1.129833698272705,0.0021295209999152576,42,A05,cross-session,AdaBN
108,16,0,1.102559208869934,0.002198008000050322,42,A05,cross-session,AdaBN
109,16,0,1.123685359954834,0.002149855999959982,42,A05,cross-session,AdaBN
110,16,1,1.1217986345291138,0.002128850000190141,42,A05,cross-session,AdaBN
111,16,1,1.113077163696289,0.0023082860002432426,42,A05,cross-session,AdaBN
112,16,0,1.0733423233032227,0.0023502089998146403,42,A05,cross-session,AdaBN
113,16,0,1.0497994422912598,0.002174033999835956,42,A05,cross-session,AdaBN
114,16,0,1.0647813081741333,0.0022055740000723745,42,A05,cross-session,AdaBN
115,16,1,1.128903865814209,0.002167928000289976,42,A05,cross-session,AdaBN
116,16,1,1.0757808685302734,0.0021317570003702713,42,A05,cross-session,AdaBN
117,16,1,1.1299101114273071,0.002154331999918213,42,A05,cross-session,AdaBN
118,16,1,1.1099729537963867,0.0021404310000434634,42,A05,cross-session,AdaBN
119,16,1,1.1829445362091064,0.0022404110000024957,42,A05,cross-session,AdaBN
120,16,0,1.0970336198806763,0.002148157000192441,42,A05,cross-session,AdaBN
121,16,0,1.0762255191802979,0.0021480290001818503,42,A05,cross-session,AdaBN
122,16,0,1.1236882209777832,0.002139559000170266,42,A05,cross-session,AdaBN
123,16,0,1.063712239265442,0.0022701839998262585,42,A05,cross-session,AdaBN
124,16,0,1.1428146362304688,0.002204076999987592,42,A05,cross-session,AdaBN
125,16,1,1.034748911857605,0.002142459999959101,42,A05,cross-session,AdaBN
126,16,0,1.1133756637573242,0.002150960000108171,42,A05,cross-session,AdaBN
127,16,0,1.0841820240020752,0.002296490999924572,42,A05,cross-session,AdaBN
128,16,1,1.1043956279754639,0.0021709679999730724,42,A05,cross-session,AdaBN
129,16,0,1.1315436363220215,0.0021515949997592543,42,A05,cross-session,AdaBN
130,16,0,0.9630776643753052,0.0023005309999462042,42,A05,cross-session,AdaBN
131,16,1,1.0281171798706055,0.0021287240001583996,42,A05,cross-session,AdaBN
132,16,1,1.027133584022522,0.0021258189999571186,42,A05,cross-session,AdaBN
133,16,0,1.010185718536377,0.002236994000213599,42,A05,cross-session,AdaBN
134,16,0,1.0882563591003418,0.002253832000405964,42,A05,cross-session,AdaBN
135,16,1,0.978783130645752,0.0021544329997595923,42,A05,cross-session,AdaBN
136,16,0,1.087564468383789,0.002275876999647153,42,A05,cross-session,AdaBN
137,16,0,1.073900818824768,0.0024307710000357474,42,A05,cross-session,AdaBN
138,16,0,1.003160834312439,0.002165956000226288,42,A05,cross-session,AdaBN
139,16,1,0.9492202401161194,0.0022852900001453236,42,A05,cross-session,AdaBN
140,16,0,0.9655470848083496,0.0021992020001562196,42,A05,cross-session,AdaBN
141,16,0,0.968332052230835,0.002132809000158886,42,A05,cross-session,AdaBN
142,16,1,1.001652717590332,0.002180043999942427,42,A05,cross-session,AdaBN
143,16,0,1.1165719032287598,0.0021298930000739347,42,A05,cross-session,AdaBN
144,16,0,1.0482308864593506,0.002242585999738367,42,A05,cross-session,AdaBN
145,16,0,1.0804517269134521,0.0021990459999869927,42,A05,cross-session,AdaBN
146,16,0,1.1126022338867188,0.0021432739999909245,42,A05,cross-session,AdaBN
147,16,1,1.0373153686523438,0.0021956680002404028,42,A05,cross-session,AdaBN
148,16,0,1.1230483055114746,0.0021933670000180427,42,A05,cross-session,AdaBN
149,16,0,1.0552550554275513,0.002139342000191391,42,A05,cross-session,AdaBN
150,16,0,1.1156455278396606,0.0021268700002110563,42,A05,cross-session,AdaBN
151,16,0,1.0221757888793945,0.002146746000107669,42,A05,cross-session,AdaBN
152,16,0,1.0767080783843994,0.0027569140002015047,42,A05,cross-session,AdaBN
153,16,1,1.1171214580535889,0.0021335340002224257,42,A05,cross-session,AdaBN
154,16,0,0.9909658432006836,0.002279962000102387,42,A05,cross-session,AdaBN
155,16,0,1.0212877988815308,0.0021208080001997587,42,A05,cross-session,AdaBN
156,16,0,1.0760854482650757,0.002122294999935548,42,A05,cross-session,AdaBN
157,16,1,1.0949537754058838,0.0021738649998042092,42,A05,cross-session,AdaBN
158,16,0,1.0867183208465576,0.0021886389999963285,42,A05,cross-session,AdaBN
159,16,0,1.054015040397644,0.0021356429997467785,42,A05,cross-session,AdaBN
160,16,0,1.064021110534668,0.002233767999769043,42,A05,cross-session,AdaBN
161,16,0,0.9779874086380005,0.0022468309998657787,42,A05,cross-session,AdaBN
162,16,0,1.16062593460083,0.0021775969998998335,42,A05,cross-session,AdaBN
163,16,0,1.0881993770599365,0.0021575359996859333,42,A05,cross-session,AdaBN
164,16,0,1.0377269983291626,0.002662089000295964,42,A05,cross-session,AdaBN
165,16,0,1.0605484247207642,0.002131111999915447,42,A05,cross-session,AdaBN
166,16,0,1.0630171298980713,0.002292952000061632,42,A05,cross-session,AdaBN
167,16,0,0.9675947427749634,0.002222650000021531,42,A05,cross-session,AdaBN
168,16,0,0.9728689789772034,0.002182629999879282,42,A05,cross-session,AdaBN
169,16,0,0.9994436502456665,0.002267190000111441,42,A05,cross-session,AdaBN
170,16,1,1.1055097579956055,0.0022191379998730554,42,A05,cross-session,AdaBN
171,16,0,1.0674314498901367,0.002197520000208897,42,A05,cross-session,AdaBN
172,16,0,1.0083703994750977,0.0022579980000045907,42,A05,cross-session,AdaBN
173,16,1,1.0304081439971924,0.0021514830000342045,42,A05,cross-session,AdaBN
174,16,0,1.1038639545440674,0.002191382000091835,42,A05,cross-session,AdaBN
175,16,0,1.1150799989700317,0.0022478290002254653,42,A05,cross-session,AdaBN
176,16,0,1.0876169204711914,0.0022735289999218367,42,A05,cross-session,AdaBN
177,16,0,1.0874686241149902,0.0021556859996962885,42,A05,cross-session,AdaBN
178,16,0,1.0839687585830688,0.0022283170001173858,42,A05,cross-session,AdaBN
179,16,1,1.0698869228363037,0.002112884000325721,42,A05,cross-session,AdaBN
180,16,1,1.0182774066925049,0.0021074020000924065,42,A05,cross-session,AdaBN
181,16,1,1.0361056327819824,0.002225199999884353,42,A05,cross-session,AdaBN
182,16,1,1.169438362121582,0.002154988999791385,42,A05,cross-session,AdaBN
183,16,0,1.0466012954711914,0.0021255370002108975,42,A05,cross-session,AdaBN
184,16,0,1.1473863124847412,0.0021793139999317646,42,A05,cross-session,AdaBN
185,16,0,1.0559720993041992,0.0023327640001298278,42,A05,cross-session,AdaBN
186,16,0,1.1076838970184326,0.002113835999807634,42,A05,cross-session,AdaBN
187,16,0,1.0992431640625,0.0021350470001380017,42,A05,cross-session,AdaBN
188,16,0,1.0367168188095093,0.0022213140000530984,42,A05,cross-session,AdaBN
189,16,0,1.1191647052764893,0.0021615199998450407,42,A05,cross-session,AdaBN
190,16,0,1.034902572631836,0.002179971999794361,42,A05,cross-session,AdaBN
191,16,0,1.0231688022613525,0.0021442879997266573,42,A05,cross-session,AdaBN
192,16,1,1.09794282913208,0.00219645400011359,42,A05,cross-session,AdaBN
193,16,0,1.092787742614746,0.002187663999848155,42,A05,cross-session,AdaBN
194,16,0,1.1677720546722412,0.002281419000155438,42,A05,cross-session,AdaBN
195,16,0,1.0950214862823486,0.0021250700001473888,42,A05,cross-session,AdaBN
196,16,0,1.045365571975708,0.0022231879997889337,42,A05,cross-session,AdaBN
197,16,0,1.1409776210784912,0.0021493640001608583,42,A05,cross-session,AdaBN
198,16,0,1.0860238075256348,0.002121931999681692,42,A05,cross-session,AdaBN
199,16,0,1.0692657232284546,0.0021586719999504567,42,A05,cross-session,AdaBN
200,16,1,1.0513525009155273,0.002290645999892149,42,A05,cross-session,AdaBN
201,16,1,1.0660123825073242,0.002132795999841619,42,A05,cross-session,AdaBN
202,16,0,1.0983233451843262,0.002159503999791923,42,A05,cross-session,AdaBN
203,16,0,0.9818974733352661,0.0022270459999162995,42,A05,cross-session,AdaBN
204,16,0,0.9986070990562439,0.002212076999967394,42,A05,cross-session,AdaBN
205,16,0,1.0857887268066406,0.002153571000235388,42,A05,cross-session,AdaBN
206,16,0,1.0446751117706299,0.0022184379999998782,42,A05,cross-session,AdaBN
207,16,0,1.0376665592193604,0.0021235550002529635,42,A05,cross-session,AdaBN
208,16,0,1.0915868282318115,0.002139854000233754,42,A05,cross-session,AdaBN
209,16,1,0.985622763633728,0.0022350709996317164,42,A05,cross-session,AdaBN
210,16,1,1.0154163837432861,0.002181419999942591,42,A05,cross-session,AdaBN
211,16,0,1.0697742700576782,0.0021706319998884283,42,A05,cross-session,AdaBN
212,16,0,0.9636532068252563,0.0022696060000271245,42,A05,cross-session,AdaBN
213,16,0,1.0706133842468262,0.0021447819999593776,42,A05,cross-session,AdaBN
214,16,0,1.018809199333191,0.0021043599999757134,42,A05,cross-session,AdaBN
215,16,0,1.0347113609313965,0.002204295999945316,42,A05,cross-session,AdaBN
216,16,1,1.0560475587844849,0.002112596999722882,42,A05,cross-session,AdaBN
217,16,0,1.1019536256790161,0.0021426120001706295,42,A05,cross-session,AdaBN
218,16,0,1.0938341617584229,0.0022543519999089767,42,A05,cross-session,AdaBN
219,16,1,1.018226146697998,0.002171430000089458,42,A05,cross-session,AdaBN
220,16,0,1.0704456567764282,0.002151065999896673,42,A05,cross-session,AdaBN
221,16,0,1.0251741409301758,0.0021301249998941785,42,A05,cross-session,AdaBN
222,16,0,1.0366871356964111,0.0022391549996427784,42,A05,cross-session,AdaBN
223,16,0,0.9899898171424866,0.0022103960000094958,42,A05,cross-session,AdaBN
224,16,1,1.0487579107284546,0.0021694370002478536,42,A05,cross-session,AdaBN
225,16,0,1.0565012693405151,0.0021095550000609364,42,A05,cross-session,AdaBN
226,16,0,1.141377568244934,0.002122357999724045,42,A05,cross-session,AdaBN
227,16,0,1.0391457080841064,0.0023292889995900623,42,A05,cross-session,AdaBN
228,16,0,1.0909771919250488,0.002171274999909656,42,A05,cross-session,AdaBN
229,16,0,1.158735990524292,0.0021183040003052156,42,A05,cross-session,AdaBN
230,16,0,1.0279948711395264,0.0022758860000067216,42,A05,cross-session,AdaBN
231,16,1,1.0560137033462524,0.0022655810003016086,42,A05,cross-session,AdaBN
232,16,0,1.1183465719223022,0.0020830419998674188,42,A05,cross-session,AdaBN
233,16,1,1.0930354595184326,0.002150479999727395,42,A05,cross-session,AdaBN
234,16,0,1.0270730257034302,0.0022132270000838616,42,A05,cross-session,AdaBN
235,16,0,1.06232488155365,0.002144229000350606,42,A05,cross-session,AdaBN
236,16,0,1.057542085647583,0.0021113920001880615,42,A05,cross-session,AdaBN
237,16,0,1.0937129259109497,0.002269265999984782,42,A05,cross-session,AdaBN
238,16,0,1.0332876443862915,0.0021463900002345326,42,A05,cross-session,AdaBN
239,16,0,1.0713446140289307,0.0021444099998007005,42,A05,cross-session,AdaBN
240,16,0,0.9945957660675049,0.002395001999957458,42,A05,cross-session,AdaBN
241,16,0,1.0487473011016846,0.0022781370003031043,42,A05,cross-session,AdaBN
242,16,0,1.1568924188613892,0.0021300029998201353,42,A05,cross-session,AdaBN
243,16,1,1.052206039428711,0.0021934289998171153,42,A05,cross-session,AdaBN
244,16,1,1.0036672353744507,0.00219102999972165,42,A05,cross-session,AdaBN
245,16,0,1.0616998672485352,0.0022691750000376487,42,A05,cross-session,AdaBN
246,16,0,0.9877897500991821,0.0022741809998478857,42,A05,cross-session,AdaBN
247,16,0,1.014134407043457,0.002076457999919512,42,A05,cross-session,AdaBN
248,16,1,1.1172796487808228,0.0021973480002088763,42,A05,cross-session,AdaBN
249,16,1,1.0689857006072998,0.002216930000031425,42,A05,cross-session,AdaBN
250,16,0,1.114016056060791,0.002044398000180081,42,A05,cross-session,AdaBN
251,16,1,0.9726225137710571,0.002044847999968624,42,A05,cross-session,AdaBN
252,16,0,1.0420489311218262,0.0020976700002393045,42,A05,cross-session,AdaBN
253,16,0,1.1041126251220703,0.0021242369998617505,42,A05,cross-session,AdaBN
254,16,0,1.0630714893341064,0.0021384229999057425,42,A05,cross-session,AdaBN
255,16,0,1.1210018396377563,0.0021609640002679953,42,A05,cross-session,AdaBN
256,16,0,1.1837854385375977,0.0020106099996155535,42,A05,cross-session,AdaBN
257,16,0,1.082399606704712,0.002008219999879657,42,A05,cross-session,AdaBN
258,16,0,1.0614778995513916,0.0020914500000799308,42,A05,cross-session,AdaBN
259,16,1,1.0139284133911133,0.002077191999887873,42,A05,cross-session,AdaBN
260,16,1,1.0345697402954102,0.002070865999939997,42,A05,cross-session,AdaBN
261,16,0,1.0550400018692017,0.0020743740001307742,42,A05,cross-session,AdaBN
262,16,0,1.1782584190368652,0.0020970549999219656,42,A05,cross-session,AdaBN
263,16,0,1.128361463546753,0.002048859000296943,42,A05,cross-session,AdaBN
264,16,0,0.9714990854263306,0.0020803849997719226,42,A05,cross-session,AdaBN
265,16,0,1.017216682434082,0.0021419680001599772,42,A05,cross-session,AdaBN
266,16,0,1.106332540512085,0.002069527999992715,42,A05,cross-session,AdaBN
267,16,1,1.1242587566375732,0.0020647300002565316,42,A05,cross-session,AdaBN
268,16,1,1.0570051670074463,0.0021283800001583586,42,A05,cross-session,AdaBN
269,16,0,1.1537597179412842,0.00201016700020773,42,A05,cross-session,AdaBN
270,16,0,1.085057258605957,0.002045745000032184,42,A05,cross-session,AdaBN
271,16,0,1.045394778251648,0.00210304400025052,42,A05,cross-session,AdaBN
272,16,1,0.96055668592453,0.0022611879999203666,42,A05,cross-session,AdaBN
273,16,1,1.0589041709899902,0.002574630000253819,42,A05,cross-session,AdaBN
274,16,0,1.1397725343704224,0.002188782999837713,42,A05,cross-session,AdaBN
275,16,1,1.1129435300827026,0.0020544750000226486,42,A05,cross-session,AdaBN
276,16,0,1.094958782196045,0.0020394839998516545,42,A05,cross-session,AdaBN
277,16,0,1.0273337364196777,0.0021221449997028685,42,A05,cross-session,AdaBN
278,16,0,1.1252553462982178,0.0020860569998149003,42,A05,cross-session,AdaBN
279,16,0,1.086743712425232,0.002103712000007363,42,A05,cross-session,AdaBN
280,16,0,1.049372911453247,0.0022551849997398676,42,A05,cross-session,AdaBN
281,16,0,1.0502870082855225,0.0021032370000284573,42,A05,cross-session,AdaBN
282,16,1,1.0495717525482178,0.0020780059999196965,42,A05,cross-session,AdaBN
283,16,0,1.0133910179138184,0.0021233229999779724,42,A05,cross-session,AdaBN
284,16,0,1.042612075805664,0.002101719000165758,42,A05,cross-session,AdaBN
285,16,1,1.0143518447875977,0.0020757409997713694,42,A05,cross-session,AdaBN
286,16,0,1.0770413875579834,0.0020688009999503265,42,A05,cross-session,AdaBN
287,16,0,1.072587251663208,0.0020504980002442608,42,A05,cross-session,AdaBN
0,1,1,1.2207810878753662,0.005982482000035816,42,A06,cross-session,AdaBN
1,2,1,0.9552788734436035,0.00547370399999636,42,A06,cross-session,AdaBN
2,3,1,1.246800184249878,0.004736166999919078,42,A06,cross-session,AdaBN
3,4,0,1.1094233989715576,0.004515160999744694,42,A06,cross-session,AdaBN
4,5,0,1.1479227542877197,0.0023091749999366584,42,A06,cross-session,AdaBN
5,6,1,1.1676363945007324,0.002456988000176352,42,A06,cross-session,AdaBN
6,7,1,1.1580207347869873,0.0025900040000124136,42,A06,cross-session,AdaBN
7,8,0,1.0081021785736084,0.0027866129998983524,42,A06,cross-session,AdaBN
8,9,0,1.2082557678222656,0.0033278110004175687,42,A06,cross-session,AdaBN
9,10,1,1.0329326391220093,0.00421393899978284,42,A06,cross-session,AdaBN
10,11,1,1.1052753925323486,0.004532100999767863,42,A06,cross-session,AdaBN
11,12,0,1.1006951332092285,0.003916197999842552,42,A06,cross-session,AdaBN
12,13,1,1.0093977451324463,0.003833744000075967,42,A06,cross-session,AdaBN
13,14,1,1.1230031251907349,0.0036236800001461233,42,A06,cross-session,AdaBN
14,15,0,1.1219500303268433,0.003685555000174645,42,A06,cross-session,AdaBN
15,16,0,1.1019912958145142,0.0034402940000290982,42,A06,cross-session,AdaBN
16,16,1,1.0751447677612305,0.0033710379998410644,42,A06,cross-session,AdaBN
17,16,1,0.9720892906188965,0.0033429279997108097,42,A06,cross-session,AdaBN
18,16,0,0.9863823056221008,0.0036300220003795403,42,A06,cross-session,AdaBN
19,16,1,1.1004478931427002,0.004022351999992679,42,A06,cross-session,AdaBN
20,16,0,1.0202875137329102,0.0047268210000765976,42,A06,cross-session,AdaBN
21,16,1,0.9832963347434998,0.005681798000296112,42,A06,cross-session,AdaBN
22,16,0,1.1100492477416992,0.006649730999924941,42,A06,cross-session,AdaBN
23,16,0,1.0963013172149658,0.0073859029998857295,42,A06,cross-session,AdaBN
24,16,0,1.0528486967086792,0.0073756770002546546,42,A06,cross-session,AdaBN
25,16,1,1.051445722579956,0.0073455140000078245,42,A06,cross-session,AdaBN
26,16,0,1.1120860576629639,0.006882598000174767,42,A06,cross-session,AdaBN
27,16,0,1.1713606119155884,0.006682509000256687,42,A06,cross-session,AdaBN
28,16,0,1.0415916442871094,0.006471722000242153,42,A06,cross-session,AdaBN
29,16,0,1.1514041423797607,0.006564342999809014,42,A06,cross-session,AdaBN
30,16,0,1.1186814308166504,0.007338443999742594,42,A06,cross-session,AdaBN
31,16,1,1.1784254312515259,0.007441899000241392,42,A06,cross-session,AdaBN
32,16,0,1.1167986392974854,0.0073857890001818305,42,A06,cross-session,AdaBN
33,16,1,1.168297290802002,0.007450876999882894,42,A06,cross-session,AdaBN
34,16,0,1.121168851852417,0.007869547000154853,42,A06,cross-session,AdaBN
35,16,1,1.1501977443695068,0.008195456999601447,42,A06,cross-session,AdaBN
36,16,1,1.039438009262085,0.007701333000113664,42,A06,cross-session,AdaBN
37,16,1,1.1099328994750977,0.007969175999733125,42,A06,cross-session,AdaBN
38,16,1,1.1270229816436768,0.00746176899974671,42,A06,cross-session,AdaBN
39,16,1,1.12545645236969,0.00749105899967617,42,A06,cross-session,AdaBN
40,16,0,1.0260173082351685,0.007361061000210611,42,A06,cross-session,AdaBN
41,16,0,1.1725540161132812,0.006808968000314053,42,A06,cross-session,AdaBN
42,16,0,1.0790112018585205,0.006586491000234673,42,A06,cross-session,AdaBN
43,16,0,1.0918244123458862,0.006241755000246485,42,A06,cross-session,AdaBN
44,16,0,1.0069336891174316,0.005659104000187654,42,A06,cross-session,AdaBN
45,16,0,1.112938404083252,0.005160033000265685,42,A06,cross-session,AdaBN
46,16,0,1.101848840713501,0.004766874000324606,42,A06,cross-session,AdaBN
47,16,0,1.1092591285705566,0.004579293999995571,42,A06,cross-session,AdaBN
48,16,1,1.150438666343689,0.004148244000134582,42,A06,cross-session,AdaBN
49,16,0,1.0723241567611694,0.0039340949997495045,42,A06,cross-session,AdaBN
50,16,1,1.0895717144012451,0.003787263000049279,42,A06,cross-session,AdaBN
51,16,1,1.037787914276123,0.0036559559998750046,42,A06,cross-session,AdaBN
52,16,0,1.1499269008636475,0.003530216999934055,42,A06,cross-session,AdaBN
53,16,0,1.1303513050079346,0.0033946660000765405,42,A06,cross-session,AdaBN
54,16,1,1.1542073488235474,0.003309296000225004,42,A06,cross-session,AdaBN
55,16,0,1.0842686891555786,0.003170072000102664,42,A06,cross-session,AdaBN
56,16,1,1.101327657699585,0.003071717999773682,42,A06,cross-session,AdaBN
57,16,0,1.1303324699401855,0.002928353000243078,42,A06,cross-session,AdaBN
58,16,0,1.0942206382751465,0.00270835299988903,42,A06,cross-session,AdaBN
59,16,0,1.0398056507110596,0.002559396999913588,42,A06,cross-session,AdaBN
60,16,1,1.1065618991851807,0.0023874559997238975,42,A06,cross-session,AdaBN
61,16,0,1.0675265789031982,0.0022708239998792124,42,A06,cross-session,AdaBN
62,16,0,1.034804105758667,0.0022817889998805185,42,A06,cross-session,AdaBN
63,16,0,1.1307885646820068,0.0021662320000359614,42,A06,cross-session,AdaBN
64,16,1,1.1372312307357788,0.002033322999977827,42,A06,cross-session,AdaBN
65,16,1,1.1419041156768799,0.0020776599999408063,42,A06,cross-session,AdaBN
66,16,0,1.132014513015747,0.0021706350003114494,42,A06,cross-session,AdaBN
67,16,0,1.1752901077270508,0.0021502270001292345,42,A06,cross-session,AdaBN
68,16,1,1.0780391693115234,0.0020959559997209,42,A06,cross-session,AdaBN
69,16,0,1.1335399150848389,0.002116681999723369,42,A06,cross-session,AdaBN
70,16,1,1.1146743297576904,0.001986124000268319,42,A06,cross-session,AdaBN
71,16,0,1.1605197191238403,0.0020331450000412588,42,A06,cross-session,AdaBN
72,16,0,1.0079467296600342,0.0018333749999328575,42,A06,cross-session,AdaBN
73,16,0,1.155399203300476,0.001972381000086898,42,A06,cross-session,AdaBN
74,16,0,1.153693437576294,0.0020423809996827913,42,A06,cross-session,AdaBN
75,16,0,1.1005678176879883,0.0019818239998130593,42,A06,cross-session,AdaBN
76,16,1,1.1584266424179077,0.0019619249997049337,42,A06,cross-session,AdaBN
77,16,0,1.0563576221466064,0.001901814000120794,42,A06,cross-session,AdaBN
78,16,0,1.01461660861969,0.0018940340000881406,42,A06,cross-session,AdaBN
79,16,1,1.040616750717163,0.0019092800002908916,42,A06,cross-session,AdaBN
80,16,0,1.1123137474060059,0.0019623079997472814,42,A06,cross-session,AdaBN
81,16,1,1.0784685611724854,0.002263290999962919,42,A06,cross-session,AdaBN
82,16,1,1.0871787071228027,0.0024416209998889826,42,A06,cross-session,AdaBN
83,16,0,1.0529799461364746,0.002766859000075783,42,A06,cross-session,AdaBN
84,16,1,1.0843889713287354,0.003090692000114359,42,A06,cross-session,AdaBN
85,16,0,1.1112005710601807,0.0035915290000048117,42,A06,cross-session,AdaBN
86,16,0,1.103738784790039,0.00428976800003511,42,A06,cross-session,AdaBN
87,16,0,1.080116629600525,0.0053205119997983275,42,A06,cross-session,AdaBN
88,16,1,1.0641108751296997,0.0061846529997637845,42,A06,cross-session,AdaBN
89,16,0,1.1549228429794312,0.0072658310000406345,42,A06,cross-session,AdaBN
90,16,1,1.0750426054000854,0.007431735999944067,42,A06,cross-session,AdaBN
91,16,0,1.0621941089630127,0.0074124349998783146,42,A06,cross-session,AdaBN
92,16,1,1.055081844329834,0.007417756999984704,42,A06,cross-session,AdaBN
93,16,1,1.1674156188964844,0.007275718000073539,42,A06,cross-session,AdaBN
94,16,1,1.1020276546478271,0.0068407060002755316,42,A06,cross-session,AdaBN
95,16,0,1.0941447019577026,0.006479879999915283,42,A06,cross-session,AdaBN
96,16,1,1.009301781654358,0.006200004999755038,42,A06,cross-session,AdaBN
97,16,0,1.142655611038208,0.0057775790000960114,42,A06,cross-session,AdaBN
98,16,0,1.0170012712478638,0.005353816000024381,42,A06,cross-session,AdaBN
99,16,0,1.0731828212738037,0.004880389999925683,42,A06,cross-session,AdaBN
100,16,1,1.0542914867401123,0.0051570769996942545,42,A06,cross-session,AdaBN
101,16,0,1.0667698383331299,0.004845766000016738,42,A06,cross-session,AdaBN
102,16,1,1.0044400691986084,0.004560210999898118,42,A06,cross-session,AdaBN
103,16,0,1.0527912378311157,0.004358098000011523,42,A06,cross-session,AdaBN
104,16,0,1.0124574899673462,0.0040638800001033815,42,A06,cross-session,AdaBN
105,16,1,1.0555298328399658,0.00391324700012774,42,A06,cross-session,AdaBN
106,16,1,1.0060991048812866,0.003875558000345336,42,A06,cross-session,AdaBN
107,16,0,1.0018059015274048,0.0037386819999483123,42,A06,cross-session,AdaBN
108,16,1,1.0026994943618774,0.003567581999959657,42,A06,cross-session,AdaBN
109,16,1,0.9821833372116089,0.0034164409998993506,42,A06,cross-session,AdaBN
110,16,0,1.0459880828857422,0.0031864630000200123,42,A06,cross-session,AdaBN
111,16,1,1.0120995044708252,0.0031100649998734298,42,A06,cross-session,AdaBN
112,16,0,0.9334311485290527,0.002909020000060991,42,A06,cross-session,AdaBN
113,16,1,1.0635470151901245,0.002791135999814287,42,A06,cross-session,AdaBN
114,16,1,1.0532516241073608,0.0026965020001625817,42,A06,cross-session,AdaBN
115,16,1,1.0440117120742798,0.002729299000293395,42,A06,cross-session,AdaBN
116,16,1,0.9923511743545532,0.0025860359996841,42,A06,cross-session,AdaBN
117,16,1,1.0466140508651733,0.0023435749999407562,42,A06,cross-session,AdaBN
118,16,1,0.9930516481399536,0.0023532590003014775,42,A06,cross-session,AdaBN
119,16,0,0.9988101720809937,0.002243352999812487,42,A06,cross-session,AdaBN
120,16,0,1.0021491050720215,0.0024360389998037135,42,A06,cross-session,AdaBN
121,16,0,0.9217489957809448,0.0023914309999781835,42,A06,cross-session,AdaBN
122,16,0,1.0649585723876953,0.0023965469999893685,42,A06,cross-session,AdaBN
123,16,1,0.9912511706352234,0.0022852900001453236,42,A06,cross-session,AdaBN
124,16,1,1.007877230644226,0.002370889999838255,42,A06,cross-session,AdaBN
125,16,0,1.0029828548431396,0.002260049000142317,42,A06,cross-session,AdaBN
126,16,0,1.0667808055877686,0.0023002679999990505,42,A06,cross-session,AdaBN
127,16,1,1.0165066719055176,0.002276902000176051,42,A06,cross-session,AdaBN
128,16,0,1.0182099342346191,0.002170168999782618,42,A06,cross-session,AdaBN
129,16,0,1.0756614208221436,0.002257742999972834,42,A06,cross-session,AdaBN
130,16,1,1.0427603721618652,0.0022348630000124103,42,A06,cross-session,AdaBN
131,16,0,1.0172119140625,0.00221569300038027,42,A06,cross-session,AdaBN
132,16,0,1.0047333240509033,0.0021832659999745374,42,A06,cross-session,AdaBN
133,16,1,1.1023049354553223,0.002114892999998119,42,A06,cross-session,AdaBN
134,16,0,1.0305598974227905,0.0020863549998466624,42,A06,cross-session,AdaBN
135,16,1,1.09891676902771,0.00209417999985817,42,A06,cross-session,AdaBN
136,16,1,1.0296968221664429,0.0020954990000063844,42,A06,cross-session,AdaBN
137,16,0,1.0182181596755981,0.002119536000009248,42,A06,cross-session,AdaBN
138,16,1,0.9886772632598877,0.002083038999899145,42,A06,cross-session,AdaBN
139,16,0,0.951058566570282,0.0020246479998604627,42,A06,cross-session,AdaBN
140,16,1,0.9696296453475952,0.0020185240000500926,42,A06,cross-session,AdaBN
141,16,0,0.955898106098175,0.0019837580002786126,42,A06,cross-session,AdaBN
142,16,1,0.9937530755996704,0.0019503079997775785,42,A06,cross-session,AdaBN
143,16,0,0.9978165626525879,0.001950402000147733,42,A06,cross-session,AdaBN
144,16,0,1.0311529636383057,0.0019020350000573671,42,A06,cross-session,AdaBN
145,16,1,1.002823829650879,0.00190948199997365,42,A06,cross-session,AdaBN
146,16,1,1.0308523178100586,0.0018451659998390824,42,A06,cross-session,AdaBN
147,16,1,1.0301227569580078,0.001875934000054258,42,A06,cross-session,AdaBN
148,16,0,0.9219555854797363,0.0018759099998533202,42,A06,cross-session,AdaBN
149,16,1,0.9378061294555664,0.0019683240002450475,42,A06,cross-session,AdaBN
150,16,0,1.000823974609375,0.0020908229998894967,42,A06,cross-session,AdaBN
151,16,0,0.9224643707275391,0.0019724670000869082,42,A06,cross-session,AdaBN
152,16,0,0.9819765686988831,0.0019797560003098624,42,A06,cross-session,AdaBN
153,16,1,1.0901479721069336,0.002034149000337493,42,A06,cross-session,AdaBN
154,16,0,1.0499579906463623,0.002002177000122174,42,A06,cross-session,AdaBN
155,16,0,0.9417475461959839,0.0019668590002765995,42,A06,cross-session,AdaBN
156,16,1,1.063141942024231,0.0019448309999461344,42,A06,cross-session,AdaBN
157,16,0,1.0711886882781982,0.001940810999712994,42,A06,cross-session,AdaBN
158,16,0,1.0662314891815186,0.001999858000090171,42,A06,cross-session,AdaBN
159,16,0,1.0237420797348022,0.002037293999819667,42,A06,cross-session,AdaBN
160,16,0,0.9336346387863159,0.0020486690000325325,42,A06,cross-session,AdaBN
161,16,0,0.9976257085800171,0.0020051999999850523,42,A06,cross-session,AdaBN
162,16,0,0.9660378694534302,0.0019783560001087608,42,A06,cross-session,AdaBN
163,16,1,1.0049333572387695,0.002058137999938481,42,A06,cross-session,AdaBN
164,16,0,1.0150096416473389,0.001981747999707295,42,A06,cross-session,AdaBN
165,16,0,1.0897787809371948,0.0019393210000089312,42,A06,cross-session,AdaBN
166,16,0,1.0839927196502686,0.0020414919999893755,42,A06,cross-session,AdaBN
167,16,1,1.040000557899475,0.001970380999864574,42,A06,cross-session,AdaBN
168,16,0,1.0477668046951294,0.0019397099999878264,42,A06,cross-session,AdaBN
169,16,0,1.0142314434051514,0.0019711410000127216,42,A06,cross-session,AdaBN
170,16,1,0.999847948551178,0.0022030869999980496,42,A06,cross-session,AdaBN
171,16,0,0.9824798107147217,0.0020932329998686328,42,A06,cross-session,AdaBN
172,16,0,1.0286908149719238,0.0020905609999317676,42,A06,cross-session,AdaBN
173,16,1,0.980638861656189,0.0021352460003072338,42,A06,cross-session,AdaBN
174,16,0,1.0216788053512573,0.002040160999968066,42,A06,cross-session,AdaBN
175,16,0,1.0010724067687988,0.002033437000136473,42,A06,cross-session,AdaBN
176,16,0,0.9928994178771973,0.002102561999890895,42,A06,cross-session,AdaBN
177,16,1,1.0923664569854736,0.0020537800000965944,42,A06,cross-session,AdaBN
178,16,0,1.0976663827896118,0.0020739480000884214,42,A06,cross-session,AdaBN
179,16,0,1.0248204469680786,0.0020609090001926234,42,A06,cross-session,AdaBN
180,16,0,0.9836817979812622,0.0020599839999704272,42,A06,cross-session,AdaBN
181,16,1,1.0652401447296143,0.0021705979997932445,42,A06,cross-session,AdaBN
182,16,0,1.0299627780914307,0.0021264659999360447,42,A06,cross-session,AdaBN
183,16,0,0.9168410301208496,0.002102505999573623,42,A06,cross-session,AdaBN
184,16,0,1.056307315826416,0.0020580830000653805,42,A06,cross-session,AdaBN
185,16,0,0.985959529876709,0.002089097999942169,42,A06,cross-session,AdaBN
186,16,0,1.116315245628357,0.0021650840003530902,42,A06,cross-session,AdaBN
187,16,0,1.088064432144165,0.0024268090000987286,42,A06,cross-session,AdaBN
188,16,0,0.9326870441436768,0.0021302150003066345,42,A06,cross-session,AdaBN
189,16,1,1.0553297996520996,0.002177282000047853,42,A06,cross-session,AdaBN
190,16,0,0.9178292155265808,0.0021237119999568677,42,A06,cross-session,AdaBN
191,16,0,1.0483906269073486,0.002147965999938606,42,A06,cross-session,AdaBN
192,16,0,1.051803469657898,0.0021601710000140883,42,A06,cross-session,AdaBN
193,16,1,0.9607600569725037,0.0020997639999222883,42,A06,cross-session,AdaBN
194,16,1,1.043825387954712,0.002157266999802232,42,A06,cross-session,AdaBN
195,16,0,1.0072084665298462,0.0022684929999741144,42,A06,cross-session,AdaBN
196,16,1,0.9684802293777466,0.0020954629999323515,42,A06,cross-session,AdaBN
197,16,1,1.108459234237671,0.0021260640000946296,42,A06,cross-session,AdaBN
198,16,1,1.0614116191864014,0.002248671999950602,42,A06,cross-session,AdaBN
199,16,1,0.9938828945159912,0.0020990070001971617,42,A06,cross-session,AdaBN
200,16,0,0.9433701038360596,0.0020951330002390023,42,A06,cross-session,AdaBN
201,16,0,1.0502581596374512,0.0021999030000188213,42,A06,cross-session,AdaBN
202,16,0,1.07112717628479,0.002093972000238864,42,A06,cross-session,AdaBN
203,16,1,0.994568943977356,0.0020953200000803918,42,A06,cross-session,AdaBN
204,16,1,1.0958136320114136,0.0021445269999276206,42,A06,cross-session,AdaBN
205,16,0,1.041043996810913,0.0021422370000436786,42,A06,cross-session,AdaBN
206,16,0,1.0144309997558594,0.002205174999744486,42,A06,cross-session,AdaBN
207,16,0,1.1157565116882324,0.0021475309999914316,42,A06,cross-session,AdaBN
208,16,0,1.1511406898498535,0.002164771000025212,42,A06,cross-session,AdaBN
209,16,0,1.1120644807815552,0.002106604999880801,42,A06,cross-session,AdaBN
210,16,0,1.1291306018829346,0.002403469999990193,42,A06,cross-session,AdaBN
211,16,1,0.9456572532653809,0.002193402000102651,42,A06,cross-session,AdaBN
212,16,0,1.0190083980560303,0.00214464600003339,42,A06,cross-session,AdaBN
213,16,1,1.0545768737792969,0.0021234840000943223,42,A06,cross-session,AdaBN
214,16,0,1.0631873607635498,0.002221510999788734,42,A06,cross-session,AdaBN
215,16,0,1.0483711957931519,0.0023113150000426685,42,A06,cross-session,AdaBN
216,16,1,1.077174186706543,0.0025907609997375403,42,A06,cross-session,AdaBN
217,16,0,1.1105190515518188,0.0025181350001730607,42,A06,cross-session,AdaBN
218,16,1,1.0560665130615234,0.002708963999793923,42,A06,cross-session,AdaBN
219,16,1,1.0936259031295776,0.0028869399998256995,42,A06,cross-session,AdaBN
220,16,0,1.0282766819000244,0.0030920529998184065,42,A06,cross-session,AdaBN
221,16,0,1.0585992336273193,0.003397942999981751,42,A06,cross-session,AdaBN
222,16,0,1.039046287536621,0.0039980279998417245,42,A06,cross-session,AdaBN
223,16,0,1.0182664394378662,0.004751121999561292,42,A06,cross-session,AdaBN
224,16,1,1.1082663536071777,0.005560796999816375,42,A06,cross-session,AdaBN
225,16,0,0.9800728559494019,0.005511632000434474,42,A06,cross-session,AdaBN
226,16,1,1.0806066989898682,0.005276789000163262,42,A06,cross-session,AdaBN
227,16,0,1.054687261581421,0.00517903500031025,42,A06,cross-session,AdaBN
228,16,1,0.997626006603241,0.005023294999773498,42,A06,cross-session,AdaBN
229,16,0,0.990393877029419,0.00476376500000697,42,A06,cross-session,AdaBN
230,16,0,1.045447587966919,0.004436391000126605,42,A06,cross-session,AdaBN
231,16,0,1.0502421855926514,0.0042491789999985485,42,A06,cross-session,AdaBN
232,16,0,0.9564845561981201,0.004163755000263336,42,A06,cross-session,AdaBN
233,16,0,1.0614869594573975,0.003948086999571387,42,A06,cross-session,AdaBN
234,16,0,1.026202917098999,0.0036142799999652198,42,A06,cross-session,AdaBN
235,16,1,0.9817385673522949,0.004334429999744316,42,A06,cross-session,AdaBN
236,16,0,1.0086687803268433,0.005619217999992543,42,A06,cross-session,AdaBN
237,16,1,1.0630316734313965,0.00722690100019463,42,A06,cross-session,AdaBN
238,16,0,1.0370986461639404,0.007411731000047439,42,A06,cross-session,AdaBN
239,16,1,1.0964744091033936,0.007384251999610569,42,A06,cross-session,AdaBN
240,16,0,1.0233062505722046,0.007598624999900494,42,A06,cross-session,AdaBN
241,16,1,0.9832416772842407,0.007578484000077879,42,A06,cross-session,AdaBN
242,16,1,1.0449072122573853,0.007555406999927072,42,A06,cross-session,AdaBN
243,16,0,0.88388991355896,0.007527220000156376,42,A06,cross-session,AdaBN
244,16,1,0.9874074459075928,0.007417971999984729,42,A06,cross-session,AdaBN
245,16,0,0.8416653275489807,0.007792178000272543,42,A06,cross-session,AdaBN
246,16,0,1.0248520374298096,0.007357944999967003,42,A06,cross-session,AdaBN
247,16,0,0.9599407315254211,0.0073667880001266894,42,A06,cross-session,AdaBN
248,16,0,1.0270957946777344,0.007413719000396668,42,A06,cross-session,AdaBN
249,16,1,1.1184704303741455,0.007386274000054982,42,A06,cross-session,AdaBN
250,16,1,1.0004061460494995,0.007387914999981149,42,A06,cross-session,AdaBN
251,16,0,1.0130614042282104,0.007453555999745731,42,A06,cross-session,AdaBN
252,16,0,1.0655856132507324,0.00740434199997253,42,A06,cross-session,AdaBN
253,16,0,1.0603834390640259,0.007370048000211682,42,A06,cross-session,AdaBN
254,16,0,1.066713809967041,0.007414626999889151,42,A06,cross-session,AdaBN
255,16,1,1.0242102146148682,0.00720769300005486,42,A06,cross-session,AdaBN
256,16,0,0.9850692749023438,0.006862888999876304,42,A06,cross-session,AdaBN
257,16,1,1.0624339580535889,0.006224982999810891,42,A06,cross-session,AdaBN
258,16,1,1.1138863563537598,0.005752830999881553,42,A06,cross-session,AdaBN
259,16,1,1.0653430223464966,0.005400032999659743,42,A06,cross-session,AdaBN
260,16,1,1.102269172668457,0.0051876779998565326,42,A06,cross-session,AdaBN
261,16,0,0.9178853034973145,0.005096383999898535,42,A06,cross-session,AdaBN
262,16,0,1.0935521125793457,0.004557626999940112,42,A06,cross-session,AdaBN
263,16,0,1.073401927947998,0.004202547999739181,42,A06,cross-session,AdaBN
264,16,1,1.0343282222747803,0.003994871000031708,42,A06,cross-session,AdaBN
265,16,0,0.9305431842803955,0.0033641270001680823,42,A06,cross-session,AdaBN
266,16,0,0.9649068117141724,0.0029108230000929325,42,A06,cross-session,AdaBN
267,16,0,1.0626490116119385,0.0024838440003804862,42,A06,cross-session,AdaBN
268,16,1,0.9979655146598816,0.002217082999777631,42,A06,cross-session,AdaBN
269,16,1,1.001207947731018,0.00202751899996656,42,A06,cross-session,AdaBN
270,16,1,0.9369667768478394,0.001895407999654708,42,A06,cross-session,AdaBN
271,16,1,0.9901449680328369,0.0017870159999802127,42,A06,cross-session,AdaBN
272,16,1,0.9749912619590759,0.0016600330000073882,42,A06,cross-session,AdaBN
273,16,0,1.0006413459777832,0.0015671510000174749,42,A06,cross-session,AdaBN
274,16,1,1.0628352165222168,0.0016071820000433945,42,A06,cross-session,AdaBN
275,16,0,0.8473784327507019,0.0015779830000610673,42,A06,cross-session,AdaBN
276,16,0,0.9762753844261169,0.0016253239996331104,42,A06,cross-session,AdaBN
277,16,0,0.962110698223114,0.001641193000068597,42,A06,cross-session,AdaBN
278,16,0,1.0810078382492065,0.00159226599998874,42,A06,cross-session,AdaBN
279,16,1,1.005140781402588,0.0016983850000542589,42,A06,cross-session,AdaBN
280,16,0,0.8597185015678406,0.0016280009999718459,42,A06,cross-session,AdaBN
281,16,0,1.0086827278137207,0.0015780060002725804,42,A06,cross-session,AdaBN
282,16,0,0.9481738805770874,0.0016811680002319918,42,A06,cross-session,AdaBN
283,16,0,1.0474281311035156,0.001642554000227392,42,A06,cross-session,AdaBN
284,16,1,1.045906901359558,0.0015965829998094705,42,A06,cross-session,AdaBN
285,16,0,1.056325912475586,0.0015816540003470436,42,A06,cross-session,AdaBN
286,16,1,0.8785734176635742,0.001710168000045087,42,A06,cross-session,AdaBN
287,16,0,1.0480021238327026,0.001993069000036485,42,A06,cross-session,AdaBN
0,1,0,1.3081185817718506,0.0029925209996690683,42,A07,cross-session,AdaBN
1,2,0,1.1094204187393188,0.003134866999971564,42,A07,cross-session,AdaBN
2,3,1,1.253722906112671,0.0025989259997913905,42,A07,cross-session,AdaBN
3,4,0,1.1642553806304932,0.0026030939998236136,42,A07,cross-session,AdaBN
4,5,0,1.1973659992218018,0.0025017279999701714,42,A07,cross-session,AdaBN
5,6,1,0.9618356227874756,0.002489815999979328,42,A07,cross-session,AdaBN
6,7,1,1.036449909210205,0.0023328879997279728,42,A07,cross-session,AdaBN
7,8,0,1.0064176321029663,0.002231971999663074,42,A07,cross-session,AdaBN
8,9,0,1.0237935781478882,0.0022935899996809894,42,A07,cross-session,AdaBN
9,10,1,1.0998454093933105,0.0020731370000248717,42,A07,cross-session,AdaBN
10,11,0,1.1735070943832397,0.0018114409999725467,42,A07,cross-session,AdaBN
11,12,0,1.0999094247817993,0.0016323810000358208,42,A07,cross-session,AdaBN
12,13,0,1.1693779230117798,0.001575266999680025,42,A07,cross-session,AdaBN
13,14,0,1.0753682851791382,0.0016211770002882986,42,A07,cross-session,AdaBN
14,15,1,1.0790127515792847,0.0016102210001918138,42,A07,cross-session,AdaBN
15,16,0,1.076924204826355,0.0016895149997253611,42,A07,cross-session,AdaBN
16,16,0,1.147244930267334,0.0017867529995783116,42,A07,cross-session,AdaBN
17,16,0,1.1615149974822998,0.0018368799997006136,42,A07,cross-session,AdaBN
18,16,0,1.098341464996338,0.0017597080000086862,42,A07,cross-session,AdaBN
19,16,1,1.1161752939224243,0.0017077340003197605,42,A07,cross-session,AdaBN
20,16,1,1.1769431829452515,0.0018378609997853346,42,A07,cross-session,AdaBN
21,16,1,1.0759353637695312,0.0019050869996135589,42,A07,cross-session,AdaBN
22,16,1,1.1023316383361816,0.002174196999931155,42,A07,cross-session,AdaBN
23,16,0,1.0910933017730713,0.0019481760000417125,42,A07,cross-session,AdaBN
24,16,1,1.148910641670227,0.0021171350003896805,42,A07,cross-session,AdaBN
25,16,0,1.1436145305633545,0.001794949000213819,42,A07,cross-session,AdaBN
26,16,1,1.1666769981384277,0.001814964000004693,42,A07,cross-session,AdaBN
27,16,0,1.1034083366394043,0.0017658960000517254,42,A07,cross-session,AdaBN
28,16,0,1.1072657108306885,0.0017989480002142955,42,A07,cross-session,AdaBN
29,16,0,1.1087429523468018,0.0018416299999444163,42,A07,cross-session,AdaBN
30,16,1,1.0777614116668701,0.0018124419998457597,42,A07,cross-session,AdaBN
31,16,0,1.1325782537460327,0.0018484269999134995,42,A07,cross-session,AdaBN
32,16,1,1.1224886178970337,0.001983433000077639,42,A07,cross-session,AdaBN
33,16,0,1.1385232210159302,0.0020197179997012427,42,A07,cross-session,AdaBN
34,16,1,1.0833210945129395,0.0019907379996766394,42,A07,cross-session,AdaBN
35,16,1,1.0559550523757935,0.0019593569995777216,42,A07,cross-session,AdaBN
36,16,1,1.0978188514709473,0.0020077519998267235,42,A07,cross-session,AdaBN
37,16,1,1.1178749799728394,0.001963618999980099,42,A07,cross-session,AdaBN
38,16,0,1.0492011308670044,0.0019460600001366402,42,A07,cross-session,AdaBN
39,16,0,1.1234174966812134,0.0019456770000942925,42,A07,cross-session,AdaBN
40,16,1,1.0719220638275146,0.001950183000190009,42,A07,cross-session,AdaBN
41,16,0,1.0159273147583008,0.001989609000247583,42,A07,cross-session,AdaBN
42,16,0,1.1277626752853394,0.002086627000153385,42,A07,cross-session,AdaBN
43,16,0,1.0769457817077637,0.0021205110001574212,42,A07,cross-session,AdaBN
44,16,0,1.01882004737854,0.0021319289999155444,42,A07,cross-session,AdaBN
45,16,0,1.0563828945159912,0.0021206219998930464,42,A07,cross-session,AdaBN
46,16,1,1.0299161672592163,0.0021353319998524967,42,A07,cross-session,AdaBN
47,16,1,0.9731350541114807,0.0021120930000506632,42,A07,cross-session,AdaBN
48,16,0,1.1033252477645874,0.0021426910002446675,42,A07,cross-session,AdaBN
49,16,0,0.9741096496582031,0.002149151999674359,42,A07,cross-session,AdaBN
50,16,0,1.083182454109192,0.002105044000018097,42,A07,cross-session,AdaBN
51,16,0,1.1169577836990356,0.0020934579997629044,42,A07,cross-session,AdaBN
52,16,0,1.0381437540054321,0.0021401760000117065,42,A07,cross-session,AdaBN
53,16,1,1.0574073791503906,0.0021841170000698185,42,A07,cross-session,AdaBN
54,16,0,1.0524837970733643,0.002134224999736034,42,A07,cross-session,AdaBN
55,16,0,1.1070754528045654,0.002157632000034937,42,A07,cross-session,AdaBN
56,16,0,1.0914452075958252,0.002222075000190671,42,A07,cross-session,AdaBN
57,16,0,1.0865013599395752,0.0022317980001389515,42,A07,cross-session,AdaBN
58,16,0,1.126281976699829,0.0022084860001996276,42,A07,cross-session,AdaBN
59,16,1,0.9722925424575806,0.0022350790000018605,42,A07,cross-session,AdaBN
60,16,0,1.0956065654754639,0.002209854999819072,42,A07,cross-session,AdaBN
61,16,1,1.1186470985412598,0.0021331980001377815,42,A07,cross-session,AdaBN
62,16,0,1.1041505336761475,0.002127910000126576,42,A07,cross-session,AdaBN
63,16,0,0.9945554733276367,0.00208791300019584,42,A07,cross-session,AdaBN
64,16,1,1.064666986465454,0.002176340000005439,42,A07,cross-session,AdaBN
65,16,1,1.0634442567825317,0.0021360130003813538,42,A07,cross-session,AdaBN
66,16,0,0.9993526935577393,0.002087414000015997,42,A07,cross-session,AdaBN
67,16,1,1.0397577285766602,0.0020813539999835484,42,A07,cross-session,AdaBN
68,16,1,1.0685462951660156,0.002118419999987964,42,A07,cross-session,AdaBN
69,16,1,1.0769751071929932,0.0021366649998526555,42,A07,cross-session,AdaBN
70,16,1,0.9945247769355774,0.0020937439999215712,42,A07,cross-session,AdaBN
71,16,0,0.9751395583152771,0.0021200440000939125,42,A07,cross-session,AdaBN
72,16,1,0.9356861114501953,0.0020850760001849267,42,A07,cross-session,AdaBN
73,16,1,1.0528310537338257,0.002066186000320158,42,A07,cross-session,AdaBN
74,16,1,1.0511164665222168,0.002124214999639662,42,A07,cross-session,AdaBN
75,16,0,0.9795485734939575,0.0020983250001336273,42,A07,cross-session,AdaBN
76,16,1,1.0045702457427979,0.0020669550003731274,42,A07,cross-session,AdaBN
77,16,0,1.0645575523376465,0.0020599649997166125,42,A07,cross-session,AdaBN
78,16,1,1.0123485326766968,0.002049947000159591,42,A07,cross-session,AdaBN
79,16,1,0.98170006275177,0.002064482000150747,42,A07,cross-session,AdaBN
80,16,0,1.0893471240997314,0.002153811000425776,42,A07,cross-session,AdaBN
81,16,0,1.1047067642211914,0.0020981309999115183,42,A07,cross-session,AdaBN
82,16,0,1.0120954513549805,0.002070824999918841,42,A07,cross-session,AdaBN
83,16,0,1.1098239421844482,0.0020535809999273624,42,A07,cross-session,AdaBN
84,16,1,0.9977273344993591,0.0020587839999279822,42,A07,cross-session,AdaBN
85,16,0,0.9458792805671692,0.002054303000022628,42,A07,cross-session,AdaBN
86,16,1,0.9244698882102966,0.0020789109998986532,42,A07,cross-session,AdaBN
87,16,1,0.8855388164520264,0.0021832610000274144,42,A07,cross-session,AdaBN
88,16,0,1.0647094249725342,0.002135004999672674,42,A07,cross-session,AdaBN
89,16,0,1.0380818843841553,0.0021061729999019008,42,A07,cross-session,AdaBN
90,16,0,1.0851223468780518,0.0021185909999985597,42,A07,cross-session,AdaBN
91,16,0,0.9843236207962036,0.0021345499999370077,42,A07,cross-session,AdaBN
92,16,0,1.0376636981964111,0.002114186999733647,42,A07,cross-session,AdaBN
93,16,0,0.9939385652542114,0.002154959000108647,42,A07,cross-session,AdaBN
94,16,0,1.0441374778747559,0.0021176989998821227,42,A07,cross-session,AdaBN
95,16,0,0.9472396373748779,0.0020993299999645387,42,A07,cross-session,AdaBN
96,16,1,0.9812982082366943,0.002202700999987428,42,A07,cross-session,AdaBN
97,16,1,0.9831352233886719,0.0021632510001836636,42,A07,cross-session,AdaBN
98,16,0,1.0846145153045654,0.002149195999663789,42,A07,cross-session,AdaBN
99,16,0,1.038712739944458,0.0021398109997790016,42,A07,cross-session,AdaBN
100,16,0,1.0593304634094238,0.0021860070000911946,42,A07,cross-session,AdaBN
101,16,0,0.9459946155548096,0.002144672000213177,42,A07,cross-session,AdaBN
102,16,0,0.990778923034668,0.0021345610002754256,42,A07,cross-session,AdaBN
103,16,0,1.0324585437774658,0.002163416999792389,42,A07,cross-session,AdaBN
104,16,0,1.07096529006958,0.0021724939997511683,42,A07,cross-session,AdaBN
105,16,0,1.021934151649475,0.0021457069997268263,42,A07,cross-session,AdaBN
106,16,1,1.0376518964767456,0.0021503540001504007,42,A07,cross-session,AdaBN
107,16,0,1.1273019313812256,0.002131664999978966,42,A07,cross-session,AdaBN
108,16,0,0.8918192982673645,0.0021550850001403887,42,A07,cross-session,AdaBN
109,16,1,0.9914552569389343,0.002183608999985154,42,A07,cross-session,AdaBN
110,16,0,1.0107421875,0.0021452559999488585,42,A07,cross-session,AdaBN
111,16,0,0.9659210443496704,0.0021407799999906274,42,A07,cross-session,AdaBN
112,16,0,0.9547778964042664,0.002202749999923981,42,A07,cross-session,AdaBN
113,16,1,1.0141630172729492,0.002143533000435127,42,A07,cross-session,AdaBN
114,16,0,1.0775762796401978,0.0021278849999362137,42,A07,cross-session,AdaBN
115,16,0,1.009393334388733,0.0021505169997908524,42,A07,cross-session,AdaBN
116,16,0,0.964059591293335,0.002158132999738882,42,A07,cross-session,AdaBN
117,16,1,0.9304987788200378,0.0021844860002602218,42,A07,cross-session,AdaBN
118,16,0,1.0968601703643799,0.002150415999949473,42,A07,cross-session,AdaBN
119,16,0,1.0246093273162842,0.0021321560002434126,42,A07,cross-session,AdaBN
120,16,0,0.9648847579956055,0.002135684000222682,42,A07,cross-session,AdaBN
121,16,1,0.9312022924423218,0.0022065289999773086,42,A07,cross-session,AdaBN
122,16,0,1.0705289840698242,0.0021416820000013104,42,A07,cross-session,AdaBN
123,16,0,1.039185643196106,0.0021553400001721457,42,A07,cross-session,AdaBN
124,16,0,1.0839056968688965,0.002162871999644267,42,A07,cross-session,AdaBN
125,16,0,0.9787590503692627,0.0021766680001746863,42,A07,cross-session,AdaBN
126,16,0,1.0079145431518555,0.0021704410000893404,42,A07,cross-session,AdaBN
127,16,1,0.9960219860076904,0.0021488540000973444,42,A07,cross-session,AdaBN
128,16,0,0.9897299408912659,0.002164010999877064,42,A07,cross-session,AdaBN
129,16,1,1.0929934978485107,0.00220011000010345,42,A07,cross-session,AdaBN
130,16,0,0.9750866293907166,0.002160806000119919,42,A07,cross-session,AdaBN
131,16,0,0.9500944018363953,0.0021484149997377244,42,A07,cross-session,AdaBN
132,16,1,0.988373339176178,0.0021305289997144428,42,A07,cross-session,AdaBN
133,16,0,0.9606934785842896,0.002182648000143672,42,A07,cross-session,AdaBN
134,16,1,0.9591922760009766,0.0021295159999681346,42,A07,cross-session,AdaBN
135,16,1,0.999920666217804,0.0021353310003178194,42,A07,cross-session,AdaBN
136,16,1,1.012831449508667,0.0021476740002981387,42,A07,cross-session,AdaBN
137,16,0,1.015615463256836,0.0021738580003329844,42,A07,cross-session,AdaBN
138,16,0,0.991774320602417,0.002143832999990991,42,A07,cross-session,AdaBN
139,16,0,0.9945050477981567,0.0021301070000845357,42,A07,cross-session,AdaBN
140,16,0,0.9527353048324585,0.002144530000350642,42,A07,cross-session,AdaBN
141,16,0,0.9588140249252319,0.002155356999992364,42,A07,cross-session,AdaBN
142,16,0,0.9967384338378906,0.0021473150000019814,42,A07,cross-session,AdaBN
143,16,1,1.035324215888977,0.0021577829998022935,42,A07,cross-session,AdaBN
144,16,0,0.9625056982040405,0.002128153999819915,42,A07,cross-session,AdaBN
145,16,1,1.0614490509033203,0.0021173529999032326,42,A07,cross-session,AdaBN
146,16,1,1.0152757167816162,0.002198691000103281,42,A07,cross-session,AdaBN
147,16,1,1.040969729423523,0.0021747659998254676,42,A07,cross-session,AdaBN
148,16,0,1.056531310081482,0.002122414000041317,42,A07,cross-session,AdaBN
149,16,1,1.027754306793213,0.002195737999954872,42,A07,cross-session,AdaBN
150,16,0,1.1316256523132324,0.002158065000003262,42,A07,cross-session,AdaBN
151,16,1,1.0409178733825684,0.0021325329998944653,42,A07,cross-session,AdaBN
152,16,0,1.0259274244308472,0.0021864260002075753,42,A07,cross-session,AdaBN
153,16,1,1.0825700759887695,0.0021641650000674417,42,A07,cross-session,AdaBN
154,16,1,0.9423628449440002,0.002158680999855278,42,A07,cross-session,AdaBN
155,16,0,1.0343818664550781,0.0021569020000242745,42,A07,cross-session,AdaBN
156,16,0,0.999652624130249,0.002146212999832642,42,A07,cross-session,AdaBN
157,16,0,0.9851250052452087,0.0020824400003220944,42,A07,cross-session,AdaBN
158,16,0,0.9892870187759399,0.0021514830000342045,42,A07,cross-session,AdaBN
159,16,0,0.9911365509033203,0.002123740000115504,42,A07,cross-session,AdaBN
160,16,0,1.0766934156417847,0.002083017000131804,42,A07,cross-session,AdaBN
161,16,0,1.0409265756607056,0.002093407999836927,42,A07,cross-session,AdaBN
162,16,1,1.0125125646591187,0.002068378999865672,42,A07,cross-session,AdaBN
163,16,1,0.9432257413864136,0.0020515890000751824,42,A07,cross-session,AdaBN
164,16,0,0.9800510406494141,0.0021180999997341132,42,A07,cross-session,AdaBN
165,16,0,1.0634946823120117,0.0021151949999875796,42,A07,cross-session,AdaBN
166,16,1,0.9967291951179504,0.0020817080003325827,42,A07,cross-session,AdaBN
167,16,0,1.0794415473937988,0.0020442099998945196,42,A07,cross-session,AdaBN
168,16,1,1.0886380672454834,0.002068895999855158,42,A07,cross-session,AdaBN
169,16,1,0.8921635150909424,0.0020431789998838212,42,A07,cross-session,AdaBN
170,16,0,1.0474050045013428,0.0020339120001153788,42,A07,cross-session,AdaBN
171,16,0,0.9512872695922852,0.002083295999909751,42,A07,cross-session,AdaBN
172,16,0,1.0318081378936768,0.0020429080000212707,42,A07,cross-session,AdaBN
173,16,0,1.0110905170440674,0.002036561000295478,42,A07,cross-session,AdaBN
174,16,0,1.0430306196212769,0.0020531479999590374,42,A07,cross-session,AdaBN
175,16,1,0.9789339303970337,0.0020384639997246268,42,A07,cross-session,AdaBN
176,16,1,1.0485706329345703,0.0020385190000524744,42,A07,cross-session,AdaBN
177,16,0,0.9731199741363525,0.00203744700002062,42,A07,cross-session,AdaBN
178,16,0,1.0193796157836914,0.0020404929996402643,42,A07,cross-session,AdaBN
179,16,1,1.0345369577407837,0.0020107160003135505,42,A07,cross-session,AdaBN
180,16,0,0.9063031077384949,0.002020178999828204,42,A07,cross-session,AdaBN
181,16,0,0.9899811148643494,0.002047068000138097,42,A07,cross-session,AdaBN
182,16,0,1.0665262937545776,0.0020188810003674007,42,A07,cross-session,AdaBN
183,16,0,0.9885165691375732,0.001995647000057943,42,A07,cross-session,AdaBN
184,16,0,1.005659580230713,0.0020292350000090664,42,A07,cross-session,AdaBN
185,16,0,1.011232614517212,0.0020288790001359303,42,A07,cross-session,AdaBN
186,16,0,0.9631736278533936,0.002012606999869604,42,A07,cross-session,AdaBN
187,16,0,0.9708040356636047,0.0020286509998186375,42,A07,cross-session,AdaBN
188,16,0,1.0410003662109375,0.0020712599998660153,42,A07,cross-session,AdaBN
189,16,1,0.9721020460128784,0.0020617870000023686,42,A07,cross-session,AdaBN
190,16,1,0.9277138113975525,0.002038199000253371,42,A07,cross-session,AdaBN
191,16,1,0.943774938583374,0.0020094040000913083,42,A07,cross-session,AdaBN
192,16,0,0.9837952852249146,0.0020126290000916924,42,A07,cross-session,AdaBN
193,16,1,1.0875424146652222,0.002002925999931904,42,A07,cross-session,AdaBN
194,16,1,0.87840336561203,0.0020460519999687676,42,A07,cross-session,AdaBN
195,16,0,0.942704975605011,0.002023309999913181,42,A07,cross-session,AdaBN
196,16,1,0.9941621422767639,0.0020127610000599816,42,A07,cross-session,AdaBN
197,16,0,1.047330379486084,0.002029618000051414,42,A07,cross-session,AdaBN
198,16,0,0.8402664661407471,0.0020298489998822333,42,A07,cross-session,AdaBN
199,16,0,1.0120272636413574,0.002014744999996765,42,A07,cross-session,AdaBN
200,16,1,1.0264157056808472,0.002009842999996181,42,A07,cross-session,AdaBN
201,16,0,0.9797669649124146,0.002006147999964014,42,A07,cross-session,AdaBN
202,16,0,0.9625729322433472,0.002009481000186497,42,A07,cross-session,AdaBN
203,16,1,1.0282268524169922,0.002001801999995223,42,A07,cross-session,AdaBN
204,16,1,0.9586665034294128,0.0020369389999359555,42,A07,cross-session,AdaBN
205,16,1,0.8872244358062744,0.00202058400009264,42,A07,cross-session,AdaBN
206,16,0,0.898909330368042,0.002058731000033731,42,A07,cross-session,AdaBN
207,16,1,0.8731390833854675,0.002084359000036784,42,A07,cross-session,AdaBN
208,16,0,0.9065324664115906,0.002076149999993504,42,A07,cross-session,AdaBN
209,16,1,0.9766430258750916,0.0020585789998222026,42,A07,cross-session,AdaBN
210,16,0,0.9315716624259949,0.0020558390001497173,42,A07,cross-session,AdaBN
211,16,0,1.1171705722808838,0.002045613000063895,42,A07,cross-session,AdaBN
212,16,0,0.9373776912689209,0.002029984999808221,42,A07,cross-session,AdaBN
213,16,0,0.9448542594909668,0.002028147999681096,42,A07,cross-session,AdaBN
214,16,1,1.043117642402649,0.0020438999999896623,42,A07,cross-session,AdaBN
215,16,1,0.9453610181808472,0.0020409830003700336,42,A07,cross-session,AdaBN
216,16,1,0.9778737425804138,0.002046279000296636,42,A07,cross-session,AdaBN
217,16,0,0.8675485849380493,0.002085652999994636,42,A07,cross-session,AdaBN
218,16,0,0.966352105140686,0.0020356449999781034,42,A07,cross-session,AdaBN
219,16,0,1.0128560066223145,0.0020273669997550314,42,A07,cross-session,AdaBN
220,16,0,0.9761165976524353,0.0020521980000012263,42,A07,cross-session,AdaBN
221,16,0,0.891204833984375,0.002066594999632798,42,A07,cross-session,AdaBN
222,16,1,0.9878970980644226,0.0020651690001614043,42,A07,cross-session,AdaBN
223,16,0,1.0732228755950928,0.002043501000116521,42,A07,cross-session,AdaBN
224,16,1,0.9421461820602417,0.0020346940000308678,42,A07,cross-session,AdaBN
225,16,0,0.9478691220283508,0.002019725000081962,42,A07,cross-session,AdaBN
226,16,0,0.9584451913833618,0.0020399529998940125,42,A07,cross-session,AdaBN
227,16,0,0.962986409664154,0.002037651000136975,42,A07,cross-session,AdaBN
228,16,1,0.9603398442268372,0.002027624000220385,42,A07,cross-session,AdaBN
229,16,0,0.9276480078697205,0.0020344030003798252,42,A07,cross-session,AdaBN
230,16,1,0.9166428446769714,0.0020754779998242157,42,A07,cross-session,AdaBN
231,16,0,0.8968417644500732,0.0020516240001597907,42,A07,cross-session,AdaBN
232,16,0,0.8972955942153931,0.0020814149997931963,42,A07,cross-session,AdaBN
233,16,0,0.8761938810348511,0.0021262389996081765,42,A07,cross-session,AdaBN
234,16,0,0.9547725915908813,0.0021702670001104707,42,A07,cross-session,AdaBN
235,16,0,0.9023559093475342,0.0020503890000327374,42,A07,cross-session,AdaBN
236,16,0,0.9955587387084961,0.0021079369998915354,42,A07,cross-session,AdaBN
237,16,1,1.08391535282135,0.002062512000065908,42,A07,cross-session,AdaBN
238,16,0,1.0148111581802368,0.002018554000187578,42,A07,cross-session,AdaBN
239,16,0,0.9989621639251709,0.0020376139996187703,42,A07,cross-session,AdaBN
240,16,0,0.9998182058334351,0.0020216879997860815,42,A07,cross-session,AdaBN
241,16,0,1.03017258644104,0.0020210180000503897,42,A07,cross-session,AdaBN
242,16,0,1.0365359783172607,0.002017890999923111,42,A07,cross-session,AdaBN
243,16,0,0.9611630439758301,0.0020909500003654102,42,A07,cross-session,AdaBN
244,16,1,0.9600960612297058,0.002086468000015884,42,A07,cross-session,AdaBN
245,16,1,1.018883466720581,0.0020363640001050953,42,A07,cross-session,AdaBN
246,16,1,1.0033133029937744,0.0020479260001593502,42,A07,cross-session,AdaBN
247,16,0,1.0419056415557861,0.0020321760002843803,42,A07,cross-session,AdaBN
248,16,0,1.118478536605835,0.002019691999976203,42,A07,cross-session,AdaBN
249,16,1,1.0978431701660156,0.0020162490000075195,42,A07,cross-session,AdaBN
250,16,0,0.9586055278778076,0.0020619709998754843,42,A07,cross-session,AdaBN
251,16,0,0.9877212047576904,0.002040598999883514,42,A07,cross-session,AdaBN
252,16,0,0.956070065498352,0.0020213620000504307,42,A07,cross-session,AdaBN
253,16,1,0.9175934791564941,0.002156588000161719,42,A07,cross-session,AdaBN
254,16,0,0.989325761795044,0.002319633999832149,42,A07,cross-session,AdaBN
255,16,1,0.9815754890441895,0.0023151720001806098,42,A07,cross-session,AdaBN
256,16,1,0.9233677983283997,0.002138025999556703,42,A07,cross-session,AdaBN
257,16,0,0.9067832827568054,0.002116007000040554,42,A07,cross-session,AdaBN
258,16,0,0.9534385800361633,0.002178957000069204,42,A07,cross-session,AdaBN
259,16,0,0.8250604867935181,0.0022185600000739214,42,A07,cross-session,AdaBN
260,16,1,0.8396929502487183,0.002081874999930733,42,A07,cross-session,AdaBN
261,16,1,0.7144324779510498,0.0020506920000116224,42,A07,cross-session,AdaBN
262,16,0,0.9194619655609131,0.0020969720003449765,42,A07,cross-session,AdaBN
263,16,0,0.9250057935714722,0.002131323999947199,42,A07,cross-session,AdaBN
264,16,1,0.888563871383667,0.002096955000070011,42,A07,cross-session,AdaBN
265,16,1,0.7229282855987549,0.0021272290000524663,42,A07,cross-session,AdaBN
266,16,0,0.8556939363479614,0.002075986999898305,42,A07,cross-session,AdaBN
267,16,0,0.9279232025146484,0.002064542999960395,42,A07,cross-session,AdaBN
268,16,1,0.9475678205490112,0.00206122100007633,42,A07,cross-session,AdaBN
269,16,0,0.89754319190979,0.0021187269999245473,42,A07,cross-session,AdaBN
270,16,0,0.9847238063812256,0.002171620999888546,42,A07,cross-session,AdaBN
271,16,1,0.7109367251396179,0.0021114189999025257,42,A07,cross-session,AdaBN
272,16,0,1.077652931213379,0.002113602000008541,42,A07,cross-session,AdaBN
273,16,1,0.943378210067749,0.002098227000260522,42,A07,cross-session,AdaBN
274,16,1,0.9627788066864014,0.0021227639999779058,42,A07,cross-session,AdaBN
275,16,1,0.8692665100097656,0.0021664890000465675,42,A07,cross-session,AdaBN
276,16,0,0.9417140483856201,0.0021250429999781772,42,A07,cross-session,AdaBN
277,16,0,0.9689401388168335,0.0021105199998601165,42,A07,cross-session,AdaBN
278,16,0,0.9565979242324829,0.0021372229998632974,42,A07,cross-session,AdaBN
279,16,0,0.9483360052108765,0.0021960640001452703,42,A07,cross-session,AdaBN
280,16,0,0.9706214666366577,0.0021496579997801746,42,A07,cross-session,AdaBN
281,16,0,1.0203142166137695,0.0022111909997875046,42,A07,cross-session,AdaBN
282,16,0,0.8709906935691833,0.0022557739998774196,42,A07,cross-session,AdaBN
283,16,0,0.9530259370803833,0.0022827940001661773,42,A07,cross-session,AdaBN
284,16,1,1.0527019500732422,0.002227597999990394,42,A07,cross-session,AdaBN
285,16,0,1.0028433799743652,0.0021673989999726473,42,A07,cross-session,AdaBN
286,16,1,0.9308525323867798,0.0022355300002345757,42,A07,cross-session,AdaBN
287,16,0,0.9550776481628418,0.0021767719999843393,42,A07,cross-session,AdaBN
0,1,1,1.0906881093978882,0.003045423999992636,42,A08,cross-session,AdaBN
1,2,1,0.8510637283325195,0.002388327000062418,42,A08,cross-session,AdaBN
2,3,1,0.360787957906723,0.0024584079997111985,42,A08,cross-session,AdaBN
3,4,0,0.7179535627365112,0.0026910699998552445,42,A08,cross-session,AdaBN
4,5,1,0.6183580756187439,0.002680257000065467,42,A08,cross-session,AdaBN
5,6,0,0.6503443717956543,0.0026271790002283524,42,A08,cross-session,AdaBN
6,7,1,0.6476804614067078,0.002456645000165736,42,A08,cross-session,AdaBN
7,8,0,0.7445040345191956,0.0023999099998945894,42,A08,cross-session,AdaBN
8,9,1,0.6880208849906921,0.0023681930001657747,42,A08,cross-session,AdaBN
9,10,0,0.7024109363555908,0.002440592000311881,42,A08,cross-session,AdaBN
10,11,0,0.7488700151443481,0.002250252000067121,42,A08,cross-session,AdaBN
11,12,1,0.6809124946594238,0.001762510999924416,42,A08,cross-session,AdaBN
12,13,1,0.6457542777061462,0.0017524670001876075,42,A08,cross-session,AdaBN
13,14,1,0.5912415981292725,0.0017067489998225938,42,A08,cross-session,AdaBN
14,15,0,0.7590237259864807,0.0019097330000477086,42,A08,cross-session,AdaBN
15,16,1,0.6457676887512207,0.0018976549999933923,42,A08,cross-session,AdaBN
16,16,1,0.7335240244865417,0.0018565899999885005,42,A08,cross-session,AdaBN
17,16,1,0.5822061896324158,0.0017407400000593043,42,A08,cross-session,AdaBN
18,16,1,0.575294017791748,0.001816284000142332,42,A08,cross-session,AdaBN
19,16,0,0.6472496390342712,0.0017586670001037419,42,A08,cross-session,AdaBN
20,16,0,0.66159987449646,0.0018473519999133714,42,A08,cross-session,AdaBN
21,16,1,0.612452507019043,0.0021059290002085618,42,A08,cross-session,AdaBN
22,16,1,0.6642515063285828,0.002008294000006572,42,A08,cross-session,AdaBN
23,16,0,0.6093540191650391,0.0019085290000475652,42,A08,cross-session,AdaBN
24,16,1,0.6579166650772095,0.001826845999858051,42,A08,cross-session,AdaBN
25,16,1,0.5606727600097656,0.001935360000061337,42,A08,cross-session,AdaBN
26,16,0,0.5939110517501831,0.0018756750000648026,42,A08,cross-session,AdaBN
27,16,0,0.662858784198761,0.0019128369999634742,42,A08,cross-session,AdaBN
28,16,0,0.526837170124054,0.0018266459996993945,42,A08,cross-session,AdaBN
29,16,0,0.616487979888916,0.0018566570001894434,42,A08,cross-session,AdaBN
30,16,1,0.5515584945678711,0.001921080000101938,42,A08,cross-session,AdaBN
31,16,1,0.6386425495147705,0.0018182590001742938,42,A08,cross-session,AdaBN
32,16,1,0.6533310413360596,0.00188037699990673,42,A08,cross-session,AdaBN
33,16,1,0.5676689147949219,0.00205368000024464,42,A08,cross-session,AdaBN
34,16,1,0.654529333114624,0.00211438399992403,42,A08,cross-session,AdaBN
35,16,1,0.6028120517730713,0.0020249530002729443,42,A08,cross-session,AdaBN
36,16,1,0.6716227531433105,0.0020459480001591146,42,A08,cross-session,AdaBN
37,16,1,0.670137882232666,0.0020960060001016245,42,A08,cross-session,AdaBN
38,16,1,0.5460221767425537,0.0020682670001406223,42,A08,cross-session,AdaBN
39,16,1,0.5559831857681274,0.00204397399966183,42,A08,cross-session,AdaBN
40,16,1,0.5754972696304321,0.0020294390001254214,42,A08,cross-session,AdaBN
41,16,1,0.6479920148849487,0.0020117980002396507,42,A08,cross-session,AdaBN
42,16,0,0.5963947176933289,0.002011834999848361,42,A08,cross-session,AdaBN
43,16,0,0.6148170232772827,0.0020547669996631157,42,A08,cross-session,AdaBN
44,16,1,0.7093048095703125,0.002035001999956876,42,A08,cross-session,AdaBN
45,16,1,0.4996577501296997,0.0020106570000280044,42,A08,cross-session,AdaBN
46,16,1,0.5717523097991943,0.0020492530002229614,42,A08,cross-session,AdaBN
47,16,1,0.5788237452507019,0.002063325000108307,42,A08,cross-session,AdaBN
48,16,1,0.7010921835899353,0.0020394440002746705,42,A08,cross-session,AdaBN
49,16,1,0.5824940800666809,0.002052439000181039,42,A08,cross-session,AdaBN
50,16,1,0.5802913904190063,0.0021114860001034685,42,A08,cross-session,AdaBN
51,16,1,0.7009260654449463,0.002140598000096361,42,A08,cross-session,AdaBN
52,16,1,0.6456471681594849,0.0021176049999667157,42,A08,cross-session,AdaBN
53,16,1,0.630407989025116,0.002124041999650217,42,A08,cross-session,AdaBN
54,16,1,0.6003613471984863,0.0021158270001251367,42,A08,cross-session,AdaBN
55,16,1,0.5756980180740356,0.002192325000123674,42,A08,cross-session,AdaBN
56,16,0,0.5604212284088135,0.0021900609999647713,42,A08,cross-session,AdaBN
57,16,1,0.6532025933265686,0.0021405080001386523,42,A08,cross-session,AdaBN
58,16,1,0.6419546604156494,0.002143587000318803,42,A08,cross-session,AdaBN
59,16,0,0.8120607137680054,0.0021422390000225278,42,A08,cross-session,AdaBN
60,16,0,0.6377418637275696,0.0021493640001608583,42,A08,cross-session,AdaBN
61,16,1,0.6989907026290894,0.0021485770002982463,42,A08,cross-session,AdaBN
62,16,1,0.7134470343589783,0.0022025559997018718,42,A08,cross-session,AdaBN
63,16,1,0.540776252746582,0.0021431420000226353,42,A08,cross-session,AdaBN
64,16,1,0.6806324124336243,0.002149721000023419,42,A08,cross-session,AdaBN
65,16,1,0.5737075209617615,0.002164604999961739,42,A08,cross-session,AdaBN
66,16,1,0.757260799407959,0.002168577000247751,42,A08,cross-session,AdaBN
67,16,1,0.5736907124519348,0.002150026999970578,42,A08,cross-session,AdaBN
68,16,1,0.6996347904205322,0.002207705000273563,42,A08,cross-session,AdaBN
69,16,1,0.7415963411331177,0.0021903900001234433,42,A08,cross-session,AdaBN
70,16,1,0.5977320075035095,0.002194027999848913,42,A08,cross-session,AdaBN
71,16,1,0.6159422397613525,0.002224937999926624,42,A08,cross-session,AdaBN
72,16,1,0.6811379194259644,0.002216047999809234,42,A08,cross-session,AdaBN
73,16,1,0.5470367074012756,0.0021915309998803423,42,A08,cross-session,AdaBN
74,16,1,0.6033147573471069,0.002217252000264125,42,A08,cross-session,AdaBN
75,16,1,0.4990612268447876,0.0022194460002538108,42,A08,cross-session,AdaBN
76,16,1,0.4746212661266327,0.002176941000016086,42,A08,cross-session,AdaBN
77,16,1,0.555574893951416,0.002204521000294335,42,A08,cross-session,AdaBN
78,16,1,0.4386937618255615,0.0021913309997216857,42,A08,cross-session,AdaBN
79,16,0,0.47972723841667175,0.0021644260000357463,42,A08,cross-session,AdaBN
80,16,1,0.47717151045799255,0.0022017769997546566,42,A08,cross-session,AdaBN
81,16,1,0.5005114674568176,0.0021750880000581674,42,A08,cross-session,AdaBN
82,16,1,0.7389090657234192,0.002186139000059484,42,A08,cross-session,AdaBN
83,16,0,0.5233643651008606,0.0022187599997778307,42,A08,cross-session,AdaBN
84,16,1,0.6268354654312134,0.002164279000226088,42,A08,cross-session,AdaBN
85,16,1,0.6242918968200684,0.0021577469997282606,42,A08,cross-session,AdaBN
86,16,1,0.5805432200431824,0.002179921999868384,42,A08,cross-session,AdaBN
87,16,0,0.5720740556716919,0.002184457000112161,42,A08,cross-session,AdaBN
88,16,0,0.5981091856956482,0.0021656230001099175,42,A08,cross-session,AdaBN
89,16,1,0.6712756752967834,0.002174646000185021,42,A08,cross-session,AdaBN
90,16,0,0.6224671602249146,0.002220411000052991,42,A08,cross-session,AdaBN
91,16,0,0.5960901975631714,0.0021827870000379335,42,A08,cross-session,AdaBN
92,16,1,0.6852835416793823,0.0021441839999170043,42,A08,cross-session,AdaBN
93,16,1,0.560469388961792,0.002150079999864829,42,A08,cross-session,AdaBN
94,16,1,0.654194176197052,0.0021758289999525005,42,A08,cross-session,AdaBN
95,16,1,0.6805899143218994,0.0021670769997399475,42,A08,cross-session,AdaBN
96,16,1,0.6876876950263977,0.002083284000036656,42,A08,cross-session,AdaBN
97,16,0,0.720329999923706,0.0020557930001814384,42,A08,cross-session,AdaBN
98,16,1,0.4784672260284424,0.002060390000224288,42,A08,cross-session,AdaBN
99,16,1,0.6324629187583923,0.0020940960002917564,42,A08,cross-session,AdaBN
100,16,1,0.6257591843605042,0.002074319999792351,42,A08,cross-session,AdaBN
101,16,0,0.6748337149620056,0.002058521999970253,42,A08,cross-session,AdaBN
102,16,1,0.6009030342102051,0.002103649999753543,42,A08,cross-session,AdaBN
103,16,1,0.7326368093490601,0.002087019000100554,42,A08,cross-session,AdaBN
104,16,1,0.6423755884170532,0.0020629460000236577,42,A08,cross-session,AdaBN
105,16,1,0.678385317325592,0.0020947289999639906,42,A08,cross-session,AdaBN
106,16,1,0.6247185468673706,0.002120479999575764,42,A08,cross-session,AdaBN
107,16,1,0.6834543347358704,0.0020735879998028395,42,A08,cross-session,AdaBN
108,16,0,0.6257431507110596,0.0021077199999126606,42,A08,cross-session,AdaBN
109,16,1,0.6532785892486572,0.002072492000024795,42,A08,cross-session,AdaBN
110,16,0,0.6507068872451782,0.0020561950000228535,42,A08,cross-session,AdaBN
111,16,1,0.7374972701072693,0.002133259999936854,42,A08,cross-session,AdaBN
112,16,1,0.7522850632667542,0.0021726439999838476,42,A08,cross-session,AdaBN
113,16,0,0.6075734496116638,0.0020673199996963376,42,A08,cross-session,AdaBN
114,16,1,0.6236870884895325,0.002028023000093526,42,A08,cross-session,AdaBN
115,16,1,0.6030710339546204,0.002083076999952027,42,A08,cross-session,AdaBN
116,16,1,0.7001846432685852,0.0020495759999903385,42,A08,cross-session,AdaBN
117,16,1,0.638459324836731,0.002058396999927936,42,A08,cross-session,AdaBN
118,16,1,0.5335413217544556,0.002106537000145181,42,A08,cross-session,AdaBN
119,16,1,0.6281527280807495,0.0020440450002752186,42,A08,cross-session,AdaBN
120,16,1,0.6278455853462219,0.0020353659997454088,42,A08,cross-session,AdaBN
121,16,1,0.729110836982727,0.0020523580001281516,42,A08,cross-session,AdaBN
122,16,0,0.7237818837165833,0.002034318999903917,42,A08,cross-session,AdaBN
123,16,1,0.50432950258255,0.0020444649999262765,42,A08,cross-session,AdaBN
124,16,0,0.5242860317230225,0.00209077099998467,42,A08,cross-session,AdaBN
125,16,1,0.7238472104072571,0.0020750779999616498,42,A08,cross-session,AdaBN
126,16,1,0.5779238343238831,0.0020430169997780467,42,A08,cross-session,AdaBN
127,16,1,0.6391410827636719,0.0020613639999282896,42,A08,cross-session,AdaBN
128,16,0,0.718191385269165,0.002082787000290409,42,A08,cross-session,AdaBN
129,16,1,0.6477307081222534,0.0020547020003505168,42,A08,cross-session,AdaBN
130,16,0,0.6132292151451111,0.0020476719996622705,42,A08,cross-session,AdaBN
131,16,0,0.6380353569984436,0.002139441000053921,42,A08,cross-session,AdaBN
132,16,1,0.6156880855560303,0.0020756539997819345,42,A08,cross-session,AdaBN
133,16,1,0.6933481693267822,0.0020607360002031783,42,A08,cross-session,AdaBN
134,16,1,0.728569507598877,0.0020794119996025984,42,A08,cross-session,AdaBN
135,16,1,0.7317855358123779,0.002059207999991486,42,A08,cross-session,AdaBN
136,16,1,0.5403531193733215,0.0020448209997994127,42,A08,cross-session,AdaBN
137,16,0,0.6362912654876709,0.0020555549999698997,42,A08,cross-session,AdaBN
138,16,0,0.5563719272613525,0.002074434999940422,42,A08,cross-session,AdaBN
139,16,1,0.6204420328140259,0.002099825999721361,42,A08,cross-session,AdaBN
140,16,0,0.5188866257667542,0.0020680829998127592,42,A08,cross-session,AdaBN
141,16,0,0.5691518783569336,0.0020584849999067956,42,A08,cross-session,AdaBN
142,16,1,0.7010710835456848,0.002076977999877272,42,A08,cross-session,AdaBN
143,16,1,0.6803686618804932,0.0020305070001995773,42,A08,cross-session,AdaBN
144,16,0,0.5911054015159607,0.002055633000054513,42,A08,cross-session,AdaBN
145,16,1,0.6319413781166077,0.0020331119999354996,42,A08,cross-session,AdaBN
146,16,0,0.624337375164032,0.002038628000263998,42,A08,cross-session,AdaBN
147,16,1,0.5651856064796448,0.0020615150001503935,42,A08,cross-session,AdaBN
148,16,0,0.6512904763221741,0.002031807999628654,42,A08,cross-session,AdaBN
149,16,1,0.5473116040229797,0.0020071330000064336,42,A08,cross-session,AdaBN
150,16,1,0.6315211057662964,0.0020786590002899175,42,A08,cross-session,AdaBN
151,16,1,0.6508139371871948,0.002050266999958694,42,A08,cross-session,AdaBN
152,16,1,0.6404469013214111,0.0020195440001771203,42,A08,cross-session,AdaBN
153,16,1,0.6661924719810486,0.0020632760001717543,42,A08,cross-session,AdaBN
154,16,1,0.47532230615615845,0.0020655630000874226,42,A08,cross-session,AdaBN
155,16,1,0.5123327970504761,0.0020420719997673586,42,A08,cross-session,AdaBN
156,16,0,0.7745184898376465,0.0020141660002082062,42,A08,cross-session,AdaBN
157,16,0,0.6760061979293823,0.002051082999969367,42,A08,cross-session,AdaBN
158,16,1,0.7679658532142639,0.0020561010001074465,42,A08,cross-session,AdaBN
159,16,0,0.7101361751556396,0.002012533000197436,42,A08,cross-session,AdaBN
160,16,1,0.6873468160629272,0.0020206529998176848,42,A08,cross-session,AdaBN
161,16,1,0.710678219795227,0.002047766000032425,42,A08,cross-session,AdaBN
162,16,1,0.6514766216278076,0.0020844159998887335,42,A08,cross-session,AdaBN
163,16,0,0.734027624130249,0.002067238000108773,42,A08,cross-session,AdaBN
164,16,0,0.7673311829566956,0.002027366000220354,42,A08,cross-session,AdaBN
165,16,1,0.6634103059768677,0.0020147069999438827,42,A08,cross-session,AdaBN
166,16,0,0.680975615978241,0.002006776000143873,42,A08,cross-session,AdaBN
167,16,1,0.7453604936599731,0.0020154040003035334,42,A08,cross-session,AdaBN
168,16,1,0.6167534589767456,0.002020592000008037,42,A08,cross-session,AdaBN
169,16,1,0.6923423409461975,0.0020138099998803227,42,A08,cross-session,AdaBN
170,16,1,0.6426017880439758,0.002062264999949548,42,A08,cross-session,AdaBN
171,16,0,0.6103057861328125,0.0020540909999908763,42,A08,cross-session,AdaBN
172,16,1,0.5895321369171143,0.0020294589999139134,42,A08,cross-session,AdaBN
173,16,1,0.6726122498512268,0.0020346890000837448,42,A08,cross-session,AdaBN
174,16,1,0.6697179675102234,0.002052138000181003,42,A08,cross-session,AdaBN
175,16,1,0.6274402737617493,0.0020304699996813724,42,A08,cross-session,AdaBN
176,16,1,0.5713825225830078,0.002030737000040972,42,A08,cross-session,AdaBN
177,16,1,0.5304490327835083,0.00203675500006284,42,A08,cross-session,AdaBN
178,16,1,0.4633939862251282,0.0020508419997895544,42,A08,cross-session,AdaBN
179,16,0,0.5327978134155273,0.0020649440002671327,42,A08,cross-session,AdaBN
180,16,1,0.6905422806739807,0.0020782660003533238,42,A08,cross-session,AdaBN
181,16,0,0.5601245164871216,0.0021181410002100165,42,A08,cross-session,AdaBN
182,16,1,0.5062857866287231,0.002070688000003429,42,A08,cross-session,AdaBN
183,16,1,0.5277291536331177,0.0021218090000729717,42,A08,cross-session,AdaBN
184,16,1,0.5227832794189453,0.00210733199992319,42,A08,cross-session,AdaBN
185,16,1,0.5501598715782166,0.0020486160001382814,42,A08,cross-session,AdaBN
186,16,1,0.46792685985565186,0.0020772819998455816,42,A08,cross-session,AdaBN
187,16,1,0.657761812210083,0.0020691189997705806,42,A08,cross-session,AdaBN
188,16,0,0.6295787692070007,0.0020511449997684394,42,A08,cross-session,AdaBN
189,16,1,0.6360848546028137,0.0020848159997512994,42,A08,cross-session,AdaBN
190,16,1,0.582585334777832,0.002052107000054093,42,A08,cross-session,AdaBN
191,16,0,0.6885017156600952,0.0020708849997390644,42,A08,cross-session,AdaBN
192,16,1,0.7383597493171692,0.00203422499998851,42,A08,cross-session,AdaBN
193,16,1,0.6914372444152832,0.002064412999970955,42,A08,cross-session,AdaBN
194,16,1,0.7255373001098633,0.0020831129995713127,42,A08,cross-session,AdaBN
195,16,1,0.6159119009971619,0.0020604660003300523,42,A08,cross-session,AdaBN
196,16,0,0.5505728721618652,0.0021109759995852073,42,A08,cross-session,AdaBN
197,16,0,0.7101582288742065,0.0020466789997044543,42,A08,cross-session,AdaBN
198,16,0,0.6365309953689575,0.0020317620001151226,42,A08,cross-session,AdaBN
199,16,1,0.6598613262176514,0.0020518589999483083,42,A08,cross-session,AdaBN
200,16,1,0.6449145674705505,0.0020453030001590378,42,A08,cross-session,AdaBN
201,16,0,0.7108300924301147,0.0020076119999430375,42,A08,cross-session,AdaBN
202,16,1,0.7433212995529175,0.0020599660001607845,42,A08,cross-session,AdaBN
203,16,1,0.699986457824707,0.002036446000147407,42,A08,cross-session,AdaBN
204,16,1,0.6158381700515747,0.0020271970001886075,42,A08,cross-session,AdaBN
205,16,1,0.5284048914909363,0.002049137000085466,42,A08,cross-session,AdaBN
206,16,0,0.4711289405822754,0.002023718000145891,42,A08,cross-session,AdaBN
207,16,1,0.5355464220046997,0.0020303190003687632,42,A08,cross-session,AdaBN
208,16,1,0.5202375650405884,0.0020105369999328104,42,A08,cross-session,AdaBN
209,16,0,0.4271829128265381,0.0020621869998649345,42,A08,cross-session,AdaBN
210,16,1,0.4454377293586731,0.002030929999818909,42,A08,cross-session,AdaBN
211,16,0,0.40149569511413574,0.002012113000091631,42,A08,cross-session,AdaBN
212,16,0,0.4618404507637024,0.0020679059998656157,42,A08,cross-session,AdaBN
213,16,1,0.48622170090675354,0.0020464619997255795,42,A08,cross-session,AdaBN
214,16,1,0.4176718294620514,0.002029311999649508,42,A08,cross-session,AdaBN
215,16,1,0.30648869276046753,0.0020378149997668515,42,A08,cross-session,AdaBN
216,16,1,0.42803099751472473,0.002048436000222864,42,A08,cross-session,AdaBN
217,16,1,0.4254944324493408,0.002021623000018735,42,A08,cross-session,AdaBN
218,16,0,0.33938026428222656,0.002029156999924453,42,A08,cross-session,AdaBN
219,16,0,0.3690744936466217,0.002050223999958689,42,A08,cross-session,AdaBN
220,16,1,0.5409353971481323,0.002043586999661784,42,A08,cross-session,AdaBN
221,16,1,0.4688219428062439,0.0020329229996605136,42,A08,cross-session,AdaBN
222,16,1,0.49853506684303284,0.0020915289996992215,42,A08,cross-session,AdaBN
223,16,1,0.4655335545539856,0.0020421310000529047,42,A08,cross-session,AdaBN
224,16,1,0.4894476532936096,0.002028786999744625,42,A08,cross-session,AdaBN
225,16,0,0.525879979133606,0.002052547999937815,42,A08,cross-session,AdaBN
226,16,1,0.7173575162887573,0.002034015999925032,42,A08,cross-session,AdaBN
227,16,0,0.5617424249649048,0.002032187000168051,42,A08,cross-session,AdaBN
228,16,1,0.598855197429657,0.0020276219997867884,42,A08,cross-session,AdaBN
229,16,1,0.6639256477355957,0.0020859699998254655,42,A08,cross-session,AdaBN
230,16,1,0.6954286694526672,0.0020577010000124574,42,A08,cross-session,AdaBN
231,16,1,0.6366603374481201,0.0020742939996125642,42,A08,cross-session,AdaBN
232,16,0,0.6057071685791016,0.0020288269997763564,42,A08,cross-session,AdaBN
233,16,0,0.6124050617218018,0.0020352350002212916,42,A08,cross-session,AdaBN
234,16,1,0.6032330989837646,0.002033813999787526,42,A08,cross-session,AdaBN
235,16,1,0.681675374507904,0.002061399000012898,42,A08,cross-session,AdaBN
236,16,1,0.5605592727661133,0.0020791169999938575,42,A08,cross-session,AdaBN
237,16,1,0.6029776930809021,0.0020827519997510535,42,A08,cross-session,AdaBN
238,16,1,0.7449254989624023,0.002087122999910207,42,A08,cross-session,AdaBN
239,16,1,0.5726643800735474,0.002053071999853273,42,A08,cross-session,AdaBN
240,16,1,0.5746253728866577,0.0020507610001914145,42,A08,cross-session,AdaBN
241,16,1,0.5904484987258911,0.002050447999863536,42,A08,cross-session,AdaBN
242,16,1,0.7082313895225525,0.0020442280001589097,42,A08,cross-session,AdaBN
243,16,1,0.4968639314174652,0.00205727399998068,42,A08,cross-session,AdaBN
244,16,1,0.5334184169769287,0.0020567319998008315,42,A08,cross-session,AdaBN
245,16,1,0.5251458883285522,0.002091415999984747,42,A08,cross-session,AdaBN
246,16,0,0.5274603962898254,0.002071353000246745,42,A08,cross-session,AdaBN
247,16,0,0.5172737836837769,0.0020524070000647043,42,A08,cross-session,AdaBN
248,16,0,0.4465542435646057,0.0021251949997349584,42,A08,cross-session,AdaBN
249,16,1,0.4815517067909241,0.0020623529999284074,42,A08,cross-session,AdaBN
250,16,1,0.45170748233795166,0.0020785750002687564,42,A08,cross-session,AdaBN
251,16,0,0.4190925061702728,0.0020936600003551575,42,A08,cross-session,AdaBN
252,16,0,0.40974006056785583,0.0020926499996676284,42,A08,cross-session,AdaBN
253,16,1,0.32287073135375977,0.002045649999672605,42,A08,cross-session,AdaBN
254,16,0,0.5675193071365356,0.002050610000424058,42,A08,cross-session,AdaBN
255,16,0,0.514231264591217,0.002087042000312067,42,A08,cross-session,AdaBN
256,16,1,0.5992677211761475,0.002068205999876227,42,A08,cross-session,AdaBN
257,16,1,0.46650567650794983,0.0020687139999608917,42,A08,cross-session,AdaBN
258,16,1,0.5133272409439087,0.0020786019999832206,42,A08,cross-session,AdaBN
259,16,0,0.48884332180023193,0.0020438279998415965,42,A08,cross-session,AdaBN
260,16,1,0.5587741136550903,0.002048629000000801,42,A08,cross-session,AdaBN
261,16,0,0.5691141486167908,0.0020792469999832974,42,A08,cross-session,AdaBN
262,16,1,0.6471177339553833,0.0020993409998482093,42,A08,cross-session,AdaBN
263,16,1,0.44260555505752563,0.0020755519999511307,42,A08,cross-session,AdaBN
264,16,0,0.5731154680252075,0.0021058269999230106,42,A08,cross-session,AdaBN
265,16,1,0.6741787791252136,0.0020866509998995753,42,A08,cross-session,AdaBN
266,16,0,0.5833584070205688,0.00207022099993992,42,A08,cross-session,AdaBN
267,16,0,0.6396089792251587,0.0020630399999390647,42,A08,cross-session,AdaBN
268,16,1,0.4962913393974304,0.002067669000098249,42,A08,cross-session,AdaBN
269,16,1,0.4870189428329468,0.002070591000119748,42,A08,cross-session,AdaBN
270,16,1,0.5863617658615112,0.0021017950002715224,42,A08,cross-session,AdaBN
271,16,1,0.5462810397148132,0.002116191000368417,42,A08,cross-session,AdaBN
272,16,0,0.4935258626937866,0.0020771929998772976,42,A08,cross-session,AdaBN
273,16,1,0.5204757452011108,0.002064917000097921,42,A08,cross-session,AdaBN
274,16,1,0.43362507224082947,0.0021332540000003064,42,A08,cross-session,AdaBN
275,16,1,0.4996340572834015,0.002131335999820294,42,A08,cross-session,AdaBN
276,16,1,0.43188512325286865,0.0020924209998156584,42,A08,cross-session,AdaBN
277,16,1,0.5828014612197876,0.0021271020000313,42,A08,cross-session,AdaBN
278,16,1,0.6547430157661438,0.002114530000199011,42,A08,cross-session,AdaBN
279,16,0,0.5824871063232422,0.0020883890001641703,42,A08,cross-session,AdaBN
280,16,1,0.6429852247238159,0.002169367000078637,42,A08,cross-session,AdaBN
281,16,1,0.6470061540603638,0.0021266669996293786,42,A08,cross-session,AdaBN
282,16,0,0.6164923310279846,0.00209166299964636,42,A08,cross-session,AdaBN
283,16,1,0.6129097938537598,0.0021527620001506875,42,A08,cross-session,AdaBN
284,16,1,0.5534840226173401,0.0021946789997855376,42,A08,cross-session,AdaBN
285,16,0,0.5859645009040833,0.0021737550000580086,42,A08,cross-session,AdaBN
286,16,1,0.7033231854438782,0.002119766999840067,42,A08,cross-session,AdaBN
287,16,0,0.5709406137466431,0.0021119879997968383,42,A08,cross-session,AdaBN
0,1,1,0.11701781302690506,0.0034952529999827675,42,A09,cross-session,AdaBN
1,2,1,0.4943666458129883,0.002872076000130619,42,A09,cross-session,AdaBN
2,3,1,0.44027766585350037,0.002674068000033003,42,A09,cross-session,AdaBN
3,4,1,0.46674811840057373,0.0025629500000832195,42,A09,cross-session,AdaBN
4,5,1,0.34366288781166077,0.0025027190004038857,42,A09,cross-session,AdaBN
5,6,1,0.3307980000972748,0.002501990999917325,42,A09,cross-session,AdaBN
6,7,1,0.36648276448249817,0.002345831999718939,42,A09,cross-session,AdaBN
7,8,0,0.36411407589912415,0.0023232190001181152,42,A09,cross-session,AdaBN
8,9,0,0.40731722116470337,0.002340196999739419,42,A09,cross-session,AdaBN
9,10,1,0.3016173243522644,0.001989622000110103,42,A09,cross-session,AdaBN
10,11,1,0.4380785822868347,0.0016923999996834027,42,A09,cross-session,AdaBN
11,12,0,0.4357239902019501,0.0016779600000518258,42,A09,cross-session,AdaBN
12,13,1,0.3584142327308655,0.0016763429998718493,42,A09,cross-session,AdaBN
13,14,1,0.29144635796546936,0.0017440870001337316,42,A09,cross-session,AdaBN
14,15,1,0.39363354444503784,0.0018725029999586695,42,A09,cross-session,AdaBN
15,16,1,0.3586379885673523,0.0019172130000697507,42,A09,cross-session,AdaBN
16,16,1,0.384896457195282,0.0017683999999462685,42,A09,cross-session,AdaBN
17,16,1,0.4036481976509094,0.0016658209997331141,42,A09,cross-session,AdaBN
18,16,1,0.5117499232292175,0.0016623249998701795,42,A09,cross-session,AdaBN
19,16,1,0.34152358770370483,0.0017660809999142657,42,A09,cross-session,AdaBN
20,16,1,0.44233328104019165,0.0018619269999362587,42,A09,cross-session,AdaBN
21,16,0,0.47139352560043335,0.0017349330000797636,42,A09,cross-session,AdaBN
22,16,1,0.3954647481441498,0.0017218879997926706,42,A09,cross-session,AdaBN
23,16,1,0.4888460636138916,0.0016622600001028331,42,A09,cross-session,AdaBN
24,16,1,0.4939432144165039,0.0016418360000898247,42,A09,cross-session,AdaBN
25,16,1,0.5208500623703003,0.0017071500001293316,42,A09,cross-session,AdaBN
26,16,1,0.46723926067352295,0.0015965389998200408,42,A09,cross-session,AdaBN
27,16,1,0.5512198805809021,0.0016862919997038261,42,A09,cross-session,AdaBN
28,16,0,0.5116530656814575,0.0016440860003967828,42,A09,cross-session,AdaBN
29,16,1,0.5156344175338745,0.0016511879998688528,42,A09,cross-session,AdaBN
30,16,1,0.5512679815292358,0.0015533970004071307,42,A09,cross-session,AdaBN
31,16,1,0.4636703133583069,0.0016082480001387012,42,A09,cross-session,AdaBN
32,16,1,0.5126829743385315,0.001623681999717519,42,A09,cross-session,AdaBN
33,16,0,0.47587651014328003,0.0015337510003519128,42,A09,cross-session,AdaBN
34,16,0,0.48026636242866516,0.0015485240000998601,42,A09,cross-session,AdaBN
35,16,1,0.44186586141586304,0.001589391999914369,42,A09,cross-session,AdaBN
36,16,1,0.6184806823730469,0.0018049450000034994,42,A09,cross-session,AdaBN
37,16,1,0.4327588975429535,0.001798507999865251,42,A09,cross-session,AdaBN
38,16,1,0.4699396789073944,0.0018302500002391753,42,A09,cross-session,AdaBN
39,16,1,0.5939215421676636,0.0018117019999408512,42,A09,cross-session,AdaBN
40,16,1,0.41726428270339966,0.0018171349997828656,42,A09,cross-session,AdaBN
41,16,1,0.42101815342903137,0.0018061439996017725,42,A09,cross-session,AdaBN
42,16,1,0.4884607195854187,0.001822458999868104,42,A09,cross-session,AdaBN
43,16,0,0.553721010684967,0.0018152330003431416,42,A09,cross-session,AdaBN
44,16,1,0.45860323309898376,0.0018268729995725153,42,A09,cross-session,AdaBN
45,16,0,0.294452428817749,0.0018779389997689577,42,A09,cross-session,AdaBN
46,16,1,0.4405961334705353,0.0018457639998814557,42,A09,cross-session,AdaBN
47,16,1,0.3991479277610779,0.0018039560000033816,42,A09,cross-session,AdaBN
48,16,1,0.3922586143016815,0.0018185409999205149,42,A09,cross-session,AdaBN
49,16,1,0.26644396781921387,0.0018205619999207556,42,A09,cross-session,AdaBN
50,16,1,0.4238574206829071,0.0018082619999404415,42,A09,cross-session,AdaBN
51,16,1,0.29772982001304626,0.0018094619999828865,42,A09,cross-session,AdaBN
52,16,1,0.41011738777160645,0.0018455879999237368,42,A09,cross-session,AdaBN
53,16,1,0.32316863536834717,0.0018063039997286978,42,A09,cross-session,AdaBN
54,16,1,0.3816412091255188,0.0017963889999919047,42,A09,cross-session,AdaBN
55,16,1,0.34039637446403503,0.0017940640000233543,42,A09,cross-session,AdaBN
56,16,1,0.3146432042121887,0.0018375539998487511,42,A09,cross-session,AdaBN
57,16,1,0.27188366651535034,0.001806233000024804,42,A09,cross-session,AdaBN
58,16,1,0.3306944966316223,0.0018404759998702502,42,A09,cross-session,AdaBN
59,16,1,0.24883753061294556,0.0018103180000252905,42,A09,cross-session,AdaBN
60,16,1,0.33426356315612793,0.0018120640002052824,42,A09,cross-session,AdaBN
61,16,1,0.33203890919685364,0.0017988760000662296,42,A09,cross-session,AdaBN
62,16,1,0.23950912058353424,0.001805689999855531,42,A09,cross-session,AdaBN
63,16,1,0.3350035846233368,0.0019933840003432124,42,A09,cross-session,AdaBN
64,16,1,0.272316038608551,0.002085657999941759,42,A09,cross-session,AdaBN
65,16,1,0.38746803998947144,0.002079858999877615,42,A09,cross-session,AdaBN
66,16,0,0.39331406354904175,0.002085576999888872,42,A09,cross-session,AdaBN
67,16,1,0.4461360573768616,0.00210923000031471,42,A09,cross-session,AdaBN
68,16,1,0.3058963418006897,0.002095741999710299,42,A09,cross-session,AdaBN
69,16,0,0.4471152722835541,0.0020866089998889947,42,A09,cross-session,AdaBN
70,16,0,0.4805986285209656,0.002085129999613855,42,A09,cross-session,AdaBN
71,16,1,0.36617881059646606,0.002088067999920895,42,A09,cross-session,AdaBN
72,16,1,0.3438519835472107,0.0020925720000377623,42,A09,cross-session,AdaBN
73,16,1,0.39387422800064087,0.002103290999912133,42,A09,cross-session,AdaBN
74,16,1,0.43335986137390137,0.0020823700001528778,42,A09,cross-session,AdaBN
75,16,1,0.4957491457462311,0.002085412999804248,42,A09,cross-session,AdaBN
76,16,1,0.4819383919239044,0.002118535000136035,42,A09,cross-session,AdaBN
77,16,0,0.4639335572719574,0.0021021089996793307,42,A09,cross-session,AdaBN
78,16,0,0.4057186245918274,0.002118977999998606,42,A09,cross-session,AdaBN
79,16,1,0.4207710325717926,0.0021554859999923792,42,A09,cross-session,AdaBN
80,16,1,0.5425378680229187,0.00214201700009653,42,A09,cross-session,AdaBN
81,16,1,0.4275684952735901,0.0021149069998500636,42,A09,cross-session,AdaBN
82,16,1,0.4782763421535492,0.0021588360000350804,42,A09,cross-session,AdaBN
83,16,1,0.5202069282531738,0.002137123000011343,42,A09,cross-session,AdaBN
84,16,1,0.3957024812698364,0.002117857000030199,42,A09,cross-session,AdaBN
85,16,1,0.4380311667919159,0.0021103349999975762,42,A09,cross-session,AdaBN
86,16,1,0.44726961851119995,0.0021181689999139053,42,A09,cross-session,AdaBN
87,16,1,0.4113290309906006,0.002121981000072992,42,A09,cross-session,AdaBN
88,16,0,0.5061042904853821,0.002114946999881795,42,A09,cross-session,AdaBN
89,16,1,0.40372318029403687,0.0021372050000536547,42,A09,cross-session,AdaBN
90,16,1,0.3834039270877838,0.0021148969999558176,42,A09,cross-session,AdaBN
91,16,1,0.48107367753982544,0.0021148620003259566,42,A09,cross-session,AdaBN
92,16,1,0.5875723361968994,0.0021878229999856558,42,A09,cross-session,AdaBN
93,16,1,0.48546844720840454,0.002146789000107674,42,A09,cross-session,AdaBN
94,16,0,0.5458613038063049,0.0021533910003199708,42,A09,cross-session,AdaBN
95,16,1,0.5538735389709473,0.0021387930000855704,42,A09,cross-session,AdaBN
96,16,1,0.4781380891799927,0.0021575969999503286,42,A09,cross-session,AdaBN
97,16,1,0.41378599405288696,0.002146214999811491,42,A09,cross-session,AdaBN
98,16,1,0.5429664254188538,0.002121189000263257,42,A09,cross-session,AdaBN
99,16,1,0.39998969435691833,0.002103476999764098,42,A09,cross-session,AdaBN
100,16,1,0.4269110858440399,0.002102905999890936,42,A09,cross-session,AdaBN
101,16,1,0.44648370146751404,0.0021248230000310286,42,A09,cross-session,AdaBN
102,16,1,0.4478655159473419,0.002196209999965504,42,A09,cross-session,AdaBN
103,16,1,0.37694740295410156,0.0021102300001984986,42,A09,cross-session,AdaBN
104,16,0,0.4357866644859314,0.0021116819998496794,42,A09,cross-session,AdaBN
105,16,1,0.3211326599121094,0.0021429829998851346,42,A09,cross-session,AdaBN
106,16,1,0.41941818594932556,0.0021511410000130127,42,A09,cross-session,AdaBN
107,16,1,0.42005646228790283,0.002108467999732966,42,A09,cross-session,AdaBN
108,16,0,0.4296671152114868,0.0021338350002224615,42,A09,cross-session,AdaBN
109,16,1,0.3865673840045929,0.002109517999997479,42,A09,cross-session,AdaBN
110,16,1,0.3325055241584778,0.002104733000123815,42,A09,cross-session,AdaBN
111,16,1,0.4319336414337158,0.0021479110000655055,42,A09,cross-session,AdaBN
112,16,1,0.29048144817352295,0.002119018000030337,42,A09,cross-session,AdaBN
113,16,0,0.4988318681716919,0.002113301000008505,42,A09,cross-session,AdaBN
114,16,1,0.45121127367019653,0.0021061160000499513,42,A09,cross-session,AdaBN
115,16,1,0.35498812794685364,0.002117560999977286,42,A09,cross-session,AdaBN
116,16,1,0.33855634927749634,0.002117727000040759,42,A09,cross-session,AdaBN
117,16,1,0.4017798900604248,0.0021420789998956025,42,A09,cross-session,AdaBN
118,16,1,0.44380319118499756,0.0021062000000711123,42,A09,cross-session,AdaBN
119,16,1,0.42000946402549744,0.002102564999859169,42,A09,cross-session,AdaBN
120,16,0,0.3735129237174988,0.00217350399998395,42,A09,cross-session,AdaBN
121,16,1,0.4011564552783966,0.002131881999957841,42,A09,cross-session,AdaBN
122,16,1,0.4014492332935333,0.0021089130000291334,42,A09,cross-session,AdaBN
123,16,1,0.4775850772857666,0.002144143999885273,42,A09,cross-session,AdaBN
124,16,1,0.43016594648361206,0.0021362140000746876,42,A09,cross-session,AdaBN
125,16,1,0.48480474948883057,0.0021368559996517433,42,A09,cross-session,AdaBN
126,16,1,0.4703661799430847,0.0021456819999912113,42,A09,cross-session,AdaBN
127,16,1,0.5567376613616943,0.002117865000400343,42,A09,cross-session,AdaBN
128,16,1,0.38962581753730774,0.002103223000176513,42,A09,cross-session,AdaBN
129,16,1,0.42265620827674866,0.0021099780001350155,42,A09,cross-session,AdaBN
130,16,1,0.4625627398490906,0.002142445000117732,42,A09,cross-session,AdaBN
131,16,1,0.37521207332611084,0.002144324999790115,42,A09,cross-session,AdaBN
132,16,0,0.41408106684684753,0.002123441000094317,42,A09,cross-session,AdaBN
133,16,0,0.5357545018196106,0.0021254339999359217,42,A09,cross-session,AdaBN
134,16,1,0.509005069732666,0.002119256000241876,42,A09,cross-session,AdaBN
135,16,0,0.6299998760223389,0.0021240639998723054,42,A09,cross-session,AdaBN
136,16,1,0.5766805410385132,0.002201775999765232,42,A09,cross-session,AdaBN
137,16,1,0.510932445526123,0.0021408420002444473,42,A09,cross-session,AdaBN
138,16,1,0.5293965339660645,0.002120751000347809,42,A09,cross-session,AdaBN
139,16,0,0.5775434970855713,0.00217350399998395,42,A09,cross-session,AdaBN
140,16,0,0.6221672892570496,0.0021747159998994903,42,A09,cross-session,AdaBN
141,16,0,0.41621851921081543,0.00223379399994883,42,A09,cross-session,AdaBN
142,16,1,0.5296146869659424,0.0021771820001958986,42,A09,cross-session,AdaBN
143,16,1,0.43009471893310547,0.0021677139998246275,42,A09,cross-session,AdaBN
144,16,0,0.434926301240921,0.0021338269998523174,42,A09,cross-session,AdaBN
145,16,0,0.4048652648925781,0.002187021000281675,42,A09,cross-session,AdaBN
146,16,1,0.5219959020614624,0.002133192000201234,42,A09,cross-session,AdaBN
147,16,1,0.5479241609573364,0.0021572230002675497,42,A09,cross-session,AdaBN
148,16,1,0.5364564657211304,0.002169020000110322,42,A09,cross-session,AdaBN
149,16,1,0.5543400049209595,0.0021382089998951415,42,A09,cross-session,AdaBN
150,16,1,0.5740046501159668,0.0021138890001566324,42,A09,cross-session,AdaBN
151,16,1,0.4977833032608032,0.002175201000227389,42,A09,cross-session,AdaBN
152,16,1,0.552954912185669,0.0021635149996654945,42,A09,cross-session,AdaBN
153,16,0,0.329673171043396,0.0021143879998817283,42,A09,cross-session,AdaBN
154,16,1,0.3462523818016052,0.002107636999880924,42,A09,cross-session,AdaBN
155,16,1,0.33579984307289124,0.0021154469995963154,42,A09,cross-session,AdaBN
156,16,1,0.43843358755111694,0.0021397679997789965,42,A09,cross-session,AdaBN
157,16,0,0.31637507677078247,0.0021269990002110717,42,A09,cross-session,AdaBN
158,16,1,0.39868709444999695,0.002127405000010185,42,A09,cross-session,AdaBN
159,16,0,0.2506229281425476,0.002117437999913818,42,A09,cross-session,AdaBN
160,16,0,0.2581254839897156,0.0021258090000628727,42,A09,cross-session,AdaBN
161,16,1,0.444669634103775,0.0021981400000186113,42,A09,cross-session,AdaBN
162,16,0,0.40223535895347595,0.002151837999917916,42,A09,cross-session,AdaBN
163,16,1,0.2990548014640808,0.0021206830001574417,42,A09,cross-session,AdaBN
164,16,1,0.45797616243362427,0.002165378999961831,42,A09,cross-session,AdaBN
165,16,0,0.32500940561294556,0.0021906540000600216,42,A09,cross-session,AdaBN
166,16,1,0.3172655403614044,0.0021323030000530707,42,A09,cross-session,AdaBN
167,16,1,0.35288316011428833,0.0021915429997534375,42,A09,cross-session,AdaBN
168,16,1,0.36166641116142273,0.002134568000201398,42,A09,cross-session,AdaBN
169,16,0,0.36452409625053406,0.0021732959999098966,42,A09,cross-session,AdaBN
170,16,0,0.36417636275291443,0.002223838000190881,42,A09,cross-session,AdaBN
171,16,1,0.44893595576286316,0.002155845999823214,42,A09,cross-session,AdaBN
172,16,1,0.4168851673603058,0.002127506999840989,42,A09,cross-session,AdaBN
173,16,0,0.43986672163009644,0.002227763000064442,42,A09,cross-session,AdaBN
174,16,1,0.291715145111084,0.002128644000094937,42,A09,cross-session,AdaBN
175,16,1,0.30937618017196655,0.002132692000031966,42,A09,cross-session,AdaBN
176,16,1,0.3525688350200653,0.0021687989997190016,42,A09,cross-session,AdaBN
177,16,0,0.48267021775245667,0.0021882270002606674,42,A09,cross-session,AdaBN
178,16,1,0.32123667001724243,0.002141933000075369,42,A09,cross-session,AdaBN
179,16,1,0.40362584590911865,0.0021598680000352033,42,A09,cross-session,AdaBN
180,16,1,0.4167894423007965,0.002137167999990197,42,A09,cross-session,AdaBN
181,16,1,0.42641156911849976,0.0021575390001089545,42,A09,cross-session,AdaBN
182,16,0,0.46967214345932007,0.0021794409999529307,42,A09,cross-session,AdaBN
183,16,1,0.29305851459503174,0.0021571409997704905,42,A09,cross-session,AdaBN
184,16,1,0.4375828504562378,0.002133144999788783,42,A09,cross-session,AdaBN
185,16,0,0.363983690738678,0.0021330109998416447,42,A09,cross-session,AdaBN
186,16,1,0.3215939700603485,0.0021409860000858316,42,A09,cross-session,AdaBN
187,16,1,0.5241655111312866,0.002129781999883562,42,A09,cross-session,AdaBN
188,16,1,0.477561891078949,0.0021090929999445507,42,A09,cross-session,AdaBN
189,16,1,0.5768314003944397,0.0021140889998605417,42,A09,cross-session,AdaBN
190,16,1,0.6210832595825195,0.002153687999907561,42,A09,cross-session,AdaBN
191,16,1,0.4611101448535919,0.0021282150000843103,42,A09,cross-session,AdaBN
192,16,1,0.548050045967102,0.002155592000235629,42,A09,cross-session,AdaBN
193,16,1,0.5306050777435303,0.0021189989997765224,42,A09,cross-session,AdaBN
194,16,1,0.5466630458831787,0.0021186619997024536,42,A09,cross-session,AdaBN
195,16,1,0.30781039595603943,0.0022011379996911273,42,A09,cross-session,AdaBN
196,16,1,0.44960176944732666,0.0021305260002009163,42,A09,cross-session,AdaBN
197,16,1,0.4548603892326355,0.002126932000010129,42,A09,cross-session,AdaBN
198,16,0,0.35612326860427856,0.0021392909998212417,42,A09,cross-session,AdaBN
199,16,1,0.3435172140598297,0.0021676540000044042,42,A09,cross-session,AdaBN
200,16,1,0.4349769353866577,0.0021350100000745442,42,A09,cross-session,AdaBN
201,16,1,0.4016660749912262,0.0021686869999939518,42,A09,cross-session,AdaBN
202,16,1,0.3703269362449646,0.0021235359999991488,42,A09,cross-session,AdaBN
203,16,1,0.4838695526123047,0.0021456260001286864,42,A09,cross-session,AdaBN
204,16,0,0.49460482597351074,0.002166624999972555,42,A09,cross-session,AdaBN
205,16,1,0.3848057985305786,0.002133860999947501,42,A09,cross-session,AdaBN
206,16,1,0.3902961313724518,0.0021243239998511854,42,A09,cross-session,AdaBN
207,16,1,0.37830203771591187,0.002136444999905507,42,A09,cross-session,AdaBN
208,16,0,0.4470960199832916,0.0021566880000136734,42,A09,cross-session,AdaBN
209,16,1,0.5078147053718567,0.002133959999810031,42,A09,cross-session,AdaBN
210,16,1,0.48110735416412354,0.0021523509999497037,42,A09,cross-session,AdaBN
211,16,1,0.4149411916732788,0.002139756999895326,42,A09,cross-session,AdaBN
212,16,1,0.5389730930328369,0.002164667999750236,42,A09,cross-session,AdaBN
213,16,0,0.5006992220878601,0.0021302330001162773,42,A09,cross-session,AdaBN
214,16,0,0.5217094421386719,0.0021330710001166153,42,A09,cross-session,AdaBN
215,16,1,0.4548412561416626,0.002130710000074032,42,A09,cross-session,AdaBN
216,16,1,0.4967765808105469,0.002150096999685047,42,A09,cross-session,AdaBN
217,16,0,0.5226725339889526,0.002190865000102349,42,A09,cross-session,AdaBN
218,16,0,0.4243723154067993,0.0021235969998087967,42,A09,cross-session,AdaBN
219,16,0,0.3940979540348053,0.0021212420001575083,42,A09,cross-session,AdaBN
220,16,1,0.46537521481513977,0.0022116319996712264,42,A09,cross-session,AdaBN
221,16,1,0.45860105752944946,0.002248674999918876,42,A09,cross-session,AdaBN
222,16,1,0.4558313488960266,0.002171777000057773,42,A09,cross-session,AdaBN
223,16,1,0.4326398968696594,0.0022281320002548455,42,A09,cross-session,AdaBN
224,16,1,0.3359341025352478,0.0022302249999484047,42,A09,cross-session,AdaBN
225,16,0,0.3430357575416565,0.0021620610000354645,42,A09,cross-session,AdaBN
226,16,1,0.3535116910934448,0.002184062000196718,42,A09,cross-session,AdaBN
227,16,0,0.43747127056121826,0.0021544790001826186,42,A09,cross-session,AdaBN
228,16,1,0.3762032389640808,0.0021930240000074264,42,A09,cross-session,AdaBN
229,16,1,0.4071880877017975,0.0022002709997650527,42,A09,cross-session,AdaBN
230,16,0,0.33544695377349854,0.002166574000057153,42,A09,cross-session,AdaBN
231,16,1,0.38545846939086914,0.0021232690000942966,42,A09,cross-session,AdaBN
232,16,1,0.47517722845077515,0.002211215999977867,42,A09,cross-session,AdaBN
233,16,1,0.5560026168823242,0.0021431110003504728,42,A09,cross-session,AdaBN
234,16,1,0.3244624137878418,0.00212582799986194,42,A09,cross-session,AdaBN
235,16,1,0.41797342896461487,0.0021671650001735543,42,A09,cross-session,AdaBN
236,16,0,0.48120415210723877,0.0021799460000693216,42,A09,cross-session,AdaBN
237,16,1,0.4904601573944092,0.002115421000326023,42,A09,cross-session,AdaBN
238,16,1,0.6083288192749023,0.002162538999982644,42,A09,cross-session,AdaBN
239,16,0,0.5600060224533081,0.002156135999939579,42,A09,cross-session,AdaBN
240,16,1,0.5624767541885376,0.00214653900002304,42,A09,cross-session,AdaBN
241,16,1,0.4579976797103882,0.002161083999908442,42,A09,cross-session,AdaBN
242,16,1,0.38926050066947937,0.002142926000033185,42,A09,cross-session,AdaBN
243,16,0,0.45922034978866577,0.0021147539996491105,42,A09,cross-session,AdaBN
244,16,1,0.5454884171485901,0.002195593000124063,42,A09,cross-session,AdaBN
245,16,1,0.46795758605003357,0.0021603059999506513,42,A09,cross-session,AdaBN
246,16,1,0.3500325679779053,0.0021538719997806766,42,A09,cross-session,AdaBN
247,16,0,0.36395907402038574,0.0021180280000407947,42,A09,cross-session,AdaBN
248,16,1,0.45572203397750854,0.0020994120000068506,42,A09,cross-session,AdaBN
249,16,0,0.3246903419494629,0.002130248999947071,42,A09,cross-session,AdaBN
250,16,1,0.4273231029510498,0.0021067090001452016,42,A09,cross-session,AdaBN
251,16,1,0.37064123153686523,0.002117837999776384,42,A09,cross-session,AdaBN
252,16,0,0.44021761417388916,0.002124869999988732,42,A09,cross-session,AdaBN
253,16,1,0.3899401128292084,0.0020887059999949997,42,A09,cross-session,AdaBN
254,16,1,0.4147367477416992,0.0021571439997387643,42,A09,cross-session,AdaBN
255,16,1,0.4745338559150696,0.0020876869998573966,42,A09,cross-session,AdaBN
256,16,1,0.3406756520271301,0.002100986000186822,42,A09,cross-session,AdaBN
257,16,1,0.3668295443058014,0.002125865999914822,42,A09,cross-session,AdaBN
258,16,0,0.4927392899990082,0.002093875000355183,42,A09,cross-session,AdaBN
259,16,0,0.5288727283477783,0.00210144200036666,42,A09,cross-session,AdaBN
260,16,0,0.4633594751358032,0.0021137529997758975,42,A09,cross-session,AdaBN
261,16,1,0.4360302686691284,0.002158644999781245,42,A09,cross-session,AdaBN
262,16,1,0.5015772581100464,0.0020787250000466884,42,A09,cross-session,AdaBN
263,16,1,0.533621072769165,0.0021236820002741297,42,A09,cross-session,AdaBN
264,16,1,0.5269933938980103,0.0021051339999758056,42,A09,cross-session,AdaBN
265,16,1,0.415371298789978,0.002098463000038464,42,A09,cross-session,AdaBN
266,16,0,0.42307594418525696,0.0020868189999418973,42,A09,cross-session,AdaBN
267,16,1,0.3715660870075226,0.0021159999996598344,42,A09,cross-session,AdaBN
268,16,1,0.4985232949256897,0.002096356000038213,42,A09,cross-session,AdaBN
269,16,1,0.48382920026779175,0.0020884919999843987,42,A09,cross-session,AdaBN
270,16,0,0.5142722129821777,0.002172450000216486,42,A09,cross-session,AdaBN
271,16,1,0.3621992766857147,0.002119225000114966,42,A09,cross-session,AdaBN
272,16,1,0.4220978617668152,0.0020945030000802944,42,A09,cross-session,AdaBN
273,16,1,0.3314300775527954,0.002133839999714837,42,A09,cross-session,AdaBN
274,16,1,0.43683290481567383,0.002086406999751489,42,A09,cross-session,AdaBN
275,16,1,0.42602288722991943,0.002123843999925157,42,A09,cross-session,AdaBN
276,16,0,0.40560710430145264,0.0021201149997978064,42,A09,cross-session,AdaBN
277,16,1,0.4466129541397095,0.00208789499993145,42,A09,cross-session,AdaBN
278,16,1,0.46158677339553833,0.002085605000047508,42,A09,cross-session,AdaBN
279,16,1,0.44807711243629456,0.002069569000013871,42,A09,cross-session,AdaBN
280,16,1,0.4137777090072632,0.0020896220003123744,42,A09,cross-session,AdaBN
281,16,0,0.4764232933521271,0.0021134610001354304,42,A09,cross-session,AdaBN
282,16,1,0.45878881216049194,0.0021008799999435723,42,A09,cross-session,AdaBN
283,16,0,0.5520859956741333,0.0020762710000781226,42,A09,cross-session,AdaBN
284,16,1,0.47114765644073486,0.0020899500000268745,42,A09,cross-session,AdaBN
285,16,0,0.4861927330493927,0.002080984000258468,42,A09,cross-session,AdaBN
286,16,1,0.41271692514419556,0.002134989999831305,42,A09,cross-session,AdaBN
287,16,0,0.46349456906318665,0.002108019999923272,42,A09,cross-session,AdaBN
0,1,1,0.5376035571098328,0.0033577849999346654,97,A01,cross-session,AdaBN
1,2,1,0.7741141319274902,0.003888111999913235,97,A01,cross-session,AdaBN
2,3,1,0.923738956451416,0.003946133000226837,97,A01,cross-session,AdaBN
3,4,1,0.6268953084945679,0.003713682000125118,97,A01,cross-session,AdaBN
4,5,1,0.7720767259597778,0.003471544999683829,97,A01,cross-session,AdaBN
5,6,0,0.5680943727493286,0.003576200999759749,97,A01,cross-session,AdaBN
6,7,1,0.606316864490509,0.0034389020001981407,97,A01,cross-session,AdaBN
7,8,0,0.6370859146118164,0.0023822600001039973,97,A01,cross-session,AdaBN
8,9,1,0.8259952664375305,0.0020006450004075305,97,A01,cross-session,AdaBN
9,10,1,0.59293133020401,0.002026655000008759,97,A01,cross-session,AdaBN
10,11,1,0.6207549571990967,0.002217348000158381,97,A01,cross-session,AdaBN
11,12,0,0.611194372177124,0.002420367000013357,97,A01,cross-session,AdaBN
12,13,1,0.6702864766120911,0.0024751400001150614,97,A01,cross-session,AdaBN
13,14,1,0.6587703824043274,0.002165882000099373,97,A01,cross-session,AdaBN
14,15,0,0.7142765522003174,0.001962712000022293,97,A01,cross-session,AdaBN
15,16,1,0.6616262197494507,0.001837347999753547,97,A01,cross-session,AdaBN
16,16,0,0.7135639190673828,0.0018059110002468515,97,A01,cross-session,AdaBN
17,16,1,0.6171321868896484,0.0020229189999554364,97,A01,cross-session,AdaBN
18,16,0,0.6850281953811646,0.0019890730000042822,97,A01,cross-session,AdaBN
19,16,1,0.7631736397743225,0.0019234439996580477,97,A01,cross-session,AdaBN
20,16,1,0.6518381834030151,0.0018552619999354647,97,A01,cross-session,AdaBN
21,16,1,0.8041900396347046,0.0018583529999887105,97,A01,cross-session,AdaBN
22,16,1,0.739518940448761,0.0018030389996965823,97,A01,cross-session,AdaBN
23,16,0,0.642790675163269,0.0017619390000618296,97,A01,cross-session,AdaBN
24,16,0,0.6619502305984497,0.001998865999667032,97,A01,cross-session,AdaBN
25,16,1,0.7938263416290283,0.0019656319996101956,97,A01,cross-session,AdaBN
26,16,1,0.8799936771392822,0.001792600000044331,97,A01,cross-session,AdaBN
27,16,1,0.8009487390518188,0.0018199520000052871,97,A01,cross-session,AdaBN
28,16,0,0.6876016855239868,0.0017895390001285705,97,A01,cross-session,AdaBN
29,16,1,0.7226084470748901,0.0017779569998310762,97,A01,cross-session,AdaBN
30,16,0,0.7921708226203918,0.0018153860000893474,97,A01,cross-session,AdaBN
31,16,1,0.7773871421813965,0.0018079689998558024,97,A01,cross-session,AdaBN
32,16,1,0.6859438419342041,0.0018023140000877902,97,A01,cross-session,AdaBN
33,16,1,0.7805498242378235,0.001773403000242979,97,A01,cross-session,AdaBN
34,16,1,0.5793433785438538,0.001789370999631501,97,A01,cross-session,AdaBN
35,16,1,0.6699134111404419,0.0018876899998758745,97,A01,cross-session,AdaBN
36,16,1,0.6270989179611206,0.0019332220003889233,97,A01,cross-session,AdaBN
37,16,0,0.7080036401748657,0.0019247730001552554,97,A01,cross-session,AdaBN
38,16,1,0.6032348871231079,0.0019083610000052431,97,A01,cross-session,AdaBN
39,16,0,0.5729508399963379,0.0019017230001736607,97,A01,cross-session,AdaBN
40,16,1,0.6974880695343018,0.0019140489998790144,97,A01,cross-session,AdaBN
41,16,1,0.5536425709724426,0.0019025130000045465,97,A01,cross-session,AdaBN
42,16,1,0.6348902583122253,0.0019249220003985101,97,A01,cross-session,AdaBN
43,16,0,0.5385042428970337,0.0018756920003397681,97,A01,cross-session,AdaBN
44,16,1,0.5736556053161621,0.0018882459999076673,97,A01,cross-session,AdaBN
45,16,0,0.7138384580612183,0.002015569999912259,97,A01,cross-session,AdaBN
46,16,1,0.6583478450775146,0.0020168679998278094,97,A01,cross-session,AdaBN
47,16,0,0.6280941963195801,0.001982413999940036,97,A01,cross-session,AdaBN
48,16,0,0.6815948486328125,0.0019835230000353476,97,A01,cross-session,AdaBN
49,16,0,0.7034215927124023,0.0020261300001038762,97,A01,cross-session,AdaBN
50,16,1,0.6748677492141724,0.001988486999835004,97,A01,cross-session,AdaBN
51,16,0,0.6273802518844604,0.0019887280000148166,97,A01,cross-session,AdaBN
52,16,1,0.6387724876403809,0.0019895870000254945,97,A01,cross-session,AdaBN
53,16,1,0.5992443561553955,0.0019974440001533367,97,A01,cross-session,AdaBN
54,16,0,0.6795300841331482,0.0019762860001719673,97,A01,cross-session,AdaBN
55,16,0,0.6520451307296753,0.002009658999668318,97,A01,cross-session,AdaBN
56,16,1,0.6929230690002441,0.002015937000123813,97,A01,cross-session,AdaBN
57,16,1,0.6497665643692017,0.0020590710000760737,97,A01,cross-session,AdaBN
58,16,1,0.6885109543800354,0.002042284999788535,97,A01,cross-session,AdaBN
59,16,1,0.7447443604469299,0.0020891069998469902,97,A01,cross-session,AdaBN
60,16,0,0.67236328125,0.002085133000036876,97,A01,cross-session,AdaBN
61,16,0,0.6963216662406921,0.0020638249998228275,97,A01,cross-session,AdaBN
62,16,1,0.6330946683883667,0.0021092930001032073,97,A01,cross-session,AdaBN
63,16,1,0.5869581699371338,0.0020554110001285153,97,A01,cross-session,AdaBN
64,16,1,0.6632285118103027,0.002066712999749143,97,A01,cross-session,AdaBN
65,16,0,0.7474313974380493,0.002092940000238741,97,A01,cross-session,AdaBN
66,16,0,0.6766490936279297,0.0020594479997271264,97,A01,cross-session,AdaBN
67,16,1,0.6914544701576233,0.002144588999726693,97,A01,cross-session,AdaBN
68,16,1,0.61045902967453,0.002153798000108509,97,A01,cross-session,AdaBN
69,16,0,0.5668755173683167,0.0021151669998289435,97,A01,cross-session,AdaBN
70,16,1,0.5313849449157715,0.00207721800006766,97,A01,cross-session,AdaBN
71,16,1,0.5481261014938354,0.0020744799999192765,97,A01,cross-session,AdaBN
72,16,1,0.6293119192123413,0.0021109130002514576,97,A01,cross-session,AdaBN
73,16,1,0.6012439727783203,0.0020620539999072207,97,A01,cross-session,AdaBN
74,16,0,0.653111457824707,0.002099909999742522,97,A01,cross-session,AdaBN
75,16,1,0.6021319031715393,0.002034174000073108,97,A01,cross-session,AdaBN
76,16,0,0.6427735686302185,0.002001127000312408,97,A01,cross-session,AdaBN
77,16,0,0.7126420736312866,0.002009347999774036,97,A01,cross-session,AdaBN
78,16,1,0.6612093448638916,0.002030443999956333,97,A01,cross-session,AdaBN
79,16,1,0.6009140610694885,0.001999221000005491,97,A01,cross-session,AdaBN
80,16,1,0.6287279725074768,0.0021063159997538605,97,A01,cross-session,AdaBN
81,16,0,0.6756894588470459,0.0021187170000303013,97,A01,cross-session,AdaBN
82,16,0,0.6162693500518799,0.002075339999919379,97,A01,cross-session,AdaBN
83,16,1,0.672389030456543,0.0020294900000408234,97,A01,cross-session,AdaBN
84,16,1,0.6182302236557007,0.0020535779999590886,97,A01,cross-session,AdaBN
85,16,1,0.6896225214004517,0.002030577999903471,97,A01,cross-session,AdaBN
86,16,0,0.6765801310539246,0.0020107670002289524,97,A01,cross-session,AdaBN
87,16,1,0.6210556030273438,0.0021202949997132237,97,A01,cross-session,AdaBN
88,16,1,0.6667956709861755,0.002116961999945488,97,A01,cross-session,AdaBN
89,16,0,0.6890230178833008,0.0020719780000035826,97,A01,cross-session,AdaBN
90,16,1,0.6645060777664185,0.0020543210002870183,97,A01,cross-session,AdaBN
91,16,1,0.7338924407958984,0.002029912000125478,97,A01,cross-session,AdaBN
92,16,0,0.7562605738639832,0.001992904999951861,97,A01,cross-session,AdaBN
93,16,1,0.535257875919342,0.0019911679996766907,97,A01,cross-session,AdaBN
94,16,0,0.6631836891174316,0.0020250210000085644,97,A01,cross-session,AdaBN
95,16,0,0.653444766998291,0.0020135629997639626,97,A01,cross-session,AdaBN
96,16,1,0.8214369416236877,0.002030653000019811,97,A01,cross-session,AdaBN
97,16,0,0.5752323865890503,0.0020284749998609186,97,A01,cross-session,AdaBN
98,16,1,0.6046289205551147,0.0020169090003037127,97,A01,cross-session,AdaBN
99,16,1,0.5231709480285645,0.002021472999786056,97,A01,cross-session,AdaBN
100,16,1,0.616541862487793,0.0020421419999365753,97,A01,cross-session,AdaBN
101,16,0,0.5540189743041992,0.0020523560001493024,97,A01,cross-session,AdaBN
102,16,0,0.5811432600021362,0.002007661999869015,97,A01,cross-session,AdaBN
103,16,0,0.5163680911064148,0.0020545229999697767,97,A01,cross-session,AdaBN
104,16,1,0.5329784154891968,0.0021847130001333426,97,A01,cross-session,AdaBN
105,16,1,0.6034775376319885,0.0021212959995864367,97,A01,cross-session,AdaBN
106,16,1,0.550345242023468,0.0021851989999959187,97,A01,cross-session,AdaBN
107,16,1,0.6727479696273804,0.0023941519998516014,97,A01,cross-session,AdaBN
108,16,0,0.6038843393325806,0.002200363999691035,97,A01,cross-session,AdaBN
109,16,1,0.6638493537902832,0.0020186409997222654,97,A01,cross-session,AdaBN
110,16,1,0.648093581199646,0.002041300000200863,97,A01,cross-session,AdaBN
111,16,1,0.6068358421325684,0.0020357260000309907,97,A01,cross-session,AdaBN
112,16,1,0.6292687654495239,0.0020505160000539036,97,A01,cross-session,AdaBN
113,16,1,0.7061336040496826,0.0021109989997967205,97,A01,cross-session,AdaBN
114,16,0,0.635490894317627,0.0020929690003868018,97,A01,cross-session,AdaBN
115,16,1,0.6606870889663696,0.0020107679997636296,97,A01,cross-session,AdaBN
116,16,0,0.7580744028091431,0.0020529980001811055,97,A01,cross-session,AdaBN
117,16,0,0.6455746293067932,0.0019993529999737802,97,A01,cross-session,AdaBN
118,16,1,0.6586830615997314,0.0019905680001102155,97,A01,cross-session,AdaBN
119,16,1,0.7419289946556091,0.0019960680001531728,97,A01,cross-session,AdaBN
120,16,1,0.6442283391952515,0.0021675739999409416,97,A01,cross-session,AdaBN
121,16,0,0.602853536605835,0.0021381510000537673,97,A01,cross-session,AdaBN
122,16,0,0.7198954820632935,0.0020813590003854188,97,A01,cross-session,AdaBN
123,16,1,0.7044400572776794,0.0020737570002893335,97,A01,cross-session,AdaBN
124,16,0,0.6436300277709961,0.002079390999824682,97,A01,cross-session,AdaBN
125,16,1,0.6286437511444092,0.0021212859996921907,97,A01,cross-session,AdaBN
126,16,0,0.6954264640808105,0.002141106999715703,97,A01,cross-session,AdaBN
127,16,0,0.6362839937210083,0.002086995999889041,97,A01,cross-session,AdaBN
128,16,1,0.5851955413818359,0.0020750889998453204,97,A01,cross-session,AdaBN
129,16,0,0.6687464714050293,0.0021418569999696047,97,A01,cross-session,AdaBN
130,16,1,0.6707779169082642,0.002115908999712701,97,A01,cross-session,AdaBN
131,16,1,0.6196392178535461,0.002114525000251888,97,A01,cross-session,AdaBN
132,16,0,0.6227738857269287,0.0021273759998621244,97,A01,cross-session,AdaBN
133,16,1,0.7072967290878296,0.002101448999837885,97,A01,cross-session,AdaBN
134,16,0,0.7106200456619263,0.0021013000000493776,97,A01,cross-session,AdaBN
135,16,1,0.5626206398010254,0.0021455179999065876,97,A01,cross-session,AdaBN
136,16,0,0.7024884223937988,0.0021527639996747894,97,A01,cross-session,AdaBN
137,16,0,0.6383563280105591,0.0021118870004102064,97,A01,cross-session,AdaBN
138,16,1,0.688816487789154,0.0021784249997836014,97,A01,cross-session,AdaBN
139,16,1,0.64913010597229,0.0021451850002449646,97,A01,cross-session,AdaBN
140,16,1,0.5458072423934937,0.002174685999762005,97,A01,cross-session,AdaBN
141,16,1,0.592879593372345,0.0021275700000842335,97,A01,cross-session,AdaBN
142,16,0,0.7267228364944458,0.00213044300016918,97,A01,cross-session,AdaBN
143,16,1,0.6793509125709534,0.002124781000020448,97,A01,cross-session,AdaBN
144,16,1,0.6340199708938599,0.002152040000055422,97,A01,cross-session,AdaBN
145,16,1,0.6593156456947327,0.002165836000131094,97,A01,cross-session,AdaBN
146,16,0,0.6959972977638245,0.0021303620001162926,97,A01,cross-session,AdaBN
147,16,0,0.5987385511398315,0.0021255440001368697,97,A01,cross-session,AdaBN
148,16,1,0.63288414478302,0.002077173999623483,97,A01,cross-session,AdaBN
149,16,1,0.6083933711051941,0.0021469960001923027,97,A01,cross-session,AdaBN
150,16,0,0.5409442186355591,0.0021084290001454065,97,A01,cross-session,AdaBN
151,16,1,0.5734329223632812,0.002113967999775923,97,A01,cross-session,AdaBN
152,16,1,0.5056588053703308,0.002083548999962659,97,A01,cross-session,AdaBN
153,16,1,0.5658882856369019,0.002074745999834704,97,A01,cross-session,AdaBN
154,16,0,0.5045714378356934,0.0021268579998832138,97,A01,cross-session,AdaBN
155,16,1,0.5881102085113525,0.0021324989997992816,97,A01,cross-session,AdaBN
156,16,0,0.5252327919006348,0.0020847629998570483,97,A01,cross-session,AdaBN
157,16,1,0.6147098541259766,0.002076917000067624,97,A01,cross-session,AdaBN
158,16,0,0.6657362580299377,0.0020609180000974447,97,A01,cross-session,AdaBN
159,16,0,0.5655827522277832,0.002044868999746541,97,A01,cross-session,AdaBN
160,16,1,0.46923843026161194,0.0020683289999396948,97,A01,cross-session,AdaBN
161,16,1,0.372103750705719,0.0020796730000256503,97,A01,cross-session,AdaBN
162,16,0,0.44370436668395996,0.00205586999982188,97,A01,cross-session,AdaBN
163,16,1,0.5054615139961243,0.002071598000384256,97,A01,cross-session,AdaBN
164,16,0,0.4849276542663574,0.0020788950000678597,97,A01,cross-session,AdaBN
165,16,1,0.4705408215522766,0.0020347710001260566,97,A01,cross-session,AdaBN
166,16,0,0.4559054970741272,0.00203373600015766,97,A01,cross-session,AdaBN
167,16,1,0.5445129871368408,0.0021323010000742215,97,A01,cross-session,AdaBN
168,16,1,0.4800661504268646,0.002067580000129965,97,A01,cross-session,AdaBN
169,16,1,0.4466596841812134,0.0020418389999576902,97,A01,cross-session,AdaBN
170,16,1,0.4947764277458191,0.002061357999991742,97,A01,cross-session,AdaBN
171,16,0,0.5419952869415283,0.0020640899997488305,97,A01,cross-session,AdaBN
172,16,1,0.48766928911209106,0.0020302859998082567,97,A01,cross-session,AdaBN
173,16,1,0.49057698249816895,0.0020295049998821924,97,A01,cross-session,AdaBN
174,16,0,0.4671686887741089,0.0020586020000337157,97,A01,cross-session,AdaBN
175,16,0,0.5672729015350342,0.002068806999886874,97,A01,cross-session,AdaBN
176,16,1,0.4636211097240448,0.0020724470000459405,97,A01,cross-session,AdaBN
177,16,1,0.4635845422744751,0.002084021999962715,97,A01,cross-session,AdaBN
178,16,1,0.536727786064148,0.002026556000146229,97,A01,cross-session,AdaBN
179,16,0,0.5960810780525208,0.0020174770002086007,97,A01,cross-session,AdaBN
180,16,1,0.5596631169319153,0.0020760289999088855,97,A01,cross-session,AdaBN
181,16,1,0.41394248604774475,0.0020638690002670046,97,A01,cross-session,AdaBN
182,16,0,0.5058038830757141,0.002070620999802486,97,A01,cross-session,AdaBN
183,16,0,0.5029847621917725,0.0020918649997838656,97,A01,cross-session,AdaBN
184,16,1,0.5356635451316833,0.0020409769999787386,97,A01,cross-session,AdaBN
185,16,1,0.46914777159690857,0.002007904000038252,97,A01,cross-session,AdaBN
186,16,0,0.5983330011367798,0.0020146470001236594,97,A01,cross-session,AdaBN
187,16,1,0.5302271842956543,0.0020673819999501575,97,A01,cross-session,AdaBN
188,16,1,0.605981171131134,0.0020227760001034767,97,A01,cross-session,AdaBN
189,16,0,0.5394601225852966,0.0020205340001666627,97,A01,cross-session,AdaBN
190,16,1,0.6298812031745911,0.0020680029997492966,97,A01,cross-session,AdaBN
191,16,1,0.5177677869796753,0.002035171999978047,97,A01,cross-session,AdaBN
192,16,1,0.565531313419342,0.0020164249999652384,97,A01,cross-session,AdaBN
193,16,0,0.49099111557006836,0.0020590740000443475,97,A01,cross-session,AdaBN
194,16,0,0.5458685159683228,0.0020243459998710023,97,A01,cross-session,AdaBN
195,16,0,0.534551739692688,0.0020219509997332352,97,A01,cross-session,AdaBN
196,16,1,0.5210826396942139,0.0020502970000961795,97,A01,cross-session,AdaBN
197,16,1,0.5747077465057373,0.0020281960000829713,97,A01,cross-session,AdaBN
198,16,1,0.45977282524108887,0.0020300300002418226,97,A01,cross-session,AdaBN
199,16,1,0.48960304260253906,0.002044557999852259,97,A01,cross-session,AdaBN
200,16,0,0.5865460634231567,0.0020167099996797333,97,A01,cross-session,AdaBN
201,16,1,0.5101904273033142,0.002012218999880133,97,A01,cross-session,AdaBN
202,16,1,0.4514860510826111,0.0020115290003559494,97,A01,cross-session,AdaBN
203,16,0,0.5813924670219421,0.002036485000189714,97,A01,cross-session,AdaBN
204,16,1,0.504072904586792,0.0020154769999862765,97,A01,cross-session,AdaBN
205,16,1,0.45127129554748535,0.002016997000282572,97,A01,cross-session,AdaBN
206,16,0,0.5360304117202759,0.0020483989997046592,97,A01,cross-session,AdaBN
207,16,1,0.6156934499740601,0.0020693780002147832,97,A01,cross-session,AdaBN
208,16,1,0.4879920482635498,0.0020498280000538216,97,A01,cross-session,AdaBN
209,16,1,0.437514990568161,0.002042188999894279,97,A01,cross-session,AdaBN
210,16,0,0.5321491360664368,0.0020283929998186068,97,A01,cross-session,AdaBN
211,16,0,0.4764651954174042,0.0020149009997112444,97,A01,cross-session,AdaBN
212,16,1,0.5363382697105408,0.0020084970001335023,97,A01,cross-session,AdaBN
213,16,1,0.5162350535392761,0.0020409020003171463,97,A01,cross-session,AdaBN
214,16,1,0.5836933851242065,0.0020081359998584958,97,A01,cross-session,AdaBN
215,16,1,0.6010270118713379,0.0020196890000079293,97,A01,cross-session,AdaBN
216,16,0,0.6061890721321106,0.0020625379997909477,97,A01,cross-session,AdaBN
217,16,1,0.5986791849136353,0.002050604000032763,97,A01,cross-session,AdaBN
218,16,1,0.48565638065338135,0.0020364519996292074,97,A01,cross-session,AdaBN
219,16,1,0.4836757481098175,0.002012560999901325,97,A01,cross-session,AdaBN
220,16,1,0.5402939319610596,0.0020191440003145544,97,A01,cross-session,AdaBN
221,16,0,0.6059675216674805,0.0020116219998271845,97,A01,cross-session,AdaBN
222,16,0,0.4508880376815796,0.0020410900001479604,97,A01,cross-session,AdaBN
223,16,1,0.4984130263328552,0.002033846000358608,97,A01,cross-session,AdaBN
224,16,0,0.5961334705352783,0.002058097000372072,97,A01,cross-session,AdaBN
225,16,1,0.57850182056427,0.002110011999775452,97,A01,cross-session,AdaBN
226,16,0,0.5817295908927917,0.0020611989998542413,97,A01,cross-session,AdaBN
227,16,1,0.5815849900245667,0.002034770000136632,97,A01,cross-session,AdaBN
228,16,0,0.5085917711257935,0.0020337220003057155,97,A01,cross-session,AdaBN
229,16,1,0.5217388868331909,0.002075404000152048,97,A01,cross-session,AdaBN
230,16,0,0.558578610420227,0.002049873000032676,97,A01,cross-session,AdaBN
231,16,0,0.5765992403030396,0.0020134139999754552,97,A01,cross-session,AdaBN
232,16,0,0.6415773630142212,0.002034041000115394,97,A01,cross-session,AdaBN
233,16,1,0.5856894254684448,0.0020442559998627985,97,A01,cross-session,AdaBN
234,16,1,0.5723998546600342,0.0020085810001546633,97,A01,cross-session,AdaBN
235,16,1,0.5249795913696289,0.0020194919998175465,97,A01,cross-session,AdaBN
236,16,0,0.6251833438873291,0.002017519000219181,97,A01,cross-session,AdaBN
237,16,1,0.6376020908355713,0.002021892000357184,97,A01,cross-session,AdaBN
238,16,1,0.6171735525131226,0.0020168880000710487,97,A01,cross-session,AdaBN
239,16,1,0.5696290135383606,0.00205444700031876,97,A01,cross-session,AdaBN
240,16,0,0.6152822971343994,0.0020271710000088206,97,A01,cross-session,AdaBN
241,16,0,0.6346609592437744,0.0020187869999972463,97,A01,cross-session,AdaBN
242,16,1,0.6514321565628052,0.002077138999993622,97,A01,cross-session,AdaBN
243,16,1,0.5506128072738647,0.0020550379999804136,97,A01,cross-session,AdaBN
244,16,1,0.4889882504940033,0.0020074950002708647,97,A01,cross-session,AdaBN
245,16,0,0.5117006301879883,0.0020135969998591463,97,A01,cross-session,AdaBN
246,16,1,0.48624470829963684,0.002015996000409359,97,A01,cross-session,AdaBN
247,16,1,0.5165232419967651,0.002014764999785257,97,A01,cross-session,AdaBN
248,16,1,0.4632251262664795,0.0020044279999638093,97,A01,cross-session,AdaBN
249,16,1,0.46445587277412415,0.0020701559997178265,97,A01,cross-session,AdaBN
250,16,1,0.48504671454429626,0.002066689999992377,97,A01,cross-session,AdaBN
251,16,1,0.4780890643596649,0.0020728650001728965,97,A01,cross-session,AdaBN
252,16,1,0.47824352979660034,0.0020734790000460634,97,A01,cross-session,AdaBN
253,16,0,0.3612739145755768,0.0020217660003254423,97,A01,cross-session,AdaBN
254,16,1,0.42740339040756226,0.0020174520000182383,97,A01,cross-session,AdaBN
255,16,1,0.44252049922943115,0.002043929000137723,97,A01,cross-session,AdaBN
256,16,0,0.4460468888282776,0.0020366379999359197,97,A01,cross-session,AdaBN
257,16,1,0.4243925213813782,0.002040995999777806,97,A01,cross-session,AdaBN
258,16,1,0.33528193831443787,0.002070874000310141,97,A01,cross-session,AdaBN
259,16,1,0.3387551009654999,0.0021202580001045135,97,A01,cross-session,AdaBN
260,16,1,0.39578959345817566,0.0020371069999782776,97,A01,cross-session,AdaBN
261,16,1,0.3747778534889221,0.0020546740001918806,97,A01,cross-session,AdaBN
262,16,1,0.429097443819046,0.0020427560002644896,97,A01,cross-session,AdaBN
263,16,1,0.3877735137939453,0.0020331069999883766,97,A01,cross-session,AdaBN
264,16,1,0.34760910272598267,0.0020829430000048887,97,A01,cross-session,AdaBN
265,16,0,0.44764062762260437,0.0020985349997317826,97,A01,cross-session,AdaBN
266,16,1,0.38454222679138184,0.0020599540002876893,97,A01,cross-session,AdaBN
267,16,1,0.3937472999095917,0.0020830429998568434,97,A01,cross-session,AdaBN
268,16,1,0.37479880452156067,0.002085379999698489,97,A01,cross-session,AdaBN
269,16,0,0.46314144134521484,0.002041007000116224,97,A01,cross-session,AdaBN
270,16,1,0.5392419099807739,0.002026311000008718,97,A01,cross-session,AdaBN
271,16,0,0.42300039529800415,0.002046936000169808,97,A01,cross-session,AdaBN
272,16,0,0.4576058089733124,0.002089223000439233,97,A01,cross-session,AdaBN
273,16,0,0.4650490880012512,0.0020470129998102493,97,A01,cross-session,AdaBN
274,16,0,0.38847556710243225,0.0020268929997655505,97,A01,cross-session,AdaBN
275,16,0,0.5961925387382507,0.0020756209996761754,97,A01,cross-session,AdaBN
276,16,0,0.5025213956832886,0.0020444580000003043,97,A01,cross-session,AdaBN
277,16,0,0.44607338309288025,0.002029644000231201,97,A01,cross-session,AdaBN
278,16,0,0.5484057068824768,0.0020823009999730857,97,A01,cross-session,AdaBN
279,16,1,0.5309528708457947,0.002097392999985459,97,A01,cross-session,AdaBN
280,16,1,0.5006147027015686,0.0020663519999288837,97,A01,cross-session,AdaBN
281,16,0,0.4601399004459381,0.002027840000209835,97,A01,cross-session,AdaBN
282,16,0,0.5430121421813965,0.002033389000189345,97,A01,cross-session,AdaBN
283,16,0,0.43377652764320374,0.0020267859999876237,97,A01,cross-session,AdaBN
284,16,0,0.5552949905395508,0.002029711999966821,97,A01,cross-session,AdaBN
285,16,1,0.5961571931838989,0.0020303399996919325,97,A01,cross-session,AdaBN
286,16,0,0.58309006690979,0.002036893999957101,97,A01,cross-session,AdaBN
287,16,0,0.5937055349349976,0.0020723630000247795,97,A01,cross-session,AdaBN
0,1,0,0.9799904823303223,0.0033723810001902166,97,A02,cross-session,AdaBN
1,2,0,1.141215205192566,0.004435929999999644,97,A02,cross-session,AdaBN
2,3,0,1.3109169006347656,0.004692054000315693,97,A02,cross-session,AdaBN
3,4,0,1.2632172107696533,0.004484399999910238,97,A02,cross-session,AdaBN
4,5,0,1.0950487852096558,0.0038729220000277564,97,A02,cross-session,AdaBN
5,6,1,1.1321938037872314,0.003955300000143325,97,A02,cross-session,AdaBN
6,7,0,1.160091757774353,0.0031728320000183885,97,A02,cross-session,AdaBN
7,8,1,1.1607449054718018,0.001836678000017855,97,A02,cross-session,AdaBN
8,9,1,0.9843188524246216,0.0021958239999548823,97,A02,cross-session,AdaBN
9,10,0,1.0703160762786865,0.002322708999599854,97,A02,cross-session,AdaBN
10,11,0,1.2046886682510376,0.0018727380002019345,97,A02,cross-session,AdaBN
11,12,0,1.1054710149765015,0.0016666159999658703,97,A02,cross-session,AdaBN
12,13,0,1.1606338024139404,0.0019002039998667897,97,A02,cross-session,AdaBN
13,14,0,1.1809850931167603,0.0018677209995985322,97,A02,cross-session,AdaBN
14,15,0,1.2071397304534912,0.0017439599996578181,97,A02,cross-session,AdaBN
15,16,0,1.1072440147399902,0.0017600219998712419,97,A02,cross-session,AdaBN
16,16,0,1.1297985315322876,0.0017931579996002256,97,A02,cross-session,AdaBN
17,16,0,1.138992190361023,0.002004724000016722,97,A02,cross-session,AdaBN
18,16,1,1.1004109382629395,0.0017108479996750248,97,A02,cross-session,AdaBN
19,16,0,1.1112697124481201,0.0017571469998074463,97,A02,cross-session,AdaBN
20,16,0,1.174943447113037,0.0017490889999862702,97,A02,cross-session,AdaBN
21,16,0,1.1590200662612915,0.0017282799999520648,97,A02,cross-session,AdaBN
22,16,0,1.0848615169525146,0.001822847000312322,97,A02,cross-session,AdaBN
23,16,0,1.1813764572143555,0.001727620000110619,97,A02,cross-session,AdaBN
24,16,1,1.1464955806732178,0.0018389639999440988,97,A02,cross-session,AdaBN
25,16,0,1.128000020980835,0.0017757849996087316,97,A02,cross-session,AdaBN
26,16,0,1.1222484111785889,0.0017372699999214092,97,A02,cross-session,AdaBN
27,16,1,1.1885899305343628,0.0016369700001632737,97,A02,cross-session,AdaBN
28,16,0,1.18178391456604,0.0019139089999953285,97,A02,cross-session,AdaBN
29,16,1,1.0956696271896362,0.001860941000359162,97,A02,cross-session,AdaBN
30,16,0,1.208690881729126,0.0019024080002054689,97,A02,cross-session,AdaBN
31,16,1,1.1576911211013794,0.0020363300000099116,97,A02,cross-session,AdaBN
32,16,0,1.1828210353851318,0.0018505519997233932,97,A02,cross-session,AdaBN
33,16,1,1.1000165939331055,0.0018262909998156829,97,A02,cross-session,AdaBN
34,16,1,1.1369140148162842,0.0018350519999330572,97,A02,cross-session,AdaBN
35,16,0,1.1136984825134277,0.0018809309999596735,97,A02,cross-session,AdaBN
36,16,1,1.126409649848938,0.0017546449998917524,97,A02,cross-session,AdaBN
37,16,0,1.1611089706420898,0.001925440999912098,97,A02,cross-session,AdaBN
38,16,0,1.1275312900543213,0.0018521379997764598,97,A02,cross-session,AdaBN
39,16,0,1.1253708600997925,0.0018540089999987686,97,A02,cross-session,AdaBN
40,16,0,1.1103157997131348,0.0019672889998219034,97,A02,cross-session,AdaBN
41,16,0,1.1336013078689575,0.002007925999805593,97,A02,cross-session,AdaBN
42,16,1,1.1028392314910889,0.0019932130003326165,97,A02,cross-session,AdaBN
43,16,0,1.103501319885254,0.0019438009999248607,97,A02,cross-session,AdaBN
44,16,0,1.0992377996444702,0.001960858999609627,97,A02,cross-session,AdaBN
45,16,0,1.099271297454834,0.002023934000135341,97,A02,cross-session,AdaBN
46,16,0,1.1264801025390625,0.0019251549997534312,97,A02,cross-session,AdaBN
47,16,0,1.1171410083770752,0.0019285100001980027,97,A02,cross-session,AdaBN
48,16,0,1.1117489337921143,0.0020661130001826677,97,A02,cross-session,AdaBN
49,16,1,1.0925666093826294,0.0020982480000384385,97,A02,cross-session,AdaBN
50,16,0,1.1053789854049683,0.00213451299987355,97,A02,cross-session,AdaBN
51,16,0,1.0570858716964722,0.0021078330000818823,97,A02,cross-session,AdaBN
52,16,1,1.0886626243591309,0.002076246999877185,97,A02,cross-session,AdaBN
53,16,0,1.0680632591247559,0.002075760000025184,97,A02,cross-session,AdaBN
54,16,0,1.074448823928833,0.002128319999883388,97,A02,cross-session,AdaBN
55,16,0,1.0754566192626953,0.0021237249998193874,97,A02,cross-session,AdaBN
56,16,1,1.027411699295044,0.0020937950002917205,97,A02,cross-session,AdaBN
57,16,0,1.1627624034881592,0.002155501999823173,97,A02,cross-session,AdaBN
58,16,0,1.051655650138855,0.0021240820001366956,97,A02,cross-session,AdaBN
59,16,0,1.1618527173995972,0.002116848000241589,97,A02,cross-session,AdaBN
60,16,1,0.9847937822341919,0.0022073189998081943,97,A02,cross-session,AdaBN
61,16,1,1.1235082149505615,0.0021632160000990552,97,A02,cross-session,AdaBN
62,16,0,1.1048249006271362,0.0021150289999241068,97,A02,cross-session,AdaBN
63,16,1,1.1367945671081543,0.0021308950003913196,97,A02,cross-session,AdaBN
64,16,1,1.0986347198486328,0.002155457000299066,97,A02,cross-session,AdaBN
65,16,1,1.1062281131744385,0.0021197179999035143,97,A02,cross-session,AdaBN
66,16,0,1.1224602460861206,0.002109195000230102,97,A02,cross-session,AdaBN
67,16,1,1.1603883504867554,0.0021293509998940863,97,A02,cross-session,AdaBN
68,16,0,1.0802571773529053,0.0021184610000091197,97,A02,cross-session,AdaBN
69,16,1,1.1585458517074585,0.002146545999949012,97,A02,cross-session,AdaBN
70,16,1,0.9835189580917358,0.002136225999947783,97,A02,cross-session,AdaBN
71,16,0,1.101100206375122,0.0021130430000084743,97,A02,cross-session,AdaBN
72,16,0,1.1019201278686523,0.002109149000261823,97,A02,cross-session,AdaBN
73,16,0,1.0744576454162598,0.0021298599999681755,97,A02,cross-session,AdaBN
74,16,0,1.082866907119751,0.0021416710001176398,97,A02,cross-session,AdaBN
75,16,0,1.0292359590530396,0.002127617000041937,97,A02,cross-session,AdaBN
76,16,1,1.0840559005737305,0.0022218450003492762,97,A02,cross-session,AdaBN
77,16,0,1.1217782497406006,0.00215830500019365,97,A02,cross-session,AdaBN
78,16,0,1.0295051336288452,0.0021772599998257647,97,A02,cross-session,AdaBN
79,16,0,0.9615855813026428,0.002146983000329783,97,A02,cross-session,AdaBN
80,16,0,1.0966542959213257,0.002147701000012603,97,A02,cross-session,AdaBN
81,16,0,1.0168209075927734,0.002149680000002263,97,A02,cross-session,AdaBN
82,16,1,1.0640652179718018,0.0021900000001551234,97,A02,cross-session,AdaBN
83,16,0,1.1779396533966064,0.002153597000415175,97,A02,cross-session,AdaBN
84,16,0,1.1542121171951294,0.0021328540001377405,97,A02,cross-session,AdaBN
85,16,0,1.0923157930374146,0.0021691199999622768,97,A02,cross-session,AdaBN
86,16,0,1.0633234977722168,0.0021561080002356903,97,A02,cross-session,AdaBN
87,16,1,1.0766780376434326,0.0021323719997781154,97,A02,cross-session,AdaBN
88,16,0,1.0729622840881348,0.0021268199998303317,97,A02,cross-session,AdaBN
89,16,0,1.128537654876709,0.0021227470001576876,97,A02,cross-session,AdaBN
90,16,0,1.149073839187622,0.002144227999906434,97,A02,cross-session,AdaBN
91,16,1,1.1059985160827637,0.002171421999719314,97,A02,cross-session,AdaBN
92,16,0,1.1391284465789795,0.002180938000037713,97,A02,cross-session,AdaBN
93,16,1,1.154048204421997,0.0021556840001721866,97,A02,cross-session,AdaBN
94,16,1,1.1595929861068726,0.002159935000236146,97,A02,cross-session,AdaBN
95,16,0,0.9963259696960449,0.002204149000135658,97,A02,cross-session,AdaBN
96,16,0,1.0779483318328857,0.002144758000213187,97,A02,cross-session,AdaBN
97,16,1,1.1342782974243164,0.002127446000031341,97,A02,cross-session,AdaBN
98,16,1,1.1880760192871094,0.002174053999624448,97,A02,cross-session,AdaBN
99,16,0,1.1216447353363037,0.002156356000341475,97,A02,cross-session,AdaBN
100,16,1,1.1263095140457153,0.002129984000021068,97,A02,cross-session,AdaBN
101,16,0,1.1984907388687134,0.0021369870000853552,97,A02,cross-session,AdaBN
102,16,1,1.20004141330719,0.00211825599990334,97,A02,cross-session,AdaBN
103,16,0,1.0955936908721924,0.002154038000298897,97,A02,cross-session,AdaBN
104,16,0,1.1483240127563477,0.0021879099999750906,97,A02,cross-session,AdaBN
105,16,0,1.2024259567260742,0.0021491930001502624,97,A02,cross-session,AdaBN
106,16,0,1.1032119989395142,0.002129391999915242,97,A02,cross-session,AdaBN
107,16,1,1.1682980060577393,0.0021918379998169257,97,A02,cross-session,AdaBN
108,16,0,1.1577790975570679,0.0021529450000343786,97,A02,cross-session,AdaBN
109,16,0,1.0905086994171143,0.0021336160002647375,97,A02,cross-session,AdaBN
110,16,0,1.0603636503219604,0.002173612999740726,97,A02,cross-session,AdaBN
111,16,0,1.1290218830108643,0.002155029000277864,97,A02,cross-session,AdaBN
112,16,1,1.1041089296340942,0.002134833999662078,97,A02,cross-session,AdaBN
113,16,0,1.062270164489746,0.0021360249997997016,97,A02,cross-session,AdaBN
114,16,0,1.17291259765625,0.002114691999850038,97,A02,cross-session,AdaBN
115,16,0,1.0446791648864746,0.0021056229998066556,97,A02,cross-session,AdaBN
116,16,0,1.1075818538665771,0.0021413690001281793,97,A02,cross-session,AdaBN
117,16,0,1.1717740297317505,0.002136395999968954,97,A02,cross-session,AdaBN
118,16,0,1.165289282798767,0.0021048670000709535,97,A02,cross-session,AdaBN
119,16,0,1.1510310173034668,0.0021207419999882404,97,A02,cross-session,AdaBN
120,16,0,1.0657293796539307,0.0021127639997757797,97,A02,cross-session,AdaBN
121,16,0,1.1639454364776611,0.0021278189997246955,97,A02,cross-session,AdaBN
122,16,0,1.1055946350097656,0.002126361000136967,97,A02,cross-session,AdaBN
123,16,0,1.110342264175415,0.002116084000135743,97,A02,cross-session,AdaBN
124,16,0,1.1118824481964111,0.002105245000166178,97,A02,cross-session,AdaBN
125,16,0,1.1236780881881714,0.0021100650001244503,97,A02,cross-session,AdaBN
126,16,0,1.1177632808685303,0.002174456999910035,97,A02,cross-session,AdaBN
127,16,0,1.0914337635040283,0.0021399699999165023,97,A02,cross-session,AdaBN
128,16,0,1.0477505922317505,0.0021045230000709125,97,A02,cross-session,AdaBN
129,16,0,1.076439380645752,0.002144752999811317,97,A02,cross-session,AdaBN
130,16,0,1.1458103656768799,0.0021439290003399947,97,A02,cross-session,AdaBN
131,16,0,1.1505820751190186,0.002150596999854315,97,A02,cross-session,AdaBN
132,16,0,1.1535016298294067,0.00214970600018205,97,A02,cross-session,AdaBN
133,16,1,1.195756435394287,0.002113493000251765,97,A02,cross-session,AdaBN
134,16,0,1.1123201847076416,0.0021015719999013527,97,A02,cross-session,AdaBN
135,16,0,1.1891417503356934,0.0021782419998999103,97,A02,cross-session,AdaBN
136,16,0,1.0935840606689453,0.002134421999926417,97,A02,cross-session,AdaBN
137,16,0,1.1643977165222168,0.0021138489996701537,97,A02,cross-session,AdaBN
138,16,0,1.148461103439331,0.0021500420002666942,97,A02,cross-session,AdaBN
139,16,0,1.1251606941223145,0.0021312160001798475,97,A02,cross-session,AdaBN
140,16,1,1.1292742490768433,0.0021614339998450305,97,A02,cross-session,AdaBN
141,16,1,1.1424959897994995,0.0021306550002009317,97,A02,cross-session,AdaBN
142,16,1,1.0496726036071777,0.0021077779997540347,97,A02,cross-session,AdaBN
143,16,1,1.2308595180511475,0.00210229000003892,97,A02,cross-session,AdaBN
144,16,0,1.0977272987365723,0.0021240010000838083,97,A02,cross-session,AdaBN
145,16,0,1.1232316493988037,0.0021566109999184846,97,A02,cross-session,AdaBN
146,16,0,1.1439001560211182,0.002120250999723794,97,A02,cross-session,AdaBN
147,16,0,1.103614091873169,0.0021094680000715016,97,A02,cross-session,AdaBN
148,16,0,1.1061537265777588,0.0021325519996935327,97,A02,cross-session,AdaBN
149,16,0,1.0265194177627563,0.0021586960001513944,97,A02,cross-session,AdaBN
150,16,0,1.1105831861495972,0.0021174799999243987,97,A02,cross-session,AdaBN
151,16,1,1.0591039657592773,0.0021529149998968933,97,A02,cross-session,AdaBN
152,16,0,0.9445233345031738,0.002128408999851672,97,A02,cross-session,AdaBN
153,16,0,1.1062169075012207,0.0021222320001470507,97,A02,cross-session,AdaBN
154,16,0,1.0556926727294922,0.0021902839998801937,97,A02,cross-session,AdaBN
155,16,1,1.146907091140747,0.00212068700011514,97,A02,cross-session,AdaBN
156,16,0,0.9427600502967834,0.0021095269999023003,97,A02,cross-session,AdaBN
157,16,1,1.0112003087997437,0.0021526319997065,97,A02,cross-session,AdaBN
158,16,0,0.929703950881958,0.00216304300010961,97,A02,cross-session,AdaBN
159,16,0,0.9955400228500366,0.0021263829999043082,97,A02,cross-session,AdaBN
160,16,1,0.9547924995422363,0.0021433150000120804,97,A02,cross-session,AdaBN
161,16,0,1.0223820209503174,0.0021353859997361724,97,A02,cross-session,AdaBN
162,16,0,0.9709121584892273,0.002106599999933678,97,A02,cross-session,AdaBN
163,16,1,0.9488927125930786,0.002136117999725684,97,A02,cross-session,AdaBN
164,16,0,0.9539898633956909,0.0021044670002083876,97,A02,cross-session,AdaBN
165,16,0,0.9988489747047424,0.002087773000312154,97,A02,cross-session,AdaBN
166,16,1,1.0416159629821777,0.002081886999803828,97,A02,cross-session,AdaBN
167,16,1,0.9435694217681885,0.0020886659999632684,97,A02,cross-session,AdaBN
168,16,1,1.0606296062469482,0.0021217729999989388,97,A02,cross-session,AdaBN
169,16,1,1.0633141994476318,0.0021224179999990156,97,A02,cross-session,AdaBN
170,16,0,1.0699455738067627,0.00212687300017933,97,A02,cross-session,AdaBN
171,16,1,1.0720832347869873,0.002084438000110822,97,A02,cross-session,AdaBN
172,16,0,1.0921039581298828,0.0020888430003651592,97,A02,cross-session,AdaBN
173,16,0,1.1485402584075928,0.002123603999734769,97,A02,cross-session,AdaBN
174,16,0,1.0378390550613403,0.0021380130001489306,97,A02,cross-session,AdaBN
175,16,1,1.1139440536499023,0.002086526999846683,97,A02,cross-session,AdaBN
176,16,0,1.1393508911132812,0.0021195580002313363,97,A02,cross-session,AdaBN
177,16,0,1.1683909893035889,0.0021029270001236,97,A02,cross-session,AdaBN
178,16,0,1.0970137119293213,0.0020891450003546197,97,A02,cross-session,AdaBN
179,16,1,1.2163978815078735,0.0021319880002010905,97,A02,cross-session,AdaBN
180,16,0,1.1582422256469727,0.002136860000064189,97,A02,cross-session,AdaBN
181,16,0,1.1493560075759888,0.0020876519997727883,97,A02,cross-session,AdaBN
182,16,1,1.0882091522216797,0.0020977749995836348,97,A02,cross-session,AdaBN
183,16,0,1.1343834400177002,0.0021206780002103187,97,A02,cross-session,AdaBN
184,16,1,1.1552138328552246,0.0021555490002356237,97,A02,cross-session,AdaBN
185,16,1,1.123457908630371,0.00212485000020024,97,A02,cross-session,AdaBN
186,16,0,1.0692212581634521,0.0021263910002744524,97,A02,cross-session,AdaBN
187,16,0,1.1898912191390991,0.002082239000174013,97,A02,cross-session,AdaBN
188,16,0,1.0856425762176514,0.0020875269997304713,97,A02,cross-session,AdaBN
189,16,1,1.0769298076629639,0.0021354619998419366,97,A02,cross-session,AdaBN
190,16,0,1.067663550376892,0.0021145710002201668,97,A02,cross-session,AdaBN
191,16,0,1.1708353757858276,0.0020825739998144854,97,A02,cross-session,AdaBN
192,16,0,1.0330618619918823,0.0021109319995957776,97,A02,cross-session,AdaBN
193,16,1,1.0128368139266968,0.002084181999634893,97,A02,cross-session,AdaBN
194,16,0,1.0532479286193848,0.0020996739999645797,97,A02,cross-session,AdaBN
195,16,0,1.0562260150909424,0.002122157000030711,97,A02,cross-session,AdaBN
196,16,0,0.9484657049179077,0.0020969890001651947,97,A02,cross-session,AdaBN
197,16,0,1.0322461128234863,0.002078509000057238,97,A02,cross-session,AdaBN
198,16,0,0.9970723390579224,0.002105404999838356,97,A02,cross-session,AdaBN
199,16,1,1.028174638748169,0.0021164459999454266,97,A02,cross-session,AdaBN
200,16,0,1.0745747089385986,0.002132241000253998,97,A02,cross-session,AdaBN
201,16,0,0.9916952848434448,0.002114169999913429,97,A02,cross-session,AdaBN
202,16,1,1.0037543773651123,0.0020510409999587864,97,A02,cross-session,AdaBN
203,16,1,0.9496456384658813,0.0020382110001264664,97,A02,cross-session,AdaBN
204,16,0,1.0104531049728394,0.0020391739999467973,97,A02,cross-session,AdaBN
205,16,0,0.9920288324356079,0.002089990000058606,97,A02,cross-session,AdaBN
206,16,0,1.061596393585205,0.0020723449997603893,97,A02,cross-session,AdaBN
207,16,1,1.1348378658294678,0.002055154000117909,97,A02,cross-session,AdaBN
208,16,1,1.1532723903656006,0.0020685249996859056,97,A02,cross-session,AdaBN
209,16,0,1.0651782751083374,0.002062779999960185,97,A02,cross-session,AdaBN
210,16,0,1.103727102279663,0.002047193000180414,97,A02,cross-session,AdaBN
211,16,0,1.1154426336288452,0.002061706999938906,97,A02,cross-session,AdaBN
212,16,1,1.073265790939331,0.00208373199984635,97,A02,cross-session,AdaBN
213,16,0,1.1347849369049072,0.0020719649996863154,97,A02,cross-session,AdaBN
214,16,0,1.0831854343414307,0.0020726050001940166,97,A02,cross-session,AdaBN
215,16,0,1.1104285717010498,0.002058365999801026,97,A02,cross-session,AdaBN
216,16,1,1.1368677616119385,0.0020437010002751776,97,A02,cross-session,AdaBN
217,16,0,1.0471915006637573,0.0020286429999032407,97,A02,cross-session,AdaBN
218,16,1,1.020649790763855,0.002053300000170566,97,A02,cross-session,AdaBN
219,16,1,1.019527792930603,0.0020486900002651964,97,A02,cross-session,AdaBN
220,16,1,1.1548069715499878,0.00208500600001571,97,A02,cross-session,AdaBN
221,16,1,1.1115858554840088,0.0020609730004252924,97,A02,cross-session,AdaBN
222,16,0,1.163177490234375,0.002059703999748308,97,A02,cross-session,AdaBN
223,16,0,1.1510663032531738,0.002057959000012488,97,A02,cross-session,AdaBN
224,16,1,1.0719465017318726,0.002091950999783876,97,A02,cross-session,AdaBN
225,16,0,1.1322524547576904,0.002078764000088995,97,A02,cross-session,AdaBN
226,16,0,1.0912230014801025,0.002084472999740683,97,A02,cross-session,AdaBN
227,16,0,0.987516462802887,0.002088969000396901,97,A02,cross-session,AdaBN
228,16,0,1.0276565551757812,0.0020645539998440654,97,A02,cross-session,AdaBN
229,16,1,0.932601809501648,0.002046195999810152,97,A02,cross-session,AdaBN
230,16,0,1.040363073348999,0.0020944359998793516,97,A02,cross-session,AdaBN
231,16,1,1.093116283416748,0.0020868699998572993,97,A02,cross-session,AdaBN
232,16,0,1.105254888534546,0.002130650999788486,97,A02,cross-session,AdaBN
233,16,0,0.99554044008255,0.0021109709996380843,97,A02,cross-session,AdaBN
234,16,1,1.0775214433670044,0.0020861989996774355,97,A02,cross-session,AdaBN
235,16,1,1.1044713258743286,0.0020890659998258343,97,A02,cross-session,AdaBN
236,16,0,1.0328028202056885,0.0020851059998676647,97,A02,cross-session,AdaBN
237,16,0,1.1117753982543945,0.002206590000241704,97,A02,cross-session,AdaBN
238,16,1,0.9270120859146118,0.002172634999624279,97,A02,cross-session,AdaBN
239,16,0,1.0530906915664673,0.002161646999866207,97,A02,cross-session,AdaBN
240,16,0,0.9684079885482788,0.0021658300001945463,97,A02,cross-session,AdaBN
241,16,0,1.0649480819702148,0.002167841000300541,97,A02,cross-session,AdaBN
242,16,0,1.0502476692199707,0.002172065000195289,97,A02,cross-session,AdaBN
243,16,0,0.9335245490074158,0.0021295619999364135,97,A02,cross-session,AdaBN
244,16,0,1.0483592748641968,0.0020958530003554188,97,A02,cross-session,AdaBN
245,16,0,1.0265836715698242,0.0020916980001857155,97,A02,cross-session,AdaBN
246,16,0,1.0555492639541626,0.002213937000306032,97,A02,cross-session,AdaBN
247,16,0,1.080227255821228,0.002103129999795783,97,A02,cross-session,AdaBN
248,16,0,1.0283434391021729,0.00208957700033352,97,A02,cross-session,AdaBN
249,16,1,0.9419213533401489,0.0020834310003010614,97,A02,cross-session,AdaBN
250,16,0,0.9879833459854126,0.0021075589997963107,97,A02,cross-session,AdaBN
251,16,1,0.96137535572052,0.002141714000117645,97,A02,cross-session,AdaBN
252,16,0,0.9473657608032227,0.0021481839999069052,97,A02,cross-session,AdaBN
253,16,1,0.9368979334831238,0.0021391170002971194,97,A02,cross-session,AdaBN
254,16,0,0.9903701543807983,0.002083089999814547,97,A02,cross-session,AdaBN
255,16,0,1.0306622982025146,0.0021280129999468045,97,A02,cross-session,AdaBN
256,16,0,0.9618350863456726,0.0021674969998457527,97,A02,cross-session,AdaBN
257,16,1,0.9347753524780273,0.0020928690000801,97,A02,cross-session,AdaBN
258,16,0,1.0663141012191772,0.0020852799998465343,97,A02,cross-session,AdaBN
259,16,0,1.030914306640625,0.0021419800000330724,97,A02,cross-session,AdaBN
260,16,1,1.0821913480758667,0.0021343899998100824,97,A02,cross-session,AdaBN
261,16,0,1.071457862854004,0.0021296390000316023,97,A02,cross-session,AdaBN
262,16,0,1.0423929691314697,0.0021274910000101954,97,A02,cross-session,AdaBN
263,16,0,0.9398422837257385,0.0021025000000918226,97,A02,cross-session,AdaBN
264,16,0,1.007899284362793,0.0020918269997309835,97,A02,cross-session,AdaBN
265,16,0,0.9755344390869141,0.0021649300001627125,97,A02,cross-session,AdaBN
266,16,1,0.9558501243591309,0.002143197000350483,97,A02,cross-session,AdaBN
267,16,0,0.9092313051223755,0.002087568999741052,97,A02,cross-session,AdaBN
268,16,0,0.9068279266357422,0.002137014999789244,97,A02,cross-session,AdaBN
269,16,0,0.942935049533844,0.002100488999985828,97,A02,cross-session,AdaBN
270,16,0,1.105172872543335,0.002129238999714289,97,A02,cross-session,AdaBN
271,16,0,1.0174533128738403,0.0021178169999984675,97,A02,cross-session,AdaBN
272,16,0,1.0206739902496338,0.0020823810000365484,97,A02,cross-session,AdaBN
273,16,0,1.033121109008789,0.0021009739998589794,97,A02,cross-session,AdaBN
274,16,0,0.940662682056427,0.0020925069998156687,97,A02,cross-session,AdaBN
275,16,1,1.0330564975738525,0.002115677999881882,97,A02,cross-session,AdaBN
276,16,0,0.9555898904800415,0.0021287409999786178,97,A02,cross-session,AdaBN
277,16,0,0.8795910477638245,0.0020761800001309894,97,A02,cross-session,AdaBN
278,16,0,1.0797669887542725,0.0021263079997879686,97,A02,cross-session,AdaBN
279,16,0,1.0245921611785889,0.0020777459999408165,97,A02,cross-session,AdaBN
280,16,0,1.0259454250335693,0.0020756669996444543,97,A02,cross-session,AdaBN
281,16,1,0.9639172554016113,0.002105124999616237,97,A02,cross-session,AdaBN
282,16,1,1.1638143062591553,0.0021048240000709484,97,A02,cross-session,AdaBN
283,16,1,1.044576644897461,0.002069285999823478,97,A02,cross-session,AdaBN
284,16,0,1.0334993600845337,0.0020935940001436393,97,A02,cross-session,AdaBN
285,16,0,1.0869204998016357,0.0020681370001511823,97,A02,cross-session,AdaBN
286,16,0,1.0805467367172241,0.0020575250000547385,97,A02,cross-session,AdaBN
287,16,1,1.075141191482544,0.0020883269999103504,97,A02,cross-session,AdaBN
0,1,0,0.7468096613883972,0.0030492310002045997,97,A03,cross-session,AdaBN
1,2,1,0.7256186604499817,0.00443747400004213,97,A03,cross-session,AdaBN
2,3,0,1.0993027687072754,0.004576552999878913,97,A03,cross-session,AdaBN
3,4,1,0.9354569911956787,0.004514365999966685,97,A03,cross-session,AdaBN
4,5,0,0.8612257242202759,0.003988946999925247,97,A03,cross-session,AdaBN
5,6,1,0.7685510516166687,0.004247767999913776,97,A03,cross-session,AdaBN
6,7,1,0.8867231011390686,0.002989917999911995,97,A03,cross-session,AdaBN
7,8,0,0.936487078666687,0.0016425399999207002,97,A03,cross-session,AdaBN
8,9,1,0.7024202346801758,0.0017275719997087435,97,A03,cross-session,AdaBN
9,10,0,0.9502448439598083,0.0016547079999327252,97,A03,cross-session,AdaBN
10,11,1,0.9038466215133667,0.0017386790000273322,97,A03,cross-session,AdaBN
11,12,0,0.8627176284790039,0.0019483250002849672,97,A03,cross-session,AdaBN
12,13,1,0.7314423322677612,0.0019584330002544448,97,A03,cross-session,AdaBN
13,14,0,0.799750566482544,0.0020071510002708237,97,A03,cross-session,AdaBN
14,15,1,0.8193482160568237,0.002077002999612887,97,A03,cross-session,AdaBN
15,16,1,0.6690974235534668,0.00188282600038292,97,A03,cross-session,AdaBN
16,16,1,0.7060552835464478,0.001853165000284207,97,A03,cross-session,AdaBN
17,16,1,0.66075599193573,0.0019883589998244133,97,A03,cross-session,AdaBN
18,16,0,0.6403597593307495,0.002142613000160054,97,A03,cross-session,AdaBN
19,16,1,0.6215959787368774,0.0026165220001530543,97,A03,cross-session,AdaBN
20,16,0,0.6811718940734863,0.002351740999984031,97,A03,cross-session,AdaBN
21,16,1,0.6417661309242249,0.0021879989999433747,97,A03,cross-session,AdaBN
22,16,1,0.6520588397979736,0.002082033000078809,97,A03,cross-session,AdaBN
23,16,1,0.7053559422492981,0.0021870739997211786,97,A03,cross-session,AdaBN
24,16,0,0.6740545034408569,0.002101777999996557,97,A03,cross-session,AdaBN
25,16,1,0.6429123878479004,0.0020639089998439886,97,A03,cross-session,AdaBN
26,16,1,0.6311163902282715,0.001997800000026473,97,A03,cross-session,AdaBN
27,16,0,0.7279117703437805,0.0018863519999285927,97,A03,cross-session,AdaBN
28,16,0,0.6222919225692749,0.0018384009999863338,97,A03,cross-session,AdaBN
29,16,0,0.6734079122543335,0.001817941999888717,97,A03,cross-session,AdaBN
30,16,1,0.6245222091674805,0.0017231189999620256,97,A03,cross-session,AdaBN
31,16,1,0.6253297924995422,0.0017012409998642397,97,A03,cross-session,AdaBN
32,16,1,0.6953918933868408,0.0017725859997881344,97,A03,cross-session,AdaBN
33,16,1,0.6880964040756226,0.0018365230002928001,97,A03,cross-session,AdaBN
34,16,1,0.669784665107727,0.0017991079998864734,97,A03,cross-session,AdaBN
35,16,1,0.6394524574279785,0.0017899619997479022,97,A03,cross-session,AdaBN
36,16,1,0.6575071811676025,0.001871335000032559,97,A03,cross-session,AdaBN
37,16,1,0.6740579009056091,0.001771660000031261,97,A03,cross-session,AdaBN
38,16,1,0.5566527843475342,0.0017547509996802546,97,A03,cross-session,AdaBN
39,16,0,0.8006398677825928,0.001779790000000503,97,A03,cross-session,AdaBN
40,16,0,0.7877541184425354,0.0018408280002404354,97,A03,cross-session,AdaBN
41,16,1,0.6966109871864319,0.0019094580002274597,97,A03,cross-session,AdaBN
42,16,0,0.7403280735015869,0.001841729999796371,97,A03,cross-session,AdaBN
43,16,1,0.8173730373382568,0.0019134280000798753,97,A03,cross-session,AdaBN
44,16,1,0.6312564611434937,0.0019481170002109138,97,A03,cross-session,AdaBN
45,16,1,0.6011295914649963,0.0019512199996825075,97,A03,cross-session,AdaBN
46,16,1,0.6573081612586975,0.001979116999791586,97,A03,cross-session,AdaBN
47,16,1,0.6392968893051147,0.0020049340000696247,97,A03,cross-session,AdaBN
48,16,0,0.6378916501998901,0.001971171000150207,97,A03,cross-session,AdaBN
49,16,0,0.7017877101898193,0.001967527000033442,97,A03,cross-session,AdaBN
50,16,1,0.6306183338165283,0.0020273139998607803,97,A03,cross-session,AdaBN
51,16,1,0.6923220753669739,0.0019912920001843304,97,A03,cross-session,AdaBN
52,16,1,0.7062680721282959,0.0019966290001320885,97,A03,cross-session,AdaBN
53,16,1,0.6404362320899963,0.002000758000122005,97,A03,cross-session,AdaBN
54,16,0,0.6426470279693604,0.001973561000340851,97,A03,cross-session,AdaBN
55,16,1,0.5686468482017517,0.0019605069996941893,97,A03,cross-session,AdaBN
56,16,1,0.7052475810050964,0.002017849999901955,97,A03,cross-session,AdaBN
57,16,0,0.6244711875915527,0.001977518999865424,97,A03,cross-session,AdaBN
58,16,1,0.6619904637336731,0.001962654999715596,97,A03,cross-session,AdaBN
59,16,1,0.5978939533233643,0.0020120170001973747,97,A03,cross-session,AdaBN
60,16,1,0.687848687171936,0.0019923939998989226,97,A03,cross-session,AdaBN
61,16,1,0.740491509437561,0.0019602359998316388,97,A03,cross-session,AdaBN
62,16,1,0.6408346891403198,0.0019628559998636774,97,A03,cross-session,AdaBN
63,16,1,0.6762574911117554,0.00199994099966716,97,A03,cross-session,AdaBN
64,16,1,0.6772993206977844,0.0019883509999090165,97,A03,cross-session,AdaBN
65,16,1,0.6131075024604797,0.0019748429999708605,97,A03,cross-session,AdaBN
66,16,1,0.6599627137184143,0.002008257999932539,97,A03,cross-session,AdaBN
67,16,1,0.6978815197944641,0.0020111909998377087,97,A03,cross-session,AdaBN
68,16,1,0.5958688259124756,0.0019768639999711013,97,A03,cross-session,AdaBN
69,16,0,0.760058581829071,0.0019578370001909207,97,A03,cross-session,AdaBN
70,16,1,0.6340075731277466,0.0019553180000002612,97,A03,cross-session,AdaBN
71,16,0,0.7419126033782959,0.0019933630001105485,97,A03,cross-session,AdaBN
72,16,1,0.7816593050956726,0.002021092999711982,97,A03,cross-session,AdaBN
73,16,1,0.7299295663833618,0.002013669000007212,97,A03,cross-session,AdaBN
74,16,1,0.619064211845398,0.0020174310002403217,97,A03,cross-session,AdaBN
75,16,1,0.6568078398704529,0.0020153519999439595,97,A03,cross-session,AdaBN
76,16,1,0.623361349105835,0.0020296399998187553,97,A03,cross-session,AdaBN
77,16,1,0.7607352137565613,0.002065013999981602,97,A03,cross-session,AdaBN
78,16,1,0.5244561433792114,0.0020475749997785897,97,A03,cross-session,AdaBN
79,16,1,0.6143481731414795,0.0020308039997871674,97,A03,cross-session,AdaBN
80,16,1,0.6194542646408081,0.0020400749999680556,97,A03,cross-session,AdaBN
81,16,0,0.5368693470954895,0.002026561000093352,97,A03,cross-session,AdaBN
82,16,0,0.6097331047058105,0.0020362099999147176,97,A03,cross-session,AdaBN
83,16,1,0.678253710269928,0.002031342999998742,97,A03,cross-session,AdaBN
84,16,1,0.7483518123626709,0.002032110000072862,97,A03,cross-session,AdaBN
85,16,0,0.6277419924736023,0.0020432159999472788,97,A03,cross-session,AdaBN
86,16,1,0.6911326050758362,0.0020679419999396487,97,A03,cross-session,AdaBN
87,16,1,0.5543296933174133,0.0020457669997995254,97,A03,cross-session,AdaBN
88,16,1,0.6477838754653931,0.0020343249998404644,97,A03,cross-session,AdaBN
89,16,0,0.6479034423828125,0.0020721639998555474,97,A03,cross-session,AdaBN
90,16,1,0.589479923248291,0.0020410739998624194,97,A03,cross-session,AdaBN
91,16,0,0.6894992589950562,0.002063568999801646,97,A03,cross-session,AdaBN
92,16,1,0.6696596741676331,0.0021010830000705027,97,A03,cross-session,AdaBN
93,16,1,0.6961807012557983,0.0020901520001643803,97,A03,cross-session,AdaBN
94,16,0,0.5523500442504883,0.0020608660001926182,97,A03,cross-session,AdaBN
95,16,1,0.6701232194900513,0.0020307409999986703,97,A03,cross-session,AdaBN
96,16,1,0.7796624898910522,0.0020664879998548713,97,A03,cross-session,AdaBN
97,16,1,0.7179883122444153,0.002043672000127117,97,A03,cross-session,AdaBN
98,16,0,0.6879442930221558,0.0020391660000314005,97,A03,cross-session,AdaBN
99,16,1,0.6203386783599854,0.0020532270000330755,97,A03,cross-session,AdaBN
100,16,1,0.6321067214012146,0.002069613000003301,97,A03,cross-session,AdaBN
101,16,1,0.6607787609100342,0.0020761310001944366,97,A03,cross-session,AdaBN
102,16,1,0.6248331069946289,0.002095600000302511,97,A03,cross-session,AdaBN
103,16,0,0.7443888187408447,0.0020963779998055543,97,A03,cross-session,AdaBN
104,16,1,0.6982784867286682,0.0020795630002794496,97,A03,cross-session,AdaBN
105,16,1,0.7606545090675354,0.0020738379998874734,97,A03,cross-session,AdaBN
106,16,1,0.6542757749557495,0.0021105119999447197,97,A03,cross-session,AdaBN
107,16,0,0.6288686990737915,0.0021144119996279187,97,A03,cross-session,AdaBN
108,16,0,0.5126593112945557,0.00208371899998383,97,A03,cross-session,AdaBN
109,16,1,0.5353831052780151,0.0020791330002793984,97,A03,cross-session,AdaBN
110,16,0,0.575681209564209,0.002071376000003511,97,A03,cross-session,AdaBN
111,16,1,0.4513981342315674,0.0021150339998712298,97,A03,cross-session,AdaBN
112,16,0,0.5057277679443359,0.002176864999910322,97,A03,cross-session,AdaBN
113,16,1,0.45754751563072205,0.0021110380002937745,97,A03,cross-session,AdaBN
114,16,1,0.5540927052497864,0.002127294999809237,97,A03,cross-session,AdaBN
115,16,1,0.5532631874084473,0.0021639209999193554,97,A03,cross-session,AdaBN
116,16,1,0.5653554797172546,0.0021455339997373812,97,A03,cross-session,AdaBN
117,16,1,0.4813939929008484,0.0021351489999688056,97,A03,cross-session,AdaBN
118,16,1,0.6521122455596924,0.0021289500000420958,97,A03,cross-session,AdaBN
119,16,0,0.5674196481704712,0.002149110000118526,97,A03,cross-session,AdaBN
120,16,1,0.643558919429779,0.0021242639995762147,97,A03,cross-session,AdaBN
121,16,1,0.5630959868431091,0.0021724739999626763,97,A03,cross-session,AdaBN
122,16,0,0.673717737197876,0.002130751000095188,97,A03,cross-session,AdaBN
123,16,1,0.5230354070663452,0.002142980000371608,97,A03,cross-session,AdaBN
124,16,1,0.6352792382240295,0.0021501460000763473,97,A03,cross-session,AdaBN
125,16,0,0.5592597723007202,0.002175690000058239,97,A03,cross-session,AdaBN
126,16,1,0.6394188404083252,0.002126403999682225,97,A03,cross-session,AdaBN
127,16,1,0.6302729249000549,0.002131849000306829,97,A03,cross-session,AdaBN
128,16,0,0.6539729833602905,0.0021429560001706704,97,A03,cross-session,AdaBN
129,16,0,0.673283040523529,0.0021317149999049434,97,A03,cross-session,AdaBN
130,16,1,0.7738704681396484,0.0021246040000733046,97,A03,cross-session,AdaBN
131,16,1,0.6449331045150757,0.002135439000085171,97,A03,cross-session,AdaBN
132,16,1,0.6391711235046387,0.0021372279998104204,97,A03,cross-session,AdaBN
133,16,1,0.5216169357299805,0.0021320900000318943,97,A03,cross-session,AdaBN
134,16,1,0.7381551265716553,0.002135877000000619,97,A03,cross-session,AdaBN
135,16,1,0.6263841390609741,0.0021256090003589634,97,A03,cross-session,AdaBN
136,16,1,0.67048180103302,0.002128738000010344,97,A03,cross-session,AdaBN
137,16,0,0.8088328838348389,0.002133136000338709,97,A03,cross-session,AdaBN
138,16,1,0.6321979761123657,0.0020904060002067126,97,A03,cross-session,AdaBN
139,16,1,0.6480453014373779,0.002120765999734431,97,A03,cross-session,AdaBN
140,16,1,0.6376938819885254,0.0021435090002341894,97,A03,cross-session,AdaBN
141,16,0,0.7075904011726379,0.0020915619998049806,97,A03,cross-session,AdaBN
142,16,1,0.5275119543075562,0.002087853999910294,97,A03,cross-session,AdaBN
143,16,1,0.7267464995384216,0.0021307359997990716,97,A03,cross-session,AdaBN
144,16,0,0.6402151584625244,0.002118808999966859,97,A03,cross-session,AdaBN
145,16,0,0.5239818096160889,0.0020909869999741204,97,A03,cross-session,AdaBN
146,16,1,0.6067476272583008,0.0020694709996860183,97,A03,cross-session,AdaBN
147,16,0,0.6174775958061218,0.0021314119999260583,97,A03,cross-session,AdaBN
148,16,0,0.5370209217071533,0.0020969049996892863,97,A03,cross-session,AdaBN
149,16,1,0.5398305058479309,0.0020507080002971634,97,A03,cross-session,AdaBN
150,16,1,0.4862539768218994,0.00216402099977131,97,A03,cross-session,AdaBN
151,16,1,0.6646600961685181,0.002054133000001457,97,A03,cross-session,AdaBN
152,16,0,0.6013644933700562,0.002067311999780941,97,A03,cross-session,AdaBN
153,16,1,0.5116978287696838,0.0020811109998248867,97,A03,cross-session,AdaBN
154,16,1,0.57131028175354,0.0020410460001585307,97,A03,cross-session,AdaBN
155,16,1,0.549892246723175,0.0020483349999267375,97,A03,cross-session,AdaBN
156,16,1,0.49659401178359985,0.0021465019999595825,97,A03,cross-session,AdaBN
157,16,1,0.6307336091995239,0.0021830919999956677,97,A03,cross-session,AdaBN
158,16,0,0.6598172187805176,0.00208996700030184,97,A03,cross-session,AdaBN
159,16,1,0.4891970455646515,0.0021146009999029047,97,A03,cross-session,AdaBN
160,16,1,0.4809829592704773,0.0022415239996007585,97,A03,cross-session,AdaBN
161,16,1,0.4758787155151367,0.0020607380001820275,97,A03,cross-session,AdaBN
162,16,1,0.6181856989860535,0.0020415649996721186,97,A03,cross-session,AdaBN
163,16,1,0.7164888381958008,0.0020616930000869615,97,A03,cross-session,AdaBN
164,16,0,0.5856119394302368,0.002038260000063019,97,A03,cross-session,AdaBN
165,16,1,0.6106715202331543,0.0020334079999884125,97,A03,cross-session,AdaBN
166,16,1,0.5719106793403625,0.0020264649997443485,97,A03,cross-session,AdaBN
167,16,1,0.5662573575973511,0.0020373900001686707,97,A03,cross-session,AdaBN
168,16,1,0.6228607892990112,0.002013726000313909,97,A03,cross-session,AdaBN
169,16,1,0.6810532212257385,0.0020914020001328026,97,A03,cross-session,AdaBN
170,16,1,0.6209954619407654,0.002066418000140402,97,A03,cross-session,AdaBN
171,16,0,0.7283372282981873,0.0020293620000302326,97,A03,cross-session,AdaBN
172,16,1,0.6060093641281128,0.0020522529998743266,97,A03,cross-session,AdaBN
173,16,1,0.5828543305397034,0.0020337420000942075,97,A03,cross-session,AdaBN
174,16,1,0.5860874056816101,0.0020149900001342758,97,A03,cross-session,AdaBN
175,16,1,0.5979343056678772,0.0020245229998181458,97,A03,cross-session,AdaBN
176,16,1,0.5529615879058838,0.0020188299999972514,97,A03,cross-session,AdaBN
177,16,1,0.6667381525039673,0.0020533179999802087,97,A03,cross-session,AdaBN
178,16,1,0.5178985595703125,0.00204393700005312,97,A03,cross-session,AdaBN
179,16,0,0.6164776086807251,0.002061624999896594,97,A03,cross-session,AdaBN
180,16,0,0.4983823895454407,0.002046185999915906,97,A03,cross-session,AdaBN
181,16,0,0.539783239364624,0.0020177010001134477,97,A03,cross-session,AdaBN
182,16,0,0.516689121723175,0.00204258799976742,97,A03,cross-session,AdaBN
183,16,1,0.5994390249252319,0.0020252479998816852,97,A03,cross-session,AdaBN
184,16,1,0.41248011589050293,0.002049843999884615,97,A03,cross-session,AdaBN
185,16,1,0.5207575559616089,0.0020800590000362718,97,A03,cross-session,AdaBN
186,16,0,0.6223045587539673,0.0020714349998343096,97,A03,cross-session,AdaBN
187,16,1,0.5948322415351868,0.00203745999988314,97,A03,cross-session,AdaBN
188,16,0,0.5483333468437195,0.0020636369999920134,97,A03,cross-session,AdaBN
189,16,1,0.6387391090393066,0.0020682160002252203,97,A03,cross-session,AdaBN
190,16,1,0.5752459168434143,0.0020319549998930597,97,A03,cross-session,AdaBN
191,16,1,0.5056123733520508,0.002038809999703517,97,A03,cross-session,AdaBN
192,16,0,0.5954279899597168,0.002050615000371181,97,A03,cross-session,AdaBN
193,16,1,0.6341270208358765,0.002062523000404326,97,A03,cross-session,AdaBN
194,16,1,0.6590458750724792,0.0020762250001098437,97,A03,cross-session,AdaBN
195,16,0,0.5695641040802002,0.0020705619999716873,97,A03,cross-session,AdaBN
196,16,0,0.7034764289855957,0.0020669259997703193,97,A03,cross-session,AdaBN
197,16,1,0.4239329397678375,0.002025856000273052,97,A03,cross-session,AdaBN
198,16,0,0.5434744358062744,0.0021050039999863657,97,A03,cross-session,AdaBN
199,16,1,0.497802197933197,0.0020776229998773488,97,A03,cross-session,AdaBN
200,16,1,0.6218520402908325,0.0020679630001723126,97,A03,cross-session,AdaBN
201,16,1,0.576717734336853,0.0021028539999861096,97,A03,cross-session,AdaBN
202,16,1,0.47020578384399414,0.0020701069997812738,97,A03,cross-session,AdaBN
203,16,1,0.6105711460113525,0.0020565949998854194,97,A03,cross-session,AdaBN
204,16,1,0.48105210065841675,0.0020475649998843437,97,A03,cross-session,AdaBN
205,16,1,0.4180178940296173,0.0020502010002019233,97,A03,cross-session,AdaBN
206,16,0,0.5529661774635315,0.0021260309999888705,97,A03,cross-session,AdaBN
207,16,1,0.524428129196167,0.0020743370000673167,97,A03,cross-session,AdaBN
208,16,0,0.5092477202415466,0.002080067999941093,97,A03,cross-session,AdaBN
209,16,0,0.5099460482597351,0.002066889000161609,97,A03,cross-session,AdaBN
210,16,1,0.48934757709503174,0.0020514060001914913,97,A03,cross-session,AdaBN
211,16,1,0.4744642972946167,0.0021047999998700107,97,A03,cross-session,AdaBN
212,16,1,0.506864070892334,0.002120581999861315,97,A03,cross-session,AdaBN
213,16,1,0.40017303824424744,0.002107921000060742,97,A03,cross-session,AdaBN
214,16,1,0.5276952981948853,0.002115537999998196,97,A03,cross-session,AdaBN
215,16,0,0.48050105571746826,0.002104339999732474,97,A03,cross-session,AdaBN
216,16,1,0.4998019337654114,0.0020847860000685614,97,A03,cross-session,AdaBN
217,16,1,0.4334213137626648,0.0021125200000824407,97,A03,cross-session,AdaBN
218,16,1,0.5381794571876526,0.0021361850003813743,97,A03,cross-session,AdaBN
219,16,0,0.4693470001220703,0.0020994960000280116,97,A03,cross-session,AdaBN
220,16,0,0.5978535413742065,0.0020815600000787526,97,A03,cross-session,AdaBN
221,16,0,0.511955201625824,0.002112519000093016,97,A03,cross-session,AdaBN
222,16,1,0.6500841379165649,0.0021184229999562376,97,A03,cross-session,AdaBN
223,16,1,0.5727293491363525,0.0021446120003929536,97,A03,cross-session,AdaBN
224,16,1,0.5304452180862427,0.002098876000218297,97,A03,cross-session,AdaBN
225,16,0,0.5045062899589539,0.0020935339998686686,97,A03,cross-session,AdaBN
226,16,1,0.5067576169967651,0.002084650000142574,97,A03,cross-session,AdaBN
227,16,1,0.3911603093147278,0.0021082970001771173,97,A03,cross-session,AdaBN
228,16,1,0.5195503830909729,0.002117209000061848,97,A03,cross-session,AdaBN
229,16,0,0.5969479084014893,0.0020886659999632684,97,A03,cross-session,AdaBN
230,16,1,0.44764143228530884,0.0021340479997888906,97,A03,cross-session,AdaBN
231,16,1,0.5608904957771301,0.0020925359999637294,97,A03,cross-session,AdaBN
232,16,0,0.4636533856391907,0.0020864109997091873,97,A03,cross-session,AdaBN
233,16,0,0.5148906707763672,0.0021168600001146842,97,A03,cross-session,AdaBN
234,16,1,0.6618441343307495,0.0021158289996492385,97,A03,cross-session,AdaBN
235,16,1,0.6127749681472778,0.002068024999971385,97,A03,cross-session,AdaBN
236,16,1,0.5626692175865173,0.0021268790001158777,97,A03,cross-session,AdaBN
237,16,1,0.46733832359313965,0.002099886999985756,97,A03,cross-session,AdaBN
238,16,1,0.6016396284103394,0.0021057819999441563,97,A03,cross-session,AdaBN
239,16,0,0.5093409419059753,0.0020997119995627145,97,A03,cross-session,AdaBN
240,16,0,0.5811406373977661,0.002111174000219762,97,A03,cross-session,AdaBN
241,16,1,0.4841979444026947,0.002088036000259308,97,A03,cross-session,AdaBN
242,16,1,0.6168891191482544,0.0020868420001534105,97,A03,cross-session,AdaBN
243,16,1,0.46682974696159363,0.002098805000059656,97,A03,cross-session,AdaBN
244,16,1,0.5735840797424316,0.0021094410003570374,97,A03,cross-session,AdaBN
245,16,1,0.555031418800354,0.00208959599967784,97,A03,cross-session,AdaBN
246,16,1,0.414722204208374,0.0021201330000621965,97,A03,cross-session,AdaBN
247,16,1,0.377941757440567,0.0020920450001540303,97,A03,cross-session,AdaBN
248,16,0,0.49916982650756836,0.002084332999856997,97,A03,cross-session,AdaBN
249,16,1,0.5134433507919312,0.002145513000414212,97,A03,cross-session,AdaBN
250,16,1,0.353397011756897,0.0021105770001668134,97,A03,cross-session,AdaBN
251,16,1,0.4720032811164856,0.002086439999857248,97,A03,cross-session,AdaBN
252,16,1,0.405051589012146,0.0020901429998048116,97,A03,cross-session,AdaBN
253,16,1,0.45181038975715637,0.002088387000185321,97,A03,cross-session,AdaBN
254,16,1,0.42464882135391235,0.0020956719999958295,97,A03,cross-session,AdaBN
255,16,1,0.37063223123550415,0.002133949999915785,97,A03,cross-session,AdaBN
256,16,1,0.5314093828201294,0.0021502170002349885,97,A03,cross-session,AdaBN
257,16,1,0.39875006675720215,0.0021133609998287284,97,A03,cross-session,AdaBN
258,16,1,0.36611467599868774,0.0021154269998078234,97,A03,cross-session,AdaBN
259,16,1,0.3631669282913208,0.002151398000023619,97,A03,cross-session,AdaBN
260,16,0,0.5655035972595215,0.0021434769996631076,97,A03,cross-session,AdaBN
261,16,1,0.37075164914131165,0.0021443079999698966,97,A03,cross-session,AdaBN
262,16,1,0.39367449283599854,0.0021116080001775117,97,A03,cross-session,AdaBN
263,16,0,0.40073513984680176,0.002107911000166496,97,A03,cross-session,AdaBN
264,16,1,0.4305992126464844,0.0021304099996086734,97,A03,cross-session,AdaBN
265,16,1,0.35541680455207825,0.0021845679998477863,97,A03,cross-session,AdaBN
266,16,1,0.356267511844635,0.002111461999902531,97,A03,cross-session,AdaBN
267,16,0,0.3437284231185913,0.0020994609999434033,97,A03,cross-session,AdaBN
268,16,1,0.4034726023674011,0.002138591999937489,97,A03,cross-session,AdaBN
269,16,1,0.33664900064468384,0.0021401479998530704,97,A03,cross-session,AdaBN
270,16,1,0.31969815492630005,0.002132568000433821,97,A03,cross-session,AdaBN
271,16,1,0.29640546441078186,0.0021183220001148584,97,A03,cross-session,AdaBN
272,16,1,0.44117802381515503,0.002115453999977035,97,A03,cross-session,AdaBN
273,16,1,0.3302289545536041,0.0020854200001849676,97,A03,cross-session,AdaBN
274,16,1,0.4891969561576843,0.0021252260003166157,97,A03,cross-session,AdaBN
275,16,1,0.4503753185272217,0.0021298679998835723,97,A03,cross-session,AdaBN
276,16,1,0.4350670278072357,0.0020753079998030444,97,A03,cross-session,AdaBN
277,16,0,0.46579501032829285,0.002078145000268705,97,A03,cross-session,AdaBN
278,16,1,0.37175852060317993,0.002076008000130969,97,A03,cross-session,AdaBN
279,16,1,0.5591164827346802,0.002082362000237481,97,A03,cross-session,AdaBN
280,16,1,0.4735928773880005,0.0021052130000498437,97,A03,cross-session,AdaBN
281,16,0,0.4033586382865906,0.0021292520000315562,97,A03,cross-session,AdaBN
282,16,0,0.45221441984176636,0.002093378000154189,97,A03,cross-session,AdaBN
283,16,0,0.3740805983543396,0.0020746529999087215,97,A03,cross-session,AdaBN
284,16,0,0.5591200590133667,0.002148842000224249,97,A03,cross-session,AdaBN
285,16,0,0.5317575931549072,0.002175757999793859,97,A03,cross-session,AdaBN
286,16,1,0.5337084531784058,0.0021209589999671152,97,A03,cross-session,AdaBN
287,16,0,0.5563837289810181,0.002142601999821636,97,A03,cross-session,AdaBN
0,1,1,0.9505712985992432,0.003951435000089987,97,A04,cross-session,AdaBN
1,2,0,0.7313557863235474,0.0028020400000059453,97,A04,cross-session,AdaBN
2,3,1,0.8675097227096558,0.0024894759999369853,97,A04,cross-session,AdaBN
3,4,1,0.9409573674201965,0.002210510000168142,97,A04,cross-session,AdaBN
4,5,1,1.0446773767471313,0.0019162560001859674,97,A04,cross-session,AdaBN
5,6,0,1.0136746168136597,0.0013748000001214677,97,A04,cross-session,AdaBN
6,7,1,0.9855488538742065,0.0014200389996403828,97,A04,cross-session,AdaBN
7,8,0,0.9873050451278687,0.0014325280003504304,97,A04,cross-session,AdaBN
8,9,1,0.9652686715126038,0.0014439910000874079,97,A04,cross-session,AdaBN
9,10,1,1.0202083587646484,0.0014983039995968284,97,A04,cross-session,AdaBN
10,11,1,1.063018798828125,0.0014584569998987718,97,A04,cross-session,AdaBN
11,12,1,1.018968105316162,0.0014884219999657944,97,A04,cross-session,AdaBN
12,13,0,1.0517826080322266,0.0015243419998114405,97,A04,cross-session,AdaBN
13,14,0,1.0024452209472656,0.0016366370000469033,97,A04,cross-session,AdaBN
14,15,0,0.8863828778266907,0.001676882000083424,97,A04,cross-session,AdaBN
15,16,0,0.9853198528289795,0.0014704650002386188,97,A04,cross-session,AdaBN
16,16,0,0.9853332042694092,0.0016602140003669774,97,A04,cross-session,AdaBN
17,16,0,1.0653223991394043,0.0019351309997546196,97,A04,cross-session,AdaBN
18,16,1,0.9380619525909424,0.001710584999727871,97,A04,cross-session,AdaBN
19,16,0,0.8059384226799011,0.0014987300000939285,97,A04,cross-session,AdaBN
20,16,0,0.9421796798706055,0.0016280879999612807,97,A04,cross-session,AdaBN
21,16,0,1.0414328575134277,0.001630973999908747,97,A04,cross-session,AdaBN
22,16,1,0.9806433916091919,0.001442802999918058,97,A04,cross-session,AdaBN
23,16,1,0.9902687072753906,0.001520635000360926,97,A04,cross-session,AdaBN
24,16,1,0.8990128040313721,0.0016611400001238508,97,A04,cross-session,AdaBN
25,16,0,0.9110648036003113,0.0016770080001151655,97,A04,cross-session,AdaBN
26,16,1,0.9049363136291504,0.001771008000105212,97,A04,cross-session,AdaBN
27,16,0,1.0143558979034424,0.0017515600002298015,97,A04,cross-session,AdaBN
28,16,0,1.0032176971435547,0.0017682160000731528,97,A04,cross-session,AdaBN
29,16,0,0.9992547035217285,0.0017310289999841189,97,A04,cross-session,AdaBN
30,16,0,0.9441020488739014,0.0017772589999367483,97,A04,cross-session,AdaBN
31,16,1,0.9659036993980408,0.0017310219996033993,97,A04,cross-session,AdaBN
32,16,1,0.9763957858085632,0.0017884369999592309,97,A04,cross-session,AdaBN
33,16,0,0.9401751756668091,0.001759357000082673,97,A04,cross-session,AdaBN
34,16,1,1.0081346035003662,0.0017678120002528885,97,A04,cross-session,AdaBN
35,16,1,1.003342628479004,0.0017890860003717535,97,A04,cross-session,AdaBN
36,16,1,1.0629143714904785,0.0017825339996306866,97,A04,cross-session,AdaBN
37,16,1,1.011494755744934,0.0017006329999276204,97,A04,cross-session,AdaBN
38,16,0,1.0393437147140503,0.001697776000128215,97,A04,cross-session,AdaBN
39,16,1,1.0612694025039673,0.0017731439997987763,97,A04,cross-session,AdaBN
40,16,1,1.0403211116790771,0.001753161000124237,97,A04,cross-session,AdaBN
41,16,1,0.8861161470413208,0.001748947000123735,97,A04,cross-session,AdaBN
42,16,1,0.916465699672699,0.001767362000009598,97,A04,cross-session,AdaBN
43,16,1,0.9019905924797058,0.0017654260000199429,97,A04,cross-session,AdaBN
44,16,1,0.8803647756576538,0.0016929419998632511,97,A04,cross-session,AdaBN
45,16,1,0.9462407827377319,0.0019424309998612443,97,A04,cross-session,AdaBN
46,16,1,0.8496026396751404,0.0020162620003247866,97,A04,cross-session,AdaBN
47,16,1,0.9585435390472412,0.0019598949997998716,97,A04,cross-session,AdaBN
48,16,1,0.8443915843963623,0.002002913000069384,97,A04,cross-session,AdaBN
49,16,1,0.9730663299560547,0.0019694090001394216,97,A04,cross-session,AdaBN
50,16,0,1.0446619987487793,0.001990606999697775,97,A04,cross-session,AdaBN
51,16,1,0.8744492530822754,0.002010908000102063,97,A04,cross-session,AdaBN
52,16,1,0.9160423874855042,0.0020337239998298173,97,A04,cross-session,AdaBN
53,16,0,0.9255034923553467,0.0020394789999045315,97,A04,cross-session,AdaBN
54,16,1,0.9403942823410034,0.002043879999746423,97,A04,cross-session,AdaBN
55,16,1,0.9606046676635742,0.0020493239999268553,97,A04,cross-session,AdaBN
56,16,0,0.997535228729248,0.0021273839997775212,97,A04,cross-session,AdaBN
57,16,0,1.0083208084106445,0.0020832949999203265,97,A04,cross-session,AdaBN
58,16,1,1.0327370166778564,0.0020858510001744435,97,A04,cross-session,AdaBN
59,16,0,1.0052056312561035,0.0021306600001480547,97,A04,cross-session,AdaBN
60,16,1,1.0157699584960938,0.0020937079998475383,97,A04,cross-session,AdaBN
61,16,1,1.0336071252822876,0.002112013999976625,97,A04,cross-session,AdaBN
62,16,0,1.0410435199737549,0.002146420999906695,97,A04,cross-session,AdaBN
63,16,1,1.0126760005950928,0.0021174810003685707,97,A04,cross-session,AdaBN
64,16,0,1.0505945682525635,0.002078154999708204,97,A04,cross-session,AdaBN
65,16,1,1.0374842882156372,0.002130421999936516,97,A04,cross-session,AdaBN
66,16,1,0.9408284425735474,0.0021477810000760655,97,A04,cross-session,AdaBN
67,16,0,1.0010981559753418,0.002150153999991744,97,A04,cross-session,AdaBN
68,16,1,0.8544045686721802,0.0021729630002482736,97,A04,cross-session,AdaBN
69,16,1,0.866581380367279,0.0021080589999655786,97,A04,cross-session,AdaBN
70,16,1,0.8905482292175293,0.0021420510001917137,97,A04,cross-session,AdaBN
71,16,1,1.0306185483932495,0.002214928000284999,97,A04,cross-session,AdaBN
72,16,1,0.9163707494735718,0.002117709000231116,97,A04,cross-session,AdaBN
73,16,0,0.9525704979896545,0.0021300309999787714,97,A04,cross-session,AdaBN
74,16,1,0.8698168992996216,0.0021773910002593766,97,A04,cross-session,AdaBN
75,16,0,0.8621535301208496,0.002147791999959736,97,A04,cross-session,AdaBN
76,16,1,1.013037919998169,0.002125998999872536,97,A04,cross-session,AdaBN
77,16,1,0.7919665575027466,0.0021540449997701216,97,A04,cross-session,AdaBN
78,16,1,0.7434917688369751,0.002171092000025965,97,A04,cross-session,AdaBN
79,16,1,1.0259554386138916,0.002174134000142658,97,A04,cross-session,AdaBN
80,16,1,0.977181077003479,0.002148379000118439,97,A04,cross-session,AdaBN
81,16,0,0.826898455619812,0.002161872000215226,97,A04,cross-session,AdaBN
82,16,0,0.8094576001167297,0.002146139000160474,97,A04,cross-session,AdaBN
83,16,0,0.878309965133667,0.00217240900019533,97,A04,cross-session,AdaBN
84,16,1,0.972867488861084,0.002157401999738795,97,A04,cross-session,AdaBN
85,16,1,0.8766632080078125,0.0021389100002124906,97,A04,cross-session,AdaBN
86,16,1,0.8898465037345886,0.002104875999975775,97,A04,cross-session,AdaBN
87,16,0,0.9161169528961182,0.0021588310000879574,97,A04,cross-session,AdaBN
88,16,1,0.8547520637512207,0.0021594239997284603,97,A04,cross-session,AdaBN
89,16,1,0.8799642324447632,0.0021401320000222768,97,A04,cross-session,AdaBN
90,16,1,0.9763863682746887,0.0021548260001509334,97,A04,cross-session,AdaBN
91,16,0,0.8167238235473633,0.0021605400002044917,97,A04,cross-session,AdaBN
92,16,0,0.9747980237007141,0.002129673000126786,97,A04,cross-session,AdaBN
93,16,1,0.9878233671188354,0.002143386999705399,97,A04,cross-session,AdaBN
94,16,0,0.94022136926651,0.00213715499967293,97,A04,cross-session,AdaBN
95,16,0,0.9324770569801331,0.002126693000263913,97,A04,cross-session,AdaBN
96,16,0,0.824938178062439,0.0021566039999925124,97,A04,cross-session,AdaBN
97,16,1,0.8813216686248779,0.002170246000332554,97,A04,cross-session,AdaBN
98,16,1,0.96592116355896,0.0021443270002237114,97,A04,cross-session,AdaBN
99,16,0,0.8824503421783447,0.0021522060001188947,97,A04,cross-session,AdaBN
100,16,1,0.928905725479126,0.0021756450000793848,97,A04,cross-session,AdaBN
101,16,1,0.855010986328125,0.002192837999700714,97,A04,cross-session,AdaBN
102,16,0,0.9270327091217041,0.002134805999958189,97,A04,cross-session,AdaBN
103,16,1,0.9730409383773804,0.002170124999793188,97,A04,cross-session,AdaBN
104,16,1,0.8827944993972778,0.002213519000179076,97,A04,cross-session,AdaBN
105,16,0,0.9250489473342896,0.0021538219998546992,97,A04,cross-session,AdaBN
106,16,1,0.9188504219055176,0.0021839109999746142,97,A04,cross-session,AdaBN
107,16,0,0.8090305924415588,0.002138310000191268,97,A04,cross-session,AdaBN
108,16,1,0.8789669871330261,0.0021648130000357924,97,A04,cross-session,AdaBN
109,16,0,0.8833667039871216,0.0021563209998021193,97,A04,cross-session,AdaBN
110,16,0,0.7904055118560791,0.0021398879998741904,97,A04,cross-session,AdaBN
111,16,0,0.91127610206604,0.0021283239998410863,97,A04,cross-session,AdaBN
112,16,0,0.7624320983886719,0.0021827280002071348,97,A04,cross-session,AdaBN
113,16,1,0.928627610206604,0.0021423339999273594,97,A04,cross-session,AdaBN
114,16,0,0.9620682597160339,0.0021424309998110402,97,A04,cross-session,AdaBN
115,16,1,0.8450647592544556,0.00216754699977173,97,A04,cross-session,AdaBN
116,16,0,0.9452176094055176,0.0022012510003150965,97,A04,cross-session,AdaBN
117,16,0,0.8804905414581299,0.0021546680000028573,97,A04,cross-session,AdaBN
118,16,1,0.9085757732391357,0.002184789999773784,97,A04,cross-session,AdaBN
119,16,0,0.8948696851730347,0.00217456200016386,97,A04,cross-session,AdaBN
120,16,0,0.8811087012290955,0.0022116420000202197,97,A04,cross-session,AdaBN
121,16,1,0.8276945948600769,0.00218905600013386,97,A04,cross-session,AdaBN
122,16,0,1.0577659606933594,0.002173263999793562,97,A04,cross-session,AdaBN
123,16,1,0.8685039281845093,0.0021841960001438565,97,A04,cross-session,AdaBN
124,16,0,0.8671897649765015,0.002263058999687928,97,A04,cross-session,AdaBN
125,16,0,0.9425340294837952,0.0021788549997836526,97,A04,cross-session,AdaBN
126,16,1,0.9155603051185608,0.002159864000077505,97,A04,cross-session,AdaBN
127,16,0,0.9067437648773193,0.00222449000011693,97,A04,cross-session,AdaBN
128,16,1,0.9990084767341614,0.002203466000082699,97,A04,cross-session,AdaBN
129,16,0,0.9032161235809326,0.0022095809999882476,97,A04,cross-session,AdaBN
130,16,1,0.8170102834701538,0.0022418610001295747,97,A04,cross-session,AdaBN
131,16,0,0.843457043170929,0.0022006709996276186,97,A04,cross-session,AdaBN
132,16,1,0.8881394863128662,0.002178297999762435,97,A04,cross-session,AdaBN
133,16,1,0.8198400139808655,0.0022190450004018203,97,A04,cross-session,AdaBN
134,16,1,0.8564470410346985,0.0022129459998723178,97,A04,cross-session,AdaBN
135,16,1,0.7942376732826233,0.0021632259999933012,97,A04,cross-session,AdaBN
136,16,1,0.9106059670448303,0.002249699000003602,97,A04,cross-session,AdaBN
137,16,0,0.7042760848999023,0.0022380669997801306,97,A04,cross-session,AdaBN
138,16,1,0.9580411314964294,0.0022112890001153573,97,A04,cross-session,AdaBN
139,16,1,0.727218508720398,0.002212720999978046,97,A04,cross-session,AdaBN
140,16,1,0.7583759427070618,0.002288378999764973,97,A04,cross-session,AdaBN
141,16,1,0.8382525444030762,0.0022272359997259628,97,A04,cross-session,AdaBN
142,16,0,0.6313987970352173,0.0023702270000285353,97,A04,cross-session,AdaBN
143,16,0,0.7460805177688599,0.002264178000132233,97,A04,cross-session,AdaBN
144,16,1,0.7149133682250977,0.002137988999947993,97,A04,cross-session,AdaBN
145,16,1,0.6519720554351807,0.0021163040000828914,97,A04,cross-session,AdaBN
146,16,1,0.6491708755493164,0.0021094530002301326,97,A04,cross-session,AdaBN
147,16,0,0.6825873255729675,0.0021990469999764173,97,A04,cross-session,AdaBN
148,16,0,0.6944337487220764,0.00215018200015038,97,A04,cross-session,AdaBN
149,16,0,0.7149189114570618,0.0021064010002191935,97,A04,cross-session,AdaBN
150,16,0,0.7297779321670532,0.0021252030001051025,97,A04,cross-session,AdaBN
151,16,1,0.6554991006851196,0.002198532999955205,97,A04,cross-session,AdaBN
152,16,0,0.8115156292915344,0.002134027000010974,97,A04,cross-session,AdaBN
153,16,0,0.8011195063591003,0.0020944199995938106,97,A04,cross-session,AdaBN
154,16,1,0.8275999426841736,0.002095026000006328,97,A04,cross-session,AdaBN
155,16,1,0.7494593858718872,0.002129151000190177,97,A04,cross-session,AdaBN
156,16,0,0.9198479056358337,0.002155642000161606,97,A04,cross-session,AdaBN
157,16,0,0.9332370758056641,0.002110737999828416,97,A04,cross-session,AdaBN
158,16,1,0.862809956073761,0.0020772520001628436,97,A04,cross-session,AdaBN
159,16,1,0.881739616394043,0.0020795020000150544,97,A04,cross-session,AdaBN
160,16,0,0.8604978919029236,0.0020712839996122057,97,A04,cross-session,AdaBN
161,16,0,0.9828490018844604,0.0021758170000794053,97,A04,cross-session,AdaBN
162,16,0,0.8755424618721008,0.0021016310001868987,97,A04,cross-session,AdaBN
163,16,1,0.8830338716506958,0.0020752539999193687,97,A04,cross-session,AdaBN
164,16,1,0.9516657590866089,0.0021104140000716143,97,A04,cross-session,AdaBN
165,16,1,0.7659938335418701,0.0020931200001541583,97,A04,cross-session,AdaBN
166,16,0,0.86263507604599,0.002141858999948454,97,A04,cross-session,AdaBN
167,16,1,0.8379730582237244,0.002156732000003103,97,A04,cross-session,AdaBN
168,16,1,0.9542433023452759,0.0020832780001001083,97,A04,cross-session,AdaBN
169,16,1,0.8103495240211487,0.002087733000280423,97,A04,cross-session,AdaBN
170,16,0,0.7960312366485596,0.002097644999594195,97,A04,cross-session,AdaBN
171,16,0,0.865627646446228,0.002123648999713623,97,A04,cross-session,AdaBN
172,16,0,0.8213140964508057,0.0021275600001899875,97,A04,cross-session,AdaBN
173,16,1,0.8424862027168274,0.002153684999939287,97,A04,cross-session,AdaBN
174,16,1,0.7666667103767395,0.0020877669999208592,97,A04,cross-session,AdaBN
175,16,0,0.8969224095344543,0.002083461999973224,97,A04,cross-session,AdaBN
176,16,0,0.8508734107017517,0.0021147370002836396,97,A04,cross-session,AdaBN
177,16,0,0.8255098462104797,0.002105323999785469,97,A04,cross-session,AdaBN
178,16,0,0.9178225994110107,0.0020754610000039975,97,A04,cross-session,AdaBN
179,16,0,0.8441615104675293,0.002077955999993719,97,A04,cross-session,AdaBN
180,16,0,0.894752025604248,0.00210447400013436,97,A04,cross-session,AdaBN
181,16,1,0.934503436088562,0.002111201999923651,97,A04,cross-session,AdaBN
182,16,0,0.8443751931190491,0.002111410999987129,97,A04,cross-session,AdaBN
183,16,0,0.8568862676620483,0.0021081049999338575,97,A04,cross-session,AdaBN
184,16,0,0.9702485203742981,0.0020779749997927865,97,A04,cross-session,AdaBN
185,16,1,0.9529756307601929,0.0020410719998835702,97,A04,cross-session,AdaBN
186,16,0,0.9194596409797668,0.0020729289999508183,97,A04,cross-session,AdaBN
187,16,1,0.9144330620765686,0.002088090999677661,97,A04,cross-session,AdaBN
188,16,1,0.8837753534317017,0.0020803350003006926,97,A04,cross-session,AdaBN
189,16,1,0.9230943918228149,0.002051683999980014,97,A04,cross-session,AdaBN
190,16,0,0.8967272639274597,0.002048898999873927,97,A04,cross-session,AdaBN
191,16,0,0.8146445751190186,0.0020274509997761925,97,A04,cross-session,AdaBN
192,16,0,0.8375055193901062,0.0020283539997763,97,A04,cross-session,AdaBN
193,16,1,0.8997461795806885,0.002049272000022029,97,A04,cross-session,AdaBN
194,16,0,0.8532441854476929,0.0020501720000538626,97,A04,cross-session,AdaBN
195,16,1,1.0137324333190918,0.002103701000123692,97,A04,cross-session,AdaBN
196,16,0,0.9487316608428955,0.0024068289999377157,97,A04,cross-session,AdaBN
197,16,0,0.8994193077087402,0.0022137329997349298,97,A04,cross-session,AdaBN
198,16,0,0.7942416667938232,0.002176298999984283,97,A04,cross-session,AdaBN
199,16,0,0.918782651424408,0.002238765000129206,97,A04,cross-session,AdaBN
200,16,0,0.8218845129013062,0.002027552000072319,97,A04,cross-session,AdaBN
201,16,1,0.9583468437194824,0.002066969000225072,97,A04,cross-session,AdaBN
202,16,1,0.9048421382904053,0.002092411999910837,97,A04,cross-session,AdaBN
203,16,0,0.8854562044143677,0.002083969000068464,97,A04,cross-session,AdaBN
204,16,0,0.8945447206497192,0.002097804000186443,97,A04,cross-session,AdaBN
205,16,1,0.9147267937660217,0.002082023000184563,97,A04,cross-session,AdaBN
206,16,1,1.0108169317245483,0.002050556000085635,97,A04,cross-session,AdaBN
207,16,0,0.9403143525123596,0.0020322229997873364,97,A04,cross-session,AdaBN
208,16,1,0.9306881427764893,0.002029808999850502,97,A04,cross-session,AdaBN
209,16,1,0.9016462564468384,0.0019903570000678883,97,A04,cross-session,AdaBN
210,16,0,0.9601702690124512,0.0020364089996292023,97,A04,cross-session,AdaBN
211,16,1,0.9580562710762024,0.0020278570000300533,97,A04,cross-session,AdaBN
212,16,1,0.8881379961967468,0.0020651230001931253,97,A04,cross-session,AdaBN
213,16,1,0.929297685623169,0.0020014619999528804,97,A04,cross-session,AdaBN
214,16,0,0.687157154083252,0.0020281090000935365,97,A04,cross-session,AdaBN
215,16,1,0.7797974348068237,0.002033782000125939,97,A04,cross-session,AdaBN
216,16,0,0.894580602645874,0.002000714000132575,97,A04,cross-session,AdaBN
217,16,1,0.98260498046875,0.001994826000100147,97,A04,cross-session,AdaBN
218,16,1,0.8059731721878052,0.0020231399998920097,97,A04,cross-session,AdaBN
219,16,1,0.7695846557617188,0.0020163199997114134,97,A04,cross-session,AdaBN
220,16,1,0.8076447248458862,0.002004274999762856,97,A04,cross-session,AdaBN
221,16,0,0.818265974521637,0.0020246420003786625,97,A04,cross-session,AdaBN
222,16,1,0.7727903127670288,0.0019814209999822197,97,A04,cross-session,AdaBN
223,16,0,0.7819831371307373,0.0019994320000478183,97,A04,cross-session,AdaBN
224,16,1,0.8126764297485352,0.0019898489999832236,97,A04,cross-session,AdaBN
225,16,1,0.7042095065116882,0.002034383000136586,97,A04,cross-session,AdaBN
226,16,0,0.6585304737091064,0.0020083149997844885,97,A04,cross-session,AdaBN
227,16,1,0.6973059177398682,0.0020276420000300277,97,A04,cross-session,AdaBN
228,16,1,0.8288840055465698,0.0020698460002677166,97,A04,cross-session,AdaBN
229,16,1,0.8663133382797241,0.002050806999704946,97,A04,cross-session,AdaBN
230,16,1,0.8121962547302246,0.0020559320000756998,97,A04,cross-session,AdaBN
231,16,0,0.7691698670387268,0.0020901249999951688,97,A04,cross-session,AdaBN
232,16,1,0.8052582740783691,0.002093884999794682,97,A04,cross-session,AdaBN
233,16,1,0.7378259897232056,0.002073155000289262,97,A04,cross-session,AdaBN
234,16,1,0.6884625554084778,0.002080826999645069,97,A04,cross-session,AdaBN
235,16,0,0.6755998134613037,0.002082563000385562,97,A04,cross-session,AdaBN
236,16,1,0.7589309215545654,0.0020953379998900346,97,A04,cross-session,AdaBN
237,16,0,0.8068909645080566,0.0021066610001980735,97,A04,cross-session,AdaBN
238,16,1,0.910035252571106,0.00208745000009003,97,A04,cross-session,AdaBN
239,16,1,0.7474526166915894,0.00207428500016249,97,A04,cross-session,AdaBN
240,16,0,0.7237644791603088,0.002084195999941585,97,A04,cross-session,AdaBN
241,16,0,0.814225971698761,0.002146550999896135,97,A04,cross-session,AdaBN
242,16,0,0.7477993965148926,0.0021086990000185324,97,A04,cross-session,AdaBN
243,16,0,0.9045881032943726,0.002085248000184947,97,A04,cross-session,AdaBN
244,16,0,0.8644750714302063,0.0021185360001254594,97,A04,cross-session,AdaBN
245,16,1,0.8770644068717957,0.0020858790003330796,97,A04,cross-session,AdaBN
246,16,1,0.9125967025756836,0.0020901590000903525,97,A04,cross-session,AdaBN
247,16,0,0.9340077638626099,0.0021356720003495866,97,A04,cross-session,AdaBN
248,16,0,0.8630599975585938,0.0020864640000581858,97,A04,cross-session,AdaBN
249,16,0,0.9854151010513306,0.002076516999750311,97,A04,cross-session,AdaBN
250,16,0,0.9762204885482788,0.002073601999654784,97,A04,cross-session,AdaBN
251,16,0,0.8257800340652466,0.0020805650001420872,97,A04,cross-session,AdaBN
252,16,0,0.7826062440872192,0.002093465999678301,97,A04,cross-session,AdaBN
253,16,0,0.8727188110351562,0.0021076079997328634,97,A04,cross-session,AdaBN
254,16,0,0.7502213716506958,0.0021366830001170456,97,A04,cross-session,AdaBN
255,16,0,0.8697677850723267,0.002084349000142538,97,A04,cross-session,AdaBN
256,16,1,0.6728596091270447,0.0020721669998238212,97,A04,cross-session,AdaBN
257,16,0,0.7460683584213257,0.0020742329998029163,97,A04,cross-session,AdaBN
258,16,1,0.7903424501419067,0.002071842000077595,97,A04,cross-session,AdaBN
259,16,1,0.7583235502243042,0.0021091550001983705,97,A04,cross-session,AdaBN
260,16,0,0.771450400352478,0.002098523999848112,97,A04,cross-session,AdaBN
261,16,1,0.7169798612594604,0.002090791999762587,97,A04,cross-session,AdaBN
262,16,1,0.7655606269836426,0.002103831000113132,97,A04,cross-session,AdaBN
263,16,0,0.7657192945480347,0.0021152210001673666,97,A04,cross-session,AdaBN
264,16,1,0.736210823059082,0.0021318560002328013,97,A04,cross-session,AdaBN
265,16,0,0.8166910409927368,0.002099201999953948,97,A04,cross-session,AdaBN
266,16,1,0.6980050802230835,0.002074350999919261,97,A04,cross-session,AdaBN
267,16,1,0.732619047164917,0.0020745510000779177,97,A04,cross-session,AdaBN
268,16,1,0.8789278268814087,0.002066740999907779,97,A04,cross-session,AdaBN
269,16,1,0.8264949917793274,0.0021182200002840545,97,A04,cross-session,AdaBN
270,16,0,0.7728271484375,0.0021533319995796774,97,A04,cross-session,AdaBN
271,16,1,0.8125109672546387,0.00209179800003767,97,A04,cross-session,AdaBN
272,16,0,0.8676750659942627,0.0020826740001211874,97,A04,cross-session,AdaBN
273,16,1,0.7591248154640198,0.002122754999618337,97,A04,cross-session,AdaBN
274,16,0,0.8531290292739868,0.002085181999973429,97,A04,cross-session,AdaBN
275,16,0,0.9501460194587708,0.0020913819998895633,97,A04,cross-session,AdaBN
276,16,0,0.9317265152931213,0.0021144289999028842,97,A04,cross-session,AdaBN
277,16,1,0.7979187369346619,0.0020906580002701958,97,A04,cross-session,AdaBN
278,16,0,0.8150134086608887,0.0020760500001415494,97,A04,cross-session,AdaBN
279,16,0,0.9113852977752686,0.002114624999649095,97,A04,cross-session,AdaBN
280,16,1,0.900821328163147,0.002087317000132316,97,A04,cross-session,AdaBN
281,16,1,0.8192682266235352,0.0020975980000912386,97,A04,cross-session,AdaBN
282,16,0,0.8425464630126953,0.0021057479998489725,97,A04,cross-session,AdaBN
283,16,0,0.8965938091278076,0.0020791550000467396,97,A04,cross-session,AdaBN
284,16,0,0.7978389263153076,0.0020723300003737677,97,A04,cross-session,AdaBN
285,16,0,0.7667335271835327,0.0020770229998561263,97,A04,cross-session,AdaBN
286,16,1,0.8342605829238892,0.0020751510000991402,97,A04,cross-session,AdaBN
287,16,1,0.8646945953369141,0.002118294999945647,97,A04,cross-session,AdaBN
0,1,1,1.1443226337432861,0.003224482999939937,97,A05,cross-session,AdaBN
1,2,0,1.2480888366699219,0.0034569900003589282,97,A05,cross-session,AdaBN
2,3,1,1.1632877588272095,0.002926472000126523,97,A05,cross-session,AdaBN
3,4,1,1.1989103555679321,0.002717971000038233,97,A05,cross-session,AdaBN
4,5,0,0.9996466636657715,0.002631724999901053,97,A05,cross-session,AdaBN
5,6,0,1.138452172279358,0.0026450840000507014,97,A05,cross-session,AdaBN
6,7,0,1.0815755128860474,0.0026981970004271716,97,A05,cross-session,AdaBN
7,8,0,1.011704444885254,0.00281051000001753,97,A05,cross-session,AdaBN
8,9,1,1.0191951990127563,0.0027443079998192843,97,A05,cross-session,AdaBN
9,10,0,1.179267168045044,0.0025270800001635507,97,A05,cross-session,AdaBN
10,11,1,1.1528724431991577,0.0020116449995839503,97,A05,cross-session,AdaBN
11,12,0,1.1936514377593994,0.001755362000039895,97,A05,cross-session,AdaBN
12,13,0,1.0658777952194214,0.0018016120002357638,97,A05,cross-session,AdaBN
13,14,0,1.0187134742736816,0.002185011999699782,97,A05,cross-session,AdaBN
14,15,1,1.1454949378967285,0.0021543450002354803,97,A05,cross-session,AdaBN
15,16,0,1.0327833890914917,0.0017808970001169655,97,A05,cross-session,AdaBN
16,16,0,1.0259642601013184,0.0020301849999668775,97,A05,cross-session,AdaBN
17,16,0,1.0169323682785034,0.002028309000252193,97,A05,cross-session,AdaBN
18,16,0,1.020294427871704,0.0022163050002745877,97,A05,cross-session,AdaBN
19,16,0,1.0729436874389648,0.00221493199978795,97,A05,cross-session,AdaBN
20,16,1,1.1509515047073364,0.0021449840000968834,97,A05,cross-session,AdaBN
21,16,1,1.0649769306182861,0.0021609679997709463,97,A05,cross-session,AdaBN
22,16,0,1.0170778036117554,0.002030827999988105,97,A05,cross-session,AdaBN
23,16,1,1.1631083488464355,0.0017785690001801413,97,A05,cross-session,AdaBN
24,16,0,1.137361764907837,0.0017929499999809195,97,A05,cross-session,AdaBN
25,16,0,1.064465045928955,0.00177670399989438,97,A05,cross-session,AdaBN
26,16,0,1.1289310455322266,0.0017493300001660828,97,A05,cross-session,AdaBN
27,16,0,1.0958960056304932,0.0017571179996593855,97,A05,cross-session,AdaBN
28,16,0,1.1567751169204712,0.0019170699997630436,97,A05,cross-session,AdaBN
29,16,0,1.0909390449523926,0.0019275710001238622,97,A05,cross-session,AdaBN
30,16,0,1.029151201248169,0.0020139739999649464,97,A05,cross-session,AdaBN
31,16,0,1.033943772315979,0.0019106350000583916,97,A05,cross-session,AdaBN
32,16,0,1.031227946281433,0.0018633099998623948,97,A05,cross-session,AdaBN
33,16,1,1.188836932182312,0.0019211849999010155,97,A05,cross-session,AdaBN
34,16,1,1.0997549295425415,0.001917003000016848,97,A05,cross-session,AdaBN
35,16,0,1.0805366039276123,0.002130245999978797,97,A05,cross-session,AdaBN
36,16,0,1.1055253744125366,0.001969921999716462,97,A05,cross-session,AdaBN
37,16,1,1.1321460008621216,0.002039983000031498,97,A05,cross-session,AdaBN
38,16,0,1.0889370441436768,0.0020568569998431485,97,A05,cross-session,AdaBN
39,16,0,1.1053346395492554,0.0020883699999103555,97,A05,cross-session,AdaBN
40,16,0,1.0513086318969727,0.0021973769999021897,97,A05,cross-session,AdaBN
41,16,0,1.1017661094665527,0.0019746979996853042,97,A05,cross-session,AdaBN
42,16,0,1.1075141429901123,0.0019462400000520574,97,A05,cross-session,AdaBN
43,16,0,1.0168399810791016,0.0019950129999415367,97,A05,cross-session,AdaBN
44,16,1,1.0859975814819336,0.0020304569998188526,97,A05,cross-session,AdaBN
45,16,1,1.0327799320220947,0.0019793450001088786,97,A05,cross-session,AdaBN
46,16,0,1.0726699829101562,0.002085819000058109,97,A05,cross-session,AdaBN
47,16,1,1.088611364364624,0.002006689999689115,97,A05,cross-session,AdaBN
48,16,0,1.1086735725402832,0.0020564270002978446,97,A05,cross-session,AdaBN
49,16,0,1.1217694282531738,0.0020912509999106987,97,A05,cross-session,AdaBN
50,16,1,1.0409233570098877,0.0021883589997742092,97,A05,cross-session,AdaBN
51,16,0,1.073264479637146,0.002014396000049601,97,A05,cross-session,AdaBN
52,16,1,1.059356689453125,0.0020810360001632944,97,A05,cross-session,AdaBN
53,16,1,1.1058932542800903,0.0021112489998813544,97,A05,cross-session,AdaBN
54,16,1,1.0761455297470093,0.002052956999705202,97,A05,cross-session,AdaBN
55,16,1,1.1075260639190674,0.002038563000041904,97,A05,cross-session,AdaBN
56,16,0,1.0826269388198853,0.002145648000350775,97,A05,cross-session,AdaBN
57,16,0,1.1537666320800781,0.00203197300015745,97,A05,cross-session,AdaBN
58,16,1,0.9961355924606323,0.002009092000207602,97,A05,cross-session,AdaBN
59,16,0,1.05821692943573,0.0021131550001882715,97,A05,cross-session,AdaBN
60,16,0,1.0836060047149658,0.0021908139997321996,97,A05,cross-session,AdaBN
61,16,0,1.1286896467208862,0.0021236160000626114,97,A05,cross-session,AdaBN
62,16,1,1.0975409746170044,0.0021067039997433312,97,A05,cross-session,AdaBN
63,16,0,1.0342133045196533,0.0022711880001224927,97,A05,cross-session,AdaBN
64,16,0,0.9967114925384521,0.0020528509999167,97,A05,cross-session,AdaBN
65,16,0,1.112689733505249,0.002096079000239115,97,A05,cross-session,AdaBN
66,16,0,1.0731115341186523,0.0021606290001727757,97,A05,cross-session,AdaBN
67,16,1,1.0490565299987793,0.002135761999852548,97,A05,cross-session,AdaBN
68,16,0,0.9869922399520874,0.002153097000245907,97,A05,cross-session,AdaBN
69,16,0,1.093229055404663,0.0022987409997767827,97,A05,cross-session,AdaBN
70,16,0,1.031109094619751,0.002116601000125229,97,A05,cross-session,AdaBN
71,16,0,0.9564913511276245,0.002114450000135548,97,A05,cross-session,AdaBN
72,16,1,1.0546374320983887,0.0023245349998433085,97,A05,cross-session,AdaBN
73,16,1,1.1175940036773682,0.0026095640000676212,97,A05,cross-session,AdaBN
74,16,0,1.0498292446136475,0.002148304000002099,97,A05,cross-session,AdaBN
75,16,1,1.0560293197631836,0.0020991020001019933,97,A05,cross-session,AdaBN
76,16,0,0.9727381467819214,0.002105727000071056,97,A05,cross-session,AdaBN
77,16,1,1.091454029083252,0.002164681000067503,97,A05,cross-session,AdaBN
78,16,0,1.1874016523361206,0.0021832530001120176,97,A05,cross-session,AdaBN
79,16,0,1.0921053886413574,0.0021335850001378276,97,A05,cross-session,AdaBN
80,16,1,1.0786383152008057,0.002157634000013786,97,A05,cross-session,AdaBN
81,16,0,1.164894938468933,0.002178822000132641,97,A05,cross-session,AdaBN
82,16,1,1.027402639389038,0.0021383220000643632,97,A05,cross-session,AdaBN
83,16,1,1.120137095451355,0.0020457979999264353,97,A05,cross-session,AdaBN
84,16,0,1.0763006210327148,0.0022345789998325927,97,A05,cross-session,AdaBN
85,16,0,0.9750930070877075,0.002048047000243969,97,A05,cross-session,AdaBN
86,16,1,1.1159963607788086,0.002077376000215736,97,A05,cross-session,AdaBN
87,16,1,1.0537816286087036,0.0021716399996876135,97,A05,cross-session,AdaBN
88,16,0,1.0775599479675293,0.002093580999826372,97,A05,cross-session,AdaBN
89,16,0,1.1293708086013794,0.0021499149997907807,97,A05,cross-session,AdaBN
90,16,0,1.1123605966567993,0.0022117949997664255,97,A05,cross-session,AdaBN
91,16,0,1.0304780006408691,0.0020740239997394383,97,A05,cross-session,AdaBN
92,16,0,1.0216028690338135,0.002032846000020072,97,A05,cross-session,AdaBN
93,16,0,1.002751350402832,0.002142983000339882,97,A05,cross-session,AdaBN
94,16,0,1.0184288024902344,0.002158827999664936,97,A05,cross-session,AdaBN
95,16,0,1.0727077722549438,0.002084912000100303,97,A05,cross-session,AdaBN
96,16,0,1.0067170858383179,0.002090128999952867,97,A05,cross-session,AdaBN
97,16,0,1.0269215106964111,0.0021330699996724434,97,A05,cross-session,AdaBN
98,16,0,0.9930135011672974,0.0021892929999012267,97,A05,cross-session,AdaBN
99,16,1,1.0498294830322266,0.0021775349996460136,97,A05,cross-session,AdaBN
100,16,0,0.9109107255935669,0.0021411350003290863,97,A05,cross-session,AdaBN
101,16,1,1.000257968902588,0.002128966999862314,97,A05,cross-session,AdaBN
102,16,0,1.0011177062988281,0.002263588999994681,97,A05,cross-session,AdaBN
103,16,0,0.9288012981414795,0.0022546330001205206,97,A05,cross-session,AdaBN
104,16,0,1.0644991397857666,0.0021654570000464446,97,A05,cross-session,AdaBN
105,16,0,0.9419134259223938,0.0021743980000792362,97,A05,cross-session,AdaBN
106,16,0,1.0459336042404175,0.002313149999736197,97,A05,cross-session,AdaBN
107,16,1,0.9709769487380981,0.002110287000050448,97,A05,cross-session,AdaBN
108,16,1,0.9698246717453003,0.002149274999737827,97,A05,cross-session,AdaBN
109,16,1,1.0648958683013916,0.002231301999927382,97,A05,cross-session,AdaBN
110,16,1,0.9966645240783691,0.0021322339998732787,97,A05,cross-session,AdaBN
111,16,1,0.9637516736984253,0.002120033000210242,97,A05,cross-session,AdaBN
112,16,0,0.9892367124557495,0.0022180200003276695,97,A05,cross-session,AdaBN
113,16,0,1.0536999702453613,0.0021244440004011267,97,A05,cross-session,AdaBN
114,16,1,1.059842824935913,0.00211660499962818,97,A05,cross-session,AdaBN
115,16,0,0.9458768367767334,0.002135823000116943,97,A05,cross-session,AdaBN
116,16,1,1.035951018333435,0.002125144999808981,97,A05,cross-session,AdaBN
117,16,1,1.03557288646698,0.002167490999909205,97,A05,cross-session,AdaBN
118,16,0,0.970007061958313,0.0022235809997255274,97,A05,cross-session,AdaBN
119,16,1,1.0804094076156616,0.0021254560001580103,97,A05,cross-session,AdaBN
120,16,0,1.1394727230072021,0.002114857999913511,97,A05,cross-session,AdaBN
121,16,0,1.0523017644882202,0.0021711540002797847,97,A05,cross-session,AdaBN
122,16,0,0.9013485908508301,0.002240915000129462,97,A05,cross-session,AdaBN
123,16,0,1.1166871786117554,0.0021333010004127573,97,A05,cross-session,AdaBN
124,16,0,0.9437768459320068,0.00218624799981626,97,A05,cross-session,AdaBN
125,16,1,0.960259735584259,0.0021939479997854505,97,A05,cross-session,AdaBN
126,16,0,0.9928690195083618,0.002149617000213766,97,A05,cross-session,AdaBN
127,16,0,0.9972102642059326,0.0021869539996259846,97,A05,cross-session,AdaBN
128,16,1,0.8955237865447998,0.00217167899972992,97,A05,cross-session,AdaBN
129,16,0,0.9229575991630554,0.002181546999963757,97,A05,cross-session,AdaBN
130,16,0,0.9341530799865723,0.0021904939999330963,97,A05,cross-session,AdaBN
131,16,1,0.9975864291191101,0.0021361970002544695,97,A05,cross-session,AdaBN
132,16,1,0.8514364957809448,0.002135020999958215,97,A05,cross-session,AdaBN
133,16,0,1.1447834968566895,0.0021634869999616058,97,A05,cross-session,AdaBN
134,16,0,0.9941223859786987,0.002287908000198513,97,A05,cross-session,AdaBN
135,16,1,0.9886651039123535,0.0021012540000810986,97,A05,cross-session,AdaBN
136,16,0,1.0512042045593262,0.002143322999927477,97,A05,cross-session,AdaBN
137,16,0,1.0349493026733398,0.0021838769998794305,97,A05,cross-session,AdaBN
138,16,1,1.1163785457611084,0.002166992000184109,97,A05,cross-session,AdaBN
139,16,1,1.0194295644760132,0.0021357919999900332,97,A05,cross-session,AdaBN
140,16,0,1.0201787948608398,0.002264070999899559,97,A05,cross-session,AdaBN
141,16,0,1.1179258823394775,0.0021386550001807336,97,A05,cross-session,AdaBN
142,16,0,1.0245469808578491,0.0022056709999560553,97,A05,cross-session,AdaBN
143,16,1,1.0031707286834717,0.002125103999787825,97,A05,cross-session,AdaBN
144,16,1,1.0307753086090088,0.0020775499997398583,97,A05,cross-session,AdaBN
145,16,0,1.1216235160827637,0.0021634650001942646,97,A05,cross-session,AdaBN
146,16,0,1.0809156894683838,0.0022141240001474216,97,A05,cross-session,AdaBN
147,16,0,1.014754056930542,0.002323159999832569,97,A05,cross-session,AdaBN
148,16,0,0.8950866460800171,0.002108175000103074,97,A05,cross-session,AdaBN
149,16,0,0.9728115200996399,0.0022241520000534365,97,A05,cross-session,AdaBN
150,16,0,1.046208381652832,0.0021803060003549035,97,A05,cross-session,AdaBN
151,16,0,1.0569047927856445,0.0020833010003116215,97,A05,cross-session,AdaBN
152,16,0,0.9853849411010742,0.0023000199998932658,97,A05,cross-session,AdaBN
153,16,1,1.0080194473266602,0.0021276770003169077,97,A05,cross-session,AdaBN
154,16,1,0.9918283224105835,0.0020730659998662304,97,A05,cross-session,AdaBN
155,16,0,0.9048265814781189,0.0020844869995926274,97,A05,cross-session,AdaBN
156,16,0,0.9174062609672546,0.0022077569997236424,97,A05,cross-session,AdaBN
157,16,0,0.9645121097564697,0.0022787760003666335,97,A05,cross-session,AdaBN
158,16,0,0.9112880825996399,0.002141988999937894,97,A05,cross-session,AdaBN
159,16,0,0.9276669025421143,0.0020481780002228334,97,A05,cross-session,AdaBN
160,16,0,0.9713059663772583,0.0020198870001877367,97,A05,cross-session,AdaBN
161,16,1,0.8785883188247681,0.0020790590001524833,97,A05,cross-session,AdaBN
162,16,0,0.9053269028663635,0.0020855530001426814,97,A05,cross-session,AdaBN
163,16,0,0.8955947160720825,0.0020496869997259637,97,A05,cross-session,AdaBN
164,16,0,0.8629084825515747,0.0020875400000477384,97,A05,cross-session,AdaBN
165,16,0,0.919205904006958,0.002206763000231149,97,A05,cross-session,AdaBN
166,16,1,0.8786594867706299,0.0020496219999586174,97,A05,cross-session,AdaBN
167,16,0,0.9152233600616455,0.0021449699997901917,97,A05,cross-session,AdaBN
168,16,0,0.9691144227981567,0.0021232529998087557,97,A05,cross-session,AdaBN
169,16,0,0.8930359482765198,0.0020385960001476633,97,A05,cross-session,AdaBN
170,16,0,0.9051226377487183,0.0020455629996831703,97,A05,cross-session,AdaBN
171,16,0,0.9182105660438538,0.0020999000003030233,97,A05,cross-session,AdaBN
172,16,0,0.9432854652404785,0.0020259580001038557,97,A05,cross-session,AdaBN
173,16,1,1.0410043001174927,0.0020521470000858244,97,A05,cross-session,AdaBN
174,16,1,1.0295753479003906,0.0019836149999719055,97,A05,cross-session,AdaBN
175,16,1,0.9808403253555298,0.0023205120000966417,97,A05,cross-session,AdaBN
176,16,0,1.08082914352417,0.0020749090003846504,97,A05,cross-session,AdaBN
177,16,1,1.1393506526947021,0.0021619700000883313,97,A05,cross-session,AdaBN
178,16,1,1.0274014472961426,0.0020736009996653593,97,A05,cross-session,AdaBN
179,16,1,0.9618878364562988,0.002088987999741221,97,A05,cross-session,AdaBN
180,16,1,0.9296245574951172,0.0020209499998600222,97,A05,cross-session,AdaBN
181,16,0,0.9091753959655762,0.0022121140000308515,97,A05,cross-session,AdaBN
182,16,0,1.0234594345092773,0.0020392520000314107,97,A05,cross-session,AdaBN
183,16,0,1.0093246698379517,0.002073694000046089,97,A05,cross-session,AdaBN
184,16,1,1.0219922065734863,0.0021647320004376525,97,A05,cross-session,AdaBN
185,16,0,1.0228865146636963,0.002089015999899857,97,A05,cross-session,AdaBN
186,16,0,1.0018538236618042,0.00209907899989048,97,A05,cross-session,AdaBN
187,16,1,1.0945167541503906,0.002194840999891312,97,A05,cross-session,AdaBN
188,16,0,1.0747430324554443,0.0020472860001063964,97,A05,cross-session,AdaBN
189,16,0,1.0402405261993408,0.0020146889996794926,97,A05,cross-session,AdaBN
190,16,0,0.9275959730148315,0.0020491289997153217,97,A05,cross-session,AdaBN
191,16,1,0.9833396673202515,0.002054546999715967,97,A05,cross-session,AdaBN
192,16,0,1.0049142837524414,0.0020226340002409415,97,A05,cross-session,AdaBN
193,16,0,0.9978621006011963,0.0020660320001297805,97,A05,cross-session,AdaBN
194,16,1,1.1462327241897583,0.0021193460001995845,97,A05,cross-session,AdaBN
195,16,1,0.9794158339500427,0.002014674999827548,97,A05,cross-session,AdaBN
196,16,0,1.0906645059585571,0.002061022000361845,97,A05,cross-session,AdaBN
197,16,0,0.9741193652153015,0.002130106000095111,97,A05,cross-session,AdaBN
198,16,0,1.0950953960418701,0.0021124790000612848,97,A05,cross-session,AdaBN
199,16,0,1.0313150882720947,0.002080625999951735,97,A05,cross-session,AdaBN
200,16,0,0.9837974905967712,0.002114881000125024,97,A05,cross-session,AdaBN
201,16,0,1.032324194908142,0.0020140609999543813,97,A05,cross-session,AdaBN
202,16,0,0.9915693998336792,0.002010191999943345,97,A05,cross-session,AdaBN
203,16,0,1.040608286857605,0.002208738999797788,97,A05,cross-session,AdaBN
204,16,1,1.0745093822479248,0.001990588999888132,97,A05,cross-session,AdaBN
205,16,1,1.0799750089645386,0.0020154290000391484,97,A05,cross-session,AdaBN
206,16,0,1.0305815935134888,0.00208519800025897,97,A05,cross-session,AdaBN
207,16,1,1.1019117832183838,0.0021862569997210812,97,A05,cross-session,AdaBN
208,16,0,0.9897836446762085,0.0020698069997706625,97,A05,cross-session,AdaBN
209,16,0,1.0512220859527588,0.0020481289998315333,97,A05,cross-session,AdaBN
210,16,0,1.015002965927124,0.0021304349997990357,97,A05,cross-session,AdaBN
211,16,0,1.0087387561798096,0.002031003999945824,97,A05,cross-session,AdaBN
212,16,1,1.0531330108642578,0.0020964469999853463,97,A05,cross-session,AdaBN
213,16,1,1.0108022689819336,0.0021039389998804836,97,A05,cross-session,AdaBN
214,16,0,0.9920814037322998,0.0020213829998283472,97,A05,cross-session,AdaBN
215,16,0,0.9510167837142944,0.0020334999999249703,97,A05,cross-session,AdaBN
216,16,0,1.0389301776885986,0.002125929999692744,97,A05,cross-session,AdaBN
217,16,1,1.0002198219299316,0.002058813000076043,97,A05,cross-session,AdaBN
218,16,1,0.9355896711349487,0.002044439000201237,97,A05,cross-session,AdaBN
219,16,0,1.0327441692352295,0.0022993279999354854,97,A05,cross-session,AdaBN
220,16,0,1.096001148223877,0.0020680269999502343,97,A05,cross-session,AdaBN
221,16,0,0.9565809965133667,0.0021083960000396473,97,A05,cross-session,AdaBN
222,16,0,0.9338233470916748,0.002171219000047131,97,A05,cross-session,AdaBN
223,16,0,1.0159049034118652,0.0021519789997910266,97,A05,cross-session,AdaBN
224,16,1,1.0269168615341187,0.0021101299998917966,97,A05,cross-session,AdaBN
225,16,0,1.026656150817871,0.0021234120004010038,97,A05,cross-session,AdaBN
226,16,1,1.0525329113006592,0.002105356000356551,97,A05,cross-session,AdaBN
227,16,0,0.9764216542243958,0.0020154459998593666,97,A05,cross-session,AdaBN
228,16,0,1.0007556676864624,0.0020567799997479597,97,A05,cross-session,AdaBN
229,16,0,1.0658223628997803,0.0022463369996330584,97,A05,cross-session,AdaBN
230,16,0,1.0439469814300537,0.0020505649999904563,97,A05,cross-session,AdaBN
231,16,1,0.8802764415740967,0.0021234020000520104,97,A05,cross-session,AdaBN
232,16,0,0.9568418264389038,0.0022008810001352686,97,A05,cross-session,AdaBN
233,16,0,0.9200194478034973,0.002099119999911636,97,A05,cross-session,AdaBN
234,16,0,1.0146418809890747,0.002095894999911252,97,A05,cross-session,AdaBN
235,16,0,1.0303958654403687,0.0022205750001376146,97,A05,cross-session,AdaBN
236,16,0,1.0116862058639526,0.0020757590000357595,97,A05,cross-session,AdaBN
237,16,0,0.9744872450828552,0.002112098999987211,97,A05,cross-session,AdaBN
238,16,0,0.9593020081520081,0.002212128000337543,97,A05,cross-session,AdaBN
239,16,0,0.9454635381698608,0.0020997579999857408,97,A05,cross-session,AdaBN
240,16,0,1.0066561698913574,0.0020854610002061236,97,A05,cross-session,AdaBN
241,16,1,0.9873310327529907,0.0022252539997680287,97,A05,cross-session,AdaBN
242,16,0,1.0555397272109985,0.0022265409997999086,97,A05,cross-session,AdaBN
243,16,1,0.9363926649093628,0.0021204109998507192,97,A05,cross-session,AdaBN
244,16,1,0.8830252885818481,0.0021477889999914623,97,A05,cross-session,AdaBN
245,16,0,0.9964501261711121,0.0020972889997210586,97,A05,cross-session,AdaBN
246,16,0,0.8596097826957703,0.0021314880000318226,97,A05,cross-session,AdaBN
247,16,0,1.0088691711425781,0.002225784000074782,97,A05,cross-session,AdaBN
248,16,0,0.934133768081665,0.0021153279999452934,97,A05,cross-session,AdaBN
249,16,1,0.9364633560180664,0.0020977330000278016,97,A05,cross-session,AdaBN
250,16,1,0.9528950452804565,0.002163252000173088,97,A05,cross-session,AdaBN
251,16,1,0.8978136777877808,0.0022025570001460437,97,A05,cross-session,AdaBN
252,16,0,0.8969419598579407,0.0020932239999638114,97,A05,cross-session,AdaBN
253,16,0,1.013477087020874,0.002178114999878744,97,A05,cross-session,AdaBN
254,16,0,0.9240589737892151,0.002261160000216478,97,A05,cross-session,AdaBN
255,16,0,1.0807881355285645,0.002171996000015497,97,A05,cross-session,AdaBN
256,16,1,0.9493494033813477,0.0021276309998938814,97,A05,cross-session,AdaBN
257,16,0,1.0347657203674316,0.0022418280000238155,97,A05,cross-session,AdaBN
258,16,0,1.00906240940094,0.002171898999677069,97,A05,cross-session,AdaBN
259,16,1,0.9471583366394043,0.002154606999738462,97,A05,cross-session,AdaBN
260,16,0,1.0079256296157837,0.0021841940001650073,97,A05,cross-session,AdaBN
261,16,0,1.0569074153900146,0.00208157899987782,97,A05,cross-session,AdaBN
262,16,0,1.045174479484558,0.002085415999772522,97,A05,cross-session,AdaBN
263,16,1,1.027836561203003,0.0022303040000224428,97,A05,cross-session,AdaBN
264,16,0,0.9524041414260864,0.0020890840000902244,97,A05,cross-session,AdaBN
265,16,1,1.058290719985962,0.002097537999816268,97,A05,cross-session,AdaBN
266,16,1,0.9931521415710449,0.00216718799993032,97,A05,cross-session,AdaBN
267,16,1,0.9150418043136597,0.0020966380002391816,97,A05,cross-session,AdaBN
268,16,0,0.9128889441490173,0.002280171999700542,97,A05,cross-session,AdaBN
269,16,0,0.9860557913780212,0.002116249000209791,97,A05,cross-session,AdaBN
270,16,0,0.8896767497062683,0.0021747840000898577,97,A05,cross-session,AdaBN
271,16,0,0.9832359552383423,0.0020804499999940163,97,A05,cross-session,AdaBN
272,16,0,0.9968224763870239,0.002174756999920646,97,A05,cross-session,AdaBN
273,16,1,0.9067453145980835,0.00221628100007365,97,A05,cross-session,AdaBN
274,16,0,0.9755619764328003,0.002131184000063513,97,A05,cross-session,AdaBN
275,16,1,0.9025570154190063,0.0022514990000672697,97,A05,cross-session,AdaBN
276,16,0,1.015854835510254,0.0020954200003870938,97,A05,cross-session,AdaBN
277,16,1,0.9238392114639282,0.0020846480001637246,97,A05,cross-session,AdaBN
278,16,0,0.8447474241256714,0.0021275270000842283,97,A05,cross-session,AdaBN
279,16,0,1.0404279232025146,0.002273982000133401,97,A05,cross-session,AdaBN
280,16,0,0.914164125919342,0.0021533419999286707,97,A05,cross-session,AdaBN
281,16,0,0.9046551585197449,0.002158805999897595,97,A05,cross-session,AdaBN
282,16,0,0.9912636876106262,0.002605356000003667,97,A05,cross-session,AdaBN
283,16,0,0.9563570618629456,0.002094114000101399,97,A05,cross-session,AdaBN
284,16,0,0.9063329696655273,0.0021150910001779266,97,A05,cross-session,AdaBN
285,16,0,0.9001135230064392,0.0021939709999969637,97,A05,cross-session,AdaBN
286,16,0,1.039832592010498,0.002214075999745546,97,A05,cross-session,AdaBN
287,16,0,0.9613525867462158,0.002115961000072275,97,A05,cross-session,AdaBN
0,1,1,1.2201261520385742,0.00364557499960938,97,A06,cross-session,AdaBN
1,2,0,1.2891714572906494,0.004051932000038505,97,A06,cross-session,AdaBN
2,3,0,1.0385841131210327,0.0036910869998791895,97,A06,cross-session,AdaBN
3,4,0,1.2775224447250366,0.0037556719998974586,97,A06,cross-session,AdaBN
4,5,0,1.106136679649353,0.00337834899983136,97,A06,cross-session,AdaBN
5,6,1,1.0516512393951416,0.003304173999822524,97,A06,cross-session,AdaBN
6,7,0,1.1567432880401611,0.0048617259999446105,97,A06,cross-session,AdaBN
7,8,0,1.0335015058517456,0.002379343000029621,97,A06,cross-session,AdaBN
8,9,1,1.0225660800933838,0.0022075330002735427,97,A06,cross-session,AdaBN
9,10,1,1.0584436655044556,0.0023247409999385127,97,A06,cross-session,AdaBN
10,11,1,1.140360713005066,0.0025932460002877633,97,A06,cross-session,AdaBN
11,12,1,1.0725831985473633,0.0024748559999352437,97,A06,cross-session,AdaBN
12,13,0,1.0775314569473267,0.0022349320001922024,97,A06,cross-session,AdaBN
13,14,1,1.1428828239440918,0.0018303110000488232,97,A06,cross-session,AdaBN
14,15,0,0.9370861053466797,0.0019555179997041705,97,A06,cross-session,AdaBN
15,16,1,1.0651862621307373,0.0021744529999523365,97,A06,cross-session,AdaBN
16,16,1,1.052588701248169,0.00239461899991511,97,A06,cross-session,AdaBN
17,16,0,1.0795859098434448,0.002736856999945303,97,A06,cross-session,AdaBN
18,16,0,1.0944358110427856,0.003399574000013672,97,A06,cross-session,AdaBN
19,16,1,1.0260062217712402,0.004263504000391549,97,A06,cross-session,AdaBN
20,16,0,1.0428078174591064,0.005583225000009406,97,A06,cross-session,AdaBN
21,16,1,1.0003293752670288,0.005034612000144989,97,A06,cross-session,AdaBN
22,16,0,1.028592586517334,0.004894796000371571,97,A06,cross-session,AdaBN
23,16,1,1.0958590507507324,0.005220709999775863,97,A06,cross-session,AdaBN
24,16,0,0.9492570161819458,0.005211139000039111,97,A06,cross-session,AdaBN
25,16,1,0.933559238910675,0.003987078000136535,97,A06,cross-session,AdaBN
26,16,0,0.8329362869262695,0.003962036999837437,97,A06,cross-session,AdaBN
27,16,0,1.09469473361969,0.003684196999984124,97,A06,cross-session,AdaBN
28,16,1,1.028153896331787,0.0036738950002472848,97,A06,cross-session,AdaBN
29,16,0,1.1027259826660156,0.0036818110002059257,97,A06,cross-session,AdaBN
30,16,1,1.002666711807251,0.003075971000271238,97,A06,cross-session,AdaBN
31,16,0,0.9870789051055908,0.0034080360001098597,97,A06,cross-session,AdaBN
32,16,0,0.9415143132209778,0.0028482419997999386,97,A06,cross-session,AdaBN
33,16,0,1.0235280990600586,0.0027816990000246733,97,A06,cross-session,AdaBN
34,16,0,0.9727143049240112,0.0025882620002448675,97,A06,cross-session,AdaBN
35,16,1,0.9513574838638306,0.002614052999888372,97,A06,cross-session,AdaBN
36,16,1,0.9500976800918579,0.002610052999898471,97,A06,cross-session,AdaBN
37,16,1,1.0472536087036133,0.002649056999871391,97,A06,cross-session,AdaBN
38,16,1,0.8356401920318604,0.0025788119996832393,97,A06,cross-session,AdaBN
39,16,0,0.9471454620361328,0.002501586000107636,97,A06,cross-session,AdaBN
40,16,1,0.9166659116744995,0.002497167999990779,97,A06,cross-session,AdaBN
41,16,1,0.893538236618042,0.0024979990002975683,97,A06,cross-session,AdaBN
42,16,0,1.0076098442077637,0.0023887100001047656,97,A06,cross-session,AdaBN
43,16,1,0.9142946004867554,0.002352960000280291,97,A06,cross-session,AdaBN
44,16,1,0.9935591816902161,0.0022966960000303516,97,A06,cross-session,AdaBN
45,16,0,0.980789303779602,0.0022677220003970433,97,A06,cross-session,AdaBN
46,16,0,1.0132349729537964,0.002191385999594786,97,A06,cross-session,AdaBN
47,16,0,1.0070768594741821,0.0021698900000046706,97,A06,cross-session,AdaBN
48,16,1,1.0494741201400757,0.0022052350000194565,97,A06,cross-session,AdaBN
49,16,0,0.949114203453064,0.0021360600003390573,97,A06,cross-session,AdaBN
50,16,0,0.9643886685371399,0.0020735159996547736,97,A06,cross-session,AdaBN
51,16,1,0.9301631450653076,0.0021058890001768305,97,A06,cross-session,AdaBN
52,16,1,0.8710501790046692,0.002023566999923787,97,A06,cross-session,AdaBN
53,16,0,0.9751074910163879,0.0021241080003164825,97,A06,cross-session,AdaBN
54,16,1,0.9552014470100403,0.0021352809999370947,97,A06,cross-session,AdaBN
55,16,0,1.0992441177368164,0.0020711830002255738,97,A06,cross-session,AdaBN
56,16,0,0.8562685251235962,0.0020483680000324966,97,A06,cross-session,AdaBN
57,16,0,1.0283104181289673,0.002058697999927972,97,A06,cross-session,AdaBN
58,16,0,0.9897756576538086,0.001999772000090161,97,A06,cross-session,AdaBN
59,16,1,0.8579132556915283,0.0020268760004000796,97,A06,cross-session,AdaBN
60,16,1,1.036086082458496,0.001995918999909918,97,A06,cross-session,AdaBN
61,16,1,0.9707512855529785,0.001992801000142208,97,A06,cross-session,AdaBN
62,16,0,1.0077065229415894,0.001955943000211846,97,A06,cross-session,AdaBN
63,16,1,1.0201849937438965,0.001932583000325394,97,A06,cross-session,AdaBN
64,16,1,1.075484275817871,0.0019017800000256102,97,A06,cross-session,AdaBN
65,16,0,1.0904736518859863,0.0018536759998823982,97,A06,cross-session,AdaBN
66,16,0,1.0072760581970215,0.0018747859999166394,97,A06,cross-session,AdaBN
67,16,0,1.0024337768554688,0.0018924319997495331,97,A06,cross-session,AdaBN
68,16,1,1.0282025337219238,0.0018249960003231536,97,A06,cross-session,AdaBN
69,16,1,0.9736915826797485,0.0018346659999224357,97,A06,cross-session,AdaBN
70,16,1,0.9736534357070923,0.0018816750002770277,97,A06,cross-session,AdaBN
71,16,0,1.029990792274475,0.0019137920003231557,97,A06,cross-session,AdaBN
72,16,1,0.9734646081924438,0.001906899000005069,97,A06,cross-session,AdaBN
73,16,0,1.0230625867843628,0.0019203290003133588,97,A06,cross-session,AdaBN
74,16,0,1.0518507957458496,0.0020199890000185405,97,A06,cross-session,AdaBN
75,16,0,0.9521254301071167,0.0019394419996388024,97,A06,cross-session,AdaBN
76,16,0,0.8763145208358765,0.0019340819999342784,97,A06,cross-session,AdaBN
77,16,0,1.0315651893615723,0.002098657000260573,97,A06,cross-session,AdaBN
78,16,0,0.9719642996788025,0.002000916000270081,97,A06,cross-session,AdaBN
79,16,0,1.0037446022033691,0.0020267549998607137,97,A06,cross-session,AdaBN
80,16,1,0.8979489803314209,0.002028292999966652,97,A06,cross-session,AdaBN
81,16,0,0.8762449026107788,0.0020547940002870746,97,A06,cross-session,AdaBN
82,16,1,0.9865620732307434,0.002094203000069683,97,A06,cross-session,AdaBN
83,16,0,0.9982414245605469,0.00210527799981719,97,A06,cross-session,AdaBN
84,16,1,1.0439985990524292,0.0021501559999705933,97,A06,cross-session,AdaBN
85,16,0,0.9749544858932495,0.002096274999985326,97,A06,cross-session,AdaBN
86,16,0,1.0114550590515137,0.0021557629997914773,97,A06,cross-session,AdaBN
87,16,0,0.8726228475570679,0.002272977999837167,97,A06,cross-session,AdaBN
88,16,1,0.961810290813446,0.0020812029997614445,97,A06,cross-session,AdaBN
89,16,0,0.9811392426490784,0.0026343479999013653,97,A06,cross-session,AdaBN
90,16,1,0.8845086097717285,0.0021583090001513483,97,A06,cross-session,AdaBN
91,16,0,0.8855030536651611,0.002151455999864993,97,A06,cross-session,AdaBN
92,16,0,0.9275522232055664,0.0020901100001537998,97,A06,cross-session,AdaBN
93,16,1,0.9435510635375977,0.002227642999969248,97,A06,cross-session,AdaBN
94,16,0,0.9466129541397095,0.0021431639997899765,97,A06,cross-session,AdaBN
95,16,1,0.8903883695602417,0.00213857199969425,97,A06,cross-session,AdaBN
96,16,1,0.9895888566970825,0.0022634510000898445,97,A06,cross-session,AdaBN
97,16,1,1.0218439102172852,0.002108298999701219,97,A06,cross-session,AdaBN
98,16,0,0.9632409811019897,0.0020979270002499106,97,A06,cross-session,AdaBN
99,16,0,0.7995969653129578,0.0021886800000174844,97,A06,cross-session,AdaBN
100,16,1,0.9009243249893188,0.0021481220001078327,97,A06,cross-session,AdaBN
101,16,0,0.7958585023880005,0.0020821529997192556,97,A06,cross-session,AdaBN
102,16,1,0.8523846864700317,0.002116062999903079,97,A06,cross-session,AdaBN
103,16,0,0.814934492111206,0.002162962000056723,97,A06,cross-session,AdaBN
104,16,0,0.9555150270462036,0.00206975799983411,97,A06,cross-session,AdaBN
105,16,1,0.7851485013961792,0.002167533000374533,97,A06,cross-session,AdaBN
106,16,1,0.8799834847450256,0.0020967469999959576,97,A06,cross-session,AdaBN
107,16,0,0.8924246430397034,0.0021004819996051083,97,A06,cross-session,AdaBN
108,16,1,0.8100583553314209,0.002151684999716963,97,A06,cross-session,AdaBN
109,16,1,1.019372820854187,0.0021893999996791536,97,A06,cross-session,AdaBN
110,16,0,0.8960418105125427,0.0021096650002618844,97,A06,cross-session,AdaBN
111,16,1,0.8664094805717468,0.002170622999983607,97,A06,cross-session,AdaBN
112,16,1,0.9582623243331909,0.0021316490001481725,97,A06,cross-session,AdaBN
113,16,1,0.9149138927459717,0.002122366000094189,97,A06,cross-session,AdaBN
114,16,1,0.9259568452835083,0.0021675230000255397,97,A06,cross-session,AdaBN
115,16,0,0.8794850707054138,0.002290902000368078,97,A06,cross-session,AdaBN
116,16,1,0.864095151424408,0.0021125230000507145,97,A06,cross-session,AdaBN
117,16,0,0.9495394825935364,0.002172073999645363,97,A06,cross-session,AdaBN
118,16,1,0.9683698415756226,0.002185048000228562,97,A06,cross-session,AdaBN
119,16,1,0.8073276877403259,0.002102848000049562,97,A06,cross-session,AdaBN
120,16,1,0.847356915473938,0.0021047669997642515,97,A06,cross-session,AdaBN
121,16,1,0.8977915048599243,0.0021735520003858255,97,A06,cross-session,AdaBN
122,16,0,0.9797995090484619,0.002158507999865833,97,A06,cross-session,AdaBN
123,16,0,1.0903258323669434,0.002205842999956076,97,A06,cross-session,AdaBN
124,16,1,0.8602831363677979,0.002280334999795741,97,A06,cross-session,AdaBN
125,16,0,0.9735100865364075,0.002265362999878562,97,A06,cross-session,AdaBN
126,16,0,0.8906877040863037,0.0021153160000721982,97,A06,cross-session,AdaBN
127,16,0,1.0116727352142334,0.00212960099997872,97,A06,cross-session,AdaBN
128,16,0,0.9270215034484863,0.0021124220002093352,97,A06,cross-session,AdaBN
129,16,1,0.988337516784668,0.0022072299998399103,97,A06,cross-session,AdaBN
130,16,1,0.9175992608070374,0.002113817999997991,97,A06,cross-session,AdaBN
131,16,0,0.8839882016181946,0.002072840999971959,97,A06,cross-session,AdaBN
132,16,0,0.8711166381835938,0.0020566739999594574,97,A06,cross-session,AdaBN
133,16,0,0.808807373046875,0.0026149459999942337,97,A06,cross-session,AdaBN
134,16,0,0.9091222286224365,0.0021083120000184863,97,A06,cross-session,AdaBN
135,16,0,0.956792950630188,0.002060246999917581,97,A06,cross-session,AdaBN
136,16,0,0.9681025743484497,0.002070052999897598,97,A06,cross-session,AdaBN
137,16,0,0.8524492979049683,0.002071789000183344,97,A06,cross-session,AdaBN
138,16,1,0.9708742499351501,0.002030729000125575,97,A06,cross-session,AdaBN
139,16,0,0.7836025953292847,0.002094364000186033,97,A06,cross-session,AdaBN
140,16,0,0.8241987824440002,0.0020758129999194352,97,A06,cross-session,AdaBN
141,16,0,0.9403936862945557,0.0020494149998739886,97,A06,cross-session,AdaBN
142,16,1,0.9201489686965942,0.002075721999972302,97,A06,cross-session,AdaBN
143,16,0,0.871953010559082,0.0020505090001279314,97,A06,cross-session,AdaBN
144,16,0,0.9921684265136719,0.002087439000206359,97,A06,cross-session,AdaBN
145,16,1,0.8092882037162781,0.001999839999825781,97,A06,cross-session,AdaBN
146,16,1,0.8395532965660095,0.002070808000098623,97,A06,cross-session,AdaBN
147,16,0,0.7815011739730835,0.0020860320000792854,97,A06,cross-session,AdaBN
148,16,0,0.8201680779457092,0.002027038000051107,97,A06,cross-session,AdaBN
149,16,1,0.8099868893623352,0.002066377000119246,97,A06,cross-session,AdaBN
150,16,0,0.8053268194198608,0.0020572829998855013,97,A06,cross-session,AdaBN
151,16,1,0.8684139251708984,0.002127788000052533,97,A06,cross-session,AdaBN
152,16,0,0.8564903736114502,0.0022239459999582323,97,A06,cross-session,AdaBN
153,16,0,0.9400487542152405,0.0020679870003732503,97,A06,cross-session,AdaBN
154,16,1,0.8915436267852783,0.002022679999754473,97,A06,cross-session,AdaBN
155,16,0,0.9557290077209473,0.002082225999856746,97,A06,cross-session,AdaBN
156,16,1,0.8653053045272827,0.0021365299999160925,97,A06,cross-session,AdaBN
157,16,1,0.9349368810653687,0.002027650999934849,97,A06,cross-session,AdaBN
158,16,1,1.017649531364441,0.002107142999648204,97,A06,cross-session,AdaBN
159,16,0,0.9444905519485474,0.0021154239998395497,97,A06,cross-session,AdaBN
160,16,1,0.9690797328948975,0.002126189999671624,97,A06,cross-session,AdaBN
161,16,1,0.8566901683807373,0.0020349220003481605,97,A06,cross-session,AdaBN
162,16,0,0.9599872827529907,0.0021268589998726384,97,A06,cross-session,AdaBN
163,16,0,0.985013484954834,0.0021337990001484286,97,A06,cross-session,AdaBN
164,16,0,1.0164494514465332,0.002117134000400256,97,A06,cross-session,AdaBN
165,16,0,0.9938333034515381,0.002176563999910286,97,A06,cross-session,AdaBN
166,16,1,0.98384690284729,0.002076097000099253,97,A06,cross-session,AdaBN
167,16,1,1.0207687616348267,0.0020731569998133637,97,A06,cross-session,AdaBN
168,16,1,0.919986367225647,0.002080149999983405,97,A06,cross-session,AdaBN
169,16,0,0.9959187507629395,0.0021447439999064954,97,A06,cross-session,AdaBN
170,16,0,0.9383056163787842,0.002396630000021105,97,A06,cross-session,AdaBN
171,16,0,0.978980302810669,0.002815981999901851,97,A06,cross-session,AdaBN
172,16,1,0.8772656321525574,0.0025392279999323364,97,A06,cross-session,AdaBN
173,16,1,0.9320151209831238,0.002128076999724726,97,A06,cross-session,AdaBN
174,16,0,0.9062467217445374,0.0025103699999817763,97,A06,cross-session,AdaBN
175,16,0,1.0464072227478027,0.002167390000067826,97,A06,cross-session,AdaBN
176,16,1,0.9488292932510376,0.0022615299999415583,97,A06,cross-session,AdaBN
177,16,1,0.9538028240203857,0.002273035999678541,97,A06,cross-session,AdaBN
178,16,1,0.9886085987091064,0.0021097399999234767,97,A06,cross-session,AdaBN
179,16,0,0.7579333782196045,0.002119763999871793,97,A06,cross-session,AdaBN
180,16,0,0.9381555318832397,0.002237464999780059,97,A06,cross-session,AdaBN
181,16,1,0.9951695203781128,0.0020954859996891173,97,A06,cross-session,AdaBN
182,16,0,0.9658113121986389,0.0020638390001295193,97,A06,cross-session,AdaBN
183,16,0,0.8791778683662415,0.0021484179997059982,97,A06,cross-session,AdaBN
184,16,1,0.90451979637146,0.002037003999703302,97,A06,cross-session,AdaBN
185,16,0,0.841710090637207,0.002042746999904921,97,A06,cross-session,AdaBN
186,16,0,0.9954860210418701,0.0021664829996552726,97,A06,cross-session,AdaBN
187,16,1,0.8888468742370605,0.002122808000422083,97,A06,cross-session,AdaBN
188,16,0,0.9473609924316406,0.0020479730001170537,97,A06,cross-session,AdaBN
189,16,1,0.9639778137207031,0.0020472359997256717,97,A06,cross-session,AdaBN
190,16,0,0.9483662247657776,0.0020775140001205727,97,A06,cross-session,AdaBN
191,16,1,0.8494360446929932,0.0020863009999629867,97,A06,cross-session,AdaBN
192,16,0,0.9331080317497253,0.0020288560003791645,97,A06,cross-session,AdaBN
193,16,1,0.9489933252334595,0.0022405770000659686,97,A06,cross-session,AdaBN
194,16,1,0.9274926781654358,0.002084357000057935,97,A06,cross-session,AdaBN
195,16,0,1.0041769742965698,0.0021020519998273812,97,A06,cross-session,AdaBN
196,16,0,0.8982236385345459,0.0020903649997308094,97,A06,cross-session,AdaBN
197,16,0,0.9284311532974243,0.0020250289999239612,97,A06,cross-session,AdaBN
198,16,0,0.8315598964691162,0.002035624999734864,97,A06,cross-session,AdaBN
199,16,1,0.9634354114532471,0.0022170809997987817,97,A06,cross-session,AdaBN
200,16,1,0.8692954778671265,0.002074639000056777,97,A06,cross-session,AdaBN
201,16,1,0.8933392763137817,0.0020708930001092085,97,A06,cross-session,AdaBN
202,16,0,0.9626601934432983,0.002117813000040769,97,A06,cross-session,AdaBN
203,16,1,0.8745981454849243,0.002050919999874168,97,A06,cross-session,AdaBN
204,16,1,0.9944156408309937,0.002084599000227172,97,A06,cross-session,AdaBN
205,16,1,0.9236259460449219,0.00211690100013584,97,A06,cross-session,AdaBN
206,16,0,0.8155166506767273,0.002071840000098746,97,A06,cross-session,AdaBN
207,16,1,0.7608289122581482,0.0021016440000494185,97,A06,cross-session,AdaBN
208,16,0,1.050727128982544,0.0021191440000620787,97,A06,cross-session,AdaBN
209,16,0,0.834583044052124,0.0022277600000961684,97,A06,cross-session,AdaBN
210,16,1,0.9669935703277588,0.002066968000235647,97,A06,cross-session,AdaBN
211,16,0,0.9177184104919434,0.002178807999825949,97,A06,cross-session,AdaBN
212,16,0,0.8987636566162109,0.0021403179998742417,97,A06,cross-session,AdaBN
213,16,1,0.9361988306045532,0.002033491000020149,97,A06,cross-session,AdaBN
214,16,0,0.8910967111587524,0.0020991910000702774,97,A06,cross-session,AdaBN
215,16,0,0.9905169010162354,0.00219000800007052,97,A06,cross-session,AdaBN
216,16,1,0.955477237701416,0.0020479859999795735,97,A06,cross-session,AdaBN
217,16,0,0.9553136825561523,0.0020821459997932834,97,A06,cross-session,AdaBN
218,16,0,0.835345983505249,0.002198141000008036,97,A06,cross-session,AdaBN
219,16,1,0.9005143642425537,0.002043377999598306,97,A06,cross-session,AdaBN
220,16,0,0.9610227942466736,0.0020494279997365084,97,A06,cross-session,AdaBN
221,16,1,0.9002403020858765,0.002104570000028616,97,A06,cross-session,AdaBN
222,16,0,0.8926548957824707,0.002101753999795619,97,A06,cross-session,AdaBN
223,16,0,0.8998498320579529,0.0020642069998757506,97,A06,cross-session,AdaBN
224,16,1,0.775959849357605,0.002147860999684781,97,A06,cross-session,AdaBN
225,16,0,0.7992684841156006,0.002286996000293584,97,A06,cross-session,AdaBN
226,16,1,0.8159422278404236,0.002090843000132736,97,A06,cross-session,AdaBN
227,16,1,0.8812351822853088,0.002181530000143539,97,A06,cross-session,AdaBN
228,16,1,0.842269778251648,0.00227527100014413,97,A06,cross-session,AdaBN
229,16,0,0.9739871025085449,0.002100298999721417,97,A06,cross-session,AdaBN
230,16,0,0.8637709021568298,0.0021238849999463127,97,A06,cross-session,AdaBN
231,16,0,0.8628021478652954,0.0022415460002775944,97,A06,cross-session,AdaBN
232,16,0,0.7602550387382507,0.0021372940000219387,97,A06,cross-session,AdaBN
233,16,0,0.8392825126647949,0.0022361389997058723,97,A06,cross-session,AdaBN
234,16,0,0.827589750289917,0.0021796210003230954,97,A06,cross-session,AdaBN
235,16,1,0.9407459497451782,0.002055583000128536,97,A06,cross-session,AdaBN
236,16,0,0.983073353767395,0.0020696290002888418,97,A06,cross-session,AdaBN
237,16,0,0.8053264617919922,0.0022989839999354444,97,A06,cross-session,AdaBN
238,16,1,0.8021403551101685,0.002075204999982816,97,A06,cross-session,AdaBN
239,16,1,0.7950202226638794,0.0020916409998790186,97,A06,cross-session,AdaBN
240,16,0,0.7895130515098572,0.0021821529999215272,97,A06,cross-session,AdaBN
241,16,0,0.7634936571121216,0.0020743069999298314,97,A06,cross-session,AdaBN
242,16,1,0.7932592630386353,0.00216757799989864,97,A06,cross-session,AdaBN
243,16,0,0.8334171772003174,0.0022391379998225602,97,A06,cross-session,AdaBN
244,16,1,0.8311947584152222,0.002121052000347845,97,A06,cross-session,AdaBN
245,16,0,0.8062863349914551,0.0020646309999392543,97,A06,cross-session,AdaBN
246,16,0,0.812102198600769,0.0020983700001124816,97,A06,cross-session,AdaBN
247,16,0,0.9135414361953735,0.0021080310002616898,97,A06,cross-session,AdaBN
248,16,0,0.8518310785293579,0.002055720000043948,97,A06,cross-session,AdaBN
249,16,1,0.7997386455535889,0.002101123000102234,97,A06,cross-session,AdaBN
250,16,1,0.8581898212432861,0.0020653560000027937,97,A06,cross-session,AdaBN
251,16,1,0.8825592398643494,0.0020771259996763547,97,A06,cross-session,AdaBN
252,16,1,0.8987948298454285,0.0021727909997935058,97,A06,cross-session,AdaBN
253,16,0,0.9081093072891235,0.002189034999901196,97,A06,cross-session,AdaBN
254,16,1,0.8793286085128784,0.0020570530000441067,97,A06,cross-session,AdaBN
255,16,1,0.9241456389427185,0.002066464000108681,97,A06,cross-session,AdaBN
256,16,0,0.7552615404129028,0.00206438800023534,97,A06,cross-session,AdaBN
257,16,0,0.7628405094146729,0.002068219000193494,97,A06,cross-session,AdaBN
258,16,0,0.9164050817489624,0.0021179580003263254,97,A06,cross-session,AdaBN
259,16,0,0.7711707949638367,0.002202982000198972,97,A06,cross-session,AdaBN
260,16,0,0.8231878280639648,0.0020786289996976848,97,A06,cross-session,AdaBN
261,16,0,0.8896913528442383,0.0021215520000623656,97,A06,cross-session,AdaBN
262,16,1,0.8369402289390564,0.0022727880000275036,97,A06,cross-session,AdaBN
263,16,0,0.8279138803482056,0.0020745340002576995,97,A06,cross-session,AdaBN
264,16,1,0.8299950957298279,0.0021057479998489725,97,A06,cross-session,AdaBN
265,16,0,0.7114941477775574,0.0020968339999853924,97,A06,cross-session,AdaBN
266,16,1,0.8698745965957642,0.0020874870001534873,97,A06,cross-session,AdaBN
267,16,0,0.9165793657302856,0.00208209899983558,97,A06,cross-session,AdaBN
268,16,1,0.8148339986801147,0.002614312999867252,97,A06,cross-session,AdaBN
269,16,0,0.8552895784378052,0.0020922100002280786,97,A06,cross-session,AdaBN
270,16,1,0.788945734500885,0.002129447999777767,97,A06,cross-session,AdaBN
271,16,1,0.7719613909721375,0.0021629879997817625,97,A06,cross-session,AdaBN
272,16,1,0.8556609153747559,0.0020676009999078815,97,A06,cross-session,AdaBN
273,16,0,0.8171157240867615,0.0020649130001402227,97,A06,cross-session,AdaBN
274,16,1,0.7868319749832153,0.0021186959997976373,97,A06,cross-session,AdaBN
275,16,0,0.7578748464584351,0.0022872370000186493,97,A06,cross-session,AdaBN
276,16,0,0.730002224445343,0.0020690510000349605,97,A06,cross-session,AdaBN
277,16,0,0.9545458555221558,0.0020989269996789517,97,A06,cross-session,AdaBN
278,16,0,0.8281798362731934,0.0020449109997571213,97,A06,cross-session,AdaBN
279,16,1,0.7359954118728638,0.002046253000116849,97,A06,cross-session,AdaBN
280,16,1,0.7574169635772705,0.0020542709999062936,97,A06,cross-session,AdaBN
281,16,0,0.8171927332878113,0.0021524459998545353,97,A06,cross-session,AdaBN
282,16,0,0.8254267573356628,0.002047950999894965,97,A06,cross-session,AdaBN
283,16,0,0.7164511680603027,0.0020374010000523413,97,A06,cross-session,AdaBN
284,16,1,0.7844152450561523,0.0021756020000793796,97,A06,cross-session,AdaBN
285,16,0,0.7450501322746277,0.002039624000190088,97,A06,cross-session,AdaBN
286,16,1,0.7492603063583374,0.0020262759999241098,97,A06,cross-session,AdaBN
287,16,0,0.6551191806793213,0.0021199980001256336,97,A06,cross-session,AdaBN
0,1,0,1.2184926271438599,0.0038047670000196376,97,A07,cross-session,AdaBN
1,2,1,1.1322143077850342,0.005206164000355784,97,A07,cross-session,AdaBN
2,3,1,1.0684360265731812,0.005477469000197743,97,A07,cross-session,AdaBN
3,4,0,1.0351786613464355,0.0047449560001950886,97,A07,cross-session,AdaBN
4,5,0,1.0084350109100342,0.0071734680000190565,97,A07,cross-session,AdaBN
5,6,1,0.9411913752555847,0.008769102999849565,97,A07,cross-session,AdaBN
6,7,1,1.1211799383163452,0.006509411000024556,97,A07,cross-session,AdaBN
7,8,0,0.9660263061523438,0.006696021000152541,97,A07,cross-session,AdaBN
8,9,1,0.9504040479660034,0.004942525999922509,97,A07,cross-session,AdaBN
9,10,1,1.1353262662887573,0.006566392999957316,97,A07,cross-session,AdaBN
10,11,1,1.1118282079696655,0.008702749999883963,97,A07,cross-session,AdaBN
11,12,1,1.0949360132217407,0.009296265000102721,97,A07,cross-session,AdaBN
12,13,1,1.042863368988037,0.009338465000382712,97,A07,cross-session,AdaBN
13,14,1,1.0377776622772217,0.007855848999952286,97,A07,cross-session,AdaBN
14,15,1,0.9986215233802795,0.01053225299983751,97,A07,cross-session,AdaBN
15,16,0,1.023421287536621,0.007675433999793313,97,A07,cross-session,AdaBN
16,16,0,0.9673009514808655,0.007635117000063474,97,A07,cross-session,AdaBN
17,16,1,1.0258591175079346,0.007623733999935212,97,A07,cross-session,AdaBN
18,16,0,1.013839602470398,0.007588723000026221,97,A07,cross-session,AdaBN
19,16,1,0.9863746166229248,0.007624957999723847,97,A07,cross-session,AdaBN
20,16,1,0.9549945592880249,0.007588826999835874,97,A07,cross-session,AdaBN
21,16,1,1.0000708103179932,0.007587581000279897,97,A07,cross-session,AdaBN
22,16,0,1.0460151433944702,0.007575813000130438,97,A07,cross-session,AdaBN
23,16,0,1.0370848178863525,0.007359404999988328,97,A07,cross-session,AdaBN
24,16,0,0.8839731812477112,0.005903350999687973,97,A07,cross-session,AdaBN
25,16,1,1.0895761251449585,0.004873502000009466,97,A07,cross-session,AdaBN
26,16,0,0.8650120496749878,0.004018703000383539,97,A07,cross-session,AdaBN
27,16,0,0.9545538425445557,0.0033550670000295213,97,A07,cross-session,AdaBN
28,16,0,1.0082228183746338,0.00285757299980105,97,A07,cross-session,AdaBN
29,16,0,0.9499737620353699,0.002491485000064131,97,A07,cross-session,AdaBN
30,16,1,0.9573240280151367,0.0022316169997793622,97,A07,cross-session,AdaBN
31,16,0,1.0238778591156006,0.0020572190001075796,97,A07,cross-session,AdaBN
32,16,1,1.0570741891860962,0.0019459569998616644,97,A07,cross-session,AdaBN
33,16,1,1.012156367301941,0.0018173940002270683,97,A07,cross-session,AdaBN
34,16,1,0.9978729486465454,0.0017288090002693934,97,A07,cross-session,AdaBN
35,16,0,1.0203678607940674,0.0016615379995528201,97,A07,cross-session,AdaBN
36,16,1,1.0616439580917358,0.0016950389999692561,97,A07,cross-session,AdaBN
37,16,1,0.993277370929718,0.0015519070002483204,97,A07,cross-session,AdaBN
38,16,1,1.1048777103424072,0.001617446000182099,97,A07,cross-session,AdaBN
39,16,1,0.9873698949813843,0.0015862130003370112,97,A07,cross-session,AdaBN
40,16,1,0.9802278280258179,0.0016639909999867086,97,A07,cross-session,AdaBN
41,16,1,0.9520066380500793,0.0016428220001216687,97,A07,cross-session,AdaBN
42,16,1,0.898429274559021,0.0016242820001934888,97,A07,cross-session,AdaBN
43,16,0,0.8656190037727356,0.0015711700002611906,97,A07,cross-session,AdaBN
44,16,1,0.9039156436920166,0.0016874670000106562,97,A07,cross-session,AdaBN
45,16,1,0.8851115703582764,0.0018056829999295587,97,A07,cross-session,AdaBN
46,16,1,0.8733915686607361,0.0017959589999918535,97,A07,cross-session,AdaBN
47,16,1,0.8467336893081665,0.0018479279997336562,97,A07,cross-session,AdaBN
48,16,0,0.7897787690162659,0.0018014780002886255,97,A07,cross-session,AdaBN
49,16,0,0.8558634519577026,0.0018230669998047233,97,A07,cross-session,AdaBN
50,16,0,0.9557416439056396,0.0017984290002459602,97,A07,cross-session,AdaBN
51,16,0,0.9088134765625,0.0018416220000290195,97,A07,cross-session,AdaBN
52,16,0,0.976969838142395,0.0018303030001334264,97,A07,cross-session,AdaBN
53,16,1,0.9963151812553406,0.001810843999919598,97,A07,cross-session,AdaBN
54,16,0,0.790637731552124,0.0018453279999448569,97,A07,cross-session,AdaBN
55,16,1,0.880271315574646,0.0018956639996758895,97,A07,cross-session,AdaBN
56,16,1,0.8742878437042236,0.0019499439999890456,97,A07,cross-session,AdaBN
57,16,0,0.9694108366966248,0.0019480070000099659,97,A07,cross-session,AdaBN
58,16,1,0.8353592157363892,0.001999824999984412,97,A07,cross-session,AdaBN
59,16,1,0.943421483039856,0.0019828710001092986,97,A07,cross-session,AdaBN
60,16,0,0.9524130821228027,0.001965230999758205,97,A07,cross-session,AdaBN
61,16,0,0.9468650221824646,0.00198390700006712,97,A07,cross-session,AdaBN
62,16,0,1.049547553062439,0.00196231700010685,97,A07,cross-session,AdaBN
63,16,0,1.0195977687835693,0.0019741669998438738,97,A07,cross-session,AdaBN
64,16,1,1.0003437995910645,0.0019577220000428497,97,A07,cross-session,AdaBN
65,16,1,0.8721950650215149,0.002002868999625207,97,A07,cross-session,AdaBN
66,16,1,0.9571347236633301,0.0020117489998483506,97,A07,cross-session,AdaBN
67,16,0,0.9571971893310547,0.0020103110000491142,97,A07,cross-session,AdaBN
68,16,1,1.0203479528427124,0.0020401500000843953,97,A07,cross-session,AdaBN
69,16,1,0.9403879046440125,0.002009390999774041,97,A07,cross-session,AdaBN
70,16,0,0.9924600124359131,0.0020121319998906984,97,A07,cross-session,AdaBN
71,16,0,0.9211066961288452,0.002061699000023509,97,A07,cross-session,AdaBN
72,16,1,0.9253886938095093,0.0020359679997454805,97,A07,cross-session,AdaBN
73,16,1,1.1062583923339844,0.0020351580001261027,97,A07,cross-session,AdaBN
74,16,1,0.8980084657669067,0.0020666810000875557,97,A07,cross-session,AdaBN
75,16,1,0.9543594717979431,0.0020383020000735996,97,A07,cross-session,AdaBN
76,16,0,0.8906081914901733,0.002028389999850333,97,A07,cross-session,AdaBN
77,16,1,0.8613029718399048,0.0020113999999011867,97,A07,cross-session,AdaBN
78,16,0,0.8965927362442017,0.0020685570002569875,97,A07,cross-session,AdaBN
79,16,1,0.9510565400123596,0.0020217539999975997,97,A07,cross-session,AdaBN
80,16,0,0.8476516008377075,0.002014391000102478,97,A07,cross-session,AdaBN
81,16,0,0.955707311630249,0.0020621260000552866,97,A07,cross-session,AdaBN
82,16,0,0.9047098755836487,0.0020425600000635313,97,A07,cross-session,AdaBN
83,16,1,0.9235773086547852,0.00201606200016613,97,A07,cross-session,AdaBN
84,16,1,0.9294928312301636,0.002066362000277877,97,A07,cross-session,AdaBN
85,16,1,0.878574013710022,0.0020445310001377948,97,A07,cross-session,AdaBN
86,16,0,0.9399399757385254,0.0020430869999472634,97,A07,cross-session,AdaBN
87,16,1,0.8641438484191895,0.0020647890000873304,97,A07,cross-session,AdaBN
88,16,1,0.7963394522666931,0.0020501949998106284,97,A07,cross-session,AdaBN
89,16,1,0.8568216562271118,0.002104389000123774,97,A07,cross-session,AdaBN
90,16,1,0.8943688869476318,0.002071176999834279,97,A07,cross-session,AdaBN
91,16,1,0.8505110144615173,0.002080337999814219,97,A07,cross-session,AdaBN
92,16,1,0.8378146290779114,0.002109317000304145,97,A07,cross-session,AdaBN
93,16,1,0.9277248978614807,0.0020555610003611946,97,A07,cross-session,AdaBN
94,16,1,0.8694911003112793,0.0021289910000632517,97,A07,cross-session,AdaBN
95,16,1,0.744045615196228,0.0021686339996449533,97,A07,cross-session,AdaBN
96,16,1,0.8900809288024902,0.002099841000017477,97,A07,cross-session,AdaBN
97,16,1,0.8645845651626587,0.0021132900001248345,97,A07,cross-session,AdaBN
98,16,0,0.8761976361274719,0.002584574000138673,97,A07,cross-session,AdaBN
99,16,1,0.987022876739502,0.0024594179999439802,97,A07,cross-session,AdaBN
100,16,0,0.9913346171379089,0.002340782999908697,97,A07,cross-session,AdaBN
101,16,0,0.9100294709205627,0.002124352999999246,97,A07,cross-session,AdaBN
102,16,0,0.9533979892730713,0.0022894560001986974,97,A07,cross-session,AdaBN
103,16,0,1.0064640045166016,0.0023612130003130005,97,A07,cross-session,AdaBN
104,16,0,0.9166861176490784,0.0021059259997855406,97,A07,cross-session,AdaBN
105,16,0,0.8268376588821411,0.002087493000090035,97,A07,cross-session,AdaBN
106,16,0,0.8780290484428406,0.002311751999968692,97,A07,cross-session,AdaBN
107,16,1,1.0416383743286133,0.0021542930003306537,97,A07,cross-session,AdaBN
108,16,0,1.0213743448257446,0.0020765090002896613,97,A07,cross-session,AdaBN
109,16,0,0.9845269322395325,0.002145630000086385,97,A07,cross-session,AdaBN
110,16,0,0.9620000123977661,0.0020860630002061953,97,A07,cross-session,AdaBN
111,16,0,0.977293848991394,0.002111496999987139,97,A07,cross-session,AdaBN
112,16,0,1.042103886604309,0.0021055729998806783,97,A07,cross-session,AdaBN
113,16,1,1.0205574035644531,0.0023601699999744596,97,A07,cross-session,AdaBN
114,16,0,1.0050184726715088,0.002151340999716922,97,A07,cross-session,AdaBN
115,16,0,0.9886647462844849,0.00215682599991851,97,A07,cross-session,AdaBN
116,16,1,0.9893913269042969,0.00202761799982909,97,A07,cross-session,AdaBN
117,16,0,1.0120898485183716,0.0020154750000074273,97,A07,cross-session,AdaBN
118,16,1,0.918411135673523,0.0021285220000208938,97,A07,cross-session,AdaBN
119,16,0,1.0506209135055542,0.0020708009997179033,97,A07,cross-session,AdaBN
120,16,0,1.080623984336853,0.0020099529997423815,97,A07,cross-session,AdaBN
121,16,1,0.8999729156494141,0.002073967000342236,97,A07,cross-session,AdaBN
122,16,1,0.9985394477844238,0.002225995000117109,97,A07,cross-session,AdaBN
123,16,0,0.8792077898979187,0.002033695000136504,97,A07,cross-session,AdaBN
124,16,0,0.9993758797645569,0.002081865000036487,97,A07,cross-session,AdaBN
125,16,0,0.9026052355766296,0.002343106999887823,97,A07,cross-session,AdaBN
126,16,0,0.918433666229248,0.0021036650000496593,97,A07,cross-session,AdaBN
127,16,1,0.8789920806884766,0.001996330000110902,97,A07,cross-session,AdaBN
128,16,0,0.9439160823822021,0.002155057999971177,97,A07,cross-session,AdaBN
129,16,0,0.9378331899642944,0.002081860000089364,97,A07,cross-session,AdaBN
130,16,1,0.9290453791618347,0.002119937999850663,97,A07,cross-session,AdaBN
131,16,0,1.0330721139907837,0.00221272399994632,97,A07,cross-session,AdaBN
132,16,1,0.9689560532569885,0.0020890249998046784,97,A07,cross-session,AdaBN
133,16,1,1.0065206289291382,0.0020125619998907496,97,A07,cross-session,AdaBN
134,16,1,0.8292815685272217,0.0021113689999765484,97,A07,cross-session,AdaBN
135,16,0,0.998657763004303,0.0021379949998845404,97,A07,cross-session,AdaBN
136,16,1,1.023653507232666,0.0021076520001770405,97,A07,cross-session,AdaBN
137,16,1,0.9471892714500427,0.0021306759999788483,97,A07,cross-session,AdaBN
138,16,1,0.9012869596481323,0.002141396999832068,97,A07,cross-session,AdaBN
139,16,1,0.8769903779029846,0.0019713840001713834,97,A07,cross-session,AdaBN
140,16,0,0.9848050475120544,0.002039174999936222,97,A07,cross-session,AdaBN
141,16,0,1.0591256618499756,0.0021499519998542382,97,A07,cross-session,AdaBN
142,16,0,0.9577169418334961,0.0020019720000163943,97,A07,cross-session,AdaBN
143,16,1,1.02088463306427,0.002063363000161189,97,A07,cross-session,AdaBN
144,16,1,1.0556483268737793,0.0020629770001505676,97,A07,cross-session,AdaBN
145,16,0,0.8930596113204956,0.002185048000228562,97,A07,cross-session,AdaBN
146,16,0,0.9642184972763062,0.002336506000119698,97,A07,cross-session,AdaBN
147,16,0,0.9183018803596497,0.002246399999876303,97,A07,cross-session,AdaBN
148,16,0,1.0087562799453735,0.0022182160000738804,97,A07,cross-session,AdaBN
149,16,0,0.9108450412750244,0.0022532509997290617,97,A07,cross-session,AdaBN
150,16,1,0.9370464086532593,0.002111908000188123,97,A07,cross-session,AdaBN
151,16,0,0.8662126064300537,0.0023931590003485326,97,A07,cross-session,AdaBN
152,16,0,0.9179676175117493,0.0026181029998042504,97,A07,cross-session,AdaBN
153,16,1,0.90477055311203,0.0020706540003629925,97,A07,cross-session,AdaBN
154,16,1,0.8679819107055664,0.002075914000215562,97,A07,cross-session,AdaBN
155,16,1,0.9805050492286682,0.0022343410000758013,97,A07,cross-session,AdaBN
156,16,1,0.9735655784606934,0.002270635999593651,97,A07,cross-session,AdaBN
157,16,1,0.9041458368301392,0.002006638000239036,97,A07,cross-session,AdaBN
158,16,1,0.8310712575912476,0.0019832970001516514,97,A07,cross-session,AdaBN
159,16,1,0.861292839050293,0.002086561999931291,97,A07,cross-session,AdaBN
160,16,1,0.9781903028488159,0.002073636000204715,97,A07,cross-session,AdaBN
161,16,1,0.8338990807533264,0.0020395299998199334,97,A07,cross-session,AdaBN
162,16,1,0.8061104416847229,0.002044287999979133,97,A07,cross-session,AdaBN
163,16,0,0.7331006526947021,0.002132824000000255,97,A07,cross-session,AdaBN
164,16,1,0.8220758438110352,0.001983363999897847,97,A07,cross-session,AdaBN
165,16,1,0.7774524688720703,0.0019993649998468754,97,A07,cross-session,AdaBN
166,16,0,0.8224120140075684,0.0021826950001013756,97,A07,cross-session,AdaBN
167,16,0,0.9948992133140564,0.002135022999937064,97,A07,cross-session,AdaBN
168,16,1,0.7935662865638733,0.0020857690001321316,97,A07,cross-session,AdaBN
169,16,1,0.820575475692749,0.0022212860003492096,97,A07,cross-session,AdaBN
170,16,0,0.9012417793273926,0.002001424999889423,97,A07,cross-session,AdaBN
171,16,0,0.8154847621917725,0.0019682600000123784,97,A07,cross-session,AdaBN
172,16,0,0.9646822214126587,0.002070538999760174,97,A07,cross-session,AdaBN
173,16,0,0.9986605644226074,0.0034030979995804955,97,A07,cross-session,AdaBN
174,16,1,0.9701345562934875,0.002997405999849434,97,A07,cross-session,AdaBN
175,16,1,0.8397390246391296,0.002781288999813114,97,A07,cross-session,AdaBN
176,16,1,0.8963200449943542,0.0025224840001101256,97,A07,cross-session,AdaBN
177,16,0,0.9174375534057617,0.0024882109996724466,97,A07,cross-session,AdaBN
178,16,0,1.0128109455108643,0.0024745280002207437,97,A07,cross-session,AdaBN
179,16,1,1.030676007270813,0.0024778599999990547,97,A07,cross-session,AdaBN
180,16,1,1.0020318031311035,0.002535575999900175,97,A07,cross-session,AdaBN
181,16,1,1.0226771831512451,0.002423241000087728,97,A07,cross-session,AdaBN
182,16,0,0.9564508199691772,0.002402304000042932,97,A07,cross-session,AdaBN
183,16,0,0.8570533990859985,0.002409603000160132,97,A07,cross-session,AdaBN
184,16,0,0.9465295076370239,0.002252915000099165,97,A07,cross-session,AdaBN
185,16,1,0.8745535016059875,0.0021543640000345476,97,A07,cross-session,AdaBN
186,16,0,0.7954034209251404,0.0022107659997345763,97,A07,cross-session,AdaBN
187,16,0,0.9322845339775085,0.0021746719999100605,97,A07,cross-session,AdaBN
188,16,0,0.9001759886741638,0.002397966999978962,97,A07,cross-session,AdaBN
189,16,0,0.9468637108802795,0.0024222840002039447,97,A07,cross-session,AdaBN
190,16,1,0.8406803607940674,0.002336277000267728,97,A07,cross-session,AdaBN
191,16,0,0.9485957622528076,0.002317115000096237,97,A07,cross-session,AdaBN
192,16,0,0.9364979267120361,0.002059094999822264,97,A07,cross-session,AdaBN
193,16,1,0.839276909828186,0.0019660279999698105,97,A07,cross-session,AdaBN
194,16,1,0.9001764059066772,0.0019601519998104777,97,A07,cross-session,AdaBN
195,16,0,1.0152685642242432,0.001983281999855535,97,A07,cross-session,AdaBN
196,16,1,0.9164553880691528,0.0019699240001500584,97,A07,cross-session,AdaBN
197,16,1,0.8593093156814575,0.002039282000168896,97,A07,cross-session,AdaBN
198,16,0,0.9045792818069458,0.002035374000115553,97,A07,cross-session,AdaBN
199,16,0,0.9697319865226746,0.0019869790003212984,97,A07,cross-session,AdaBN
200,16,1,0.8832904696464539,0.002125314000295475,97,A07,cross-session,AdaBN
201,16,0,0.9880633354187012,0.0025041230001079384,97,A07,cross-session,AdaBN
202,16,0,0.9615781307220459,0.002002165999783756,97,A07,cross-session,AdaBN
203,16,1,0.8376277685165405,0.0019478080002954812,97,A07,cross-session,AdaBN
204,16,0,0.8374215364456177,0.0020236640002622153,97,A07,cross-session,AdaBN
205,16,1,0.9445244073867798,0.00196309700004349,97,A07,cross-session,AdaBN
206,16,0,0.995951235294342,0.002021712999976444,97,A07,cross-session,AdaBN
207,16,0,0.9466521739959717,0.0019692589999067422,97,A07,cross-session,AdaBN
208,16,0,0.9757979512214661,0.0019646619998638926,97,A07,cross-session,AdaBN
209,16,0,1.0670320987701416,0.0020179180000923225,97,A07,cross-session,AdaBN
210,16,0,0.9719110727310181,0.002052884000022459,97,A07,cross-session,AdaBN
211,16,1,0.9586136341094971,0.002120721000210324,97,A07,cross-session,AdaBN
212,16,1,0.9589439630508423,0.0020195019997117925,97,A07,cross-session,AdaBN
213,16,0,0.9716153144836426,0.0019538810001904494,97,A07,cross-session,AdaBN
214,16,0,0.9792361855506897,0.0022010799998497532,97,A07,cross-session,AdaBN
215,16,0,0.8292962312698364,0.0021086629999444995,97,A07,cross-session,AdaBN
216,16,1,0.9445257186889648,0.002133572999809985,97,A07,cross-session,AdaBN
217,16,0,0.82973313331604,0.0019866930001626315,97,A07,cross-session,AdaBN
218,16,1,0.9740617275238037,0.0020267049999347364,97,A07,cross-session,AdaBN
219,16,0,0.8822091817855835,0.0020194819999233005,97,A07,cross-session,AdaBN
220,16,0,0.931107759475708,0.0020761690002473188,97,A07,cross-session,AdaBN
221,16,0,0.7924374341964722,0.0021099949999552337,97,A07,cross-session,AdaBN
222,16,1,0.7135499715805054,0.0022569539996766252,97,A07,cross-session,AdaBN
223,16,0,0.7818950414657593,0.0020591100001183804,97,A07,cross-session,AdaBN
224,16,1,0.8616981506347656,0.002077328000268608,97,A07,cross-session,AdaBN
225,16,1,0.7827536463737488,0.0020928659996570786,97,A07,cross-session,AdaBN
226,16,1,0.8222289085388184,0.002165651999803231,97,A07,cross-session,AdaBN
227,16,0,0.8778579235076904,0.002306147000126657,97,A07,cross-session,AdaBN
228,16,1,0.8799724578857422,0.0020688190002147167,97,A07,cross-session,AdaBN
229,16,0,0.8461905121803284,0.0020827610001106223,97,A07,cross-session,AdaBN
230,16,1,0.7831977009773254,0.0021918769998592325,97,A07,cross-session,AdaBN
231,16,0,0.7119227647781372,0.0020245760001671442,97,A07,cross-session,AdaBN
232,16,0,0.8955094218254089,0.002058433000001969,97,A07,cross-session,AdaBN
233,16,0,0.9627456665039062,0.002002193999942392,97,A07,cross-session,AdaBN
234,16,0,0.8618249893188477,0.002031850000093982,97,A07,cross-session,AdaBN
235,16,1,0.7737705707550049,0.0021002990001761646,97,A07,cross-session,AdaBN
236,16,1,0.9402941465377808,0.0021125499997651787,97,A07,cross-session,AdaBN
237,16,1,0.9211993217468262,0.0020723120001093775,97,A07,cross-session,AdaBN
238,16,0,0.8848233222961426,0.002002420999815513,97,A07,cross-session,AdaBN
239,16,0,0.828952431678772,0.0020409209996614663,97,A07,cross-session,AdaBN
240,16,0,0.9113553762435913,0.002026421000209666,97,A07,cross-session,AdaBN
241,16,0,0.9573084712028503,0.0020279279997339472,97,A07,cross-session,AdaBN
242,16,0,0.8987234830856323,0.0020606989996849734,97,A07,cross-session,AdaBN
243,16,0,0.8734602332115173,0.0021345690001908224,97,A07,cross-session,AdaBN
244,16,1,0.9691540598869324,0.0020769230000041716,97,A07,cross-session,AdaBN
245,16,0,0.8764951825141907,0.002125096999861853,97,A07,cross-session,AdaBN
246,16,0,0.9704893827438354,0.0021576300000560877,97,A07,cross-session,AdaBN
247,16,0,0.9229894280433655,0.0020550880003611383,97,A07,cross-session,AdaBN
248,16,1,0.9002434015274048,0.0020290659999773197,97,A07,cross-session,AdaBN
249,16,0,0.9598094820976257,0.0020870000003014866,97,A07,cross-session,AdaBN
250,16,1,0.9697842597961426,0.002030529999956343,97,A07,cross-session,AdaBN
251,16,0,0.9312164187431335,0.002156716999706987,97,A07,cross-session,AdaBN
252,16,0,0.8915776014328003,0.0020651169998018304,97,A07,cross-session,AdaBN
253,16,1,0.9435890913009644,0.0021729100003540225,97,A07,cross-session,AdaBN
254,16,0,0.8577923774719238,0.0020383989999572805,97,A07,cross-session,AdaBN
255,16,1,0.8168126344680786,0.0020971090002603887,97,A07,cross-session,AdaBN
256,16,1,0.8299475312232971,0.00216115000011996,97,A07,cross-session,AdaBN
257,16,0,0.8503013253211975,0.0021064130000922887,97,A07,cross-session,AdaBN
258,16,0,0.954677164554596,0.0020785110000360874,97,A07,cross-session,AdaBN
259,16,0,0.9493511915206909,0.0021237840001049335,97,A07,cross-session,AdaBN
260,16,1,0.9161204695701599,0.002035254000020359,97,A07,cross-session,AdaBN
261,16,0,0.8557848334312439,0.001989722999951482,97,A07,cross-session,AdaBN
262,16,1,0.7962247133255005,0.002140569999937725,97,A07,cross-session,AdaBN
263,16,1,0.7745711803436279,0.0020454969999263994,97,A07,cross-session,AdaBN
264,16,0,0.8014603853225708,0.0020854609997513762,97,A07,cross-session,AdaBN
265,16,1,0.8325782418251038,0.002158572000098502,97,A07,cross-session,AdaBN
266,16,0,0.8581552505493164,0.002780542999971658,97,A07,cross-session,AdaBN
267,16,1,0.7910353541374207,0.0019952590000684722,97,A07,cross-session,AdaBN
268,16,0,0.8503761887550354,0.0020268749999559077,97,A07,cross-session,AdaBN
269,16,0,0.8682844638824463,0.0019876399996974214,97,A07,cross-session,AdaBN
270,16,0,0.898228645324707,0.0019932169998355675,97,A07,cross-session,AdaBN
271,16,1,0.7827000021934509,0.0020083640001757885,97,A07,cross-session,AdaBN
272,16,0,0.8058805465698242,0.0019793749997916166,97,A07,cross-session,AdaBN
273,16,0,0.9788885116577148,0.0019797479999397183,97,A07,cross-session,AdaBN
274,16,1,0.8449686169624329,0.0020518800001809723,97,A07,cross-session,AdaBN
275,16,1,0.8629845380783081,0.002016855999954714,97,A07,cross-session,AdaBN
276,16,0,1.0132341384887695,0.002017529000113427,97,A07,cross-session,AdaBN
277,16,0,0.9792824983596802,0.0020259789998817723,97,A07,cross-session,AdaBN
278,16,1,0.7256413698196411,0.002033437000136473,97,A07,cross-session,AdaBN
279,16,1,0.9111553430557251,0.0020498579997365596,97,A07,cross-session,AdaBN
280,16,0,0.8631035089492798,0.0019915180000680266,97,A07,cross-session,AdaBN
281,16,0,0.8204807043075562,0.0020629949999602104,97,A07,cross-session,AdaBN
282,16,1,0.8771278858184814,0.0021007420000387356,97,A07,cross-session,AdaBN
283,16,1,0.7893399596214294,0.0020885870003439777,97,A07,cross-session,AdaBN
284,16,0,0.9487509727478027,0.00206313799981217,97,A07,cross-session,AdaBN
285,16,1,0.8214976787567139,0.002049499000349897,97,A07,cross-session,AdaBN
286,16,1,0.9207304120063782,0.0020374489999994694,97,A07,cross-session,AdaBN
287,16,0,0.8636484146118164,0.0020989119998375827,97,A07,cross-session,AdaBN
0,1,0,1.1060032844543457,0.0030848249998598476,97,A08,cross-session,AdaBN
1,2,0,0.7658301591873169,0.0046523890000571555,97,A08,cross-session,AdaBN
2,3,1,0.9667255282402039,0.004727883000214206,97,A08,cross-session,AdaBN
3,4,1,0.7520267963409424,0.004525571000158379,97,A08,cross-session,AdaBN
4,5,1,0.8572818040847778,0.003915207000318333,97,A08,cross-session,AdaBN
5,6,1,0.7638413906097412,0.0037768539996250183,97,A08,cross-session,AdaBN
6,7,1,0.8533322811126709,0.003522317000260955,97,A08,cross-session,AdaBN
7,8,0,0.9626631736755371,0.0021378110000114248,97,A08,cross-session,AdaBN
8,9,1,0.7709617614746094,0.0018610049996823363,97,A08,cross-session,AdaBN
9,10,0,0.7869448065757751,0.0016631690000394883,97,A08,cross-session,AdaBN
10,11,1,0.7609063386917114,0.0017134179997810861,97,A08,cross-session,AdaBN
11,12,1,0.7295008897781372,0.001644524999846908,97,A08,cross-session,AdaBN
12,13,1,0.8004666566848755,0.0017728759999044996,97,A08,cross-session,AdaBN
13,14,1,0.7005429863929749,0.002016363000166166,97,A08,cross-session,AdaBN
14,15,0,0.8259494304656982,0.0017569560000083584,97,A08,cross-session,AdaBN
15,16,1,0.7524120211601257,0.001678868999988481,97,A08,cross-session,AdaBN
16,16,1,0.7989323735237122,0.0017506100002719904,97,A08,cross-session,AdaBN
17,16,1,0.6068990230560303,0.0016945119996307767,97,A08,cross-session,AdaBN
18,16,1,0.638831615447998,0.001891262999833998,97,A08,cross-session,AdaBN
19,16,1,0.7502368688583374,0.0015599419998579833,97,A08,cross-session,AdaBN
20,16,0,0.7031030654907227,0.001672337000400148,97,A08,cross-session,AdaBN
21,16,1,0.5738375782966614,0.0019469460003165295,97,A08,cross-session,AdaBN
22,16,1,0.7430218458175659,0.0017558859999553533,97,A08,cross-session,AdaBN
23,16,0,0.6322084665298462,0.0016990929998428328,97,A08,cross-session,AdaBN
24,16,0,0.6501240134239197,0.0016529099998479069,97,A08,cross-session,AdaBN
25,16,1,0.527524471282959,0.0016929379999055527,97,A08,cross-session,AdaBN
26,16,1,0.6505722999572754,0.0016915940000217233,97,A08,cross-session,AdaBN
27,16,0,0.620177149772644,0.001741111999763234,97,A08,cross-session,AdaBN
28,16,0,0.6449527740478516,0.0016716619998078386,97,A08,cross-session,AdaBN
29,16,0,0.7468523383140564,0.001667795999765076,97,A08,cross-session,AdaBN
30,16,1,0.6344722509384155,0.0017420020003555692,97,A08,cross-session,AdaBN
31,16,1,0.5964267253875732,0.0017701100000522274,97,A08,cross-session,AdaBN
32,16,1,0.6238702535629272,0.0016568219998589484,97,A08,cross-session,AdaBN
33,16,1,0.7048841714859009,0.0018260930000906228,97,A08,cross-session,AdaBN
34,16,1,0.6770837903022766,0.0019081999998888932,97,A08,cross-session,AdaBN
35,16,1,0.7539218664169312,0.0018742259999271482,97,A08,cross-session,AdaBN
36,16,1,0.8357958793640137,0.0018649079997885565,97,A08,cross-session,AdaBN
37,16,1,0.8089807033538818,0.0018619829997987836,97,A08,cross-session,AdaBN
38,16,0,0.6698002219200134,0.0018691450000005716,97,A08,cross-session,AdaBN
39,16,1,0.7894957661628723,0.0018858510002246476,97,A08,cross-session,AdaBN
40,16,1,0.6651902198791504,0.0018552010001258168,97,A08,cross-session,AdaBN
41,16,1,0.7178840041160583,0.0019350269999449665,97,A08,cross-session,AdaBN
42,16,1,0.8063552379608154,0.0018859499996324303,97,A08,cross-session,AdaBN
43,16,0,0.6286957859992981,0.0018974950003212143,97,A08,cross-session,AdaBN
44,16,1,0.724363386631012,0.0019701549999808776,97,A08,cross-session,AdaBN
45,16,1,0.6847186088562012,0.0019638620001387608,97,A08,cross-session,AdaBN
46,16,1,0.7320659756660461,0.001962656000159768,97,A08,cross-session,AdaBN
47,16,1,0.6751028299331665,0.0019681320000017877,97,A08,cross-session,AdaBN
48,16,0,0.5973836183547974,0.001998888000343868,97,A08,cross-session,AdaBN
49,16,1,0.6783650517463684,0.001994043999729911,97,A08,cross-session,AdaBN
50,16,1,0.6288090944290161,0.0019925520000469987,97,A08,cross-session,AdaBN
51,16,1,0.6955820322036743,0.001993696000226919,97,A08,cross-session,AdaBN
52,16,1,0.6575291156768799,0.001978588999918429,97,A08,cross-session,AdaBN
53,16,1,0.5996679067611694,0.001984346999961417,97,A08,cross-session,AdaBN
54,16,1,0.6467395424842834,0.0019817699999293836,97,A08,cross-session,AdaBN
55,16,1,0.6672693490982056,0.0019908939998458663,97,A08,cross-session,AdaBN
56,16,0,0.6705613136291504,0.0019827989999612328,97,A08,cross-session,AdaBN
57,16,0,0.7720466256141663,0.0019610179997471278,97,A08,cross-session,AdaBN
58,16,1,0.7613686323165894,0.001984891999654792,97,A08,cross-session,AdaBN
59,16,0,0.599002480506897,0.0019821740002043953,97,A08,cross-session,AdaBN
60,16,0,0.7017595767974854,0.001960204999704729,97,A08,cross-session,AdaBN
61,16,1,0.7769896984100342,0.002072388999749819,97,A08,cross-session,AdaBN
62,16,1,0.6412625908851624,0.0020886440001959272,97,A08,cross-session,AdaBN
63,16,1,0.6506537199020386,0.0021309959997779515,97,A08,cross-session,AdaBN
64,16,1,0.790375292301178,0.0020720110001093417,97,A08,cross-session,AdaBN
65,16,1,0.8689115047454834,0.0021163699998396623,97,A08,cross-session,AdaBN
66,16,1,0.7394096851348877,0.002127309000115929,97,A08,cross-session,AdaBN
67,16,1,0.7549464106559753,0.002116441999987728,97,A08,cross-session,AdaBN
68,16,1,0.7161945104598999,0.0021561009998549707,97,A08,cross-session,AdaBN
69,16,1,0.7305459976196289,0.002115396000135661,97,A08,cross-session,AdaBN
70,16,1,0.5960879325866699,0.0021099850000609877,97,A08,cross-session,AdaBN
71,16,1,0.6563907861709595,0.0021380970001700916,97,A08,cross-session,AdaBN
72,16,1,0.623843789100647,0.0022152940000523813,97,A08,cross-session,AdaBN
73,16,1,0.5728493928909302,0.0021776859998681175,97,A08,cross-session,AdaBN
74,16,1,0.5921531319618225,0.002199487999860139,97,A08,cross-session,AdaBN
75,16,1,0.6201470494270325,0.0021719540000049165,97,A08,cross-session,AdaBN
76,16,1,0.6574384570121765,0.002198282999870571,97,A08,cross-session,AdaBN
77,16,1,0.46432164311408997,0.0021864579998691624,97,A08,cross-session,AdaBN
78,16,0,0.5231215953826904,0.002164975999676244,97,A08,cross-session,AdaBN
79,16,0,0.36720794439315796,0.0021845549999852665,97,A08,cross-session,AdaBN
80,16,1,0.6085250377655029,0.0022171149998939654,97,A08,cross-session,AdaBN
81,16,1,0.5475670695304871,0.002159794999897713,97,A08,cross-session,AdaBN
82,16,1,0.6571996212005615,0.0021222340001259,97,A08,cross-session,AdaBN
83,16,0,0.4857200086116791,0.0021519340002669196,97,A08,cross-session,AdaBN
84,16,1,0.6370552778244019,0.002149077000012767,97,A08,cross-session,AdaBN
85,16,0,0.6870747208595276,0.002131083999756811,97,A08,cross-session,AdaBN
86,16,1,0.6190156936645508,0.0021552180000981025,97,A08,cross-session,AdaBN
87,16,0,0.6243667602539062,0.0021444029998747283,97,A08,cross-session,AdaBN
88,16,0,0.7129414677619934,0.002131266000105825,97,A08,cross-session,AdaBN
89,16,0,0.7675225138664246,0.0021244670001578925,97,A08,cross-session,AdaBN
90,16,0,0.5276590585708618,0.002137408000180585,97,A08,cross-session,AdaBN
91,16,0,0.6272258162498474,0.0021049800002401753,97,A08,cross-session,AdaBN
92,16,1,0.8335378170013428,0.0021068999999442894,97,A08,cross-session,AdaBN
93,16,1,0.7717604637145996,0.0021318240001164668,97,A08,cross-session,AdaBN
94,16,0,0.6358157992362976,0.0021063799999865296,97,A08,cross-session,AdaBN
95,16,1,0.6681948304176331,0.002117950999945606,97,A08,cross-session,AdaBN
96,16,1,0.6716576814651489,0.0021404869999059883,97,A08,cross-session,AdaBN
97,16,0,0.5801011323928833,0.002121988999988389,97,A08,cross-session,AdaBN
98,16,1,0.6177060604095459,0.0021380769999268523,97,A08,cross-session,AdaBN
99,16,1,0.6091312170028687,0.0021504490000552323,97,A08,cross-session,AdaBN
100,16,1,0.564647912979126,0.002162908000173047,97,A08,cross-session,AdaBN
101,16,0,0.5095220804214478,0.0021479720003299008,97,A08,cross-session,AdaBN
102,16,1,0.6532019972801208,0.002209170000242011,97,A08,cross-session,AdaBN
103,16,1,0.6979537606239319,0.0021793219998471614,97,A08,cross-session,AdaBN
104,16,1,0.5499569177627563,0.0021548280001297826,97,A08,cross-session,AdaBN
105,16,1,0.5825320482254028,0.002192332000049646,97,A08,cross-session,AdaBN
106,16,1,0.7264121770858765,0.002239631000065856,97,A08,cross-session,AdaBN
107,16,1,0.581377387046814,0.002184551000027568,97,A08,cross-session,AdaBN
108,16,0,0.5994591116905212,0.002201556999807508,97,A08,cross-session,AdaBN
109,16,1,0.6417819261550903,0.002191033000144671,97,A08,cross-session,AdaBN
110,16,0,0.6815464496612549,0.002161848000014288,97,A08,cross-session,AdaBN
111,16,0,0.6955849528312683,0.0021597760000986455,97,A08,cross-session,AdaBN
112,16,1,0.6344332695007324,0.002158394000161934,97,A08,cross-session,AdaBN
113,16,1,0.6820719838142395,0.0021526999998968677,97,A08,cross-session,AdaBN
114,16,1,0.7155512571334839,0.0021759159999419353,97,A08,cross-session,AdaBN
115,16,1,0.621078372001648,0.002185145000112243,97,A08,cross-session,AdaBN
116,16,1,0.6063680648803711,0.002162079999834532,97,A08,cross-session,AdaBN
117,16,1,0.8345886468887329,0.0021925269998064323,97,A08,cross-session,AdaBN
118,16,1,0.6974833607673645,0.0021932019999439945,97,A08,cross-session,AdaBN
119,16,1,0.583687424659729,0.0021495850000974315,97,A08,cross-session,AdaBN
120,16,0,0.7012184858322144,0.0021575099999608938,97,A08,cross-session,AdaBN
121,16,1,0.6484191417694092,0.002209976999893115,97,A08,cross-session,AdaBN
122,16,1,0.6584577560424805,0.0021865200001229823,97,A08,cross-session,AdaBN
123,16,1,0.5875236988067627,0.0021853999996892526,97,A08,cross-session,AdaBN
124,16,1,0.5866186618804932,0.0022061749996282742,97,A08,cross-session,AdaBN
125,16,1,0.676636815071106,0.0022086999997554813,97,A08,cross-session,AdaBN
126,16,1,0.597464919090271,0.002156588999696396,97,A08,cross-session,AdaBN
127,16,1,0.6032556295394897,0.0022104619997662667,97,A08,cross-session,AdaBN
128,16,0,0.7486144304275513,0.00217206300021644,97,A08,cross-session,AdaBN
129,16,1,0.6004412174224854,0.002197924000029161,97,A08,cross-session,AdaBN
130,16,0,0.5987012982368469,0.002165350999803195,97,A08,cross-session,AdaBN
131,16,0,0.5308361053466797,0.0021564560001934296,97,A08,cross-session,AdaBN
132,16,1,0.6002335548400879,0.0021631140002682514,97,A08,cross-session,AdaBN
133,16,0,0.6168166399002075,0.0021892089998800657,97,A08,cross-session,AdaBN
134,16,1,0.6542879343032837,0.0021378649998951005,97,A08,cross-session,AdaBN
135,16,1,0.5897809267044067,0.00213379500019073,97,A08,cross-session,AdaBN
136,16,1,0.5327012538909912,0.0021649139998771716,97,A08,cross-session,AdaBN
137,16,1,0.6072394847869873,0.0021782600001643004,97,A08,cross-session,AdaBN
138,16,0,0.6556134223937988,0.002128603000073781,97,A08,cross-session,AdaBN
139,16,1,0.7741184830665588,0.0021424540000225534,97,A08,cross-session,AdaBN
140,16,0,0.7171564102172852,0.0021237799996924878,97,A08,cross-session,AdaBN
141,16,0,0.4506067633628845,0.0021370150002439914,97,A08,cross-session,AdaBN
142,16,1,0.45117536187171936,0.0021423999996841303,97,A08,cross-session,AdaBN
143,16,1,0.5611571669578552,0.0021436909996737086,97,A08,cross-session,AdaBN
144,16,0,0.5411105155944824,0.0021307950000846176,97,A08,cross-session,AdaBN
145,16,1,0.6600085496902466,0.002127266000115924,97,A08,cross-session,AdaBN
146,16,0,0.6393096446990967,0.0021670800001629686,97,A08,cross-session,AdaBN
147,16,0,0.6813284158706665,0.002133997000328236,97,A08,cross-session,AdaBN
148,16,0,0.5677917003631592,0.0021399589995780843,97,A08,cross-session,AdaBN
149,16,1,0.5346301794052124,0.0021701280002162093,97,A08,cross-session,AdaBN
150,16,1,0.5041966438293457,0.002147233000414417,97,A08,cross-session,AdaBN
151,16,1,0.5504305362701416,0.0021399719998953515,97,A08,cross-session,AdaBN
152,16,0,0.6066535711288452,0.0021531259999392205,97,A08,cross-session,AdaBN
153,16,1,0.5596118569374084,0.0022269880000749254,97,A08,cross-session,AdaBN
154,16,1,0.6509071588516235,0.002189183000155026,97,A08,cross-session,AdaBN
155,16,1,0.5243963003158569,0.0021671999998034153,97,A08,cross-session,AdaBN
156,16,0,0.49043792486190796,0.002154137000161427,97,A08,cross-session,AdaBN
157,16,0,0.5932666659355164,0.0021479130000443547,97,A08,cross-session,AdaBN
158,16,1,0.6189408898353577,0.002184825999847817,97,A08,cross-session,AdaBN
159,16,1,0.6188567876815796,0.0021562760002780124,97,A08,cross-session,AdaBN
160,16,1,0.6208401918411255,0.0021635670000250684,97,A08,cross-session,AdaBN
161,16,1,0.580255389213562,0.002131170999746246,97,A08,cross-session,AdaBN
162,16,1,0.5538501739501953,0.00214588900007584,97,A08,cross-session,AdaBN
163,16,0,0.6904221177101135,0.002126207999936014,97,A08,cross-session,AdaBN
164,16,1,0.6586971282958984,0.0021524100002352498,97,A08,cross-session,AdaBN
165,16,1,0.5730236768722534,0.0021347830002014234,97,A08,cross-session,AdaBN
166,16,0,0.5871728658676147,0.002125837000221509,97,A08,cross-session,AdaBN
167,16,1,0.6390973925590515,0.002229353000075207,97,A08,cross-session,AdaBN
168,16,1,0.705777645111084,0.002130957000190392,97,A08,cross-session,AdaBN
169,16,1,0.5785727500915527,0.0021324230001482647,97,A08,cross-session,AdaBN
170,16,0,0.7276076078414917,0.0021754029999101476,97,A08,cross-session,AdaBN
171,16,0,0.7081893682479858,0.0021710240002903447,97,A08,cross-session,AdaBN
172,16,1,0.6245229840278625,0.0021281990002535167,97,A08,cross-session,AdaBN
173,16,0,0.6955251097679138,0.002176279000195791,97,A08,cross-session,AdaBN
174,16,1,0.5217112302780151,0.0021403089999694203,97,A08,cross-session,AdaBN
175,16,1,0.7725096940994263,0.0021260160001475015,97,A08,cross-session,AdaBN
176,16,1,0.7168230414390564,0.0021943579999970098,97,A08,cross-session,AdaBN
177,16,1,0.6323497295379639,0.0021563290001722635,97,A08,cross-session,AdaBN
178,16,1,0.6473276615142822,0.0021393779998106766,97,A08,cross-session,AdaBN
179,16,0,0.6409472227096558,0.0021283350001795043,97,A08,cross-session,AdaBN
180,16,1,0.6791146993637085,0.0021771540000372624,97,A08,cross-session,AdaBN
181,16,0,0.5940394401550293,0.002118225999765855,97,A08,cross-session,AdaBN
182,16,0,0.5787338614463806,0.0021249940000416245,97,A08,cross-session,AdaBN
183,16,1,0.678633451461792,0.002133238000169513,97,A08,cross-session,AdaBN
184,16,1,0.6646772623062134,0.0021448970001074485,97,A08,cross-session,AdaBN
185,16,0,0.6963114142417908,0.0021620030001940904,97,A08,cross-session,AdaBN
186,16,1,0.5853016376495361,0.002141890000075364,97,A08,cross-session,AdaBN
187,16,0,0.5743427276611328,0.002133351999873412,97,A08,cross-session,AdaBN
188,16,0,0.5966765284538269,0.0021264249999148888,97,A08,cross-session,AdaBN
189,16,1,0.6215633749961853,0.002228172999821254,97,A08,cross-session,AdaBN
190,16,1,0.708789050579071,0.0021692870000151743,97,A08,cross-session,AdaBN
191,16,0,0.6686939597129822,0.0021453219997056294,97,A08,cross-session,AdaBN
192,16,1,0.6820192933082581,0.002157610999802273,97,A08,cross-session,AdaBN
193,16,1,0.6907730102539062,0.0021931900000708993,97,A08,cross-session,AdaBN
194,16,1,0.7780286073684692,0.0021775750001324923,97,A08,cross-session,AdaBN
195,16,0,0.5707753300666809,0.0022950890001993685,97,A08,cross-session,AdaBN
196,16,0,0.6431499719619751,0.0022691189997203765,97,A08,cross-session,AdaBN
197,16,0,0.6983457207679749,0.0021514400000341993,97,A08,cross-session,AdaBN
198,16,0,0.680192768573761,0.0021578949999820907,97,A08,cross-session,AdaBN
199,16,1,0.7402181625366211,0.0021429150001495145,97,A08,cross-session,AdaBN
200,16,1,0.706655740737915,0.0022300780001387466,97,A08,cross-session,AdaBN
201,16,0,0.6887571811676025,0.0021919640003034147,97,A08,cross-session,AdaBN
202,16,1,0.619461178779602,0.002191163000134111,97,A08,cross-session,AdaBN
203,16,1,0.5964087247848511,0.0021873830000913586,97,A08,cross-session,AdaBN
204,16,1,0.5200871229171753,0.0021913830000812595,97,A08,cross-session,AdaBN
205,16,1,0.5457707643508911,0.002136644000074739,97,A08,cross-session,AdaBN
206,16,1,0.5634168386459351,0.0020842730000367737,97,A08,cross-session,AdaBN
207,16,1,0.5927901268005371,0.0021215259998825786,97,A08,cross-session,AdaBN
208,16,1,0.41672277450561523,0.002157942999929219,97,A08,cross-session,AdaBN
209,16,0,0.38656169176101685,0.002107490000071266,97,A08,cross-session,AdaBN
210,16,1,0.5629366636276245,0.002113313999871025,97,A08,cross-session,AdaBN
211,16,1,0.42200368642807007,0.0021196870002313517,97,A08,cross-session,AdaBN
212,16,1,0.4198715388774872,0.002117570999871532,97,A08,cross-session,AdaBN
213,16,1,0.4077920913696289,0.002159721000225545,97,A08,cross-session,AdaBN
214,16,1,0.3928138017654419,0.0021459489998960635,97,A08,cross-session,AdaBN
215,16,1,0.39753293991088867,0.0021534880002036516,97,A08,cross-session,AdaBN
216,16,1,0.5248750448226929,0.0021104339998601063,97,A08,cross-session,AdaBN
217,16,0,0.4573102295398712,0.002196488000208774,97,A08,cross-session,AdaBN
218,16,0,0.5145578980445862,0.0021265889999995125,97,A08,cross-session,AdaBN
219,16,1,0.6436710357666016,0.002086383999994723,97,A08,cross-session,AdaBN
220,16,0,0.6242049932479858,0.0021077970000078494,97,A08,cross-session,AdaBN
221,16,1,0.6069527268409729,0.002123353999650135,97,A08,cross-session,AdaBN
222,16,1,0.5250277519226074,0.0021285640000314743,97,A08,cross-session,AdaBN
223,16,1,0.4841047525405884,0.002093689000048471,97,A08,cross-session,AdaBN
224,16,1,0.6492308378219604,0.0020715430000564083,97,A08,cross-session,AdaBN
225,16,0,0.48318547010421753,0.0020734459999403043,97,A08,cross-session,AdaBN
226,16,1,0.5428510904312134,0.002108592999775283,97,A08,cross-session,AdaBN
227,16,0,0.5198084712028503,0.0021125180001035915,97,A08,cross-session,AdaBN
228,16,1,0.6920531988143921,0.002094581000164908,97,A08,cross-session,AdaBN
229,16,0,0.62008136510849,0.0021058519996586256,97,A08,cross-session,AdaBN
230,16,1,0.613420844078064,0.002085446999899432,97,A08,cross-session,AdaBN
231,16,1,0.6792746186256409,0.0020740820000355598,97,A08,cross-session,AdaBN
232,16,0,0.5978292226791382,0.0020925040003021422,97,A08,cross-session,AdaBN
233,16,0,0.4423578679561615,0.002091559000291454,97,A08,cross-session,AdaBN
234,16,1,0.6799734830856323,0.0020770670003003033,97,A08,cross-session,AdaBN
235,16,1,0.4370254874229431,0.0020676190001722716,97,A08,cross-session,AdaBN
236,16,1,0.5084338784217834,0.002091252999889548,97,A08,cross-session,AdaBN
237,16,0,0.48215222358703613,0.002078311000332178,97,A08,cross-session,AdaBN
238,16,1,0.49406781792640686,0.0021174189996600035,97,A08,cross-session,AdaBN
239,16,0,0.5110945701599121,0.002086953000343783,97,A08,cross-session,AdaBN
240,16,0,0.4360045790672302,0.0020736309998028446,97,A08,cross-session,AdaBN
241,16,1,0.5598512887954712,0.0020696930000667635,97,A08,cross-session,AdaBN
242,16,1,0.583751380443573,0.0020958089999112417,97,A08,cross-session,AdaBN
243,16,0,0.5394254922866821,0.002080337999814219,97,A08,cross-session,AdaBN
244,16,1,0.47248727083206177,0.002112004000082379,97,A08,cross-session,AdaBN
245,16,1,0.4522416889667511,0.0021264579995659005,97,A08,cross-session,AdaBN
246,16,1,0.5514141917228699,0.002103177999742911,97,A08,cross-session,AdaBN
247,16,0,0.48155298829078674,0.0020767500000147265,97,A08,cross-session,AdaBN
248,16,0,0.5233983993530273,0.002101364999816724,97,A08,cross-session,AdaBN
249,16,0,0.48294615745544434,0.002095868999731465,97,A08,cross-session,AdaBN
250,16,0,0.5752727389335632,0.0020856669998465804,97,A08,cross-session,AdaBN
251,16,0,0.46807676553726196,0.0020743830000355956,97,A08,cross-session,AdaBN
252,16,0,0.6204540729522705,0.002100339000207896,97,A08,cross-session,AdaBN
253,16,1,0.5574532151222229,0.002072796999982529,97,A08,cross-session,AdaBN
254,16,0,0.6061089038848877,0.0020749759996760986,97,A08,cross-session,AdaBN
255,16,0,0.59760582447052,0.0020764839996445517,97,A08,cross-session,AdaBN
256,16,1,0.6665382385253906,0.002110489000187954,97,A08,cross-session,AdaBN
257,16,1,0.5233824253082275,0.0020794729998669936,97,A08,cross-session,AdaBN
258,16,0,0.6192376613616943,0.002096454999900743,97,A08,cross-session,AdaBN
259,16,0,0.6525074243545532,0.002087111000037112,97,A08,cross-session,AdaBN
260,16,0,0.6196159720420837,0.0020652040002460126,97,A08,cross-session,AdaBN
261,16,0,0.7290217280387878,0.0020701149996966706,97,A08,cross-session,AdaBN
262,16,1,0.6302379369735718,0.002142886000001454,97,A08,cross-session,AdaBN
263,16,0,0.6052576303482056,0.0020846379998147313,97,A08,cross-session,AdaBN
264,16,0,0.6819908618927002,0.0020836520002376346,97,A08,cross-session,AdaBN
265,16,1,0.5438940525054932,0.0020843289998992987,97,A08,cross-session,AdaBN
266,16,0,0.5711365938186646,0.002077915999961988,97,A08,cross-session,AdaBN
267,16,0,0.6493328809738159,0.0021120759997756977,97,A08,cross-session,AdaBN
268,16,0,0.6161321401596069,0.002100608000091597,97,A08,cross-session,AdaBN
269,16,1,0.5922937989234924,0.0020724699998027063,97,A08,cross-session,AdaBN
270,16,1,0.5850166082382202,0.0020760289999088855,97,A08,cross-session,AdaBN
271,16,1,0.563294529914856,0.0021131469998181274,97,A08,cross-session,AdaBN
272,16,0,0.4295123219490051,0.0020876079997833585,97,A08,cross-session,AdaBN
273,16,1,0.5643184185028076,0.002110960000209161,97,A08,cross-session,AdaBN
274,16,1,0.5237997770309448,0.0021334930002012698,97,A08,cross-session,AdaBN
275,16,1,0.4279783070087433,0.0020837440001741925,97,A08,cross-session,AdaBN
276,16,0,0.43020695447921753,0.002070646999982273,97,A08,cross-session,AdaBN
277,16,0,0.37271976470947266,0.0020823380000365432,97,A08,cross-session,AdaBN
278,16,1,0.5339407920837402,0.0021018380002715276,97,A08,cross-session,AdaBN
279,16,0,0.4739706218242645,0.0021031860001130553,97,A08,cross-session,AdaBN
280,16,1,0.4647570550441742,0.0020889620000161813,97,A08,cross-session,AdaBN
281,16,0,0.5237317681312561,0.0020871880001323007,97,A08,cross-session,AdaBN
282,16,0,0.4649379253387451,0.0020806580000680697,97,A08,cross-session,AdaBN
283,16,1,0.46981894969940186,0.0020707759999822883,97,A08,cross-session,AdaBN
284,16,1,0.46546995639801025,0.0021314259997780027,97,A08,cross-session,AdaBN
285,16,0,0.5994610786437988,0.0020882560002064565,97,A08,cross-session,AdaBN
286,16,1,0.5338627696037292,0.0020713280000563827,97,A08,cross-session,AdaBN
287,16,0,0.5723816752433777,0.002108485999997356,97,A08,cross-session,AdaBN
0,1,1,0.40962451696395874,0.0036746250002579472,97,A09,cross-session,AdaBN
1,2,1,0.8786704540252686,0.003929232000245975,97,A09,cross-session,AdaBN
2,3,1,0.6216939687728882,0.003889379000156623,97,A09,cross-session,AdaBN
3,4,1,0.4542585015296936,0.0037644389999513805,97,A09,cross-session,AdaBN
4,5,1,0.5824249982833862,0.0032332060000044294,97,A09,cross-session,AdaBN
5,6,1,0.3874545991420746,0.002993424000123923,97,A09,cross-session,AdaBN
6,7,1,0.6017687320709229,0.0030655040000056033,97,A09,cross-session,AdaBN
7,8,0,0.39019930362701416,0.0023743460001242056,97,A09,cross-session,AdaBN
8,9,0,0.45958736538887024,0.002220404999661696,97,A09,cross-session,AdaBN
9,10,1,0.4179932177066803,0.002335962999950425,97,A09,cross-session,AdaBN
10,11,1,0.3418063223361969,0.0020966749998478917,97,A09,cross-session,AdaBN
11,12,0,0.4594472348690033,0.002120870999988256,97,A09,cross-session,AdaBN
12,13,1,0.46119925379753113,0.0022673759999634058,97,A09,cross-session,AdaBN
13,14,1,0.44183623790740967,0.002001403999656759,97,A09,cross-session,AdaBN
14,15,1,0.383453905582428,0.0017986190000556235,97,A09,cross-session,AdaBN
15,16,1,0.4523574411869049,0.0022838300001239986,97,A09,cross-session,AdaBN
16,16,1,0.42628204822540283,0.002158901000257174,97,A09,cross-session,AdaBN
17,16,1,0.48737019300460815,0.0021003869997002766,97,A09,cross-session,AdaBN
18,16,1,0.4205210208892822,0.0017421390002709813,97,A09,cross-session,AdaBN
19,16,1,0.40708625316619873,0.0016870989998096775,97,A09,cross-session,AdaBN
20,16,0,0.44384506344795227,0.0017072569999072584,97,A09,cross-session,AdaBN
21,16,0,0.5420670509338379,0.0017925450001712306,97,A09,cross-session,AdaBN
22,16,1,0.4539200961589813,0.0018774390000544372,97,A09,cross-session,AdaBN
23,16,1,0.5732886791229248,0.0017008559998430428,97,A09,cross-session,AdaBN
24,16,1,0.6215085983276367,0.001806447000035405,97,A09,cross-session,AdaBN
25,16,1,0.5200466513633728,0.001735071999974025,97,A09,cross-session,AdaBN
26,16,1,0.5349000692367554,0.0017654969997238368,97,A09,cross-session,AdaBN
27,16,1,0.5612300634384155,0.0017297040003541042,97,A09,cross-session,AdaBN
28,16,1,0.5101518034934998,0.0017901420001180668,97,A09,cross-session,AdaBN
29,16,1,0.525006890296936,0.001801629000055982,97,A09,cross-session,AdaBN
30,16,1,0.5476036071777344,0.001693511000212311,97,A09,cross-session,AdaBN
31,16,1,0.5147064924240112,0.0016872569999577536,97,A09,cross-session,AdaBN
32,16,1,0.5927994251251221,0.0020480680000218854,97,A09,cross-session,AdaBN
33,16,0,0.5080386400222778,0.0017709569997350627,97,A09,cross-session,AdaBN
34,16,0,0.6859679222106934,0.0017509360000076413,97,A09,cross-session,AdaBN
35,16,1,0.5563335418701172,0.0017539190002935356,97,A09,cross-session,AdaBN
36,16,1,0.6070024967193604,0.0020348940001895244,97,A09,cross-session,AdaBN
37,16,0,0.5973877906799316,0.001904907000152889,97,A09,cross-session,AdaBN
38,16,1,0.5078052878379822,0.0018887599999288796,97,A09,cross-session,AdaBN
39,16,1,0.6043297052383423,0.00191698600019663,97,A09,cross-session,AdaBN
40,16,1,0.6100748777389526,0.0019083610000052431,97,A09,cross-session,AdaBN
41,16,1,0.5622605085372925,0.0019155309996676806,97,A09,cross-session,AdaBN
42,16,1,0.5396889448165894,0.001987036000173248,97,A09,cross-session,AdaBN
43,16,0,0.3613268733024597,0.0020483449998209835,97,A09,cross-session,AdaBN
44,16,1,0.5281285643577576,0.0019353110001247842,97,A09,cross-session,AdaBN
45,16,0,0.4428551495075226,0.00193921899972338,97,A09,cross-session,AdaBN
46,16,1,0.4181753695011139,0.0019797499999185675,97,A09,cross-session,AdaBN
47,16,1,0.3661537170410156,0.001924519000112923,97,A09,cross-session,AdaBN
48,16,1,0.45073431730270386,0.0020128940000176954,97,A09,cross-session,AdaBN
49,16,1,0.3421800434589386,0.0020058770001014636,97,A09,cross-session,AdaBN
50,16,1,0.42367270588874817,0.0020555289997901127,97,A09,cross-session,AdaBN
51,16,1,0.48235195875167847,0.0019954480003434583,97,A09,cross-session,AdaBN
52,16,1,0.38652682304382324,0.0020445589998416835,97,A09,cross-session,AdaBN
53,16,1,0.37108686566352844,0.0020948920000591897,97,A09,cross-session,AdaBN
54,16,1,0.2913666069507599,0.002000954000322963,97,A09,cross-session,AdaBN
55,16,1,0.3676089942455292,0.002000898000005691,97,A09,cross-session,AdaBN
56,16,1,0.32658621668815613,0.0019867080000040005,97,A09,cross-session,AdaBN
57,16,1,0.34693777561187744,0.002061949000108143,97,A09,cross-session,AdaBN
58,16,1,0.4031338691711426,0.0021406420000857906,97,A09,cross-session,AdaBN
59,16,1,0.34100738167762756,0.0020619629999600875,97,A09,cross-session,AdaBN
60,16,1,0.47899019718170166,0.0022894089997862466,97,A09,cross-session,AdaBN
61,16,1,0.34873098134994507,0.002102196000123513,97,A09,cross-session,AdaBN
62,16,0,0.38084056973457336,0.0024223310001616483,97,A09,cross-session,AdaBN
63,16,1,0.36137107014656067,0.0021197260002736584,97,A09,cross-session,AdaBN
64,16,1,0.4263690114021301,0.0020946350000485836,97,A09,cross-session,AdaBN
65,16,1,0.45647478103637695,0.0020760409997819806,97,A09,cross-session,AdaBN
66,16,1,0.4674869775772095,0.002078217000416771,97,A09,cross-session,AdaBN
67,16,1,0.5236268639564514,0.0020289720000619127,97,A09,cross-session,AdaBN
68,16,1,0.4956773817539215,0.002109748999828298,97,A09,cross-session,AdaBN
69,16,0,0.4834510087966919,0.0021831570002177614,97,A09,cross-session,AdaBN
70,16,1,0.4001995921134949,0.0020541409999168536,97,A09,cross-session,AdaBN
71,16,1,0.343700110912323,0.0020918000000165193,97,A09,cross-session,AdaBN
72,16,1,0.5044870376586914,0.0021608360002574045,97,A09,cross-session,AdaBN
73,16,1,0.5172311663627625,0.0020971300000383053,97,A09,cross-session,AdaBN
74,16,1,0.40876197814941406,0.0020491730001594988,97,A09,cross-session,AdaBN
75,16,1,0.4980473518371582,0.0021460080001816095,97,A09,cross-session,AdaBN
76,16,1,0.44154465198516846,0.0020444419997147634,97,A09,cross-session,AdaBN
77,16,0,0.5551636219024658,0.0028121989998908248,97,A09,cross-session,AdaBN
78,16,1,0.5541735887527466,0.0020767729997714923,97,A09,cross-session,AdaBN
79,16,1,0.5889906883239746,0.002137011000286293,97,A09,cross-session,AdaBN
80,16,0,0.44225433468818665,0.0020941309999216173,97,A09,cross-session,AdaBN
81,16,1,0.5029346942901611,0.0021882880000703153,97,A09,cross-session,AdaBN
82,16,1,0.5428343415260315,0.0020609389998753613,97,A09,cross-session,AdaBN
83,16,1,0.4211560785770416,0.0020702609999716515,97,A09,cross-session,AdaBN
84,16,0,0.4603636860847473,0.0020770759997503774,97,A09,cross-session,AdaBN
85,16,1,0.47011181712150574,0.0021115649997227592,97,A09,cross-session,AdaBN
86,16,1,0.6632745862007141,0.002097467000112374,97,A09,cross-session,AdaBN
87,16,1,0.5679522156715393,0.0021150460001990723,97,A09,cross-session,AdaBN
88,16,0,0.6701818704605103,0.0020951480000803713,97,A09,cross-session,AdaBN
89,16,1,0.5670726299285889,0.002196019000166416,97,A09,cross-session,AdaBN
90,16,0,0.6284461617469788,0.0021853009998267225,97,A09,cross-session,AdaBN
91,16,1,0.5441553592681885,0.002212143000178912,97,A09,cross-session,AdaBN
92,16,1,0.5903792977333069,0.002102239000123518,97,A09,cross-session,AdaBN
93,16,0,0.541606068611145,0.002046365000296646,97,A09,cross-session,AdaBN
94,16,0,0.5820797085762024,0.0021239090001472505,97,A09,cross-session,AdaBN
95,16,1,0.6482628583908081,0.0022561619998668903,97,A09,cross-session,AdaBN
96,16,1,0.5000301599502563,0.0021103289996062813,97,A09,cross-session,AdaBN
97,16,1,0.5185521841049194,0.002196394999828044,97,A09,cross-session,AdaBN
98,16,1,0.649767279624939,0.002114246000019193,97,A09,cross-session,AdaBN
99,16,1,0.4992886483669281,0.0020543300001918396,97,A09,cross-session,AdaBN
100,16,1,0.29642072319984436,0.002285280999785755,97,A09,cross-session,AdaBN
101,16,1,0.4779590964317322,0.0021808640003655455,97,A09,cross-session,AdaBN
102,16,1,0.46655717492103577,0.0021197280002525076,97,A09,cross-session,AdaBN
103,16,1,0.4905141294002533,0.0022996669999884034,97,A09,cross-session,AdaBN
104,16,0,0.40690022706985474,0.0021660249999513326,97,A09,cross-session,AdaBN
105,16,1,0.48619431257247925,0.002091454000037629,97,A09,cross-session,AdaBN
106,16,1,0.3467327952384949,0.0021489989999281534,97,A09,cross-session,AdaBN
107,16,1,0.43414101004600525,0.002237576999959856,97,A09,cross-session,AdaBN
108,16,0,0.47982585430145264,0.002149035999991611,97,A09,cross-session,AdaBN
109,16,1,0.41725069284439087,0.00217252099992038,97,A09,cross-session,AdaBN
110,16,1,0.36939865350723267,0.002168208000057348,97,A09,cross-session,AdaBN
111,16,1,0.4666767716407776,0.0021384709998528706,97,A09,cross-session,AdaBN
112,16,1,0.3936487138271332,0.0026943520001623256,97,A09,cross-session,AdaBN
113,16,1,0.41387939453125,0.0020766980001099,97,A09,cross-session,AdaBN
114,16,1,0.4450124502182007,0.002088428000206477,97,A09,cross-session,AdaBN
115,16,0,0.44600987434387207,0.002168536000226595,97,A09,cross-session,AdaBN
116,16,1,0.4583165645599365,0.0021030150001024595,97,A09,cross-session,AdaBN
117,16,1,0.4798520505428314,0.0021107010002197057,97,A09,cross-session,AdaBN
118,16,1,0.42024776339530945,0.002132336999693507,97,A09,cross-session,AdaBN
119,16,1,0.4233021140098572,0.002102586000091833,97,A09,cross-session,AdaBN
120,16,0,0.5135153532028198,0.002100668999901245,97,A09,cross-session,AdaBN
121,16,1,0.42524993419647217,0.002230777000022499,97,A09,cross-session,AdaBN
122,16,1,0.44350090622901917,0.00208272300005774,97,A09,cross-session,AdaBN
123,16,1,0.48970645666122437,0.0021002909998060204,97,A09,cross-session,AdaBN
124,16,1,0.5261346697807312,0.002173889000005147,97,A09,cross-session,AdaBN
125,16,1,0.49315735697746277,0.002303439000115759,97,A09,cross-session,AdaBN
126,16,0,0.5915645360946655,0.0020825859996875806,97,A09,cross-session,AdaBN
127,16,1,0.5939947366714478,0.0020735779999085935,97,A09,cross-session,AdaBN
128,16,0,0.4815230965614319,0.00222868999981074,97,A09,cross-session,AdaBN
129,16,1,0.6109773516654968,0.0021049739998488803,97,A09,cross-session,AdaBN
130,16,1,0.5476263761520386,0.0021444659996632254,97,A09,cross-session,AdaBN
131,16,1,0.45688530802726746,0.0021585740000773512,97,A09,cross-session,AdaBN
132,16,1,0.5800635814666748,0.002106166999965353,97,A09,cross-session,AdaBN
133,16,0,0.5392359495162964,0.0021055140000498795,97,A09,cross-session,AdaBN
134,16,1,0.5071844458580017,0.0022188200000528013,97,A09,cross-session,AdaBN
135,16,1,0.6305199861526489,0.0021249210003588814,97,A09,cross-session,AdaBN
136,16,1,0.6181394457817078,0.0021650890003002132,97,A09,cross-session,AdaBN
137,16,1,0.5769120454788208,0.002264958000068873,97,A09,cross-session,AdaBN
138,16,1,0.6678173542022705,0.002071922999675735,97,A09,cross-session,AdaBN
139,16,0,0.615760326385498,0.002092869999614777,97,A09,cross-session,AdaBN
140,16,0,0.570196270942688,0.002165118999982951,97,A09,cross-session,AdaBN
141,16,0,0.5902339220046997,0.0021532020000449847,97,A09,cross-session,AdaBN
142,16,1,0.6243869662284851,0.002105045999996946,97,A09,cross-session,AdaBN
143,16,1,0.4701555371284485,0.0021103849999235536,97,A09,cross-session,AdaBN
144,16,0,0.5364626049995422,0.0020691280001301493,97,A09,cross-session,AdaBN
145,16,0,0.49383795261383057,0.002117190999797458,97,A09,cross-session,AdaBN
146,16,1,0.44951003789901733,0.002176858999973774,97,A09,cross-session,AdaBN
147,16,1,0.5013973116874695,0.0021900729998378665,97,A09,cross-session,AdaBN
148,16,1,0.6122428774833679,0.0021116130001246347,97,A09,cross-session,AdaBN
149,16,1,0.41580867767333984,0.0020502290003605594,97,A09,cross-session,AdaBN
150,16,1,0.5332836508750916,0.0028464689999054826,97,A09,cross-session,AdaBN
151,16,1,0.4174566864967346,0.0025835540000116453,97,A09,cross-session,AdaBN
152,16,1,0.4082203209400177,0.0021382750001066597,97,A09,cross-session,AdaBN
153,16,0,0.4766090512275696,0.0021530680000978464,97,A09,cross-session,AdaBN
154,16,1,0.40837109088897705,0.0022952839999561547,97,A09,cross-session,AdaBN
155,16,1,0.44649428129196167,0.002207172999987961,97,A09,cross-session,AdaBN
156,16,1,0.4520317018032074,0.0021658030000253348,97,A09,cross-session,AdaBN
157,16,0,0.37845486402511597,0.0021025629998803197,97,A09,cross-session,AdaBN
158,16,1,0.30782365798950195,0.0021104909997120558,97,A09,cross-session,AdaBN
159,16,0,0.40483421087265015,0.0021071010000923707,97,A09,cross-session,AdaBN
160,16,0,0.45869067311286926,0.0020678870000665484,97,A09,cross-session,AdaBN
161,16,1,0.33237600326538086,0.002093819000037911,97,A09,cross-session,AdaBN
162,16,0,0.4558359384536743,0.0021849999998266867,97,A09,cross-session,AdaBN
163,16,1,0.40868622064590454,0.002056110000012268,97,A09,cross-session,AdaBN
164,16,1,0.3996482491493225,0.0021110510001562943,97,A09,cross-session,AdaBN
165,16,0,0.41440364718437195,0.0021975740000925725,97,A09,cross-session,AdaBN
166,16,1,0.544152557849884,0.00205549800011795,97,A09,cross-session,AdaBN
167,16,1,0.42721205949783325,0.001983026999823778,97,A09,cross-session,AdaBN
168,16,1,0.4106394946575165,0.0020493639999585866,97,A09,cross-session,AdaBN
169,16,1,0.4956989884376526,0.0020593059998645913,97,A09,cross-session,AdaBN
170,16,0,0.5040982961654663,0.0020375410003907746,97,A09,cross-session,AdaBN
171,16,1,0.4107781648635864,0.0020460169998841593,97,A09,cross-session,AdaBN
172,16,1,0.5021003484725952,0.0020554060001813923,97,A09,cross-session,AdaBN
173,16,0,0.4009735584259033,0.002062294999632286,97,A09,cross-session,AdaBN
174,16,1,0.4010542631149292,0.0020594160000655393,97,A09,cross-session,AdaBN
175,16,1,0.41518905758857727,0.0022480710003947024,97,A09,cross-session,AdaBN
176,16,1,0.4356839656829834,0.0020871570000053907,97,A09,cross-session,AdaBN
177,16,0,0.38277000188827515,0.002100036000229011,97,A09,cross-session,AdaBN
178,16,1,0.4223398268222809,0.002116825000030076,97,A09,cross-session,AdaBN
179,16,1,0.4462992548942566,0.002080126999771892,97,A09,cross-session,AdaBN
180,16,0,0.4703468680381775,0.001993741000205773,97,A09,cross-session,AdaBN
181,16,0,0.43286314606666565,0.002013234000060038,97,A09,cross-session,AdaBN
182,16,0,0.5245083570480347,0.002127607000147691,97,A09,cross-session,AdaBN
183,16,1,0.547866940498352,0.0020553340000333264,97,A09,cross-session,AdaBN
184,16,1,0.6403899788856506,0.002125582999724429,97,A09,cross-session,AdaBN
185,16,0,0.5724114775657654,0.002064327999960369,97,A09,cross-session,AdaBN
186,16,1,0.49677252769470215,0.0020751050001308613,97,A09,cross-session,AdaBN
187,16,1,0.3661956191062927,0.0020879700000477897,97,A09,cross-session,AdaBN
188,16,1,0.590735912322998,0.0020409720000316156,97,A09,cross-session,AdaBN
189,16,1,0.4584580659866333,0.002053405999959068,97,A09,cross-session,AdaBN
190,16,1,0.5608752965927124,0.0023464310002054845,97,A09,cross-session,AdaBN
191,16,1,0.5572944283485413,0.001975251999738248,97,A09,cross-session,AdaBN
192,16,1,0.6899276971817017,0.0020275560000300175,97,A09,cross-session,AdaBN
193,16,1,0.6173977255821228,0.0021891100000175356,97,A09,cross-session,AdaBN
194,16,1,0.5163103938102722,0.002167226999972627,97,A09,cross-session,AdaBN
195,16,1,0.45935124158859253,0.0020293700004003767,97,A09,cross-session,AdaBN
196,16,1,0.4927451014518738,0.002022128000135126,97,A09,cross-session,AdaBN
197,16,1,0.47953248023986816,0.0021091680000608903,97,A09,cross-session,AdaBN
198,16,0,0.4621464014053345,0.002207569999882253,97,A09,cross-session,AdaBN
199,16,1,0.5023884177207947,0.0022541069997714658,97,A09,cross-session,AdaBN
200,16,1,0.5261041522026062,0.0022148660000311793,97,A09,cross-session,AdaBN
201,16,1,0.3818919062614441,0.002056951000213303,97,A09,cross-session,AdaBN
202,16,1,0.5223355293273926,0.0020089519998691685,97,A09,cross-session,AdaBN
203,16,1,0.44208458065986633,0.002082290000089415,97,A09,cross-session,AdaBN
204,16,0,0.5535719394683838,0.0021365580000747286,97,A09,cross-session,AdaBN
205,16,1,0.43062686920166016,0.002126952000253368,97,A09,cross-session,AdaBN
206,16,1,0.5128931403160095,0.002131687999735732,97,A09,cross-session,AdaBN
207,16,0,0.40172404050827026,0.0021369160003814613,97,A09,cross-session,AdaBN
208,16,0,0.5628833174705505,0.002097524999953748,97,A09,cross-session,AdaBN
209,16,1,0.4464905560016632,0.002091937999921356,97,A09,cross-session,AdaBN
210,16,1,0.4273074269294739,0.0022326780003822932,97,A09,cross-session,AdaBN
211,16,0,0.5286770462989807,0.002007892999699834,97,A09,cross-session,AdaBN
212,16,1,0.5407807230949402,0.002068968000003224,97,A09,cross-session,AdaBN
213,16,0,0.5018758773803711,0.0023070840002219484,97,A09,cross-session,AdaBN
214,16,0,0.4745624363422394,0.002143015000001469,97,A09,cross-session,AdaBN
215,16,1,0.5111453533172607,0.002104859999690234,97,A09,cross-session,AdaBN
216,16,1,0.4691143035888672,0.002211761000125989,97,A09,cross-session,AdaBN
217,16,0,0.28680694103240967,0.0020563019998007803,97,A09,cross-session,AdaBN
218,16,0,0.42247578501701355,0.0020507089998318406,97,A09,cross-session,AdaBN
219,16,0,0.445567786693573,0.0021282249999785563,97,A09,cross-session,AdaBN
220,16,1,0.5798237323760986,0.002047422000032384,97,A09,cross-session,AdaBN
221,16,1,0.4993516802787781,0.002043333000074199,97,A09,cross-session,AdaBN
222,16,1,0.5176122188568115,0.0021264410002004297,97,A09,cross-session,AdaBN
223,16,1,0.45358923077583313,0.0021026829999755137,97,A09,cross-session,AdaBN
224,16,1,0.41893377900123596,0.0020778789998985303,97,A09,cross-session,AdaBN
225,16,1,0.3256434202194214,0.0020555749997583916,97,A09,cross-session,AdaBN
226,16,1,0.42649149894714355,0.0020750809999299236,97,A09,cross-session,AdaBN
227,16,1,0.39896756410598755,0.0020643779998863465,97,A09,cross-session,AdaBN
228,16,1,0.49227869510650635,0.0021778780001113773,97,A09,cross-session,AdaBN
229,16,0,0.42398980259895325,0.0020887749997200444,97,A09,cross-session,AdaBN
230,16,0,0.40235352516174316,0.0020860420004282787,97,A09,cross-session,AdaBN
231,16,1,0.3735020160675049,0.002084810000269499,97,A09,cross-session,AdaBN
232,16,1,0.4625847041606903,0.002229611000075238,97,A09,cross-session,AdaBN
233,16,1,0.5217311978340149,0.0020308940001996234,97,A09,cross-session,AdaBN
234,16,1,0.43039625883102417,0.0021699930002796464,97,A09,cross-session,AdaBN
235,16,1,0.516305148601532,0.0022430640001402935,97,A09,cross-session,AdaBN
236,16,0,0.44036203622817993,0.002102328000091802,97,A09,cross-session,AdaBN
237,16,1,0.3600185811519623,0.0020773650003320654,97,A09,cross-session,AdaBN
238,16,1,0.6275759339332581,0.0024048400000538095,97,A09,cross-session,AdaBN
239,16,0,0.5820591449737549,0.0022576340002160578,97,A09,cross-session,AdaBN
240,16,1,0.5376095175743103,0.0021880530002817977,97,A09,cross-session,AdaBN
241,16,1,0.5267595052719116,0.002312591000190878,97,A09,cross-session,AdaBN
242,16,1,0.5625944137573242,0.0021007749996897473,97,A09,cross-session,AdaBN
243,16,0,0.4671064019203186,0.0020818410002902965,97,A09,cross-session,AdaBN
244,16,1,0.565841794013977,0.0021327969998310436,97,A09,cross-session,AdaBN
245,16,1,0.4867679476737976,0.002072576000045956,97,A09,cross-session,AdaBN
246,16,1,0.48297685384750366,0.002091170999847236,97,A09,cross-session,AdaBN
247,16,0,0.563650906085968,0.0021108420000928163,97,A09,cross-session,AdaBN
248,16,0,0.46010321378707886,0.002104935999795998,97,A09,cross-session,AdaBN
249,16,0,0.48387467861175537,0.0020496730003287666,97,A09,cross-session,AdaBN
250,16,1,0.49463459849357605,0.0020677789998444496,97,A09,cross-session,AdaBN
251,16,0,0.40515267848968506,0.0021358190001592448,97,A09,cross-session,AdaBN
252,16,0,0.49698173999786377,0.0020885520002593694,97,A09,cross-session,AdaBN
253,16,1,0.5238357782363892,0.002099273000112589,97,A09,cross-session,AdaBN
254,16,1,0.4671880602836609,0.00221582899985151,97,A09,cross-session,AdaBN
255,16,1,0.45982110500335693,0.002056035999885353,97,A09,cross-session,AdaBN
256,16,0,0.524691104888916,0.0021080870001242147,97,A09,cross-session,AdaBN
257,16,0,0.6626097559928894,0.0021407509998425667,97,A09,cross-session,AdaBN
258,16,0,0.5535051226615906,0.0020786000000043714,97,A09,cross-session,AdaBN
259,16,0,0.5332059264183044,0.0020974070002921508,97,A09,cross-session,AdaBN
260,16,0,0.5394841432571411,0.0022311449997687305,97,A09,cross-session,AdaBN
261,16,1,0.5408850908279419,0.0020713260000775335,97,A09,cross-session,AdaBN
262,16,1,0.6002062559127808,0.0021825759999956063,97,A09,cross-session,AdaBN
263,16,0,0.5187215805053711,0.0022170209999785584,97,A09,cross-session,AdaBN
264,16,1,0.42495352029800415,0.002119455999945785,97,A09,cross-session,AdaBN
265,16,1,0.5421599745750427,0.0021573019998868403,97,A09,cross-session,AdaBN
266,16,0,0.5676600337028503,0.002177750999635464,97,A09,cross-session,AdaBN
267,16,1,0.4894465506076813,0.002168525999877602,97,A09,cross-session,AdaBN
268,16,1,0.43448811769485474,0.002630324000165274,97,A09,cross-session,AdaBN
269,16,1,0.4314906597137451,0.00221926899985192,97,A09,cross-session,AdaBN
270,16,0,0.4182114601135254,0.0026116519998140575,97,A09,cross-session,AdaBN
271,16,1,0.35905104875564575,0.002172117999634793,97,A09,cross-session,AdaBN
272,16,1,0.447897344827652,0.002295365000009042,97,A09,cross-session,AdaBN
273,16,1,0.5086004734039307,0.002443181999751687,97,A09,cross-session,AdaBN
274,16,1,0.3715455234050751,0.0025959210001929023,97,A09,cross-session,AdaBN
275,16,0,0.43371522426605225,0.0027175199998055177,97,A09,cross-session,AdaBN
276,16,0,0.4927758276462555,0.0029408509999484522,97,A09,cross-session,AdaBN
277,16,1,0.5098497867584229,0.0031600719999005378,97,A09,cross-session,AdaBN
278,16,1,0.4788547158241272,0.003546942999946623,97,A09,cross-session,AdaBN
279,16,1,0.45218056440353394,0.004081672999745933,97,A09,cross-session,AdaBN
280,16,0,0.37812504172325134,0.003917172999990726,97,A09,cross-session,AdaBN
281,16,0,0.4448189437389374,0.00375868699984494,97,A09,cross-session,AdaBN
282,16,1,0.5614012479782104,0.003678088000015123,97,A09,cross-session,AdaBN
283,16,0,0.4530116617679596,0.003627743999913946,97,A09,cross-session,AdaBN
284,16,1,0.39269572496414185,0.003479961999801162,97,A09,cross-session,AdaBN
285,16,0,0.6102684736251831,0.0033439940002608637,97,A09,cross-session,AdaBN
286,16,1,0.5341492295265198,0.0032490399999005604,97,A09,cross-session,AdaBN
287,16,0,0.4110732972621918,0.0031419639999512583,97,A09,cross-session,AdaBN
0,1,0,1.1216838359832764,0.0035908090003431425,123,A01,cross-session,AdaBN
1,2,1,0.6530189514160156,0.0031695050001872005,123,A01,cross-session,AdaBN
2,3,1,0.6738173961639404,0.0030677559998366632,123,A01,cross-session,AdaBN
3,4,1,0.5770846605300903,0.002608583999972325,123,A01,cross-session,AdaBN
4,5,1,0.7188326120376587,0.0025680100002318795,123,A01,cross-session,AdaBN
5,6,0,0.35150182247161865,0.002333245000045281,123,A01,cross-session,AdaBN
6,7,1,0.7893431782722473,0.0022171849996084347,123,A01,cross-session,AdaBN
7,8,0,0.5586962103843689,0.002364080000006652,123,A01,cross-session,AdaBN
8,9,1,0.5598115921020508,0.0023644419998163357,123,A01,cross-session,AdaBN
9,10,1,0.4524242579936981,0.0024050709998846287,123,A01,cross-session,AdaBN
10,11,0,0.5819494724273682,0.002299013000083505,123,A01,cross-session,AdaBN
11,12,0,0.6127832531929016,0.0017353770003865066,123,A01,cross-session,AdaBN
12,13,1,0.6654875874519348,0.0019041589998778363,123,A01,cross-session,AdaBN
13,14,1,0.6415243148803711,0.0025290029998359387,123,A01,cross-session,AdaBN
14,15,0,0.5893984436988831,0.0026209239999843703,123,A01,cross-session,AdaBN
15,16,1,0.5330631136894226,0.002975200000037148,123,A01,cross-session,AdaBN
16,16,1,0.53920578956604,0.0032423369998468843,123,A01,cross-session,AdaBN
17,16,1,0.5739954710006714,0.0040120789999491535,123,A01,cross-session,AdaBN
18,16,1,0.5882933139801025,0.0038346330002241302,123,A01,cross-session,AdaBN
19,16,1,0.6456764936447144,0.003908190999936778,123,A01,cross-session,AdaBN
20,16,1,0.6170017719268799,0.0037487879999389406,123,A01,cross-session,AdaBN
21,16,1,0.5311375856399536,0.003681060999952024,123,A01,cross-session,AdaBN
22,16,1,0.701445460319519,0.0036251259998607566,123,A01,cross-session,AdaBN
23,16,1,0.6407942175865173,0.0033894829998644127,123,A01,cross-session,AdaBN
24,16,0,0.6309890151023865,0.003159762999985105,123,A01,cross-session,AdaBN
25,16,1,0.7074079513549805,0.003210071000012249,123,A01,cross-session,AdaBN
26,16,1,0.7178878784179688,0.0030155829999785055,123,A01,cross-session,AdaBN
27,16,1,0.6491974592208862,0.0029708570000366308,123,A01,cross-session,AdaBN
28,16,0,0.6937576532363892,0.002829968999776611,123,A01,cross-session,AdaBN
29,16,1,0.6658084988594055,0.004739240000162681,123,A01,cross-session,AdaBN
30,16,0,0.6585147976875305,0.008452715999737848,123,A01,cross-session,AdaBN
31,16,1,0.6773216724395752,0.0066736809999383695,123,A01,cross-session,AdaBN
32,16,1,0.5813241600990295,0.00803150599995206,123,A01,cross-session,AdaBN
33,16,1,0.5969680547714233,0.008015987999897334,123,A01,cross-session,AdaBN
34,16,1,0.611577570438385,0.007121430000097462,123,A01,cross-session,AdaBN
35,16,1,0.6462819576263428,0.00708186299971203,123,A01,cross-session,AdaBN
36,16,1,0.6137863397598267,0.007041597999887017,123,A01,cross-session,AdaBN
37,16,0,0.4272257685661316,0.007051362999845878,123,A01,cross-session,AdaBN
38,16,1,0.5967033505439758,0.006948228999590356,123,A01,cross-session,AdaBN
39,16,0,0.44593778252601624,0.006192866999754187,123,A01,cross-session,AdaBN
40,16,1,0.5519288182258606,0.005227252000167937,123,A01,cross-session,AdaBN
41,16,1,0.6206177473068237,0.0044095099997321086,123,A01,cross-session,AdaBN
42,16,1,0.5715124011039734,0.003653506999853562,123,A01,cross-session,AdaBN
43,16,0,0.48955926299095154,0.0030578549999518145,123,A01,cross-session,AdaBN
44,16,1,0.5555025339126587,0.0026771829998324392,123,A01,cross-session,AdaBN
45,16,0,0.45476797223091125,0.002282576999732555,123,A01,cross-session,AdaBN
46,16,1,0.5212916135787964,0.0020361529996080208,123,A01,cross-session,AdaBN
47,16,0,0.4451829791069031,0.0018835420000868908,123,A01,cross-session,AdaBN
48,16,0,0.5730445384979248,0.0017837929999586777,123,A01,cross-session,AdaBN
49,16,0,0.5433022975921631,0.001659013999869785,123,A01,cross-session,AdaBN
50,16,1,0.5671548843383789,0.0015898790002211172,123,A01,cross-session,AdaBN
51,16,1,0.6480722427368164,0.0014816799998698116,123,A01,cross-session,AdaBN
52,16,1,0.5782047510147095,0.0014714520002598874,123,A01,cross-session,AdaBN
53,16,1,0.6735810041427612,0.0014356030001181352,123,A01,cross-session,AdaBN
54,16,0,0.6848986148834229,0.0015780600001562561,123,A01,cross-session,AdaBN
55,16,0,0.5415197610855103,0.0015024979998088384,123,A01,cross-session,AdaBN
56,16,1,0.7243536114692688,0.001484742000229744,123,A01,cross-session,AdaBN
57,16,1,0.5955604910850525,0.001503239999692596,123,A01,cross-session,AdaBN
58,16,1,0.6429082155227661,0.001528484000118624,123,A01,cross-session,AdaBN
59,16,1,0.5110978484153748,0.0014969359999668086,123,A01,cross-session,AdaBN
60,16,0,0.6044357419013977,0.001455403999898408,123,A01,cross-session,AdaBN
61,16,0,0.5918309092521667,0.0014627750001636741,123,A01,cross-session,AdaBN
62,16,1,0.6211771965026855,0.001729896999677294,123,A01,cross-session,AdaBN
63,16,1,0.6249343156814575,0.0017923179998433625,123,A01,cross-session,AdaBN
64,16,1,0.6767841577529907,0.0017416440000488365,123,A01,cross-session,AdaBN
65,16,0,0.6124670505523682,0.0017486330002611794,123,A01,cross-session,AdaBN
66,16,0,0.6340132355690002,0.0017676209999990533,123,A01,cross-session,AdaBN
67,16,1,0.7013949751853943,0.0018343070000810258,123,A01,cross-session,AdaBN
68,16,1,0.5595446825027466,0.0017731999996613013,123,A01,cross-session,AdaBN
69,16,0,0.5902109146118164,0.0019832920002045284,123,A01,cross-session,AdaBN
70,16,1,0.49570873379707336,0.001992104999771982,123,A01,cross-session,AdaBN
71,16,0,0.4507230520248413,0.0019600440000431263,123,A01,cross-session,AdaBN
72,16,0,0.589740514755249,0.001962096000170277,123,A01,cross-session,AdaBN
73,16,1,0.5985661149024963,0.001996460000100342,123,A01,cross-session,AdaBN
74,16,0,0.557729184627533,0.0019505870000102732,123,A01,cross-session,AdaBN
75,16,1,0.556968092918396,0.001946441999734816,123,A01,cross-session,AdaBN
76,16,1,0.626191258430481,0.0019686069999806932,123,A01,cross-session,AdaBN
77,16,0,0.5651311874389648,0.0019913590003852732,123,A01,cross-session,AdaBN
78,16,1,0.5061855316162109,0.001999382000121841,123,A01,cross-session,AdaBN
79,16,1,0.6319858431816101,0.0021416230001705117,123,A01,cross-session,AdaBN
80,16,1,0.5855406522750854,0.0021740319998571067,123,A01,cross-session,AdaBN
81,16,0,0.520437479019165,0.002149533000192605,123,A01,cross-session,AdaBN
82,16,1,0.5520884990692139,0.002151880999917921,123,A01,cross-session,AdaBN
83,16,1,0.6403958201408386,0.002229959000032977,123,A01,cross-session,AdaBN
84,16,1,0.6443055868148804,0.0022623139998358965,123,A01,cross-session,AdaBN
85,16,1,0.7204393148422241,0.0022163730000102078,123,A01,cross-session,AdaBN
86,16,1,0.6165950298309326,0.0021659520002685895,123,A01,cross-session,AdaBN
87,16,1,0.5544029474258423,0.002174360000026354,123,A01,cross-session,AdaBN
88,16,1,0.6287823915481567,0.0021118959998602804,123,A01,cross-session,AdaBN
89,16,0,0.6796989440917969,0.0021110729999236355,123,A01,cross-session,AdaBN
90,16,1,0.6105900406837463,0.00210423200041987,123,A01,cross-session,AdaBN
91,16,1,0.6706124544143677,0.0022444960000029823,123,A01,cross-session,AdaBN
92,16,1,0.5749318599700928,0.0021578589999080577,123,A01,cross-session,AdaBN
93,16,1,0.6174188256263733,0.0021220439998614893,123,A01,cross-session,AdaBN
94,16,0,0.49982890486717224,0.0021199570001044776,123,A01,cross-session,AdaBN
95,16,0,0.6929805278778076,0.002217451999968034,123,A01,cross-session,AdaBN
96,16,1,0.6193610429763794,0.0021394239997789555,123,A01,cross-session,AdaBN
97,16,0,0.5660077929496765,0.0021096310001667007,123,A01,cross-session,AdaBN
98,16,1,0.6393646001815796,0.0021567160001723096,123,A01,cross-session,AdaBN
99,16,1,0.4973479211330414,0.002211645999977918,123,A01,cross-session,AdaBN
100,16,1,0.581587553024292,0.002143214000170701,123,A01,cross-session,AdaBN
101,16,0,0.562620997428894,0.0021427540000331646,123,A01,cross-session,AdaBN
102,16,0,0.6406906843185425,0.002120346000083373,123,A01,cross-session,AdaBN
103,16,1,0.5925131440162659,0.0021531540000978566,123,A01,cross-session,AdaBN
104,16,1,0.6293315291404724,0.0021394850000433507,123,A01,cross-session,AdaBN
105,16,1,0.6483312845230103,0.0021616720000565692,123,A01,cross-session,AdaBN
106,16,1,0.6298589706420898,0.002088313000058406,123,A01,cross-session,AdaBN
107,16,1,0.6194179654121399,0.00212685499991494,123,A01,cross-session,AdaBN
108,16,0,0.6098582744598389,0.0021269169997140125,123,A01,cross-session,AdaBN
109,16,1,0.6858819723129272,0.0020856049995927606,123,A01,cross-session,AdaBN
110,16,1,0.5741837024688721,0.002087298999867926,123,A01,cross-session,AdaBN
111,16,1,0.5713376998901367,0.0020837919996665732,123,A01,cross-session,AdaBN
112,16,1,0.6526792049407959,0.002084441000079096,123,A01,cross-session,AdaBN
113,16,1,0.5514480471611023,0.0020993559996895783,123,A01,cross-session,AdaBN
114,16,0,0.6474484801292419,0.0021152600002096733,123,A01,cross-session,AdaBN
115,16,0,0.659363865852356,0.0020830480002587137,123,A01,cross-session,AdaBN
116,16,0,0.6732739210128784,0.0020678629998656106,123,A01,cross-session,AdaBN
117,16,1,0.6080033779144287,0.00209453899969958,123,A01,cross-session,AdaBN
118,16,1,0.5527257919311523,0.002084017000015592,123,A01,cross-session,AdaBN
119,16,1,0.7034027576446533,0.0020762889998877654,123,A01,cross-session,AdaBN
120,16,1,0.5553239583969116,0.0021289910000632517,123,A01,cross-session,AdaBN
121,16,0,0.5405638217926025,0.002080910000131553,123,A01,cross-session,AdaBN
122,16,0,0.6214152574539185,0.002080197999930533,123,A01,cross-session,AdaBN
123,16,1,0.5852590203285217,0.002079151000089041,123,A01,cross-session,AdaBN
124,16,0,0.6583758592605591,0.0020740340000884316,123,A01,cross-session,AdaBN
125,16,1,0.5171161890029907,0.002123554999798216,123,A01,cross-session,AdaBN
126,16,0,0.5887795686721802,0.002147227000023122,123,A01,cross-session,AdaBN
127,16,0,0.6191534996032715,0.002081906000057643,123,A01,cross-session,AdaBN
128,16,1,0.541231632232666,0.002069119000225328,123,A01,cross-session,AdaBN
129,16,0,0.5549465417861938,0.002074393999919266,123,A01,cross-session,AdaBN
130,16,1,0.6059608459472656,0.002104062999933376,123,A01,cross-session,AdaBN
131,16,0,0.5204848051071167,0.002093150999826321,123,A01,cross-session,AdaBN
132,16,0,0.5337638258934021,0.0021109659996909613,123,A01,cross-session,AdaBN
133,16,1,0.49689459800720215,0.0021349149997149652,123,A01,cross-session,AdaBN
134,16,0,0.5342826247215271,0.0021383539997259504,123,A01,cross-session,AdaBN
135,16,1,0.6418637037277222,0.002096875999995973,123,A01,cross-session,AdaBN
136,16,0,0.6019494533538818,0.002147460999822215,123,A01,cross-session,AdaBN
137,16,1,0.6351733207702637,0.002132555000116554,123,A01,cross-session,AdaBN
138,16,1,0.5428540110588074,0.002085717000227305,123,A01,cross-session,AdaBN
139,16,1,0.6365275979042053,0.0021368249999795808,123,A01,cross-session,AdaBN
140,16,1,0.5535367727279663,0.002115453999977035,123,A01,cross-session,AdaBN
141,16,1,0.6825739145278931,0.002130756999576988,123,A01,cross-session,AdaBN
142,16,0,0.5380691289901733,0.0021097019998705946,123,A01,cross-session,AdaBN
143,16,0,0.5384984612464905,0.0020902249998471234,123,A01,cross-session,AdaBN
144,16,1,0.6185442805290222,0.0020922369999425428,123,A01,cross-session,AdaBN
145,16,1,0.5785278081893921,0.0020861579996562796,123,A01,cross-session,AdaBN
146,16,0,0.5927079916000366,0.002125644999978249,123,A01,cross-session,AdaBN
147,16,0,0.5884795188903809,0.002115795000008802,123,A01,cross-session,AdaBN
148,16,1,0.6156671047210693,0.002085263000026316,123,A01,cross-session,AdaBN
149,16,1,0.5548011064529419,0.002086415000121633,123,A01,cross-session,AdaBN
150,16,0,0.5651602745056152,0.0020680450002146245,123,A01,cross-session,AdaBN
151,16,1,0.630598783493042,0.0020696839997071947,123,A01,cross-session,AdaBN
152,16,1,0.4393414258956909,0.0020883930001218687,123,A01,cross-session,AdaBN
153,16,1,0.45609498023986816,0.0020786869999938062,123,A01,cross-session,AdaBN
154,16,0,0.4870993494987488,0.002073037000172917,123,A01,cross-session,AdaBN
155,16,1,0.49980825185775757,0.0020883960000901425,123,A01,cross-session,AdaBN
156,16,0,0.4814455509185791,0.0020866529998784245,123,A01,cross-session,AdaBN
157,16,1,0.42756515741348267,0.002097265999964293,123,A01,cross-session,AdaBN
158,16,0,0.4843783378601074,0.0021026200001870166,123,A01,cross-session,AdaBN
159,16,0,0.5144962072372437,0.0020970989999113954,123,A01,cross-session,AdaBN
160,16,1,0.5008730888366699,0.0020721379996757605,123,A01,cross-session,AdaBN
161,16,1,0.35760498046875,0.002081402999920101,123,A01,cross-session,AdaBN
162,16,0,0.4472190737724304,0.0020791580000150134,123,A01,cross-session,AdaBN
163,16,1,0.4708542823791504,0.0020763940001415904,123,A01,cross-session,AdaBN
164,16,0,0.5142161846160889,0.002100003999657929,123,A01,cross-session,AdaBN
165,16,1,0.42062079906463623,0.002095901999837224,123,A01,cross-session,AdaBN
166,16,0,0.4858246445655823,0.0020684730002358265,123,A01,cross-session,AdaBN
167,16,1,0.5559341907501221,0.0020797069996660866,123,A01,cross-session,AdaBN
168,16,1,0.46270251274108887,0.0021313399997779925,123,A01,cross-session,AdaBN
169,16,1,0.45482969284057617,0.0020911780002279556,123,A01,cross-session,AdaBN
170,16,1,0.47455331683158875,0.0021543439997913083,123,A01,cross-session,AdaBN
171,16,0,0.5136361718177795,0.0021133459999873594,123,A01,cross-session,AdaBN
172,16,1,0.48197007179260254,0.0021291470002324786,123,A01,cross-session,AdaBN
173,16,1,0.4595429301261902,0.002083907999804069,123,A01,cross-session,AdaBN
174,16,0,0.41131311655044556,0.002090253999995184,123,A01,cross-session,AdaBN
175,16,0,0.43867653608322144,0.002115888999924209,123,A01,cross-session,AdaBN
176,16,1,0.3760360777378082,0.0021117870001035044,123,A01,cross-session,AdaBN
177,16,1,0.5184450149536133,0.002091382999878988,123,A01,cross-session,AdaBN
178,16,1,0.4447122812271118,0.0020870039998044376,123,A01,cross-session,AdaBN
179,16,0,0.5186974406242371,0.002069841999855271,123,A01,cross-session,AdaBN
180,16,1,0.41287675499916077,0.002070237000225461,123,A01,cross-session,AdaBN
181,16,1,0.41715842485427856,0.002102800000102434,123,A01,cross-session,AdaBN
182,16,0,0.41245996952056885,0.002086971999688103,123,A01,cross-session,AdaBN
183,16,0,0.5930537581443787,0.0020782870001312403,123,A01,cross-session,AdaBN
184,16,1,0.5317589044570923,0.0020691280001301493,123,A01,cross-session,AdaBN
185,16,1,0.5050714612007141,0.002089034000164247,123,A01,cross-session,AdaBN
186,16,1,0.5875684022903442,0.002077874999940832,123,A01,cross-session,AdaBN
187,16,1,0.6174793243408203,0.002144001000033313,123,A01,cross-session,AdaBN
188,16,1,0.48194003105163574,0.002094950000355311,123,A01,cross-session,AdaBN
189,16,1,0.5260871648788452,0.002107511999838607,123,A01,cross-session,AdaBN
190,16,1,0.49668386578559875,0.002152422999643022,123,A01,cross-session,AdaBN
191,16,1,0.4435650706291199,0.0021372510000219336,123,A01,cross-session,AdaBN
192,16,1,0.44332724809646606,0.0021195600002101855,123,A01,cross-session,AdaBN
193,16,1,0.4543956518173218,0.002111225000135164,123,A01,cross-session,AdaBN
194,16,0,0.5770046710968018,0.002121154000178649,123,A01,cross-session,AdaBN
195,16,0,0.5443646907806396,0.0021111339997332834,123,A01,cross-session,AdaBN
196,16,1,0.5288710594177246,0.0021082809998915764,123,A01,cross-session,AdaBN
197,16,1,0.4977821111679077,0.002156160999675194,123,A01,cross-session,AdaBN
198,16,1,0.5467772483825684,0.0020984570001019165,123,A01,cross-session,AdaBN
199,16,1,0.5186588764190674,0.0020868689998678747,123,A01,cross-session,AdaBN
200,16,0,0.424309641122818,0.0020870390003437933,123,A01,cross-session,AdaBN
201,16,0,0.6233313083648682,0.002086526999846683,123,A01,cross-session,AdaBN
202,16,1,0.4500974416732788,0.0021409330001915805,123,A01,cross-session,AdaBN
203,16,0,0.5156712532043457,0.002095699000165041,123,A01,cross-session,AdaBN
204,16,1,0.4974593222141266,0.0020910629996251373,123,A01,cross-session,AdaBN
205,16,1,0.4834151268005371,0.00209225599974161,123,A01,cross-session,AdaBN
206,16,0,0.43020886182785034,0.002089196999804699,123,A01,cross-session,AdaBN
207,16,1,0.38173621892929077,0.0020837520000895893,123,A01,cross-session,AdaBN
208,16,1,0.517920732498169,0.0020896920000268437,123,A01,cross-session,AdaBN
209,16,1,0.5569783449172974,0.002084780000132014,123,A01,cross-session,AdaBN
210,16,0,0.49846091866493225,0.0020909230001961987,123,A01,cross-session,AdaBN
211,16,0,0.4502694606781006,0.00208683100026974,123,A01,cross-session,AdaBN
212,16,1,0.5427882075309753,0.002087089999804448,123,A01,cross-session,AdaBN
213,16,1,0.5950855016708374,0.002087050000227464,123,A01,cross-session,AdaBN
214,16,0,0.5359722971916199,0.0020865900000899273,123,A01,cross-session,AdaBN
215,16,1,0.5971629619598389,0.0020996289999857254,123,A01,cross-session,AdaBN
216,16,0,0.5618520975112915,0.0021197070000198437,123,A01,cross-session,AdaBN
217,16,1,0.506852388381958,0.0020926860001964087,123,A01,cross-session,AdaBN
218,16,1,0.49813616275787354,0.002090951999889512,123,A01,cross-session,AdaBN
219,16,1,0.4690077304840088,0.002141942999969615,123,A01,cross-session,AdaBN
220,16,1,0.6149885654449463,0.0021025050000389456,123,A01,cross-session,AdaBN
221,16,1,0.4136006832122803,0.002086699999836128,123,A01,cross-session,AdaBN
222,16,0,0.5661336183547974,0.0021286569999574567,123,A01,cross-session,AdaBN
223,16,1,0.44572171568870544,0.0020963699998901575,123,A01,cross-session,AdaBN
224,16,0,0.4755468964576721,0.0020870390003437933,123,A01,cross-session,AdaBN
225,16,1,0.518834114074707,0.0021329559999685443,123,A01,cross-session,AdaBN
226,16,0,0.5087417960166931,0.0021095040001455345,123,A01,cross-session,AdaBN
227,16,1,0.5400128364562988,0.0020862100000158534,123,A01,cross-session,AdaBN
228,16,0,0.5064820647239685,0.0021144440001990006,123,A01,cross-session,AdaBN
229,16,1,0.5388098359107971,0.0021010890000070503,123,A01,cross-session,AdaBN
230,16,0,0.5279381275177002,0.0021102099999552593,123,A01,cross-session,AdaBN
231,16,0,0.5238296389579773,0.002095582000038121,123,A01,cross-session,AdaBN
232,16,0,0.5211886763572693,0.002132186999915575,123,A01,cross-session,AdaBN
233,16,1,0.4575788378715515,0.002083834000131901,123,A01,cross-session,AdaBN
234,16,1,0.5372646450996399,0.002091209999889543,123,A01,cross-session,AdaBN
235,16,0,0.5582185983657837,0.0021898220002185553,123,A01,cross-session,AdaBN
236,16,0,0.4803621768951416,0.0021083730002828815,123,A01,cross-session,AdaBN
237,16,1,0.5941653251647949,0.0021052160000181175,123,A01,cross-session,AdaBN
238,16,1,0.49822866916656494,0.002095346999794856,123,A01,cross-session,AdaBN
239,16,0,0.45723727345466614,0.002080950000163284,123,A01,cross-session,AdaBN
240,16,0,0.5478734970092773,0.002090150000185531,123,A01,cross-session,AdaBN
241,16,0,0.5496835708618164,0.0021676790001947666,123,A01,cross-session,AdaBN
242,16,1,0.4476703107357025,0.0021005939997849055,123,A01,cross-session,AdaBN
243,16,1,0.47961193323135376,0.0020690279998234473,123,A01,cross-session,AdaBN
244,16,1,0.5095482468605042,0.0020896030000585597,123,A01,cross-session,AdaBN
245,16,0,0.48119086027145386,0.0020845670001108374,123,A01,cross-session,AdaBN
246,16,1,0.4917451739311218,0.002089960999910545,123,A01,cross-session,AdaBN
247,16,1,0.42147862911224365,0.002083865000258811,123,A01,cross-session,AdaBN
248,16,1,0.43208616971969604,0.002101167000091664,123,A01,cross-session,AdaBN
249,16,1,0.3949255645275116,0.0020728750000671425,123,A01,cross-session,AdaBN
250,16,1,0.47882264852523804,0.002072031000352581,123,A01,cross-session,AdaBN
251,16,1,0.41607731580734253,0.0020795430000362103,123,A01,cross-session,AdaBN
252,16,1,0.48039373755455017,0.0021288179996190593,123,A01,cross-session,AdaBN
253,16,0,0.4753168821334839,0.0021103399999446992,123,A01,cross-session,AdaBN
254,16,1,0.46238023042678833,0.0021194959999775165,123,A01,cross-session,AdaBN
255,16,1,0.4343249797821045,0.0020932749998792133,123,A01,cross-session,AdaBN
256,16,0,0.473724901676178,0.002075043999866466,123,A01,cross-session,AdaBN
257,16,1,0.47993528842926025,0.002150759999949514,123,A01,cross-session,AdaBN
258,16,1,0.3921618163585663,0.002131266000105825,123,A01,cross-session,AdaBN
259,16,1,0.4198818802833557,0.0020893709997835685,123,A01,cross-session,AdaBN
260,16,1,0.4011455774307251,0.0021440330001496477,123,A01,cross-session,AdaBN
261,16,1,0.39335155487060547,0.002106282000113424,123,A01,cross-session,AdaBN
262,16,1,0.3671225905418396,0.002126828999735153,123,A01,cross-session,AdaBN
263,16,0,0.40753090381622314,0.0021219140003267967,123,A01,cross-session,AdaBN
264,16,1,0.394466370344162,0.002090750999741431,123,A01,cross-session,AdaBN
265,16,0,0.4386335611343384,0.002066680000098131,123,A01,cross-session,AdaBN
266,16,1,0.4331325888633728,0.0020842579997406574,123,A01,cross-session,AdaBN
267,16,0,0.41733723878860474,0.002103463999901578,123,A01,cross-session,AdaBN
268,16,1,0.4705476760864258,0.002111709000018891,123,A01,cross-session,AdaBN
269,16,0,0.40742027759552,0.0020915860000059183,123,A01,cross-session,AdaBN
270,16,1,0.45483922958374023,0.0020728600002257735,123,A01,cross-session,AdaBN
271,16,1,0.4352833032608032,0.002050298000085604,123,A01,cross-session,AdaBN
272,16,1,0.45370760560035706,0.0020464519998313335,123,A01,cross-session,AdaBN
273,16,0,0.4105406105518341,0.0020815980001316348,123,A01,cross-session,AdaBN
274,16,0,0.5106456875801086,0.0020921949999319622,123,A01,cross-session,AdaBN
275,16,0,0.4173610806465149,0.00208302700002605,123,A01,cross-session,AdaBN
276,16,0,0.48119187355041504,0.0020862660003331257,123,A01,cross-session,AdaBN
277,16,0,0.5390923619270325,0.002081954000004771,123,A01,cross-session,AdaBN
278,16,0,0.4544626474380493,0.002040037999904598,123,A01,cross-session,AdaBN
279,16,0,0.5366113781929016,0.002053776000138896,123,A01,cross-session,AdaBN
280,16,1,0.5489825010299683,0.002066992999971262,123,A01,cross-session,AdaBN
281,16,0,0.5039591193199158,0.002106176999859599,123,A01,cross-session,AdaBN
282,16,0,0.5078582167625427,0.002067601999897306,123,A01,cross-session,AdaBN
283,16,0,0.45409879088401794,0.0020919170001434395,123,A01,cross-session,AdaBN
284,16,0,0.4404106140136719,0.002036273000157962,123,A01,cross-session,AdaBN
285,16,1,0.5099307894706726,0.0020303510000303504,123,A01,cross-session,AdaBN
286,16,0,0.43735259771347046,0.002062233999822638,123,A01,cross-session,AdaBN
287,16,0,0.46773678064346313,0.0020612600001186365,123,A01,cross-session,AdaBN
0,1,1,1.1885688304901123,0.003147434999846155,123,A02,cross-session,AdaBN
1,2,1,1.1175756454467773,0.004490541999984998,123,A02,cross-session,AdaBN
2,3,0,1.0591342449188232,0.004789313999935985,123,A02,cross-session,AdaBN
3,4,0,1.1032812595367432,0.004460459000256378,123,A02,cross-session,AdaBN
4,5,0,1.1456451416015625,0.004358622000381729,123,A02,cross-session,AdaBN
5,6,1,1.1536530256271362,0.004587545000049431,123,A02,cross-session,AdaBN
6,7,0,1.0954090356826782,0.004072459999861167,123,A02,cross-session,AdaBN
7,8,0,1.1108810901641846,0.0028528389998427883,123,A02,cross-session,AdaBN
8,9,1,1.1136560440063477,0.0018745730003502104,123,A02,cross-session,AdaBN
9,10,0,1.000967025756836,0.0023111030000109167,123,A02,cross-session,AdaBN
10,11,0,1.0565952062606812,0.0022623649997512985,123,A02,cross-session,AdaBN
11,12,0,1.0259792804718018,0.0017759379998096847,123,A02,cross-session,AdaBN
12,13,0,1.1674069166183472,0.0017823920002228988,123,A02,cross-session,AdaBN
13,14,0,1.080072283744812,0.002120826999998826,123,A02,cross-session,AdaBN
14,15,0,1.1514016389846802,0.0020091100000172446,123,A02,cross-session,AdaBN
15,16,1,1.1426786184310913,0.0019665830000121787,123,A02,cross-session,AdaBN
16,16,0,1.1494319438934326,0.001895906000299874,123,A02,cross-session,AdaBN
17,16,0,1.0783308744430542,0.0021706190000259085,123,A02,cross-session,AdaBN
18,16,0,1.1154056787490845,0.0019000669999513775,123,A02,cross-session,AdaBN
19,16,0,1.0503647327423096,0.0019025120000151219,123,A02,cross-session,AdaBN
20,16,0,1.0971055030822754,0.0017646589999458229,123,A02,cross-session,AdaBN
21,16,1,1.119232416152954,0.0017584709999027837,123,A02,cross-session,AdaBN
22,16,0,1.1239197254180908,0.0017134740000983584,123,A02,cross-session,AdaBN
23,16,0,1.0321797132492065,0.0018203249996986415,123,A02,cross-session,AdaBN
24,16,0,1.1326241493225098,0.001650742000038008,123,A02,cross-session,AdaBN
25,16,1,1.181078314781189,0.0017178009998133348,123,A02,cross-session,AdaBN
26,16,0,1.1519696712493896,0.0019700709999597166,123,A02,cross-session,AdaBN
27,16,0,1.1755073070526123,0.0017038870000760653,123,A02,cross-session,AdaBN
28,16,0,1.191051959991455,0.0016809720000310335,123,A02,cross-session,AdaBN
29,16,1,1.1389565467834473,0.0017226069999196625,123,A02,cross-session,AdaBN
30,16,0,1.1149041652679443,0.0017207170003530337,123,A02,cross-session,AdaBN
31,16,1,1.2003992795944214,0.0017195569998875726,123,A02,cross-session,AdaBN
32,16,1,1.0853551626205444,0.0017385020000801887,123,A02,cross-session,AdaBN
33,16,1,1.114562749862671,0.0017084119999708491,123,A02,cross-session,AdaBN
34,16,0,1.1394095420837402,0.001858681000157958,123,A02,cross-session,AdaBN
35,16,1,1.1357897520065308,0.0017120730003625795,123,A02,cross-session,AdaBN
36,16,0,1.1631238460540771,0.0017537630001243087,123,A02,cross-session,AdaBN
37,16,0,1.1518422365188599,0.001886212999579584,123,A02,cross-session,AdaBN
38,16,0,1.123608946800232,0.001941170999998576,123,A02,cross-session,AdaBN
39,16,0,1.1401104927062988,0.0018702929996834428,123,A02,cross-session,AdaBN
40,16,1,1.1213027238845825,0.001865494000412582,123,A02,cross-session,AdaBN
41,16,0,1.0633505582809448,0.001932882999881258,123,A02,cross-session,AdaBN
42,16,1,1.1493244171142578,0.0020585850002134976,123,A02,cross-session,AdaBN
43,16,0,1.0652447938919067,0.001994045000174083,123,A02,cross-session,AdaBN
44,16,0,1.0154860019683838,0.0020159910000074888,123,A02,cross-session,AdaBN
45,16,1,1.0560405254364014,0.0021555180001087137,123,A02,cross-session,AdaBN
46,16,0,1.077670693397522,0.0020622889996957383,123,A02,cross-session,AdaBN
47,16,0,1.0767618417739868,0.0020388740003909334,123,A02,cross-session,AdaBN
48,16,0,1.135042667388916,0.002121628999702807,123,A02,cross-session,AdaBN
49,16,0,1.112574815750122,0.0020534390000648273,123,A02,cross-session,AdaBN
50,16,0,1.0969171524047852,0.0021103449998918222,123,A02,cross-session,AdaBN
51,16,0,1.1130337715148926,0.002120033999744919,123,A02,cross-session,AdaBN
52,16,1,1.0876028537750244,0.0020961479999641597,123,A02,cross-session,AdaBN
53,16,1,1.0580252408981323,0.0021324640001694206,123,A02,cross-session,AdaBN
54,16,0,1.1239522695541382,0.0020687960000032035,123,A02,cross-session,AdaBN
55,16,0,0.9704947471618652,0.0021029670001553313,123,A02,cross-session,AdaBN
56,16,1,1.0308409929275513,0.002164718999665638,123,A02,cross-session,AdaBN
57,16,0,1.0644640922546387,0.0021737930001108907,123,A02,cross-session,AdaBN
58,16,1,1.143153429031372,0.0020959999997103296,123,A02,cross-session,AdaBN
59,16,1,1.1044163703918457,0.002087837000090076,123,A02,cross-session,AdaBN
60,16,1,1.1479119062423706,0.0020955929999217915,123,A02,cross-session,AdaBN
61,16,0,1.078484296798706,0.0022184549998200964,123,A02,cross-session,AdaBN
62,16,0,1.1610164642333984,0.002085007999994559,123,A02,cross-session,AdaBN
63,16,1,1.1294326782226562,0.0021232610001789,123,A02,cross-session,AdaBN
64,16,1,1.1237232685089111,0.002153464000002714,123,A02,cross-session,AdaBN
65,16,1,1.0901628732681274,0.0021242419998088735,123,A02,cross-session,AdaBN
66,16,0,1.0946182012557983,0.0021669369998562615,123,A02,cross-session,AdaBN
67,16,0,1.078865647315979,0.002172337000047264,123,A02,cross-session,AdaBN
68,16,0,1.1571769714355469,0.002111592000346718,123,A02,cross-session,AdaBN
69,16,1,1.1452107429504395,0.002135693000127503,123,A02,cross-session,AdaBN
70,16,0,1.0583064556121826,0.0022755899999538087,123,A02,cross-session,AdaBN
71,16,0,1.0106439590454102,0.0021078330000818823,123,A02,cross-session,AdaBN
72,16,0,1.1385350227355957,0.002083447000131855,123,A02,cross-session,AdaBN
73,16,0,1.0776262283325195,0.0021933600000920705,123,A02,cross-session,AdaBN
74,16,0,1.1405714750289917,0.002147019999938493,123,A02,cross-session,AdaBN
75,16,0,1.1145498752593994,0.002171948000068369,123,A02,cross-session,AdaBN
76,16,1,1.0793439149856567,0.002201602999775787,123,A02,cross-session,AdaBN
77,16,0,1.1388205289840698,0.002101210000091669,123,A02,cross-session,AdaBN
78,16,1,1.091482400894165,0.0021684530001948588,123,A02,cross-session,AdaBN
79,16,0,1.0460028648376465,0.002177434999794059,123,A02,cross-session,AdaBN
80,16,1,1.1522220373153687,0.0021452629998748307,123,A02,cross-session,AdaBN
81,16,0,1.1786298751831055,0.0021059929999864835,123,A02,cross-session,AdaBN
82,16,1,1.1070770025253296,0.002166606999708165,123,A02,cross-session,AdaBN
83,16,0,1.1846740245819092,0.0021017740000388585,123,A02,cross-session,AdaBN
84,16,0,1.0574290752410889,0.0022075560000303085,123,A02,cross-session,AdaBN
85,16,0,1.120640754699707,0.002221671999905084,123,A02,cross-session,AdaBN
86,16,0,1.126953125,0.00214172599999074,123,A02,cross-session,AdaBN
87,16,1,1.0668776035308838,0.002110690000336035,123,A02,cross-session,AdaBN
88,16,0,1.1148681640625,0.0021651179999935266,123,A02,cross-session,AdaBN
89,16,0,1.0258773565292358,0.0021432599996842328,123,A02,cross-session,AdaBN
90,16,0,1.0189567804336548,0.0021161920003578416,123,A02,cross-session,AdaBN
91,16,0,1.0449790954589844,0.002129218999925797,123,A02,cross-session,AdaBN
92,16,0,1.081260323524475,0.002183009999953356,123,A02,cross-session,AdaBN
93,16,1,1.1719657182693481,0.0021248309999464254,123,A02,cross-session,AdaBN
94,16,0,1.0275911092758179,0.0022096469997450185,123,A02,cross-session,AdaBN
95,16,0,1.032376766204834,0.002264325999931316,123,A02,cross-session,AdaBN
96,16,1,1.155928134918213,0.0021907269997427647,123,A02,cross-session,AdaBN
97,16,1,1.0978577136993408,0.002152733000002627,123,A02,cross-session,AdaBN
98,16,1,1.0463483333587646,0.0022613759997511806,123,A02,cross-session,AdaBN
99,16,0,1.1596416234970093,0.002220477000264509,123,A02,cross-session,AdaBN
100,16,1,1.1164922714233398,0.002149661999737873,123,A02,cross-session,AdaBN
101,16,1,1.1370974779129028,0.0023680809999859775,123,A02,cross-session,AdaBN
102,16,0,1.063633918762207,0.0022450149999713176,123,A02,cross-session,AdaBN
103,16,0,1.0721871852874756,0.002149507000012818,123,A02,cross-session,AdaBN
104,16,0,1.125206470489502,0.0023590999999214546,123,A02,cross-session,AdaBN
105,16,0,1.1179866790771484,0.0021763989998362376,123,A02,cross-session,AdaBN
106,16,0,1.1336033344268799,0.0021790400001009402,123,A02,cross-session,AdaBN
107,16,1,1.1315088272094727,0.002246670000204176,123,A02,cross-session,AdaBN
108,16,0,1.1580896377563477,0.002195477999975992,123,A02,cross-session,AdaBN
109,16,1,1.155771017074585,0.002190496000366693,123,A02,cross-session,AdaBN
110,16,0,1.1560096740722656,0.0022278920000644575,123,A02,cross-session,AdaBN
111,16,0,1.1864385604858398,0.002127648000168847,123,A02,cross-session,AdaBN
112,16,0,1.2122442722320557,0.0021169440001358453,123,A02,cross-session,AdaBN
113,16,1,1.1388239860534668,0.0022122410000520176,123,A02,cross-session,AdaBN
114,16,0,1.1771762371063232,0.002109505000134959,123,A02,cross-session,AdaBN
115,16,1,1.1524425745010376,0.002109667999775411,123,A02,cross-session,AdaBN
116,16,0,1.1953219175338745,0.002216257999862137,123,A02,cross-session,AdaBN
117,16,0,1.1077125072479248,0.0021728560000155994,123,A02,cross-session,AdaBN
118,16,0,1.0793492794036865,0.0021416029999272723,123,A02,cross-session,AdaBN
119,16,0,1.2016005516052246,0.0022948129999349476,123,A02,cross-session,AdaBN
120,16,1,1.1210541725158691,0.002143850999800634,123,A02,cross-session,AdaBN
121,16,0,1.1311750411987305,0.0021378289998210676,123,A02,cross-session,AdaBN
122,16,0,1.0955078601837158,0.002202420999765309,123,A02,cross-session,AdaBN
123,16,1,1.0920562744140625,0.0021683800000573683,123,A02,cross-session,AdaBN
124,16,0,1.0780494213104248,0.0021635889997924096,123,A02,cross-session,AdaBN
125,16,0,1.0744144916534424,0.0022652070001640823,123,A02,cross-session,AdaBN
126,16,0,1.1178826093673706,0.0021286189999045746,123,A02,cross-session,AdaBN
127,16,0,1.1554299592971802,0.0021991119997437636,123,A02,cross-session,AdaBN
128,16,0,1.0674524307250977,0.002222724000148446,123,A02,cross-session,AdaBN
129,16,0,1.1197690963745117,0.0021403979999377043,123,A02,cross-session,AdaBN
130,16,0,1.1408690214157104,0.002127915000073699,123,A02,cross-session,AdaBN
131,16,0,1.1302008628845215,0.002163130000099045,123,A02,cross-session,AdaBN
132,16,1,1.1539533138275146,0.0021809220002069196,123,A02,cross-session,AdaBN
133,16,1,1.087085485458374,0.002187305000006745,123,A02,cross-session,AdaBN
134,16,0,1.145384669303894,0.0021517610002774745,123,A02,cross-session,AdaBN
135,16,0,1.1176409721374512,0.002123121999829891,123,A02,cross-session,AdaBN
136,16,0,1.0536304712295532,0.002128486000401608,123,A02,cross-session,AdaBN
137,16,0,1.1143378019332886,0.0022262309998950514,123,A02,cross-session,AdaBN
138,16,1,1.061628818511963,0.0021893670000281418,123,A02,cross-session,AdaBN
139,16,0,1.086427927017212,0.002106599000399001,123,A02,cross-session,AdaBN
140,16,1,1.0218654870986938,0.002157817999886902,123,A02,cross-session,AdaBN
141,16,0,1.0054473876953125,0.0022549840000465338,123,A02,cross-session,AdaBN
142,16,0,1.0733163356781006,0.002164356000321277,123,A02,cross-session,AdaBN
143,16,0,1.0571346282958984,0.002165805000004184,123,A02,cross-session,AdaBN
144,16,0,0.9837877750396729,0.0022472769996966235,123,A02,cross-session,AdaBN
145,16,0,0.9860650300979614,0.00215894200027833,123,A02,cross-session,AdaBN
146,16,0,1.0563364028930664,0.0021741599998676975,123,A02,cross-session,AdaBN
147,16,0,1.0098371505737305,0.0021387130000221077,123,A02,cross-session,AdaBN
148,16,0,0.9091016054153442,0.002219114000126865,123,A02,cross-session,AdaBN
149,16,1,0.983916699886322,0.002165482000236807,123,A02,cross-session,AdaBN
150,16,0,1.0603625774383545,0.002273891999720945,123,A02,cross-session,AdaBN
151,16,1,1.025404453277588,0.0022625370002060663,123,A02,cross-session,AdaBN
152,16,1,1.0499882698059082,0.0021373350000430946,123,A02,cross-session,AdaBN
153,16,1,0.9663482904434204,0.002222437999989779,123,A02,cross-session,AdaBN
154,16,0,1.1180928945541382,0.002134823999767832,123,A02,cross-session,AdaBN
155,16,0,1.059448003768921,0.002227440000297065,123,A02,cross-session,AdaBN
156,16,0,0.9459276795387268,0.002278725999985909,123,A02,cross-session,AdaBN
157,16,0,1.0153120756149292,0.0021399669999482285,123,A02,cross-session,AdaBN
158,16,0,0.9617124795913696,0.0021293200002219237,123,A02,cross-session,AdaBN
159,16,0,1.0326642990112305,0.002248467999834247,123,A02,cross-session,AdaBN
160,16,1,1.0366461277008057,0.0021092390002195316,123,A02,cross-session,AdaBN
161,16,0,1.0128536224365234,0.0021853059997738455,123,A02,cross-session,AdaBN
162,16,1,1.0204838514328003,0.0023059990003275743,123,A02,cross-session,AdaBN
163,16,0,0.9633951783180237,0.0021262619998196897,123,A02,cross-session,AdaBN
164,16,0,0.992794394493103,0.0021023649997005123,123,A02,cross-session,AdaBN
165,16,0,1.072398066520691,0.0022545759998138237,123,A02,cross-session,AdaBN
166,16,0,0.9161622524261475,0.002161484000225755,123,A02,cross-session,AdaBN
167,16,0,0.9990134239196777,0.0021524169997064746,123,A02,cross-session,AdaBN
168,16,1,0.9893187284469604,0.002212704000157828,123,A02,cross-session,AdaBN
169,16,0,1.0125088691711426,0.002106609999827924,123,A02,cross-session,AdaBN
170,16,0,1.0192201137542725,0.0022000449998813565,123,A02,cross-session,AdaBN
171,16,0,0.9175312519073486,0.002313914999831468,123,A02,cross-session,AdaBN
172,16,0,1.0654170513153076,0.002209472999766149,123,A02,cross-session,AdaBN
173,16,1,1.0605883598327637,0.0022743320000699896,123,A02,cross-session,AdaBN
174,16,0,1.0691335201263428,0.002140506000159803,123,A02,cross-session,AdaBN
175,16,1,1.0330854654312134,0.002221466999799304,123,A02,cross-session,AdaBN
176,16,0,1.0796868801116943,0.0023769600002196967,123,A02,cross-session,AdaBN
177,16,1,1.1051396131515503,0.0025693910001791664,123,A02,cross-session,AdaBN
178,16,0,1.0827945470809937,0.0027741569997488114,123,A02,cross-session,AdaBN
179,16,0,1.059391736984253,0.0030866129995956726,123,A02,cross-session,AdaBN
180,16,0,0.9988742470741272,0.003442581999934191,123,A02,cross-session,AdaBN
181,16,0,1.018262505531311,0.0041466510001555434,123,A02,cross-session,AdaBN
182,16,1,1.071685552597046,0.00516161599989573,123,A02,cross-session,AdaBN
183,16,1,1.0709413290023804,0.004982111000117584,123,A02,cross-session,AdaBN
184,16,0,0.9826926589012146,0.00484746299980543,123,A02,cross-session,AdaBN
185,16,0,1.1419987678527832,0.004796252000232926,123,A02,cross-session,AdaBN
186,16,0,1.0544203519821167,0.00447703999998339,123,A02,cross-session,AdaBN
187,16,0,1.0315427780151367,0.00433412899974428,123,A02,cross-session,AdaBN
188,16,0,1.0338923931121826,0.0042382819997328625,123,A02,cross-session,AdaBN
189,16,0,1.113896131515503,0.003954664000048069,123,A02,cross-session,AdaBN
190,16,1,1.0921697616577148,0.0038808189997325826,123,A02,cross-session,AdaBN
191,16,0,0.9784703254699707,0.00373959000035029,123,A02,cross-session,AdaBN
192,16,0,1.1659603118896484,0.0035899959998459963,123,A02,cross-session,AdaBN
193,16,1,1.0343440771102905,0.003240929000185133,123,A02,cross-session,AdaBN
194,16,1,0.9387930631637573,0.0033905129998856864,123,A02,cross-session,AdaBN
195,16,0,0.9845006465911865,0.003270007000082842,123,A02,cross-session,AdaBN
196,16,0,1.0087130069732666,0.0032526420000067446,123,A02,cross-session,AdaBN
197,16,0,1.0569825172424316,0.0032727789998716617,123,A02,cross-session,AdaBN
198,16,0,0.9850420951843262,0.0030950370000937255,123,A02,cross-session,AdaBN
199,16,1,1.049555778503418,0.002991560000282334,123,A02,cross-session,AdaBN
200,16,1,1.0544313192367554,0.0029511789998650784,123,A02,cross-session,AdaBN
201,16,0,0.9718161225318909,0.002927714999714226,123,A02,cross-session,AdaBN
202,16,1,1.02188241481781,0.002559992999977112,123,A02,cross-session,AdaBN
203,16,0,0.9447418451309204,0.0023515029997724923,123,A02,cross-session,AdaBN
204,16,0,0.96799635887146,0.0022316879999380035,123,A02,cross-session,AdaBN
205,16,1,1.1146410703659058,0.002131640000243351,123,A02,cross-session,AdaBN
206,16,0,1.0610628128051758,0.0020087010002498573,123,A02,cross-session,AdaBN
207,16,1,1.025904893875122,0.00195820300041305,123,A02,cross-session,AdaBN
208,16,0,1.0316661596298218,0.0018507630002204678,123,A02,cross-session,AdaBN
209,16,0,0.9309271574020386,0.001777339000000211,123,A02,cross-session,AdaBN
210,16,0,1.0474694967269897,0.00171141600003466,123,A02,cross-session,AdaBN
211,16,0,1.0897091627120972,0.0016948940001384472,123,A02,cross-session,AdaBN
212,16,0,1.0535180568695068,0.00175257800037798,123,A02,cross-session,AdaBN
213,16,0,1.0781164169311523,0.001653714999974909,123,A02,cross-session,AdaBN
214,16,1,1.1262764930725098,0.0016461549998894043,123,A02,cross-session,AdaBN
215,16,0,0.9538751244544983,0.0016815070002849097,123,A02,cross-session,AdaBN
216,16,1,1.0152281522750854,0.0016899669999475009,123,A02,cross-session,AdaBN
217,16,0,1.0004754066467285,0.0017622010000195587,123,A02,cross-session,AdaBN
218,16,1,1.0513153076171875,0.0017654150001362723,123,A02,cross-session,AdaBN
219,16,1,1.0698492527008057,0.0018182430003435002,123,A02,cross-session,AdaBN
220,16,1,1.1213237047195435,0.001759446000050957,123,A02,cross-session,AdaBN
221,16,0,0.9503424167633057,0.0017727389999890875,123,A02,cross-session,AdaBN
222,16,1,1.0283699035644531,0.0017828509999162634,123,A02,cross-session,AdaBN
223,16,0,0.9049500226974487,0.0017948330000763235,123,A02,cross-session,AdaBN
224,16,0,1.095853567123413,0.001765822999914235,123,A02,cross-session,AdaBN
225,16,0,1.0616066455841064,0.0017752989997461555,123,A02,cross-session,AdaBN
226,16,0,1.0079560279846191,0.001816618000248127,123,A02,cross-session,AdaBN
227,16,0,1.0053770542144775,0.0020147740001448255,123,A02,cross-session,AdaBN
228,16,0,1.0470507144927979,0.0019788559998232813,123,A02,cross-session,AdaBN
229,16,1,0.9660638570785522,0.002004608999868651,123,A02,cross-session,AdaBN
230,16,1,0.9710967540740967,0.0020178320000923122,123,A02,cross-session,AdaBN
231,16,0,0.9980455636978149,0.002037858000221604,123,A02,cross-session,AdaBN
232,16,1,1.0436375141143799,0.0020121190000281786,123,A02,cross-session,AdaBN
233,16,0,1.1167678833007812,0.002022700999987137,123,A02,cross-session,AdaBN
234,16,0,0.9510077834129333,0.0019970980001744465,123,A02,cross-session,AdaBN
235,16,1,1.0391044616699219,0.0019808119996014284,123,A02,cross-session,AdaBN
236,16,0,1.0090107917785645,0.0019993450000583834,123,A02,cross-session,AdaBN
237,16,0,1.00851309299469,0.0020365539999147586,123,A02,cross-session,AdaBN
238,16,1,1.05080246925354,0.0020685479998974188,123,A02,cross-session,AdaBN
239,16,0,1.022510051727295,0.002091423999900144,123,A02,cross-session,AdaBN
240,16,0,1.071699619293213,0.002109207000103197,123,A02,cross-session,AdaBN
241,16,0,0.9714004397392273,0.0020862599999418308,123,A02,cross-session,AdaBN
242,16,0,0.9856218099594116,0.002080051000120875,123,A02,cross-session,AdaBN
243,16,0,1.1031825542449951,0.002089737000005698,123,A02,cross-session,AdaBN
244,16,0,1.0761544704437256,0.0020700139998552913,123,A02,cross-session,AdaBN
245,16,0,1.0275516510009766,0.002094886000122642,123,A02,cross-session,AdaBN
246,16,1,0.9693177342414856,0.0021231499999885273,123,A02,cross-session,AdaBN
247,16,0,1.0894838571548462,0.0021022020000600605,123,A02,cross-session,AdaBN
248,16,0,0.975650429725647,0.0021170350000829785,123,A02,cross-session,AdaBN
249,16,1,1.0349560976028442,0.002131437999651098,123,A02,cross-session,AdaBN
250,16,0,1.0835202932357788,0.002111913000135246,123,A02,cross-session,AdaBN
251,16,1,1.0042471885681152,0.002117733999966731,123,A02,cross-session,AdaBN
252,16,0,0.9779988527297974,0.0022105910002210294,123,A02,cross-session,AdaBN
253,16,0,1.0875084400177002,0.0023505429999204352,123,A02,cross-session,AdaBN
254,16,1,1.0101072788238525,0.002208554000389995,123,A02,cross-session,AdaBN
255,16,0,0.9777314066886902,0.0021563589998550015,123,A02,cross-session,AdaBN
256,16,0,1.0516127347946167,0.002123059000041394,123,A02,cross-session,AdaBN
257,16,1,0.973944902420044,0.0021113119996698515,123,A02,cross-session,AdaBN
258,16,0,1.028795599937439,0.0021615059999930963,123,A02,cross-session,AdaBN
259,16,0,0.9711424112319946,0.002158033999876352,123,A02,cross-session,AdaBN
260,16,1,0.9404899477958679,0.0021221360002527945,123,A02,cross-session,AdaBN
261,16,0,1.0609203577041626,0.002125137999883009,123,A02,cross-session,AdaBN
262,16,0,1.011413812637329,0.0021553359997597,123,A02,cross-session,AdaBN
263,16,0,0.9147932529449463,0.0021885009996367444,123,A02,cross-session,AdaBN
264,16,0,1.034110426902771,0.002125546000115719,123,A02,cross-session,AdaBN
265,16,0,0.9773908853530884,0.002101972000218666,123,A02,cross-session,AdaBN
266,16,1,0.9289162755012512,0.002116234000368422,123,A02,cross-session,AdaBN
267,16,0,0.9543609619140625,0.0021784099999422324,123,A02,cross-session,AdaBN
268,16,0,1.038665771484375,0.002124417000231915,123,A02,cross-session,AdaBN
269,16,0,1.0262668132781982,0.002096707999953651,123,A02,cross-session,AdaBN
270,16,0,0.9599786996841431,0.0020898630000374396,123,A02,cross-session,AdaBN
271,16,1,0.9281125664710999,0.0021481150001818605,123,A02,cross-session,AdaBN
272,16,0,1.0193102359771729,0.0021110760003466567,123,A02,cross-session,AdaBN
273,16,0,1.021162748336792,0.0020996789999117027,123,A02,cross-session,AdaBN
274,16,0,0.9721694588661194,0.002117473999987851,123,A02,cross-session,AdaBN
275,16,0,0.9367591142654419,0.002082153000174003,123,A02,cross-session,AdaBN
276,16,0,0.9482386708259583,0.0020977230001335556,123,A02,cross-session,AdaBN
277,16,0,1.0624115467071533,0.002149629000086861,123,A02,cross-session,AdaBN
278,16,0,1.0471723079681396,0.0021332449996407377,123,A02,cross-session,AdaBN
279,16,0,0.9772536158561707,0.002087735000259272,123,A02,cross-session,AdaBN
280,16,0,1.0377893447875977,0.002143307999631361,123,A02,cross-session,AdaBN
281,16,0,0.9313175678253174,0.00212406499986173,123,A02,cross-session,AdaBN
282,16,1,1.1218996047973633,0.002095379000365938,123,A02,cross-session,AdaBN
283,16,1,0.9120520353317261,0.00210074300002816,123,A02,cross-session,AdaBN
284,16,0,1.0466760396957397,0.002098686999943311,123,A02,cross-session,AdaBN
285,16,1,1.0657095909118652,0.002079738999782421,123,A02,cross-session,AdaBN
286,16,0,1.0119860172271729,0.0020973579999008507,123,A02,cross-session,AdaBN
287,16,1,1.044995665550232,0.002148261000002094,123,A02,cross-session,AdaBN
0,1,0,0.7354767322540283,0.003829513999789924,123,A03,cross-session,AdaBN
1,2,1,0.6122074127197266,0.00395447700020668,123,A03,cross-session,AdaBN
2,3,0,0.8985230326652527,0.0037062979999973322,123,A03,cross-session,AdaBN
3,4,1,0.7919464111328125,0.003699893999964843,123,A03,cross-session,AdaBN
4,5,1,0.8143274188041687,0.003346940000028553,123,A03,cross-session,AdaBN
5,6,1,0.9452385902404785,0.003331888000047911,123,A03,cross-session,AdaBN
6,7,1,0.8124927282333374,0.0031080150001798756,123,A03,cross-session,AdaBN
7,8,0,0.9632088541984558,0.002273302000048716,123,A03,cross-session,AdaBN
8,9,1,0.8155096173286438,0.001915430999815726,123,A03,cross-session,AdaBN
9,10,0,0.9572589993476868,0.001421650000338559,123,A03,cross-session,AdaBN
10,11,1,0.7809514403343201,0.0016304369996760215,123,A03,cross-session,AdaBN
11,12,0,0.8227968215942383,0.001592275999882986,123,A03,cross-session,AdaBN
12,13,1,0.7018821239471436,0.0015467650000573485,123,A03,cross-session,AdaBN
13,14,0,0.8306258320808411,0.0015424059997712902,123,A03,cross-session,AdaBN
14,15,1,0.7078554630279541,0.0014707459999954153,123,A03,cross-session,AdaBN
15,16,1,0.6229058504104614,0.001655477999975119,123,A03,cross-session,AdaBN
16,16,1,0.6717904806137085,0.0018035410002994468,123,A03,cross-session,AdaBN
17,16,1,0.6543395519256592,0.001934797000103572,123,A03,cross-session,AdaBN
18,16,1,0.6250584125518799,0.001793444999748317,123,A03,cross-session,AdaBN
19,16,1,0.6269406676292419,0.0015465420001419261,123,A03,cross-session,AdaBN
20,16,0,0.6641404628753662,0.0017146769996543298,123,A03,cross-session,AdaBN
21,16,1,0.598273515701294,0.0018440070002725406,123,A03,cross-session,AdaBN
22,16,1,0.6765447854995728,0.001761839000209875,123,A03,cross-session,AdaBN
23,16,1,0.571182131767273,0.0016634489998068602,123,A03,cross-session,AdaBN
24,16,0,0.6822813153266907,0.0016712630003894446,123,A03,cross-session,AdaBN
25,16,1,0.53022301197052,0.00165495600003851,123,A03,cross-session,AdaBN
26,16,1,0.6607133746147156,0.0017258379998565943,123,A03,cross-session,AdaBN
27,16,0,0.5886842608451843,0.0017417300000488467,123,A03,cross-session,AdaBN
28,16,0,0.6637109518051147,0.0016520089998266485,123,A03,cross-session,AdaBN
29,16,0,0.6686888933181763,0.0016558880001866783,123,A03,cross-session,AdaBN
30,16,1,0.5733389854431152,0.00170625700002347,123,A03,cross-session,AdaBN
31,16,1,0.5874877572059631,0.001748728000166011,123,A03,cross-session,AdaBN
32,16,1,0.702717661857605,0.001670457000273018,123,A03,cross-session,AdaBN
33,16,1,0.7502892017364502,0.0016585470002610236,123,A03,cross-session,AdaBN
34,16,1,0.718686580657959,0.001767804999872169,123,A03,cross-session,AdaBN
35,16,1,0.7570149898529053,0.001903057000163244,123,A03,cross-session,AdaBN
36,16,1,0.7344250679016113,0.0018935250000140513,123,A03,cross-session,AdaBN
37,16,1,0.6712222099304199,0.0019219519999751355,123,A03,cross-session,AdaBN
38,16,1,0.751929759979248,0.0019171270000697405,123,A03,cross-session,AdaBN
39,16,0,0.6968255043029785,0.0018971590002365701,123,A03,cross-session,AdaBN
40,16,0,0.6271247863769531,0.0018789790001392248,123,A03,cross-session,AdaBN
41,16,1,0.6036715507507324,0.0018931790000351612,123,A03,cross-session,AdaBN
42,16,0,0.6609317064285278,0.0018966850002470892,123,A03,cross-session,AdaBN
43,16,0,0.7050594091415405,0.0019156440002916497,123,A03,cross-session,AdaBN
44,16,1,0.7686203718185425,0.002136364000307367,123,A03,cross-session,AdaBN
45,16,1,0.5903868675231934,0.002087721999942005,123,A03,cross-session,AdaBN
46,16,1,0.544774055480957,0.002109527999891725,123,A03,cross-session,AdaBN
47,16,1,0.6575955748558044,0.002093763000175386,123,A03,cross-session,AdaBN
48,16,0,0.6715167164802551,0.002086492000216822,123,A03,cross-session,AdaBN
49,16,0,0.754554033279419,0.0020796040003006055,123,A03,cross-session,AdaBN
50,16,1,0.600227952003479,0.0020801919999939855,123,A03,cross-session,AdaBN
51,16,1,0.6303452849388123,0.0021006599999964237,123,A03,cross-session,AdaBN
52,16,1,0.5339333415031433,0.00208336000014242,123,A03,cross-session,AdaBN
53,16,1,0.7360609769821167,0.002134794000085094,123,A03,cross-session,AdaBN
54,16,1,0.608184278011322,0.002130596000370133,123,A03,cross-session,AdaBN
55,16,1,0.5640552043914795,0.0021212820001892396,123,A03,cross-session,AdaBN
56,16,1,0.6418067812919617,0.002163200999802939,123,A03,cross-session,AdaBN
57,16,0,0.6713830232620239,0.0021480249997694045,123,A03,cross-session,AdaBN
58,16,0,0.6411023736000061,0.0021168509997551155,123,A03,cross-session,AdaBN
59,16,0,0.6766531467437744,0.0021185049999985495,123,A03,cross-session,AdaBN
60,16,1,0.6466221213340759,0.0021404959998108097,123,A03,cross-session,AdaBN
61,16,1,0.4915502071380615,0.002141892000054213,123,A03,cross-session,AdaBN
62,16,1,0.5820850729942322,0.0021401990002232196,123,A03,cross-session,AdaBN
63,16,1,0.5683866739273071,0.002134486000159086,123,A03,cross-session,AdaBN
64,16,0,0.5720393657684326,0.0021300049997989845,123,A03,cross-session,AdaBN
65,16,1,0.5860938429832458,0.0021546339999076736,123,A03,cross-session,AdaBN
66,16,1,0.7202765345573425,0.0021599409997179464,123,A03,cross-session,AdaBN
67,16,1,0.677300214767456,0.0021370320000642096,123,A03,cross-session,AdaBN
68,16,1,0.5770918726921082,0.0021270500001264736,123,A03,cross-session,AdaBN
69,16,0,0.6849005818367004,0.002154926000002888,123,A03,cross-session,AdaBN
70,16,1,0.6695846319198608,0.002158233000045584,123,A03,cross-session,AdaBN
71,16,0,0.6142752766609192,0.002136947000053624,123,A03,cross-session,AdaBN
72,16,1,0.6758036613464355,0.002126443999713956,123,A03,cross-session,AdaBN
73,16,1,0.7798891067504883,0.002151411999875563,123,A03,cross-session,AdaBN
74,16,1,0.654921293258667,0.0021431979998851602,123,A03,cross-session,AdaBN
75,16,1,0.6127484440803528,0.0021447310000439757,123,A03,cross-session,AdaBN
76,16,1,0.6221654415130615,0.0021382549998634204,123,A03,cross-session,AdaBN
77,16,1,0.561293363571167,0.002127503999872715,123,A03,cross-session,AdaBN
78,16,1,0.6814110279083252,0.002136163999693963,123,A03,cross-session,AdaBN
79,16,1,0.6535798907279968,0.002194198999859509,123,A03,cross-session,AdaBN
80,16,1,0.7832975387573242,0.0021430469996630563,123,A03,cross-session,AdaBN
81,16,0,0.5408495664596558,0.0021182479999879433,123,A03,cross-session,AdaBN
82,16,1,0.5901306867599487,0.0021362669999689388,123,A03,cross-session,AdaBN
83,16,1,0.6581616401672363,0.002125298000009934,123,A03,cross-session,AdaBN
84,16,1,0.6602815389633179,0.00211033799996585,123,A03,cross-session,AdaBN
85,16,0,0.585896372795105,0.0021651440001733135,123,A03,cross-session,AdaBN
86,16,1,0.6777087450027466,0.0021235220001472044,123,A03,cross-session,AdaBN
87,16,1,0.534147322177887,0.002103830999658385,123,A03,cross-session,AdaBN
88,16,1,0.5042089223861694,0.0021799050000481657,123,A03,cross-session,AdaBN
89,16,0,0.7214241027832031,0.0021323669998309924,123,A03,cross-session,AdaBN
90,16,1,0.5524685382843018,0.002101388000028237,123,A03,cross-session,AdaBN
91,16,0,0.5722314119338989,0.0021338619999369257,123,A03,cross-session,AdaBN
92,16,1,0.5866325497627258,0.00216323500035287,123,A03,cross-session,AdaBN
93,16,1,0.602285623550415,0.00221971399969334,123,A03,cross-session,AdaBN
94,16,0,0.684013307094574,0.0021802049996040296,123,A03,cross-session,AdaBN
95,16,1,0.6710196137428284,0.0021746070001427142,123,A03,cross-session,AdaBN
96,16,1,0.712410569190979,0.002169369000057486,123,A03,cross-session,AdaBN
97,16,1,0.6139280796051025,0.002205994999712857,123,A03,cross-session,AdaBN
98,16,0,0.6812587976455688,0.002225018999979511,123,A03,cross-session,AdaBN
99,16,1,0.5342029333114624,0.0021785039998576394,123,A03,cross-session,AdaBN
100,16,1,0.631577730178833,0.002211958999851049,123,A03,cross-session,AdaBN
101,16,0,0.4358879327774048,0.0021848559999853023,123,A03,cross-session,AdaBN
102,16,1,0.6144438982009888,0.002151163000235101,123,A03,cross-session,AdaBN
103,16,0,0.4928392767906189,0.0021610120002151234,123,A03,cross-session,AdaBN
104,16,1,0.533180296421051,0.002199107999786065,123,A03,cross-session,AdaBN
105,16,1,0.552981436252594,0.002186357000027783,123,A03,cross-session,AdaBN
106,16,0,0.5354737043380737,0.0021592820003206725,123,A03,cross-session,AdaBN
107,16,0,0.5409493446350098,0.0021830109999427805,123,A03,cross-session,AdaBN
108,16,0,0.4223254323005676,0.0022057390001464228,123,A03,cross-session,AdaBN
109,16,0,0.40097782015800476,0.002161242000056518,123,A03,cross-session,AdaBN
110,16,0,0.45659369230270386,0.002222075000190671,123,A03,cross-session,AdaBN
111,16,1,0.45497816801071167,0.0022509010000248963,123,A03,cross-session,AdaBN
112,16,1,0.6195613145828247,0.002174129000195535,123,A03,cross-session,AdaBN
113,16,1,0.6322237253189087,0.002157908000299358,123,A03,cross-session,AdaBN
114,16,1,0.531917929649353,0.0021541740002248844,123,A03,cross-session,AdaBN
115,16,0,0.504148006439209,0.0021837489998688397,123,A03,cross-session,AdaBN
116,16,1,0.5139696002006531,0.00219940500028315,123,A03,cross-session,AdaBN
117,16,0,0.6632784605026245,0.002135744000042905,123,A03,cross-session,AdaBN
118,16,1,0.5477017164230347,0.0021227259999250236,123,A03,cross-session,AdaBN
119,16,0,0.5829887390136719,0.002192712999658397,123,A03,cross-session,AdaBN
120,16,1,0.5257721543312073,0.0021690210000997467,123,A03,cross-session,AdaBN
121,16,1,0.5459287762641907,0.0021261790002427006,123,A03,cross-session,AdaBN
122,16,0,0.5360267162322998,0.002158720000352332,123,A03,cross-session,AdaBN
123,16,1,0.41496869921684265,0.002180519999910757,123,A03,cross-session,AdaBN
124,16,1,0.6489924788475037,0.0021320650002962793,123,A03,cross-session,AdaBN
125,16,1,0.5824088454246521,0.00214777699966362,123,A03,cross-session,AdaBN
126,16,0,0.5471574068069458,0.0020989839999856486,123,A03,cross-session,AdaBN
127,16,1,0.6459990739822388,0.0020935400002599636,123,A03,cross-session,AdaBN
128,16,0,0.7507185339927673,0.0021443079999698966,123,A03,cross-session,AdaBN
129,16,0,0.6411675214767456,0.0021006659999329713,123,A03,cross-session,AdaBN
130,16,1,0.7662129402160645,0.002092871000058949,123,A03,cross-session,AdaBN
131,16,1,0.654869556427002,0.0020895829998153204,123,A03,cross-session,AdaBN
132,16,1,0.6057730317115784,0.002097070000218082,123,A03,cross-session,AdaBN
133,16,1,0.6076090931892395,0.0021184950001043035,123,A03,cross-session,AdaBN
134,16,1,0.5935779213905334,0.0020717379998131946,123,A03,cross-session,AdaBN
135,16,1,0.6622495651245117,0.002059895999991568,123,A03,cross-session,AdaBN
136,16,0,0.7255350947380066,0.002047492999736278,123,A03,cross-session,AdaBN
137,16,0,0.7210482954978943,0.002043333000074199,123,A03,cross-session,AdaBN
138,16,1,0.6918379068374634,0.0020759460003318964,123,A03,cross-session,AdaBN
139,16,1,0.665335476398468,0.002078384000014921,123,A03,cross-session,AdaBN
140,16,1,0.6903629899024963,0.002074357000310556,123,A03,cross-session,AdaBN
141,16,0,0.6133804321289062,0.002113852000093175,123,A03,cross-session,AdaBN
142,16,1,0.6951788663864136,0.002062450999801513,123,A03,cross-session,AdaBN
143,16,1,0.5725494623184204,0.002029404000040813,123,A03,cross-session,AdaBN
144,16,0,0.6204559803009033,0.0020601619999069953,123,A03,cross-session,AdaBN
145,16,0,0.5390444397926331,0.002039672000137216,123,A03,cross-session,AdaBN
146,16,1,0.5864605903625488,0.0020335379999778525,123,A03,cross-session,AdaBN
147,16,0,0.5230956077575684,0.0020483319999584637,123,A03,cross-session,AdaBN
148,16,0,0.5755037069320679,0.002084102000026178,123,A03,cross-session,AdaBN
149,16,1,0.5322844982147217,0.0020374489999994694,123,A03,cross-session,AdaBN
150,16,1,0.7253471612930298,0.002026643000135664,123,A03,cross-session,AdaBN
151,16,1,0.6419486999511719,0.0020866529998784245,123,A03,cross-session,AdaBN
152,16,0,0.6379662752151489,0.0020099199996366224,123,A03,cross-session,AdaBN
153,16,1,0.6226681470870972,0.002017341000282613,123,A03,cross-session,AdaBN
154,16,1,0.5070962905883789,0.002056977999927767,123,A03,cross-session,AdaBN
155,16,1,0.579086184501648,0.0020509360001597088,123,A03,cross-session,AdaBN
156,16,1,0.5594601631164551,0.002058161000149994,123,A03,cross-session,AdaBN
157,16,1,0.5487006902694702,0.0020477739999478217,123,A03,cross-session,AdaBN
158,16,0,0.5562456250190735,0.002063601999907405,123,A03,cross-session,AdaBN
159,16,0,0.5749509334564209,0.002004375000069558,123,A03,cross-session,AdaBN
160,16,1,0.5070078372955322,0.0020107249997636245,123,A03,cross-session,AdaBN
161,16,1,0.46364155411720276,0.0020620830000552814,123,A03,cross-session,AdaBN
162,16,1,0.6763309836387634,0.0020431709999684244,123,A03,cross-session,AdaBN
163,16,1,0.5835009813308716,0.0020673290000559064,123,A03,cross-session,AdaBN
164,16,0,0.6087268590927124,0.0020668160000241187,123,A03,cross-session,AdaBN
165,16,1,0.5086745619773865,0.0020173319999230443,123,A03,cross-session,AdaBN
166,16,1,0.6191885471343994,0.0020090529997105477,123,A03,cross-session,AdaBN
167,16,1,0.538114607334137,0.0020514510001703457,123,A03,cross-session,AdaBN
168,16,1,0.6077384948730469,0.002038599000115937,123,A03,cross-session,AdaBN
169,16,1,0.6268295645713806,0.0020132680001552217,123,A03,cross-session,AdaBN
170,16,1,0.6339346766471863,0.0020051940000485047,123,A03,cross-session,AdaBN
171,16,0,0.6487086415290833,0.0020469639998736966,123,A03,cross-session,AdaBN
172,16,1,0.7036870718002319,0.0020640220000132103,123,A03,cross-session,AdaBN
173,16,1,0.6745575070381165,0.002032101999702718,123,A03,cross-session,AdaBN
174,16,1,0.5267665386199951,0.0020131280002715357,123,A03,cross-session,AdaBN
175,16,1,0.5385361909866333,0.0020173570001134067,123,A03,cross-session,AdaBN
176,16,1,0.42375028133392334,0.002018643999690539,123,A03,cross-session,AdaBN
177,16,1,0.5577640533447266,0.0020561739997901896,123,A03,cross-session,AdaBN
178,16,1,0.5510503053665161,0.0020254839996596274,123,A03,cross-session,AdaBN
179,16,0,0.5016977787017822,0.0020183269998597098,123,A03,cross-session,AdaBN
180,16,0,0.4050575792789459,0.002092941999762843,123,A03,cross-session,AdaBN
181,16,1,0.561040997505188,0.002058370999748149,123,A03,cross-session,AdaBN
182,16,0,0.4734026789665222,0.0020400599996719393,123,A03,cross-session,AdaBN
183,16,1,0.5356634855270386,0.002037392999682197,123,A03,cross-session,AdaBN
184,16,1,0.5228121876716614,0.0020325179998508247,123,A03,cross-session,AdaBN
185,16,1,0.45968011021614075,0.0020440289999896777,123,A03,cross-session,AdaBN
186,16,0,0.637215793132782,0.0020334620003268356,123,A03,cross-session,AdaBN
187,16,1,0.6101464629173279,0.0020691830000032496,123,A03,cross-session,AdaBN
188,16,0,0.6194057464599609,0.002089804000206641,123,A03,cross-session,AdaBN
189,16,1,0.6985613703727722,0.0020492369999374205,123,A03,cross-session,AdaBN
190,16,1,0.6146396398544312,0.0020558510000228125,123,A03,cross-session,AdaBN
191,16,1,0.6854133605957031,0.0020283559997551492,123,A03,cross-session,AdaBN
192,16,0,0.5111286044120789,0.002008896999996068,123,A03,cross-session,AdaBN
193,16,1,0.49861806631088257,0.0020415150002008886,123,A03,cross-session,AdaBN
194,16,1,0.6577726006507874,0.0020257750002201647,123,A03,cross-session,AdaBN
195,16,0,0.7353589534759521,0.0020140699998592027,123,A03,cross-session,AdaBN
196,16,0,0.5203981399536133,0.0020306999999775144,123,A03,cross-session,AdaBN
197,16,1,0.791528046131134,0.0020834829997511406,123,A03,cross-session,AdaBN
198,16,0,0.6481915712356567,0.0020484339997892675,123,A03,cross-session,AdaBN
199,16,1,0.5140538215637207,0.0020329320000200823,123,A03,cross-session,AdaBN
200,16,1,0.6640539765357971,0.0020564159999594267,123,A03,cross-session,AdaBN
201,16,1,0.6922140717506409,0.002049489999990328,123,A03,cross-session,AdaBN
202,16,1,0.5201102495193481,0.002027910999913729,123,A03,cross-session,AdaBN
203,16,1,0.5044190883636475,0.002082776999941416,123,A03,cross-session,AdaBN
204,16,1,0.49484002590179443,0.00209293699981572,123,A03,cross-session,AdaBN
205,16,1,0.59986811876297,0.0020602249996954924,123,A03,cross-session,AdaBN
206,16,0,0.5064747929573059,0.002070504000130313,123,A03,cross-session,AdaBN
207,16,1,0.39391854405403137,0.0020431929997357656,123,A03,cross-session,AdaBN
208,16,0,0.4558664858341217,0.0020310740001150407,123,A03,cross-session,AdaBN
209,16,0,0.5048903226852417,0.0020436909999261843,123,A03,cross-session,AdaBN
210,16,1,0.5623668432235718,0.0020923929996570223,123,A03,cross-session,AdaBN
211,16,0,0.4832892417907715,0.002083007999772235,123,A03,cross-session,AdaBN
212,16,1,0.5264718532562256,0.0020721900000353344,123,A03,cross-session,AdaBN
213,16,1,0.4605562686920166,0.0020771039999090135,123,A03,cross-session,AdaBN
214,16,1,0.520729660987854,0.00205925299997034,123,A03,cross-session,AdaBN
215,16,0,0.4471496343612671,0.002040748999661446,123,A03,cross-session,AdaBN
216,16,1,0.4933033883571625,0.0020781069997610757,123,A03,cross-session,AdaBN
217,16,1,0.5347163081169128,0.002096545000313199,123,A03,cross-session,AdaBN
218,16,1,0.5090937614440918,0.002087019000100554,123,A03,cross-session,AdaBN
219,16,0,0.5380294322967529,0.0020643610000661283,123,A03,cross-session,AdaBN
220,16,0,0.510841965675354,0.0020510479998847586,123,A03,cross-session,AdaBN
221,16,1,0.5315568447113037,0.0020490559995778312,123,A03,cross-session,AdaBN
222,16,1,0.6351730823516846,0.0020404239999152196,123,A03,cross-session,AdaBN
223,16,1,0.5905803442001343,0.0020510280000962666,123,A03,cross-session,AdaBN
224,16,0,0.5508372783660889,0.002078122000057192,123,A03,cross-session,AdaBN
225,16,0,0.45890873670578003,0.002088192999963212,123,A03,cross-session,AdaBN
226,16,1,0.409018874168396,0.0020802049998565053,123,A03,cross-session,AdaBN
227,16,1,0.4877582788467407,0.0020693240003311075,123,A03,cross-session,AdaBN
228,16,1,0.5821747779846191,0.0020757789998242515,123,A03,cross-session,AdaBN
229,16,0,0.5670349597930908,0.002111076999881334,123,A03,cross-session,AdaBN
230,16,1,0.5020183324813843,0.002108603000124276,123,A03,cross-session,AdaBN
231,16,1,0.5826848149299622,0.0021079269999972894,123,A03,cross-session,AdaBN
232,16,0,0.6656695604324341,0.0021247480003694363,123,A03,cross-session,AdaBN
233,16,1,0.581814706325531,0.0020802630001526268,123,A03,cross-session,AdaBN
234,16,1,0.6707639098167419,0.0020714030001727224,123,A03,cross-session,AdaBN
235,16,1,0.6720921397209167,0.002128352999989147,123,A03,cross-session,AdaBN
236,16,1,0.6436629891395569,0.002103073999933258,123,A03,cross-session,AdaBN
237,16,1,0.5098454356193542,0.002097062000302685,123,A03,cross-session,AdaBN
238,16,1,0.5513132810592651,0.0020778279999831284,123,A03,cross-session,AdaBN
239,16,0,0.46836578845977783,0.002088238999931491,123,A03,cross-session,AdaBN
240,16,0,0.5618116855621338,0.002093137999963801,123,A03,cross-session,AdaBN
241,16,1,0.47029727697372437,0.0021073689999866474,123,A03,cross-session,AdaBN
242,16,1,0.4605027437210083,0.0021257750004224363,123,A03,cross-session,AdaBN
243,16,1,0.39432185888290405,0.0020781610000994988,123,A03,cross-session,AdaBN
244,16,1,0.37959253787994385,0.002081448000353703,123,A03,cross-session,AdaBN
245,16,1,0.40667569637298584,0.002158366000003298,123,A03,cross-session,AdaBN
246,16,1,0.3343749940395355,0.0021830669998053054,123,A03,cross-session,AdaBN
247,16,1,0.40095528960227966,0.002163688000109687,123,A03,cross-session,AdaBN
248,16,0,0.38079503178596497,0.002142466999885073,123,A03,cross-session,AdaBN
249,16,1,0.3552917540073395,0.0021414519997051684,123,A03,cross-session,AdaBN
250,16,1,0.30066561698913574,0.0021147209999980987,123,A03,cross-session,AdaBN
251,16,1,0.4087486267089844,0.0021408659999906376,123,A03,cross-session,AdaBN
252,16,1,0.383087158203125,0.0021594339996227063,123,A03,cross-session,AdaBN
253,16,1,0.35435163974761963,0.002120535000358359,123,A03,cross-session,AdaBN
254,16,1,0.4363481402397156,0.0021616509998239053,123,A03,cross-session,AdaBN
255,16,1,0.307574063539505,0.0021508410000024014,123,A03,cross-session,AdaBN
256,16,1,0.32279273867607117,0.0021025379996899574,123,A03,cross-session,AdaBN
257,16,1,0.29802030324935913,0.002104793999933463,123,A03,cross-session,AdaBN
258,16,1,0.3958834111690521,0.002093359999889799,123,A03,cross-session,AdaBN
259,16,1,0.32211825251579285,0.0020949720001226524,123,A03,cross-session,AdaBN
260,16,0,0.4572385847568512,0.0021117149999554385,123,A03,cross-session,AdaBN
261,16,1,0.4072684049606323,0.002140449999842531,123,A03,cross-session,AdaBN
262,16,1,0.3694227337837219,0.0020847139999204956,123,A03,cross-session,AdaBN
263,16,0,0.32764363288879395,0.002091595000365487,123,A03,cross-session,AdaBN
264,16,0,0.3278256356716156,0.002098449999721197,123,A03,cross-session,AdaBN
265,16,1,0.4191974997520447,0.002105155999743147,123,A03,cross-session,AdaBN
266,16,1,0.4646470546722412,0.0021416989998215286,123,A03,cross-session,AdaBN
267,16,0,0.5380691289901733,0.0021219870000095398,123,A03,cross-session,AdaBN
268,16,1,0.38958847522735596,0.0021195979998083203,123,A03,cross-session,AdaBN
269,16,1,0.4562796354293823,0.002089304000037373,123,A03,cross-session,AdaBN
270,16,1,0.3976805806159973,0.0021456690001286916,123,A03,cross-session,AdaBN
271,16,1,0.5359064340591431,0.002125040999999328,123,A03,cross-session,AdaBN
272,16,1,0.3941047787666321,0.0020744359999298467,123,A03,cross-session,AdaBN
273,16,1,0.3615434169769287,0.00209927100013374,123,A03,cross-session,AdaBN
274,16,1,0.42090708017349243,0.0020947719999639958,123,A03,cross-session,AdaBN
275,16,1,0.4573151171207428,0.0020859259998360358,123,A03,cross-session,AdaBN
276,16,1,0.55051589012146,0.002191372000197589,123,A03,cross-session,AdaBN
277,16,0,0.42839038372039795,0.002204122999955871,123,A03,cross-session,AdaBN
278,16,0,0.5663516521453857,0.0021758500001851644,123,A03,cross-session,AdaBN
279,16,1,0.5590794086456299,0.0021616020003421,123,A03,cross-session,AdaBN
280,16,1,0.5986789464950562,0.0021759229998679075,123,A03,cross-session,AdaBN
281,16,0,0.4974920153617859,0.002159166000183177,123,A03,cross-session,AdaBN
282,16,0,0.6413818597793579,0.0021620299999085546,123,A03,cross-session,AdaBN
283,16,0,0.5703489780426025,0.002166778000173508,123,A03,cross-session,AdaBN
284,16,1,0.5120971202850342,0.002178877000005741,123,A03,cross-session,AdaBN
285,16,0,0.5737126469612122,0.002156244000161678,123,A03,cross-session,AdaBN
286,16,1,0.5841884613037109,0.002179579999847192,123,A03,cross-session,AdaBN
287,16,0,0.5940662026405334,0.002184809000027599,123,A03,cross-session,AdaBN
0,1,1,1.21462082862854,0.0031228139996528625,123,A04,cross-session,AdaBN
1,2,0,1.1368417739868164,0.004403329000069789,123,A04,cross-session,AdaBN
2,3,1,0.7976634502410889,0.004682531000071322,123,A04,cross-session,AdaBN
3,4,1,1.0439174175262451,0.004433371999766678,123,A04,cross-session,AdaBN
4,5,0,1.0807428359985352,0.0037234850001368613,123,A04,cross-session,AdaBN
5,6,1,0.9752616882324219,0.003707362999648467,123,A04,cross-session,AdaBN
6,7,1,0.9060733318328857,0.0035224220000600326,123,A04,cross-session,AdaBN
7,8,0,0.878948450088501,0.0032033180000325956,123,A04,cross-session,AdaBN
8,9,1,0.8856169581413269,0.0018396339996797906,123,A04,cross-session,AdaBN
9,10,0,1.0728497505187988,0.0015516159996877832,123,A04,cross-session,AdaBN
10,11,1,1.005174160003662,0.001702029999705701,123,A04,cross-session,AdaBN
11,12,0,1.0406471490859985,0.0018666690002646646,123,A04,cross-session,AdaBN
12,13,0,0.987802267074585,0.001832630000080826,123,A04,cross-session,AdaBN
13,14,0,0.9524734020233154,0.0016982120000648138,123,A04,cross-session,AdaBN
14,15,1,0.9407745003700256,0.0018894429999818385,123,A04,cross-session,AdaBN
15,16,0,0.9303614497184753,0.002085626000280172,123,A04,cross-session,AdaBN
16,16,0,0.9383077621459961,0.001910913999836339,123,A04,cross-session,AdaBN
17,16,0,0.9424238801002502,0.0019034490001104132,123,A04,cross-session,AdaBN
18,16,1,0.9384227991104126,0.0019349029998920741,123,A04,cross-session,AdaBN
19,16,0,0.9577677249908447,0.0020363180001368164,123,A04,cross-session,AdaBN
20,16,0,0.9107320308685303,0.0022130229999675066,123,A04,cross-session,AdaBN
21,16,0,0.9957740306854248,0.0024140519999491517,123,A04,cross-session,AdaBN
22,16,1,0.9225997924804688,0.002756880000106321,123,A04,cross-session,AdaBN
23,16,1,0.8918655514717102,0.003210390000276675,123,A04,cross-session,AdaBN
24,16,1,0.9916686415672302,0.0034697840001172153,123,A04,cross-session,AdaBN
25,16,0,0.9708294868469238,0.0040499639999325154,123,A04,cross-session,AdaBN
26,16,0,0.9670977592468262,0.0036953890003132983,123,A04,cross-session,AdaBN
27,16,0,0.9779838919639587,0.0033797449996200157,123,A04,cross-session,AdaBN
28,16,1,0.9944765567779541,0.0030973080001786,123,A04,cross-session,AdaBN
29,16,0,1.018909215927124,0.002896017000239226,123,A04,cross-session,AdaBN
30,16,0,0.9687275886535645,0.0026768190000439063,123,A04,cross-session,AdaBN
31,16,1,1.0230982303619385,0.002526178999687545,123,A04,cross-session,AdaBN
32,16,1,0.8950220346450806,0.0024093850001918327,123,A04,cross-session,AdaBN
33,16,0,1.1887770891189575,0.0022508140000354615,123,A04,cross-session,AdaBN
34,16,1,0.8767863512039185,0.002283562999764399,123,A04,cross-session,AdaBN
35,16,1,0.9864678978919983,0.002265511000132392,123,A04,cross-session,AdaBN
36,16,1,0.9138285517692566,0.002213044999734848,123,A04,cross-session,AdaBN
37,16,0,1.0868949890136719,0.002170381000269117,123,A04,cross-session,AdaBN
38,16,1,0.9981444478034973,0.00222142199982045,123,A04,cross-session,AdaBN
39,16,1,0.8787075281143188,0.002251917999728903,123,A04,cross-session,AdaBN
40,16,1,0.9573763012886047,0.002173393999783002,123,A04,cross-session,AdaBN
41,16,0,0.8304911255836487,0.0021239070001684013,123,A04,cross-session,AdaBN
42,16,1,0.8050692081451416,0.0020778399998562236,123,A04,cross-session,AdaBN
43,16,0,0.7215499877929688,0.0021195519998400414,123,A04,cross-session,AdaBN
44,16,1,0.7733277082443237,0.0020736830001624185,123,A04,cross-session,AdaBN
45,16,1,0.7505406141281128,0.0020082139999431092,123,A04,cross-session,AdaBN
46,16,0,0.8757738471031189,0.002045983000243723,123,A04,cross-session,AdaBN
47,16,0,0.9191980361938477,0.0019930170001316583,123,A04,cross-session,AdaBN
48,16,0,0.9589645862579346,0.001932738000050449,123,A04,cross-session,AdaBN
49,16,1,0.9455403089523315,0.0019936560001951875,123,A04,cross-session,AdaBN
50,16,0,1.010435938835144,0.0019626250000328582,123,A04,cross-session,AdaBN
51,16,1,0.89599609375,0.0019446470000730187,123,A04,cross-session,AdaBN
52,16,1,0.8711808919906616,0.0019491339999149204,123,A04,cross-session,AdaBN
53,16,0,0.8680122494697571,0.0018934969998554152,123,A04,cross-session,AdaBN
54,16,0,0.8977046012878418,0.0019187309999324498,123,A04,cross-session,AdaBN
55,16,1,0.9841557145118713,0.0018364739999015,123,A04,cross-session,AdaBN
56,16,0,1.0299766063690186,0.0020071660001121927,123,A04,cross-session,AdaBN
57,16,0,0.9855010509490967,0.0019357589999344782,123,A04,cross-session,AdaBN
58,16,1,0.8781737685203552,0.0017780409998522373,123,A04,cross-session,AdaBN
59,16,0,1.00078284740448,0.0018740639998213737,123,A04,cross-session,AdaBN
60,16,0,1.0089497566223145,0.0021600029999717663,123,A04,cross-session,AdaBN
61,16,1,1.0475947856903076,0.00199927999983629,123,A04,cross-session,AdaBN
62,16,0,0.94452303647995,0.0020168629998806864,123,A04,cross-session,AdaBN
63,16,1,0.9378564953804016,0.002214373999777308,123,A04,cross-session,AdaBN
64,16,1,1.0356779098510742,0.002163474000099086,123,A04,cross-session,AdaBN
65,16,1,1.07902991771698,0.0019597790001171234,123,A04,cross-session,AdaBN
66,16,1,0.9086772203445435,0.0020044949997100048,123,A04,cross-session,AdaBN
67,16,0,0.9913642406463623,0.0020177580004201445,123,A04,cross-session,AdaBN
68,16,1,0.9856232404708862,0.0020133650000389025,123,A04,cross-session,AdaBN
69,16,0,0.8941515684127808,0.002023393999934342,123,A04,cross-session,AdaBN
70,16,1,0.8410811424255371,0.0019443870000941388,123,A04,cross-session,AdaBN
71,16,1,0.9081405997276306,0.0020092269996894174,123,A04,cross-session,AdaBN
72,16,1,0.931499719619751,0.0020314830003371753,123,A04,cross-session,AdaBN
73,16,0,0.9319242835044861,0.0021798749999106803,123,A04,cross-session,AdaBN
74,16,1,0.9118008017539978,0.002002526000069338,123,A04,cross-session,AdaBN
75,16,1,0.9267696142196655,0.0020883960000901425,123,A04,cross-session,AdaBN
76,16,1,0.863344669342041,0.001993462999962503,123,A04,cross-session,AdaBN
77,16,1,0.845562756061554,0.0019605560000854894,123,A04,cross-session,AdaBN
78,16,0,0.9160699844360352,0.001964982000117743,123,A04,cross-session,AdaBN
79,16,1,0.8431227207183838,0.001997476000269671,123,A04,cross-session,AdaBN
80,16,1,0.8443066477775574,0.0020573980000335723,123,A04,cross-session,AdaBN
81,16,0,0.9776682257652283,0.0020321189999776834,123,A04,cross-session,AdaBN
82,16,0,0.8989845514297485,0.002070752999770775,123,A04,cross-session,AdaBN
83,16,0,0.8655877113342285,0.0020213109996802814,123,A04,cross-session,AdaBN
84,16,0,0.8883440494537354,0.002008062000186328,123,A04,cross-session,AdaBN
85,16,0,0.9516696929931641,0.0020478850001381943,123,A04,cross-session,AdaBN
86,16,0,0.9107077121734619,0.002051097999810736,123,A04,cross-session,AdaBN
87,16,0,1.0468271970748901,0.0020256170000720886,123,A04,cross-session,AdaBN
88,16,1,0.8404634594917297,0.002056831999652786,123,A04,cross-session,AdaBN
89,16,0,0.8464194536209106,0.002547665000292909,123,A04,cross-session,AdaBN
90,16,0,0.8351517915725708,0.002385811999829457,123,A04,cross-session,AdaBN
91,16,0,0.9419258832931519,0.002228187999662623,123,A04,cross-session,AdaBN
92,16,0,0.875454306602478,0.0025660139999672538,123,A04,cross-session,AdaBN
93,16,0,0.8890814781188965,0.0022173749998728454,123,A04,cross-session,AdaBN
94,16,1,0.9596090912818909,0.002551264999965497,123,A04,cross-session,AdaBN
95,16,0,0.8598710298538208,0.002615238000089448,123,A04,cross-session,AdaBN
96,16,0,0.9218041896820068,0.0023164279996308323,123,A04,cross-session,AdaBN
97,16,1,0.7949336767196655,0.002182009000080143,123,A04,cross-session,AdaBN
98,16,1,0.8071194291114807,0.0021288620000632363,123,A04,cross-session,AdaBN
99,16,0,0.8722337484359741,0.002201229000093008,123,A04,cross-session,AdaBN
100,16,1,0.8824331760406494,0.0022073660002206452,123,A04,cross-session,AdaBN
101,16,1,0.8572238683700562,0.0022485140002572734,123,A04,cross-session,AdaBN
102,16,0,0.9054949283599854,0.0023546309998891957,123,A04,cross-session,AdaBN
103,16,1,0.9016839265823364,0.002152652999939164,123,A04,cross-session,AdaBN
104,16,1,0.9154233932495117,0.0021728629999415716,123,A04,cross-session,AdaBN
105,16,1,0.885634183883667,0.0023566519998894364,123,A04,cross-session,AdaBN
106,16,1,0.8403624892234802,0.0021294630000738834,123,A04,cross-session,AdaBN
107,16,0,0.8799336552619934,0.0021238350000203354,123,A04,cross-session,AdaBN
108,16,1,0.831208348274231,0.0021134250000613974,123,A04,cross-session,AdaBN
109,16,0,0.8343645930290222,0.002252725999824179,123,A04,cross-session,AdaBN
110,16,0,0.8085635304450989,0.0020857409999734955,123,A04,cross-session,AdaBN
111,16,1,0.9335055947303772,0.0020805590002055396,123,A04,cross-session,AdaBN
112,16,0,0.8939695358276367,0.002127595999809273,123,A04,cross-session,AdaBN
113,16,1,0.914009690284729,0.0022763470001336827,123,A04,cross-session,AdaBN
114,16,1,0.9136456251144409,0.0020920850001857616,123,A04,cross-session,AdaBN
115,16,1,0.8183644413948059,0.0021491600000445032,123,A04,cross-session,AdaBN
116,16,1,0.9388202428817749,0.002260880999983783,123,A04,cross-session,AdaBN
117,16,1,0.8903369307518005,0.0020938960001330997,123,A04,cross-session,AdaBN
118,16,1,0.8729754686355591,0.002098347999890393,123,A04,cross-session,AdaBN
119,16,0,0.8737035989761353,0.0021963870003673946,123,A04,cross-session,AdaBN
120,16,0,0.8787174820899963,0.0020950469997842447,123,A04,cross-session,AdaBN
121,16,1,0.8801363706588745,0.002149291000023368,123,A04,cross-session,AdaBN
122,16,1,0.9091998338699341,0.0022367970000232162,123,A04,cross-session,AdaBN
123,16,1,0.9090285301208496,0.002112820000093052,123,A04,cross-session,AdaBN
124,16,1,0.9284518957138062,0.0021353130000534293,123,A04,cross-session,AdaBN
125,16,0,0.8471626043319702,0.00224231200036229,123,A04,cross-session,AdaBN
126,16,1,0.9672272205352783,0.0021607479998237977,123,A04,cross-session,AdaBN
127,16,1,0.9279353618621826,0.002122729999882722,123,A04,cross-session,AdaBN
128,16,1,0.8615221977233887,0.002293560999987676,123,A04,cross-session,AdaBN
129,16,1,0.7833313345909119,0.0021530120002353215,123,A04,cross-session,AdaBN
130,16,0,0.9602876901626587,0.0021323129999473167,123,A04,cross-session,AdaBN
131,16,0,0.9445047378540039,0.002236937999896327,123,A04,cross-session,AdaBN
132,16,1,0.906539261341095,0.0021408599995993427,123,A04,cross-session,AdaBN
133,16,1,0.9833399653434753,0.0020539450001706427,123,A04,cross-session,AdaBN
134,16,1,0.8314803838729858,0.0020831140000154846,123,A04,cross-session,AdaBN
135,16,1,0.9138773679733276,0.00206255000011879,123,A04,cross-session,AdaBN
136,16,1,0.8753690123558044,0.002063796000129514,123,A04,cross-session,AdaBN
137,16,0,0.7483397126197815,0.002099891999932879,123,A04,cross-session,AdaBN
138,16,1,0.9973067045211792,0.0020437620000848256,123,A04,cross-session,AdaBN
139,16,1,0.8574628829956055,0.0020386310002322716,123,A04,cross-session,AdaBN
140,16,1,0.8176013231277466,0.0020748239999193174,123,A04,cross-session,AdaBN
141,16,1,0.836370587348938,0.0020829750001212233,123,A04,cross-session,AdaBN
142,16,0,0.8811988830566406,0.002079414000036195,123,A04,cross-session,AdaBN
143,16,0,0.8519416451454163,0.002082030000110535,123,A04,cross-session,AdaBN
144,16,1,0.8719346523284912,0.0020630160001928743,123,A04,cross-session,AdaBN
145,16,1,0.8914779424667358,0.0020429850001164596,123,A04,cross-session,AdaBN
146,16,1,0.8780640363693237,0.0020365919999676407,123,A04,cross-session,AdaBN
147,16,0,0.8181065320968628,0.0020333220004431496,123,A04,cross-session,AdaBN
148,16,0,0.7862939834594727,0.0020560020002449164,123,A04,cross-session,AdaBN
149,16,0,0.6972544193267822,0.002079351999782375,123,A04,cross-session,AdaBN
150,16,0,0.7688138484954834,0.0020345060002000537,123,A04,cross-session,AdaBN
151,16,1,0.8239511847496033,0.00200795199998538,123,A04,cross-session,AdaBN
152,16,0,0.8107673525810242,0.0020079199998690456,123,A04,cross-session,AdaBN
153,16,0,0.8304278254508972,0.0020349930000520544,123,A04,cross-session,AdaBN
154,16,1,0.880469560623169,0.00202476000004026,123,A04,cross-session,AdaBN
155,16,1,0.8605613708496094,0.002007255999615154,123,A04,cross-session,AdaBN
156,16,0,0.9528418779373169,0.0020290639999984705,123,A04,cross-session,AdaBN
157,16,0,0.759498119354248,0.0020366520002426114,123,A04,cross-session,AdaBN
158,16,0,0.8556747436523438,0.0020500860000538523,123,A04,cross-session,AdaBN
159,16,1,0.9364974498748779,0.0020325089999460033,123,A04,cross-session,AdaBN
160,16,0,0.9031829237937927,0.002026183999987552,123,A04,cross-session,AdaBN
161,16,0,0.8767035007476807,0.002047075000064069,123,A04,cross-session,AdaBN
162,16,0,0.7611545920372009,0.0020332169997345773,123,A04,cross-session,AdaBN
163,16,0,0.7470746040344238,0.0020725849999507773,123,A04,cross-session,AdaBN
164,16,1,0.7714016437530518,0.0020665329998337256,123,A04,cross-session,AdaBN
165,16,1,0.793628990650177,0.002060648999758996,123,A04,cross-session,AdaBN
166,16,0,0.8913384675979614,0.0020911760002491064,123,A04,cross-session,AdaBN
167,16,1,0.9474778175354004,0.0021023599997533893,123,A04,cross-session,AdaBN
168,16,1,0.8246544599533081,0.0020379789998514752,123,A04,cross-session,AdaBN
169,16,1,0.8704842925071716,0.0020484209999267478,123,A04,cross-session,AdaBN
170,16,0,0.8185297846794128,0.0020501220001278853,123,A04,cross-session,AdaBN
171,16,1,0.867816150188446,0.0020282049999877927,123,A04,cross-session,AdaBN
172,16,0,0.7751197218894958,0.0020582789998115913,123,A04,cross-session,AdaBN
173,16,1,0.6337196826934814,0.0020851650001532107,123,A04,cross-session,AdaBN
174,16,0,0.7149162292480469,0.002040495000073861,123,A04,cross-session,AdaBN
175,16,1,0.6722668409347534,0.002033400999607693,123,A04,cross-session,AdaBN
176,16,1,0.7179409265518188,0.0020412840003700694,123,A04,cross-session,AdaBN
177,16,0,0.9278042912483215,0.0020396959998834063,123,A04,cross-session,AdaBN
178,16,0,0.8265600204467773,0.002026728999680927,123,A04,cross-session,AdaBN
179,16,1,0.9114536046981812,0.002031953999903635,123,A04,cross-session,AdaBN
180,16,1,0.8297315239906311,0.0020528169998215162,123,A04,cross-session,AdaBN
181,16,0,0.9561506509780884,0.0020911450001221965,123,A04,cross-session,AdaBN
182,16,0,0.8607970476150513,0.002041255999756686,123,A04,cross-session,AdaBN
183,16,1,0.9075180292129517,0.0020518759997685265,123,A04,cross-session,AdaBN
184,16,0,0.8872177004814148,0.002031415999681485,123,A04,cross-session,AdaBN
185,16,0,0.8040438294410706,0.0020323460003055516,123,A04,cross-session,AdaBN
186,16,0,0.8929742574691772,0.0021112849999553873,123,A04,cross-session,AdaBN
187,16,1,0.7939078211784363,0.002064551999865216,123,A04,cross-session,AdaBN
188,16,1,0.9291200041770935,0.0020797759998458787,123,A04,cross-session,AdaBN
189,16,1,0.8628024458885193,0.0020799940002689254,123,A04,cross-session,AdaBN
190,16,0,0.8234770894050598,0.002074171000003844,123,A04,cross-session,AdaBN
191,16,0,0.9353686571121216,0.002052124999863736,123,A04,cross-session,AdaBN
192,16,0,0.8650264739990234,0.0021209179999459593,123,A04,cross-session,AdaBN
193,16,1,0.8409125804901123,0.0021127599998180813,123,A04,cross-session,AdaBN
194,16,1,0.8917199969291687,0.0020944950001648976,123,A04,cross-session,AdaBN
195,16,0,0.8720692992210388,0.0020928020003339043,123,A04,cross-session,AdaBN
196,16,0,0.8986594676971436,0.0020916789999319008,123,A04,cross-session,AdaBN
197,16,0,0.8727651834487915,0.0020564070000546053,123,A04,cross-session,AdaBN
198,16,0,0.8790721893310547,0.002070038000056229,123,A04,cross-session,AdaBN
199,16,0,0.7800219058990479,0.002096079000239115,123,A04,cross-session,AdaBN
200,16,0,0.8833282589912415,0.002083967000089615,123,A04,cross-session,AdaBN
201,16,0,0.9029019474983215,0.002113611999902787,123,A04,cross-session,AdaBN
202,16,0,0.848940372467041,0.002103689000250597,123,A04,cross-session,AdaBN
203,16,0,0.7234541177749634,0.0020744209996337304,123,A04,cross-session,AdaBN
204,16,0,0.8976421356201172,0.0020795979999093106,123,A04,cross-session,AdaBN
205,16,1,0.9278539419174194,0.0021260980001898133,123,A04,cross-session,AdaBN
206,16,0,0.8902577757835388,0.0021309879998625547,123,A04,cross-session,AdaBN
207,16,0,0.7938718795776367,0.0020779679998668144,123,A04,cross-session,AdaBN
208,16,1,0.767560601234436,0.002115595000304893,123,A04,cross-session,AdaBN
209,16,1,0.9304376244544983,0.002117628999712906,123,A04,cross-session,AdaBN
210,16,1,0.8199402689933777,0.00214034000009633,123,A04,cross-session,AdaBN
211,16,0,0.8437961339950562,0.0021322249999684573,123,A04,cross-session,AdaBN
212,16,1,0.8880613446235657,0.002093698999942717,123,A04,cross-session,AdaBN
213,16,1,0.7910450100898743,0.002080724000279588,123,A04,cross-session,AdaBN
214,16,1,0.8804479837417603,0.002082258999962505,123,A04,cross-session,AdaBN
215,16,0,0.971382737159729,0.0021627669998451893,123,A04,cross-session,AdaBN
216,16,1,0.8478321433067322,0.002197272000103112,123,A04,cross-session,AdaBN
217,16,1,0.7693295478820801,0.002153220999844052,123,A04,cross-session,AdaBN
218,16,1,0.7985948920249939,0.002210195999850839,123,A04,cross-session,AdaBN
219,16,0,0.8022359609603882,0.0021885520000068936,123,A04,cross-session,AdaBN
220,16,1,0.8337410092353821,0.0021194669998294557,123,A04,cross-session,AdaBN
221,16,0,0.8343201875686646,0.0021795379998366116,123,A04,cross-session,AdaBN
222,16,1,0.9307652115821838,0.002209060000041063,123,A04,cross-session,AdaBN
223,16,1,0.8091883063316345,0.0021737740003118233,123,A04,cross-session,AdaBN
224,16,1,0.8673827052116394,0.0021373119998315815,123,A04,cross-session,AdaBN
225,16,1,0.7465304136276245,0.0022035659999346535,123,A04,cross-session,AdaBN
226,16,0,0.7875707149505615,0.0021042910002506687,123,A04,cross-session,AdaBN
227,16,0,0.8778557777404785,0.0021707410000999516,123,A04,cross-session,AdaBN
228,16,0,0.814045786857605,0.002154125999823009,123,A04,cross-session,AdaBN
229,16,0,0.842831552028656,0.0021122599996488134,123,A04,cross-session,AdaBN
230,16,0,0.814397931098938,0.0021262230002321303,123,A04,cross-session,AdaBN
231,16,1,0.9205074310302734,0.002131658000052994,123,A04,cross-session,AdaBN
232,16,0,0.8616327047348022,0.0021613419999084726,123,A04,cross-session,AdaBN
233,16,1,0.9186505079269409,0.002107651000187616,123,A04,cross-session,AdaBN
234,16,1,0.8292648792266846,0.0021135189999768045,123,A04,cross-session,AdaBN
235,16,1,0.9189044833183289,0.0020813109999835433,123,A04,cross-session,AdaBN
236,16,1,0.9145497679710388,0.0021333879999474448,123,A04,cross-session,AdaBN
237,16,0,0.976132869720459,0.0021396939996520814,123,A04,cross-session,AdaBN
238,16,1,0.7979519367218018,0.0021216000000094937,123,A04,cross-session,AdaBN
239,16,0,0.8221234083175659,0.0021202439997978217,123,A04,cross-session,AdaBN
240,16,1,0.6982756853103638,0.0023306139996748243,123,A04,cross-session,AdaBN
241,16,1,0.7252349853515625,0.0021327409999685187,123,A04,cross-session,AdaBN
242,16,0,0.9383412003517151,0.002109454000219557,123,A04,cross-session,AdaBN
243,16,1,0.7238302230834961,0.002085737000015797,123,A04,cross-session,AdaBN
244,16,0,0.984032928943634,0.0020727769997392897,123,A04,cross-session,AdaBN
245,16,1,0.8346799612045288,0.0020794590000150492,123,A04,cross-session,AdaBN
246,16,1,0.7136539220809937,0.002159205999760161,123,A04,cross-session,AdaBN
247,16,0,0.7550320029258728,0.0020873859998573607,123,A04,cross-session,AdaBN
248,16,0,0.7097088694572449,0.0020792480004274694,123,A04,cross-session,AdaBN
249,16,1,0.8735032081604004,0.002076246999877185,123,A04,cross-session,AdaBN
250,16,0,0.734745442867279,0.002076739999665733,123,A04,cross-session,AdaBN
251,16,0,0.7602046132087708,0.002077065000321454,123,A04,cross-session,AdaBN
252,16,1,0.8357213139533997,0.002131814000222221,123,A04,cross-session,AdaBN
253,16,0,0.6696373224258423,0.0021452099999805796,123,A04,cross-session,AdaBN
254,16,0,0.8054690957069397,0.0020844240002588776,123,A04,cross-session,AdaBN
255,16,0,0.8110474348068237,0.0021224789998086635,123,A04,cross-session,AdaBN
256,16,1,0.8042889833450317,0.002114015000188374,123,A04,cross-session,AdaBN
257,16,0,0.8228976726531982,0.0021282349998728023,123,A04,cross-session,AdaBN
258,16,1,0.6974241137504578,0.0021358240001063677,123,A04,cross-session,AdaBN
259,16,0,0.8572777509689331,0.002107404999605933,123,A04,cross-session,AdaBN
260,16,1,0.6759026050567627,0.002076953000141657,123,A04,cross-session,AdaBN
261,16,1,0.8829954862594604,0.0021072439999443304,123,A04,cross-session,AdaBN
262,16,0,0.7043189406394958,0.002143852999779483,123,A04,cross-session,AdaBN
263,16,0,0.7480902671813965,0.0021049449997008196,123,A04,cross-session,AdaBN
264,16,1,0.8844316601753235,0.002082867999888549,123,A04,cross-session,AdaBN
265,16,1,0.7434829473495483,0.0020839349999732804,123,A04,cross-session,AdaBN
266,16,0,0.7541502714157104,0.002077741999983118,123,A04,cross-session,AdaBN
267,16,0,0.8626371622085571,0.002087534000111191,123,A04,cross-session,AdaBN
268,16,1,0.8059899806976318,0.0021510960000341584,123,A04,cross-session,AdaBN
269,16,0,0.9085990190505981,0.00209156399978383,123,A04,cross-session,AdaBN
270,16,0,0.7827033996582031,0.002075894999961747,123,A04,cross-session,AdaBN
271,16,1,0.7989474534988403,0.002111932999923738,123,A04,cross-session,AdaBN
272,16,0,0.8970180153846741,0.0020980849999432394,123,A04,cross-session,AdaBN
273,16,1,0.8545656204223633,0.002084154999920429,123,A04,cross-session,AdaBN
274,16,0,0.8378559350967407,0.002122097999745165,123,A04,cross-session,AdaBN
275,16,0,0.8719872236251831,0.0021335029996407684,123,A04,cross-session,AdaBN
276,16,0,0.9300053119659424,0.002071959000204515,123,A04,cross-session,AdaBN
277,16,1,0.8043707609176636,0.0020776980004484358,123,A04,cross-session,AdaBN
278,16,0,0.9174256324768066,0.0021275720000630827,123,A04,cross-session,AdaBN
279,16,0,0.9045987129211426,0.002142837000064901,123,A04,cross-session,AdaBN
280,16,0,0.9758913516998291,0.002081643000110489,123,A04,cross-session,AdaBN
281,16,1,0.876394510269165,0.0020887189998575195,123,A04,cross-session,AdaBN
282,16,0,0.888653039932251,0.0021238000003904745,123,A04,cross-session,AdaBN
283,16,1,0.9929677248001099,0.0021005429998695035,123,A04,cross-session,AdaBN
284,16,0,0.8370845317840576,0.0021236930001578003,123,A04,cross-session,AdaBN
285,16,0,0.8739870190620422,0.0020758460000251944,123,A04,cross-session,AdaBN
286,16,0,0.8769160509109497,0.0020819699998355645,123,A04,cross-session,AdaBN
287,16,1,0.8574162721633911,0.0021205279999776394,123,A04,cross-session,AdaBN
0,1,0,1.077059030532837,0.0031372650000776048,123,A05,cross-session,AdaBN
1,2,0,1.330053687095642,0.004468051999992895,123,A05,cross-session,AdaBN
2,3,1,1.1458667516708374,0.004711619999852701,123,A05,cross-session,AdaBN
3,4,1,1.2202091217041016,0.004423287000008713,123,A05,cross-session,AdaBN
4,5,0,1.2346597909927368,0.00406813300014619,123,A05,cross-session,AdaBN
5,6,1,1.2525217533111572,0.004024618000130431,123,A05,cross-session,AdaBN
6,7,0,1.0986989736557007,0.004130635999899823,123,A05,cross-session,AdaBN
7,8,1,1.1551203727722168,0.0032220939997387177,123,A05,cross-session,AdaBN
8,9,1,1.1420236825942993,0.002974952999920788,123,A05,cross-session,AdaBN
9,10,0,1.2220592498779297,0.00352155699965806,123,A05,cross-session,AdaBN
10,11,0,1.2060030698776245,0.003892198999892571,123,A05,cross-session,AdaBN
11,12,0,1.1723921298980713,0.003999954999926558,123,A05,cross-session,AdaBN
12,13,0,1.1726969480514526,0.0031134739997469296,123,A05,cross-session,AdaBN
13,14,0,1.168352484703064,0.003441153000039776,123,A05,cross-session,AdaBN
14,15,1,1.0608068704605103,0.0038470619997497124,123,A05,cross-session,AdaBN
15,16,0,1.1988354921340942,0.004561388999718474,123,A05,cross-session,AdaBN
16,16,1,1.0899391174316406,0.005535412999961409,123,A05,cross-session,AdaBN
17,16,0,1.1567916870117188,0.004822641999908228,123,A05,cross-session,AdaBN
18,16,0,1.1513667106628418,0.004300876999877801,123,A05,cross-session,AdaBN
19,16,1,1.1356890201568604,0.003910710999662115,123,A05,cross-session,AdaBN
20,16,0,1.1395539045333862,0.003549119999661343,123,A05,cross-session,AdaBN
21,16,0,1.1047029495239258,0.003183204999913869,123,A05,cross-session,AdaBN
22,16,0,1.1678423881530762,0.002904092999870045,123,A05,cross-session,AdaBN
23,16,0,1.1558810472488403,0.0026504930001465254,123,A05,cross-session,AdaBN
24,16,0,1.1326818466186523,0.002435940999930608,123,A05,cross-session,AdaBN
25,16,0,1.217050552368164,0.002208154000072682,123,A05,cross-session,AdaBN
26,16,0,1.156883955001831,0.002104105999933381,123,A05,cross-session,AdaBN
27,16,0,1.1725581884384155,0.002077258000099391,123,A05,cross-session,AdaBN
28,16,0,1.1767438650131226,0.001971496999885858,123,A05,cross-session,AdaBN
29,16,0,1.1092565059661865,0.0018303080000805494,123,A05,cross-session,AdaBN
30,16,0,1.1069852113723755,0.0017482130001553742,123,A05,cross-session,AdaBN
31,16,0,1.1035258769989014,0.0017135749999397376,123,A05,cross-session,AdaBN
32,16,0,1.1116236448287964,0.001709182000013243,123,A05,cross-session,AdaBN
33,16,0,1.1117734909057617,0.0016655399999763176,123,A05,cross-session,AdaBN
34,16,1,1.0704350471496582,0.00161712199997055,123,A05,cross-session,AdaBN
35,16,0,1.1191895008087158,0.0015886060000411817,123,A05,cross-session,AdaBN
36,16,0,1.1825838088989258,0.0016978890002974367,123,A05,cross-session,AdaBN
37,16,0,1.0793455839157104,0.0016731830000935588,123,A05,cross-session,AdaBN
38,16,0,1.1401987075805664,0.0015786429999025131,123,A05,cross-session,AdaBN
39,16,0,1.147718906402588,0.0016353519999938726,123,A05,cross-session,AdaBN
40,16,1,1.0811671018600464,0.0017016910001075303,123,A05,cross-session,AdaBN
41,16,0,1.10358726978302,0.0017038059995684307,123,A05,cross-session,AdaBN
42,16,0,1.1139161586761475,0.0016437079998468107,123,A05,cross-session,AdaBN
43,16,0,1.1322529315948486,0.0018303349997950136,123,A05,cross-session,AdaBN
44,16,0,1.1617202758789062,0.0018710240001382772,123,A05,cross-session,AdaBN
45,16,1,1.107641339302063,0.0018458639997334103,123,A05,cross-session,AdaBN
46,16,0,1.0402905941009521,0.001824700999804918,123,A05,cross-session,AdaBN
47,16,1,1.1128122806549072,0.0018378260001554736,123,A05,cross-session,AdaBN
48,16,0,1.1393299102783203,0.0018730990000221936,123,A05,cross-session,AdaBN
49,16,0,1.1162000894546509,0.0018291209999006242,123,A05,cross-session,AdaBN
50,16,0,1.1418812274932861,0.0018275430002177018,123,A05,cross-session,AdaBN
51,16,0,1.1506108045578003,0.0018648450000000594,123,A05,cross-session,AdaBN
52,16,0,1.1061010360717773,0.0018596179997985018,123,A05,cross-session,AdaBN
53,16,0,1.2204493284225464,0.0019895890000043437,123,A05,cross-session,AdaBN
54,16,0,1.0933663845062256,0.002054806999694847,123,A05,cross-session,AdaBN
55,16,1,1.096827745437622,0.0020336349998615333,123,A05,cross-session,AdaBN
56,16,0,1.1162989139556885,0.0020865940000476257,123,A05,cross-session,AdaBN
57,16,0,1.1051008701324463,0.0020511749999059248,123,A05,cross-session,AdaBN
58,16,1,1.1005754470825195,0.0020661939997808076,123,A05,cross-session,AdaBN
59,16,0,1.201552152633667,0.002090482000312477,123,A05,cross-session,AdaBN
60,16,0,1.101736068725586,0.002054024000244681,123,A05,cross-session,AdaBN
61,16,0,1.1447465419769287,0.0021079359999021108,123,A05,cross-session,AdaBN
62,16,1,1.139638900756836,0.0021747440000581264,123,A05,cross-session,AdaBN
63,16,0,1.092801570892334,0.002426462000130414,123,A05,cross-session,AdaBN
64,16,0,1.1522352695465088,0.0025639160003265715,123,A05,cross-session,AdaBN
65,16,0,1.115375280380249,0.002761288000328932,123,A05,cross-session,AdaBN
66,16,0,1.161590814590454,0.003002210999966337,123,A05,cross-session,AdaBN
67,16,0,1.1612520217895508,0.003382037999926979,123,A05,cross-session,AdaBN
68,16,0,1.1498346328735352,0.003835168000023259,123,A05,cross-session,AdaBN
69,16,1,1.1479203701019287,0.004671396000048844,123,A05,cross-session,AdaBN
70,16,0,1.1713855266571045,0.005018912999730674,123,A05,cross-session,AdaBN
71,16,1,1.1304985284805298,0.004622165999990102,123,A05,cross-session,AdaBN
72,16,0,1.1775972843170166,0.004436283999893931,123,A05,cross-session,AdaBN
73,16,1,1.0957635641098022,0.004054932000144618,123,A05,cross-session,AdaBN
74,16,0,1.192444086074829,0.00414506299966888,123,A05,cross-session,AdaBN
75,16,0,1.1104857921600342,0.0041393129999960365,123,A05,cross-session,AdaBN
76,16,0,1.2243225574493408,0.00394302599988805,123,A05,cross-session,AdaBN
77,16,1,1.1685436964035034,0.003716503000305238,123,A05,cross-session,AdaBN
78,16,1,1.1704094409942627,0.0035568779999266553,123,A05,cross-session,AdaBN
79,16,0,1.1490695476531982,0.0032692380000298726,123,A05,cross-session,AdaBN
80,16,1,1.1214125156402588,0.0031844009999986156,123,A05,cross-session,AdaBN
81,16,0,1.1899542808532715,0.003054711999993742,123,A05,cross-session,AdaBN
82,16,0,1.175904393196106,0.0031169859998954053,123,A05,cross-session,AdaBN
83,16,0,1.16972017288208,0.0030730290000064997,123,A05,cross-session,AdaBN
84,16,0,1.152188777923584,0.0028843089999099902,123,A05,cross-session,AdaBN
85,16,0,1.137608289718628,0.002829777999977523,123,A05,cross-session,AdaBN
86,16,0,1.107673168182373,0.0028149129998382705,123,A05,cross-session,AdaBN
87,16,1,1.0736265182495117,0.0027552609999474953,123,A05,cross-session,AdaBN
88,16,1,1.0978529453277588,0.0026432109998495434,123,A05,cross-session,AdaBN
89,16,0,1.1714792251586914,0.002626297999995586,123,A05,cross-session,AdaBN
90,16,0,1.1324822902679443,0.0025655219997133827,123,A05,cross-session,AdaBN
91,16,0,1.149350881576538,0.0024956770002972917,123,A05,cross-session,AdaBN
92,16,0,1.091485619544983,0.002449751999847649,123,A05,cross-session,AdaBN
93,16,0,1.1505627632141113,0.002318234000085795,123,A05,cross-session,AdaBN
94,16,0,1.1658893823623657,0.002358767999794509,123,A05,cross-session,AdaBN
95,16,0,1.0761168003082275,0.002261598000131926,123,A05,cross-session,AdaBN
96,16,0,1.1140525341033936,0.002295710999987932,123,A05,cross-session,AdaBN
97,16,1,1.1150386333465576,0.0022582229998988623,123,A05,cross-session,AdaBN
98,16,1,1.1484761238098145,0.0022287169999799517,123,A05,cross-session,AdaBN
99,16,0,1.0828096866607666,0.002207172999987961,123,A05,cross-session,AdaBN
100,16,0,1.0918030738830566,0.0021879770001760335,123,A05,cross-session,AdaBN
101,16,1,1.0066723823547363,0.0022042969999347406,123,A05,cross-session,AdaBN
102,16,0,1.0992616415023804,0.0021893369998906564,123,A05,cross-session,AdaBN
103,16,0,1.0505807399749756,0.0021216210002421576,123,A05,cross-session,AdaBN
104,16,0,1.0770416259765625,0.0020876369999314193,123,A05,cross-session,AdaBN
105,16,0,1.0916013717651367,0.0020827190001000417,123,A05,cross-session,AdaBN
106,16,0,1.1228142976760864,0.0020526939997580484,123,A05,cross-session,AdaBN
107,16,0,1.1620460748672485,0.002024915000220062,123,A05,cross-session,AdaBN
108,16,0,1.100174069404602,0.0020584980002240627,123,A05,cross-session,AdaBN
109,16,1,1.1409533023834229,0.002131446000021242,123,A05,cross-session,AdaBN
110,16,0,1.1317613124847412,0.002002184000048146,123,A05,cross-session,AdaBN
111,16,1,1.09559965133667,0.0019551220002540504,123,A05,cross-session,AdaBN
112,16,0,1.0676214694976807,0.002004532999762887,123,A05,cross-session,AdaBN
113,16,0,1.1688082218170166,0.002501637000023038,123,A05,cross-session,AdaBN
114,16,0,1.1275972127914429,0.001989222999782214,123,A05,cross-session,AdaBN
115,16,1,1.1614573001861572,0.0020181539998702647,123,A05,cross-session,AdaBN
116,16,1,1.0970925092697144,0.002002232999984699,123,A05,cross-session,AdaBN
117,16,0,1.1372807025909424,0.0020890840000902244,123,A05,cross-session,AdaBN
118,16,1,1.1366639137268066,0.0020784670000466576,123,A05,cross-session,AdaBN
119,16,1,1.104184627532959,0.0020856950000052166,123,A05,cross-session,AdaBN
120,16,0,1.0871641635894775,0.0020618110002033063,123,A05,cross-session,AdaBN
121,16,0,1.1049219369888306,0.0020739450001201476,123,A05,cross-session,AdaBN
122,16,0,1.1958725452423096,0.002110892999553471,123,A05,cross-session,AdaBN
123,16,0,1.0902986526489258,0.0020483690000219212,123,A05,cross-session,AdaBN
124,16,0,1.115173578262329,0.0020256610000615183,123,A05,cross-session,AdaBN
125,16,1,1.0477523803710938,0.002178064999952767,123,A05,cross-session,AdaBN
126,16,0,1.086823582649231,0.0020982099999855564,123,A05,cross-session,AdaBN
127,16,0,1.0694241523742676,0.002078004999930272,123,A05,cross-session,AdaBN
128,16,1,1.1110332012176514,0.0020799560002160433,123,A05,cross-session,AdaBN
129,16,0,1.014953851699829,0.002081611999983579,123,A05,cross-session,AdaBN
130,16,0,1.0991833209991455,0.0020491089999268297,123,A05,cross-session,AdaBN
131,16,0,1.0611743927001953,0.0020855150000897993,123,A05,cross-session,AdaBN
132,16,0,1.0732786655426025,0.0020317729999987932,123,A05,cross-session,AdaBN
133,16,0,1.0322248935699463,0.002035818999956973,123,A05,cross-session,AdaBN
134,16,0,1.0759687423706055,0.002068005000182893,123,A05,cross-session,AdaBN
135,16,1,1.0212138891220093,0.0021526580003410345,123,A05,cross-session,AdaBN
136,16,0,1.1265065670013428,0.0020664670000769547,123,A05,cross-session,AdaBN
137,16,0,1.0208773612976074,0.0020924410000588978,123,A05,cross-session,AdaBN
138,16,1,1.0229103565216064,0.002058111999758694,123,A05,cross-session,AdaBN
139,16,1,1.1168150901794434,0.0020307200002207537,123,A05,cross-session,AdaBN
140,16,0,1.047673225402832,0.0020722360000036133,123,A05,cross-session,AdaBN
141,16,0,1.0214145183563232,0.0021428840000226046,123,A05,cross-session,AdaBN
142,16,0,1.1121553182601929,0.0020816049996028596,123,A05,cross-session,AdaBN
143,16,0,1.034339189529419,0.0020328189998508606,123,A05,cross-session,AdaBN
144,16,0,1.0428147315979004,0.0021038049999333452,123,A05,cross-session,AdaBN
145,16,0,1.023990273475647,0.0020287750003262772,123,A05,cross-session,AdaBN
146,16,0,1.172155499458313,0.0020308109997131396,123,A05,cross-session,AdaBN
147,16,0,1.0808011293411255,0.0020783499999197375,123,A05,cross-session,AdaBN
148,16,1,1.1363413333892822,0.0022326399998746638,123,A05,cross-session,AdaBN
149,16,0,1.1486207246780396,0.0021362249999583582,123,A05,cross-session,AdaBN
150,16,0,1.0773625373840332,0.002073465000194119,123,A05,cross-session,AdaBN
151,16,0,1.0798454284667969,0.002158315000087896,123,A05,cross-session,AdaBN
152,16,0,1.0548760890960693,0.002068763999886869,123,A05,cross-session,AdaBN
153,16,1,1.078277826309204,0.0020733209998979873,123,A05,cross-session,AdaBN
154,16,1,1.0679078102111816,0.002146430999800941,123,A05,cross-session,AdaBN
155,16,0,1.004913091659546,0.0020802939998247894,123,A05,cross-session,AdaBN
156,16,0,0.9544163942337036,0.0020594689999597904,123,A05,cross-session,AdaBN
157,16,1,1.1462292671203613,0.002082930999677046,123,A05,cross-session,AdaBN
158,16,1,1.134861946105957,0.0021678419998352183,123,A05,cross-session,AdaBN
159,16,0,1.1208057403564453,0.002039096000316931,123,A05,cross-session,AdaBN
160,16,0,1.0877448320388794,0.0020862860001216177,123,A05,cross-session,AdaBN
161,16,1,1.1272308826446533,0.0021026710001024185,123,A05,cross-session,AdaBN
162,16,0,1.0800914764404297,0.002207395999903383,123,A05,cross-session,AdaBN
163,16,0,1.1324394941329956,0.0022926219999135355,123,A05,cross-session,AdaBN
164,16,1,1.0055598020553589,0.002060622000044532,123,A05,cross-session,AdaBN
165,16,0,1.0778465270996094,0.002062138000383129,123,A05,cross-session,AdaBN
166,16,0,1.0625663995742798,0.002032195999618125,123,A05,cross-session,AdaBN
167,16,0,1.075685739517212,0.002214556000126322,123,A05,cross-session,AdaBN
168,16,1,1.0450348854064941,0.0020687239998551377,123,A05,cross-session,AdaBN
169,16,1,1.0463218688964844,0.0021038929999122047,123,A05,cross-session,AdaBN
170,16,1,1.1237564086914062,0.0021103949998177995,123,A05,cross-session,AdaBN
171,16,1,1.030543327331543,0.002011536999816599,123,A05,cross-session,AdaBN
172,16,0,1.1120939254760742,0.0020572969997374457,123,A05,cross-session,AdaBN
173,16,1,1.0839824676513672,0.0022882219996063213,123,A05,cross-session,AdaBN
174,16,0,1.0548489093780518,0.0021086990000185324,123,A05,cross-session,AdaBN
175,16,1,1.111184000968933,0.0020876819999102736,123,A05,cross-session,AdaBN
176,16,0,1.1058802604675293,0.00221501200030616,123,A05,cross-session,AdaBN
177,16,0,1.0265262126922607,0.002099415999964549,123,A05,cross-session,AdaBN
178,16,0,1.096943974494934,0.0020614969998860033,123,A05,cross-session,AdaBN
179,16,1,1.004499912261963,0.002092727999752242,123,A05,cross-session,AdaBN
180,16,1,1.0186617374420166,0.002117495000220515,123,A05,cross-session,AdaBN
181,16,1,1.0617305040359497,0.002041738000116311,123,A05,cross-session,AdaBN
182,16,1,1.1234897375106812,0.0023045970001476235,123,A05,cross-session,AdaBN
183,16,0,1.0132780075073242,0.0021442219999698864,123,A05,cross-session,AdaBN
184,16,1,1.1125578880310059,0.0020727979999719537,123,A05,cross-session,AdaBN
185,16,0,1.0801503658294678,0.0021152650001567963,123,A05,cross-session,AdaBN
186,16,0,0.918741762638092,0.0021396150000327907,123,A05,cross-session,AdaBN
187,16,0,1.0379366874694824,0.0020897129998047603,123,A05,cross-session,AdaBN
188,16,0,1.02677321434021,0.0021252739998089965,123,A05,cross-session,AdaBN
189,16,0,1.0806180238723755,0.0020759480003107456,123,A05,cross-session,AdaBN
190,16,0,1.0212702751159668,0.002059295000435668,123,A05,cross-session,AdaBN
191,16,0,1.008124589920044,0.002080018000015116,123,A05,cross-session,AdaBN
192,16,0,1.0460811853408813,0.0020483790003709146,123,A05,cross-session,AdaBN
193,16,0,1.0586256980895996,0.0020630900003197894,123,A05,cross-session,AdaBN
194,16,0,1.0484572649002075,0.0021401529998001934,123,A05,cross-session,AdaBN
195,16,1,1.159306526184082,0.002097085000059451,123,A05,cross-session,AdaBN
196,16,0,1.0892462730407715,0.002114927000093303,123,A05,cross-session,AdaBN
197,16,0,1.0134031772613525,0.00214634100029798,123,A05,cross-session,AdaBN
198,16,1,1.057624101638794,0.0020766329998878064,123,A05,cross-session,AdaBN
199,16,0,1.0721474885940552,0.002119172000220715,123,A05,cross-session,AdaBN
200,16,0,0.9933774471282959,0.002126282000062929,123,A05,cross-session,AdaBN
201,16,1,0.9866297841072083,0.002131857000222226,123,A05,cross-session,AdaBN
202,16,0,1.0245927572250366,0.0020730559999719844,123,A05,cross-session,AdaBN
203,16,1,1.068689227104187,0.002076411999951233,123,A05,cross-session,AdaBN
204,16,1,1.125456690788269,0.0020990220000385307,123,A05,cross-session,AdaBN
205,16,0,0.9466228485107422,0.002108062999923277,123,A05,cross-session,AdaBN
206,16,1,1.068939208984375,0.002081715999793232,123,A05,cross-session,AdaBN
207,16,0,1.0446524620056152,0.002107668000007834,123,A05,cross-session,AdaBN
208,16,0,1.1254711151123047,0.0020937190001859562,123,A05,cross-session,AdaBN
209,16,0,1.0952565670013428,0.002079370000046765,123,A05,cross-session,AdaBN
210,16,1,1.0083224773406982,0.002111783000145806,123,A05,cross-session,AdaBN
211,16,0,1.0966734886169434,0.0021752840002591256,123,A05,cross-session,AdaBN
212,16,0,0.971944272518158,0.0021226759999990463,123,A05,cross-session,AdaBN
213,16,1,1.0415475368499756,0.002046298000095703,123,A05,cross-session,AdaBN
214,16,1,1.0794100761413574,0.00220963700030552,123,A05,cross-session,AdaBN
215,16,0,1.0805305242538452,0.002097407999826828,123,A05,cross-session,AdaBN
216,16,1,1.0488944053649902,0.0021213840000200435,123,A05,cross-session,AdaBN
217,16,1,1.0557310581207275,0.0021816349999426166,123,A05,cross-session,AdaBN
218,16,1,1.0858497619628906,0.002077598000141734,123,A05,cross-session,AdaBN
219,16,1,1.1197937726974487,0.002071621000141022,123,A05,cross-session,AdaBN
220,16,0,1.0656850337982178,0.0021625069998663093,123,A05,cross-session,AdaBN
221,16,0,1.0610260963439941,0.002097909999974945,123,A05,cross-session,AdaBN
222,16,0,1.2170876264572144,0.002112630999818066,123,A05,cross-session,AdaBN
223,16,0,1.0467625856399536,0.0020988060000490805,123,A05,cross-session,AdaBN
224,16,1,1.0441315174102783,0.002207321000241791,123,A05,cross-session,AdaBN
225,16,0,1.1651697158813477,0.00212616800035903,123,A05,cross-session,AdaBN
226,16,1,1.1166822910308838,0.0021687500002371962,123,A05,cross-session,AdaBN
227,16,0,0.9637247323989868,0.0021653859998878033,123,A05,cross-session,AdaBN
228,16,0,1.025459885597229,0.0020385110001370776,123,A05,cross-session,AdaBN
229,16,0,1.1437134742736816,0.002128372999777639,123,A05,cross-session,AdaBN
230,16,0,1.1203739643096924,0.0021111320002091816,123,A05,cross-session,AdaBN
231,16,1,0.9607958197593689,0.002087050000227464,123,A05,cross-session,AdaBN
232,16,0,1.0114502906799316,0.002141243999631115,123,A05,cross-session,AdaBN
233,16,0,1.0305373668670654,0.0021887200000492157,123,A05,cross-session,AdaBN
234,16,0,0.9960187673568726,0.00210521000008157,123,A05,cross-session,AdaBN
235,16,0,1.1162444353103638,0.002073086999644147,123,A05,cross-session,AdaBN
236,16,0,0.9951909184455872,0.0021016179998696316,123,A05,cross-session,AdaBN
237,16,0,1.0368068218231201,0.0021532760001719,123,A05,cross-session,AdaBN
238,16,0,1.0371496677398682,0.002086408999730338,123,A05,cross-session,AdaBN
239,16,1,1.053387999534607,0.0021192939998400107,123,A05,cross-session,AdaBN
240,16,0,1.1177253723144531,0.0021404710000751948,123,A05,cross-session,AdaBN
241,16,1,0.9839166402816772,0.0020814659997085982,123,A05,cross-session,AdaBN
242,16,0,1.1384339332580566,0.0020883020001747354,123,A05,cross-session,AdaBN
243,16,1,0.9578324556350708,0.0022145910002109304,123,A05,cross-session,AdaBN
244,16,1,1.0852727890014648,0.002498115999969741,123,A05,cross-session,AdaBN
245,16,0,1.1238356828689575,0.0020745520000673423,123,A05,cross-session,AdaBN
246,16,0,1.0080996751785278,0.002042536000317341,123,A05,cross-session,AdaBN
247,16,0,1.0405402183532715,0.0020491909999691416,123,A05,cross-session,AdaBN
248,16,1,0.967803955078125,0.0021092560000397498,123,A05,cross-session,AdaBN
249,16,1,1.100348949432373,0.002127011000084167,123,A05,cross-session,AdaBN
250,16,0,1.036088466644287,0.002242060999833484,123,A05,cross-session,AdaBN
251,16,1,1.0348193645477295,0.0024084189999484806,123,A05,cross-session,AdaBN
252,16,1,1.0357705354690552,0.0025806329999795707,123,A05,cross-session,AdaBN
253,16,1,0.9678280353546143,0.00277984500007733,123,A05,cross-session,AdaBN
254,16,0,1.06423020362854,0.0030826020001768484,123,A05,cross-session,AdaBN
255,16,0,1.044260025024414,0.0032763260001047456,123,A05,cross-session,AdaBN
256,16,0,1.0168377161026,0.003237776999867492,123,A05,cross-session,AdaBN
257,16,0,1.0989196300506592,0.003072590000101627,123,A05,cross-session,AdaBN
258,16,0,0.998747706413269,0.0029312480000953656,123,A05,cross-session,AdaBN
259,16,1,1.0114507675170898,0.0027457860001049994,123,A05,cross-session,AdaBN
260,16,1,0.9832093715667725,0.0025991590000558062,123,A05,cross-session,AdaBN
261,16,1,0.9209667444229126,0.002487674000349216,123,A05,cross-session,AdaBN
262,16,1,0.9801307916641235,0.002354581999952643,123,A05,cross-session,AdaBN
263,16,0,0.9916703701019287,0.002266038000016124,123,A05,cross-session,AdaBN
264,16,0,1.0037753582000732,0.0021872269999221317,123,A05,cross-session,AdaBN
265,16,1,1.0578444004058838,0.002111993999733386,123,A05,cross-session,AdaBN
266,16,0,1.0628918409347534,0.002023061000272719,123,A05,cross-session,AdaBN
267,16,0,1.0560781955718994,0.0019850310000038007,123,A05,cross-session,AdaBN
268,16,0,0.9327821135520935,0.0019430629999988014,123,A05,cross-session,AdaBN
269,16,0,1.1390483379364014,0.0019785649997174914,123,A05,cross-session,AdaBN
270,16,0,1.081122875213623,0.0019355409999661788,123,A05,cross-session,AdaBN
271,16,0,0.9957746267318726,0.0019273919997431221,123,A05,cross-session,AdaBN
272,16,0,1.0611085891723633,0.0019292900001346425,123,A05,cross-session,AdaBN
273,16,1,0.9600182771682739,0.001957669999683276,123,A05,cross-session,AdaBN
274,16,0,1.0162310600280762,0.0019362670000191429,123,A05,cross-session,AdaBN
275,16,1,0.9687477350234985,0.0018735759999799484,123,A05,cross-session,AdaBN
276,16,0,0.9636671543121338,0.0018816329998116998,123,A05,cross-session,AdaBN
277,16,0,0.9766541719436646,0.0018668679999791493,123,A05,cross-session,AdaBN
278,16,0,0.9706000089645386,0.001849599999786733,123,A05,cross-session,AdaBN
279,16,0,0.9907712936401367,0.0018484690003788273,123,A05,cross-session,AdaBN
280,16,0,0.9774588346481323,0.0018737629998213379,123,A05,cross-session,AdaBN
281,16,0,1.0166977643966675,0.0019725960000869236,123,A05,cross-session,AdaBN
282,16,1,0.969955563545227,0.001977015000193205,123,A05,cross-session,AdaBN
283,16,0,0.9671792984008789,0.0020052369995937624,123,A05,cross-session,AdaBN
284,16,0,1.0470261573791504,0.0019746459997804777,123,A05,cross-session,AdaBN
285,16,1,1.0137065649032593,0.00197380500003419,123,A05,cross-session,AdaBN
286,16,0,0.9992586374282837,0.001973138000266772,123,A05,cross-session,AdaBN
287,16,0,1.005993127822876,0.0020106669999222504,123,A05,cross-session,AdaBN
0,1,1,1.3343322277069092,0.0031815799998184957,123,A06,cross-session,AdaBN
1,2,0,1.0161150693893433,0.004182955000032962,123,A06,cross-session,AdaBN
2,3,0,1.215295433998108,0.004375653999886708,123,A06,cross-session,AdaBN
3,4,1,1.103061556816101,0.004164319000210526,123,A06,cross-session,AdaBN
4,5,0,1.169350028038025,0.004219153000121878,123,A06,cross-session,AdaBN
5,6,1,1.2048022747039795,0.004083467000327801,123,A06,cross-session,AdaBN
6,7,1,1.0202730894088745,0.00468822699986049,123,A06,cross-session,AdaBN
7,8,0,1.1664137840270996,0.002233594999779598,123,A06,cross-session,AdaBN
8,9,1,1.138919711112976,0.001764143999935186,123,A06,cross-session,AdaBN
9,10,1,1.0578147172927856,0.0015294859999812616,123,A06,cross-session,AdaBN
10,11,1,1.0973141193389893,0.0015748280002298998,123,A06,cross-session,AdaBN
11,12,0,1.1365470886230469,0.0016907700000956538,123,A06,cross-session,AdaBN
12,13,1,1.1342289447784424,0.0018486560002202168,123,A06,cross-session,AdaBN
13,14,1,1.1302106380462646,0.0019347500001458684,123,A06,cross-session,AdaBN
14,15,1,1.086203694343567,0.0018629799997142982,123,A06,cross-session,AdaBN
15,16,1,1.0952911376953125,0.0019071660003646684,123,A06,cross-session,AdaBN
16,16,0,1.0980439186096191,0.0020885610001641908,123,A06,cross-session,AdaBN
17,16,0,1.0466651916503906,0.002211685000020225,123,A06,cross-session,AdaBN
18,16,1,1.0678234100341797,0.0021830179998687527,123,A06,cross-session,AdaBN
19,16,1,1.0508971214294434,0.0025050700000974757,123,A06,cross-session,AdaBN
20,16,1,1.0490615367889404,0.0027921850000893755,123,A06,cross-session,AdaBN
21,16,1,1.1776325702667236,0.0030762439996578905,123,A06,cross-session,AdaBN
22,16,0,1.104996681213379,0.0035552070003177505,123,A06,cross-session,AdaBN
23,16,0,1.133965253829956,0.00352676500006055,123,A06,cross-session,AdaBN
24,16,0,0.9816579818725586,0.003486681000140379,123,A06,cross-session,AdaBN
25,16,1,1.1427607536315918,0.003472481000244443,123,A06,cross-session,AdaBN
26,16,1,1.0703885555267334,0.0033377179997842177,123,A06,cross-session,AdaBN
27,16,0,1.0332937240600586,0.003203100000064296,123,A06,cross-session,AdaBN
28,16,0,1.048020362854004,0.0034923199996228504,123,A06,cross-session,AdaBN
29,16,0,1.0250784158706665,0.003630710000379622,123,A06,cross-session,AdaBN
30,16,1,1.1310778856277466,0.004727628000182449,123,A06,cross-session,AdaBN
31,16,0,1.1686735153198242,0.006150445999992371,123,A06,cross-session,AdaBN
32,16,1,1.0660252571105957,0.007444021000083012,123,A06,cross-session,AdaBN
33,16,1,1.1114097833633423,0.007461295999746653,123,A06,cross-session,AdaBN
34,16,1,1.105039119720459,0.007343253000271943,123,A06,cross-session,AdaBN
35,16,1,1.109407901763916,0.00714063699979306,123,A06,cross-session,AdaBN
36,16,1,1.1183850765228271,0.007093151999924885,123,A06,cross-session,AdaBN
37,16,1,1.013192057609558,0.007043866000003618,123,A06,cross-session,AdaBN
38,16,1,1.0076904296875,0.006904295999902388,123,A06,cross-session,AdaBN
39,16,1,0.993492841720581,0.006010739999965153,123,A06,cross-session,AdaBN
40,16,0,1.0318713188171387,0.005194838000079471,123,A06,cross-session,AdaBN
41,16,1,0.9503698348999023,0.0043841990000146325,123,A06,cross-session,AdaBN
42,16,0,1.0328953266143799,0.003642538999883982,123,A06,cross-session,AdaBN
43,16,1,0.9858741760253906,0.003112027000042872,123,A06,cross-session,AdaBN
44,16,0,1.0207539796829224,0.002712513000005856,123,A06,cross-session,AdaBN
45,16,1,1.040553092956543,0.002480538999861892,123,A06,cross-session,AdaBN
46,16,0,1.0762202739715576,0.002274052999837295,123,A06,cross-session,AdaBN
47,16,0,0.989021360874176,0.002136774000064179,123,A06,cross-session,AdaBN
48,16,0,1.1170357465744019,0.0019851820002259046,123,A06,cross-session,AdaBN
49,16,0,1.0615485906600952,0.0018880819998230436,123,A06,cross-session,AdaBN
50,16,0,1.0619053840637207,0.001759022999976878,123,A06,cross-session,AdaBN
51,16,1,1.08710515499115,0.0017378339998685988,123,A06,cross-session,AdaBN
52,16,1,1.025540828704834,0.0017041589999280404,123,A06,cross-session,AdaBN
53,16,0,1.0172452926635742,0.0016552619999856688,123,A06,cross-session,AdaBN
54,16,1,1.048437476158142,0.0016835630003697588,123,A06,cross-session,AdaBN
55,16,0,1.026322841644287,0.0017101389998970262,123,A06,cross-session,AdaBN
56,16,1,0.9417636394500732,0.0017480299998169357,123,A06,cross-session,AdaBN
57,16,0,1.1008152961730957,0.0017034979996424227,123,A06,cross-session,AdaBN
58,16,1,1.0882039070129395,0.001741310999932466,123,A06,cross-session,AdaBN
59,16,0,1.071226954460144,0.0018834929996955907,123,A06,cross-session,AdaBN
60,16,1,1.0289597511291504,0.0018982660003530327,123,A06,cross-session,AdaBN
61,16,0,0.996798038482666,0.0018922990002465667,123,A06,cross-session,AdaBN
62,16,0,1.0635986328125,0.001876352000181214,123,A06,cross-session,AdaBN
63,16,0,1.0396523475646973,0.0019191459996363847,123,A06,cross-session,AdaBN
64,16,1,1.0651860237121582,0.001909397999952489,123,A06,cross-session,AdaBN
65,16,0,1.0461835861206055,0.001893779999591061,123,A06,cross-session,AdaBN
66,16,0,1.0493476390838623,0.00192009100010182,123,A06,cross-session,AdaBN
67,16,0,1.0240774154663086,0.00188968099973863,123,A06,cross-session,AdaBN
68,16,0,1.0598738193511963,0.0019479389998195984,123,A06,cross-session,AdaBN
69,16,1,1.1106317043304443,0.002115867000156868,123,A06,cross-session,AdaBN
70,16,1,1.214351773262024,0.0020829129998674034,123,A06,cross-session,AdaBN
71,16,0,1.149095058441162,0.002066660000309639,123,A06,cross-session,AdaBN
72,16,1,1.1110374927520752,0.002075154000067414,123,A06,cross-session,AdaBN
73,16,0,1.175839900970459,0.002104271999996854,123,A06,cross-session,AdaBN
74,16,0,1.167073369026184,0.002098839999689517,123,A06,cross-session,AdaBN
75,16,0,1.047602891921997,0.0020913920002385566,123,A06,cross-session,AdaBN
76,16,1,1.1392147541046143,0.0021044500003881694,123,A06,cross-session,AdaBN
77,16,0,1.0940738916397095,0.0020940869999321876,123,A06,cross-session,AdaBN
78,16,0,0.9528896808624268,0.0020897689996672852,123,A06,cross-session,AdaBN
79,16,1,1.034463882446289,0.002174045999709051,123,A06,cross-session,AdaBN
80,16,1,1.0313341617584229,0.002143857000191929,123,A06,cross-session,AdaBN
81,16,1,1.1305803060531616,0.0021127029999661318,123,A06,cross-session,AdaBN
82,16,1,1.0449435710906982,0.0021381970000220463,123,A06,cross-session,AdaBN
83,16,0,1.0357837677001953,0.0021843559998160345,123,A06,cross-session,AdaBN
84,16,1,1.0766631364822388,0.0021201800000199,123,A06,cross-session,AdaBN
85,16,0,1.113440990447998,0.0021390039996731502,123,A06,cross-session,AdaBN
86,16,1,1.0762145519256592,0.0021106250001139415,123,A06,cross-session,AdaBN
87,16,0,0.9807351231575012,0.0020757429997502186,123,A06,cross-session,AdaBN
88,16,0,1.0301811695098877,0.0021482070001184184,123,A06,cross-session,AdaBN
89,16,0,0.9723494648933411,0.002134306999778346,123,A06,cross-session,AdaBN
90,16,0,1.0086997747421265,0.0021070020002298406,123,A06,cross-session,AdaBN
91,16,0,1.0675756931304932,0.002071789000183344,123,A06,cross-session,AdaBN
92,16,0,1.0377531051635742,0.0021018120000917406,123,A06,cross-session,AdaBN
93,16,1,1.1380243301391602,0.0021083040001030895,123,A06,cross-session,AdaBN
94,16,0,1.011418342590332,0.0021610750000036205,123,A06,cross-session,AdaBN
95,16,1,1.0428640842437744,0.0021070799998597067,123,A06,cross-session,AdaBN
96,16,1,0.960213840007782,0.0020438100000319537,123,A06,cross-session,AdaBN
97,16,1,0.961474597454071,0.0020507399999587506,123,A06,cross-session,AdaBN
98,16,0,0.9150564074516296,0.0020521110000117915,123,A06,cross-session,AdaBN
99,16,0,1.0088648796081543,0.0020777409999936935,123,A06,cross-session,AdaBN
100,16,1,0.9589645266532898,0.0020437570001377026,123,A06,cross-session,AdaBN
101,16,1,1.0426628589630127,0.002117943000030209,123,A06,cross-session,AdaBN
102,16,1,0.9705804586410522,0.002067423999960738,123,A06,cross-session,AdaBN
103,16,0,0.9497589468955994,0.002047193000180414,123,A06,cross-session,AdaBN
104,16,0,0.9208197593688965,0.0020541120002235402,123,A06,cross-session,AdaBN
105,16,1,0.8985360264778137,0.0021307420001903665,123,A06,cross-session,AdaBN
106,16,1,1.060291051864624,0.002076717999898392,123,A06,cross-session,AdaBN
107,16,0,0.9880041480064392,0.00207475599972895,123,A06,cross-session,AdaBN
108,16,1,0.9731042385101318,0.002112553999722877,123,A06,cross-session,AdaBN
109,16,1,0.9127459526062012,0.0020362029999887454,123,A06,cross-session,AdaBN
110,16,0,1.0091394186019897,0.002027367999744456,123,A06,cross-session,AdaBN
111,16,1,0.967126190662384,0.0020520929997474013,123,A06,cross-session,AdaBN
112,16,0,0.9830862879753113,0.0020760649999829184,123,A06,cross-session,AdaBN
113,16,1,1.0012542009353638,0.002101917999880243,123,A06,cross-session,AdaBN
114,16,1,0.9432592391967773,0.0021215059996393393,123,A06,cross-session,AdaBN
115,16,1,0.9155745506286621,0.0020770690002791525,123,A06,cross-session,AdaBN
116,16,0,0.9303825497627258,0.0020062329999746,123,A06,cross-session,AdaBN
117,16,0,0.9829448461532593,0.0020438210003703716,123,A06,cross-session,AdaBN
118,16,1,0.9994057416915894,0.002037603000189847,123,A06,cross-session,AdaBN
119,16,0,0.8997541069984436,0.0020386510000207636,123,A06,cross-session,AdaBN
120,16,0,0.910184383392334,0.0020793149997189175,123,A06,cross-session,AdaBN
121,16,0,0.9873833656311035,0.0020592780001607025,123,A06,cross-session,AdaBN
122,16,0,0.9801336526870728,0.0020361309998406796,123,A06,cross-session,AdaBN
123,16,0,1.002395510673523,0.002016601999912382,123,A06,cross-session,AdaBN
124,16,1,0.9800715446472168,0.002035270999840577,123,A06,cross-session,AdaBN
125,16,0,0.9906286001205444,0.0020355759997983114,123,A06,cross-session,AdaBN
126,16,0,1.075312852859497,0.0020232040001246787,123,A06,cross-session,AdaBN
127,16,0,1.0233190059661865,0.0020494509999480215,123,A06,cross-session,AdaBN
128,16,0,1.1037113666534424,0.002047130999926594,123,A06,cross-session,AdaBN
129,16,0,1.0357990264892578,0.0020180890001029184,123,A06,cross-session,AdaBN
130,16,1,1.1212191581726074,0.0020594309999069083,123,A06,cross-session,AdaBN
131,16,0,1.0806719064712524,0.002020197000092594,123,A06,cross-session,AdaBN
132,16,0,0.9756235480308533,0.002017087999774958,123,A06,cross-session,AdaBN
133,16,1,1.119577407836914,0.0020483579996835033,123,A06,cross-session,AdaBN
134,16,0,1.0960054397583008,0.002034438999999111,123,A06,cross-session,AdaBN
135,16,1,0.9864769577980042,0.0020154600001660583,123,A06,cross-session,AdaBN
136,16,0,1.1176950931549072,0.002014921000409231,123,A06,cross-session,AdaBN
137,16,0,0.9727576971054077,0.0020408800000950578,123,A06,cross-session,AdaBN
138,16,1,1.1078990697860718,0.002006600999720831,123,A06,cross-session,AdaBN
139,16,1,1.031390905380249,0.00200308400007998,123,A06,cross-session,AdaBN
140,16,0,1.039343237876892,0.002067782999802148,123,A06,cross-session,AdaBN
141,16,1,1.066129446029663,0.0020167940001556417,123,A06,cross-session,AdaBN
142,16,0,0.9865461587905884,0.0020105300000068382,123,A06,cross-session,AdaBN
143,16,1,1.0470993518829346,0.002104642000176682,123,A06,cross-session,AdaBN
144,16,0,0.9480406045913696,0.002114419999998063,123,A06,cross-session,AdaBN
145,16,1,1.0289909839630127,0.0020791790002476773,123,A06,cross-session,AdaBN
146,16,1,1.07499361038208,0.0020857439999417693,123,A06,cross-session,AdaBN
147,16,1,0.9389027953147888,0.002084484000079101,123,A06,cross-session,AdaBN
148,16,0,1.0023860931396484,0.0020786969998880522,123,A06,cross-session,AdaBN
149,16,1,0.934982419013977,0.0020777900003849936,123,A06,cross-session,AdaBN
150,16,1,0.9883664846420288,0.002129462999619136,123,A06,cross-session,AdaBN
151,16,1,0.9297491312026978,0.002141156000107003,123,A06,cross-session,AdaBN
152,16,0,1.0548728704452515,0.0020752949999405246,123,A06,cross-session,AdaBN
153,16,0,1.0247942209243774,0.0021218760002739145,123,A06,cross-session,AdaBN
154,16,0,0.9025594592094421,0.0021065659998384945,123,A06,cross-session,AdaBN
155,16,0,0.9652992486953735,0.0021191139999245934,123,A06,cross-session,AdaBN
156,16,0,0.8574972748756409,0.002160038999591052,123,A06,cross-session,AdaBN
157,16,1,0.9985922574996948,0.0020833190001212643,123,A06,cross-session,AdaBN
158,16,0,0.9659209847450256,0.002077372999792715,123,A06,cross-session,AdaBN
159,16,1,1.0106310844421387,0.002109964000283071,123,A06,cross-session,AdaBN
160,16,0,1.093030571937561,0.002103127999816934,123,A06,cross-session,AdaBN
161,16,1,0.9304368495941162,0.0021046970000497822,123,A06,cross-session,AdaBN
162,16,0,0.9844752550125122,0.0020755270002155157,123,A06,cross-session,AdaBN
163,16,1,1.04389226436615,0.002075661000162654,123,A06,cross-session,AdaBN
164,16,1,0.999636173248291,0.0020793240000784863,123,A06,cross-session,AdaBN
165,16,0,1.0460460186004639,0.002082382000025973,123,A06,cross-session,AdaBN
166,16,0,1.0561070442199707,0.0020902230003230216,123,A06,cross-session,AdaBN
167,16,0,1.017665982246399,0.0020834380002270336,123,A06,cross-session,AdaBN
168,16,1,1.0424480438232422,0.0020693589999609685,123,A06,cross-session,AdaBN
169,16,0,1.0591330528259277,0.0021022189998802787,123,A06,cross-session,AdaBN
170,16,0,1.0475239753723145,0.0021166039996387553,123,A06,cross-session,AdaBN
171,16,0,0.9072044491767883,0.0020645109998440603,123,A06,cross-session,AdaBN
172,16,1,0.9830920100212097,0.002121979000094143,123,A06,cross-session,AdaBN
173,16,1,1.0983169078826904,0.0020901709999634477,123,A06,cross-session,AdaBN
174,16,1,1.0456777811050415,0.002063426999939111,123,A06,cross-session,AdaBN
175,16,0,1.02782142162323,0.0020849520001320343,123,A06,cross-session,AdaBN
176,16,1,1.02628755569458,0.0020671039997068874,123,A06,cross-session,AdaBN
177,16,1,0.984215259552002,0.002046100000370643,123,A06,cross-session,AdaBN
178,16,1,1.0210943222045898,0.0020981119996577036,123,A06,cross-session,AdaBN
179,16,0,1.0236831903457642,0.0020830530002058367,123,A06,cross-session,AdaBN
180,16,0,0.8716832399368286,0.002033991000189417,123,A06,cross-session,AdaBN
181,16,0,1.06791353225708,0.0020363599996926496,123,A06,cross-session,AdaBN
182,16,0,1.0249584913253784,0.0020474390003073495,123,A06,cross-session,AdaBN
183,16,1,1.04684317111969,0.002031511000041064,123,A06,cross-session,AdaBN
184,16,0,1.0904638767242432,0.00203648200022144,123,A06,cross-session,AdaBN
185,16,1,1.0633959770202637,0.0020879349999631813,123,A06,cross-session,AdaBN
186,16,1,1.1086466312408447,0.0020691380000243953,123,A06,cross-session,AdaBN
187,16,0,0.9768389463424683,0.002079998000226624,123,A06,cross-session,AdaBN
188,16,0,0.960823655128479,0.002092623999942589,123,A06,cross-session,AdaBN
189,16,1,1.0060100555419922,0.0020313700001679535,123,A06,cross-session,AdaBN
190,16,0,0.962751567363739,0.002012742000260914,123,A06,cross-session,AdaBN
191,16,1,1.0068644285202026,0.0020614860000023327,123,A06,cross-session,AdaBN
192,16,0,1.0006859302520752,0.0020413739998730307,123,A06,cross-session,AdaBN
193,16,0,1.0519747734069824,0.002021219000198471,123,A06,cross-session,AdaBN
194,16,0,1.0717506408691406,0.0020079750001968932,123,A06,cross-session,AdaBN
195,16,1,0.9708500504493713,0.002057266000065283,123,A06,cross-session,AdaBN
196,16,1,1.0050572156906128,0.0020373010002003866,123,A06,cross-session,AdaBN
197,16,0,0.8893301486968994,0.0020169449999229982,123,A06,cross-session,AdaBN
198,16,1,0.8704624176025391,0.0020526889998109255,123,A06,cross-session,AdaBN
199,16,1,0.8891135454177856,0.0020340070000202104,123,A06,cross-session,AdaBN
200,16,1,1.0297832489013672,0.002013156999964849,123,A06,cross-session,AdaBN
201,16,0,0.9785845875740051,0.002057312000033562,123,A06,cross-session,AdaBN
202,16,0,1.0324088335037231,0.002069465000204218,123,A06,cross-session,AdaBN
203,16,1,1.0340811014175415,0.0020386850001159473,123,A06,cross-session,AdaBN
204,16,1,1.0318875312805176,0.0020466149999265326,123,A06,cross-session,AdaBN
205,16,0,1.0678510665893555,0.002059515999917494,123,A06,cross-session,AdaBN
206,16,0,0.9473587274551392,0.0020334310001999256,123,A06,cross-session,AdaBN
207,16,1,1.1283037662506104,0.002016289000039251,123,A06,cross-session,AdaBN
208,16,0,1.0565478801727295,0.002077389999612933,123,A06,cross-session,AdaBN
209,16,0,0.9786548614501953,0.0020471039997573826,123,A06,cross-session,AdaBN
210,16,0,1.101215124130249,0.002063796000129514,123,A06,cross-session,AdaBN
211,16,1,1.0043139457702637,0.0020613800002138305,123,A06,cross-session,AdaBN
212,16,0,1.0951974391937256,0.0020425640000212297,123,A06,cross-session,AdaBN
213,16,1,0.8932713866233826,0.0020116149999012123,123,A06,cross-session,AdaBN
214,16,1,1.0752034187316895,0.0020350130002952938,123,A06,cross-session,AdaBN
215,16,1,1.0899577140808105,0.002044309999746474,123,A06,cross-session,AdaBN
216,16,0,1.0935192108154297,0.002012788000229193,123,A06,cross-session,AdaBN
217,16,0,1.0810374021530151,0.0020250069997018727,123,A06,cross-session,AdaBN
218,16,0,0.9086040258407593,0.0020734620002258453,123,A06,cross-session,AdaBN
219,16,1,0.9733898639678955,0.0020207950001349673,123,A06,cross-session,AdaBN
220,16,0,1.0383713245391846,0.0020170210000287625,123,A06,cross-session,AdaBN
221,16,1,1.0680944919586182,0.0020600719999492867,123,A06,cross-session,AdaBN
222,16,1,1.042619228363037,0.0020203869999022572,123,A06,cross-session,AdaBN
223,16,0,0.8507396578788757,0.002006006000101479,123,A06,cross-session,AdaBN
224,16,1,1.010009765625,0.0020524300002762175,123,A06,cross-session,AdaBN
225,16,0,1.0256731510162354,0.0020296100001360173,123,A06,cross-session,AdaBN
226,16,1,0.9611491560935974,0.0020289369999773044,123,A06,cross-session,AdaBN
227,16,0,0.9501757025718689,0.0020624830003725947,123,A06,cross-session,AdaBN
228,16,1,1.0635673999786377,0.002051912999831984,123,A06,cross-session,AdaBN
229,16,1,1.0125879049301147,0.0020244979996277834,123,A06,cross-session,AdaBN
230,16,0,1.0208711624145508,0.0020249239996701363,123,A06,cross-session,AdaBN
231,16,0,1.0850913524627686,0.002054467000107252,123,A06,cross-session,AdaBN
232,16,1,0.9623083472251892,0.0020459879997360986,123,A06,cross-session,AdaBN
233,16,0,1.0013844966888428,0.0020424899998943147,123,A06,cross-session,AdaBN
234,16,0,0.9677934646606445,0.0021295450001161953,123,A06,cross-session,AdaBN
235,16,1,0.9601345658302307,0.0020745540000461915,123,A06,cross-session,AdaBN
236,16,0,0.9163552522659302,0.00200747600001705,123,A06,cross-session,AdaBN
237,16,1,0.8875470161437988,0.002037755999936053,123,A06,cross-session,AdaBN
238,16,1,0.9289286136627197,0.0020307599997977377,123,A06,cross-session,AdaBN
239,16,1,0.8281517624855042,0.0020060310002918413,123,A06,cross-session,AdaBN
240,16,0,0.8429956436157227,0.002072934999887366,123,A06,cross-session,AdaBN
241,16,1,0.9401662945747375,0.0020351429998299864,123,A06,cross-session,AdaBN
242,16,1,0.9622177481651306,0.0020214460000715917,123,A06,cross-session,AdaBN
243,16,0,0.8370605111122131,0.0020135810000283527,123,A06,cross-session,AdaBN
244,16,1,0.9207050204277039,0.002071713999612257,123,A06,cross-session,AdaBN
245,16,0,0.9558571577072144,0.0020351879998088407,123,A06,cross-session,AdaBN
246,16,0,0.8718184232711792,0.0020120939998378162,123,A06,cross-session,AdaBN
247,16,1,0.8930273652076721,0.0020577569998749823,123,A06,cross-session,AdaBN
248,16,1,0.8743457794189453,0.0020396929999151325,123,A06,cross-session,AdaBN
249,16,1,0.8771042823791504,0.002015063000271766,123,A06,cross-session,AdaBN
250,16,0,1.007009506225586,0.002017941999838513,123,A06,cross-session,AdaBN
251,16,0,0.9560447931289673,0.0020283829999243608,123,A06,cross-session,AdaBN
252,16,1,0.8722100853919983,0.002041843000370136,123,A06,cross-session,AdaBN
253,16,0,0.9321203231811523,0.002019774000018515,123,A06,cross-session,AdaBN
254,16,1,1.0405973196029663,0.0020382669999889913,123,A06,cross-session,AdaBN
255,16,1,0.9485459327697754,0.0020304079998823,123,A06,cross-session,AdaBN
256,16,0,0.9080121517181396,0.0020348120001472125,123,A06,cross-session,AdaBN
257,16,0,0.9813852310180664,0.002060460999928182,123,A06,cross-session,AdaBN
258,16,0,0.9926470518112183,0.0020459050001591095,123,A06,cross-session,AdaBN
259,16,0,1.0228813886642456,0.0020455069998206454,123,A06,cross-session,AdaBN
260,16,1,0.9477335810661316,0.002106525999806763,123,A06,cross-session,AdaBN
261,16,0,0.982536256313324,0.0020951960000274994,123,A06,cross-session,AdaBN
262,16,0,0.972491443157196,0.0020291019995966053,123,A06,cross-session,AdaBN
263,16,0,1.0431071519851685,0.0020568239997373894,123,A06,cross-session,AdaBN
264,16,1,1.0979945659637451,0.0020500350001384504,123,A06,cross-session,AdaBN
265,16,1,1.0277979373931885,0.0020359360000838933,123,A06,cross-session,AdaBN
266,16,0,0.8765020370483398,0.002046607000011136,123,A06,cross-session,AdaBN
267,16,0,1.0143184661865234,0.002096146999974735,123,A06,cross-session,AdaBN
268,16,0,1.0286458730697632,0.0020425930001692905,123,A06,cross-session,AdaBN
269,16,1,1.0180045366287231,0.002034179000020231,123,A06,cross-session,AdaBN
270,16,1,0.9722425937652588,0.002073721999749978,123,A06,cross-session,AdaBN
271,16,1,0.8348809480667114,0.0020644490000449878,123,A06,cross-session,AdaBN
272,16,1,1.0320522785186768,0.0021075510003356612,123,A06,cross-session,AdaBN
273,16,0,0.9182514548301697,0.0021508210002139094,123,A06,cross-session,AdaBN
274,16,1,1.0271774530410767,0.0021630170003845706,123,A06,cross-session,AdaBN
275,16,0,1.0525078773498535,0.0020335529998192214,123,A06,cross-session,AdaBN
276,16,1,0.9784706830978394,0.002061677000256168,123,A06,cross-session,AdaBN
277,16,0,0.9874306917190552,0.002052417999948375,123,A06,cross-session,AdaBN
278,16,0,0.9486563205718994,0.002033074999872042,123,A06,cross-session,AdaBN
279,16,0,0.9618830680847168,0.0021018659999754163,123,A06,cross-session,AdaBN
280,16,1,1.0128958225250244,0.0021270840002216573,123,A06,cross-session,AdaBN
281,16,1,0.9717755317687988,0.0020939699998052674,123,A06,cross-session,AdaBN
282,16,0,0.9446437358856201,0.002068796999992628,123,A06,cross-session,AdaBN
283,16,0,1.017668604850769,0.002072102000056475,123,A06,cross-session,AdaBN
284,16,0,0.9267597198486328,0.002143496999906347,123,A06,cross-session,AdaBN
285,16,1,1.001084327697754,0.002128902999629645,123,A06,cross-session,AdaBN
286,16,1,0.9202682971954346,0.002084222000121372,123,A06,cross-session,AdaBN
287,16,0,0.833078145980835,0.002035032000094361,123,A06,cross-session,AdaBN
0,1,1,1.325575351715088,0.0031259030001820065,123,A07,cross-session,AdaBN
1,2,0,0.9572804570198059,0.004574648000016168,123,A07,cross-session,AdaBN
2,3,1,0.9891836047172546,0.004756918000111909,123,A07,cross-session,AdaBN
3,4,0,1.07615327835083,0.004419753000092896,123,A07,cross-session,AdaBN
4,5,1,0.9177948236465454,0.003906029000063427,123,A07,cross-session,AdaBN
5,6,1,0.8775100708007812,0.00443251800015787,123,A07,cross-session,AdaBN
6,7,1,0.931238055229187,0.00476738999986992,123,A07,cross-session,AdaBN
7,8,1,1.0826855897903442,0.0034526499998719373,123,A07,cross-session,AdaBN
8,9,0,0.8527594804763794,0.0030118230001789925,123,A07,cross-session,AdaBN
9,10,1,0.9493505358695984,0.002818423000007897,123,A07,cross-session,AdaBN
10,11,1,1.0292720794677734,0.0031148549996942165,123,A07,cross-session,AdaBN
11,12,1,0.8683034777641296,0.003328002999751334,123,A07,cross-session,AdaBN
12,13,1,0.9563871622085571,0.003328052000142634,123,A07,cross-session,AdaBN
13,14,0,0.869683027267456,0.0033237899997402565,123,A07,cross-session,AdaBN
14,15,1,0.9282607436180115,0.004109830999823316,123,A07,cross-session,AdaBN
15,16,0,0.8836002349853516,0.005319963000147254,123,A07,cross-session,AdaBN
16,16,0,0.8155645132064819,0.00760886100033531,123,A07,cross-session,AdaBN
17,16,1,0.8545963168144226,0.007816885000011098,123,A07,cross-session,AdaBN
18,16,0,0.8531240224838257,0.007597176000217587,123,A07,cross-session,AdaBN
19,16,1,0.8208158016204834,0.007637798000359908,123,A07,cross-session,AdaBN
20,16,0,0.7372109889984131,0.007690846000059537,123,A07,cross-session,AdaBN
21,16,1,0.7710068225860596,0.007492026999898371,123,A07,cross-session,AdaBN
22,16,1,0.7862589359283447,0.007486464999601594,123,A07,cross-session,AdaBN
23,16,1,0.8580926656723022,0.007513216000006651,123,A07,cross-session,AdaBN
24,16,0,0.6915048360824585,0.007386839999981021,123,A07,cross-session,AdaBN
25,16,0,0.7385722398757935,0.007069003000196972,123,A07,cross-session,AdaBN
26,16,1,0.7225613594055176,0.007043704999887268,123,A07,cross-session,AdaBN
27,16,0,0.8109223246574402,0.006995714000368025,123,A07,cross-session,AdaBN
28,16,1,0.7862860560417175,0.0062031659999775,123,A07,cross-session,AdaBN
29,16,0,0.7987676858901978,0.005214275000071211,123,A07,cross-session,AdaBN
30,16,1,0.8550517559051514,0.004489698000270437,123,A07,cross-session,AdaBN
31,16,0,0.8934191465377808,0.003779700999984925,123,A07,cross-session,AdaBN
32,16,0,0.7809329032897949,0.0031267660001503828,123,A07,cross-session,AdaBN
33,16,0,0.8307348489761353,0.0026972310001838196,123,A07,cross-session,AdaBN
34,16,1,0.7930200695991516,0.0023321770004258724,123,A07,cross-session,AdaBN
35,16,0,0.8377339839935303,0.0021037659998910385,123,A07,cross-session,AdaBN
36,16,1,0.8993585109710693,0.001945977999639581,123,A07,cross-session,AdaBN
37,16,1,0.9205620288848877,0.0018166149998251058,123,A07,cross-session,AdaBN
38,16,0,0.9520692229270935,0.001758318000156578,123,A07,cross-session,AdaBN
39,16,0,0.8443939685821533,0.0016576809998696262,123,A07,cross-session,AdaBN
40,16,1,0.8523938655853271,0.0016213999997489736,123,A07,cross-session,AdaBN
41,16,0,0.7965147495269775,0.0018568250002317654,123,A07,cross-session,AdaBN
42,16,1,0.898213267326355,0.001628202000119927,123,A07,cross-session,AdaBN
43,16,0,0.8572198152542114,0.0016369219997613982,123,A07,cross-session,AdaBN
44,16,1,0.6826125383377075,0.0016374709998672188,123,A07,cross-session,AdaBN
45,16,0,0.6929918527603149,0.0016229079997174267,123,A07,cross-session,AdaBN
46,16,0,0.746872067451477,0.0015437299998666276,123,A07,cross-session,AdaBN
47,16,1,0.7442620992660522,0.0017092099997171317,123,A07,cross-session,AdaBN
48,16,0,0.7820864915847778,0.0016490849998263002,123,A07,cross-session,AdaBN
49,16,0,0.8281430006027222,0.0015689550000388408,123,A07,cross-session,AdaBN
50,16,0,0.7818946838378906,0.0015830380002626043,123,A07,cross-session,AdaBN
51,16,0,0.736464262008667,0.0016832750002322427,123,A07,cross-session,AdaBN
52,16,0,0.7476863265037537,0.0018314629996893927,123,A07,cross-session,AdaBN
53,16,1,0.8697829842567444,0.0018704059998526645,123,A07,cross-session,AdaBN
54,16,1,0.8002880811691284,0.0018668339998839656,123,A07,cross-session,AdaBN
55,16,0,0.7711905241012573,0.0018794109996633779,123,A07,cross-session,AdaBN
56,16,0,0.8391931056976318,0.0018622739999045734,123,A07,cross-session,AdaBN
57,16,1,0.8335926532745361,0.0018365850000918726,123,A07,cross-session,AdaBN
58,16,1,0.8910219669342041,0.0018598110000311863,123,A07,cross-session,AdaBN
59,16,1,0.7331864237785339,0.0018424949998916418,123,A07,cross-session,AdaBN
60,16,1,0.7025892734527588,0.0018326419999539212,123,A07,cross-session,AdaBN
61,16,0,0.8094062209129333,0.001875753000149416,123,A07,cross-session,AdaBN
62,16,0,0.7850013375282288,0.00185299099985059,123,A07,cross-session,AdaBN
63,16,1,0.8532751798629761,0.0018353789996581327,123,A07,cross-session,AdaBN
64,16,1,0.7611526250839233,0.0018389589999969758,123,A07,cross-session,AdaBN
65,16,1,0.8744306564331055,0.0018515599999773258,123,A07,cross-session,AdaBN
66,16,0,0.7669602632522583,0.0018357690000812,123,A07,cross-session,AdaBN
67,16,1,0.8610519766807556,0.0018378540003141097,123,A07,cross-session,AdaBN
68,16,1,0.8422571420669556,0.001841813999817532,123,A07,cross-session,AdaBN
69,16,0,0.8405054807662964,0.001866630000222358,123,A07,cross-session,AdaBN
70,16,0,0.811853289604187,0.0018584589997772127,123,A07,cross-session,AdaBN
71,16,0,0.8320317268371582,0.0020408169998518133,123,A07,cross-session,AdaBN
72,16,0,0.7755846381187439,0.0020351299999674666,123,A07,cross-session,AdaBN
73,16,1,0.7335928082466125,0.0020327870001892734,123,A07,cross-session,AdaBN
74,16,1,0.8424474596977234,0.0020296120001148665,123,A07,cross-session,AdaBN
75,16,1,0.7965821027755737,0.002029074999882141,123,A07,cross-session,AdaBN
76,16,1,0.7863114476203918,0.002054152999789949,123,A07,cross-session,AdaBN
77,16,1,0.8294334411621094,0.0020792010000150185,123,A07,cross-session,AdaBN
78,16,1,0.7290527820587158,0.0021048670000709535,123,A07,cross-session,AdaBN
79,16,0,0.800125241279602,0.0020647599999392696,123,A07,cross-session,AdaBN
80,16,0,0.8249194622039795,0.002063385999917955,123,A07,cross-session,AdaBN
81,16,0,0.7737987041473389,0.0020689520001724304,123,A07,cross-session,AdaBN
82,16,0,0.7998424172401428,0.002152001000013115,123,A07,cross-session,AdaBN
83,16,1,0.8689206838607788,0.002163525000014488,123,A07,cross-session,AdaBN
84,16,0,0.8455410003662109,0.002144501000202581,123,A07,cross-session,AdaBN
85,16,0,0.8415316343307495,0.002153783999801817,123,A07,cross-session,AdaBN
86,16,1,0.7330313920974731,0.002146206999896094,123,A07,cross-session,AdaBN
87,16,0,0.8252561092376709,0.002165025000067544,123,A07,cross-session,AdaBN
88,16,0,0.7753783464431763,0.0021575030000349216,123,A07,cross-session,AdaBN
89,16,0,0.8874197006225586,0.002159097000003385,123,A07,cross-session,AdaBN
90,16,1,0.7880603671073914,0.0021611229999507486,123,A07,cross-session,AdaBN
91,16,0,0.8742668628692627,0.002165946000332042,123,A07,cross-session,AdaBN
92,16,0,0.8759024739265442,0.0021467420001499704,123,A07,cross-session,AdaBN
93,16,0,0.8263192772865295,0.0021499989998119418,123,A07,cross-session,AdaBN
94,16,1,0.8794623017311096,0.002185027999985323,123,A07,cross-session,AdaBN
95,16,1,0.8011027574539185,0.0021922109999650274,123,A07,cross-session,AdaBN
96,16,1,0.8461242914199829,0.002154962000076921,123,A07,cross-session,AdaBN
97,16,1,0.81830894947052,0.0021861979998902825,123,A07,cross-session,AdaBN
98,16,0,0.8840787410736084,0.0021572330001617956,123,A07,cross-session,AdaBN
99,16,0,0.7598646879196167,0.0022119770001154393,123,A07,cross-session,AdaBN
100,16,1,0.9804412126541138,0.0021883559998059354,123,A07,cross-session,AdaBN
101,16,1,0.7772107124328613,0.0021754409999630298,123,A07,cross-session,AdaBN
102,16,1,0.8588687181472778,0.002154096000140271,123,A07,cross-session,AdaBN
103,16,0,0.7869335412979126,0.002206029000262788,123,A07,cross-session,AdaBN
104,16,0,0.8856144547462463,0.0021928959999968356,123,A07,cross-session,AdaBN
105,16,0,0.8425251245498657,0.002164085000003979,123,A07,cross-session,AdaBN
106,16,1,0.8998491168022156,0.0021616250000988657,123,A07,cross-session,AdaBN
107,16,0,0.8422031402587891,0.0022076929999457207,123,A07,cross-session,AdaBN
108,16,0,0.8841948509216309,0.002150632999928348,123,A07,cross-session,AdaBN
109,16,0,0.8186339139938354,0.0022015909999026917,123,A07,cross-session,AdaBN
110,16,0,0.8039946556091309,0.0021680909999304276,123,A07,cross-session,AdaBN
111,16,0,0.7313486933708191,0.0021518489998015866,123,A07,cross-session,AdaBN
112,16,0,0.8399641513824463,0.0021761519997198775,123,A07,cross-session,AdaBN
113,16,1,0.8590872883796692,0.0021715079997193243,123,A07,cross-session,AdaBN
114,16,0,0.8476412296295166,0.0021502170002349885,123,A07,cross-session,AdaBN
115,16,1,0.7858147621154785,0.0021568580000348447,123,A07,cross-session,AdaBN
116,16,1,0.7669873237609863,0.0021519119995900837,123,A07,cross-session,AdaBN
117,16,0,0.7845656871795654,0.0021492229998330004,123,A07,cross-session,AdaBN
118,16,0,0.8249180316925049,0.0021653180001521832,123,A07,cross-session,AdaBN
119,16,0,0.7824135422706604,0.002210246000231564,123,A07,cross-session,AdaBN
120,16,0,0.8470690250396729,0.0021660679999513377,123,A07,cross-session,AdaBN
121,16,1,0.71379554271698,0.0021666369998456503,123,A07,cross-session,AdaBN
122,16,1,0.8038142919540405,0.002163411000310589,123,A07,cross-session,AdaBN
123,16,0,0.7486240863800049,0.002224384999863105,123,A07,cross-session,AdaBN
124,16,1,0.728371262550354,0.0022426269997595227,123,A07,cross-session,AdaBN
125,16,1,0.7565934658050537,0.0021974619999127754,123,A07,cross-session,AdaBN
126,16,1,0.737464427947998,0.002180038999995304,123,A07,cross-session,AdaBN
127,16,1,0.7687796950340271,0.0021691830002055212,123,A07,cross-session,AdaBN
128,16,1,0.7460548281669617,0.0021709500001634296,123,A07,cross-session,AdaBN
129,16,1,0.7511399984359741,0.0021624609998980304,123,A07,cross-session,AdaBN
130,16,0,0.7613561749458313,0.0021830700002283265,123,A07,cross-session,AdaBN
131,16,0,0.7910223007202148,0.002184370000122726,123,A07,cross-session,AdaBN
132,16,1,0.7503427863121033,0.0021670860000995162,123,A07,cross-session,AdaBN
133,16,0,0.8511008024215698,0.0021622630001729704,123,A07,cross-session,AdaBN
134,16,1,0.7503243684768677,0.0021959329997116583,123,A07,cross-session,AdaBN
135,16,1,0.6673458814620972,0.0021769929999209126,123,A07,cross-session,AdaBN
136,16,0,0.7603033781051636,0.002170105999994121,123,A07,cross-session,AdaBN
137,16,0,0.7701114416122437,0.002170196999941254,123,A07,cross-session,AdaBN
138,16,0,0.802281379699707,0.002204962999712734,123,A07,cross-session,AdaBN
139,16,1,0.7272911667823792,0.0021913830000812595,123,A07,cross-session,AdaBN
140,16,0,0.8654411435127258,0.0021950029999970866,123,A07,cross-session,AdaBN
141,16,1,0.7162219285964966,0.0021662819999619387,123,A07,cross-session,AdaBN
142,16,0,0.7603067755699158,0.0022011620003468124,123,A07,cross-session,AdaBN
143,16,1,0.7244863510131836,0.0022233220001908194,123,A07,cross-session,AdaBN
144,16,0,0.9155696630477905,0.0021789269999317185,123,A07,cross-session,AdaBN
145,16,1,0.8811756372451782,0.0021721809998780373,123,A07,cross-session,AdaBN
146,16,0,0.8517738580703735,0.0022020659998815972,123,A07,cross-session,AdaBN
147,16,1,0.8994460105895996,0.0021861059999537247,123,A07,cross-session,AdaBN
148,16,1,0.8530908226966858,0.002171887999793398,123,A07,cross-session,AdaBN
149,16,1,0.7744110822677612,0.002228735000244342,123,A07,cross-session,AdaBN
150,16,1,0.7650772929191589,0.0021957349999865983,123,A07,cross-session,AdaBN
151,16,1,0.774182915687561,0.002165614000205096,123,A07,cross-session,AdaBN
152,16,0,0.8862925171852112,0.002181840000048396,123,A07,cross-session,AdaBN
153,16,0,0.6966935396194458,0.0022111230000518844,123,A07,cross-session,AdaBN
154,16,0,0.8159598708152771,0.002158543999939866,123,A07,cross-session,AdaBN
155,16,1,0.8062983751296997,0.0022066689998609945,123,A07,cross-session,AdaBN
156,16,1,0.8291522264480591,0.0022042329997020715,123,A07,cross-session,AdaBN
157,16,1,0.8068015575408936,0.0021825100002388353,123,A07,cross-session,AdaBN
158,16,1,0.820917546749115,0.002182684000217705,123,A07,cross-session,AdaBN
159,16,0,0.8505434989929199,0.0021691510000891867,123,A07,cross-session,AdaBN
160,16,0,0.7684522867202759,0.0021643969998876855,123,A07,cross-session,AdaBN
161,16,0,0.7290342450141907,0.0021349990001908736,123,A07,cross-session,AdaBN
162,16,1,0.7502447366714478,0.002159037999717839,123,A07,cross-session,AdaBN
163,16,0,0.7776292562484741,0.0021399049996944086,123,A07,cross-session,AdaBN
164,16,1,0.7324724197387695,0.0021311250002327142,123,A07,cross-session,AdaBN
165,16,0,0.7047248482704163,0.0021541549999710696,123,A07,cross-session,AdaBN
166,16,0,0.8521355390548706,0.0021384309998211393,123,A07,cross-session,AdaBN
167,16,0,0.7068270444869995,0.002144910999959393,123,A07,cross-session,AdaBN
168,16,1,0.7453228235244751,0.0021711740000682767,123,A07,cross-session,AdaBN
169,16,0,0.8305844664573669,0.0021811840001646488,123,A07,cross-session,AdaBN
170,16,0,0.7822088003158569,0.0021580010002253402,123,A07,cross-session,AdaBN
171,16,1,0.8336538672447205,0.0022026510000614508,123,A07,cross-session,AdaBN
172,16,0,0.9481305480003357,0.0021795379998366116,123,A07,cross-session,AdaBN
173,16,1,0.8528711795806885,0.0021917580002082104,123,A07,cross-session,AdaBN
174,16,1,0.8368509411811829,0.002185835000091174,123,A07,cross-session,AdaBN
175,16,1,0.8296103477478027,0.0021643509999194066,123,A07,cross-session,AdaBN
176,16,1,0.7265757322311401,0.0021573109997916617,123,A07,cross-session,AdaBN
177,16,0,0.8301294445991516,0.0022703100003127474,123,A07,cross-session,AdaBN
178,16,0,0.8481458425521851,0.0021877649996895343,123,A07,cross-session,AdaBN
179,16,0,0.9036455750465393,0.002161174999855575,123,A07,cross-session,AdaBN
180,16,1,0.8147693276405334,0.0022149490000629157,123,A07,cross-session,AdaBN
181,16,0,0.843290388584137,0.0021915990000707097,123,A07,cross-session,AdaBN
182,16,1,0.8384877443313599,0.0021855310001228645,123,A07,cross-session,AdaBN
183,16,0,0.8011599183082581,0.0021902159996898263,123,A07,cross-session,AdaBN
184,16,0,0.8946720361709595,0.002241913000034401,123,A07,cross-session,AdaBN
185,16,1,0.8176137208938599,0.002171959999941464,123,A07,cross-session,AdaBN
186,16,0,0.8693681359291077,0.002208935999988171,123,A07,cross-session,AdaBN
187,16,1,0.8873684406280518,0.0021742550002272765,123,A07,cross-session,AdaBN
188,16,0,0.7931925058364868,0.002180544000111695,123,A07,cross-session,AdaBN
189,16,1,0.7747732400894165,0.0021963520002827863,123,A07,cross-session,AdaBN
190,16,0,0.8810712099075317,0.002159760000267852,123,A07,cross-session,AdaBN
191,16,1,0.9162455797195435,0.0021391830000538903,123,A07,cross-session,AdaBN
192,16,0,0.8009207248687744,0.0021395750000010594,123,A07,cross-session,AdaBN
193,16,1,0.8056932687759399,0.002150510999854305,123,A07,cross-session,AdaBN
194,16,1,0.8177878260612488,0.002137625999694137,123,A07,cross-session,AdaBN
195,16,0,0.7215337753295898,0.002176474999942002,123,A07,cross-session,AdaBN
196,16,0,0.8703686594963074,0.002178014000037365,123,A07,cross-session,AdaBN
197,16,0,0.7196953296661377,0.002133069000137766,123,A07,cross-session,AdaBN
198,16,1,0.7009257674217224,0.00215407999985473,123,A07,cross-session,AdaBN
199,16,1,0.6689107418060303,0.0021345959999052866,123,A07,cross-session,AdaBN
200,16,1,0.7066165208816528,0.0021898179998061096,123,A07,cross-session,AdaBN
201,16,0,0.7044930458068848,0.002182764999815845,123,A07,cross-session,AdaBN
202,16,0,0.7529391646385193,0.002136614999926678,123,A07,cross-session,AdaBN
203,16,0,0.6869782209396362,0.002130255000338366,123,A07,cross-session,AdaBN
204,16,0,0.6613523364067078,0.002168297000025632,123,A07,cross-session,AdaBN
205,16,1,0.7759155631065369,0.002170377999846096,123,A07,cross-session,AdaBN
206,16,1,0.7646580338478088,0.002119371999924624,123,A07,cross-session,AdaBN
207,16,1,0.6894059181213379,0.0021278499998516054,123,A07,cross-session,AdaBN
208,16,0,0.7766792178153992,0.002128170000105456,123,A07,cross-session,AdaBN
209,16,0,0.7848370671272278,0.0021607310000035795,123,A07,cross-session,AdaBN
210,16,1,0.7859324216842651,0.002110168000399426,123,A07,cross-session,AdaBN
211,16,1,0.7745495438575745,0.0021814669999002945,123,A07,cross-session,AdaBN
212,16,1,0.8274185657501221,0.0021444459998747334,123,A07,cross-session,AdaBN
213,16,0,0.7939591407775879,0.002186959000027855,123,A07,cross-session,AdaBN
214,16,1,0.8602495193481445,0.002174863999698573,123,A07,cross-session,AdaBN
215,16,0,0.7263067960739136,0.0021347459996832185,123,A07,cross-session,AdaBN
216,16,1,0.7078394889831543,0.0021150040001884918,123,A07,cross-session,AdaBN
217,16,0,0.7145329713821411,0.002203422000093269,123,A07,cross-session,AdaBN
218,16,0,0.6943183541297913,0.0021358349999900383,123,A07,cross-session,AdaBN
219,16,0,0.6930865049362183,0.0021168409998608695,123,A07,cross-session,AdaBN
220,16,0,0.6746792793273926,0.0021535830001084832,123,A07,cross-session,AdaBN
221,16,0,0.6913521885871887,0.002152429000034317,123,A07,cross-session,AdaBN
222,16,1,0.7106679677963257,0.0021611659999507538,123,A07,cross-session,AdaBN
223,16,1,0.6857542991638184,0.0021508280001398816,123,A07,cross-session,AdaBN
224,16,1,0.6782708764076233,0.002123027000379807,123,A07,cross-session,AdaBN
225,16,1,0.6211874485015869,0.0020909629997731827,123,A07,cross-session,AdaBN
226,16,1,0.5880640149116516,0.0021088049998070346,123,A07,cross-session,AdaBN
227,16,0,0.6478078365325928,0.0021219039999778033,123,A07,cross-session,AdaBN
228,16,1,0.6990019083023071,0.0020936949999850185,123,A07,cross-session,AdaBN
229,16,1,0.6654312610626221,0.0020897049998893635,123,A07,cross-session,AdaBN
230,16,1,0.6813657283782959,0.002093226999932085,123,A07,cross-session,AdaBN
231,16,0,0.7905631065368652,0.0020944869997947535,123,A07,cross-session,AdaBN
232,16,0,0.6036319732666016,0.0021285399998305365,123,A07,cross-session,AdaBN
233,16,0,0.7871110439300537,0.0021365929997045896,123,A07,cross-session,AdaBN
234,16,0,0.7574024200439453,0.002100596000218502,123,A07,cross-session,AdaBN
235,16,1,0.6894257068634033,0.002077771000131179,123,A07,cross-session,AdaBN
236,16,0,0.6925305128097534,0.002121808000083547,123,A07,cross-session,AdaBN
237,16,0,0.7583073377609253,0.0021225200002845668,123,A07,cross-session,AdaBN
238,16,0,0.7385924458503723,0.002115473999765527,123,A07,cross-session,AdaBN
239,16,0,0.5976707339286804,0.00212241899998844,123,A07,cross-session,AdaBN
240,16,1,0.7285730838775635,0.0020922660000906035,123,A07,cross-session,AdaBN
241,16,1,0.7308858633041382,0.002095810999890091,123,A07,cross-session,AdaBN
242,16,0,0.6916476488113403,0.0021031280002716812,123,A07,cross-session,AdaBN
243,16,1,0.6688250303268433,0.002139903999704984,123,A07,cross-session,AdaBN
244,16,1,0.7767401337623596,0.002098232999742322,123,A07,cross-session,AdaBN
245,16,0,0.799996018409729,0.002093167000111862,123,A07,cross-session,AdaBN
246,16,1,0.7703652381896973,0.002091955999730999,123,A07,cross-session,AdaBN
247,16,0,0.719365119934082,0.0020883669999420817,123,A07,cross-session,AdaBN
248,16,1,0.817258358001709,0.0020766510001521965,123,A07,cross-session,AdaBN
249,16,0,0.7570961713790894,0.0020856290002484457,123,A07,cross-session,AdaBN
250,16,1,0.8100103139877319,0.0021109130002514576,123,A07,cross-session,AdaBN
251,16,0,0.7529846429824829,0.0021166269998502685,123,A07,cross-session,AdaBN
252,16,0,0.748887836933136,0.0021487919998435245,123,A07,cross-session,AdaBN
253,16,1,0.8286809325218201,0.002172660999804066,123,A07,cross-session,AdaBN
254,16,0,0.7007873058319092,0.0021010649998061126,123,A07,cross-session,AdaBN
255,16,1,0.7086762189865112,0.002139049000106752,123,A07,cross-session,AdaBN
256,16,1,0.7704811692237854,0.0021104939996803296,123,A07,cross-session,AdaBN
257,16,0,0.6857262849807739,0.0020927400000800844,123,A07,cross-session,AdaBN
258,16,0,0.623830258846283,0.0021380180000960536,123,A07,cross-session,AdaBN
259,16,0,0.6912156939506531,0.0021050039999863657,123,A07,cross-session,AdaBN
260,16,1,0.660629391670227,0.002086207999582257,123,A07,cross-session,AdaBN
261,16,0,0.6287359595298767,0.0020759270000780816,123,A07,cross-session,AdaBN
262,16,1,0.5917428135871887,0.002078454999718815,123,A07,cross-session,AdaBN
263,16,0,0.5646904706954956,0.002082816999973147,123,A07,cross-session,AdaBN
264,16,0,0.5783547163009644,0.0020991760002289084,123,A07,cross-session,AdaBN
265,16,1,0.6382349729537964,0.0020874510000794544,123,A07,cross-session,AdaBN
266,16,1,0.7270184755325317,0.0020711400002255687,123,A07,cross-session,AdaBN
267,16,1,0.7110517024993896,0.0020817230001739517,123,A07,cross-session,AdaBN
268,16,0,0.5888726711273193,0.002123165999819321,123,A07,cross-session,AdaBN
269,16,1,0.6753416061401367,0.0021170019999772194,123,A07,cross-session,AdaBN
270,16,0,0.6661138534545898,0.0021031020000918943,123,A07,cross-session,AdaBN
271,16,1,0.7382850646972656,0.0021103979997860733,123,A07,cross-session,AdaBN
272,16,0,0.6506210565567017,0.0020784559997082397,123,A07,cross-session,AdaBN
273,16,1,0.6731386780738831,0.0020671070001299086,123,A07,cross-session,AdaBN
274,16,1,0.7701059579849243,0.0021176360000936256,123,A07,cross-session,AdaBN
275,16,1,0.8060042858123779,0.002113952000399877,123,A07,cross-session,AdaBN
276,16,1,0.7548418045043945,0.0020832010000049195,123,A07,cross-session,AdaBN
277,16,1,0.7522708177566528,0.0021184709999033657,123,A07,cross-session,AdaBN
278,16,1,0.7105855941772461,0.0020944640000379877,123,A07,cross-session,AdaBN
279,16,0,0.7081969976425171,0.002078113999687048,123,A07,cross-session,AdaBN
280,16,0,0.7237609624862671,0.002086343999962992,123,A07,cross-session,AdaBN
281,16,0,0.6690334677696228,0.0021081410000078904,123,A07,cross-session,AdaBN
282,16,1,0.7582476735115051,0.002091136000217375,123,A07,cross-session,AdaBN
283,16,0,0.7106889486312866,0.0020779249998668092,123,A07,cross-session,AdaBN
284,16,1,0.7150081396102905,0.002070689999982278,123,A07,cross-session,AdaBN
285,16,0,0.7439852952957153,0.002077254000141693,123,A07,cross-session,AdaBN
286,16,1,0.6053307056427002,0.0020999670000492188,123,A07,cross-session,AdaBN
287,16,0,0.6710226535797119,0.0021324190001905663,123,A07,cross-session,AdaBN
0,1,1,1.1653144359588623,0.003259632000208512,123,A08,cross-session,AdaBN
1,2,1,0.9301117658615112,0.004364835000160383,123,A08,cross-session,AdaBN
2,3,1,0.6417181491851807,0.0045417349997478595,123,A08,cross-session,AdaBN
3,4,1,0.7524653673171997,0.004425088000061805,123,A08,cross-session,AdaBN
4,5,1,0.858686625957489,0.00409263599976839,123,A08,cross-session,AdaBN
5,6,1,0.7585123777389526,0.004043450000153825,123,A08,cross-session,AdaBN
6,7,1,0.6041514873504639,0.004362760999811144,123,A08,cross-session,AdaBN
7,8,0,0.7160392999649048,0.0037350909997257986,123,A08,cross-session,AdaBN
8,9,1,0.6959689259529114,0.002908809000018664,123,A08,cross-session,AdaBN
9,10,0,0.7698351144790649,0.0029914729998381517,123,A08,cross-session,AdaBN
10,11,1,0.720706582069397,0.002860950000012963,123,A08,cross-session,AdaBN
11,12,1,0.579192042350769,0.002844135000032111,123,A08,cross-session,AdaBN
12,13,1,0.7451390624046326,0.001694197999768221,123,A08,cross-session,AdaBN
13,14,1,0.8173883557319641,0.0017410400000699155,123,A08,cross-session,AdaBN
14,15,0,0.7715396881103516,0.0017718569997668965,123,A08,cross-session,AdaBN
15,16,1,0.7399460077285767,0.00165636000019731,123,A08,cross-session,AdaBN
16,16,1,0.6792733073234558,0.0016716330001145252,123,A08,cross-session,AdaBN
17,16,1,0.7483868598937988,0.001819993000026443,123,A08,cross-session,AdaBN
18,16,1,0.602064847946167,0.001772008999978425,123,A08,cross-session,AdaBN
19,16,0,0.682579517364502,0.0016279829997074557,123,A08,cross-session,AdaBN
20,16,0,0.6770391464233398,0.0015827500001250883,123,A08,cross-session,AdaBN
21,16,1,0.6312445402145386,0.001609586000085983,123,A08,cross-session,AdaBN
22,16,1,0.7139230966567993,0.0015383830000246235,123,A08,cross-session,AdaBN
23,16,0,0.5576967000961304,0.0015589740000905294,123,A08,cross-session,AdaBN
24,16,0,0.709606409072876,0.0016135259998009133,123,A08,cross-session,AdaBN
25,16,1,0.5972836017608643,0.0014938899998924171,123,A08,cross-session,AdaBN
26,16,1,0.6231151819229126,0.0016302220001307433,123,A08,cross-session,AdaBN
27,16,0,0.6194784641265869,0.0017448819999117404,123,A08,cross-session,AdaBN
28,16,0,0.6062595844268799,0.0017278000000260363,123,A08,cross-session,AdaBN
29,16,0,0.6979952454566956,0.0017385000001013395,123,A08,cross-session,AdaBN
30,16,1,0.6159056425094604,0.0017369960000905849,123,A08,cross-session,AdaBN
31,16,1,0.6645804047584534,0.0017337290000796202,123,A08,cross-session,AdaBN
32,16,1,0.5632179975509644,0.0017269650002162962,123,A08,cross-session,AdaBN
33,16,1,0.6184554100036621,0.0017217820000041684,123,A08,cross-session,AdaBN
34,16,1,0.6495010852813721,0.001749259999996866,123,A08,cross-session,AdaBN
35,16,1,0.6516172885894775,0.001740082999731385,123,A08,cross-session,AdaBN
36,16,1,0.7394512891769409,0.0017398730001332297,123,A08,cross-session,AdaBN
37,16,1,0.6482377052307129,0.0017684500003269932,123,A08,cross-session,AdaBN
38,16,1,0.7729069590568542,0.0017808280003919208,123,A08,cross-session,AdaBN
39,16,0,0.7004034519195557,0.0018077990002893785,123,A08,cross-session,AdaBN
40,16,0,0.6394856572151184,0.0017460650001339673,123,A08,cross-session,AdaBN
41,16,1,0.6627238392829895,0.0017288589997406234,123,A08,cross-session,AdaBN
42,16,1,0.7396122217178345,0.0017607780000616913,123,A08,cross-session,AdaBN
43,16,0,0.6550828218460083,0.0018106849997820973,123,A08,cross-session,AdaBN
44,16,1,0.6332063674926758,0.0017499669997960154,123,A08,cross-session,AdaBN
45,16,0,0.7490093111991882,0.001731192000079318,123,A08,cross-session,AdaBN
46,16,1,0.6120562553405762,0.001992921000237402,123,A08,cross-session,AdaBN
47,16,1,0.6871529221534729,0.0019601050003075215,123,A08,cross-session,AdaBN
48,16,0,0.787624180316925,0.0019441599997662706,123,A08,cross-session,AdaBN
49,16,1,0.6705431938171387,0.001972272000330122,123,A08,cross-session,AdaBN
50,16,1,0.6255980134010315,0.0019684409999172203,123,A08,cross-session,AdaBN
51,16,1,0.6393237113952637,0.001987645000099292,123,A08,cross-session,AdaBN
52,16,1,0.6373846530914307,0.0020117239996579883,123,A08,cross-session,AdaBN
53,16,1,0.5412575006484985,0.002052419999927224,123,A08,cross-session,AdaBN
54,16,1,0.6662720441818237,0.0020415940002749267,123,A08,cross-session,AdaBN
55,16,0,0.6550757884979248,0.0020586119999279617,123,A08,cross-session,AdaBN
56,16,0,0.644489586353302,0.0020466080000005604,123,A08,cross-session,AdaBN
57,16,0,0.7713738679885864,0.002032521999808523,123,A08,cross-session,AdaBN
58,16,1,0.6368415355682373,0.0021058890001768305,123,A08,cross-session,AdaBN
59,16,0,0.5214095711708069,0.002150415999949473,123,A08,cross-session,AdaBN
60,16,0,0.6089451313018799,0.0021757350000370934,123,A08,cross-session,AdaBN
61,16,1,0.7684839963912964,0.002120540999840159,123,A08,cross-session,AdaBN
62,16,1,0.7357703447341919,0.0021515309999813326,123,A08,cross-session,AdaBN
63,16,1,0.7365423440933228,0.0021114000001034583,123,A08,cross-session,AdaBN
64,16,1,0.7314067482948303,0.0021136390000719985,123,A08,cross-session,AdaBN
65,16,1,0.6125613451004028,0.002168479999909323,123,A08,cross-session,AdaBN
66,16,1,0.6480395197868347,0.002162464999855729,123,A08,cross-session,AdaBN
67,16,1,0.7476209402084351,0.002110652000283153,123,A08,cross-session,AdaBN
68,16,1,0.5946561098098755,0.002149908999854233,123,A08,cross-session,AdaBN
69,16,0,0.7338188886642456,0.0021654509996551496,123,A08,cross-session,AdaBN
70,16,1,0.6285021901130676,0.0021101909997014445,123,A08,cross-session,AdaBN
71,16,0,0.48794281482696533,0.00213496500009569,123,A08,cross-session,AdaBN
72,16,1,0.615149974822998,0.0021269440003379714,123,A08,cross-session,AdaBN
73,16,1,0.504185140132904,0.0021326880000742676,123,A08,cross-session,AdaBN
74,16,1,0.5530791282653809,0.002141355000276235,123,A08,cross-session,AdaBN
75,16,1,0.5389081239700317,0.002166116000353213,123,A08,cross-session,AdaBN
76,16,1,0.5743622779846191,0.002160982000077638,123,A08,cross-session,AdaBN
77,16,1,0.6234937906265259,0.002161227000215149,123,A08,cross-session,AdaBN
78,16,1,0.5868741273880005,0.0021848660003342957,123,A08,cross-session,AdaBN
79,16,1,0.6023437976837158,0.0021490139997695223,123,A08,cross-session,AdaBN
80,16,1,0.531839907169342,0.0021803720001116744,123,A08,cross-session,AdaBN
81,16,0,0.5916590690612793,0.002190749999954278,123,A08,cross-session,AdaBN
82,16,1,0.5512281656265259,0.0021806159998050134,123,A08,cross-session,AdaBN
83,16,0,0.5960069298744202,0.002153571000235388,123,A08,cross-session,AdaBN
84,16,1,0.6628736257553101,0.0021935340000709402,123,A08,cross-session,AdaBN
85,16,0,0.63177889585495,0.002180656000291492,123,A08,cross-session,AdaBN
86,16,1,0.7002366781234741,0.00220813999976599,123,A08,cross-session,AdaBN
87,16,0,0.661020040512085,0.0022078440001678246,123,A08,cross-session,AdaBN
88,16,0,0.654768168926239,0.002179382000122132,123,A08,cross-session,AdaBN
89,16,0,0.6395416855812073,0.0022147099998619524,123,A08,cross-session,AdaBN
90,16,0,0.6721307635307312,0.0022036649997971836,123,A08,cross-session,AdaBN
91,16,0,0.7894879579544067,0.0021564769999713462,123,A08,cross-session,AdaBN
92,16,1,0.6856604814529419,0.0021593260003101022,123,A08,cross-session,AdaBN
93,16,1,0.678861141204834,0.0022142279999570746,123,A08,cross-session,AdaBN
94,16,0,0.7164693474769592,0.0021757189997515525,123,A08,cross-session,AdaBN
95,16,0,0.7021912336349487,0.0021543389998441853,123,A08,cross-session,AdaBN
96,16,1,0.655173122882843,0.0021816660000695265,123,A08,cross-session,AdaBN
97,16,0,0.6119006872177124,0.002167267000004358,123,A08,cross-session,AdaBN
98,16,1,0.6697020530700684,0.002156540999749268,123,A08,cross-session,AdaBN
99,16,1,0.6643807291984558,0.0021710440000788367,123,A08,cross-session,AdaBN
100,16,1,0.526931643486023,0.0021706719999201596,123,A08,cross-session,AdaBN
101,16,0,0.5781129002571106,0.0022026520000508754,123,A08,cross-session,AdaBN
102,16,1,0.5957361459732056,0.002152537999791093,123,A08,cross-session,AdaBN
103,16,0,0.6333007216453552,0.0021960419999231817,123,A08,cross-session,AdaBN
104,16,1,0.5117229223251343,0.0022451249997175182,123,A08,cross-session,AdaBN
105,16,1,0.6224690079689026,0.0022404979999919306,123,A08,cross-session,AdaBN
106,16,1,0.7523500919342041,0.0022520950001307938,123,A08,cross-session,AdaBN
107,16,0,0.5367432832717896,0.0022157439998409245,123,A08,cross-session,AdaBN
108,16,0,0.6566379070281982,0.0022118650003903895,123,A08,cross-session,AdaBN
109,16,1,0.7016535997390747,0.0021635110001625435,123,A08,cross-session,AdaBN
110,16,0,0.7025108337402344,0.0021555359999183565,123,A08,cross-session,AdaBN
111,16,0,0.6075951457023621,0.002252327999940462,123,A08,cross-session,AdaBN
112,16,1,0.7537495493888855,0.002195182999912504,123,A08,cross-session,AdaBN
113,16,1,0.6313122510910034,0.0021579099998234597,123,A08,cross-session,AdaBN
114,16,1,0.5843603610992432,0.002241362999939156,123,A08,cross-session,AdaBN
115,16,1,0.6419931054115295,0.0022353060003297287,123,A08,cross-session,AdaBN
116,16,1,0.834309995174408,0.0021552590001192584,123,A08,cross-session,AdaBN
117,16,1,0.5492507815361023,0.0021501679998436884,123,A08,cross-session,AdaBN
118,16,1,0.5571455359458923,0.0022487450000880926,123,A08,cross-session,AdaBN
119,16,1,0.6533090472221375,0.002180565999879036,123,A08,cross-session,AdaBN
120,16,0,0.6953604817390442,0.0022294129998954304,123,A08,cross-session,AdaBN
121,16,1,0.6018348932266235,0.0022072980000302778,123,A08,cross-session,AdaBN
122,16,1,0.5092676281929016,0.0022083329999986745,123,A08,cross-session,AdaBN
123,16,1,0.5493372082710266,0.002152830000341055,123,A08,cross-session,AdaBN
124,16,1,0.7278602123260498,0.002193046999764192,123,A08,cross-session,AdaBN
125,16,0,0.6839488744735718,0.002201426999818068,123,A08,cross-session,AdaBN
126,16,1,0.6694461107254028,0.0021999759997015644,123,A08,cross-session,AdaBN
127,16,1,0.7197602987289429,0.0021762159999525466,123,A08,cross-session,AdaBN
128,16,0,0.6528611183166504,0.0021639839997078525,123,A08,cross-session,AdaBN
129,16,1,0.5433005690574646,0.0021587850001196784,123,A08,cross-session,AdaBN
130,16,0,0.49459534883499146,0.002167640999687137,123,A08,cross-session,AdaBN
131,16,0,0.535200297832489,0.0021548499998971238,123,A08,cross-session,AdaBN
132,16,1,0.5007885694503784,0.002148328000203037,123,A08,cross-session,AdaBN
133,16,0,0.572374701499939,0.0021921239999755926,123,A08,cross-session,AdaBN
134,16,1,0.5546179413795471,0.0021618549999402603,123,A08,cross-session,AdaBN
135,16,1,0.5830804109573364,0.00214631000017107,123,A08,cross-session,AdaBN
136,16,1,0.6525968909263611,0.002136850000169943,123,A08,cross-session,AdaBN
137,16,0,0.46640923619270325,0.0021512809998966986,123,A08,cross-session,AdaBN
138,16,0,0.6395736932754517,0.002120956999988266,123,A08,cross-session,AdaBN
139,16,1,0.6545172929763794,0.00217167899972992,123,A08,cross-session,AdaBN
140,16,0,0.6333141326904297,0.0021725680003328307,123,A08,cross-session,AdaBN
141,16,0,0.5773308873176575,0.002165071000035823,123,A08,cross-session,AdaBN
142,16,1,0.6634219288825989,0.002207805999660195,123,A08,cross-session,AdaBN
143,16,1,0.6353524923324585,0.0021614079996652436,123,A08,cross-session,AdaBN
144,16,0,0.5749204158782959,0.00216042700003527,123,A08,cross-session,AdaBN
145,16,1,0.545744001865387,0.0022409379998862278,123,A08,cross-session,AdaBN
146,16,1,0.5679370164871216,0.0021672610000678105,123,A08,cross-session,AdaBN
147,16,0,0.5323688387870789,0.002139010000064445,123,A08,cross-session,AdaBN
148,16,1,0.5621434450149536,0.0021198780000304396,123,A08,cross-session,AdaBN
149,16,1,0.49853867292404175,0.002156126000045333,123,A08,cross-session,AdaBN
150,16,1,0.6570476293563843,0.002134901000317768,123,A08,cross-session,AdaBN
151,16,1,0.6185629367828369,0.00215409800011912,123,A08,cross-session,AdaBN
152,16,0,0.5693973302841187,0.0021220149997134286,123,A08,cross-session,AdaBN
153,16,1,0.7184167504310608,0.0021072079998702975,123,A08,cross-session,AdaBN
154,16,1,0.5043851137161255,0.00214955799992822,123,A08,cross-session,AdaBN
155,16,1,0.6510528326034546,0.0021025720002398884,123,A08,cross-session,AdaBN
156,16,0,0.7320166826248169,0.0020737700001518533,123,A08,cross-session,AdaBN
157,16,0,0.6003544926643372,0.002093479999984993,123,A08,cross-session,AdaBN
158,16,1,0.5467888116836548,0.0020800710003641143,123,A08,cross-session,AdaBN
159,16,0,0.6040606498718262,0.0020978649999960908,123,A08,cross-session,AdaBN
160,16,1,0.6896125078201294,0.0021125299999766867,123,A08,cross-session,AdaBN
161,16,1,0.7744055390357971,0.0021414350003396976,123,A08,cross-session,AdaBN
162,16,1,0.5967575311660767,0.002100375999816606,123,A08,cross-session,AdaBN
163,16,0,0.6695712804794312,0.002071024000088073,123,A08,cross-session,AdaBN
164,16,1,0.7619549632072449,0.0020819530000153463,123,A08,cross-session,AdaBN
165,16,1,0.6757741570472717,0.0020993620000808733,123,A08,cross-session,AdaBN
166,16,0,0.6375582218170166,0.0020818870002585754,123,A08,cross-session,AdaBN
167,16,1,0.7148418426513672,0.002066125000055763,123,A08,cross-session,AdaBN
168,16,1,0.663189172744751,0.0020590499998434098,123,A08,cross-session,AdaBN
169,16,1,0.6611608862876892,0.00204890399982105,123,A08,cross-session,AdaBN
170,16,0,0.5579268336296082,0.002098237999689445,123,A08,cross-session,AdaBN
171,16,0,0.6330382823944092,0.002097386000059487,123,A08,cross-session,AdaBN
172,16,1,0.6466795206069946,0.0020890640003017324,123,A08,cross-session,AdaBN
173,16,1,0.6490038633346558,0.002042064000306709,123,A08,cross-session,AdaBN
174,16,1,0.6352052092552185,0.002049591999821132,123,A08,cross-session,AdaBN
175,16,1,0.537307620048523,0.0020286600001782062,123,A08,cross-session,AdaBN
176,16,1,0.5435377359390259,0.0020246330000190937,123,A08,cross-session,AdaBN
177,16,1,0.5228058099746704,0.002062938000108261,123,A08,cross-session,AdaBN
178,16,0,0.5441339612007141,0.0020617609998225817,123,A08,cross-session,AdaBN
179,16,0,0.5915322303771973,0.0020853050000368967,123,A08,cross-session,AdaBN
180,16,1,0.6402366161346436,0.002105282999764313,123,A08,cross-session,AdaBN
181,16,0,0.5970947742462158,0.0020576910001182114,123,A08,cross-session,AdaBN
182,16,0,0.6291845440864563,0.0020260149999558053,123,A08,cross-session,AdaBN
183,16,1,0.6211040019989014,0.002048845999979676,123,A08,cross-session,AdaBN
184,16,1,0.5479442477226257,0.0020436019999579003,123,A08,cross-session,AdaBN
185,16,0,0.6689189076423645,0.002031914000326651,123,A08,cross-session,AdaBN
186,16,0,0.587248682975769,0.0020257390001461317,123,A08,cross-session,AdaBN
187,16,0,0.5649677515029907,0.0020576209999489947,123,A08,cross-session,AdaBN
188,16,0,0.6387261152267456,0.002031600000009348,123,A08,cross-session,AdaBN
189,16,1,0.5019663572311401,0.002023272000315046,123,A08,cross-session,AdaBN
190,16,1,0.5771948099136353,0.0020143589999861433,123,A08,cross-session,AdaBN
191,16,0,0.7225101590156555,0.0020076910000170756,123,A08,cross-session,AdaBN
192,16,1,0.6166915893554688,0.002119936000326561,123,A08,cross-session,AdaBN
193,16,1,0.668991208076477,0.002209493999998813,123,A08,cross-session,AdaBN
194,16,1,0.6647257208824158,0.002112507999754598,123,A08,cross-session,AdaBN
195,16,1,0.5294687151908875,0.0020400299999892013,123,A08,cross-session,AdaBN
196,16,0,0.6820574998855591,0.0020595510000021022,123,A08,cross-session,AdaBN
197,16,1,0.6563260555267334,0.0020223879996592586,123,A08,cross-session,AdaBN
198,16,0,0.7253926396369934,0.0020103150000068126,123,A08,cross-session,AdaBN
199,16,1,0.6791999340057373,0.0020148170001448307,123,A08,cross-session,AdaBN
200,16,1,0.703299880027771,0.0020801440000468574,123,A08,cross-session,AdaBN
201,16,0,0.6498397588729858,0.002056124999853637,123,A08,cross-session,AdaBN
202,16,1,0.5066256523132324,0.002046371999767871,123,A08,cross-session,AdaBN
203,16,1,0.5682215690612793,0.002071801000056439,123,A08,cross-session,AdaBN
204,16,1,0.5127664804458618,0.0020186239999020472,123,A08,cross-session,AdaBN
205,16,1,0.45975854992866516,0.002011462999689684,123,A08,cross-session,AdaBN
206,16,0,0.5021789073944092,0.0020430759996088454,123,A08,cross-session,AdaBN
207,16,1,0.43444740772247314,0.002044107000074291,123,A08,cross-session,AdaBN
208,16,1,0.35845500230789185,0.002016887000081624,123,A08,cross-session,AdaBN
209,16,0,0.40844476222991943,0.0020295200001783087,123,A08,cross-session,AdaBN
210,16,1,0.4649311304092407,0.0020406590001584846,123,A08,cross-session,AdaBN
211,16,0,0.34147268533706665,0.0020346299997981987,123,A08,cross-session,AdaBN
212,16,1,0.35123297572135925,0.0020368189998407615,123,A08,cross-session,AdaBN
213,16,1,0.351366251707077,0.0020709209998130973,123,A08,cross-session,AdaBN
214,16,1,0.38752228021621704,0.0020509670002866187,123,A08,cross-session,AdaBN
215,16,1,0.43119195103645325,0.002039929000147822,123,A08,cross-session,AdaBN
216,16,1,0.40904876589775085,0.00211237900020933,123,A08,cross-session,AdaBN
217,16,1,0.48487624526023865,0.002060386999801267,123,A08,cross-session,AdaBN
218,16,0,0.48176872730255127,0.0020403399998940586,123,A08,cross-session,AdaBN
219,16,0,0.533769965171814,0.00203409499999907,123,A08,cross-session,AdaBN
220,16,0,0.4860619008541107,0.0020523740004136926,123,A08,cross-session,AdaBN
221,16,1,0.6279687881469727,0.002037158999883104,123,A08,cross-session,AdaBN
222,16,1,0.4960653483867645,0.002028906999839819,123,A08,cross-session,AdaBN
223,16,1,0.5206891894340515,0.0020516899999165616,123,A08,cross-session,AdaBN
224,16,1,0.560429573059082,0.002069911000035063,123,A08,cross-session,AdaBN
225,16,0,0.540230393409729,0.0020442390000425803,123,A08,cross-session,AdaBN
226,16,1,0.5844992995262146,0.0020562670001709193,123,A08,cross-session,AdaBN
227,16,0,0.5157404541969299,0.002034291000200028,123,A08,cross-session,AdaBN
228,16,1,0.6570781469345093,0.00203230099987195,123,A08,cross-session,AdaBN
229,16,1,0.6250128746032715,0.0020659629999499884,123,A08,cross-session,AdaBN
230,16,1,0.6510195732116699,0.002042561000052956,123,A08,cross-session,AdaBN
231,16,1,0.6018823385238647,0.0020245669998075755,123,A08,cross-session,AdaBN
232,16,0,0.6103298664093018,0.002061738000065816,123,A08,cross-session,AdaBN
233,16,0,0.6225117444992065,0.0020307139998294588,123,A08,cross-session,AdaBN
234,16,1,0.4965853989124298,0.0020116289997531567,123,A08,cross-session,AdaBN
235,16,1,0.603855550289154,0.0020318410001891607,123,A08,cross-session,AdaBN
236,16,1,0.5134544968605042,0.002026947999638651,123,A08,cross-session,AdaBN
237,16,1,0.533819854259491,0.0020092149998163222,123,A08,cross-session,AdaBN
238,16,1,0.5947949290275574,0.0020121799998378265,123,A08,cross-session,AdaBN
239,16,0,0.5313884019851685,0.002076876000046468,123,A08,cross-session,AdaBN
240,16,0,0.6164703369140625,0.0020821210000576684,123,A08,cross-session,AdaBN
241,16,1,0.4761185646057129,0.0020289799999773095,123,A08,cross-session,AdaBN
242,16,1,0.4235302805900574,0.0020671249999395513,123,A08,cross-session,AdaBN
243,16,1,0.4593380093574524,0.002042693000021245,123,A08,cross-session,AdaBN
244,16,1,0.4181818962097168,0.0020282509999560716,123,A08,cross-session,AdaBN
245,16,1,0.3888537287712097,0.0020544240001072467,123,A08,cross-session,AdaBN
246,16,1,0.4695783853530884,0.0020462060001591453,123,A08,cross-session,AdaBN
247,16,0,0.41398292779922485,0.0020419729999048286,123,A08,cross-session,AdaBN
248,16,0,0.5256150960922241,0.0020416480001586024,123,A08,cross-session,AdaBN
249,16,1,0.5008691549301147,0.002027031999659812,123,A08,cross-session,AdaBN
250,16,1,0.5771475434303284,0.002032651999797963,123,A08,cross-session,AdaBN
251,16,0,0.4532446265220642,0.0020339689999673283,123,A08,cross-session,AdaBN
252,16,1,0.5608826875686646,0.002047458000106417,123,A08,cross-session,AdaBN
253,16,1,0.5414409637451172,0.002042926999820338,123,A08,cross-session,AdaBN
254,16,0,0.5240271687507629,0.0020252019999134063,123,A08,cross-session,AdaBN
255,16,0,0.6534605026245117,0.002105859000039345,123,A08,cross-session,AdaBN
256,16,1,0.5880277156829834,0.0020550169997477497,123,A08,cross-session,AdaBN
257,16,1,0.6260318160057068,0.002022960999966017,123,A08,cross-session,AdaBN
258,16,1,0.58100426197052,0.002032641999903717,123,A08,cross-session,AdaBN
259,16,1,0.6302400827407837,0.002056833000096958,123,A08,cross-session,AdaBN
260,16,1,0.6164937019348145,0.0020417850000740145,123,A08,cross-session,AdaBN
261,16,0,0.606426477432251,0.002045300999725441,123,A08,cross-session,AdaBN
262,16,1,0.6189624071121216,0.0020970959999431216,123,A08,cross-session,AdaBN
263,16,0,0.7526061534881592,0.0020776759997716,123,A08,cross-session,AdaBN
264,16,0,0.582362174987793,0.0020667300000241084,123,A08,cross-session,AdaBN
265,16,1,0.4281828701496124,0.0020701789999293396,123,A08,cross-session,AdaBN
266,16,0,0.5040912628173828,0.0020462689999476424,123,A08,cross-session,AdaBN
267,16,0,0.6502088308334351,0.0020487349997893034,123,A08,cross-session,AdaBN
268,16,1,0.604735255241394,0.0021003059996473894,123,A08,cross-session,AdaBN
269,16,1,0.45664533972740173,0.0021331060002012237,123,A08,cross-session,AdaBN
270,16,1,0.5529526472091675,0.0020881280001958658,123,A08,cross-session,AdaBN
271,16,1,0.4817579388618469,0.0020749029999933555,123,A08,cross-session,AdaBN
272,16,0,0.5459884405136108,0.0020802909998565156,123,A08,cross-session,AdaBN
273,16,1,0.6466031670570374,0.002080462999856536,123,A08,cross-session,AdaBN
274,16,1,0.47747713327407837,0.002079931000025681,123,A08,cross-session,AdaBN
275,16,1,0.520150899887085,0.0021105809996697644,123,A08,cross-session,AdaBN
276,16,0,0.40773141384124756,0.002100863000123354,123,A08,cross-session,AdaBN
277,16,0,0.659893274307251,0.002073383000151807,123,A08,cross-session,AdaBN
278,16,0,0.6154948472976685,0.0020831249998991552,123,A08,cross-session,AdaBN
279,16,0,0.4682149291038513,0.0020746549998875707,123,A08,cross-session,AdaBN
280,16,1,0.5850299596786499,0.00208200500037492,123,A08,cross-session,AdaBN
281,16,0,0.6189583539962769,0.0020998530003453197,123,A08,cross-session,AdaBN
282,16,0,0.5413713455200195,0.002089063999846985,123,A08,cross-session,AdaBN
283,16,1,0.5564970374107361,0.0020745870001519506,123,A08,cross-session,AdaBN
284,16,1,0.5545912981033325,0.0020826330001000315,123,A08,cross-session,AdaBN
285,16,0,0.5484347343444824,0.0021247569998195104,123,A08,cross-session,AdaBN
286,16,1,0.5986015796661377,0.0021045870003035816,123,A08,cross-session,AdaBN
287,16,0,0.7356313467025757,0.0020984389998375264,123,A08,cross-session,AdaBN
0,1,1,0.0893835723400116,0.003055496999877505,123,A09,cross-session,AdaBN
1,2,1,0.9453031420707703,0.0025800349999371974,123,A09,cross-session,AdaBN
2,3,1,0.4995257258415222,0.0025074200002563884,123,A09,cross-session,AdaBN
3,4,1,0.6507360339164734,0.0024327690002792224,123,A09,cross-session,AdaBN
4,5,1,0.5669092535972595,0.0024935999999797787,123,A09,cross-session,AdaBN
5,6,1,0.47207435965538025,0.002449278999847593,123,A09,cross-session,AdaBN
6,7,1,0.3895339369773865,0.002407788999789773,123,A09,cross-session,AdaBN
7,8,0,0.39983612298965454,0.0024150939998435206,123,A09,cross-session,AdaBN
8,9,0,0.4394007921218872,0.0024268570000458567,123,A09,cross-session,AdaBN
9,10,1,0.3860485553741455,0.0024585639998804254,123,A09,cross-session,AdaBN
10,11,1,0.31454628705978394,0.002332204999675014,123,A09,cross-session,AdaBN
11,12,0,0.3791049122810364,0.002117692999945575,123,A09,cross-session,AdaBN
12,13,1,0.42870667576789856,0.0018611329996929271,123,A09,cross-session,AdaBN
13,14,1,0.31591153144836426,0.0017281330001424067,123,A09,cross-session,AdaBN
14,15,1,0.3001767098903656,0.0018508759999349422,123,A09,cross-session,AdaBN
15,16,1,0.4432150423526764,0.0018957850002152554,123,A09,cross-session,AdaBN
16,16,1,0.5464839935302734,0.0018961780001518491,123,A09,cross-session,AdaBN
17,16,1,0.2639177739620209,0.0020408400000633264,123,A09,cross-session,AdaBN
18,16,1,0.33940696716308594,0.0020193639998069557,123,A09,cross-session,AdaBN
19,16,1,0.41809165477752686,0.0016325910000887234,123,A09,cross-session,AdaBN
20,16,1,0.3303428888320923,0.0017072410000764648,123,A09,cross-session,AdaBN
21,16,1,0.5222619771957397,0.0019682209999700717,123,A09,cross-session,AdaBN
22,16,1,0.40640759468078613,0.002051820999895426,123,A09,cross-session,AdaBN
23,16,1,0.35063886642456055,0.0016962760000751587,123,A09,cross-session,AdaBN
24,16,1,0.29081934690475464,0.0016954050001913856,123,A09,cross-session,AdaBN
25,16,1,0.5293744802474976,0.0015984360002221365,123,A09,cross-session,AdaBN
26,16,1,0.5270887613296509,0.0016952140003922977,123,A09,cross-session,AdaBN
27,16,1,0.40427839756011963,0.001739095000175439,123,A09,cross-session,AdaBN
28,16,1,0.45875394344329834,0.0017028400002345734,123,A09,cross-session,AdaBN
29,16,1,0.45026683807373047,0.0016033380002227204,123,A09,cross-session,AdaBN
30,16,1,0.4711204171180725,0.0016571779997320846,123,A09,cross-session,AdaBN
31,16,1,0.40517160296440125,0.00171978600019429,123,A09,cross-session,AdaBN
32,16,1,0.5132085680961609,0.001758640999923955,123,A09,cross-session,AdaBN
33,16,0,0.4503692388534546,0.0019258229999650212,123,A09,cross-session,AdaBN
34,16,0,0.5998854637145996,0.0019027980001737888,123,A09,cross-session,AdaBN
35,16,1,0.509101927280426,0.0018909330001406488,123,A09,cross-session,AdaBN
36,16,1,0.4855473041534424,0.0018686049997995724,123,A09,cross-session,AdaBN
37,16,1,0.3902171850204468,0.0018711889997575781,123,A09,cross-session,AdaBN
38,16,1,0.5257582068443298,0.001924255999711022,123,A09,cross-session,AdaBN
39,16,1,0.5538229942321777,0.0019361740000931604,123,A09,cross-session,AdaBN
40,16,1,0.515148401260376,0.0018876009999075904,123,A09,cross-session,AdaBN
41,16,1,0.4249076247215271,0.0021145740001884406,123,A09,cross-session,AdaBN
42,16,1,0.6257404088973999,0.002156109000225115,123,A09,cross-session,AdaBN
43,16,0,0.47294849157333374,0.002099108000038541,123,A09,cross-session,AdaBN
44,16,1,0.4226437211036682,0.002144443999895884,123,A09,cross-session,AdaBN
45,16,0,0.4970278739929199,0.0021335010001166665,123,A09,cross-session,AdaBN
46,16,1,0.482278048992157,0.002115295999828959,123,A09,cross-session,AdaBN
47,16,1,0.37256288528442383,0.0021291099997142737,123,A09,cross-session,AdaBN
48,16,1,0.4401153326034546,0.0021104029997331963,123,A09,cross-session,AdaBN
49,16,1,0.4006860852241516,0.002124952000031044,123,A09,cross-session,AdaBN
50,16,1,0.3984161615371704,0.002145019999716169,123,A09,cross-session,AdaBN
51,16,1,0.4431799054145813,0.002132566999989649,123,A09,cross-session,AdaBN
52,16,1,0.40310007333755493,0.0021271139999043953,123,A09,cross-session,AdaBN
53,16,1,0.28427547216415405,0.0021326910000425414,123,A09,cross-session,AdaBN
54,16,1,0.3481318950653076,0.002196407999690564,123,A09,cross-session,AdaBN
55,16,1,0.3179905414581299,0.002169057999708457,123,A09,cross-session,AdaBN
56,16,1,0.3046363890171051,0.0021295540000210167,123,A09,cross-session,AdaBN
57,16,1,0.3288552165031433,0.0021647799999300332,123,A09,cross-session,AdaBN
58,16,1,0.3851653039455414,0.0021917109997957596,123,A09,cross-session,AdaBN
59,16,1,0.3166593909263611,0.002152099999875645,123,A09,cross-session,AdaBN
60,16,1,0.2747717499732971,0.0021480260002135765,123,A09,cross-session,AdaBN
61,16,1,0.32994741201400757,0.002138477999778843,123,A09,cross-session,AdaBN
62,16,1,0.4122452139854431,0.0021866289998797583,123,A09,cross-session,AdaBN
63,16,1,0.3811471462249756,0.0021874509998269787,123,A09,cross-session,AdaBN
64,16,1,0.32192346453666687,0.0021435409998957766,123,A09,cross-session,AdaBN
65,16,1,0.3506908416748047,0.002134581999598595,123,A09,cross-session,AdaBN
66,16,1,0.38248199224472046,0.0021558559997174598,123,A09,cross-session,AdaBN
67,16,1,0.4113753139972687,0.00218391500038706,123,A09,cross-session,AdaBN
68,16,1,0.4287722706794739,0.002143823000096745,123,A09,cross-session,AdaBN
69,16,0,0.492450475692749,0.002154281000002811,123,A09,cross-session,AdaBN
70,16,0,0.49622127413749695,0.0021821749996888684,123,A09,cross-session,AdaBN
71,16,1,0.4347188472747803,0.002174129999730212,123,A09,cross-session,AdaBN
72,16,1,0.4287579655647278,0.002153511999949842,123,A09,cross-session,AdaBN
73,16,1,0.3965739607810974,0.0021397629998318735,123,A09,cross-session,AdaBN
74,16,1,0.4567573070526123,0.0021292999999786844,123,A09,cross-session,AdaBN
75,16,1,0.3823263645172119,0.0021443410000756558,123,A09,cross-session,AdaBN
76,16,1,0.41458427906036377,0.0021476000001712237,123,A09,cross-session,AdaBN
77,16,1,0.47021615505218506,0.0021307900001374946,123,A09,cross-session,AdaBN
78,16,0,0.5689201951026917,0.002118845000040892,123,A09,cross-session,AdaBN
79,16,1,0.35248085856437683,0.0021684590001314064,123,A09,cross-session,AdaBN
80,16,1,0.5505459904670715,0.0021440099999381346,123,A09,cross-session,AdaBN
81,16,1,0.46131232380867004,0.002158433999738918,123,A09,cross-session,AdaBN
82,16,1,0.48684442043304443,0.0021704450000470388,123,A09,cross-session,AdaBN
83,16,1,0.4455196261405945,0.002153485000235378,123,A09,cross-session,AdaBN
84,16,1,0.5676263570785522,0.0021721619996242225,123,A09,cross-session,AdaBN
85,16,1,0.5216522216796875,0.0021635620000779454,123,A09,cross-session,AdaBN
86,16,1,0.47621726989746094,0.0021345810000639176,123,A09,cross-session,AdaBN
87,16,1,0.4337906241416931,0.0021173860000089917,123,A09,cross-session,AdaBN
88,16,0,0.4046506881713867,0.0021551370000452152,123,A09,cross-session,AdaBN
89,16,1,0.4798924922943115,0.0021247809995657008,123,A09,cross-session,AdaBN
90,16,1,0.4291830062866211,0.0021243150004011113,123,A09,cross-session,AdaBN
91,16,1,0.4572656750679016,0.002150074999917706,123,A09,cross-session,AdaBN
92,16,1,0.40360161662101746,0.002183182999942801,123,A09,cross-session,AdaBN
93,16,0,0.3832339644432068,0.0021624499995596125,123,A09,cross-session,AdaBN
94,16,0,0.5059552192687988,0.002121557999998913,123,A09,cross-session,AdaBN
95,16,1,0.6936043500900269,0.0021231489999991027,123,A09,cross-session,AdaBN
96,16,1,0.3785107135772705,0.0021441929998218257,123,A09,cross-session,AdaBN
97,16,1,0.5712658166885376,0.002179866000005859,123,A09,cross-session,AdaBN
98,16,1,0.3715413212776184,0.002127369999925577,123,A09,cross-session,AdaBN
99,16,1,0.36984217166900635,0.0021175450001464924,123,A09,cross-session,AdaBN
100,16,1,0.4263574779033661,0.0021133709997229744,123,A09,cross-session,AdaBN
101,16,1,0.419284462928772,0.002154435000193189,123,A09,cross-session,AdaBN
102,16,1,0.4034779965877533,0.002152126000055432,123,A09,cross-session,AdaBN
103,16,1,0.401870459318161,0.0021153679999770247,123,A09,cross-session,AdaBN
104,16,0,0.33824479579925537,0.0021732900004280964,123,A09,cross-session,AdaBN
105,16,1,0.3668918311595917,0.0021706439997615234,123,A09,cross-session,AdaBN
106,16,1,0.2862825393676758,0.0021793849996356585,123,A09,cross-session,AdaBN
107,16,1,0.30349913239479065,0.0021759510000265436,123,A09,cross-session,AdaBN
108,16,0,0.44199222326278687,0.002156650999950216,123,A09,cross-session,AdaBN
109,16,1,0.4666396677494049,0.0021736479998253344,123,A09,cross-session,AdaBN
110,16,0,0.3932109475135803,0.002170119000311388,123,A09,cross-session,AdaBN
111,16,1,0.3467201590538025,0.0021608199999718636,123,A09,cross-session,AdaBN
112,16,1,0.3095736801624298,0.002182574000016757,123,A09,cross-session,AdaBN
113,16,1,0.35124969482421875,0.0021865059998162906,123,A09,cross-session,AdaBN
114,16,0,0.46649008989334106,0.002158192000024428,123,A09,cross-session,AdaBN
115,16,1,0.4272090792655945,0.0021632460002365406,123,A09,cross-session,AdaBN
116,16,1,0.3999710977077484,0.00218039499986844,123,A09,cross-session,AdaBN
117,16,0,0.4337945282459259,0.002222570999947493,123,A09,cross-session,AdaBN
118,16,1,0.38205498456954956,0.002166596999813919,123,A09,cross-session,AdaBN
119,16,1,0.5129728317260742,0.002186682999763434,123,A09,cross-session,AdaBN
120,16,0,0.3643674850463867,0.0021616720000565692,123,A09,cross-session,AdaBN
121,16,1,0.6145021915435791,0.0021613449998767464,123,A09,cross-session,AdaBN
122,16,1,0.4106706976890564,0.002179531999900064,123,A09,cross-session,AdaBN
123,16,1,0.35420194268226624,0.0021674300000995572,123,A09,cross-session,AdaBN
124,16,1,0.488006591796875,0.002161279999654653,123,A09,cross-session,AdaBN
125,16,1,0.40468671917915344,0.0023546719999103516,123,A09,cross-session,AdaBN
126,16,0,0.608121395111084,0.002158761000373488,123,A09,cross-session,AdaBN
127,16,1,0.42857271432876587,0.002157916999749432,123,A09,cross-session,AdaBN
128,16,0,0.4352392554283142,0.0022070639997764374,123,A09,cross-session,AdaBN
129,16,1,0.46502381563186646,0.0021793669998260157,123,A09,cross-session,AdaBN
130,16,1,0.43318963050842285,0.002142529000138893,123,A09,cross-session,AdaBN
131,16,1,0.46937695145606995,0.002158192000024428,123,A09,cross-session,AdaBN
132,16,1,0.4682771861553192,0.0021707609998884436,123,A09,cross-session,AdaBN
133,16,0,0.5435793995857239,0.0021600509999188944,123,A09,cross-session,AdaBN
134,16,1,0.5092517733573914,0.0021354669997890596,123,A09,cross-session,AdaBN
135,16,1,0.4453396201133728,0.002143852000244806,123,A09,cross-session,AdaBN
136,16,1,0.575373649597168,0.002133482000317599,123,A09,cross-session,AdaBN
137,16,1,0.4368703067302704,0.002174055999603297,123,A09,cross-session,AdaBN
138,16,0,0.5109471678733826,0.002145228999779647,123,A09,cross-session,AdaBN
139,16,0,0.5613567233085632,0.0021181139995860576,123,A09,cross-session,AdaBN
140,16,0,0.516878604888916,0.0020899139999528416,123,A09,cross-session,AdaBN
141,16,0,0.5465169548988342,0.002175870999963081,123,A09,cross-session,AdaBN
142,16,1,0.5074747800827026,0.002103786999668955,123,A09,cross-session,AdaBN
143,16,1,0.4943913221359253,0.002083798000057868,123,A09,cross-session,AdaBN
144,16,0,0.6242364048957825,0.0020999869998377108,123,A09,cross-session,AdaBN
145,16,1,0.4496312737464905,0.0020891879998998775,123,A09,cross-session,AdaBN
146,16,1,0.5342165231704712,0.002087132999804453,123,A09,cross-session,AdaBN
147,16,1,0.5382108688354492,0.0021676219998880697,123,A09,cross-session,AdaBN
148,16,1,0.5258603692054749,0.0021296770000844845,123,A09,cross-session,AdaBN
149,16,1,0.5076656341552734,0.0020464990002437844,123,A09,cross-session,AdaBN
150,16,1,0.4339286684989929,0.0021047879999969155,123,A09,cross-session,AdaBN
151,16,1,0.5349290370941162,0.002056807999906596,123,A09,cross-session,AdaBN
152,16,1,0.37071824073791504,0.0020885789999738336,123,A09,cross-session,AdaBN
153,16,0,0.4708622395992279,0.0020800789998247637,123,A09,cross-session,AdaBN
154,16,1,0.33984389901161194,0.002081525999983569,123,A09,cross-session,AdaBN
155,16,1,0.5006203651428223,0.0020544960002553125,123,A09,cross-session,AdaBN
156,16,1,0.4491008520126343,0.002047828999820922,123,A09,cross-session,AdaBN
157,16,0,0.42483028769493103,0.0020456450001802295,123,A09,cross-session,AdaBN
158,16,1,0.3683469593524933,0.0020482129998526943,123,A09,cross-session,AdaBN
159,16,0,0.4193265736103058,0.0020337259998086665,123,A09,cross-session,AdaBN
160,16,0,0.42030206322669983,0.002258954999888374,123,A09,cross-session,AdaBN
161,16,1,0.30602699518203735,0.0021010000000387663,123,A09,cross-session,AdaBN
162,16,0,0.47859644889831543,0.002033500999914395,123,A09,cross-session,AdaBN
163,16,1,0.3852708637714386,0.002053805999821634,123,A09,cross-session,AdaBN
164,16,1,0.3978426456451416,0.002040679999936401,123,A09,cross-session,AdaBN
165,16,0,0.562609076499939,0.002050353999948129,123,A09,cross-session,AdaBN
166,16,1,0.3104875683784485,0.002128742999957467,123,A09,cross-session,AdaBN
167,16,1,0.3053938150405884,0.0020408469999892986,123,A09,cross-session,AdaBN
168,16,1,0.4884292185306549,0.0020025750000058906,123,A09,cross-session,AdaBN
169,16,0,0.45439833402633667,0.002021917999627476,123,A09,cross-session,AdaBN
170,16,0,0.40949881076812744,0.002041925999947125,123,A09,cross-session,AdaBN
171,16,1,0.37826451659202576,0.002011824999954115,123,A09,cross-session,AdaBN
172,16,1,0.43835312128067017,0.0020083709996470134,123,A09,cross-session,AdaBN
173,16,0,0.36289167404174805,0.002065453000341222,123,A09,cross-session,AdaBN
174,16,1,0.30279356241226196,0.002016666000145051,123,A09,cross-session,AdaBN
175,16,1,0.32925593852996826,0.002000168999984453,123,A09,cross-session,AdaBN
176,16,1,0.289503812789917,0.002035359000274184,123,A09,cross-session,AdaBN
177,16,0,0.33305883407592773,0.002054824999959237,123,A09,cross-session,AdaBN
178,16,1,0.4461710453033447,0.0020268339999347518,123,A09,cross-session,AdaBN
179,16,1,0.5025838613510132,0.002088703000026726,123,A09,cross-session,AdaBN
180,16,1,0.4345390200614929,0.002046684999641002,123,A09,cross-session,AdaBN
181,16,0,0.40323033928871155,0.00203444099997796,123,A09,cross-session,AdaBN
182,16,0,0.44933274388313293,0.002062483999907272,123,A09,cross-session,AdaBN
183,16,1,0.4729495346546173,0.002056400000128633,123,A09,cross-session,AdaBN
184,16,0,0.4087499976158142,0.002053351000085968,123,A09,cross-session,AdaBN
185,16,0,0.500442385673523,0.0020351460002530075,123,A09,cross-session,AdaBN
186,16,1,0.43394291400909424,0.002044743999704224,123,A09,cross-session,AdaBN
187,16,1,0.484694242477417,0.002027677000114636,123,A09,cross-session,AdaBN
188,16,1,0.43302422761917114,0.0020083920003344247,123,A09,cross-session,AdaBN
189,16,1,0.45810359716415405,0.0020417669998096244,123,A09,cross-session,AdaBN
190,16,1,0.37986627221107483,0.0020280500002627377,123,A09,cross-session,AdaBN
191,16,1,0.4353909492492676,0.002096744000027684,123,A09,cross-session,AdaBN
192,16,1,0.45416760444641113,0.0020258849999663653,123,A09,cross-session,AdaBN
193,16,1,0.4582687020301819,0.0020056940002177726,123,A09,cross-session,AdaBN
194,16,1,0.34708690643310547,0.0020155209999757062,123,A09,cross-session,AdaBN
195,16,1,0.4654199182987213,0.002028368000082992,123,A09,cross-session,AdaBN
196,16,1,0.26929953694343567,0.002050916000371217,123,A09,cross-session,AdaBN
197,16,1,0.3994382619857788,0.0020482919999267324,123,A09,cross-session,AdaBN
198,16,1,0.4137823283672333,0.002092347999678168,123,A09,cross-session,AdaBN
199,16,1,0.3803585171699524,0.0021041099998910795,123,A09,cross-session,AdaBN
200,16,1,0.48738980293273926,0.002043397000306868,123,A09,cross-session,AdaBN
201,16,1,0.4941493272781372,0.002027431999977125,123,A09,cross-session,AdaBN
202,16,1,0.4016958475112915,0.0020551790003082715,123,A09,cross-session,AdaBN
203,16,1,0.4041748046875,0.002048398000169982,123,A09,cross-session,AdaBN
204,16,0,0.48291879892349243,0.0020489160001488926,123,A09,cross-session,AdaBN
205,16,1,0.4190235137939453,0.0020483030002651503,123,A09,cross-session,AdaBN
206,16,1,0.314361572265625,0.002049644000180706,123,A09,cross-session,AdaBN
207,16,0,0.36339229345321655,0.0020281120000618102,123,A09,cross-session,AdaBN
208,16,1,0.3574053943157196,0.0020335559997874952,123,A09,cross-session,AdaBN
209,16,1,0.3484824299812317,0.002049204999821086,123,A09,cross-session,AdaBN
210,16,1,0.3773868978023529,0.0020304250001572655,123,A09,cross-session,AdaBN
211,16,1,0.5327353477478027,0.002041911000105756,123,A09,cross-session,AdaBN
212,16,1,0.4537089467048645,0.00207896800020535,123,A09,cross-session,AdaBN
213,16,0,0.4245341718196869,0.002092620999974315,123,A09,cross-session,AdaBN
214,16,0,0.40451744198799133,0.002076714999930118,123,A09,cross-session,AdaBN
215,16,1,0.3480687141418457,0.0021469710000019404,123,A09,cross-session,AdaBN
216,16,1,0.4507468640804291,0.002103736999742978,123,A09,cross-session,AdaBN
217,16,0,0.34511232376098633,0.0020926310003233084,123,A09,cross-session,AdaBN
218,16,0,0.4222792387008667,0.0020862559999841324,123,A09,cross-session,AdaBN
219,16,0,0.4070037007331848,0.002120514000125695,123,A09,cross-session,AdaBN
220,16,1,0.4146762490272522,0.0021202039997660904,123,A09,cross-session,AdaBN
221,16,1,0.43767112493515015,0.002087738999762223,123,A09,cross-session,AdaBN
222,16,1,0.3817318379878998,0.0021298579999893263,123,A09,cross-session,AdaBN
223,16,1,0.3813110291957855,0.002091185999688605,123,A09,cross-session,AdaBN
224,16,1,0.3074159324169159,0.002158185000098456,123,A09,cross-session,AdaBN
225,16,1,0.3741872310638428,0.00211182299972279,123,A09,cross-session,AdaBN
226,16,1,0.33998364210128784,0.0020863830000052985,123,A09,cross-session,AdaBN
227,16,1,0.264498233795166,0.00208548199998404,123,A09,cross-session,AdaBN
228,16,1,0.4266178011894226,0.002112704999944981,123,A09,cross-session,AdaBN
229,16,0,0.28616613149642944,0.002127985999777593,123,A09,cross-session,AdaBN
230,16,0,0.49359726905822754,0.0021218910001152835,123,A09,cross-session,AdaBN
231,16,1,0.40816590189933777,0.002120372999797837,123,A09,cross-session,AdaBN
232,16,1,0.3978481888771057,0.0021251600001050974,123,A09,cross-session,AdaBN
233,16,1,0.4170770049095154,0.0021369609999055683,123,A09,cross-session,AdaBN
234,16,1,0.35117068886756897,0.002179749000333686,123,A09,cross-session,AdaBN
235,16,1,0.4793097972869873,0.002172967000205972,123,A09,cross-session,AdaBN
236,16,1,0.37248238921165466,0.002135864000138099,123,A09,cross-session,AdaBN
237,16,1,0.41545405983924866,0.002137310999842157,123,A09,cross-session,AdaBN
238,16,1,0.40608495473861694,0.0021770550001747324,123,A09,cross-session,AdaBN
239,16,0,0.5230313539505005,0.0021367979998103692,123,A09,cross-session,AdaBN
240,16,1,0.4333016872406006,0.0021329250002963818,123,A09,cross-session,AdaBN
241,16,1,0.4213107228279114,0.0021297329999470094,123,A09,cross-session,AdaBN
242,16,1,0.5077808499336243,0.0021390649999375455,123,A09,cross-session,AdaBN
243,16,0,0.4183701276779175,0.002129519999925833,123,A09,cross-session,AdaBN
244,16,1,0.5368243455886841,0.002147131999663543,123,A09,cross-session,AdaBN
245,16,1,0.469002902507782,0.0021296349996191566,123,A09,cross-session,AdaBN
246,16,1,0.3818269968032837,0.0021238600002106978,123,A09,cross-session,AdaBN
247,16,0,0.4466524124145508,0.002176761999635346,123,A09,cross-session,AdaBN
248,16,1,0.37920475006103516,0.0021429590001389442,123,A09,cross-session,AdaBN
249,16,0,0.47730594873428345,0.0021275779999996303,123,A09,cross-session,AdaBN
250,16,1,0.45219719409942627,0.002162540999961493,123,A09,cross-session,AdaBN
251,16,0,0.512183427810669,0.002140293999673304,123,A09,cross-session,AdaBN
252,16,0,0.4564518928527832,0.002133607000359916,123,A09,cross-session,AdaBN
253,16,1,0.5419225692749023,0.00215915299986591,123,A09,cross-session,AdaBN
254,16,1,0.4017002582550049,0.0021436349998111837,123,A09,cross-session,AdaBN
255,16,1,0.48909324407577515,0.002128298999650724,123,A09,cross-session,AdaBN
256,16,0,0.4641399383544922,0.002183309999963967,123,A09,cross-session,AdaBN
257,16,0,0.3681362271308899,0.002170073000343109,123,A09,cross-session,AdaBN
258,16,0,0.5546338558197021,0.0021275619997140893,123,A09,cross-session,AdaBN
259,16,0,0.4415677785873413,0.0021708180001951405,123,A09,cross-session,AdaBN
260,16,0,0.6477592587471008,0.0022206180001376197,123,A09,cross-session,AdaBN
261,16,1,0.5151796340942383,0.002153406999696017,123,A09,cross-session,AdaBN
262,16,1,0.4702332019805908,0.002204738999807887,123,A09,cross-session,AdaBN
263,16,1,0.4417848587036133,0.0021786409997730516,123,A09,cross-session,AdaBN
264,16,1,0.4686063826084137,0.0021814320002704335,123,A09,cross-session,AdaBN
265,16,1,0.41414520144462585,0.002174745000047551,123,A09,cross-session,AdaBN
266,16,0,0.34751641750335693,0.002159957999992912,123,A09,cross-session,AdaBN
267,16,1,0.48514845967292786,0.002148715000203083,123,A09,cross-session,AdaBN
268,16,0,0.4575980603694916,0.002183632999731344,123,A09,cross-session,AdaBN
269,16,1,0.5226913094520569,0.0021648000001732726,123,A09,cross-session,AdaBN
270,16,0,0.5091298222541809,0.0021268010000312643,123,A09,cross-session,AdaBN
271,16,1,0.4348212778568268,0.0021227699999144534,123,A09,cross-session,AdaBN
272,16,1,0.41057974100112915,0.002195117000155733,123,A09,cross-session,AdaBN
273,16,1,0.26278379559516907,0.00211988899991411,123,A09,cross-session,AdaBN
274,16,1,0.35001295804977417,0.002122371000041312,123,A09,cross-session,AdaBN
275,16,1,0.32745659351348877,0.0021333230001800985,123,A09,cross-session,AdaBN
276,16,0,0.4356628954410553,0.0021416639997369202,123,A09,cross-session,AdaBN
277,16,1,0.36673569679260254,0.002203844999712601,123,A09,cross-session,AdaBN
278,16,1,0.3939710855484009,0.002190482000060001,123,A09,cross-session,AdaBN
279,16,1,0.43296003341674805,0.002138762999948085,123,A09,cross-session,AdaBN
280,16,1,0.44941246509552,0.0021695919999729085,123,A09,cross-session,AdaBN
281,16,0,0.5047338008880615,0.0021508479999283736,123,A09,cross-session,AdaBN
282,16,1,0.4199402332305908,0.002122604999840405,123,A09,cross-session,AdaBN
283,16,1,0.36651864647865295,0.002134635999937018,123,A09,cross-session,AdaBN
284,16,1,0.4050922691822052,0.0021857369997633214,123,A09,cross-session,AdaBN
285,16,0,0.4414185881614685,0.0021521610001400404,123,A09,cross-session,AdaBN
286,16,1,0.39957180619239807,0.0021054809999441204,123,A09,cross-session,AdaBN
287,16,0,0.42928624153137207,0.0021815539998897293,123,A09,cross-session,AdaBN
