trial_idx,buffer_trials,correct,step_time_sec,seed,subject,protocol,adaptation
0,1,0,0.26621698399999616,42,A01,cross-session,AdaBN
1,2,1,0.003536844999999289,42,A01,cross-session,AdaBN
2,3,1,0.0025804940000000443,42,A01,cross-session,AdaBN
3,4,1,0.001641273000004162,42,A01,cross-session,AdaBN
4,5,1,0.0016458829999947966,42,A01,cross-session,AdaBN
5,6,0,0.001628233999994677,42,A01,cross-session,AdaBN
6,7,1,0.010544878000004587,42,A01,cross-session,AdaBN
7,8,0,0.0015744779999948832,42,A01,cross-session,AdaBN
8,9,1,0.001644592999994643,42,A01,cross-session,AdaBN
9,10,1,0.001550590000007901,42,A01,cross-session,AdaBN
10,11,0,0.0015019960000017818,42,A01,cross-session,AdaBN
11,12,0,0.0015639579999913167,42,A01,cross-session,AdaBN
12,13,1,0.001624370000001818,42,A01,cross-session,AdaBN
13,14,1,0.0017100700000014513,42,A01,cross-session,AdaBN
14,15,0,0.0017221650000038835,42,A01,cross-session,AdaBN
15,16,1,0.0016306560000032277,42,A01,cross-session,AdaBN
16,16,1,0.0004103329999907146,42,A01,cross-session,AdaBN
17,16,1,0.0003964139999936833,42,A01,cross-session,AdaBN
18,16,1,0.0003833199999974113,42,A01,cross-session,AdaBN
19,16,1,0.00041976199999282926,42,A01,cross-session,AdaBN
20,16,1,0.0003678559999968911,42,A01,cross-session,AdaBN
21,16,1,0.00037785399999279434,42,A01,cross-session,AdaBN
22,16,1,0.00038344999998685125,42,A01,cross-session,AdaBN
23,16,0,0.0003672590000007858,42,A01,cross-session,AdaBN
24,16,0,0.0003640050000086603,42,A01,cross-session,AdaBN
25,16,1,0.00038156099999753224,42,A01,cross-session,AdaBN
26,16,1,0.000370029999999133,42,A01,cross-session,AdaBN
27,16,1,0.00038710399999786205,42,A01,cross-session,AdaBN
28,16,0,0.00037139699999499953,42,A01,cross-session,AdaBN
29,16,0,0.00038946399999417736,42,A01,cross-session,AdaBN
30,16,0,0.0003885489999930769,42,A01,cross-session,AdaBN
31,16,1,0.0003589020000021037,42,A01,cross-session,AdaBN
32,16,1,0.000364676000003783,42,A01,cross-session,AdaBN
33,16,1,0.0003784560000070769,42,A01,cross-session,AdaBN
34,16,1,0.00040722099998902195,42,A01,cross-session,AdaBN
35,16,1,0.000388530999998693,42,A01,cross-session,AdaBN
36,16,1,0.00041641599999309165,42,A01,cross-session,AdaBN
37,16,0,0.00042088200000023335,42,A01,cross-session,AdaBN
38,16,1,0.0003733269999912636,42,A01,cross-session,AdaBN
39,16,0,0.0003667120000017121,42,A01,cross-session,AdaBN
40,16,1,0.00037534199999811335,42,A01,cross-session,AdaBN
41,16,1,0.0003694060000043464,42,A01,cross-session,AdaBN
42,16,1,0.0003652919999979076,42,A01,cross-session,AdaBN
43,16,0,0.0003654329999989159,42,A01,cross-session,AdaBN
44,16,1,0.0003849900000005846,42,A01,cross-session,AdaBN
45,16,1,0.00038345199999412216,42,A01,cross-session,AdaBN
46,16,1,0.00037850400001104845,42,A01,cross-session,AdaBN
47,16,0,0.00038453499999491214,42,A01,cross-session,AdaBN
48,16,0,0.0003766990000002579,42,A01,cross-session,AdaBN
49,16,0,0.0003778600000003962,42,A01,cross-session,AdaBN
50,16,1,0.0003658020000045781,42,A01,cross-session,AdaBN
51,16,0,0.0004429080000107888,42,A01,cross-session,AdaBN
52,16,1,0.0004293770000032282,42,A01,cross-session,AdaBN
53,16,1,0.00039181799999710165,42,A01,cross-session,AdaBN
54,16,0,0.00037174299998810056,42,A01,cross-session,AdaBN
55,16,0,0.0003858019999967155,42,A01,cross-session,AdaBN
56,16,1,0.0004061249999978145,42,A01,cross-session,AdaBN
57,16,1,0.00037587699999619417,42,A01,cross-session,AdaBN
58,16,1,0.0003742640000012898,42,A01,cross-session,AdaBN
59,16,1,0.0003673759999998083,42,A01,cross-session,AdaBN
60,16,0,0.000378009999991491,42,A01,cross-session,AdaBN
61,16,0,0.000367178000004742,42,A01,cross-session,AdaBN
62,16,1,0.0004142540000060535,42,A01,cross-session,AdaBN
63,16,1,0.00036756499999057723,42,A01,cross-session,AdaBN
64,16,1,0.00038049799999839706,42,A01,cross-session,AdaBN
65,16,0,0.00036370200000135355,42,A01,cross-session,AdaBN
66,16,0,0.0003746129999910863,42,A01,cross-session,AdaBN
67,16,1,0.00042743800000266674,42,A01,cross-session,AdaBN
68,16,1,0.0003723830000126327,42,A01,cross-session,AdaBN
69,16,0,0.00041222500000515083,42,A01,cross-session,AdaBN
70,16,1,0.00036962100000437204,42,A01,cross-session,AdaBN
71,16,0,0.00036914700000068024,42,A01,cross-session,AdaBN
72,16,0,0.00036525299999823346,42,A01,cross-session,AdaBN
73,16,1,0.00036466500000642554,42,A01,cross-session,AdaBN
74,16,1,0.00045724699999993845,42,A01,cross-session,AdaBN
75,16,1,0.000383747000000767,42,A01,cross-session,AdaBN
76,16,1,0.00042869499999653726,42,A01,cross-session,AdaBN
77,16,0,0.00043839100000298004,42,A01,cross-session,AdaBN
78,16,1,0.00038589000000399665,42,A01,cross-session,AdaBN
79,16,1,0.00037441599999965547,42,A01,cross-session,AdaBN
80,16,1,0.0003692880000016885,42,A01,cross-session,AdaBN
81,16,0,0.0004898910000008527,42,A01,cross-session,AdaBN
82,16,1,0.00041772100000514456,42,A01,cross-session,AdaBN
83,16,1,0.0003729459999988194,42,A01,cross-session,AdaBN
84,16,1,0.00037642099999857237,42,A01,cross-session,AdaBN
85,16,0,0.0003703260000094133,42,A01,cross-session,AdaBN
86,16,0,0.00037587600000676957,42,A01,cross-session,AdaBN
87,16,1,0.00036312899999302317,42,A01,cross-session,AdaBN
88,16,1,0.00036258100000452487,42,A01,cross-session,AdaBN
89,16,0,0.00037511700000436576,42,A01,cross-session,AdaBN
90,16,1,0.00039958400000728034,42,A01,cross-session,AdaBN
91,16,1,0.00036576800000887033,42,A01,cross-session,AdaBN
92,16,1,0.00048259599999767033,42,A01,cross-session,AdaBN
93,16,1,0.00042223599999147154,42,A01,cross-session,AdaBN
94,16,0,0.00040596899999911784,42,A01,cross-session,AdaBN
95,16,0,0.0003704639999995152,42,A01,cross-session,AdaBN
96,16,1,0.00037228300000435866,42,A01,cross-session,AdaBN
97,16,0,0.0003874690000031933,42,A01,cross-session,AdaBN
98,16,1,0.0003797929999933558,42,A01,cross-session,AdaBN
99,16,1,0.00037074499999789623,42,A01,cross-session,AdaBN
100,16,1,0.00037739900000133275,42,A01,cross-session,AdaBN
101,16,0,0.0004026720000069872,42,A01,cross-session,AdaBN
102,16,1,0.0003580479999953923,42,A01,cross-session,AdaBN
103,16,0,0.0003704729999896017,42,A01,cross-session,AdaBN
104,16,0,0.0003702329999981657,42,A01,cross-session,AdaBN
105,16,1,0.0003913919999973814,42,A01,cross-session,AdaBN
106,16,1,0.0003629299999943214,42,A01,cross-session,AdaBN
107,16,1,0.0003684469999996054,42,A01,cross-session,AdaBN
108,16,1,0.00036490399999422607,42,A01,cross-session,AdaBN
109,16,1,0.00036363299999209175,42,A01,cross-session,AdaBN
110,16,0,0.00037160699999105873,42,A01,cross-session,AdaBN
111,16,1,0.0003651039999965633,42,A01,cross-session,AdaBN
112,16,1,0.00036569899999960853,42,A01,cross-session,AdaBN
113,16,1,0.0003588720000067269,42,A01,cross-session,AdaBN
114,16,0,0.00037456200000463014,42,A01,cross-session,AdaBN
115,16,1,0.0003623730000015257,42,A01,cross-session,AdaBN
116,16,0,0.0003640250000103151,42,A01,cross-session,AdaBN
117,16,1,0.00037159400000064124,42,A01,cross-session,AdaBN
118,16,1,0.0003819099999873288,42,A01,cross-session,AdaBN
119,16,1,0.0003949919999968188,42,A01,cross-session,AdaBN
120,16,1,0.0003638870000060024,42,A01,cross-session,AdaBN
121,16,1,0.00039875199999528377,42,A01,cross-session,AdaBN
122,16,0,0.00036516599999458776,42,A01,cross-session,AdaBN
123,16,1,0.00040426900000056776,42,A01,cross-session,AdaBN
124,16,0,0.00042722899999603214,42,A01,cross-session,AdaBN
125,16,0,0.0004197749999974576,42,A01,cross-session,AdaBN
126,16,0,0.00039414200000464916,42,A01,cross-session,AdaBN
127,16,0,0.00039703500000598524,42,A01,cross-session,AdaBN
128,16,1,0.00038366699999414777,42,A01,cross-session,AdaBN
129,16,0,0.0003809410000030766,42,A01,cross-session,AdaBN
130,16,1,0.000383581999997773,42,A01,cross-session,AdaBN
131,16,1,0.0003818919999929449,42,A01,cross-session,AdaBN
132,16,0,0.0003926020000051267,42,A01,cross-session,AdaBN
133,16,1,0.00041203099999620463,42,A01,cross-session,AdaBN
134,16,0,0.0003821170000009033,42,A01,cross-session,AdaBN
135,16,1,0.00039333500001248467,42,A01,cross-session,AdaBN
136,16,0,0.0003617929999961689,42,A01,cross-session,AdaBN
137,16,0,0.0003767390000035675,42,A01,cross-session,AdaBN
138,16,1,0.0004064120000037974,42,A01,cross-session,AdaBN
139,16,1,0.0004277649999977484,42,A01,cross-session,AdaBN
140,16,1,0.00036789100001044517,42,A01,cross-session,AdaBN
141,16,0,0.0003683699999896817,42,A01,cross-session,AdaBN
142,16,0,0.00037770700001260593,42,A01,cross-session,AdaBN
143,16,1,0.00038744100000087656,42,A01,cross-session,AdaBN
144,16,1,0.00036798800000781284,42,A01,cross-session,AdaBN
145,16,1,0.0003914249999894537,42,A01,cross-session,AdaBN
146,16,0,0.0004824890000065807,42,A01,cross-session,AdaBN
147,16,0,0.0004529299999944669,42,A01,cross-session,AdaBN
148,16,1,0.000380116999991742,42,A01,cross-session,AdaBN
149,16,1,0.0003872569999998632,42,A01,cross-session,AdaBN
150,16,0,0.00038430799999389365,42,A01,cross-session,AdaBN
151,16,1,0.0004105849999973543,42,A01,cross-session,AdaBN
152,16,1,0.0003649750000107588,42,A01,cross-session,AdaBN
153,16,1,0.0003992749999923717,42,A01,cross-session,AdaBN
154,16,0,0.0003974499999941372,42,A01,cross-session,AdaBN
155,16,1,0.0004264859999949522,42,A01,cross-session,AdaBN
156,16,0,0.0003922159999945052,42,A01,cross-session,AdaBN
157,16,1,0.0003990640000068879,42,A01,cross-session,AdaBN
158,16,0,0.0003660989999900721,42,A01,cross-session,AdaBN
159,16,0,0.0003755350000034241,42,A01,cross-session,AdaBN
160,16,1,0.00040962600000682414,42,A01,cross-session,AdaBN
161,16,1,0.0003761020000041526,42,A01,cross-session,AdaBN
162,16,0,0.00036683500000833646,42,A01,cross-session,AdaBN
163,16,1,0.00039580799999328065,42,A01,cross-session,AdaBN
164,16,0,0.0003808310000010806,42,A01,cross-session,AdaBN
165,16,1,0.0003729289999938601,42,A01,cross-session,AdaBN
166,16,0,0.00036877099999799157,42,A01,cross-session,AdaBN
167,16,1,0.00038806999999962954,42,A01,cross-session,AdaBN
168,16,1,0.00038542700001187313,42,A01,cross-session,AdaBN
169,16,1,0.00037697799999136805,42,A01,cross-session,AdaBN
170,16,1,0.0003688019999970038,42,A01,cross-session,AdaBN
171,16,0,0.00038659900000936886,42,A01,cross-session,AdaBN
172,16,1,0.00037187999998877785,42,A01,cross-session,AdaBN
173,16,1,0.00038287900000000263,42,A01,cross-session,AdaBN
174,16,0,0.00036858500000391814,42,A01,cross-session,AdaBN
175,16,0,0.00045357499999454376,42,A01,cross-session,AdaBN
176,16,0,0.0003967629999976907,42,A01,cross-session,AdaBN
177,16,1,0.0003955690000054801,42,A01,cross-session,AdaBN
178,16,1,0.0003786039999909008,42,A01,cross-session,AdaBN
179,16,0,0.00039261800000645053,42,A01,cross-session,AdaBN
180,16,0,0.00038227499999266,42,A01,cross-session,AdaBN
181,16,1,0.0003637109999914401,42,A01,cross-session,AdaBN
182,16,0,0.0003872159999929181,42,A01,cross-session,AdaBN
183,16,0,0.00038112400000045454,42,A01,cross-session,AdaBN
184,16,1,0.0003657480000072155,42,A01,cross-session,AdaBN
185,16,1,0.0003917699999931301,42,A01,cross-session,AdaBN
186,16,1,0.0004345330000035119,42,A01,cross-session,AdaBN
187,16,1,0.0003984180000031756,42,A01,cross-session,AdaBN
188,16,1,0.0003927300000015066,42,A01,cross-session,AdaBN
189,16,1,0.00037463299999274113,42,A01,cross-session,AdaBN
190,16,1,0.00036984400000505957,42,A01,cross-session,AdaBN
191,16,1,0.0003696220000080075,42,A01,cross-session,AdaBN
192,16,0,0.0003610430000122733,42,A01,cross-session,AdaBN
193,16,1,0.0003730910000001586,42,A01,cross-session,AdaBN
194,16,0,0.0004015330000015638,42,A01,cross-session,AdaBN
195,16,0,0.00043245999999896867,42,A01,cross-session,AdaBN
196,16,1,0.0003664910000082955,42,A01,cross-session,AdaBN
197,16,1,0.00040592799999217277,42,A01,cross-session,AdaBN
198,16,1,0.0003736430000031987,42,A01,cross-session,AdaBN
199,16,0,0.0003809130000007599,42,A01,cross-session,AdaBN
200,16,0,0.0003726089999958049,42,A01,cross-session,AdaBN
201,16,1,0.00038335899999708545,42,A01,cross-session,AdaBN
202,16,1,0.00037708799999336406,42,A01,cross-session,AdaBN
203,16,0,0.000388690000008296,42,A01,cross-session,AdaBN
204,16,1,0.0004330759999930933,42,A01,cross-session,AdaBN
205,16,1,0.0003932070000018939,42,A01,cross-session,AdaBN
206,16,0,0.0003799589999999853,42,A01,cross-session,AdaBN
207,16,1,0.0003773180000052889,42,A01,cross-session,AdaBN
208,16,1,0.0004420970000040825,42,A01,cross-session,AdaBN
209,16,1,0.00039757600001166793,42,A01,cross-session,AdaBN
210,16,0,0.00038827200000923767,42,A01,cross-session,AdaBN
211,16,0,0.0003612790000033783,42,A01,cross-session,AdaBN
212,16,1,0.0003721360000099594,42,A01,cross-session,AdaBN
213,16,1,0.0003972490000023754,42,A01,cross-session,AdaBN
214,16,1,0.00044053299998836337,42,A01,cross-session,AdaBN
215,16,1,0.00041860999999698834,42,A01,cross-session,AdaBN
216,16,0,0.00036743200000444176,42,A01,cross-session,AdaBN
217,16,1,0.0003879759999989574,42,A01,cross-session,AdaBN
218,16,1,0.0004001750000099946,42,A01,cross-session,AdaBN
219,16,1,0.00041155600000308823,42,A01,cross-session,AdaBN
220,16,1,0.0004200399999945148,42,A01,cross-session,AdaBN
221,16,1,0.0003699729999908641,42,A01,cross-session,AdaBN
222,16,0,0.0003861869999894907,42,A01,cross-session,AdaBN
223,16,1,0.00038091199999712444,42,A01,cross-session,AdaBN
224,16,0,0.0003691510000010112,42,A01,cross-session,AdaBN
225,16,1,0.0003765560000061896,42,A01,cross-session,AdaBN
226,16,0,0.0003724070000004076,42,A01,cross-session,AdaBN
227,16,1,0.0004491119999983084,42,A01,cross-session,AdaBN
228,16,0,0.0003908820000049218,42,A01,cross-session,AdaBN
229,16,1,0.00041280099999596587,42,A01,cross-session,AdaBN
230,16,0,0.0003716209999993225,42,A01,cross-session,AdaBN
231,16,0,0.00037659000000189735,42,A01,cross-session,AdaBN
232,16,0,0.00038937899999780257,42,A01,cross-session,AdaBN
233,16,1,0.0003697939999938171,42,A01,cross-session,AdaBN
234,16,1,0.0003744299999937084,42,A01,cross-session,AdaBN
235,16,1,0.0003825319999890553,42,A01,cross-session,AdaBN
236,16,0,0.000375258000005374,42,A01,cross-session,AdaBN
237,16,1,0.00036608899999635014,42,A01,cross-session,AdaBN
238,16,1,0.0003954969999995228,42,A01,cross-session,AdaBN
239,16,1,0.00037325899999984813,42,A01,cross-session,AdaBN
240,16,0,0.0003787730000084366,42,A01,cross-session,AdaBN
241,16,1,0.00037449500000263924,42,A01,cross-session,AdaBN
242,16,1,0.0003891940000073646,42,A01,cross-session,AdaBN
243,16,1,0.00036542200000155844,42,A01,cross-session,AdaBN
244,16,1,0.00036355000000298787,42,A01,cross-session,AdaBN
245,16,1,0.00036757299999123916,42,A01,cross-session,AdaBN
246,16,1,0.00039017999999657604,42,A01,cross-session,AdaBN
247,16,1,0.0004383319999874402,42,A01,cross-session,AdaBN
248,16,1,0.0003894019999961529,42,A01,cross-session,AdaBN
249,16,1,0.0003823769999939941,42,A01,cross-session,AdaBN
250,16,1,0.00038357100000041555,42,A01,cross-session,AdaBN
251,16,0,0.000363767999999709,42,A01,cross-session,AdaBN
252,16,1,0.0004018900000062331,42,A01,cross-session,AdaBN
253,16,0,0.0004465549999963514,42,A01,cross-session,AdaBN
254,16,1,0.0004004379999997809,42,A01,cross-session,AdaBN
255,16,1,0.0003709860000071785,42,A01,cross-session,AdaBN
256,16,1,0.00039627600000358143,42,A01,cross-session,AdaBN
257,16,1,0.0003760329999948908,42,A01,cross-session,AdaBN
258,16,1,0.000389275999992833,42,A01,cross-session,AdaBN
259,16,1,0.00037340100000449183,42,A01,cross-session,AdaBN
260,16,0,0.00036090300000068964,42,A01,cross-session,AdaBN
261,16,1,0.00036831799999959003,42,A01,cross-session,AdaBN
262,16,1,0.0003604359999940243,42,A01,cross-session,AdaBN
263,16,0,0.0004057869999911645,42,A01,cross-session,AdaBN
264,16,1,0.000432028999995282,42,A01,cross-session,AdaBN
265,16,1,0.0003945770000086668,42,A01,cross-session,AdaBN
266,16,0,0.00039191900000901114,42,A01,cross-session,AdaBN
267,16,0,0.00036866099999599555,42,A01,cross-session,AdaBN
268,16,1,0.0003672790000024406,42,A01,cross-session,AdaBN
269,16,0,0.0003681239999906438,42,A01,cross-session,AdaBN
270,16,1,0.00037176600000066173,42,A01,cross-session,AdaBN
271,16,1,0.00042595300000414227,42,A01,cross-session,AdaBN
272,16,1,0.00039371200000459794,42,A01,cross-session,AdaBN
273,16,1,0.00038422200000809426,42,A01,cross-session,AdaBN
274,16,0,0.00036662600000170187,42,A01,cross-session,AdaBN
275,16,0,0.0003825950000049261,42,A01,cross-session,AdaBN
276,16,1,0.00038845400000298014,42,A01,cross-session,AdaBN
277,16,0,0.0003819260000028635,42,A01,cross-session,AdaBN
278,16,0,0.0004119820000028085,42,A01,cross-session,AdaBN
279,16,1,0.00037947699999563156,42,A01,cross-session,AdaBN
280,16,1,0.0003922689999882323,42,A01,cross-session,AdaBN
281,16,0,0.0003767330000101765,42,A01,cross-session,AdaBN
282,16,0,0.0004461200000065446,42,A01,cross-session,AdaBN
283,16,0,0.0003917020000017146,42,A01,cross-session,AdaBN
284,16,0,0.0003842469999995046,42,A01,cross-session,AdaBN
285,16,1,0.00036560200000224086,42,A01,cross-session,AdaBN
286,16,1,0.0003809900000106836,42,A01,cross-session,AdaBN
287,16,1,0.000370309000004454,42,A01,cross-session,AdaBN
0,1,0,0.001315137999995386,42,A02,cross-session,AdaBN
1,2,0,0.0011303259999948523,42,A02,cross-session,AdaBN
2,3,0,0.0011156780000050048,42,A02,cross-session,AdaBN
3,4,0,0.0011060209999982362,42,A02,cross-session,AdaBN
4,5,1,0.0011024730000031013,42,A02,cross-session,AdaBN
5,6,1,0.0010789359999989756,42,A02,cross-session,AdaBN
6,7,0,0.0011118749999923239,42,A02,cross-session,AdaBN
7,8,1,0.0010967670000070484,42,A02,cross-session,AdaBN
8,9,1,0.0011614249999922777,42,A02,cross-session,AdaBN
9,10,0,0.001119019000000776,42,A02,cross-session,AdaBN
10,11,0,0.0010584460000018225,42,A02,cross-session,AdaBN
11,12,0,0.0010657159999993837,42,A02,cross-session,AdaBN
12,13,0,0.0010747719999955052,42,A02,cross-session,AdaBN
13,14,0,0.0010600870000132545,42,A02,cross-session,AdaBN
14,15,0,0.0010920200000015257,42,A02,cross-session,AdaBN
15,16,1,0.0005016879999999446,42,A02,cross-session,AdaBN
16,16,0,0.0003883489999907397,42,A02,cross-session,AdaBN
17,16,1,0.00043463699999790606,42,A02,cross-session,AdaBN
18,16,0,0.00041229700001110814,42,A02,cross-session,AdaBN
19,16,0,0.0003917610000030436,42,A02,cross-session,AdaBN
20,16,0,0.0003829400000086025,42,A02,cross-session,AdaBN
21,16,0,0.0003643149999987827,42,A02,cross-session,AdaBN
22,16,0,0.0003822660000025735,42,A02,cross-session,AdaBN
23,16,1,0.0003576280000032739,42,A02,cross-session,AdaBN
24,16,0,0.0003915809999881503,42,A02,cross-session,AdaBN
25,16,1,0.00035807799999076906,42,A02,cross-session,AdaBN
26,16,0,0.0004546819999973195,42,A02,cross-session,AdaBN
27,16,0,0.000423889999993321,42,A02,cross-session,AdaBN
28,16,1,0.0004033459999988054,42,A02,cross-session,AdaBN
29,16,0,0.0004034130000007963,42,A02,cross-session,AdaBN
30,16,0,0.0003841110000024628,42,A02,cross-session,AdaBN
31,16,1,0.0004070039999959363,42,A02,cross-session,AdaBN
32,16,1,0.00041237899999657657,42,A02,cross-session,AdaBN
33,16,0,0.0004031689999948185,42,A02,cross-session,AdaBN
34,16,1,0.00036086200000795543,42,A02,cross-session,AdaBN
35,16,1,0.00039210900000341553,42,A02,cross-session,AdaBN
36,16,0,0.0003702220000008083,42,A02,cross-session,AdaBN
37,16,0,0.00038741800000252624,42,A02,cross-session,AdaBN
38,16,0,0.0003668969999921501,42,A02,cross-session,AdaBN
39,16,0,0.00039262699999653705,42,A02,cross-session,AdaBN
40,16,1,0.0003711559999999281,42,A02,cross-session,AdaBN
41,16,0,0.00037509999999940646,42,A02,cross-session,AdaBN
42,16,1,0.0003617779999984805,42,A02,cross-session,AdaBN
43,16,0,0.0004388899999980822,42,A02,cross-session,AdaBN
44,16,0,0.00037690999999995256,42,A02,cross-session,AdaBN
45,16,0,0.0004120079999978543,42,A02,cross-session,AdaBN
46,16,1,0.00037425800000789877,42,A02,cross-session,AdaBN
47,16,0,0.0003890830000017331,42,A02,cross-session,AdaBN
48,16,0,0.0003770920000079059,42,A02,cross-session,AdaBN
49,16,0,0.00037273599998854934,42,A02,cross-session,AdaBN
50,16,0,0.0003573890000012625,42,A02,cross-session,AdaBN
51,16,1,0.0003755780000034292,42,A02,cross-session,AdaBN
52,16,1,0.000364457999992851,42,A02,cross-session,AdaBN
53,16,0,0.0003766539999929819,42,A02,cross-session,AdaBN
54,16,0,0.0003759429999945496,42,A02,cross-session,AdaBN
55,16,0,0.00036583400000722577,42,A02,cross-session,AdaBN
56,16,0,0.00036236399999722835,42,A02,cross-session,AdaBN
57,16,0,0.0003663879999891151,42,A02,cross-session,AdaBN
58,16,1,0.0003651589999975613,42,A02,cross-session,AdaBN
59,16,1,0.0003685740000065607,42,A02,cross-session,AdaBN
60,16,1,0.000380101000004629,42,A02,cross-session,AdaBN
61,16,0,0.0003723549999961051,42,A02,cross-session,AdaBN
62,16,0,0.0003631160000026057,42,A02,cross-session,AdaBN
63,16,0,0.0003616269999895394,42,A02,cross-session,AdaBN
64,16,1,0.00035929999999950724,42,A02,cross-session,AdaBN
65,16,1,0.0003608429999957252,42,A02,cross-session,AdaBN
66,16,0,0.0003770400000036034,42,A02,cross-session,AdaBN
67,16,1,0.0003679959999942639,42,A02,cross-session,AdaBN
68,16,1,0.0003618639999984907,42,A02,cross-session,AdaBN
69,16,0,0.00035221699999965494,42,A02,cross-session,AdaBN
70,16,0,0.000362056000000166,42,A02,cross-session,AdaBN
71,16,0,0.00036633800000629435,42,A02,cross-session,AdaBN
72,16,0,0.00036472600000081457,42,A02,cross-session,AdaBN
73,16,0,0.00036431099999845173,42,A02,cross-session,AdaBN
74,16,0,0.0003544559999966168,42,A02,cross-session,AdaBN
75,16,0,0.00044125499999836393,42,A02,cross-session,AdaBN
76,16,1,0.0003691580000122485,42,A02,cross-session,AdaBN
77,16,0,0.00036427800000637944,42,A02,cross-session,AdaBN
78,16,0,0.00044799100000147973,42,A02,cross-session,AdaBN
79,16,1,0.00036080000000993095,42,A02,cross-session,AdaBN
80,16,0,0.0003928849999965678,42,A02,cross-session,AdaBN
81,16,0,0.00038627700000404275,42,A02,cross-session,AdaBN
82,16,0,0.0003648499999968635,42,A02,cross-session,AdaBN
83,16,0,0.00036065800000528725,42,A02,cross-session,AdaBN
84,16,0,0.00039497100000573937,42,A02,cross-session,AdaBN
85,16,0,0.000378968999996232,42,A02,cross-session,AdaBN
86,16,0,0.0003759849999909193,42,A02,cross-session,AdaBN
87,16,1,0.0004025570000010248,42,A02,cross-session,AdaBN
88,16,0,0.00039443699999708315,42,A02,cross-session,AdaBN
89,16,0,0.00035978899998667657,42,A02,cross-session,AdaBN
90,16,0,0.0003931170000015527,42,A02,cross-session,AdaBN
91,16,1,0.00036015199999894776,42,A02,cross-session,AdaBN
92,16,0,0.0003944810000007237,42,A02,cross-session,AdaBN
93,16,1,0.00043242599998905007,42,A02,cross-session,AdaBN
94,16,1,0.00038334999999278807,42,A02,cross-session,AdaBN
95,16,0,0.00037386399999661535,42,A02,cross-session,AdaBN
96,16,1,0.00040436199999760447,42,A02,cross-session,AdaBN
97,16,1,0.00045018100000504546,42,A02,cross-session,AdaBN
98,16,1,0.0003980959999978495,42,A02,cross-session,AdaBN
99,16,0,0.00039985499999772856,42,A02,cross-session,AdaBN
100,16,1,0.00040593699999647015,42,A02,cross-session,AdaBN
101,16,0,0.00038121400000079575,42,A02,cross-session,AdaBN
102,16,1,0.0004130840000016178,42,A02,cross-session,AdaBN
103,16,0,0.00036139499999876534,42,A02,cross-session,AdaBN
104,16,0,0.00036668799999972634,42,A02,cross-session,AdaBN
105,16,0,0.00037011800000641415,42,A02,cross-session,AdaBN
106,16,1,0.0003717610000109062,42,A02,cross-session,AdaBN
107,16,0,0.0003709119999939503,42,A02,cross-session,AdaBN
108,16,0,0.00039590600000849463,42,A02,cross-session,AdaBN
109,16,0,0.0003911299999970197,42,A02,cross-session,AdaBN
110,16,0,0.00039084999998806325,42,A02,cross-session,AdaBN
111,16,0,0.0003741539999992938,42,A02,cross-session,AdaBN
112,16,1,0.00037433500000361164,42,A02,cross-session,AdaBN
113,16,0,0.0003943609999907949,42,A02,cross-session,AdaBN
114,16,1,0.00040015700000139987,42,A02,cross-session,AdaBN
115,16,0,0.00037365199999328524,42,A02,cross-session,AdaBN
116,16,0,0.00036609900000428297,42,A02,cross-session,AdaBN
117,16,0,0.0004324970000055828,42,A02,cross-session,AdaBN
118,16,0,0.00037239300000635467,42,A02,cross-session,AdaBN
119,16,0,0.00037471299999936036,42,A02,cross-session,AdaBN
120,16,0,0.0003927389999915931,42,A02,cross-session,AdaBN
121,16,0,0.0003741799999943396,42,A02,cross-session,AdaBN
122,16,0,0.00041130500000008396,42,A02,cross-session,AdaBN
123,16,1,0.0004007020000074135,42,A02,cross-session,AdaBN
124,16,0,0.0003798129999950106,42,A02,cross-session,AdaBN
125,16,1,0.00039221699999814064,42,A02,cross-session,AdaBN
126,16,1,0.0003629880000062258,42,A02,cross-session,AdaBN
127,16,1,0.000400429999999119,42,A02,cross-session,AdaBN
128,16,1,0.0003858120000046483,42,A02,cross-session,AdaBN
129,16,0,0.0003826750000115453,42,A02,cross-session,AdaBN
130,16,0,0.00038460199999690303,42,A02,cross-session,AdaBN
131,16,0,0.0003753739999865502,42,A02,cross-session,AdaBN
132,16,0,0.0003809250000017528,42,A02,cross-session,AdaBN
133,16,0,0.0003665299999937588,42,A02,cross-session,AdaBN
134,16,1,0.0003666999999865084,42,A02,cross-session,AdaBN
135,16,0,0.00039860900000121546,42,A02,cross-session,AdaBN
136,16,1,0.00035898200000872293,42,A02,cross-session,AdaBN
137,16,0,0.0003683549999919933,42,A02,cross-session,AdaBN
138,16,0,0.0003659239999933561,42,A02,cross-session,AdaBN
139,16,1,0.00037160200000130317,42,A02,cross-session,AdaBN
140,16,1,0.000406631000004154,42,A02,cross-session,AdaBN
141,16,1,0.0003862550000093279,42,A02,cross-session,AdaBN
142,16,1,0.00037168100000428694,42,A02,cross-session,AdaBN
143,16,0,0.0003916760000066688,42,A02,cross-session,AdaBN
144,16,0,0.000380331000002343,42,A02,cross-session,AdaBN
145,16,0,0.0003872859999916045,42,A02,cross-session,AdaBN
146,16,1,0.00041270299999496274,42,A02,cross-session,AdaBN
147,16,0,0.0004148910000054684,42,A02,cross-session,AdaBN
148,16,0,0.00037663999999892894,42,A02,cross-session,AdaBN
149,16,0,0.0003619350000008126,42,A02,cross-session,AdaBN
150,16,0,0.0003639759999884973,42,A02,cross-session,AdaBN
151,16,0,0.0003617889999958379,42,A02,cross-session,AdaBN
152,16,1,0.0003952729999951998,42,A02,cross-session,AdaBN
153,16,0,0.0003996269999930746,42,A02,cross-session,AdaBN
154,16,0,0.0003757629999938672,42,A02,cross-session,AdaBN
155,16,1,0.00039840899999887824,42,A02,cross-session,AdaBN
156,16,0,0.00042795299999909275,42,A02,cross-session,AdaBN
157,16,0,0.0003668699999934688,42,A02,cross-session,AdaBN
158,16,0,0.0003774970000023359,42,A02,cross-session,AdaBN
159,16,0,0.0003616430000050741,42,A02,cross-session,AdaBN
160,16,0,0.0003946570000010752,42,A02,cross-session,AdaBN
161,16,0,0.00040562700000634777,42,A02,cross-session,AdaBN
162,16,0,0.0003806280000020479,42,A02,cross-session,AdaBN
163,16,0,0.0004121249999968768,42,A02,cross-session,AdaBN
164,16,0,0.00036702299999546995,42,A02,cross-session,AdaBN
165,16,0,0.00038078699999744003,42,A02,cross-session,AdaBN
166,16,0,0.0003711290000012468,42,A02,cross-session,AdaBN
167,16,0,0.00037469000000101005,42,A02,cross-session,AdaBN
168,16,0,0.0003654389999923069,42,A02,cross-session,AdaBN
169,16,0,0.000362344999999209,42,A02,cross-session,AdaBN
170,16,0,0.0003632170000003043,42,A02,cross-session,AdaBN
171,16,1,0.0003828539999943814,42,A02,cross-session,AdaBN
172,16,0,0.00040048399999648154,42,A02,cross-session,AdaBN
173,16,0,0.00038015299999472063,42,A02,cross-session,AdaBN
174,16,0,0.00037029800000709656,42,A02,cross-session,AdaBN
175,16,1,0.00038669999999285665,42,A02,cross-session,AdaBN
176,16,0,0.0003766919999890206,42,A02,cross-session,AdaBN
177,16,0,0.000400089999999409,42,A02,cross-session,AdaBN
178,16,0,0.0003770770000102175,42,A02,cross-session,AdaBN
179,16,1,0.0003913719999957266,42,A02,cross-session,AdaBN
180,16,0,0.00036692300000140676,42,A02,cross-session,AdaBN
181,16,1,0.00037208000000532593,42,A02,cross-session,AdaBN
182,16,1,0.0003927599999968834,42,A02,cross-session,AdaBN
183,16,0,0.00043158100000084687,42,A02,cross-session,AdaBN
184,16,0,0.0004328970000102572,42,A02,cross-session,AdaBN
185,16,0,0.000387457999991625,42,A02,cross-session,AdaBN
186,16,1,0.00038787899998737885,42,A02,cross-session,AdaBN
187,16,0,0.0003643350000004375,42,A02,cross-session,AdaBN
188,16,0,0.00037408599999366743,42,A02,cross-session,AdaBN
189,16,0,0.0004119209999942086,42,A02,cross-session,AdaBN
190,16,0,0.00039119100000561957,42,A02,cross-session,AdaBN
191,16,0,0.00038749700000551,42,A02,cross-session,AdaBN
192,16,0,0.0003999310000040168,42,A02,cross-session,AdaBN
193,16,1,0.0003981429999981856,42,A02,cross-session,AdaBN
194,16,1,0.00040059199999120665,42,A02,cross-session,AdaBN
195,16,0,0.0003737749999999096,42,A02,cross-session,AdaBN
196,16,0,0.00041114400001163176,42,A02,cross-session,AdaBN
197,16,0,0.0004004409999964764,42,A02,cross-session,AdaBN
198,16,0,0.00035821400000202175,42,A02,cross-session,AdaBN
199,16,1,0.0003767869999933282,42,A02,cross-session,AdaBN
200,16,0,0.00038289699999438653,42,A02,cross-session,AdaBN
201,16,1,0.0003970490000000382,42,A02,cross-session,AdaBN
202,16,1,0.00042575899999519606,42,A02,cross-session,AdaBN
203,16,1,0.0003714009999953305,42,A02,cross-session,AdaBN
204,16,0,0.0004531609999958164,42,A02,cross-session,AdaBN
205,16,0,0.0003785490000041136,42,A02,cross-session,AdaBN
206,16,0,0.0003851430000025857,42,A02,cross-session,AdaBN
207,16,0,0.0003929519999985587,42,A02,cross-session,AdaBN
208,16,1,0.0003977639999988014,42,A02,cross-session,AdaBN
209,16,0,0.0003851840000095308,42,A02,cross-session,AdaBN
210,16,0,0.0003671019999984537,42,A02,cross-session,AdaBN
211,16,0,0.00038942000000474764,42,A02,cross-session,AdaBN
212,16,1,0.0003989369999999326,42,A02,cross-session,AdaBN
213,16,0,0.0003769580000039241,42,A02,cross-session,AdaBN
214,16,1,0.0003964630000012903,42,A02,cross-session,AdaBN
215,16,1,0.000372296000008987,42,A02,cross-session,AdaBN
216,16,1,0.00037943600000289734,42,A02,cross-session,AdaBN
217,16,0,0.00039321799999925133,42,A02,cross-session,AdaBN
218,16,1,0.0003555269999964139,42,A02,cross-session,AdaBN
219,16,1,0.0003908170000102018,42,A02,cross-session,AdaBN
220,16,1,0.00038854799998944145,42,A02,cross-session,AdaBN
221,16,0,0.0003640609999990829,42,A02,cross-session,AdaBN
222,16,0,0.0004163939999983768,42,A02,cross-session,AdaBN
223,16,0,0.0004323850000105267,42,A02,cross-session,AdaBN
224,16,0,0.00040170200000488876,42,A02,cross-session,AdaBN
225,16,1,0.0003925950000081002,42,A02,cross-session,AdaBN
226,16,0,0.00038275400000031823,42,A02,cross-session,AdaBN
227,16,0,0.0004148590000028207,42,A02,cross-session,AdaBN
228,16,0,0.00037768100000334925,42,A02,cross-session,AdaBN
229,16,1,0.00036807300000418763,42,A02,cross-session,AdaBN
230,16,0,0.0003906299999982821,42,A02,cross-session,AdaBN
231,16,0,0.00036191499999915777,42,A02,cross-session,AdaBN
232,16,1,0.0003607599999924105,42,A02,cross-session,AdaBN
233,16,0,0.0003577760000013086,42,A02,cross-session,AdaBN
234,16,0,0.00038787700000852965,42,A02,cross-session,AdaBN
235,16,1,0.00043811599999799,42,A02,cross-session,AdaBN
236,16,0,0.00039926499999864973,42,A02,cross-session,AdaBN
237,16,0,0.0004176799999981995,42,A02,cross-session,AdaBN
238,16,1,0.0004104249999983267,42,A02,cross-session,AdaBN
239,16,0,0.0003649399999972047,42,A02,cross-session,AdaBN
240,16,0,0.00039490800000407944,42,A02,cross-session,AdaBN
241,16,0,0.0003714739999907124,42,A02,cross-session,AdaBN
242,16,0,0.0003859360000006973,42,A02,cross-session,AdaBN
243,16,0,0.0004005229999961557,42,A02,cross-session,AdaBN
244,16,0,0.00036526799999592185,42,A02,cross-session,AdaBN
245,16,0,0.0003911969999990106,42,A02,cross-session,AdaBN
246,16,1,0.0003920780000044033,42,A02,cross-session,AdaBN
247,16,0,0.0003778669999974227,42,A02,cross-session,AdaBN
248,16,1,0.0003994409999990012,42,A02,cross-session,AdaBN
249,16,1,0.0003735850000055052,42,A02,cross-session,AdaBN
250,16,0,0.00037898499999755586,42,A02,cross-session,AdaBN
251,16,1,0.00039111600000296676,42,A02,cross-session,AdaBN
252,16,0,0.0003771419999907266,42,A02,cross-session,AdaBN
253,16,1,0.00040313099999877977,42,A02,cross-session,AdaBN
254,16,0,0.0003694100000046774,42,A02,cross-session,AdaBN
255,16,1,0.0003874629999955914,42,A02,cross-session,AdaBN
256,16,1,0.00042918499998734205,42,A02,cross-session,AdaBN
257,16,1,0.0003778490000030388,42,A02,cross-session,AdaBN
258,16,0,0.0003754190000080371,42,A02,cross-session,AdaBN
259,16,0,0.00038921199998753764,42,A02,cross-session,AdaBN
260,16,0,0.00035634999998990224,42,A02,cross-session,AdaBN
261,16,0,0.00038894600000105584,42,A02,cross-session,AdaBN
262,16,0,0.0003624120000011999,42,A02,cross-session,AdaBN
263,16,0,0.0003711260000045513,42,A02,cross-session,AdaBN
264,16,0,0.0004046520000002829,42,A02,cross-session,AdaBN
265,16,0,0.0003938939999983404,42,A02,cross-session,AdaBN
266,16,0,0.00041486299998894083,42,A02,cross-session,AdaBN
267,16,0,0.0003844169999922542,42,A02,cross-session,AdaBN
268,16,0,0.0004478329999955122,42,A02,cross-session,AdaBN
269,16,0,0.0003904259999956139,42,A02,cross-session,AdaBN
270,16,0,0.00040192100000524533,42,A02,cross-session,AdaBN
271,16,0,0.0004009799999948882,42,A02,cross-session,AdaBN
272,16,0,0.00036514599999293296,42,A02,cross-session,AdaBN
273,16,0,0.0003652749999929483,42,A02,cross-session,AdaBN
274,16,0,0.00040193599998872287,42,A02,cross-session,AdaBN
275,16,0,0.00036697500000570926,42,A02,cross-session,AdaBN
276,16,0,0.00040226199999437995,42,A02,cross-session,AdaBN
277,16,0,0.0004319519999995691,42,A02,cross-session,AdaBN
278,16,0,0.0004012810000091349,42,A02,cross-session,AdaBN
279,16,0,0.0004002900000017462,42,A02,cross-session,AdaBN
280,16,0,0.0003791879999965886,42,A02,cross-session,AdaBN
281,16,1,0.0003662769999976945,42,A02,cross-session,AdaBN
282,16,1,0.00041928199999574645,42,A02,cross-session,AdaBN
283,16,1,0.0003707439999942608,42,A02,cross-session,AdaBN
284,16,0,0.0003991740000088839,42,A02,cross-session,AdaBN
285,16,0,0.0003929770000041799,42,A02,cross-session,AdaBN
286,16,1,0.0003651799999886407,42,A02,cross-session,AdaBN
287,16,1,0.00036967699999479464,42,A02,cross-session,AdaBN
0,1,1,0.0007291519999910179,42,A03,cross-session,AdaBN
1,2,1,0.0006452420000044867,42,A03,cross-session,AdaBN
2,3,0,0.0006269849999966937,42,A03,cross-session,AdaBN
3,4,1,0.0005850969999983135,42,A03,cross-session,AdaBN
4,5,0,0.0005890019999981178,42,A03,cross-session,AdaBN
5,6,1,0.0005927710000008801,42,A03,cross-session,AdaBN
6,7,1,0.0005308570000011059,42,A03,cross-session,AdaBN
7,8,0,0.0004927779999945869,42,A03,cross-session,AdaBN
8,9,1,0.0004578180000009979,42,A03,cross-session,AdaBN
9,10,0,0.0004778160000000753,42,A03,cross-session,AdaBN
10,11,1,0.00043993900000316444,42,A03,cross-session,AdaBN
11,12,0,0.00042495200000303157,42,A03,cross-session,AdaBN
12,13,1,0.0004498500000096328,42,A03,cross-session,AdaBN
13,14,1,0.000429861000000642,42,A03,cross-session,AdaBN
14,15,1,0.00045047099999351303,42,A03,cross-session,AdaBN
15,16,1,0.00042895199999293254,42,A03,cross-session,AdaBN
16,16,1,0.0004195270000053597,42,A03,cross-session,AdaBN
17,16,1,0.0004379880000016101,42,A03,cross-session,AdaBN
18,16,0,0.0003815550000041412,42,A03,cross-session,AdaBN
19,16,1,0.0004123429999935979,42,A03,cross-session,AdaBN
20,16,0,0.0003753080000024056,42,A03,cross-session,AdaBN
21,16,1,0.00038031700000829005,42,A03,cross-session,AdaBN
22,16,1,0.00037616599999523714,42,A03,cross-session,AdaBN
23,16,1,0.0003709089999972548,42,A03,cross-session,AdaBN
24,16,0,0.00036809300000584244,42,A03,cross-session,AdaBN
25,16,1,0.0003663829999993595,42,A03,cross-session,AdaBN
26,16,1,0.00037422199999070926,42,A03,cross-session,AdaBN
27,16,0,0.0003726590000070473,42,A03,cross-session,AdaBN
28,16,0,0.0003758960000084244,42,A03,cross-session,AdaBN
29,16,0,0.0003799349999979995,42,A03,cross-session,AdaBN
30,16,1,0.0003697129999977733,42,A03,cross-session,AdaBN
31,16,1,0.0003840090000011287,42,A03,cross-session,AdaBN
32,16,1,0.0003717259999973521,42,A03,cross-session,AdaBN
33,16,1,0.00038130699999783246,42,A03,cross-session,AdaBN
34,16,1,0.00038366100000075676,42,A03,cross-session,AdaBN
35,16,1,0.00038858400000663096,42,A03,cross-session,AdaBN
36,16,1,0.0003618209999984856,42,A03,cross-session,AdaBN
37,16,1,0.0004092639999981884,42,A03,cross-session,AdaBN
38,16,1,0.00036755499999685526,42,A03,cross-session,AdaBN
39,16,0,0.0003756199999997989,42,A03,cross-session,AdaBN
40,16,0,0.0003707940000055032,42,A03,cross-session,AdaBN
41,16,1,0.0003778510000103097,42,A03,cross-session,AdaBN
42,16,0,0.0003676939999905926,42,A03,cross-session,AdaBN
43,16,1,0.00037229399998750523,42,A03,cross-session,AdaBN
44,16,1,0.00036980599999481,42,A03,cross-session,AdaBN
45,16,1,0.00039309299999956693,42,A03,cross-session,AdaBN
46,16,1,0.00037280299999054023,42,A03,cross-session,AdaBN
47,16,1,0.00037280799999450664,42,A03,cross-session,AdaBN
48,16,0,0.00036062600000263956,42,A03,cross-session,AdaBN
49,16,0,0.00037283999999715434,42,A03,cross-session,AdaBN
50,16,1,0.0003729419999984884,42,A03,cross-session,AdaBN
51,16,1,0.00037430599999765946,42,A03,cross-session,AdaBN
52,16,1,0.00038227599999629547,42,A03,cross-session,AdaBN
53,16,1,0.000394618000001401,42,A03,cross-session,AdaBN
54,16,0,0.00038304699999969216,42,A03,cross-session,AdaBN
55,16,1,0.00038612000000171065,42,A03,cross-session,AdaBN
56,16,1,0.00044277800000713796,42,A03,cross-session,AdaBN
57,16,0,0.0003922470000077283,42,A03,cross-session,AdaBN
58,16,0,0.00042914600000187875,42,A03,cross-session,AdaBN
59,16,0,0.00038315499999441727,42,A03,cross-session,AdaBN
60,16,1,0.00038682699999981196,42,A03,cross-session,AdaBN
61,16,1,0.00037541499999349526,42,A03,cross-session,AdaBN
62,16,1,0.00040609600000607315,42,A03,cross-session,AdaBN
63,16,1,0.0003778579999931253,42,A03,cross-session,AdaBN
64,16,1,0.00039960200000166424,42,A03,cross-session,AdaBN
65,16,1,0.00036998199999516146,42,A03,cross-session,AdaBN
66,16,1,0.0004052809999990359,42,A03,cross-session,AdaBN
67,16,1,0.0003771620000065923,42,A03,cross-session,AdaBN
68,16,1,0.0004821489999926598,42,A03,cross-session,AdaBN
69,16,0,0.000401109999998539,42,A03,cross-session,AdaBN
70,16,1,0.0003763369999916222,42,A03,cross-session,AdaBN
71,16,0,0.00039693300000465115,42,A03,cross-session,AdaBN
72,16,1,0.00037960499999201147,42,A03,cross-session,AdaBN
73,16,1,0.0003768989999883843,42,A03,cross-session,AdaBN
74,16,1,0.00039333199998736745,42,A03,cross-session,AdaBN
75,16,1,0.00036202600000478924,42,A03,cross-session,AdaBN
76,16,1,0.0004073030000029121,42,A03,cross-session,AdaBN
77,16,1,0.0003800849999890943,42,A03,cross-session,AdaBN
78,16,1,0.00038768000000288794,42,A03,cross-session,AdaBN
79,16,1,0.0003757799999988265,42,A03,cross-session,AdaBN
80,16,1,0.00041789099999789414,42,A03,cross-session,AdaBN
81,16,0,0.00041659299999707855,42,A03,cross-session,AdaBN
82,16,0,0.00039558399998895766,42,A03,cross-session,AdaBN
83,16,0,0.00041899000000000797,42,A03,cross-session,AdaBN
84,16,1,0.0004201369999918825,42,A03,cross-session,AdaBN
85,16,0,0.0004149760000018432,42,A03,cross-session,AdaBN
86,16,1,0.00040493200000923935,42,A03,cross-session,AdaBN
87,16,1,0.0003877560000091762,42,A03,cross-session,AdaBN
88,16,1,0.00037977399999533645,42,A03,cross-session,AdaBN
89,16,0,0.00042373099999792885,42,A03,cross-session,AdaBN
90,16,0,0.00038801200000193603,42,A03,cross-session,AdaBN
91,16,0,0.0003825830000039332,42,A03,cross-session,AdaBN
92,16,1,0.0003665170000033413,42,A03,cross-session,AdaBN
93,16,1,0.00039883099999826754,42,A03,cross-session,AdaBN
94,16,0,0.00041545100000917046,42,A03,cross-session,AdaBN
95,16,1,0.00037156899999502,42,A03,cross-session,AdaBN
96,16,1,0.00040094500000975586,42,A03,cross-session,AdaBN
97,16,1,0.00037930199999891556,42,A03,cross-session,AdaBN
98,16,0,0.0003781800000126623,42,A03,cross-session,AdaBN
99,16,1,0.00040866000000505665,42,A03,cross-session,AdaBN
100,16,1,0.00037286500000277556,42,A03,cross-session,AdaBN
101,16,0,0.0003813729999961879,42,A03,cross-session,AdaBN
102,16,1,0.0003967279999983475,42,A03,cross-session,AdaBN
103,16,0,0.0003772130000072593,42,A03,cross-session,AdaBN
104,16,1,0.00040118099998665,42,A03,cross-session,AdaBN
105,16,1,0.0003715750000026219,42,A03,cross-session,AdaBN
106,16,0,0.00041771099999721173,42,A03,cross-session,AdaBN
107,16,0,0.0003751300000089941,42,A03,cross-session,AdaBN
108,16,0,0.000369351999992773,42,A03,cross-session,AdaBN
109,16,1,0.00036686500000371325,42,A03,cross-session,AdaBN
110,16,0,0.00035981700000320416,42,A03,cross-session,AdaBN
111,16,1,0.0004195129999970959,42,A03,cross-session,AdaBN
112,16,1,0.00041845500000192715,42,A03,cross-session,AdaBN
113,16,1,0.00037418300000524596,42,A03,cross-session,AdaBN
114,16,1,0.00037885799999060055,42,A03,cross-session,AdaBN
115,16,0,0.00037045599999885326,42,A03,cross-session,AdaBN
116,16,0,0.00037145400000326845,42,A03,cross-session,AdaBN
117,16,1,0.00043184700000153953,42,A03,cross-session,AdaBN
118,16,1,0.00041523400000187394,42,A03,cross-session,AdaBN
119,16,1,0.00040856900000108,42,A03,cross-session,AdaBN
120,16,1,0.0003688049999936993,42,A03,cross-session,AdaBN
121,16,1,0.0003811059999918598,42,A03,cross-session,AdaBN
122,16,0,0.0003786069999875963,42,A03,cross-session,AdaBN
123,16,1,0.0003624559999906296,42,A03,cross-session,AdaBN
124,16,1,0.0003815209999942226,42,A03,cross-session,AdaBN
125,16,1,0.00036905799998976363,42,A03,cross-session,AdaBN
126,16,0,0.0003831709999957411,42,A03,cross-session,AdaBN
127,16,1,0.00038718199999721037,42,A03,cross-session,AdaBN
128,16,0,0.00036658599999839225,42,A03,cross-session,AdaBN
129,16,0,0.0003752430000076856,42,A03,cross-session,AdaBN
130,16,1,0.00038217799999529234,42,A03,cross-session,AdaBN
131,16,1,0.0003970719999983885,42,A03,cross-session,AdaBN
132,16,0,0.0003921590000004471,42,A03,cross-session,AdaBN
133,16,1,0.0003683159999923191,42,A03,cross-session,AdaBN
134,16,1,0.000373949000007201,42,A03,cross-session,AdaBN
135,16,1,0.0004592730000041456,42,A03,cross-session,AdaBN
136,16,1,0.0003922500000044238,42,A03,cross-session,AdaBN
137,16,0,0.00038170599999887145,42,A03,cross-session,AdaBN
138,16,1,0.00038437999999985095,42,A03,cross-session,AdaBN
139,16,1,0.0003970360000096207,42,A03,cross-session,AdaBN
140,16,1,0.00042666400000257454,42,A03,cross-session,AdaBN
141,16,0,0.00038321099999905073,42,A03,cross-session,AdaBN
142,16,1,0.0003784249999938538,42,A03,cross-session,AdaBN
143,16,1,0.0003682299999923089,42,A03,cross-session,AdaBN
144,16,0,0.0003841130000097337,42,A03,cross-session,AdaBN
145,16,0,0.0004286230000047908,42,A03,cross-session,AdaBN
146,16,1,0.00037715499999535496,42,A03,cross-session,AdaBN
147,16,0,0.000399631999997041,42,A03,cross-session,AdaBN
148,16,1,0.0004091139999928828,42,A03,cross-session,AdaBN
149,16,1,0.00038434500000050775,42,A03,cross-session,AdaBN
150,16,0,0.00040591900000208625,42,A03,cross-session,AdaBN
151,16,1,0.00041151799999283867,42,A03,cross-session,AdaBN
152,16,0,0.0004063429999945356,42,A03,cross-session,AdaBN
153,16,1,0.0004564779999896018,42,A03,cross-session,AdaBN
154,16,1,0.0003762190000031751,42,A03,cross-session,AdaBN
155,16,1,0.0003719590000059725,42,A03,cross-session,AdaBN
156,16,1,0.0003609540000013567,42,A03,cross-session,AdaBN
157,16,1,0.0003949179999978014,42,A03,cross-session,AdaBN
158,16,0,0.00039655800000559793,42,A03,cross-session,AdaBN
159,16,1,0.000379018000003839,42,A03,cross-session,AdaBN
160,16,1,0.0003629240000009304,42,A03,cross-session,AdaBN
161,16,1,0.00037677999999630174,42,A03,cross-session,AdaBN
162,16,1,0.0004093399999902658,42,A03,cross-session,AdaBN
163,16,1,0.0004016259999986005,42,A03,cross-session,AdaBN
164,16,0,0.00036942900000269674,42,A03,cross-session,AdaBN
165,16,1,0.00041338299999438277,42,A03,cross-session,AdaBN
166,16,1,0.0004098450000071807,42,A03,cross-session,AdaBN
167,16,1,0.0003928470000005291,42,A03,cross-session,AdaBN
168,16,1,0.00038365200001067024,42,A03,cross-session,AdaBN
169,16,1,0.00037486200000103054,42,A03,cross-session,AdaBN
170,16,1,0.000387341999996238,42,A03,cross-session,AdaBN
171,16,0,0.00043102699999053584,42,A03,cross-session,AdaBN
172,16,1,0.0004063160000100652,42,A03,cross-session,AdaBN
173,16,1,0.0003894500000001244,42,A03,cross-session,AdaBN
174,16,1,0.0003671730000007756,42,A03,cross-session,AdaBN
175,16,0,0.00037265899999283647,42,A03,cross-session,AdaBN
176,16,1,0.00040483699999072087,42,A03,cross-session,AdaBN
177,16,1,0.00038787700000852965,42,A03,cross-session,AdaBN
178,16,1,0.00039927000000261614,42,A03,cross-session,AdaBN
179,16,0,0.0003910779999927172,42,A03,cross-session,AdaBN
180,16,0,0.00037376100000585666,42,A03,cross-session,AdaBN
181,16,0,0.0003832259999967391,42,A03,cross-session,AdaBN
182,16,0,0.0003593160000008311,42,A03,cross-session,AdaBN
183,16,1,0.0003880459999976438,42,A03,cross-session,AdaBN
184,16,1,0.00041031000000657514,42,A03,cross-session,AdaBN
185,16,1,0.00037103700000784556,42,A03,cross-session,AdaBN
186,16,0,0.0003910570000016378,42,A03,cross-session,AdaBN
187,16,1,0.00039681699999505327,42,A03,cross-session,AdaBN
188,16,0,0.00037046799999984614,42,A03,cross-session,AdaBN
189,16,0,0.00041489900000613034,42,A03,cross-session,AdaBN
190,16,1,0.0003585099999980912,42,A03,cross-session,AdaBN
191,16,0,0.0003978919999951813,42,A03,cross-session,AdaBN
192,16,0,0.00037579899999684585,42,A03,cross-session,AdaBN
193,16,1,0.00047386700001084137,42,A03,cross-session,AdaBN
194,16,1,0.0004205510000048207,42,A03,cross-session,AdaBN
195,16,0,0.000410905999999045,42,A03,cross-session,AdaBN
196,16,0,0.0004014719999929639,42,A03,cross-session,AdaBN
197,16,1,0.00039243199999816625,42,A03,cross-session,AdaBN
198,16,0,0.0003997929999997041,42,A03,cross-session,AdaBN
199,16,1,0.00038395200000707064,42,A03,cross-session,AdaBN
200,16,0,0.0004140100000000757,42,A03,cross-session,AdaBN
201,16,1,0.00038209099999164664,42,A03,cross-session,AdaBN
202,16,1,0.000478478999994536,42,A03,cross-session,AdaBN
203,16,1,0.0003739029999962895,42,A03,cross-session,AdaBN
204,16,1,0.0004025949999970635,42,A03,cross-session,AdaBN
205,16,1,0.00038605599999641527,42,A03,cross-session,AdaBN
206,16,0,0.00038773599999331054,42,A03,cross-session,AdaBN
207,16,1,0.0004302830000000313,42,A03,cross-session,AdaBN
208,16,0,0.0003784860000024537,42,A03,cross-session,AdaBN
209,16,0,0.00039626400000258855,42,A03,cross-session,AdaBN
210,16,1,0.0003874390000078165,42,A03,cross-session,AdaBN
211,16,1,0.00037210899999706726,42,A03,cross-session,AdaBN
212,16,1,0.0004002280000037217,42,A03,cross-session,AdaBN
213,16,1,0.00036032399999896825,42,A03,cross-session,AdaBN
214,16,1,0.0003612470000007306,42,A03,cross-session,AdaBN
215,16,0,0.00040468299999929513,42,A03,cross-session,AdaBN
216,16,0,0.00040097599999455724,42,A03,cross-session,AdaBN
217,16,1,0.00041423300000076324,42,A03,cross-session,AdaBN
218,16,1,0.00037122899999531,42,A03,cross-session,AdaBN
219,16,0,0.00041499200000316705,42,A03,cross-session,AdaBN
220,16,0,0.0003900310000091167,42,A03,cross-session,AdaBN
221,16,1,0.00035780700000032084,42,A03,cross-session,AdaBN
222,16,1,0.0004083190000017112,42,A03,cross-session,AdaBN
223,16,1,0.00038345400000139307,42,A03,cross-session,AdaBN
224,16,0,0.0003704510000090977,42,A03,cross-session,AdaBN
225,16,0,0.0004461700000035762,42,A03,cross-session,AdaBN
226,16,1,0.000371053999998594,42,A03,cross-session,AdaBN
227,16,1,0.00036404600000139453,42,A03,cross-session,AdaBN
228,16,1,0.0003800799999993387,42,A03,cross-session,AdaBN
229,16,0,0.0003619430000014745,42,A03,cross-session,AdaBN
230,16,1,0.00039486100000374336,42,A03,cross-session,AdaBN
231,16,1,0.00044117500000595555,42,A03,cross-session,AdaBN
232,16,0,0.00037612000001274737,42,A03,cross-session,AdaBN
233,16,0,0.0004322519999959695,42,A03,cross-session,AdaBN
234,16,1,0.00036898700000165263,42,A03,cross-session,AdaBN
235,16,1,0.00038112199999318364,42,A03,cross-session,AdaBN
236,16,1,0.0003794520000042212,42,A03,cross-session,AdaBN
237,16,1,0.0003687039999960007,42,A03,cross-session,AdaBN
238,16,1,0.0004099100000019007,42,A03,cross-session,AdaBN
239,16,0,0.0003990889999982983,42,A03,cross-session,AdaBN
240,16,0,0.0004177200000015091,42,A03,cross-session,AdaBN
241,16,1,0.00039338200001282075,42,A03,cross-session,AdaBN
242,16,1,0.0003775490000066384,42,A03,cross-session,AdaBN
243,16,0,0.0003856009999907428,42,A03,cross-session,AdaBN
244,16,1,0.00035478600000260485,42,A03,cross-session,AdaBN
245,16,1,0.0003551639999983536,42,A03,cross-session,AdaBN
246,16,1,0.00040215300001023024,42,A03,cross-session,AdaBN
247,16,1,0.0003602520000072218,42,A03,cross-session,AdaBN
248,16,0,0.0004016600000085191,42,A03,cross-session,AdaBN
249,16,1,0.0003761939999975539,42,A03,cross-session,AdaBN
250,16,1,0.00037402699999233846,42,A03,cross-session,AdaBN
251,16,1,0.0003782940000007784,42,A03,cross-session,AdaBN
252,16,1,0.00043139500000677344,42,A03,cross-session,AdaBN
253,16,1,0.0004308959999974604,42,A03,cross-session,AdaBN
254,16,1,0.00038553500000659824,42,A03,cross-session,AdaBN
255,16,1,0.00036803899999426903,42,A03,cross-session,AdaBN
256,16,1,0.0004041830000005575,42,A03,cross-session,AdaBN
257,16,1,0.00040261099999838734,42,A03,cross-session,AdaBN
258,16,1,0.0003792530000055194,42,A03,cross-session,AdaBN
259,16,1,0.00041096200000367844,42,A03,cross-session,AdaBN
260,16,0,0.00037140499999566146,42,A03,cross-session,AdaBN
261,16,1,0.0003992540000012923,42,A03,cross-session,AdaBN
262,16,1,0.0004091630000004898,42,A03,cross-session,AdaBN
263,16,1,0.0004232200000018338,42,A03,cross-session,AdaBN
264,16,1,0.00041040600000030736,42,A03,cross-session,AdaBN
265,16,1,0.0003677289999899358,42,A03,cross-session,AdaBN
266,16,1,0.00036343200000032994,42,A03,cross-session,AdaBN
267,16,0,0.00037837000000706666,42,A03,cross-session,AdaBN
268,16,0,0.0004075709999966648,42,A03,cross-session,AdaBN
269,16,1,0.00041107799999906547,42,A03,cross-session,AdaBN
270,16,1,0.0003749619999950937,42,A03,cross-session,AdaBN
271,16,1,0.00037111000000322747,42,A03,cross-session,AdaBN
272,16,1,0.00038038799999640105,42,A03,cross-session,AdaBN
273,16,0,0.00037384699999165605,42,A03,cross-session,AdaBN
274,16,1,0.0003842290000051207,42,A03,cross-session,AdaBN
275,16,1,0.000393259999995621,42,A03,cross-session,AdaBN
276,16,1,0.0004041390000111278,42,A03,cross-session,AdaBN
277,16,0,0.00037779599999510083,42,A03,cross-session,AdaBN
278,16,0,0.00037856200000874196,42,A03,cross-session,AdaBN
279,16,1,0.0003850399999976162,42,A03,cross-session,AdaBN
280,16,1,0.00041488700000513745,42,A03,cross-session,AdaBN
281,16,0,0.0003736509999896498,42,A03,cross-session,AdaBN
282,16,0,0.0003785440000001472,42,A03,cross-session,AdaBN
283,16,0,0.00036231499998962136,42,A03,cross-session,AdaBN
284,16,0,0.00037540399999613783,42,A03,cross-session,AdaBN
285,16,0,0.0003706640000018524,42,A03,cross-session,AdaBN
286,16,1,0.00040756299999600287,42,A03,cross-session,AdaBN
287,16,1,0.0004589919999915537,42,A03,cross-session,AdaBN
0,1,1,0.0007787490000055186,42,A04,cross-session,AdaBN
1,2,0,0.0006204640000078143,42,A04,cross-session,AdaBN
2,3,1,0.0006243950000026643,42,A04,cross-session,AdaBN
3,4,0,0.0005952799999988656,42,A04,cross-session,AdaBN
4,5,0,0.0005872610000068335,42,A04,cross-session,AdaBN
5,6,0,0.0005981200000064746,42,A04,cross-session,AdaBN
6,7,0,0.0005673040000004903,42,A04,cross-session,AdaBN
7,8,0,0.00045870599998920625,42,A04,cross-session,AdaBN
8,9,0,0.0004533330000100477,42,A04,cross-session,AdaBN
9,10,1,0.0004887110000026951,42,A04,cross-session,AdaBN
10,11,0,0.00046379300000864987,42,A04,cross-session,AdaBN
11,12,0,0.00041982800000539555,42,A04,cross-session,AdaBN
12,13,0,0.0004453140000038047,42,A04,cross-session,AdaBN
13,14,1,0.0004219160000076272,42,A04,cross-session,AdaBN
14,15,1,0.0004480200000074319,42,A04,cross-session,AdaBN
15,16,1,0.000441925000004062,42,A04,cross-session,AdaBN
16,16,0,0.00042568399999254325,42,A04,cross-session,AdaBN
17,16,0,0.0003651709999985542,42,A04,cross-session,AdaBN
18,16,0,0.00043507800000952557,42,A04,cross-session,AdaBN
19,16,0,0.0004094800000018495,42,A04,cross-session,AdaBN
20,16,0,0.0003622400000011794,42,A04,cross-session,AdaBN
21,16,0,0.0003897049999892488,42,A04,cross-session,AdaBN
22,16,1,0.0004227430000014465,42,A04,cross-session,AdaBN
23,16,1,0.00036791500001243094,42,A04,cross-session,AdaBN
24,16,1,0.0004310570000001235,42,A04,cross-session,AdaBN
25,16,1,0.00036482800000214866,42,A04,cross-session,AdaBN
26,16,1,0.00040721499999563093,42,A04,cross-session,AdaBN
27,16,0,0.0004096180000061622,42,A04,cross-session,AdaBN
28,16,0,0.00038030599999672177,42,A04,cross-session,AdaBN
29,16,1,0.00042856999999685286,42,A04,cross-session,AdaBN
30,16,0,0.0003951660000041102,42,A04,cross-session,AdaBN
31,16,1,0.0003798199999920371,42,A04,cross-session,AdaBN
32,16,1,0.000403226999992512,42,A04,cross-session,AdaBN
33,16,0,0.0003804119999983868,42,A04,cross-session,AdaBN
34,16,1,0.00038448700000515146,42,A04,cross-session,AdaBN
35,16,0,0.0004338460000070654,42,A04,cross-session,AdaBN
36,16,1,0.00043057199999907425,42,A04,cross-session,AdaBN
37,16,1,0.00038048099999343776,42,A04,cross-session,AdaBN
38,16,0,0.0004380230000009533,42,A04,cross-session,AdaBN
39,16,1,0.0003984250000002021,42,A04,cross-session,AdaBN
40,16,0,0.0003968879999973751,42,A04,cross-session,AdaBN
41,16,1,0.00040590199999712695,42,A04,cross-session,AdaBN
42,16,1,0.00038757599999428294,42,A04,cross-session,AdaBN
43,16,1,0.0004041749999998956,42,A04,cross-session,AdaBN
44,16,1,0.0003791720000094756,42,A04,cross-session,AdaBN
45,16,0,0.0004044910000118307,42,A04,cross-session,AdaBN
46,16,0,0.00036828300000024683,42,A04,cross-session,AdaBN
47,16,1,0.00039501599999880455,42,A04,cross-session,AdaBN
48,16,1,0.0003745610000009947,42,A04,cross-session,AdaBN
49,16,1,0.00039992100001029485,42,A04,cross-session,AdaBN
50,16,1,0.0003735129999995479,42,A04,cross-session,AdaBN
51,16,1,0.00037829800000110936,42,A04,cross-session,AdaBN
52,16,1,0.00036655499999938,42,A04,cross-session,AdaBN
53,16,0,0.0004032310000070538,42,A04,cross-session,AdaBN
54,16,0,0.0003960460000058674,42,A04,cross-session,AdaBN
55,16,1,0.00036441800000375224,42,A04,cross-session,AdaBN
56,16,0,0.00039283899999986716,42,A04,cross-session,AdaBN
57,16,0,0.0003795479999979534,42,A04,cross-session,AdaBN
58,16,0,0.0003918660000010732,42,A04,cross-session,AdaBN
59,16,1,0.0003659440000092218,42,A04,cross-session,AdaBN
60,16,0,0.0004760439999955679,42,A04,cross-session,AdaBN
61,16,1,0.0004045470000022533,42,A04,cross-session,AdaBN
62,16,0,0.0003976739999984602,42,A04,cross-session,AdaBN
63,16,1,0.00041720199999417673,42,A04,cross-session,AdaBN
64,16,1,0.0003737579999949503,42,A04,cross-session,AdaBN
65,16,0,0.00037956399999927726,42,A04,cross-session,AdaBN
66,16,1,0.0004181510000051958,42,A04,cross-session,AdaBN
67,16,0,0.0003661579999914011,42,A04,cross-session,AdaBN
68,16,1,0.00037551300000870924,42,A04,cross-session,AdaBN
69,16,1,0.0003670819999967989,42,A04,cross-session,AdaBN
70,16,0,0.00045517499999903066,42,A04,cross-session,AdaBN
71,16,1,0.0003978780000011284,42,A04,cross-session,AdaBN
72,16,0,0.00038845699999967565,42,A04,cross-session,AdaBN
73,16,0,0.00036971400000140875,42,A04,cross-session,AdaBN
74,16,1,0.000373485000011442,42,A04,cross-session,AdaBN
75,16,0,0.00037516400000470185,42,A04,cross-session,AdaBN
76,16,1,0.00042223299999477604,42,A04,cross-session,AdaBN
77,16,1,0.00042583500000148433,42,A04,cross-session,AdaBN
78,16,0,0.00039553999999952794,42,A04,cross-session,AdaBN
79,16,1,0.0003714670000078968,42,A04,cross-session,AdaBN
80,16,1,0.0003791140000117821,42,A04,cross-session,AdaBN
81,16,0,0.00042661199999827204,42,A04,cross-session,AdaBN
82,16,0,0.00038747399999294885,42,A04,cross-session,AdaBN
83,16,0,0.00043296699999473276,42,A04,cross-session,AdaBN
84,16,0,0.0004027690000043549,42,A04,cross-session,AdaBN
85,16,1,0.00039769800000044597,42,A04,cross-session,AdaBN
86,16,0,0.00041791399999624446,42,A04,cross-session,AdaBN
87,16,0,0.00039702600000168786,42,A04,cross-session,AdaBN
88,16,1,0.0003975969999885365,42,A04,cross-session,AdaBN
89,16,0,0.00037604300000282365,42,A04,cross-session,AdaBN
90,16,1,0.0003985929999998916,42,A04,cross-session,AdaBN
91,16,0,0.00036771799999257837,42,A04,cross-session,AdaBN
92,16,0,0.0003651939999969045,42,A04,cross-session,AdaBN
93,16,0,0.0003680070000058322,42,A04,cross-session,AdaBN
94,16,1,0.00037133799999367056,42,A04,cross-session,AdaBN
95,16,0,0.0003957830000018703,42,A04,cross-session,AdaBN
96,16,0,0.00042573599999684575,42,A04,cross-session,AdaBN
97,16,1,0.0003984220000035066,42,A04,cross-session,AdaBN
98,16,1,0.00042368399999759276,42,A04,cross-session,AdaBN
99,16,0,0.00042037000000050284,42,A04,cross-session,AdaBN
100,16,1,0.00037453000000198244,42,A04,cross-session,AdaBN
101,16,1,0.00040103399999225076,42,A04,cross-session,AdaBN
102,16,0,0.0003799819999983356,42,A04,cross-session,AdaBN
103,16,1,0.00037578199999188655,42,A04,cross-session,AdaBN
104,16,0,0.00039423200000499037,42,A04,cross-session,AdaBN
105,16,0,0.00039504500000475673,42,A04,cross-session,AdaBN
106,16,1,0.0003979039999961742,42,A04,cross-session,AdaBN
107,16,0,0.00039353500000061103,42,A04,cross-session,AdaBN
108,16,1,0.00038958000000377524,42,A04,cross-session,AdaBN
109,16,0,0.00041717799999219096,42,A04,cross-session,AdaBN
110,16,0,0.00037011399999187233,42,A04,cross-session,AdaBN
111,16,1,0.00038678600000707775,42,A04,cross-session,AdaBN
112,16,0,0.00036910500000431057,42,A04,cross-session,AdaBN
113,16,0,0.00037635500000021693,42,A04,cross-session,AdaBN
114,16,0,0.0003719749999930855,42,A04,cross-session,AdaBN
115,16,1,0.00043724199998962376,42,A04,cross-session,AdaBN
116,16,0,0.00039282799998829887,42,A04,cross-session,AdaBN
117,16,0,0.0003643430000010994,42,A04,cross-session,AdaBN
118,16,0,0.0003718229999947198,42,A04,cross-session,AdaBN
119,16,0,0.0003772729999980129,42,A04,cross-session,AdaBN
120,16,0,0.00040690399998766225,42,A04,cross-session,AdaBN
121,16,1,0.0004042179999999007,42,A04,cross-session,AdaBN
122,16,1,0.00040389100000481903,42,A04,cross-session,AdaBN
123,16,1,0.00038154599999984384,42,A04,cross-session,AdaBN
124,16,0,0.00040517000000761527,42,A04,cross-session,AdaBN
125,16,0,0.00038020099999869217,42,A04,cross-session,AdaBN
126,16,1,0.0003728619999918692,42,A04,cross-session,AdaBN
127,16,1,0.0004133879999983492,42,A04,cross-session,AdaBN
128,16,1,0.0003857699999940678,42,A04,cross-session,AdaBN
129,16,1,0.00041478899998992347,42,A04,cross-session,AdaBN
130,16,0,0.00037059299999953055,42,A04,cross-session,AdaBN
131,16,0,0.000378389000005086,42,A04,cross-session,AdaBN
132,16,0,0.00040569799999445877,42,A04,cross-session,AdaBN
133,16,0,0.0003844600000064702,42,A04,cross-session,AdaBN
134,16,1,0.0004082170000003771,42,A04,cross-session,AdaBN
135,16,1,0.0003929850000048418,42,A04,cross-session,AdaBN
136,16,1,0.0003911440000052835,42,A04,cross-session,AdaBN
137,16,0,0.00039097300000889845,42,A04,cross-session,AdaBN
138,16,1,0.0003689239999999927,42,A04,cross-session,AdaBN
139,16,1,0.0003666660000050115,42,A04,cross-session,AdaBN
140,16,1,0.0003842130000037969,42,A04,cross-session,AdaBN
141,16,0,0.00045143299999494957,42,A04,cross-session,AdaBN
142,16,0,0.0003983349999998609,42,A04,cross-session,AdaBN
143,16,1,0.00040990600000156974,42,A04,cross-session,AdaBN
144,16,1,0.00040151799998966453,42,A04,cross-session,AdaBN
145,16,1,0.00038252600000987513,42,A04,cross-session,AdaBN
146,16,1,0.00036417100000107894,42,A04,cross-session,AdaBN
147,16,1,0.00037836599999252485,42,A04,cross-session,AdaBN
148,16,0,0.00037060400001109883,42,A04,cross-session,AdaBN
149,16,0,0.0003878189999966253,42,A04,cross-session,AdaBN
150,16,0,0.0003722969999984116,42,A04,cross-session,AdaBN
151,16,1,0.0003868840000080809,42,A04,cross-session,AdaBN
152,16,0,0.0003971710000030271,42,A04,cross-session,AdaBN
153,16,0,0.0003603199999986373,42,A04,cross-session,AdaBN
154,16,1,0.0003873349999992115,42,A04,cross-session,AdaBN
155,16,1,0.00041535300000816733,42,A04,cross-session,AdaBN
156,16,0,0.00040780199999801425,42,A04,cross-session,AdaBN
157,16,0,0.0003959560000055262,42,A04,cross-session,AdaBN
158,16,0,0.00040391699999986486,42,A04,cross-session,AdaBN
159,16,1,0.00037666899999067027,42,A04,cross-session,AdaBN
160,16,1,0.00037287499999649754,42,A04,cross-session,AdaBN
161,16,0,0.0003608819999953994,42,A04,cross-session,AdaBN
162,16,0,0.00037821400000837,42,A04,cross-session,AdaBN
163,16,0,0.00039768999999978405,42,A04,cross-session,AdaBN
164,16,0,0.00036665599999707865,42,A04,cross-session,AdaBN
165,16,0,0.00040769600001056006,42,A04,cross-session,AdaBN
166,16,0,0.00041317099999105267,42,A04,cross-session,AdaBN
167,16,1,0.00038942599999813865,42,A04,cross-session,AdaBN
168,16,1,0.0003766649999903393,42,A04,cross-session,AdaBN
169,16,1,0.0003714939999923672,42,A04,cross-session,AdaBN
170,16,0,0.00040480100000195307,42,A04,cross-session,AdaBN
171,16,1,0.00038386299999615403,42,A04,cross-session,AdaBN
172,16,0,0.0003709739999919748,42,A04,cross-session,AdaBN
173,16,1,0.0003789929999982178,42,A04,cross-session,AdaBN
174,16,0,0.0003762479999949164,42,A04,cross-session,AdaBN
175,16,1,0.00041061000000297554,42,A04,cross-session,AdaBN
176,16,1,0.00041318200000262095,42,A04,cross-session,AdaBN
177,16,0,0.00041099000000599517,42,A04,cross-session,AdaBN
178,16,0,0.00037951199999497476,42,A04,cross-session,AdaBN
179,16,0,0.0004102470000049152,42,A04,cross-session,AdaBN
180,16,1,0.0003772150000003194,42,A04,cross-session,AdaBN
181,16,0,0.00045133199999725093,42,A04,cross-session,AdaBN
182,16,0,0.00040000699999609424,42,A04,cross-session,AdaBN
183,16,1,0.00039984600000764203,42,A04,cross-session,AdaBN
184,16,1,0.0003772939999890923,42,A04,cross-session,AdaBN
185,16,1,0.00041947900000138816,42,A04,cross-session,AdaBN
186,16,0,0.00037772100000665887,42,A04,cross-session,AdaBN
187,16,1,0.0003927329999982021,42,A04,cross-session,AdaBN
188,16,1,0.00040495800000428517,42,A04,cross-session,AdaBN
189,16,1,0.0003790410000021893,42,A04,cross-session,AdaBN
190,16,0,0.00040238600000463975,42,A04,cross-session,AdaBN
191,16,1,0.0003950610000060806,42,A04,cross-session,AdaBN
192,16,0,0.00040355099999089816,42,A04,cross-session,AdaBN
193,16,1,0.0003979909999998199,42,A04,cross-session,AdaBN
194,16,0,0.00038946899999814377,42,A04,cross-session,AdaBN
195,16,0,0.0003873790000028521,42,A04,cross-session,AdaBN
196,16,0,0.00037588000000710053,42,A04,cross-session,AdaBN
197,16,0,0.0004054669999931093,42,A04,cross-session,AdaBN
198,16,0,0.0003691390000000183,42,A04,cross-session,AdaBN
199,16,0,0.0003898299999889332,42,A04,cross-session,AdaBN
200,16,0,0.0004205219999988685,42,A04,cross-session,AdaBN
201,16,0,0.0004166739999931224,42,A04,cross-session,AdaBN
202,16,1,0.0004428590000031818,42,A04,cross-session,AdaBN
203,16,0,0.00038229700000158573,42,A04,cross-session,AdaBN
204,16,0,0.0003838399999978037,42,A04,cross-session,AdaBN
205,16,1,0.00036746199999981854,42,A04,cross-session,AdaBN
206,16,1,0.00036904700000661705,42,A04,cross-session,AdaBN
207,16,0,0.00046575599999698625,42,A04,cross-session,AdaBN
208,16,0,0.00039396500000066226,42,A04,cross-session,AdaBN
209,16,1,0.0003787560000034773,42,A04,cross-session,AdaBN
210,16,1,0.00039498199998888595,42,A04,cross-session,AdaBN
211,16,1,0.0003671110000027511,42,A04,cross-session,AdaBN
212,16,1,0.0004015730000048734,42,A04,cross-session,AdaBN
213,16,1,0.0003779710000060277,42,A04,cross-session,AdaBN
214,16,0,0.00038192300000616797,42,A04,cross-session,AdaBN
215,16,1,0.00037489400000367823,42,A04,cross-session,AdaBN
216,16,1,0.00038287900000000263,42,A04,cross-session,AdaBN
217,16,0,0.000425702000001138,42,A04,cross-session,AdaBN
218,16,1,0.00035855699999842727,42,A04,cross-session,AdaBN
219,16,0,0.0003681990000075075,42,A04,cross-session,AdaBN
220,16,1,0.0003920110000024124,42,A04,cross-session,AdaBN
221,16,1,0.00038105499999119274,42,A04,cross-session,AdaBN
222,16,1,0.0004182530000065299,42,A04,cross-session,AdaBN
223,16,1,0.0004089430000107086,42,A04,cross-session,AdaBN
224,16,1,0.00040341700000112724,42,A04,cross-session,AdaBN
225,16,1,0.00039175099999511076,42,A04,cross-session,AdaBN
226,16,0,0.0003705689999975448,42,A04,cross-session,AdaBN
227,16,0,0.00037629899999558347,42,A04,cross-session,AdaBN
228,16,1,0.00038368700001001343,42,A04,cross-session,AdaBN
229,16,1,0.00041846799999234463,42,A04,cross-session,AdaBN
230,16,0,0.00039064199999927496,42,A04,cross-session,AdaBN
231,16,0,0.0003857519999996839,42,A04,cross-session,AdaBN
232,16,1,0.0003838420000050746,42,A04,cross-session,AdaBN
233,16,1,0.0003863880000096742,42,A04,cross-session,AdaBN
234,16,0,0.0003718289999881108,42,A04,cross-session,AdaBN
235,16,1,0.0003745089999966922,42,A04,cross-session,AdaBN
236,16,1,0.0003889129999947727,42,A04,cross-session,AdaBN
237,16,0,0.00039599000000123397,42,A04,cross-session,AdaBN
238,16,0,0.00038279799998974795,42,A04,cross-session,AdaBN
239,16,0,0.0003985400000061645,42,A04,cross-session,AdaBN
240,16,1,0.00036741499999948246,42,A04,cross-session,AdaBN
241,16,1,0.00041743100000246613,42,A04,cross-session,AdaBN
242,16,0,0.0004092409999998381,42,A04,cross-session,AdaBN
243,16,0,0.0004292490000068483,42,A04,cross-session,AdaBN
244,16,0,0.00037076700000682195,42,A04,cross-session,AdaBN
245,16,1,0.00036610899999800495,42,A04,cross-session,AdaBN
246,16,1,0.0003962779999966415,42,A04,cross-session,AdaBN
247,16,0,0.0003664279999924247,42,A04,cross-session,AdaBN
248,16,0,0.00039427999999475105,42,A04,cross-session,AdaBN
249,16,0,0.0003847489999913023,42,A04,cross-session,AdaBN
250,16,0,0.00039639199999896846,42,A04,cross-session,AdaBN
251,16,1,0.0004596670000012182,42,A04,cross-session,AdaBN
252,16,0,0.00037192300000299383,42,A04,cross-session,AdaBN
253,16,0,0.0003790930000064918,42,A04,cross-session,AdaBN
254,16,0,0.00037588300000379604,42,A04,cross-session,AdaBN
255,16,0,0.000362390000006485,42,A04,cross-session,AdaBN
256,16,1,0.00043407799999783947,42,A04,cross-session,AdaBN
257,16,1,0.0003698370000080331,42,A04,cross-session,AdaBN
258,16,1,0.00036779999999225765,42,A04,cross-session,AdaBN
259,16,0,0.0003758440000041219,42,A04,cross-session,AdaBN
260,16,1,0.0003653049999883251,42,A04,cross-session,AdaBN
261,16,1,0.00037347399999987374,42,A04,cross-session,AdaBN
262,16,1,0.0003700209999948356,42,A04,cross-session,AdaBN
263,16,0,0.0003694950000010522,42,A04,cross-session,AdaBN
264,16,1,0.0003934210000124949,42,A04,cross-session,AdaBN
265,16,1,0.00038093999999944117,42,A04,cross-session,AdaBN
266,16,1,0.00037027300000147534,42,A04,cross-session,AdaBN
267,16,0,0.00041242300000021714,42,A04,cross-session,AdaBN
268,16,1,0.0004149039999958859,42,A04,cross-session,AdaBN
269,16,0,0.0004111310000070034,42,A04,cross-session,AdaBN
270,16,0,0.0003725900000119964,42,A04,cross-session,AdaBN
271,16,1,0.0003748230000013564,42,A04,cross-session,AdaBN
272,16,0,0.00040620400000079826,42,A04,cross-session,AdaBN
273,16,1,0.0003742299999913712,42,A04,cross-session,AdaBN
274,16,0,0.00039080299998772716,42,A04,cross-session,AdaBN
275,16,0,0.000369001999999341,42,A04,cross-session,AdaBN
276,16,0,0.00038245700000061333,42,A04,cross-session,AdaBN
277,16,1,0.00037652999999693293,42,A04,cross-session,AdaBN
278,16,0,0.00036903900000595513,42,A04,cross-session,AdaBN
279,16,1,0.00043613999999081443,42,A04,cross-session,AdaBN
280,16,0,0.0003947699999997667,42,A04,cross-session,AdaBN
281,16,1,0.0003842859999991788,42,A04,cross-session,AdaBN
282,16,0,0.00040050900000210277,42,A04,cross-session,AdaBN
283,16,0,0.00040318900001068414,42,A04,cross-session,AdaBN
284,16,1,0.00038613400000997444,42,A04,cross-session,AdaBN
285,16,0,0.00036820300000783845,42,A04,cross-session,AdaBN
286,16,0,0.0003865939999911916,42,A04,cross-session,AdaBN
287,16,1,0.00039964799999836487,42,A04,cross-session,AdaBN
0,1,1,0.0012640930000031858,42,A05,cross-session,AdaBN
1,2,0,0.001114119000007463,42,A05,cross-session,AdaBN
2,3,0,0.0011247970000027863,42,A05,cross-session,AdaBN
3,4,1,0.0010713530000003857,42,A05,cross-session,AdaBN
4,5,0,0.00110365899999465,42,A05,cross-session,AdaBN
5,6,0,0.0010525379999961615,42,A05,cross-session,AdaBN
6,7,1,0.0010865510000002132,42,A05,cross-session,AdaBN
7,8,0,0.0010678589999884025,42,A05,cross-session,AdaBN
8,9,1,0.0010818429999943646,42,A05,cross-session,AdaBN
9,10,0,0.0010764899999884392,42,A05,cross-session,AdaBN
10,11,0,0.0011411539999954812,42,A05,cross-session,AdaBN
11,12,0,0.0011265520000023344,42,A05,cross-session,AdaBN
12,13,0,0.0010696279999962144,42,A05,cross-session,AdaBN
13,14,0,0.0010368989999989253,42,A05,cross-session,AdaBN
14,15,0,0.00106245099999569,42,A05,cross-session,AdaBN
15,16,0,0.0010415560000041069,42,A05,cross-session,AdaBN
16,16,0,0.001014740999991659,42,A05,cross-session,AdaBN
17,16,0,0.0010637100000110422,42,A05,cross-session,AdaBN
18,16,0,0.001089177000011432,42,A05,cross-session,AdaBN
19,16,0,0.0010021100000017213,42,A05,cross-session,AdaBN
20,16,1,0.0004573300000032532,42,A05,cross-session,AdaBN
21,16,1,0.00042948099999762235,42,A05,cross-session,AdaBN
22,16,0,0.0004030110000030618,42,A05,cross-session,AdaBN
23,16,1,0.0003928579999978865,42,A05,cross-session,AdaBN
24,16,0,0.00042151300000625724,42,A05,cross-session,AdaBN
25,16,0,0.000382833000003302,42,A05,cross-session,AdaBN
26,16,0,0.00037801300000239735,42,A05,cross-session,AdaBN
27,16,1,0.00037885299998663413,42,A05,cross-session,AdaBN
28,16,1,0.00041018199999598437,42,A05,cross-session,AdaBN
29,16,0,0.0004063130000133697,42,A05,cross-session,AdaBN
30,16,0,0.0006250429999994367,42,A05,cross-session,AdaBN
31,16,0,0.0005085199999967926,42,A05,cross-session,AdaBN
32,16,0,0.0004206509999988839,42,A05,cross-session,AdaBN
33,16,0,0.0003847459999946068,42,A05,cross-session,AdaBN
34,16,1,0.0003761890000077983,42,A05,cross-session,AdaBN
35,16,0,0.0004101950000006127,42,A05,cross-session,AdaBN
36,16,0,0.00036765999999488486,42,A05,cross-session,AdaBN
37,16,0,0.0004112409999947886,42,A05,cross-session,AdaBN
38,16,0,0.00035655100001008577,42,A05,cross-session,AdaBN
39,16,0,0.00041458500000146614,42,A05,cross-session,AdaBN
40,16,0,0.00036784999998928924,42,A05,cross-session,AdaBN
41,16,0,0.00038311400000168305,42,A05,cross-session,AdaBN
42,16,0,0.0003745439999960354,42,A05,cross-session,AdaBN
43,16,1,0.00036660300000335155,42,A05,cross-session,AdaBN
44,16,0,0.0003690010000099164,42,A05,cross-session,AdaBN
45,16,1,0.0003695990000096572,42,A05,cross-session,AdaBN
46,16,1,0.0004041979999982459,42,A05,cross-session,AdaBN
47,16,0,0.0003760529999965456,42,A05,cross-session,AdaBN
48,16,0,0.00043285300000661664,42,A05,cross-session,AdaBN
49,16,0,0.0003570800000005647,42,A05,cross-session,AdaBN
50,16,0,0.00038630000000239306,42,A05,cross-session,AdaBN
51,16,0,0.00038602499999740303,42,A05,cross-session,AdaBN
52,16,0,0.0003635909999957221,42,A05,cross-session,AdaBN
53,16,1,0.0004087840000011056,42,A05,cross-session,AdaBN
54,16,0,0.000364852999993559,42,A05,cross-session,AdaBN
55,16,1,0.0003827700000016421,42,A05,cross-session,AdaBN
56,16,0,0.00037185500001157834,42,A05,cross-session,AdaBN
57,16,0,0.0004132589999983338,42,A05,cross-session,AdaBN
58,16,0,0.00036007300001017484,42,A05,cross-session,AdaBN
59,16,0,0.0003902380000084804,42,A05,cross-session,AdaBN
60,16,0,0.00039041799999495197,42,A05,cross-session,AdaBN
61,16,0,0.00038098699999977725,42,A05,cross-session,AdaBN
62,16,1,0.00038459299999260566,42,A05,cross-session,AdaBN
63,16,0,0.00036953099998982,42,A05,cross-session,AdaBN
64,16,0,0.0003728180000024395,42,A05,cross-session,AdaBN
65,16,1,0.0003659279999936871,42,A05,cross-session,AdaBN
66,16,0,0.0003918139999967707,42,A05,cross-session,AdaBN
67,16,0,0.00036125200000469704,42,A05,cross-session,AdaBN
68,16,0,0.00039374799999336574,42,A05,cross-session,AdaBN
69,16,0,0.000364402999991853,42,A05,cross-session,AdaBN
70,16,0,0.0003854149999966694,42,A05,cross-session,AdaBN
71,16,0,0.00040043900000341637,42,A05,cross-session,AdaBN
72,16,1,0.0004070299999909821,42,A05,cross-session,AdaBN
73,16,1,0.0003961110000005874,42,A05,cross-session,AdaBN
74,16,0,0.00037227800000039224,42,A05,cross-session,AdaBN
75,16,0,0.00040913799999486855,42,A05,cross-session,AdaBN
76,16,1,0.00036321099999270245,42,A05,cross-session,AdaBN
77,16,1,0.0004212900000055697,42,A05,cross-session,AdaBN
78,16,1,0.00036179999999319534,42,A05,cross-session,AdaBN
79,16,0,0.0004020410000009633,42,A05,cross-session,AdaBN
80,16,1,0.0003722390000007181,42,A05,cross-session,AdaBN
81,16,1,0.000416254000001004,42,A05,cross-session,AdaBN
82,16,0,0.0003608990000003587,42,A05,cross-session,AdaBN
83,16,0,0.0003615039999971259,42,A05,cross-session,AdaBN
84,16,0,0.00039535899999521007,42,A05,cross-session,AdaBN
85,16,1,0.0003633330000099022,42,A05,cross-session,AdaBN
86,16,1,0.00039349099999697046,42,A05,cross-session,AdaBN
87,16,0,0.0003629910000029213,42,A05,cross-session,AdaBN
88,16,0,0.00037440799999899355,42,A05,cross-session,AdaBN
89,16,1,0.0003934360000101833,42,A05,cross-session,AdaBN
90,16,1,0.00036760199999719134,42,A05,cross-session,AdaBN
91,16,0,0.00036357700000166915,42,A05,cross-session,AdaBN
92,16,1,0.00035917099999949187,42,A05,cross-session,AdaBN
93,16,0,0.00038217400000917223,42,A05,cross-session,AdaBN
94,16,0,0.00037022099999717284,42,A05,cross-session,AdaBN
95,16,0,0.00036255599999890364,42,A05,cross-session,AdaBN
96,16,0,0.00036444399999879806,42,A05,cross-session,AdaBN
97,16,1,0.0003614459999994324,42,A05,cross-session,AdaBN
98,16,1,0.00038126699999452285,42,A05,cross-session,AdaBN
99,16,0,0.000371903000001339,42,A05,cross-session,AdaBN
100,16,0,0.0003615330000030781,42,A05,cross-session,AdaBN
101,16,0,0.0003696639999901663,42,A05,cross-session,AdaBN
102,16,0,0.00036116799999774685,42,A05,cross-session,AdaBN
103,16,0,0.0003747840000016822,42,A05,cross-session,AdaBN
104,16,0,0.0003689339999937147,42,A05,cross-session,AdaBN
105,16,0,0.0003634090000019796,42,A05,cross-session,AdaBN
106,16,0,0.0003725890000083609,42,A05,cross-session,AdaBN
107,16,1,0.0003748839999957454,42,A05,cross-session,AdaBN
108,16,0,0.00036388200000203597,42,A05,cross-session,AdaBN
109,16,0,0.00037367100000551545,42,A05,cross-session,AdaBN
110,16,1,0.0003570310000071686,42,A05,cross-session,AdaBN
111,16,1,0.000371952000008946,42,A05,cross-session,AdaBN
112,16,0,0.0003684120000002622,42,A05,cross-session,AdaBN
113,16,0,0.0003664890000010246,42,A05,cross-session,AdaBN
114,16,0,0.0003678240000084543,42,A05,cross-session,AdaBN
115,16,1,0.00037945600000455215,42,A05,cross-session,AdaBN
116,16,1,0.00037843700000905756,42,A05,cross-session,AdaBN
117,16,1,0.0003665870000020277,42,A05,cross-session,AdaBN
118,16,1,0.00037436799999568393,42,A05,cross-session,AdaBN
119,16,1,0.00038870999999573996,42,A05,cross-session,AdaBN
120,16,0,0.000370424999999841,42,A05,cross-session,AdaBN
121,16,0,0.00036804399999823545,42,A05,cross-session,AdaBN
122,16,1,0.00036171299998954964,42,A05,cross-session,AdaBN
123,16,0,0.00036204499998859774,42,A05,cross-session,AdaBN
124,16,0,0.0003677899999985357,42,A05,cross-session,AdaBN
125,16,1,0.00036386200000038116,42,A05,cross-session,AdaBN
126,16,0,0.0003737570000055257,42,A05,cross-session,AdaBN
127,16,0,0.0003568509999922753,42,A05,cross-session,AdaBN
128,16,1,0.00037242899999512247,42,A05,cross-session,AdaBN
129,16,0,0.0003719770000003564,42,A05,cross-session,AdaBN
130,16,0,0.00036160999999879095,42,A05,cross-session,AdaBN
131,16,1,0.0004201930000107268,42,A05,cross-session,AdaBN
132,16,1,0.00035852599999941503,42,A05,cross-session,AdaBN
133,16,0,0.0003582640000132642,42,A05,cross-session,AdaBN
134,16,0,0.00036888299999304763,42,A05,cross-session,AdaBN
135,16,1,0.0003620909999995092,42,A05,cross-session,AdaBN
136,16,0,0.0003598959999919771,42,A05,cross-session,AdaBN
137,16,0,0.00037545499999680487,42,A05,cross-session,AdaBN
138,16,0,0.0003676839999968706,42,A05,cross-session,AdaBN
139,16,1,0.00037826599999846167,42,A05,cross-session,AdaBN
140,16,0,0.00036252000001013585,42,A05,cross-session,AdaBN
141,16,0,0.00037407899999664096,42,A05,cross-session,AdaBN
142,16,1,0.00039076100000556835,42,A05,cross-session,AdaBN
143,16,0,0.00035695300000782026,42,A05,cross-session,AdaBN
144,16,0,0.0003620530000034705,42,A05,cross-session,AdaBN
145,16,1,0.0003897619999975177,42,A05,cross-session,AdaBN
146,16,0,0.0003682920000045442,42,A05,cross-session,AdaBN
147,16,1,0.00038324199999806297,42,A05,cross-session,AdaBN
148,16,0,0.00036294000000225424,42,A05,cross-session,AdaBN
149,16,1,0.00037331400000084614,42,A05,cross-session,AdaBN
150,16,0,0.0003600170000055414,42,A05,cross-session,AdaBN
151,16,0,0.0003599909999962847,42,A05,cross-session,AdaBN
152,16,0,0.00036319000000162305,42,A05,cross-session,AdaBN
153,16,1,0.00035885399999813217,42,A05,cross-session,AdaBN
154,16,0,0.0003918430000027229,42,A05,cross-session,AdaBN
155,16,0,0.0003750959999990755,42,A05,cross-session,AdaBN
156,16,0,0.00035714599999892016,42,A05,cross-session,AdaBN
157,16,1,0.0003698670000034099,42,A05,cross-session,AdaBN
158,16,0,0.0003671619999892073,42,A05,cross-session,AdaBN
159,16,0,0.0003644920000027696,42,A05,cross-session,AdaBN
160,16,0,0.00037770199999442866,42,A05,cross-session,AdaBN
161,16,0,0.0003595130000064728,42,A05,cross-session,AdaBN
162,16,0,0.0003658250000029284,42,A05,cross-session,AdaBN
163,16,0,0.0003728019999869048,42,A05,cross-session,AdaBN
164,16,0,0.0003616789999938419,42,A05,cross-session,AdaBN
165,16,0,0.0003707430000048362,42,A05,cross-session,AdaBN
166,16,0,0.0003705299999978706,42,A05,cross-session,AdaBN
167,16,0,0.00038388500000507975,42,A05,cross-session,AdaBN
168,16,0,0.00036969100000305843,42,A05,cross-session,AdaBN
169,16,0,0.00037653200000420384,42,A05,cross-session,AdaBN
170,16,1,0.0003640580000023874,42,A05,cross-session,AdaBN
171,16,0,0.0003743689999993194,42,A05,cross-session,AdaBN
172,16,0,0.00038080600000967024,42,A05,cross-session,AdaBN
173,16,1,0.0003645210000087218,42,A05,cross-session,AdaBN
174,16,0,0.00036829100000090875,42,A05,cross-session,AdaBN
175,16,0,0.00041392299999643,42,A05,cross-session,AdaBN
176,16,0,0.0003880940000016153,42,A05,cross-session,AdaBN
177,16,0,0.00036690800000371837,42,A05,cross-session,AdaBN
178,16,0,0.00037053799999853254,42,A05,cross-session,AdaBN
179,16,1,0.00036827899999991587,42,A05,cross-session,AdaBN
180,16,1,0.0003989199999949733,42,A05,cross-session,AdaBN
181,16,1,0.00036197999999387775,42,A05,cross-session,AdaBN
182,16,1,0.00037022899999783476,42,A05,cross-session,AdaBN
183,16,0,0.00038431999999488653,42,A05,cross-session,AdaBN
184,16,0,0.0003693809999987252,42,A05,cross-session,AdaBN
185,16,0,0.0003970340000023498,42,A05,cross-session,AdaBN
186,16,0,0.0003626820000022235,42,A05,cross-session,AdaBN
187,16,0,0.00038014000000430315,42,A05,cross-session,AdaBN
188,16,0,0.0003846700000025294,42,A05,cross-session,AdaBN
189,16,0,0.0003654930000038803,42,A05,cross-session,AdaBN
190,16,0,0.00036590199999864126,42,A05,cross-session,AdaBN
191,16,0,0.0003613589999957867,42,A05,cross-session,AdaBN
192,16,1,0.0003690080000069429,42,A05,cross-session,AdaBN
193,16,0,0.000376915000003919,42,A05,cross-session,AdaBN
194,16,0,0.0003594200000094361,42,A05,cross-session,AdaBN
195,16,0,0.0003600929999976188,42,A05,cross-session,AdaBN
196,16,0,0.00036863799999764524,42,A05,cross-session,AdaBN
197,16,0,0.0003571399999913183,42,A05,cross-session,AdaBN
198,16,0,0.00036613499999305077,42,A05,cross-session,AdaBN
199,16,0,0.00035911599999849386,42,A05,cross-session,AdaBN
200,16,1,0.00036482899999157326,42,A05,cross-session,AdaBN
201,16,1,0.00036507500000482196,42,A05,cross-session,AdaBN
202,16,0,0.00036542200000155844,42,A05,cross-session,AdaBN
203,16,1,0.00036874500000294574,42,A05,cross-session,AdaBN
204,16,0,0.0003545879999933277,42,A05,cross-session,AdaBN
205,16,0,0.0003715699999986555,42,A05,cross-session,AdaBN
206,16,0,0.00036672800000303596,42,A05,cross-session,AdaBN
207,16,0,0.00036536400000386493,42,A05,cross-session,AdaBN
208,16,0,0.0003652040000048373,42,A05,cross-session,AdaBN
209,16,1,0.0003604599999960101,42,A05,cross-session,AdaBN
210,16,1,0.00036121799999477844,42,A05,cross-session,AdaBN
211,16,0,0.0003700379999997949,42,A05,cross-session,AdaBN
212,16,0,0.0003527620000056686,42,A05,cross-session,AdaBN
213,16,0,0.00035527800000068055,42,A05,cross-session,AdaBN
214,16,0,0.00037075099999128724,42,A05,cross-session,AdaBN
215,16,0,0.0003577389999946945,42,A05,cross-session,AdaBN
216,16,1,0.00036614000001122804,42,A05,cross-session,AdaBN
217,16,0,0.0003618000000074062,42,A05,cross-session,AdaBN
218,16,0,0.00036133000000404536,42,A05,cross-session,AdaBN
219,16,1,0.00036512299999458264,42,A05,cross-session,AdaBN
220,16,0,0.0003509440000044606,42,A05,cross-session,AdaBN
221,16,0,0.00040356700000643286,42,A05,cross-session,AdaBN
222,16,0,0.0003708210000041845,42,A05,cross-session,AdaBN
223,16,0,0.00035847399999511254,42,A05,cross-session,AdaBN
224,16,1,0.0003686710000039284,42,A05,cross-session,AdaBN
225,16,0,0.00035547200000962675,42,A05,cross-session,AdaBN
226,16,0,0.0003633759999956965,42,A05,cross-session,AdaBN
227,16,0,0.0003664700000030052,42,A05,cross-session,AdaBN
228,16,0,0.00038269400000956466,42,A05,cross-session,AdaBN
229,16,0,0.0003737349999966,42,A05,cross-session,AdaBN
230,16,0,0.0003575720000128513,42,A05,cross-session,AdaBN
231,16,1,0.000355689999992137,42,A05,cross-session,AdaBN
232,16,0,0.0003773339999924019,42,A05,cross-session,AdaBN
233,16,1,0.0003645569999974896,42,A05,cross-session,AdaBN
234,16,0,0.00035805999999638516,42,A05,cross-session,AdaBN
235,16,0,0.00036791300000516003,42,A05,cross-session,AdaBN
236,16,0,0.00036833899999066944,42,A05,cross-session,AdaBN
237,16,0,0.00037509400000601545,42,A05,cross-session,AdaBN
238,16,0,0.00035430399999825113,42,A05,cross-session,AdaBN
239,16,0,0.0003609620000020186,42,A05,cross-session,AdaBN
240,16,0,0.0003679340000104503,42,A05,cross-session,AdaBN
241,16,0,0.00035694899999327845,42,A05,cross-session,AdaBN
242,16,0,0.00037309500000048956,42,A05,cross-session,AdaBN
243,16,1,0.00036399900000105845,42,A05,cross-session,AdaBN
244,16,0,0.00037756899999408233,42,A05,cross-session,AdaBN
245,16,0,0.0003654170000118029,42,A05,cross-session,AdaBN
246,16,0,0.00037029800000709656,42,A05,cross-session,AdaBN
247,16,0,0.0003678270000051498,42,A05,cross-session,AdaBN
248,16,1,0.00036101599999938117,42,A05,cross-session,AdaBN
249,16,1,0.00035807400000464895,42,A05,cross-session,AdaBN
250,16,0,0.000400089999999409,42,A05,cross-session,AdaBN
251,16,0,0.00036126300000205447,42,A05,cross-session,AdaBN
252,16,0,0.0003588009999901942,42,A05,cross-session,AdaBN
253,16,0,0.00036643800000035753,42,A05,cross-session,AdaBN
254,16,0,0.00036609400000031656,42,A05,cross-session,AdaBN
255,16,0,0.0003625229999926205,42,A05,cross-session,AdaBN
256,16,0,0.00035928299999454794,42,A05,cross-session,AdaBN
257,16,0,0.0003595079999882955,42,A05,cross-session,AdaBN
258,16,0,0.0003785119999974995,42,A05,cross-session,AdaBN
259,16,1,0.00035906500001203767,42,A05,cross-session,AdaBN
260,16,1,0.000357171999993966,42,A05,cross-session,AdaBN
261,16,0,0.0003564129999915622,42,A05,cross-session,AdaBN
262,16,0,0.00036243300000649015,42,A05,cross-session,AdaBN
263,16,0,0.0003667360000036979,42,A05,cross-session,AdaBN
264,16,0,0.00036689700000636094,42,A05,cross-session,AdaBN
265,16,0,0.00035592999999778385,42,A05,cross-session,AdaBN
266,16,0,0.0003713309999966441,42,A05,cross-session,AdaBN
267,16,1,0.0003647650000004887,42,A05,cross-session,AdaBN
268,16,0,0.00036428699999646597,42,A05,cross-session,AdaBN
269,16,0,0.00035835499998881915,42,A05,cross-session,AdaBN
270,16,0,0.00035791799999174145,42,A05,cross-session,AdaBN
271,16,0,0.0003693540000000439,42,A05,cross-session,AdaBN
272,16,1,0.0003589540000064062,42,A05,cross-session,AdaBN
273,16,1,0.00036683599999776106,42,A05,cross-session,AdaBN
274,16,0,0.00035584200000471355,42,A05,cross-session,AdaBN
275,16,1,0.0003620850000061182,42,A05,cross-session,AdaBN
276,16,0,0.000369055000007279,42,A05,cross-session,AdaBN
277,16,0,0.00035960799999656956,42,A05,cross-session,AdaBN
278,16,0,0.00036570999999696596,42,A05,cross-session,AdaBN
279,16,0,0.0003619379999975081,42,A05,cross-session,AdaBN
280,16,0,0.00037140499999566146,42,A05,cross-session,AdaBN
281,16,0,0.0003664880000116,42,A05,cross-session,AdaBN
282,16,1,0.00035914500000444605,42,A05,cross-session,AdaBN
283,16,0,0.0003729259999971646,42,A05,cross-session,AdaBN
284,16,0,0.0003628190000029008,42,A05,cross-session,AdaBN
285,16,1,0.00035585999999909745,42,A05,cross-session,AdaBN
286,16,0,0.0003689299999933837,42,A05,cross-session,AdaBN
287,16,0,0.00035533399999110316,42,A05,cross-session,AdaBN
0,1,1,0.0007729649999959065,42,A06,cross-session,AdaBN
1,2,0,0.0006063689999962207,42,A06,cross-session,AdaBN
2,3,1,0.0006225199999931874,42,A06,cross-session,AdaBN
3,4,1,0.0005993460000013329,42,A06,cross-session,AdaBN
4,5,0,0.0005729929999915839,42,A06,cross-session,AdaBN
5,6,1,0.0005946729999948275,42,A06,cross-session,AdaBN
6,7,1,0.0005979090000067799,42,A06,cross-session,AdaBN
7,8,0,0.00046470299999157305,42,A06,cross-session,AdaBN
8,9,0,0.00046069500000101016,42,A06,cross-session,AdaBN
9,10,1,0.00044136799999705545,42,A06,cross-session,AdaBN
10,11,1,0.0004376260000071852,42,A06,cross-session,AdaBN
11,12,0,0.0004159029999897257,42,A06,cross-session,AdaBN
12,13,1,0.0004347420000101465,42,A06,cross-session,AdaBN
13,14,1,0.0004126130000088324,42,A06,cross-session,AdaBN
14,15,0,0.00046779500000582175,42,A06,cross-session,AdaBN
15,16,0,0.00046790399998997145,42,A06,cross-session,AdaBN
16,16,1,0.00042562200000872963,42,A06,cross-session,AdaBN
17,16,1,0.00045211900000197147,42,A06,cross-session,AdaBN
18,16,0,0.0004813719999958721,42,A06,cross-session,AdaBN
19,16,1,0.00039641200000062327,42,A06,cross-session,AdaBN
20,16,0,0.00044185999999513115,42,A06,cross-session,AdaBN
21,16,1,0.00042602000000613316,42,A06,cross-session,AdaBN
22,16,0,0.00039294199999062585,42,A06,cross-session,AdaBN
23,16,0,0.00042126900000027945,42,A06,cross-session,AdaBN
24,16,0,0.000373166999992236,42,A06,cross-session,AdaBN
25,16,1,0.000417103000003749,42,A06,cross-session,AdaBN
26,16,0,0.00041626099999803046,42,A06,cross-session,AdaBN
27,16,0,0.000422341000003712,42,A06,cross-session,AdaBN
28,16,0,0.00040260800000169183,42,A06,cross-session,AdaBN
29,16,0,0.00039244900000312555,42,A06,cross-session,AdaBN
30,16,0,0.0003926480000018273,42,A06,cross-session,AdaBN
31,16,1,0.00037864100001172574,42,A06,cross-session,AdaBN
32,16,0,0.00036222999999324657,42,A06,cross-session,AdaBN
33,16,1,0.00038510100000621605,42,A06,cross-session,AdaBN
34,16,0,0.0003616350000044122,42,A06,cross-session,AdaBN
35,16,1,0.0003941650000029995,42,A06,cross-session,AdaBN
36,16,1,0.0003783290000001216,42,A06,cross-session,AdaBN
37,16,1,0.00037275799999747505,42,A06,cross-session,AdaBN
38,16,1,0.0003753400000050533,42,A06,cross-session,AdaBN
39,16,1,0.0003884589999927357,42,A06,cross-session,AdaBN
40,16,0,0.00036196100001006926,42,A06,cross-session,AdaBN
41,16,0,0.00038309199999275734,42,A06,cross-session,AdaBN
42,16,0,0.0003790530000031822,42,A06,cross-session,AdaBN
43,16,0,0.00036718200000507295,42,A06,cross-session,AdaBN
44,16,0,0.0004056539999908182,42,A06,cross-session,AdaBN
45,16,0,0.00037591100000611277,42,A06,cross-session,AdaBN
46,16,0,0.0004425999999995156,42,A06,cross-session,AdaBN
47,16,0,0.0003823739999972986,42,A06,cross-session,AdaBN
48,16,0,0.0004042759999975942,42,A06,cross-session,AdaBN
49,16,0,0.0003946150000047055,42,A06,cross-session,AdaBN
50,16,0,0.00040376600000513463,42,A06,cross-session,AdaBN
51,16,1,0.00036876899999072066,42,A06,cross-session,AdaBN
52,16,0,0.0003830579999970496,42,A06,cross-session,AdaBN
53,16,1,0.0003961780000025783,42,A06,cross-session,AdaBN
54,16,1,0.0003618610000017952,42,A06,cross-session,AdaBN
55,16,0,0.00038646400000175163,42,A06,cross-session,AdaBN
56,16,1,0.00036980400000174996,42,A06,cross-session,AdaBN
57,16,0,0.00038238999999862244,42,A06,cross-session,AdaBN
58,16,0,0.0003628999999989446,42,A06,cross-session,AdaBN
59,16,0,0.00037860799999123174,42,A06,cross-session,AdaBN
60,16,1,0.0003639359999993985,42,A06,cross-session,AdaBN
61,16,0,0.0004595030000018596,42,A06,cross-session,AdaBN
62,16,0,0.0003761860000111028,42,A06,cross-session,AdaBN
63,16,0,0.00038671600000839135,42,A06,cross-session,AdaBN
64,16,1,0.0004101489999897012,42,A06,cross-session,AdaBN
65,16,1,0.0004285419999945361,42,A06,cross-session,AdaBN
66,16,0,0.00038645299999018334,42,A06,cross-session,AdaBN
67,16,1,0.00036971999999479976,42,A06,cross-session,AdaBN
68,16,1,0.0004044519999979457,42,A06,cross-session,AdaBN
69,16,0,0.0003619970000130479,42,A06,cross-session,AdaBN
70,16,1,0.00038477600000419443,42,A06,cross-session,AdaBN
71,16,0,0.000390463000002228,42,A06,cross-session,AdaBN
72,16,0,0.0003804730000069867,42,A06,cross-session,AdaBN
73,16,0,0.0004038800000074616,42,A06,cross-session,AdaBN
74,16,0,0.00036506700000416004,42,A06,cross-session,AdaBN
75,16,0,0.00037653799999759485,42,A06,cross-session,AdaBN
76,16,1,0.00038116100000706865,42,A06,cross-session,AdaBN
77,16,0,0.00036580600000490904,42,A06,cross-session,AdaBN
78,16,0,0.0003810950000087132,42,A06,cross-session,AdaBN
79,16,1,0.0003737070000084941,42,A06,cross-session,AdaBN
80,16,0,0.0003840730000064241,42,A06,cross-session,AdaBN
81,16,1,0.00037233099999411934,42,A06,cross-session,AdaBN
82,16,1,0.00036335099999007525,42,A06,cross-session,AdaBN
83,16,0,0.0003859849999940934,42,A06,cross-session,AdaBN
84,16,1,0.00036910599999373517,42,A06,cross-session,AdaBN
85,16,0,0.00037275200000408404,42,A06,cross-session,AdaBN
86,16,0,0.0003594119999945633,42,A06,cross-session,AdaBN
87,16,0,0.00037095799999065093,42,A06,cross-session,AdaBN
88,16,1,0.0003839249999941785,42,A06,cross-session,AdaBN
89,16,0,0.0003581109999970522,42,A06,cross-session,AdaBN
90,16,1,0.0003930820000022095,42,A06,cross-session,AdaBN
91,16,0,0.0003941850000046543,42,A06,cross-session,AdaBN
92,16,1,0.000426855999990039,42,A06,cross-session,AdaBN
93,16,1,0.000370069000013018,42,A06,cross-session,AdaBN
94,16,1,0.0003679849999969065,42,A06,cross-session,AdaBN
95,16,0,0.0004050949999907516,42,A06,cross-session,AdaBN
96,16,1,0.0003663600000010092,42,A06,cross-session,AdaBN
97,16,1,0.00036704000000042925,42,A06,cross-session,AdaBN
98,16,0,0.00039415700000233755,42,A06,cross-session,AdaBN
99,16,0,0.0003933020000062015,42,A06,cross-session,AdaBN
100,16,1,0.00039538299999719584,42,A06,cross-session,AdaBN
101,16,0,0.0003913790000069639,42,A06,cross-session,AdaBN
102,16,1,0.00037646799999890845,42,A06,cross-session,AdaBN
103,16,0,0.000364163000000417,42,A06,cross-session,AdaBN
104,16,0,0.0003543029999946157,42,A06,cross-session,AdaBN
105,16,1,0.00036300300000391417,42,A06,cross-session,AdaBN
106,16,1,0.00035994899999991503,42,A06,cross-session,AdaBN
107,16,0,0.0003647360000087474,42,A06,cross-session,AdaBN
108,16,1,0.00036891700000296623,42,A06,cross-session,AdaBN
109,16,1,0.00035625200000310997,42,A06,cross-session,AdaBN
110,16,0,0.00036714200000176334,42,A06,cross-session,AdaBN
111,16,1,0.0003629939999996168,42,A06,cross-session,AdaBN
112,16,0,0.0003911849999980177,42,A06,cross-session,AdaBN
113,16,1,0.0003973970000004101,42,A06,cross-session,AdaBN
114,16,0,0.0003764190000055123,42,A06,cross-session,AdaBN
115,16,1,0.00037451099998975224,42,A06,cross-session,AdaBN
116,16,1,0.0003646020000047656,42,A06,cross-session,AdaBN
117,16,1,0.0003696550000000798,42,A06,cross-session,AdaBN
118,16,1,0.00036618600000792867,42,A06,cross-session,AdaBN
119,16,0,0.00035871199999348846,42,A06,cross-session,AdaBN
120,16,0,0.0003614940000034039,42,A06,cross-session,AdaBN
121,16,0,0.00035845300000403313,42,A06,cross-session,AdaBN
122,16,0,0.00037735800000859854,42,A06,cross-session,AdaBN
123,16,1,0.00036566400000026533,42,A06,cross-session,AdaBN
124,16,1,0.00039576000000351996,42,A06,cross-session,AdaBN
125,16,0,0.00039603499999429914,42,A06,cross-session,AdaBN
126,16,0,0.0004088129999928469,42,A06,cross-session,AdaBN
127,16,1,0.00036727799999880517,42,A06,cross-session,AdaBN
128,16,0,0.0003690190000043003,42,A06,cross-session,AdaBN
129,16,0,0.00037217699998848275,42,A06,cross-session,AdaBN
130,16,0,0.00036812899999461024,42,A06,cross-session,AdaBN
131,16,0,0.00036498800000117626,42,A06,cross-session,AdaBN
132,16,0,0.00035994499999958407,42,A06,cross-session,AdaBN
133,16,1,0.0003751080000000684,42,A06,cross-session,AdaBN
134,16,0,0.00036518999999657353,42,A06,cross-session,AdaBN
135,16,1,0.00037245899999049925,42,A06,cross-session,AdaBN
136,16,1,0.0003717029999990018,42,A06,cross-session,AdaBN
137,16,0,0.000379481999999598,42,A06,cross-session,AdaBN
138,16,1,0.0003777240000033544,42,A06,cross-session,AdaBN
139,16,0,0.0003579769999930704,42,A06,cross-session,AdaBN
140,16,1,0.00036297500000159744,42,A06,cross-session,AdaBN
141,16,0,0.0003698109999987764,42,A06,cross-session,AdaBN
142,16,1,0.000357901000000993,42,A06,cross-session,AdaBN
143,16,0,0.0003678930000035052,42,A06,cross-session,AdaBN
144,16,0,0.0003645179999978154,42,A06,cross-session,AdaBN
145,16,1,0.00036166499999978896,42,A06,cross-session,AdaBN
146,16,1,0.00037117499999794745,42,A06,cross-session,AdaBN
147,16,1,0.00035796400000265294,42,A06,cross-session,AdaBN
148,16,1,0.0003675970000074358,42,A06,cross-session,AdaBN
149,16,0,0.00038116700000045967,42,A06,cross-session,AdaBN
150,16,0,0.00036581199999830005,42,A06,cross-session,AdaBN
151,16,0,0.00036733900000740505,42,A06,cross-session,AdaBN
152,16,0,0.0003634910000016589,42,A06,cross-session,AdaBN
153,16,1,0.00036263199999098106,42,A06,cross-session,AdaBN
154,16,0,0.00036412999999413387,42,A06,cross-session,AdaBN
155,16,0,0.0003558149999918214,42,A06,cross-session,AdaBN
156,16,1,0.00036206999999421896,42,A06,cross-session,AdaBN
157,16,0,0.00035581000000206586,42,A06,cross-session,AdaBN
158,16,0,0.0003759749999971973,42,A06,cross-session,AdaBN
159,16,0,0.00037401700001282734,42,A06,cross-session,AdaBN
160,16,0,0.0003665140000066458,42,A06,cross-session,AdaBN
161,16,0,0.0003858779999887929,42,A06,cross-session,AdaBN
162,16,0,0.00035754499999995915,42,A06,cross-session,AdaBN
163,16,0,0.00037544000001332734,42,A06,cross-session,AdaBN
164,16,1,0.0003644309999941697,42,A06,cross-session,AdaBN
165,16,0,0.00037384300000553594,42,A06,cross-session,AdaBN
166,16,0,0.00037874900000645084,42,A06,cross-session,AdaBN
167,16,1,0.000360632999999666,42,A06,cross-session,AdaBN
168,16,0,0.00035728800000356387,42,A06,cross-session,AdaBN
169,16,0,0.0003679920000081438,42,A06,cross-session,AdaBN
170,16,1,0.0003846160000051668,42,A06,cross-session,AdaBN
171,16,0,0.00040316599999812297,42,A06,cross-session,AdaBN
172,16,0,0.00037950899999827925,42,A06,cross-session,AdaBN
173,16,1,0.00037587199999222776,42,A06,cross-session,AdaBN
174,16,0,0.0003657439999926737,42,A06,cross-session,AdaBN
175,16,0,0.00037025599999651604,42,A06,cross-session,AdaBN
176,16,0,0.0003757820000060974,42,A06,cross-session,AdaBN
177,16,1,0.0003737070000084941,42,A06,cross-session,AdaBN
178,16,0,0.0003837870000040766,42,A06,cross-session,AdaBN
179,16,0,0.00037820000000010623,42,A06,cross-session,AdaBN
180,16,0,0.0003858569999977135,42,A06,cross-session,AdaBN
181,16,1,0.00036585699999136523,42,A06,cross-session,AdaBN
182,16,0,0.00041022899999632045,42,A06,cross-session,AdaBN
183,16,0,0.00037843799999848216,42,A06,cross-session,AdaBN
184,16,0,0.00036120000000039454,42,A06,cross-session,AdaBN
185,16,0,0.0003637769999897955,42,A06,cross-session,AdaBN
186,16,0,0.00037409899999829577,42,A06,cross-session,AdaBN
187,16,0,0.0003673619999915445,42,A06,cross-session,AdaBN
188,16,0,0.00036674500000799526,42,A06,cross-session,AdaBN
189,16,1,0.00036206100000413244,42,A06,cross-session,AdaBN
190,16,0,0.0003660170000046037,42,A06,cross-session,AdaBN
191,16,0,0.00035366000000180975,42,A06,cross-session,AdaBN
192,16,0,0.0003650399999912679,42,A06,cross-session,AdaBN
193,16,1,0.000404419999995298,42,A06,cross-session,AdaBN
194,16,1,0.000369116000001668,42,A06,cross-session,AdaBN
195,16,1,0.0003726249999971287,42,A06,cross-session,AdaBN
196,16,1,0.00036916799999175964,42,A06,cross-session,AdaBN
197,16,1,0.00035920999999916603,42,A06,cross-session,AdaBN
198,16,1,0.00037276700000177243,42,A06,cross-session,AdaBN
199,16,1,0.00038392899999450947,42,A06,cross-session,AdaBN
200,16,0,0.00037012100000310966,42,A06,cross-session,AdaBN
201,16,0,0.00041033099999765454,42,A06,cross-session,AdaBN
202,16,0,0.00036070599999504793,42,A06,cross-session,AdaBN
203,16,1,0.0003681440000065095,42,A06,cross-session,AdaBN
204,16,1,0.00042245500000603897,42,A06,cross-session,AdaBN
205,16,0,0.0003988720000052126,42,A06,cross-session,AdaBN
206,16,1,0.00037349900000549496,42,A06,cross-session,AdaBN
207,16,0,0.0003664219999990337,42,A06,cross-session,AdaBN
208,16,0,0.0003611280000086481,42,A06,cross-session,AdaBN
209,16,0,0.00038468900000054873,42,A06,cross-session,AdaBN
210,16,0,0.0003889429999901495,42,A06,cross-session,AdaBN
211,16,1,0.0003735420000055001,42,A06,cross-session,AdaBN
212,16,0,0.0003978230000001304,42,A06,cross-session,AdaBN
213,16,1,0.00036628300000529634,42,A06,cross-session,AdaBN
214,16,0,0.0004172280000034334,42,A06,cross-session,AdaBN
215,16,0,0.00038375399999779347,42,A06,cross-session,AdaBN
216,16,1,0.0003612099999941165,42,A06,cross-session,AdaBN
217,16,1,0.00038229300000125477,42,A06,cross-session,AdaBN
218,16,1,0.0003796700000009423,42,A06,cross-session,AdaBN
219,16,1,0.0003553029999920909,42,A06,cross-session,AdaBN
220,16,0,0.00041122799999016024,42,A06,cross-session,AdaBN
221,16,0,0.0003757190000044375,42,A06,cross-session,AdaBN
222,16,0,0.0003705040000028248,42,A06,cross-session,AdaBN
223,16,0,0.0003633930000006558,42,A06,cross-session,AdaBN
224,16,1,0.0003653650000075004,42,A06,cross-session,AdaBN
225,16,0,0.00038250000000061846,42,A06,cross-session,AdaBN
226,16,1,0.0003715759999920465,42,A06,cross-session,AdaBN
227,16,0,0.000361026000007314,42,A06,cross-session,AdaBN
228,16,1,0.00035739999999861993,42,A06,cross-session,AdaBN
229,16,0,0.00036456000000839595,42,A06,cross-session,AdaBN
230,16,0,0.00036431300000572264,42,A06,cross-session,AdaBN
231,16,0,0.0003833600000007209,42,A06,cross-session,AdaBN
232,16,0,0.00036612999998908435,42,A06,cross-session,AdaBN
233,16,0,0.00037409600000160026,42,A06,cross-session,AdaBN
234,16,1,0.0003642570000010892,42,A06,cross-session,AdaBN
235,16,1,0.0003635589999930744,42,A06,cross-session,AdaBN
236,16,0,0.00040087099999652764,42,A06,cross-session,AdaBN
237,16,1,0.0003883939999980157,42,A06,cross-session,AdaBN
238,16,0,0.0003631419999976515,42,A06,cross-session,AdaBN
239,16,1,0.00037646299999494204,42,A06,cross-session,AdaBN
240,16,0,0.000403840000004152,42,A06,cross-session,AdaBN
241,16,1,0.0003665020000056529,42,A06,cross-session,AdaBN
242,16,1,0.0003762620000031802,42,A06,cross-session,AdaBN
243,16,0,0.0003742319999986421,42,A06,cross-session,AdaBN
244,16,0,0.0003736270000018749,42,A06,cross-session,AdaBN
245,16,0,0.00036485400001140533,42,A06,cross-session,AdaBN
246,16,0,0.0003660639999907289,42,A06,cross-session,AdaBN
247,16,0,0.0003715550000009671,42,A06,cross-session,AdaBN
248,16,0,0.00038740300000483785,42,A06,cross-session,AdaBN
249,16,0,0.00036159400001167796,42,A06,cross-session,AdaBN
250,16,1,0.0003817809999873134,42,A06,cross-session,AdaBN
251,16,0,0.0003644129999997858,42,A06,cross-session,AdaBN
252,16,0,0.0003608799999881285,42,A06,cross-session,AdaBN
253,16,0,0.00038521899999466314,42,A06,cross-session,AdaBN
254,16,0,0.00037004600000045684,42,A06,cross-session,AdaBN
255,16,0,0.00035581999999578784,42,A06,cross-session,AdaBN
256,16,0,0.00037366899999824454,42,A06,cross-session,AdaBN
257,16,1,0.0003681209999939483,42,A06,cross-session,AdaBN
258,16,1,0.00039064499999597047,42,A06,cross-session,AdaBN
259,16,1,0.000369685999999092,42,A06,cross-session,AdaBN
260,16,0,0.00035902899999484816,42,A06,cross-session,AdaBN
261,16,0,0.00036516800000185867,42,A06,cross-session,AdaBN
262,16,0,0.00037926799998899696,42,A06,cross-session,AdaBN
263,16,0,0.0003636389999996936,42,A06,cross-session,AdaBN
264,16,0,0.00037086700000088513,42,A06,cross-session,AdaBN
265,16,0,0.00036326800000097137,42,A06,cross-session,AdaBN
266,16,0,0.0003705440000061344,42,A06,cross-session,AdaBN
267,16,0,0.0003689269999966882,42,A06,cross-session,AdaBN
268,16,1,0.00036483799999587063,42,A06,cross-session,AdaBN
269,16,0,0.00039235600000608883,42,A06,cross-session,AdaBN
270,16,1,0.0003790539999926068,42,A06,cross-session,AdaBN
271,16,0,0.0003565949999995155,42,A06,cross-session,AdaBN
272,16,1,0.00036747400000081143,42,A06,cross-session,AdaBN
273,16,0,0.00037221399999509686,42,A06,cross-session,AdaBN
274,16,1,0.0003549749999933738,42,A06,cross-session,AdaBN
275,16,0,0.0003741940000026034,42,A06,cross-session,AdaBN
276,16,0,0.0003744060000059335,42,A06,cross-session,AdaBN
277,16,0,0.0003693489999960775,42,A06,cross-session,AdaBN
278,16,0,0.00036183999999650496,42,A06,cross-session,AdaBN
279,16,0,0.00042145899999468384,42,A06,cross-session,AdaBN
280,16,0,0.00040007699999478064,42,A06,cross-session,AdaBN
281,16,1,0.0003609489999973903,42,A06,cross-session,AdaBN
282,16,0,0.00038088799999513867,42,A06,cross-session,AdaBN
283,16,0,0.00036280899999496796,42,A06,cross-session,AdaBN
284,16,1,0.00036477399999057525,42,A06,cross-session,AdaBN
285,16,1,0.0003588219999954845,42,A06,cross-session,AdaBN
286,16,1,0.00035888399999350895,42,A06,cross-session,AdaBN
287,16,0,0.00036563199999761764,42,A06,cross-session,AdaBN
0,1,0,0.0007718110000070055,42,A07,cross-session,AdaBN
1,2,0,0.0006180960000108371,42,A07,cross-session,AdaBN
2,3,1,0.000582485999998994,42,A07,cross-session,AdaBN
3,4,0,0.0005643980000087367,42,A07,cross-session,AdaBN
4,5,0,0.000603363000010404,42,A07,cross-session,AdaBN
5,6,1,0.0005814809999975523,42,A07,cross-session,AdaBN
6,7,1,0.0005520500000102402,42,A07,cross-session,AdaBN
7,8,0,0.0004644099999921991,42,A07,cross-session,AdaBN
8,9,0,0.0004661010000006627,42,A07,cross-session,AdaBN
9,10,1,0.00045593100000473896,42,A07,cross-session,AdaBN
10,11,0,0.0004290979999979072,42,A07,cross-session,AdaBN
11,12,0,0.00044632699999169745,42,A07,cross-session,AdaBN
12,13,0,0.0004161510000102453,42,A07,cross-session,AdaBN
13,14,0,0.0004568840000018781,42,A07,cross-session,AdaBN
14,15,1,0.0004230530000057797,42,A07,cross-session,AdaBN
15,16,0,0.0004212209999963079,42,A07,cross-session,AdaBN
16,16,0,0.00042883600001175637,42,A07,cross-session,AdaBN
17,16,1,0.0004312490000017988,42,A07,cross-session,AdaBN
18,16,0,0.00044590999999627456,42,A07,cross-session,AdaBN
19,16,0,0.00045025400000042737,42,A07,cross-session,AdaBN
20,16,1,0.000405379000000039,42,A07,cross-session,AdaBN
21,16,1,0.0004345220000061545,42,A07,cross-session,AdaBN
22,16,1,0.0004372490000008611,42,A07,cross-session,AdaBN
23,16,0,0.0004057370000083438,42,A07,cross-session,AdaBN
24,16,1,0.0003760329999948908,42,A07,cross-session,AdaBN
25,16,0,0.0003902079999988928,42,A07,cross-session,AdaBN
26,16,1,0.00041016100000490496,42,A07,cross-session,AdaBN
27,16,0,0.00038828799999635066,42,A07,cross-session,AdaBN
28,16,0,0.00044055300000422903,42,A07,cross-session,AdaBN
29,16,0,0.0003927420000024995,42,A07,cross-session,AdaBN
30,16,1,0.00041696200000274075,42,A07,cross-session,AdaBN
31,16,0,0.0004157049999946594,42,A07,cross-session,AdaBN
32,16,1,0.00037332100001208346,42,A07,cross-session,AdaBN
33,16,0,0.00040523500000233525,42,A07,cross-session,AdaBN
34,16,1,0.00036891099999536436,42,A07,cross-session,AdaBN
35,16,1,0.0003912899999960473,42,A07,cross-session,AdaBN
36,16,1,0.0004116100000004508,42,A07,cross-session,AdaBN
37,16,1,0.0003918839999954571,42,A07,cross-session,AdaBN
38,16,0,0.00041287499999498323,42,A07,cross-session,AdaBN
39,16,1,0.00041270899998835375,42,A07,cross-session,AdaBN
40,16,1,0.00040228400000330566,42,A07,cross-session,AdaBN
41,16,0,0.00041714900000044963,42,A07,cross-session,AdaBN
42,16,0,0.0003942639999934272,42,A07,cross-session,AdaBN
43,16,0,0.0004233899999945834,42,A07,cross-session,AdaBN
44,16,0,0.00037389500000983844,42,A07,cross-session,AdaBN
45,16,1,0.0003907100000049013,42,A07,cross-session,AdaBN
46,16,1,0.00041514900000549915,42,A07,cross-session,AdaBN
47,16,1,0.0003717059999956973,42,A07,cross-session,AdaBN
48,16,0,0.00041992499998855237,42,A07,cross-session,AdaBN
49,16,0,0.00039838200000019697,42,A07,cross-session,AdaBN
50,16,0,0.0003793409999985897,42,A07,cross-session,AdaBN
51,16,0,0.0003880440000045837,42,A07,cross-session,AdaBN
52,16,0,0.0003920010000086904,42,A07,cross-session,AdaBN
53,16,1,0.000398028000006434,42,A07,cross-session,AdaBN
54,16,1,0.00039891800000191324,42,A07,cross-session,AdaBN
55,16,0,0.0003916040000007115,42,A07,cross-session,AdaBN
56,16,1,0.0003730709999985038,42,A07,cross-session,AdaBN
57,16,0,0.00037699299998905644,42,A07,cross-session,AdaBN
58,16,0,0.00042172200001289184,42,A07,cross-session,AdaBN
59,16,1,0.0003918390000023919,42,A07,cross-session,AdaBN
60,16,0,0.0003969250000039892,42,A07,cross-session,AdaBN
61,16,1,0.00036845600000390277,42,A07,cross-session,AdaBN
62,16,0,0.00037794300000371095,42,A07,cross-session,AdaBN
63,16,0,0.00038156300000480314,42,A07,cross-session,AdaBN
64,16,0,0.00036904700000661705,42,A07,cross-session,AdaBN
65,16,1,0.0004132339999927126,42,A07,cross-session,AdaBN
66,16,0,0.0003709060000005593,42,A07,cross-session,AdaBN
67,16,0,0.0003778890000063484,42,A07,cross-session,AdaBN
68,16,1,0.0004061150000040925,42,A07,cross-session,AdaBN
69,16,1,0.00036742600001105075,42,A07,cross-session,AdaBN
70,16,1,0.0004090619999885803,42,A07,cross-session,AdaBN
71,16,0,0.00038016999999967993,42,A07,cross-session,AdaBN
72,16,0,0.0005282420000014554,42,A07,cross-session,AdaBN
73,16,1,0.0004193440000079818,42,A07,cross-session,AdaBN
74,16,1,0.00039335799999662413,42,A07,cross-session,AdaBN
75,16,0,0.00036304799999697934,42,A07,cross-session,AdaBN
76,16,1,0.00041200300000809875,42,A07,cross-session,AdaBN
77,16,0,0.00038369099999613354,42,A07,cross-session,AdaBN
78,16,1,0.0003859389999973928,42,A07,cross-session,AdaBN
79,16,0,0.00035691699999063076,42,A07,cross-session,AdaBN
80,16,0,0.00038289200000463097,42,A07,cross-session,AdaBN
81,16,0,0.0003669339999987642,42,A07,cross-session,AdaBN
82,16,0,0.0003778229999937821,42,A07,cross-session,AdaBN
83,16,1,0.0003557210000053601,42,A07,cross-session,AdaBN
84,16,1,0.00034752200001264555,42,A07,cross-session,AdaBN
85,16,0,0.0003658379999933459,42,A07,cross-session,AdaBN
86,16,1,0.00035436699999991106,42,A07,cross-session,AdaBN
87,16,1,0.0003629260000082013,42,A07,cross-session,AdaBN
88,16,1,0.00036041399999930945,42,A07,cross-session,AdaBN
89,16,0,0.00035693699999228556,42,A07,cross-session,AdaBN
90,16,0,0.0003590070000001333,42,A07,cross-session,AdaBN
91,16,1,0.0003656530000029079,42,A07,cross-session,AdaBN
92,16,0,0.00036518500000681797,42,A07,cross-session,AdaBN
93,16,0,0.0003548849999930326,42,A07,cross-session,AdaBN
94,16,0,0.00036033899999665664,42,A07,cross-session,AdaBN
95,16,0,0.00040033199999811586,42,A07,cross-session,AdaBN
96,16,1,0.0003814720000008265,42,A07,cross-session,AdaBN
97,16,0,0.0003753489999951398,42,A07,cross-session,AdaBN
98,16,0,0.00035271100000500155,42,A07,cross-session,AdaBN
99,16,0,0.00037786599999378723,42,A07,cross-session,AdaBN
100,16,0,0.0003604300000006333,42,A07,cross-session,AdaBN
101,16,1,0.0003547900000029358,42,A07,cross-session,AdaBN
102,16,0,0.00036770399999852543,42,A07,cross-session,AdaBN
103,16,0,0.00035536200000763074,42,A07,cross-session,AdaBN
104,16,0,0.0003704040000087616,42,A07,cross-session,AdaBN
105,16,0,0.000363828999994098,42,A07,cross-session,AdaBN
106,16,0,0.000355518999995752,42,A07,cross-session,AdaBN
107,16,0,0.00035820499999772437,42,A07,cross-session,AdaBN
108,16,0,0.0003542750000065098,42,A07,cross-session,AdaBN
109,16,1,0.00036814899999626505,42,A07,cross-session,AdaBN
110,16,0,0.0003687310000088928,42,A07,cross-session,AdaBN
111,16,0,0.0003627729999919893,42,A07,cross-session,AdaBN
112,16,0,0.0003704540000057932,42,A07,cross-session,AdaBN
113,16,1,0.0003623009999955684,42,A07,cross-session,AdaBN
114,16,0,0.00036228100000812447,42,A07,cross-session,AdaBN
115,16,0,0.0003626479999923049,42,A07,cross-session,AdaBN
116,16,0,0.00035252800000762363,42,A07,cross-session,AdaBN
117,16,1,0.0003558469999944691,42,A07,cross-session,AdaBN
118,16,0,0.00036238399999888316,42,A07,cross-session,AdaBN
119,16,0,0.00034929899999269765,42,A07,cross-session,AdaBN
120,16,0,0.00035668600000349215,42,A07,cross-session,AdaBN
121,16,1,0.0003542130000084853,42,A07,cross-session,AdaBN
122,16,0,0.0003763290000051711,42,A07,cross-session,AdaBN
123,16,0,0.00037036899999520756,42,A07,cross-session,AdaBN
124,16,0,0.0003672910000034335,42,A07,cross-session,AdaBN
125,16,0,0.0003940430000000106,42,A07,cross-session,AdaBN
126,16,0,0.0003661570000019765,42,A07,cross-session,AdaBN
127,16,1,0.00035549999999773263,42,A07,cross-session,AdaBN
128,16,0,0.00037039500000446424,42,A07,cross-session,AdaBN
129,16,1,0.0003685160000088672,42,A07,cross-session,AdaBN
130,16,1,0.0003597139999982346,42,A07,cross-session,AdaBN
131,16,0,0.00036122000000204935,42,A07,cross-session,AdaBN
132,16,0,0.00037478000000135125,42,A07,cross-session,AdaBN
133,16,1,0.000363203999995676,42,A07,cross-session,AdaBN
134,16,1,0.0003500130000020363,42,A07,cross-session,AdaBN
135,16,1,0.00038133600000378465,42,A07,cross-session,AdaBN
136,16,1,0.00036749400000246624,42,A07,cross-session,AdaBN
137,16,0,0.0003589949999991404,42,A07,cross-session,AdaBN
138,16,0,0.00038385800000639847,42,A07,cross-session,AdaBN
139,16,1,0.00035276999999211966,42,A07,cross-session,AdaBN
140,16,0,0.0003531549999991057,42,A07,cross-session,AdaBN
141,16,0,0.000359274999993886,42,A07,cross-session,AdaBN
142,16,1,0.0003597860000041919,42,A07,cross-session,AdaBN
143,16,0,0.000361775000001785,42,A07,cross-session,AdaBN
144,16,1,0.0003477940000067292,42,A07,cross-session,AdaBN
145,16,1,0.00035494899999832796,42,A07,cross-session,AdaBN
146,16,0,0.0003643090000053917,42,A07,cross-session,AdaBN
147,16,1,0.00037721699999337943,42,A07,cross-session,AdaBN
148,16,1,0.0003663070000072821,42,A07,cross-session,AdaBN
149,16,1,0.00036962999999445856,42,A07,cross-session,AdaBN
150,16,0,0.0003576430000009623,42,A07,cross-session,AdaBN
151,16,0,0.0003887029999987135,42,A07,cross-session,AdaBN
152,16,0,0.00035991900000453825,42,A07,cross-session,AdaBN
153,16,1,0.0003572589999976117,42,A07,cross-session,AdaBN
154,16,1,0.0003924030000064249,42,A07,cross-session,AdaBN
155,16,1,0.00036323900000923004,42,A07,cross-session,AdaBN
156,16,0,0.0003641920000063692,42,A07,cross-session,AdaBN
157,16,0,0.00038048700000103963,42,A07,cross-session,AdaBN
158,16,0,0.0003829269999897633,42,A07,cross-session,AdaBN
159,16,1,0.0003657670000052349,42,A07,cross-session,AdaBN
160,16,1,0.00036323000000493266,42,A07,cross-session,AdaBN
161,16,0,0.0003579480000013291,42,A07,cross-session,AdaBN
162,16,1,0.0003578900000036356,42,A07,cross-session,AdaBN
163,16,1,0.00037430000000426844,42,A07,cross-session,AdaBN
164,16,0,0.00035979700000154935,42,A07,cross-session,AdaBN
165,16,0,0.0003773020000039651,42,A07,cross-session,AdaBN
166,16,1,0.0003694049999865001,42,A07,cross-session,AdaBN
167,16,0,0.00036520000000450636,42,A07,cross-session,AdaBN
168,16,1,0.00035976499999890166,42,A07,cross-session,AdaBN
169,16,1,0.00040142500000683867,42,A07,cross-session,AdaBN
170,16,0,0.00039729399999544057,42,A07,cross-session,AdaBN
171,16,0,0.00035548500000004424,42,A07,cross-session,AdaBN
172,16,0,0.00038829700000064804,42,A07,cross-session,AdaBN
173,16,0,0.00037218700001062643,42,A07,cross-session,AdaBN
174,16,0,0.0003900700000087909,42,A07,cross-session,AdaBN
175,16,1,0.00040359799999123425,42,A07,cross-session,AdaBN
176,16,1,0.0003549070000019583,42,A07,cross-session,AdaBN
177,16,0,0.0003635319999943931,42,A07,cross-session,AdaBN
178,16,0,0.0003625899999946114,42,A07,cross-session,AdaBN
179,16,1,0.00039787000000046646,42,A07,cross-session,AdaBN
180,16,1,0.00035996200000454337,42,A07,cross-session,AdaBN
181,16,0,0.00038573300000166455,42,A07,cross-session,AdaBN
182,16,0,0.0003684469999996054,42,A07,cross-session,AdaBN
183,16,0,0.0003781940000067152,42,A07,cross-session,AdaBN
184,16,0,0.0003636929999970562,42,A07,cross-session,AdaBN
185,16,1,0.00038810700000624365,42,A07,cross-session,AdaBN
186,16,0,0.0003596309999949199,42,A07,cross-session,AdaBN
187,16,0,0.00036351900000397563,42,A07,cross-session,AdaBN
188,16,0,0.0003729940000027909,42,A07,cross-session,AdaBN
189,16,1,0.00036304700000755474,42,A07,cross-session,AdaBN
190,16,1,0.0003925379999998313,42,A07,cross-session,AdaBN
191,16,0,0.00040718400001082955,42,A07,cross-session,AdaBN
192,16,0,0.0004069949999916389,42,A07,cross-session,AdaBN
193,16,1,0.00038791800000126386,42,A07,cross-session,AdaBN
194,16,1,0.00040849300000900257,42,A07,cross-session,AdaBN
195,16,0,0.0003604919999986578,42,A07,cross-session,AdaBN
196,16,1,0.00038972200000841895,42,A07,cross-session,AdaBN
197,16,0,0.0003879360000098586,42,A07,cross-session,AdaBN
198,16,0,0.0003524509999976999,42,A07,cross-session,AdaBN
199,16,0,0.0003860710000083145,42,A07,cross-session,AdaBN
200,16,1,0.000362629999997921,42,A07,cross-session,AdaBN
201,16,0,0.0003828560000016523,42,A07,cross-session,AdaBN
202,16,0,0.00038907900000140216,42,A07,cross-session,AdaBN
203,16,1,0.00036769199999753255,42,A07,cross-session,AdaBN
204,16,1,0.0003989779999926668,42,A07,cross-session,AdaBN
205,16,1,0.00039224500000045737,42,A07,cross-session,AdaBN
206,16,0,0.00038492400000222915,42,A07,cross-session,AdaBN
207,16,0,0.0003898209999988467,42,A07,cross-session,AdaBN
208,16,0,0.00036380600000995855,42,A07,cross-session,AdaBN
209,16,1,0.00037753399999473913,42,A07,cross-session,AdaBN
210,16,0,0.0003815379999991819,42,A07,cross-session,AdaBN
211,16,0,0.0003580470000059677,42,A07,cross-session,AdaBN
212,16,0,0.0003942529999960698,42,A07,cross-session,AdaBN
213,16,0,0.0003633430000036242,42,A07,cross-session,AdaBN
214,16,1,0.00036148200000241104,42,A07,cross-session,AdaBN
215,16,1,0.00037274999999681313,42,A07,cross-session,AdaBN
216,16,1,0.0003589920000024449,42,A07,cross-session,AdaBN
217,16,0,0.00036183199999584303,42,A07,cross-session,AdaBN
218,16,0,0.00038602499999740303,42,A07,cross-session,AdaBN
219,16,0,0.0003743839999970078,42,A07,cross-session,AdaBN
220,16,0,0.0003668720000007397,42,A07,cross-session,AdaBN
221,16,0,0.0003642070000040576,42,A07,cross-session,AdaBN
222,16,0,0.0003865609999991193,42,A07,cross-session,AdaBN
223,16,0,0.00038222700000289933,42,A07,cross-session,AdaBN
224,16,0,0.00039914500000293174,42,A07,cross-session,AdaBN
225,16,0,0.0003664770000000317,42,A07,cross-session,AdaBN
226,16,0,0.0003991069999926822,42,A07,cross-session,AdaBN
227,16,0,0.0003552940000020044,42,A07,cross-session,AdaBN
228,16,0,0.00036934900001028836,42,A07,cross-session,AdaBN
229,16,0,0.0003794290000058709,42,A07,cross-session,AdaBN
230,16,1,0.0003863259999974389,42,A07,cross-session,AdaBN
231,16,0,0.00038945800000078634,42,A07,cross-session,AdaBN
232,16,0,0.00037238000000172633,42,A07,cross-session,AdaBN
233,16,0,0.0003798719999963396,42,A07,cross-session,AdaBN
234,16,0,0.00041365100000234634,42,A07,cross-session,AdaBN
235,16,0,0.0003744180000069264,42,A07,cross-session,AdaBN
236,16,0,0.0003955350000097724,42,A07,cross-session,AdaBN
237,16,1,0.0003716599999989967,42,A07,cross-session,AdaBN
238,16,0,0.00036350400000628724,42,A07,cross-session,AdaBN
239,16,0,0.00036570999999696596,42,A07,cross-session,AdaBN
240,16,0,0.0003752800000000889,42,A07,cross-session,AdaBN
241,16,0,0.0003593169999902557,42,A07,cross-session,AdaBN
242,16,0,0.00035888800000805077,42,A07,cross-session,AdaBN
243,16,1,0.00036543000000222037,42,A07,cross-session,AdaBN
244,16,1,0.00036166700000705987,42,A07,cross-session,AdaBN
245,16,1,0.00040198400000690526,42,A07,cross-session,AdaBN
246,16,1,0.0003790450000025203,42,A07,cross-session,AdaBN
247,16,0,0.0003574389999982941,42,A07,cross-session,AdaBN
248,16,0,0.0003986720000028754,42,A07,cross-session,AdaBN
249,16,1,0.0003714700000045923,42,A07,cross-session,AdaBN
250,16,0,0.00036552400000289254,42,A07,cross-session,AdaBN
251,16,0,0.0003851790000055644,42,A07,cross-session,AdaBN
252,16,0,0.0003686210000068968,42,A07,cross-session,AdaBN
253,16,1,0.0003670419999934893,42,A07,cross-session,AdaBN
254,16,0,0.0003690559999967036,42,A07,cross-session,AdaBN
255,16,1,0.00035787699999900724,42,A07,cross-session,AdaBN
256,16,1,0.0003624950000045146,42,A07,cross-session,AdaBN
257,16,0,0.00040084799999817733,42,A07,cross-session,AdaBN
258,16,0,0.000356248000002779,42,A07,cross-session,AdaBN
259,16,0,0.00037787099999775364,42,A07,cross-session,AdaBN
260,16,1,0.00036770300000910083,42,A07,cross-session,AdaBN
261,16,0,0.0003797990000009577,42,A07,cross-session,AdaBN
262,16,0,0.0003560709999987921,42,A07,cross-session,AdaBN
263,16,0,0.00036694700000339253,42,A07,cross-session,AdaBN
264,16,1,0.00036297200000490193,42,A07,cross-session,AdaBN
265,16,1,0.00035883600000374827,42,A07,cross-session,AdaBN
266,16,0,0.00038171399999953337,42,A07,cross-session,AdaBN
267,16,1,0.00037197800000399184,42,A07,cross-session,AdaBN
268,16,1,0.0004073200000078714,42,A07,cross-session,AdaBN
269,16,0,0.0003799110000102246,42,A07,cross-session,AdaBN
270,16,0,0.0003722790000040277,42,A07,cross-session,AdaBN
271,16,0,0.00038721799998597817,42,A07,cross-session,AdaBN
272,16,0,0.0003603100000049153,42,A07,cross-session,AdaBN
273,16,0,0.0003754450000030829,42,A07,cross-session,AdaBN
274,16,1,0.00037817699998754506,42,A07,cross-session,AdaBN
275,16,1,0.00035766499999567714,42,A07,cross-session,AdaBN
276,16,0,0.000415351999990321,42,A07,cross-session,AdaBN
277,16,0,0.0003634819999973615,42,A07,cross-session,AdaBN
278,16,0,0.00039131199999076216,42,A07,cross-session,AdaBN
279,16,0,0.00040646699999058455,42,A07,cross-session,AdaBN
280,16,0,0.0004002700000000914,42,A07,cross-session,AdaBN
281,16,0,0.00038011799999537743,42,A07,cross-session,AdaBN
282,16,1,0.0003638600000073211,42,A07,cross-session,AdaBN
283,16,0,0.00036578600000325423,42,A07,cross-session,AdaBN
284,16,1,0.0003728439999974853,42,A07,cross-session,AdaBN
285,16,0,0.00043066700000338187,42,A07,cross-session,AdaBN
286,16,0,0.0003689140000062707,42,A07,cross-session,AdaBN
287,16,0,0.00038598900000863523,42,A07,cross-session,AdaBN
0,1,1,0.0012491909999994277,42,A08,cross-session,AdaBN
1,2,1,0.0011641219999916075,42,A08,cross-session,AdaBN
2,3,1,0.0010823129999977255,42,A08,cross-session,AdaBN
3,4,1,0.0010319679999923892,42,A08,cross-session,AdaBN
4,5,1,0.001018833000003383,42,A08,cross-session,AdaBN
5,6,0,0.0010161430000010796,42,A08,cross-session,AdaBN
6,7,1,0.0010616459999965855,42,A08,cross-session,AdaBN
7,8,0,0.0010756710000094927,42,A08,cross-session,AdaBN
8,9,1,0.0011249810000037996,42,A08,cross-session,AdaBN
9,10,0,0.0005399559999972325,42,A08,cross-session,AdaBN
10,11,0,0.00043030799999144165,42,A08,cross-session,AdaBN
11,12,1,0.000400764000005438,42,A08,cross-session,AdaBN
12,13,1,0.00038772099999562215,42,A08,cross-session,AdaBN
13,14,1,0.000402991000001407,42,A08,cross-session,AdaBN
14,15,0,0.00037860499999453623,42,A08,cross-session,AdaBN
15,16,1,0.0004388640000030364,42,A08,cross-session,AdaBN
16,16,1,0.0004217740000029835,42,A08,cross-session,AdaBN
17,16,1,0.00040528200000267134,42,A08,cross-session,AdaBN
18,16,1,0.0004193470000046773,42,A08,cross-session,AdaBN
19,16,0,0.00041396100000667957,42,A08,cross-session,AdaBN
20,16,0,0.00037286599999220016,42,A08,cross-session,AdaBN
21,16,1,0.0003910850000039545,42,A08,cross-session,AdaBN
22,16,1,0.0003727599999905351,42,A08,cross-session,AdaBN
23,16,0,0.0003894649999978128,42,A08,cross-session,AdaBN
24,16,1,0.00037695700000028864,42,A08,cross-session,AdaBN
25,16,1,0.0004138840000109667,42,A08,cross-session,AdaBN
26,16,0,0.00046347699999671477,42,A08,cross-session,AdaBN
27,16,0,0.00040157700000520435,42,A08,cross-session,AdaBN
28,16,0,0.0003770379999963325,42,A08,cross-session,AdaBN
29,16,0,0.0003959050000048592,42,A08,cross-session,AdaBN
30,16,1,0.0003646640000027901,42,A08,cross-session,AdaBN
31,16,1,0.0004158759999910444,42,A08,cross-session,AdaBN
32,16,1,0.0003588179999951535,42,A08,cross-session,AdaBN
33,16,1,0.0004274500000036596,42,A08,cross-session,AdaBN
34,16,1,0.00036948400000369475,42,A08,cross-session,AdaBN
35,16,1,0.00043262900000229365,42,A08,cross-session,AdaBN
36,16,1,0.0003733060000001842,42,A08,cross-session,AdaBN
37,16,1,0.00039649400000030255,42,A08,cross-session,AdaBN
38,16,1,0.0003843810000034864,42,A08,cross-session,AdaBN
39,16,1,0.00039705300000036914,42,A08,cross-session,AdaBN
40,16,1,0.0003788359999958857,42,A08,cross-session,AdaBN
41,16,1,0.0003975360000083583,42,A08,cross-session,AdaBN
42,16,0,0.000380205000013234,42,A08,cross-session,AdaBN
43,16,0,0.00037391000000752683,42,A08,cross-session,AdaBN
44,16,0,0.0004004859999895416,42,A08,cross-session,AdaBN
45,16,1,0.00039720799999543033,42,A08,cross-session,AdaBN
46,16,1,0.0003934169999979531,42,A08,cross-session,AdaBN
47,16,1,0.0003696220000080075,42,A08,cross-session,AdaBN
48,16,1,0.00041039199999204357,42,A08,cross-session,AdaBN
49,16,1,0.0003748339999987138,42,A08,cross-session,AdaBN
50,16,1,0.0003762489999985519,42,A08,cross-session,AdaBN
51,16,1,0.000365546999987032,42,A08,cross-session,AdaBN
52,16,1,0.0004127689999933182,42,A08,cross-session,AdaBN
53,16,1,0.0003789339999968888,42,A08,cross-session,AdaBN
54,16,1,0.0003925959999975248,42,A08,cross-session,AdaBN
55,16,1,0.00036982600001067567,42,A08,cross-session,AdaBN
56,16,0,0.0004113090000004149,42,A08,cross-session,AdaBN
57,16,1,0.00036396999999510626,42,A08,cross-session,AdaBN
58,16,1,0.000420748999999887,42,A08,cross-session,AdaBN
59,16,0,0.0003681769999985818,42,A08,cross-session,AdaBN
60,16,0,0.00040286000000833155,42,A08,cross-session,AdaBN
61,16,1,0.0003738569999995889,42,A08,cross-session,AdaBN
62,16,1,0.0003924919999889198,42,A08,cross-session,AdaBN
63,16,1,0.0003642859999928305,42,A08,cross-session,AdaBN
64,16,1,0.0004035580000021355,42,A08,cross-session,AdaBN
65,16,1,0.00036444600000606897,42,A08,cross-session,AdaBN
66,16,1,0.00039571499999624393,42,A08,cross-session,AdaBN
67,16,1,0.00036872299999402003,42,A08,cross-session,AdaBN
68,16,1,0.00039873199999362896,42,A08,cross-session,AdaBN
69,16,1,0.00036598199999104963,42,A08,cross-session,AdaBN
70,16,1,0.0003965100000016264,42,A08,cross-session,AdaBN
71,16,1,0.00036073100000066916,42,A08,cross-session,AdaBN
72,16,1,0.0004162270000023227,42,A08,cross-session,AdaBN
73,16,1,0.00037534299998753795,42,A08,cross-session,AdaBN
74,16,1,0.00038336100000435636,42,A08,cross-session,AdaBN
75,16,1,0.0005640109999944798,42,A08,cross-session,AdaBN
76,16,1,0.00040898999999683383,42,A08,cross-session,AdaBN
77,16,1,0.0003862559999987525,42,A08,cross-session,AdaBN
78,16,1,0.00035725900001182254,42,A08,cross-session,AdaBN
79,16,0,0.0003894629999905419,42,A08,cross-session,AdaBN
80,16,1,0.00035663100000249415,42,A08,cross-session,AdaBN
81,16,1,0.00037097700000288114,42,A08,cross-session,AdaBN
82,16,1,0.00037022600000113925,42,A08,cross-session,AdaBN
83,16,0,0.00036301899999102716,42,A08,cross-session,AdaBN
84,16,1,0.0003543539999952827,42,A08,cross-session,AdaBN
85,16,1,0.0003607090000059543,42,A08,cross-session,AdaBN
86,16,1,0.00035897000000773005,42,A08,cross-session,AdaBN
87,16,0,0.0003752610000020695,42,A08,cross-session,AdaBN
88,16,0,0.00035452100000554765,42,A08,cross-session,AdaBN
89,16,1,0.00035858600000437946,42,A08,cross-session,AdaBN
90,16,0,0.0003586439999878621,42,A08,cross-session,AdaBN
91,16,0,0.00036190900000576676,42,A08,cross-session,AdaBN
92,16,1,0.0003474420000060263,42,A08,cross-session,AdaBN
93,16,1,0.000378793999999516,42,A08,cross-session,AdaBN
94,16,1,0.0003600650000095129,42,A08,cross-session,AdaBN
95,16,1,0.00035708299999726023,42,A08,cross-session,AdaBN
96,16,1,0.00036773200000084216,42,A08,cross-session,AdaBN
97,16,0,0.00036330700000064553,42,A08,cross-session,AdaBN
98,16,1,0.0003486859999952685,42,A08,cross-session,AdaBN
99,16,1,0.00036415099999942413,42,A08,cross-session,AdaBN
100,16,1,0.00036759200000346937,42,A08,cross-session,AdaBN
101,16,0,0.00037023599999486123,42,A08,cross-session,AdaBN
102,16,1,0.00035009500000171556,42,A08,cross-session,AdaBN
103,16,1,0.00036264899999594036,42,A08,cross-session,AdaBN
104,16,1,0.0003587620000047309,42,A08,cross-session,AdaBN
105,16,1,0.0003546570000025895,42,A08,cross-session,AdaBN
106,16,1,0.00035602900000242244,42,A08,cross-session,AdaBN
107,16,1,0.00036277399999562476,42,A08,cross-session,AdaBN
108,16,0,0.0003545909999900232,42,A08,cross-session,AdaBN
109,16,1,0.00036284600000158207,42,A08,cross-session,AdaBN
110,16,0,0.00035696399999096684,42,A08,cross-session,AdaBN
111,16,1,0.0003699220000044079,42,A08,cross-session,AdaBN
112,16,1,0.00036410600000635895,42,A08,cross-session,AdaBN
113,16,0,0.00036968199999876106,42,A08,cross-session,AdaBN
114,16,1,0.000372022999997057,42,A08,cross-session,AdaBN
115,16,1,0.00039210299999581366,42,A08,cross-session,AdaBN
116,16,1,0.0003604559999956791,42,A08,cross-session,AdaBN
117,16,1,0.00036682100000007267,42,A08,cross-session,AdaBN
118,16,1,0.000358410000004028,42,A08,cross-session,AdaBN
119,16,1,0.0003680150000064941,42,A08,cross-session,AdaBN
120,16,1,0.00036241999998765095,42,A08,cross-session,AdaBN
121,16,1,0.00036357799999109375,42,A08,cross-session,AdaBN
122,16,0,0.00036019300000589283,42,A08,cross-session,AdaBN
123,16,1,0.0003865150000024187,42,A08,cross-session,AdaBN
124,16,0,0.00036185499999419335,42,A08,cross-session,AdaBN
125,16,1,0.00036756900000511905,42,A08,cross-session,AdaBN
126,16,0,0.0003571940000028917,42,A08,cross-session,AdaBN
127,16,1,0.0003667479999904799,42,A08,cross-session,AdaBN
128,16,0,0.00037147999999831427,42,A08,cross-session,AdaBN
129,16,1,0.00037104900000883845,42,A08,cross-session,AdaBN
130,16,0,0.00036588199999698645,42,A08,cross-session,AdaBN
131,16,0,0.00035984299999825,42,A08,cross-session,AdaBN
132,16,1,0.00035995400000388145,42,A08,cross-session,AdaBN
133,16,1,0.00038041399999144687,42,A08,cross-session,AdaBN
134,16,1,0.00035700300000485186,42,A08,cross-session,AdaBN
135,16,1,0.00036546500000156357,42,A08,cross-session,AdaBN
136,16,1,0.0003672279999875627,42,A08,cross-session,AdaBN
137,16,0,0.0003576989999913849,42,A08,cross-session,AdaBN
138,16,0,0.00035829899999839654,42,A08,cross-session,AdaBN
139,16,1,0.00037289499999815234,42,A08,cross-session,AdaBN
140,16,0,0.00035410299999227846,42,A08,cross-session,AdaBN
141,16,0,0.00035981199999923774,42,A08,cross-session,AdaBN
142,16,1,0.00041555100000323364,42,A08,cross-session,AdaBN
143,16,1,0.0003566790000064657,42,A08,cross-session,AdaBN
144,16,0,0.0003604179999996404,42,A08,cross-session,AdaBN
145,16,1,0.00036991499999317057,42,A08,cross-session,AdaBN
146,16,0,0.0003572589999976117,42,A08,cross-session,AdaBN
147,16,1,0.00035466499998904055,42,A08,cross-session,AdaBN
148,16,0,0.0003732409999912534,42,A08,cross-session,AdaBN
149,16,1,0.0003689700000109042,42,A08,cross-session,AdaBN
150,16,1,0.00036914700000068024,42,A08,cross-session,AdaBN
151,16,1,0.00036377700000400637,42,A08,cross-session,AdaBN
152,16,1,0.000369636999991485,42,A08,cross-session,AdaBN
153,16,1,0.00035221900000692585,42,A08,cross-session,AdaBN
154,16,1,0.00035913600000014867,42,A08,cross-session,AdaBN
155,16,1,0.0003559480000063786,42,A08,cross-session,AdaBN
156,16,0,0.00035938000000612647,42,A08,cross-session,AdaBN
157,16,0,0.00035947499999622323,42,A08,cross-session,AdaBN
158,16,1,0.00036282000000653625,42,A08,cross-session,AdaBN
159,16,0,0.00035731799999894065,42,A08,cross-session,AdaBN
160,16,1,0.0003598650000071757,42,A08,cross-session,AdaBN
161,16,1,0.0003642820000067104,42,A08,cross-session,AdaBN
162,16,1,0.0003655809999969506,42,A08,cross-session,AdaBN
163,16,0,0.0003548809999927016,42,A08,cross-session,AdaBN
164,16,0,0.0003648120000008248,42,A08,cross-session,AdaBN
165,16,1,0.00035999199999992015,42,A08,cross-session,AdaBN
166,16,0,0.0003805169999964164,42,A08,cross-session,AdaBN
167,16,1,0.00036244199999657667,42,A08,cross-session,AdaBN
168,16,1,0.00038145599999950264,42,A08,cross-session,AdaBN
169,16,1,0.00036194199999783905,42,A08,cross-session,AdaBN
170,16,1,0.0003752500000047121,42,A08,cross-session,AdaBN
171,16,0,0.0003582139999878109,42,A08,cross-session,AdaBN
172,16,1,0.00036526499999922635,42,A08,cross-session,AdaBN
173,16,1,0.00035499599999866405,42,A08,cross-session,AdaBN
174,16,1,0.00036864800000557807,42,A08,cross-session,AdaBN
175,16,1,0.00035904599999980746,42,A08,cross-session,AdaBN
176,16,1,0.0003631120000022747,42,A08,cross-session,AdaBN
177,16,1,0.00035875399998985813,42,A08,cross-session,AdaBN
178,16,1,0.00037507900000832706,42,A08,cross-session,AdaBN
179,16,0,0.0003640670000066848,42,A08,cross-session,AdaBN
180,16,1,0.00036820900000122947,42,A08,cross-session,AdaBN
181,16,0,0.00038193299999988994,42,A08,cross-session,AdaBN
182,16,1,0.00038797200001283727,42,A08,cross-session,AdaBN
183,16,1,0.0003748889999997118,42,A08,cross-session,AdaBN
184,16,1,0.00037998099999470014,42,A08,cross-session,AdaBN
185,16,1,0.0003596260000051643,42,A08,cross-session,AdaBN
186,16,1,0.00037053100000150607,42,A08,cross-session,AdaBN
187,16,1,0.00035873500000604963,42,A08,cross-session,AdaBN
188,16,0,0.0003571149999999079,42,A08,cross-session,AdaBN
189,16,1,0.0003849980000012465,42,A08,cross-session,AdaBN
190,16,1,0.0003636920000076316,42,A08,cross-session,AdaBN
191,16,0,0.00037324499999158434,42,A08,cross-session,AdaBN
192,16,1,0.0003621969999869634,42,A08,cross-session,AdaBN
193,16,1,0.0003766560000002528,42,A08,cross-session,AdaBN
194,16,1,0.00038369899999679546,42,A08,cross-session,AdaBN
195,16,1,0.0003527129999980616,42,A08,cross-session,AdaBN
196,16,0,0.0003715200000016239,42,A08,cross-session,AdaBN
197,16,0,0.0003557719999918163,42,A08,cross-session,AdaBN
198,16,0,0.0005222680000116497,42,A08,cross-session,AdaBN
199,16,1,0.0003925470000041287,42,A08,cross-session,AdaBN
200,16,1,0.00036986599999977443,42,A08,cross-session,AdaBN
201,16,0,0.0003883090000016409,42,A08,cross-session,AdaBN
202,16,1,0.0003799999999927195,42,A08,cross-session,AdaBN
203,16,1,0.0003619310000004816,42,A08,cross-session,AdaBN
204,16,1,0.0004026610000096298,42,A08,cross-session,AdaBN
205,16,1,0.00036005300000852003,42,A08,cross-session,AdaBN
206,16,0,0.0003739029999962895,42,A08,cross-session,AdaBN
207,16,1,0.000394213000006971,42,A08,cross-session,AdaBN
208,16,1,0.00035747700000854365,42,A08,cross-session,AdaBN
209,16,0,0.0003887559999924406,42,A08,cross-session,AdaBN
210,16,1,0.0003579210000026478,42,A08,cross-session,AdaBN
211,16,0,0.00037088999999923544,42,A08,cross-session,AdaBN
212,16,0,0.00036610600000130944,42,A08,cross-session,AdaBN
213,16,1,0.00036725799999715036,42,A08,cross-session,AdaBN
214,16,1,0.00037497200000302655,42,A08,cross-session,AdaBN
215,16,0,0.0003715330000062522,42,A08,cross-session,AdaBN
216,16,1,0.0003546300000039082,42,A08,cross-session,AdaBN
217,16,1,0.00040111399999887,42,A08,cross-session,AdaBN
218,16,0,0.0003609480000079657,42,A08,cross-session,AdaBN
219,16,1,0.0003677830000015092,42,A08,cross-session,AdaBN
220,16,1,0.00036616900000296937,42,A08,cross-session,AdaBN
221,16,1,0.0003623300000015206,42,A08,cross-session,AdaBN
222,16,1,0.00038565799999901174,42,A08,cross-session,AdaBN
223,16,1,0.00038114999999550037,42,A08,cross-session,AdaBN
224,16,1,0.0003875829999913094,42,A08,cross-session,AdaBN
225,16,0,0.0003783460000050809,42,A08,cross-session,AdaBN
226,16,1,0.00036708300000043437,42,A08,cross-session,AdaBN
227,16,0,0.0003690489999996771,42,A08,cross-session,AdaBN
228,16,0,0.000398792999988018,42,A08,cross-session,AdaBN
229,16,1,0.0003621389999892699,42,A08,cross-session,AdaBN
230,16,1,0.0003711709999976165,42,A08,cross-session,AdaBN
231,16,1,0.00036998400000243237,42,A08,cross-session,AdaBN
232,16,0,0.0003609099999977161,42,A08,cross-session,AdaBN
233,16,0,0.0003803259999983766,42,A08,cross-session,AdaBN
234,16,1,0.0003586720000043897,42,A08,cross-session,AdaBN
235,16,1,0.00036956999998949414,42,A08,cross-session,AdaBN
236,16,1,0.00039013900000384183,42,A08,cross-session,AdaBN
237,16,1,0.0003656099999886919,42,A08,cross-session,AdaBN
238,16,1,0.0003815560000077767,42,A08,cross-session,AdaBN
239,16,1,0.00039451199999973596,42,A08,cross-session,AdaBN
240,16,1,0.00035582200000305875,42,A08,cross-session,AdaBN
241,16,1,0.000381928999999559,42,A08,cross-session,AdaBN
242,16,1,0.000366389999996386,42,A08,cross-session,AdaBN
243,16,1,0.0003671609999997827,42,A08,cross-session,AdaBN
244,16,1,0.00036776400000348985,42,A08,cross-session,AdaBN
245,16,1,0.0003713789999864048,42,A08,cross-session,AdaBN
246,16,0,0.00037008399999649555,42,A08,cross-session,AdaBN
247,16,0,0.000370533000008777,42,A08,cross-session,AdaBN
248,16,0,0.0003600050000045485,42,A08,cross-session,AdaBN
249,16,1,0.00037525799999116316,42,A08,cross-session,AdaBN
250,16,1,0.00036733499999286323,42,A08,cross-session,AdaBN
251,16,0,0.0003544380000022329,42,A08,cross-session,AdaBN
252,16,0,0.000373400999990281,42,A08,cross-session,AdaBN
253,16,1,0.00036418199999843637,42,A08,cross-session,AdaBN
254,16,0,0.00035941599999489426,42,A08,cross-session,AdaBN
255,16,0,0.0003799649999933763,42,A08,cross-session,AdaBN
256,16,1,0.00038929500000506323,42,A08,cross-session,AdaBN
257,16,1,0.00037005499999054337,42,A08,cross-session,AdaBN
258,16,1,0.0003767819999893618,42,A08,cross-session,AdaBN
259,16,1,0.0003575369999992972,42,A08,cross-session,AdaBN
260,16,1,0.0003705790000054776,42,A08,cross-session,AdaBN
261,16,0,0.0003631300000108695,42,A08,cross-session,AdaBN
262,16,1,0.00036088200000961024,42,A08,cross-session,AdaBN
263,16,1,0.00035449899999662193,42,A08,cross-session,AdaBN
264,16,0,0.00037017100000014125,42,A08,cross-session,AdaBN
265,16,1,0.0003766730000052121,42,A08,cross-session,AdaBN
266,16,0,0.0003754709999981287,42,A08,cross-session,AdaBN
267,16,0,0.0003639509999970869,42,A08,cross-session,AdaBN
268,16,1,0.0003631139999953348,42,A08,cross-session,AdaBN
269,16,1,0.0003816970000087849,42,A08,cross-session,AdaBN
270,16,1,0.00036619600000165065,42,A08,cross-session,AdaBN
271,16,1,0.00035666099999787093,42,A08,cross-session,AdaBN
272,16,0,0.000367119000003413,42,A08,cross-session,AdaBN
273,16,1,0.00036259600000221326,42,A08,cross-session,AdaBN
274,16,1,0.00037695199999632223,42,A08,cross-session,AdaBN
275,16,1,0.0003706440000001976,42,A08,cross-session,AdaBN
276,16,1,0.00036203799999157127,42,A08,cross-session,AdaBN
277,16,1,0.000378672000010738,42,A08,cross-session,AdaBN
278,16,1,0.0003638609999967457,42,A08,cross-session,AdaBN
279,16,0,0.0003650980000031723,42,A08,cross-session,AdaBN
280,16,1,0.00037621899998896424,42,A08,cross-session,AdaBN
281,16,1,0.00036811999999031286,42,A08,cross-session,AdaBN
282,16,0,0.0003901450000114437,42,A08,cross-session,AdaBN
283,16,1,0.00038873900000169215,42,A08,cross-session,AdaBN
284,16,1,0.0003612689999954455,42,A08,cross-session,AdaBN
285,16,0,0.00035976200000220615,42,A08,cross-session,AdaBN
286,16,1,0.0003638609999967457,42,A08,cross-session,AdaBN
287,16,0,0.00036506700000416004,42,A08,cross-session,AdaBN
0,1,1,0.0012465570000017578,42,A09,cross-session,AdaBN
1,2,1,0.0010071250000009968,42,A09,cross-session,AdaBN
2,3,1,0.000490991000006602,42,A09,cross-session,AdaBN
3,4,1,0.0004930869999952847,42,A09,cross-session,AdaBN
4,5,1,0.000430016000009914,42,A09,cross-session,AdaBN
5,6,1,0.0004353440000102182,42,A09,cross-session,AdaBN
6,7,1,0.0004975399999977981,42,A09,cross-session,AdaBN
7,8,0,0.0004551130000010062,42,A09,cross-session,AdaBN
8,9,0,0.0004577819999980193,42,A09,cross-session,AdaBN
9,10,1,0.00043415400000412774,42,A09,cross-session,AdaBN
10,11,1,0.00044577600000650364,42,A09,cross-session,AdaBN
11,12,0,0.0004043699999982664,42,A09,cross-session,AdaBN
12,13,1,0.0004288399999978765,42,A09,cross-session,AdaBN
13,14,1,0.00040597999999647527,42,A09,cross-session,AdaBN
14,15,0,0.000414771999999175,42,A09,cross-session,AdaBN
15,16,1,0.00041471000000115055,42,A09,cross-session,AdaBN
16,16,1,0.0004415730000033591,42,A09,cross-session,AdaBN
17,16,1,0.0004470260000033477,42,A09,cross-session,AdaBN
18,16,1,0.00045347699999354063,42,A09,cross-session,AdaBN
19,16,1,0.00044824600000481496,42,A09,cross-session,AdaBN
20,16,0,0.0004176919999991924,42,A09,cross-session,AdaBN
21,16,1,0.000811337999991224,42,A09,cross-session,AdaBN
22,16,1,0.0010684129999987135,42,A09,cross-session,AdaBN
23,16,1,0.0010195670000001655,42,A09,cross-session,AdaBN
24,16,1,0.001030165999992505,42,A09,cross-session,AdaBN
25,16,1,0.0010372739999979785,42,A09,cross-session,AdaBN
26,16,1,0.0010581290000004628,42,A09,cross-session,AdaBN
27,16,1,0.0011112069999938967,42,A09,cross-session,AdaBN
28,16,1,0.0004524900000006937,42,A09,cross-session,AdaBN
29,16,1,0.00036951699999576704,42,A09,cross-session,AdaBN
30,16,1,0.00043475100000023303,42,A09,cross-session,AdaBN
31,16,1,0.00037447700000825535,42,A09,cross-session,AdaBN
32,16,1,0.0003803660000016862,42,A09,cross-session,AdaBN
33,16,0,0.0003912819999953854,42,A09,cross-session,AdaBN
34,16,0,0.00038099299999316827,42,A09,cross-session,AdaBN
35,16,1,0.0003554809999997133,42,A09,cross-session,AdaBN
36,16,1,0.0004182209999896713,42,A09,cross-session,AdaBN
37,16,1,0.00038142600000412585,42,A09,cross-session,AdaBN
38,16,1,0.0004217019999970262,42,A09,cross-session,AdaBN
39,16,1,0.0003628369999972847,42,A09,cross-session,AdaBN
40,16,1,0.00040071899999816196,42,A09,cross-session,AdaBN
41,16,1,0.000401837000012506,42,A09,cross-session,AdaBN
42,16,1,0.00041780699999094395,42,A09,cross-session,AdaBN
43,16,0,0.0004426779999988639,42,A09,cross-session,AdaBN
44,16,1,0.0004238340000028984,42,A09,cross-session,AdaBN
45,16,0,0.0004102740000035965,42,A09,cross-session,AdaBN
46,16,1,0.00038515600000721406,42,A09,cross-session,AdaBN
47,16,1,0.0003629529999926717,42,A09,cross-session,AdaBN
48,16,1,0.00035178099999200185,42,A09,cross-session,AdaBN
49,16,1,0.00036728199999913613,42,A09,cross-session,AdaBN
50,16,1,0.00035325399998953344,42,A09,cross-session,AdaBN
51,16,1,0.00036846200001150464,42,A09,cross-session,AdaBN
52,16,1,0.00036894000000131655,42,A09,cross-session,AdaBN
53,16,1,0.00036845099999993636,42,A09,cross-session,AdaBN
54,16,1,0.0003535689999978331,42,A09,cross-session,AdaBN
55,16,1,0.0003706349999959002,42,A09,cross-session,AdaBN
56,16,1,0.00035432600000717684,42,A09,cross-session,AdaBN
57,16,1,0.0003709069999899839,42,A09,cross-session,AdaBN
58,16,1,0.000357276000002571,42,A09,cross-session,AdaBN
59,16,1,0.00036455199999352317,42,A09,cross-session,AdaBN
60,16,1,0.0003633230000019694,42,A09,cross-session,AdaBN
61,16,1,0.0003696300000086694,42,A09,cross-session,AdaBN
62,16,1,0.00036293700000555873,42,A09,cross-session,AdaBN
63,16,1,0.00040676300000086485,42,A09,cross-session,AdaBN
64,16,1,0.00036931200000367426,42,A09,cross-session,AdaBN
65,16,1,0.00035331300000507326,42,A09,cross-session,AdaBN
66,16,0,0.0003552160000026561,42,A09,cross-session,AdaBN
67,16,1,0.0003641950000030647,42,A09,cross-session,AdaBN
68,16,1,0.00036386200000038116,42,A09,cross-session,AdaBN
69,16,0,0.0003513290000114466,42,A09,cross-session,AdaBN
70,16,0,0.0003640439999941236,42,A09,cross-session,AdaBN
71,16,1,0.00035847000000899243,42,A09,cross-session,AdaBN
72,16,1,0.00035693899999955647,42,A09,cross-session,AdaBN
73,16,1,0.00035921500000313245,42,A09,cross-session,AdaBN
74,16,1,0.000393879000000652,42,A09,cross-session,AdaBN
75,16,1,0.00041792500000781274,42,A09,cross-session,AdaBN
76,16,1,0.0003520839999993086,42,A09,cross-session,AdaBN
77,16,0,0.00036648699999375367,42,A09,cross-session,AdaBN
78,16,1,0.00035574700000040593,42,A09,cross-session,AdaBN
79,16,1,0.0003487529999972594,42,A09,cross-session,AdaBN
80,16,1,0.00036153400000671354,42,A09,cross-session,AdaBN
81,16,1,0.00035674199999391476,42,A09,cross-session,AdaBN
82,16,1,0.0003575890000035997,42,A09,cross-session,AdaBN
83,16,1,0.0003561119999915263,42,A09,cross-session,AdaBN
84,16,1,0.0003678329999985408,42,A09,cross-session,AdaBN
85,16,1,0.0003536369999892486,42,A09,cross-session,AdaBN
86,16,1,0.0003567979999985482,42,A09,cross-session,AdaBN
87,16,1,0.0003911640000069383,42,A09,cross-session,AdaBN
88,16,0,0.00039715100000137227,42,A09,cross-session,AdaBN
89,16,1,0.00037739100000067083,42,A09,cross-session,AdaBN
90,16,1,0.000357276000002571,42,A09,cross-session,AdaBN
91,16,1,0.0003969600000033324,42,A09,cross-session,AdaBN
92,16,1,0.00035466900000358237,42,A09,cross-session,AdaBN
93,16,1,0.0003631249999926922,42,A09,cross-session,AdaBN
94,16,0,0.0003572929999933194,42,A09,cross-session,AdaBN
95,16,1,0.00039281600000151684,42,A09,cross-session,AdaBN
96,16,1,0.00042835700000409815,42,A09,cross-session,AdaBN
97,16,1,0.00036680399999511337,42,A09,cross-session,AdaBN
98,16,1,0.00036190999999519136,42,A09,cross-session,AdaBN
99,16,1,0.0003515910000118083,42,A09,cross-session,AdaBN
100,16,1,0.00036424099999976534,42,A09,cross-session,AdaBN
101,16,1,0.0003698829999905229,42,A09,cross-session,AdaBN
102,16,1,0.0003566970000008496,42,A09,cross-session,AdaBN
103,16,1,0.00037068299999987175,42,A09,cross-session,AdaBN
104,16,1,0.0003628070000019079,42,A09,cross-session,AdaBN
105,16,1,0.00036097200000995144,42,A09,cross-session,AdaBN
106,16,1,0.00038433999999654134,42,A09,cross-session,AdaBN
107,16,1,0.0003796559999926785,42,A09,cross-session,AdaBN
108,16,0,0.0003528490000093143,42,A09,cross-session,AdaBN
109,16,1,0.00036330000000361906,42,A09,cross-session,AdaBN
110,16,1,0.0003751569999934645,42,A09,cross-session,AdaBN
111,16,1,0.0003761579999945752,42,A09,cross-session,AdaBN
112,16,1,0.00036782200000118337,42,A09,cross-session,AdaBN
113,16,0,0.0003681230000012192,42,A09,cross-session,AdaBN
114,16,1,0.0003580409999983658,42,A09,cross-session,AdaBN
115,16,1,0.0003591170000021293,42,A09,cross-session,AdaBN
116,16,1,0.00038811299999963467,42,A09,cross-session,AdaBN
117,16,1,0.00037289200000145684,42,A09,cross-session,AdaBN
118,16,1,0.00035917000001006727,42,A09,cross-session,AdaBN
119,16,1,0.00037343299999292867,42,A09,cross-session,AdaBN
120,16,0,0.00035409499999161653,42,A09,cross-session,AdaBN
121,16,1,0.00035867600000472066,42,A09,cross-session,AdaBN
122,16,1,0.0003591310000103931,42,A09,cross-session,AdaBN
123,16,1,0.0003737689999923077,42,A09,cross-session,AdaBN
124,16,1,0.0003973790000060262,42,A09,cross-session,AdaBN
125,16,1,0.00035716099999660855,42,A09,cross-session,AdaBN
126,16,1,0.0003774589999920863,42,A09,cross-session,AdaBN
127,16,1,0.00037765800000499894,42,A09,cross-session,AdaBN
128,16,1,0.00035929700000281173,42,A09,cross-session,AdaBN
129,16,1,0.0003794729999953006,42,A09,cross-session,AdaBN
130,16,1,0.00038898699999379005,42,A09,cross-session,AdaBN
131,16,1,0.0003678300000018453,42,A09,cross-session,AdaBN
132,16,0,0.00035024499999281034,42,A09,cross-session,AdaBN
133,16,0,0.00039969099999837,42,A09,cross-session,AdaBN
134,16,0,0.0003801590000023225,42,A09,cross-session,AdaBN
135,16,1,0.00040390599998829657,42,A09,cross-session,AdaBN
136,16,1,0.0004251430000010714,42,A09,cross-session,AdaBN
137,16,1,0.0003883969999947112,42,A09,cross-session,AdaBN
138,16,1,0.0003608460000066316,42,A09,cross-session,AdaBN
139,16,0,0.0003868900000014719,42,A09,cross-session,AdaBN
140,16,0,0.00036825300000487005,42,A09,cross-session,AdaBN
141,16,1,0.0003939869999953771,42,A09,cross-session,AdaBN
142,16,1,0.0003792429999975866,42,A09,cross-session,AdaBN
143,16,1,0.0003605699999980061,42,A09,cross-session,AdaBN
144,16,0,0.00039881600000057915,42,A09,cross-session,AdaBN
145,16,0,0.00036457299999881343,42,A09,cross-session,AdaBN
146,16,1,0.00035892100000012306,42,A09,cross-session,AdaBN
147,16,1,0.0003905250000002525,42,A09,cross-session,AdaBN
148,16,1,0.0003606540000049563,42,A09,cross-session,AdaBN
149,16,1,0.00038879699999938566,42,A09,cross-session,AdaBN
150,16,1,0.0003714610000002949,42,A09,cross-session,AdaBN
151,16,1,0.0003871320000001788,42,A09,cross-session,AdaBN
152,16,1,0.0003561050000087107,42,A09,cross-session,AdaBN
153,16,0,0.00038330900000005386,42,A09,cross-session,AdaBN
154,16,1,0.00036370499999804906,42,A09,cross-session,AdaBN
155,16,1,0.0003679000000005317,42,A09,cross-session,AdaBN
156,16,1,0.00037724199999900065,42,A09,cross-session,AdaBN
157,16,0,0.00036039600000492555,42,A09,cross-session,AdaBN
158,16,1,0.00040842199999246986,42,A09,cross-session,AdaBN
159,16,0,0.0003533340000103635,42,A09,cross-session,AdaBN
160,16,0,0.00038019500000530115,42,A09,cross-session,AdaBN
161,16,0,0.00037451200000759854,42,A09,cross-session,AdaBN
162,16,0,0.0003588029999974651,42,A09,cross-session,AdaBN
163,16,1,0.00037842999999782023,42,A09,cross-session,AdaBN
164,16,1,0.0003706210000018473,42,A09,cross-session,AdaBN
165,16,1,0.000367527999998174,42,A09,cross-session,AdaBN
166,16,1,0.0003968219999990197,42,A09,cross-session,AdaBN
167,16,1,0.00035967799999525596,42,A09,cross-session,AdaBN
168,16,1,0.0003698470000017551,42,A09,cross-session,AdaBN
169,16,0,0.0003824250000121765,42,A09,cross-session,AdaBN
170,16,1,0.00036295000001018707,42,A09,cross-session,AdaBN
171,16,1,0.00036427200001298843,42,A09,cross-session,AdaBN
172,16,1,0.00036583899999698133,42,A09,cross-session,AdaBN
173,16,0,0.0004049319999950285,42,A09,cross-session,AdaBN
174,16,1,0.000367248999992853,42,A09,cross-session,AdaBN
175,16,1,0.0003653039999989005,42,A09,cross-session,AdaBN
176,16,1,0.00037637599999129634,42,A09,cross-session,AdaBN
177,16,0,0.00037647999999990134,42,A09,cross-session,AdaBN
178,16,0,0.00037797500000635864,42,A09,cross-session,AdaBN
179,16,1,0.00037787899999841557,42,A09,cross-session,AdaBN
180,16,1,0.0003869150000070931,42,A09,cross-session,AdaBN
181,16,1,0.0003588690000100314,42,A09,cross-session,AdaBN
182,16,0,0.00037215500000797874,42,A09,cross-session,AdaBN
183,16,1,0.00037652299999990646,42,A09,cross-session,AdaBN
184,16,1,0.00035950599999523547,42,A09,cross-session,AdaBN
185,16,0,0.0003601309999936575,42,A09,cross-session,AdaBN
186,16,1,0.0004217420000003358,42,A09,cross-session,AdaBN
187,16,1,0.000362160000008771,42,A09,cross-session,AdaBN
188,16,1,0.0003862169999990783,42,A09,cross-session,AdaBN
189,16,1,0.0003813110000123743,42,A09,cross-session,AdaBN
190,16,1,0.00036126300000205447,42,A09,cross-session,AdaBN
191,16,1,0.0003665640000036774,42,A09,cross-session,AdaBN
192,16,1,0.00035195200000259774,42,A09,cross-session,AdaBN
193,16,1,0.00037116999999398104,42,A09,cross-session,AdaBN
194,16,1,0.0003777120000023615,42,A09,cross-session,AdaBN
195,16,1,0.00036151499999448333,42,A09,cross-session,AdaBN
196,16,1,0.00036579199999664525,42,A09,cross-session,AdaBN
197,16,1,0.00037918200000319757,42,A09,cross-session,AdaBN
198,16,0,0.00036671399999477217,42,A09,cross-session,AdaBN
199,16,0,0.0003530529999977716,42,A09,cross-session,AdaBN
200,16,1,0.0003604219999999714,42,A09,cross-session,AdaBN
201,16,1,0.000359823000010806,42,A09,cross-session,AdaBN
202,16,1,0.0003847659999962616,42,A09,cross-session,AdaBN
203,16,1,0.0003661450000009836,42,A09,cross-session,AdaBN
204,16,1,0.0003612649999951145,42,A09,cross-session,AdaBN
205,16,1,0.000382039000001555,42,A09,cross-session,AdaBN
206,16,1,0.0003572260000055394,42,A09,cross-session,AdaBN
207,16,1,0.0003708969999962619,42,A09,cross-session,AdaBN
208,16,1,0.0003777400000046782,42,A09,cross-session,AdaBN
209,16,1,0.0003665129999887995,42,A09,cross-session,AdaBN
210,16,1,0.00036272100000189766,42,A09,cross-session,AdaBN
211,16,1,0.00038536800001054416,42,A09,cross-session,AdaBN
212,16,1,0.00035611900000276364,42,A09,cross-session,AdaBN
213,16,1,0.0004040259999982254,42,A09,cross-session,AdaBN
214,16,0,0.00036871599999699356,42,A09,cross-session,AdaBN
215,16,1,0.0003718229999947198,42,A09,cross-session,AdaBN
216,16,1,0.00036914499999340933,42,A09,cross-session,AdaBN
217,16,0,0.00036862299999995685,42,A09,cross-session,AdaBN
218,16,0,0.0003627059999899984,42,A09,cross-session,AdaBN
219,16,1,0.0003714150000035943,42,A09,cross-session,AdaBN
220,16,1,0.00038856199999770524,42,A09,cross-session,AdaBN
221,16,1,0.00036366700000201035,42,A09,cross-session,AdaBN
222,16,1,0.00038217599998802143,42,A09,cross-session,AdaBN
223,16,1,0.0003583999999960952,42,A09,cross-session,AdaBN
224,16,1,0.00038286699999900975,42,A09,cross-session,AdaBN
225,16,1,0.00036196499999618936,42,A09,cross-session,AdaBN
226,16,1,0.0003636830000033342,42,A09,cross-session,AdaBN
227,16,0,0.0003866309999978057,42,A09,cross-session,AdaBN
228,16,1,0.000361096999995425,42,A09,cross-session,AdaBN
229,16,1,0.000365530999999919,42,A09,cross-session,AdaBN
230,16,0,0.0003768830000012713,42,A09,cross-session,AdaBN
231,16,1,0.0003840449999898965,42,A09,cross-session,AdaBN
232,16,1,0.0003722129999914614,42,A09,cross-session,AdaBN
233,16,1,0.0003916539999977431,42,A09,cross-session,AdaBN
234,16,1,0.0003787440000024844,42,A09,cross-session,AdaBN
235,16,1,0.00038871900000003734,42,A09,cross-session,AdaBN
236,16,0,0.00039872600000023795,42,A09,cross-session,AdaBN
237,16,1,0.00036147500000538457,42,A09,cross-session,AdaBN
238,16,1,0.00041612300000792857,42,A09,cross-session,AdaBN
239,16,0,0.0003626419999989139,42,A09,cross-session,AdaBN
240,16,0,0.0003779540000010684,42,A09,cross-session,AdaBN
241,16,1,0.00040336499999682474,42,A09,cross-session,AdaBN
242,16,1,0.0003535799999951905,42,A09,cross-session,AdaBN
243,16,0,0.0003673180000021148,42,A09,cross-session,AdaBN
244,16,1,0.00038512499999399097,42,A09,cross-session,AdaBN
245,16,0,0.00036391100000798815,42,A09,cross-session,AdaBN
246,16,1,0.00036509000000251035,42,A09,cross-session,AdaBN
247,16,0,0.00037361600000451745,42,A09,cross-session,AdaBN
248,16,1,0.0003589070000060701,42,A09,cross-session,AdaBN
249,16,1,0.0004007760000064309,42,A09,cross-session,AdaBN
250,16,1,0.0003676660000024867,42,A09,cross-session,AdaBN
251,16,1,0.00036767999999653966,42,A09,cross-session,AdaBN
252,16,1,0.00038289200000463097,42,A09,cross-session,AdaBN
253,16,1,0.00037050599999588485,42,A09,cross-session,AdaBN
254,16,1,0.0003867359999958353,42,A09,cross-session,AdaBN
255,16,1,0.00041043299999898863,42,A09,cross-session,AdaBN
256,16,1,0.0003863830000057078,42,A09,cross-session,AdaBN
257,16,1,0.0003767540000012559,42,A09,cross-session,AdaBN
258,16,1,0.00037251099999480175,42,A09,cross-session,AdaBN
259,16,0,0.00037287199999980203,42,A09,cross-session,AdaBN
260,16,0,0.0004062829999895712,42,A09,cross-session,AdaBN
261,16,1,0.0003618109999905528,42,A09,cross-session,AdaBN
262,16,0,0.00036475500000676675,42,A09,cross-session,AdaBN
263,16,1,0.0003631680000069082,42,A09,cross-session,AdaBN
264,16,1,0.00038366100000075676,42,A09,cross-session,AdaBN
265,16,1,0.0003722440000046845,42,A09,cross-session,AdaBN
266,16,0,0.00040801799998746446,42,A09,cross-session,AdaBN
267,16,1,0.0003556030000027022,42,A09,cross-session,AdaBN
268,16,1,0.0003639210000017101,42,A09,cross-session,AdaBN
269,16,1,0.00037413499998706357,42,A09,cross-session,AdaBN
270,16,0,0.00038941399999714577,42,A09,cross-session,AdaBN
271,16,1,0.0003735749999975724,42,A09,cross-session,AdaBN
272,16,1,0.00038628599999412927,42,A09,cross-session,AdaBN
273,16,1,0.00036114099999906557,42,A09,cross-session,AdaBN
274,16,1,0.0003890379999944571,42,A09,cross-session,AdaBN
275,16,1,0.00036054500000659573,42,A09,cross-session,AdaBN
276,16,0,0.0003711479999992662,42,A09,cross-session,AdaBN
277,16,1,0.00037689099998772235,42,A09,cross-session,AdaBN
278,16,1,0.00037746099999935723,42,A09,cross-session,AdaBN
279,16,1,0.00038541600000030485,42,A09,cross-session,AdaBN
280,16,1,0.00039102100001287,42,A09,cross-session,AdaBN
281,16,0,0.00036432899999283563,42,A09,cross-session,AdaBN
282,16,1,0.0003728439999974853,42,A09,cross-session,AdaBN
283,16,0,0.0003651159999975562,42,A09,cross-session,AdaBN
284,16,1,0.00035794400000099813,42,A09,cross-session,AdaBN
285,16,0,0.00037486799999442155,42,A09,cross-session,AdaBN
286,16,1,0.0003560139999905232,42,A09,cross-session,AdaBN
287,16,0,0.0003712559999939913,42,A09,cross-session,AdaBN
0,1,1,0.000795281999998565,97,A01,cross-session,AdaBN
1,2,1,0.0006109030000089888,97,A01,cross-session,AdaBN
2,3,1,0.0006037369999916109,97,A01,cross-session,AdaBN
3,4,1,0.0006195319999875437,97,A01,cross-session,AdaBN
4,5,1,0.000600813999994898,97,A01,cross-session,AdaBN
5,6,0,0.0006120850000002065,97,A01,cross-session,AdaBN
6,7,1,0.0005854329999976926,97,A01,cross-session,AdaBN
7,8,0,0.00043171500000482865,97,A01,cross-session,AdaBN
8,9,1,0.00044149299999673985,97,A01,cross-session,AdaBN
9,10,1,0.0004385379999973793,97,A01,cross-session,AdaBN
10,11,1,0.00042035999999257,97,A01,cross-session,AdaBN
11,12,0,0.00039845599999921433,97,A01,cross-session,AdaBN
12,13,1,0.00042980999999997493,97,A01,cross-session,AdaBN
13,14,1,0.000400196000001074,97,A01,cross-session,AdaBN
14,15,0,0.0004528949999951237,97,A01,cross-session,AdaBN
15,16,1,0.0004061740000054215,97,A01,cross-session,AdaBN
16,16,0,0.0004113730000057103,97,A01,cross-session,AdaBN
17,16,1,0.00042801499999711723,97,A01,cross-session,AdaBN
18,16,0,0.00044897499999763113,97,A01,cross-session,AdaBN
19,16,1,0.0004538580000001957,97,A01,cross-session,AdaBN
20,16,1,0.00037688400000490674,97,A01,cross-session,AdaBN
21,16,1,0.00043469899999593054,97,A01,cross-session,AdaBN
22,16,1,0.0004578539999897657,97,A01,cross-session,AdaBN
23,16,0,0.00042879699999787135,97,A01,cross-session,AdaBN
24,16,0,0.00043033600000796923,97,A01,cross-session,AdaBN
25,16,1,0.00037347699999656925,97,A01,cross-session,AdaBN
26,16,1,0.00039701500000433043,97,A01,cross-session,AdaBN
27,16,1,0.0004379650000032598,97,A01,cross-session,AdaBN
28,16,0,0.0004390479999898389,97,A01,cross-session,AdaBN
29,16,0,0.0004093310000001793,97,A01,cross-session,AdaBN
30,16,0,0.0004057860000017399,97,A01,cross-session,AdaBN
31,16,1,0.0004122499999965612,97,A01,cross-session,AdaBN
32,16,1,0.0004105099999947015,97,A01,cross-session,AdaBN
33,16,1,0.0003943730000059986,97,A01,cross-session,AdaBN
34,16,1,0.0003960159999962798,97,A01,cross-session,AdaBN
35,16,1,0.00041683199999908993,97,A01,cross-session,AdaBN
36,16,1,0.00038781000000653876,97,A01,cross-session,AdaBN
37,16,0,0.0003743449999973336,97,A01,cross-session,AdaBN
38,16,1,0.00038656299999217936,97,A01,cross-session,AdaBN
39,16,0,0.00035751899999070247,97,A01,cross-session,AdaBN
40,16,1,0.00036867000000029293,97,A01,cross-session,AdaBN
41,16,1,0.0003880040000012741,97,A01,cross-session,AdaBN
42,16,1,0.00039521099999717535,97,A01,cross-session,AdaBN
43,16,0,0.0003839669999905482,97,A01,cross-session,AdaBN
44,16,1,0.0003726430000057235,97,A01,cross-session,AdaBN
45,16,0,0.0003851870000062263,97,A01,cross-session,AdaBN
46,16,1,0.0003745960000003379,97,A01,cross-session,AdaBN
47,16,0,0.00043927399998722194,97,A01,cross-session,AdaBN
48,16,0,0.00038737199999161476,97,A01,cross-session,AdaBN
49,16,0,0.0003767609999982824,97,A01,cross-session,AdaBN
50,16,0,0.0003893979999958219,97,A01,cross-session,AdaBN
51,16,1,0.0003739779999989423,97,A01,cross-session,AdaBN
52,16,1,0.00039464399999644684,97,A01,cross-session,AdaBN
53,16,1,0.00040352100000973223,97,A01,cross-session,AdaBN
54,16,0,0.00041427300000407286,97,A01,cross-session,AdaBN
55,16,1,0.00039584200000319925,97,A01,cross-session,AdaBN
56,16,1,0.00035649100000512135,97,A01,cross-session,AdaBN
57,16,1,0.0004029739999964477,97,A01,cross-session,AdaBN
58,16,1,0.0003621729999991885,97,A01,cross-session,AdaBN
59,16,1,0.0003875769999979184,97,A01,cross-session,AdaBN
60,16,0,0.00036301899999102716,97,A01,cross-session,AdaBN
61,16,0,0.0003779420000000755,97,A01,cross-session,AdaBN
62,16,1,0.00040570699999875615,97,A01,cross-session,AdaBN
63,16,1,0.0003681129999932864,97,A01,cross-session,AdaBN
64,16,1,0.00039498399999615685,97,A01,cross-session,AdaBN
65,16,0,0.00038753799999824423,97,A01,cross-session,AdaBN
66,16,0,0.0004471069999993915,97,A01,cross-session,AdaBN
67,16,1,0.00039742799999942235,97,A01,cross-session,AdaBN
68,16,1,0.0003968090000086022,97,A01,cross-session,AdaBN
69,16,0,0.00037007500000640903,97,A01,cross-session,AdaBN
70,16,1,0.00043181700000616274,97,A01,cross-session,AdaBN
71,16,0,0.0003845039999958999,97,A01,cross-session,AdaBN
72,16,1,0.0003572219999909976,97,A01,cross-session,AdaBN
73,16,1,0.00037677999999630174,97,A01,cross-session,AdaBN
74,16,0,0.0003568890000025249,97,A01,cross-session,AdaBN
75,16,1,0.0003931570000048623,97,A01,cross-session,AdaBN
76,16,0,0.00038988099998960024,97,A01,cross-session,AdaBN
77,16,0,0.0003867829999961714,97,A01,cross-session,AdaBN
78,16,1,0.000427180000002636,97,A01,cross-session,AdaBN
79,16,1,0.00040493599999535945,97,A01,cross-session,AdaBN
80,16,1,0.00037925200000188397,97,A01,cross-session,AdaBN
81,16,0,0.00036106800000368366,97,A01,cross-session,AdaBN
82,16,0,0.00039957500000298296,97,A01,cross-session,AdaBN
83,16,1,0.0003941389999937428,97,A01,cross-session,AdaBN
84,16,1,0.0003861689999951068,97,A01,cross-session,AdaBN
85,16,1,0.00037387899999430374,97,A01,cross-session,AdaBN
86,16,0,0.0003609410000109392,97,A01,cross-session,AdaBN
87,16,1,0.0003817479999952411,97,A01,cross-session,AdaBN
88,16,1,0.0003701320000004671,97,A01,cross-session,AdaBN
89,16,0,0.0003940450000072815,97,A01,cross-session,AdaBN
90,16,1,0.00038600999999971464,97,A01,cross-session,AdaBN
91,16,1,0.00037417599999400863,97,A01,cross-session,AdaBN
92,16,0,0.0003746730000102616,97,A01,cross-session,AdaBN
93,16,1,0.0003906329999949776,97,A01,cross-session,AdaBN
94,16,0,0.0003944120000056728,97,A01,cross-session,AdaBN
95,16,0,0.0003931819999962727,97,A01,cross-session,AdaBN
96,16,1,0.0003764160000088168,97,A01,cross-session,AdaBN
97,16,0,0.00037790599999709684,97,A01,cross-session,AdaBN
98,16,1,0.0003976560000040763,97,A01,cross-session,AdaBN
99,16,1,0.0004005520000021079,97,A01,cross-session,AdaBN
100,16,1,0.0004034780000097271,97,A01,cross-session,AdaBN
101,16,0,0.00037759699999639906,97,A01,cross-session,AdaBN
102,16,0,0.00041392299999643,97,A01,cross-session,AdaBN
103,16,0,0.00036878800000295087,97,A01,cross-session,AdaBN
104,16,1,0.00041805899999758367,97,A01,cross-session,AdaBN
105,16,1,0.0003952399999889167,97,A01,cross-session,AdaBN
106,16,1,0.0003885160000010046,97,A01,cross-session,AdaBN
107,16,1,0.0004236129999952709,97,A01,cross-session,AdaBN
108,16,0,0.00037535199999183533,97,A01,cross-session,AdaBN
109,16,1,0.0003791129999939358,97,A01,cross-session,AdaBN
110,16,0,0.00036749699999916174,97,A01,cross-session,AdaBN
111,16,1,0.0003937860000036153,97,A01,cross-session,AdaBN
112,16,1,0.00043587400000433263,97,A01,cross-session,AdaBN
113,16,1,0.00038321899999971265,97,A01,cross-session,AdaBN
114,16,0,0.0003928109999975504,97,A01,cross-session,AdaBN
115,16,1,0.00037311299999487346,97,A01,cross-session,AdaBN
116,16,0,0.0003667410000076643,97,A01,cross-session,AdaBN
117,16,0,0.00040647800000215284,97,A01,cross-session,AdaBN
118,16,1,0.00038074299999379946,97,A01,cross-session,AdaBN
119,16,1,0.00038312699999210054,97,A01,cross-session,AdaBN
120,16,1,0.00037574300000642324,97,A01,cross-session,AdaBN
121,16,1,0.00036906200000430545,97,A01,cross-session,AdaBN
122,16,0,0.00038352400000007947,97,A01,cross-session,AdaBN
123,16,0,0.0003952219999945328,97,A01,cross-session,AdaBN
124,16,0,0.0003664820000039981,97,A01,cross-session,AdaBN
125,16,1,0.0003752039999938006,97,A01,cross-session,AdaBN
126,16,0,0.0003639169999871683,97,A01,cross-session,AdaBN
127,16,0,0.0003759020000018154,97,A01,cross-session,AdaBN
128,16,1,0.0003683270000038874,97,A01,cross-session,AdaBN
129,16,0,0.0003772989999930587,97,A01,cross-session,AdaBN
130,16,1,0.0003731050000084224,97,A01,cross-session,AdaBN
131,16,1,0.00036463899999716887,97,A01,cross-session,AdaBN
132,16,0,0.00036835299999893323,97,A01,cross-session,AdaBN
133,16,1,0.0004341389999922285,97,A01,cross-session,AdaBN
134,16,0,0.0003723899999954483,97,A01,cross-session,AdaBN
135,16,1,0.000403551000005109,97,A01,cross-session,AdaBN
136,16,0,0.00037191499998812105,97,A01,cross-session,AdaBN
137,16,0,0.00035870800000736835,97,A01,cross-session,AdaBN
138,16,0,0.00040780100000858965,97,A01,cross-session,AdaBN
139,16,1,0.0004256240000017897,97,A01,cross-session,AdaBN
140,16,1,0.0003785789999994904,97,A01,cross-session,AdaBN
141,16,1,0.00039924700000426583,97,A01,cross-session,AdaBN
142,16,0,0.0003734370000074705,97,A01,cross-session,AdaBN
143,16,1,0.00043820999999866217,97,A01,cross-session,AdaBN
144,16,1,0.000386013000010621,97,A01,cross-session,AdaBN
145,16,1,0.0003659079999920323,97,A01,cross-session,AdaBN
146,16,0,0.00039772299999185634,97,A01,cross-session,AdaBN
147,16,0,0.00038816099998939535,97,A01,cross-session,AdaBN
148,16,1,0.00037009599999748843,97,A01,cross-session,AdaBN
149,16,1,0.0003868849999975055,97,A01,cross-session,AdaBN
150,16,0,0.0003655080000015687,97,A01,cross-session,AdaBN
151,16,1,0.0003654490000002397,97,A01,cross-session,AdaBN
152,16,1,0.00037234599999180773,97,A01,cross-session,AdaBN
153,16,1,0.0003918830000060325,97,A01,cross-session,AdaBN
154,16,0,0.00039795900001138307,97,A01,cross-session,AdaBN
155,16,1,0.00038660900000309084,97,A01,cross-session,AdaBN
156,16,0,0.0003634090000019796,97,A01,cross-session,AdaBN
157,16,1,0.000403950000006148,97,A01,cross-session,AdaBN
158,16,0,0.00038912699999116285,97,A01,cross-session,AdaBN
159,16,0,0.0003694480000007161,97,A01,cross-session,AdaBN
160,16,1,0.0003878530000065439,97,A01,cross-session,AdaBN
161,16,1,0.00037799300000074254,97,A01,cross-session,AdaBN
162,16,0,0.00042541699998821514,97,A01,cross-session,AdaBN
163,16,1,0.0003817569999995385,97,A01,cross-session,AdaBN
164,16,0,0.0003832490000093003,97,A01,cross-session,AdaBN
165,16,1,0.0004225939999997763,97,A01,cross-session,AdaBN
166,16,0,0.0004345729999926107,97,A01,cross-session,AdaBN
167,16,1,0.00040107799999589133,97,A01,cross-session,AdaBN
168,16,1,0.0004031369999921708,97,A01,cross-session,AdaBN
169,16,1,0.00037613899999655587,97,A01,cross-session,AdaBN
170,16,1,0.00037816100000043207,97,A01,cross-session,AdaBN
171,16,0,0.00038286900000628066,97,A01,cross-session,AdaBN
172,16,1,0.00041005100000290895,97,A01,cross-session,AdaBN
173,16,1,0.0003944959999984121,97,A01,cross-session,AdaBN
174,16,0,0.00041538400000717957,97,A01,cross-session,AdaBN
175,16,1,0.00036655399999574456,97,A01,cross-session,AdaBN
176,16,1,0.00038534899999831396,97,A01,cross-session,AdaBN
177,16,1,0.0004185169999999516,97,A01,cross-session,AdaBN
178,16,1,0.00037762099999838483,97,A01,cross-session,AdaBN
179,16,1,0.00045149900000751586,97,A01,cross-session,AdaBN
180,16,1,0.0003870299999988447,97,A01,cross-session,AdaBN
181,16,1,0.0003745519999966973,97,A01,cross-session,AdaBN
182,16,0,0.0003820910000058575,97,A01,cross-session,AdaBN
183,16,0,0.00037326600001108545,97,A01,cross-session,AdaBN
184,16,1,0.00038827999999568874,97,A01,cross-session,AdaBN
185,16,1,0.00037887700000283075,97,A01,cross-session,AdaBN
186,16,0,0.00036568400000192014,97,A01,cross-session,AdaBN
187,16,1,0.00040126099999326925,97,A01,cross-session,AdaBN
188,16,1,0.00037618800000416286,97,A01,cross-session,AdaBN
189,16,1,0.0004007870000037883,97,A01,cross-session,AdaBN
190,16,1,0.00040656399998795223,97,A01,cross-session,AdaBN
191,16,1,0.000396330000000944,97,A01,cross-session,AdaBN
192,16,1,0.0003870050000074343,97,A01,cross-session,AdaBN
193,16,1,0.000386304000002724,97,A01,cross-session,AdaBN
194,16,0,0.00035949700000514895,97,A01,cross-session,AdaBN
195,16,0,0.00037994899999205245,97,A01,cross-session,AdaBN
196,16,1,0.000388994999994452,97,A01,cross-session,AdaBN
197,16,1,0.00041451500000277974,97,A01,cross-session,AdaBN
198,16,1,0.00038869499999805157,97,A01,cross-session,AdaBN
199,16,1,0.00040359700000180965,97,A01,cross-session,AdaBN
200,16,0,0.0003968919999977061,97,A01,cross-session,AdaBN
201,16,1,0.00038811699999996563,97,A01,cross-session,AdaBN
202,16,1,0.00036035899999831145,97,A01,cross-session,AdaBN
203,16,1,0.00037685600000259,97,A01,cross-session,AdaBN
204,16,1,0.00038077499999644715,97,A01,cross-session,AdaBN
205,16,1,0.000381290000007084,97,A01,cross-session,AdaBN
206,16,0,0.00037727400000164835,97,A01,cross-session,AdaBN
207,16,1,0.0003792250000032027,97,A01,cross-session,AdaBN
208,16,1,0.00038350699999512017,97,A01,cross-session,AdaBN
209,16,1,0.0003969990000030066,97,A01,cross-session,AdaBN
210,16,0,0.0003895119999981489,97,A01,cross-session,AdaBN
211,16,0,0.0004425220000001673,97,A01,cross-session,AdaBN
212,16,1,0.00040432100000487026,97,A01,cross-session,AdaBN
213,16,1,0.00036975700000141387,97,A01,cross-session,AdaBN
214,16,1,0.0003904669999883481,97,A01,cross-session,AdaBN
215,16,1,0.00038589000000399665,97,A01,cross-session,AdaBN
216,16,0,0.0003844130000061341,97,A01,cross-session,AdaBN
217,16,1,0.0003893579999925123,97,A01,cross-session,AdaBN
218,16,0,0.00040588699999943856,97,A01,cross-session,AdaBN
219,16,1,0.0003644310000083806,97,A01,cross-session,AdaBN
220,16,1,0.00038459799999657207,97,A01,cross-session,AdaBN
221,16,0,0.0003587390000063806,97,A01,cross-session,AdaBN
222,16,1,0.0003858569999977135,97,A01,cross-session,AdaBN
223,16,1,0.0003795150000058811,97,A01,cross-session,AdaBN
224,16,0,0.0003879839999996193,97,A01,cross-session,AdaBN
225,16,1,0.00039020999999195283,97,A01,cross-session,AdaBN
226,16,0,0.0003909559999897283,97,A01,cross-session,AdaBN
227,16,1,0.00036897500000065975,97,A01,cross-session,AdaBN
228,16,0,0.0004080100000010134,97,A01,cross-session,AdaBN
229,16,1,0.00037352699999360084,97,A01,cross-session,AdaBN
230,16,0,0.0003655020000081777,97,A01,cross-session,AdaBN
231,16,0,0.0003931220000055191,97,A01,cross-session,AdaBN
232,16,0,0.0003751630000010664,97,A01,cross-session,AdaBN
233,16,1,0.00038631400001065686,97,A01,cross-session,AdaBN
234,16,1,0.0003768610000065564,97,A01,cross-session,AdaBN
235,16,1,0.00037523199999611734,97,A01,cross-session,AdaBN
236,16,0,0.00038244299999234954,97,A01,cross-session,AdaBN
237,16,1,0.00036517799999558065,97,A01,cross-session,AdaBN
238,16,1,0.0003849450000075194,97,A01,cross-session,AdaBN
239,16,1,0.00040085699998826385,97,A01,cross-session,AdaBN
240,16,0,0.0003728550000090536,97,A01,cross-session,AdaBN
241,16,1,0.0003777709999894796,97,A01,cross-session,AdaBN
242,16,1,0.0004229179999981625,97,A01,cross-session,AdaBN
243,16,1,0.0003842269999978498,97,A01,cross-session,AdaBN
244,16,1,0.0003943859999964161,97,A01,cross-session,AdaBN
245,16,0,0.00037066299999821695,97,A01,cross-session,AdaBN
246,16,1,0.0003701320000004671,97,A01,cross-session,AdaBN
247,16,1,0.00038672499999847787,97,A01,cross-session,AdaBN
248,16,1,0.0003774679999963837,97,A01,cross-session,AdaBN
249,16,1,0.00040405600000781305,97,A01,cross-session,AdaBN
250,16,1,0.00039229499999748896,97,A01,cross-session,AdaBN
251,16,0,0.00037984800000856467,97,A01,cross-session,AdaBN
252,16,1,0.0003879699999913555,97,A01,cross-session,AdaBN
253,16,0,0.0003700350000030994,97,A01,cross-session,AdaBN
254,16,1,0.00038294899999868903,97,A01,cross-session,AdaBN
255,16,1,0.0003873529999935954,97,A01,cross-session,AdaBN
256,16,0,0.00038129699998989963,97,A01,cross-session,AdaBN
257,16,1,0.00037387599999760823,97,A01,cross-session,AdaBN
258,16,1,0.00037468800000795,97,A01,cross-session,AdaBN
259,16,1,0.0003653979999995727,97,A01,cross-session,AdaBN
260,16,1,0.0003983870000041634,97,A01,cross-session,AdaBN
261,16,1,0.0003698029999981145,97,A01,cross-session,AdaBN
262,16,1,0.0003793109999890021,97,A01,cross-session,AdaBN
263,16,1,0.00038318999999376047,97,A01,cross-session,AdaBN
264,16,1,0.0003683880000124873,97,A01,cross-session,AdaBN
265,16,0,0.00044490099999450194,97,A01,cross-session,AdaBN
266,16,1,0.0004137289999874838,97,A01,cross-session,AdaBN
267,16,0,0.0003581929999967315,97,A01,cross-session,AdaBN
268,16,1,0.00039214900000672515,97,A01,cross-session,AdaBN
269,16,0,0.00041364899999507543,97,A01,cross-session,AdaBN
270,16,1,0.0004096889999942732,97,A01,cross-session,AdaBN
271,16,1,0.000379307000002882,97,A01,cross-session,AdaBN
272,16,0,0.00041535900000155834,97,A01,cross-session,AdaBN
273,16,0,0.0003790509999959113,97,A01,cross-session,AdaBN
274,16,0,0.0003783860000083905,97,A01,cross-session,AdaBN
275,16,0,0.00037577800000576644,97,A01,cross-session,AdaBN
276,16,1,0.0003717579999999998,97,A01,cross-session,AdaBN
277,16,0,0.0004113389999957917,97,A01,cross-session,AdaBN
278,16,0,0.000367353000001458,97,A01,cross-session,AdaBN
279,16,1,0.00039928299999303363,97,A01,cross-session,AdaBN
280,16,1,0.0003851820000022599,97,A01,cross-session,AdaBN
281,16,0,0.00038455499999656695,97,A01,cross-session,AdaBN
282,16,0,0.0003839489999961643,97,A01,cross-session,AdaBN
283,16,0,0.00039571400000681933,97,A01,cross-session,AdaBN
284,16,0,0.0003838290000004463,97,A01,cross-session,AdaBN
285,16,1,0.00037299900000675734,97,A01,cross-session,AdaBN
286,16,1,0.00039049400000124024,97,A01,cross-session,AdaBN
287,16,0,0.00040215000001353474,97,A01,cross-session,AdaBN
0,1,0,0.0007388039999938201,97,A02,cross-session,AdaBN
1,2,0,0.0006045519999986482,97,A02,cross-session,AdaBN
2,3,0,0.0006441730000119605,97,A02,cross-session,AdaBN
3,4,0,0.0006097910000022466,97,A02,cross-session,AdaBN
4,5,0,0.0005978720000001658,97,A02,cross-session,AdaBN
5,6,1,0.0006260609999912958,97,A02,cross-session,AdaBN
6,7,0,0.0006062180000014905,97,A02,cross-session,AdaBN
7,8,1,0.0004397959999948853,97,A02,cross-session,AdaBN
8,9,1,0.0004728870000008101,97,A02,cross-session,AdaBN
9,10,0,0.0004186769999989792,97,A02,cross-session,AdaBN
10,11,0,0.00043332500000303753,97,A02,cross-session,AdaBN
11,12,0,0.0004024420000092732,97,A02,cross-session,AdaBN
12,13,0,0.00044219999999484116,97,A02,cross-session,AdaBN
13,14,0,0.0004201710000018011,97,A02,cross-session,AdaBN
14,15,0,0.0004168440000000828,97,A02,cross-session,AdaBN
15,16,1,0.0004117329999928643,97,A02,cross-session,AdaBN
16,16,0,0.00042917299998634917,97,A02,cross-session,AdaBN
17,16,1,0.00043436300001076233,97,A02,cross-session,AdaBN
18,16,1,0.0004334160000070142,97,A02,cross-session,AdaBN
19,16,0,0.0004190209999990202,97,A02,cross-session,AdaBN
20,16,0,0.000431964000000562,97,A02,cross-session,AdaBN
21,16,0,0.00043583299999738756,97,A02,cross-session,AdaBN
22,16,0,0.00039402699999868673,97,A02,cross-session,AdaBN
23,16,0,0.0004115429999984599,97,A02,cross-session,AdaBN
24,16,0,0.0003611430000063365,97,A02,cross-session,AdaBN
25,16,0,0.000407261999995967,97,A02,cross-session,AdaBN
26,16,0,0.0004380319999910398,97,A02,cross-session,AdaBN
27,16,1,0.00042154300000163403,97,A02,cross-session,AdaBN
28,16,0,0.00040885500000342745,97,A02,cross-session,AdaBN
29,16,1,0.00043693300000313684,97,A02,cross-session,AdaBN
30,16,0,0.00038185799999723713,97,A02,cross-session,AdaBN
31,16,1,0.00043078999999579537,97,A02,cross-session,AdaBN
32,16,0,0.00038910800000735435,97,A02,cross-session,AdaBN
33,16,1,0.0003983309999995299,97,A02,cross-session,AdaBN
34,16,1,0.00037963399999796366,97,A02,cross-session,AdaBN
35,16,0,0.0003815820000028225,97,A02,cross-session,AdaBN
36,16,1,0.00038831400000560734,97,A02,cross-session,AdaBN
37,16,0,0.00037104900000883845,97,A02,cross-session,AdaBN
38,16,0,0.0004125860000101511,97,A02,cross-session,AdaBN
39,16,0,0.00035964900000351463,97,A02,cross-session,AdaBN
40,16,0,0.0003882980000042835,97,A02,cross-session,AdaBN
41,16,0,0.00036094000000730375,97,A02,cross-session,AdaBN
42,16,1,0.000403271999999788,97,A02,cross-session,AdaBN
43,16,0,0.0003748750000056589,97,A02,cross-session,AdaBN
44,16,0,0.00041227399999854697,97,A02,cross-session,AdaBN
45,16,0,0.0004373539999988907,97,A02,cross-session,AdaBN
46,16,0,0.00040176100000621773,97,A02,cross-session,AdaBN
47,16,0,0.00039966900000365513,97,A02,cross-session,AdaBN
48,16,0,0.00039670600000363265,97,A02,cross-session,AdaBN
49,16,1,0.00040130799999360534,97,A02,cross-session,AdaBN
50,16,0,0.0003655020000081777,97,A02,cross-session,AdaBN
51,16,0,0.0003979000000100541,97,A02,cross-session,AdaBN
52,16,1,0.0003932190000028868,97,A02,cross-session,AdaBN
53,16,0,0.000412334999992936,97,A02,cross-session,AdaBN
54,16,0,0.00036847100000159116,97,A02,cross-session,AdaBN
55,16,0,0.0003817479999952411,97,A02,cross-session,AdaBN
56,16,1,0.00036672800000303596,97,A02,cross-session,AdaBN
57,16,0,0.0003824489999999514,97,A02,cross-session,AdaBN
58,16,0,0.00036801199999558776,97,A02,cross-session,AdaBN
59,16,0,0.00037903999999855387,97,A02,cross-session,AdaBN
60,16,1,0.00043223099999067927,97,A02,cross-session,AdaBN
61,16,1,0.00043928399999515477,97,A02,cross-session,AdaBN
62,16,0,0.0003775200000006862,97,A02,cross-session,AdaBN
63,16,1,0.00040591300000869524,97,A02,cross-session,AdaBN
64,16,1,0.0003820079999883319,97,A02,cross-session,AdaBN
65,16,1,0.0003869250000008151,97,A02,cross-session,AdaBN
66,16,0,0.0004135629999950652,97,A02,cross-session,AdaBN
67,16,1,0.00036598300000889594,97,A02,cross-session,AdaBN
68,16,0,0.00037849500000675107,97,A02,cross-session,AdaBN
69,16,0,0.0003970710000089639,97,A02,cross-session,AdaBN
70,16,1,0.00037451599999371865,97,A02,cross-session,AdaBN
71,16,0,0.00035822899999971014,97,A02,cross-session,AdaBN
72,16,0,0.00040134500000021944,97,A02,cross-session,AdaBN
73,16,0,0.00040502800000297157,97,A02,cross-session,AdaBN
74,16,0,0.0003721390000066549,97,A02,cross-session,AdaBN
75,16,0,0.00042126300000688843,97,A02,cross-session,AdaBN
76,16,1,0.0004061329999984764,97,A02,cross-session,AdaBN
77,16,0,0.0003745310000056179,97,A02,cross-session,AdaBN
78,16,0,0.00040635300000246843,97,A02,cross-session,AdaBN
79,16,0,0.0003662470000023177,97,A02,cross-session,AdaBN
80,16,0,0.0003723399999984167,97,A02,cross-session,AdaBN
81,16,0,0.0003911840000085931,97,A02,cross-session,AdaBN
82,16,1,0.0003884639999967021,97,A02,cross-session,AdaBN
83,16,0,0.0004098929999969414,97,A02,cross-session,AdaBN
84,16,0,0.0003736239999909685,97,A02,cross-session,AdaBN
85,16,0,0.0003855020000003151,97,A02,cross-session,AdaBN
86,16,0,0.0004190109999910874,97,A02,cross-session,AdaBN
87,16,1,0.0003742469999963305,97,A02,cross-session,AdaBN
88,16,0,0.00038740300000483785,97,A02,cross-session,AdaBN
89,16,0,0.0003702640000113888,97,A02,cross-session,AdaBN
90,16,0,0.0003740970000052357,97,A02,cross-session,AdaBN
91,16,1,0.00039335799999662413,97,A02,cross-session,AdaBN
92,16,0,0.00037061599999788086,97,A02,cross-session,AdaBN
93,16,1,0.0003922129999978097,97,A02,cross-session,AdaBN
94,16,1,0.0003777649999960886,97,A02,cross-session,AdaBN
95,16,0,0.0003682340000068507,97,A02,cross-session,AdaBN
96,16,0,0.0003701029999945149,97,A02,cross-session,AdaBN
97,16,0,0.0003651090000005297,97,A02,cross-session,AdaBN
98,16,1,0.0004198620000011033,97,A02,cross-session,AdaBN
99,16,0,0.00040197399999897243,97,A02,cross-session,AdaBN
100,16,1,0.00039570200000582645,97,A02,cross-session,AdaBN
101,16,0,0.00039526000000478234,97,A02,cross-session,AdaBN
102,16,1,0.0003658050000012736,97,A02,cross-session,AdaBN
103,16,0,0.0003778319999980795,97,A02,cross-session,AdaBN
104,16,0,0.0003687389999953439,97,A02,cross-session,AdaBN
105,16,0,0.00041079300000035346,97,A02,cross-session,AdaBN
106,16,0,0.0004050790000036386,97,A02,cross-session,AdaBN
107,16,0,0.0004095490000111113,97,A02,cross-session,AdaBN
108,16,1,0.00036759200000346937,97,A02,cross-session,AdaBN
109,16,0,0.00036776100000679435,97,A02,cross-session,AdaBN
110,16,0,0.000386718999990876,97,A02,cross-session,AdaBN
111,16,0,0.00047685399999863876,97,A02,cross-session,AdaBN
112,16,1,0.00041528100000221,97,A02,cross-session,AdaBN
113,16,0,0.0003839889999994739,97,A02,cross-session,AdaBN
114,16,0,0.00039285399999755555,97,A02,cross-session,AdaBN
115,16,0,0.00037469399998713016,97,A02,cross-session,AdaBN
116,16,1,0.00037537400000076104,97,A02,cross-session,AdaBN
117,16,0,0.000408225000001039,97,A02,cross-session,AdaBN
118,16,0,0.000404579000004901,97,A02,cross-session,AdaBN
119,16,0,0.00040891999999814743,97,A02,cross-session,AdaBN
120,16,0,0.0003798399999936919,97,A02,cross-session,AdaBN
121,16,0,0.00040108299999985775,97,A02,cross-session,AdaBN
122,16,0,0.00040388400000779257,97,A02,cross-session,AdaBN
123,16,0,0.00038649200000406836,97,A02,cross-session,AdaBN
124,16,0,0.0003765659999999116,97,A02,cross-session,AdaBN
125,16,0,0.0004050189999986742,97,A02,cross-session,AdaBN
126,16,0,0.0004120749999998452,97,A02,cross-session,AdaBN
127,16,0,0.00039914299999566083,97,A02,cross-session,AdaBN
128,16,0,0.0003692760000006956,97,A02,cross-session,AdaBN
129,16,0,0.0003933310000121537,97,A02,cross-session,AdaBN
130,16,0,0.0004010440000001836,97,A02,cross-session,AdaBN
131,16,0,0.00040169400000422684,97,A02,cross-session,AdaBN
132,16,0,0.0004142070000057174,97,A02,cross-session,AdaBN
133,16,1,0.0003694910000007212,97,A02,cross-session,AdaBN
134,16,0,0.0003745960000003379,97,A02,cross-session,AdaBN
135,16,0,0.000368546000004244,97,A02,cross-session,AdaBN
136,16,0,0.00039338300000224535,97,A02,cross-session,AdaBN
137,16,0,0.00038286199999504333,97,A02,cross-session,AdaBN
138,16,0,0.00042441400000825524,97,A02,cross-session,AdaBN
139,16,0,0.00040525500000399006,97,A02,cross-session,AdaBN
140,16,1,0.0004114930000014283,97,A02,cross-session,AdaBN
141,16,1,0.0003704519999985223,97,A02,cross-session,AdaBN
142,16,1,0.0004059900000044081,97,A02,cross-session,AdaBN
143,16,0,0.000374304999994024,97,A02,cross-session,AdaBN
144,16,0,0.0003520169999973177,97,A02,cross-session,AdaBN
145,16,0,0.0004124149999995552,97,A02,cross-session,AdaBN
146,16,0,0.000358360999996421,97,A02,cross-session,AdaBN
147,16,0,0.00037709600000823684,97,A02,cross-session,AdaBN
148,16,0,0.00039044999999759966,97,A02,cross-session,AdaBN
149,16,0,0.0003804159999987178,97,A02,cross-session,AdaBN
150,16,0,0.0004286980000074436,97,A02,cross-session,AdaBN
151,16,1,0.0004307009999990896,97,A02,cross-session,AdaBN
152,16,0,0.00037282700000673685,97,A02,cross-session,AdaBN
153,16,0,0.0003803769999990436,97,A02,cross-session,AdaBN
154,16,0,0.00037495200000137174,97,A02,cross-session,AdaBN
155,16,1,0.0003895069999941825,97,A02,cross-session,AdaBN
156,16,0,0.0004039309999939178,97,A02,cross-session,AdaBN
157,16,1,0.00038659400000540245,97,A02,cross-session,AdaBN
158,16,0,0.00039595299999461986,97,A02,cross-session,AdaBN
159,16,0,0.00037116399998637917,97,A02,cross-session,AdaBN
160,16,1,0.0004168500000076847,97,A02,cross-session,AdaBN
161,16,0,0.0003808489999954645,97,A02,cross-session,AdaBN
162,16,0,0.0003791150000012067,97,A02,cross-session,AdaBN
163,16,1,0.0004149739999945723,97,A02,cross-session,AdaBN
164,16,0,0.0004240290000012692,97,A02,cross-session,AdaBN
165,16,0,0.00040484299999832274,97,A02,cross-session,AdaBN
166,16,1,0.00041599899999766876,97,A02,cross-session,AdaBN
167,16,1,0.0003820339999975886,97,A02,cross-session,AdaBN
168,16,0,0.000416364000003,97,A02,cross-session,AdaBN
169,16,1,0.0003743210000095587,97,A02,cross-session,AdaBN
170,16,0,0.00036624800000595314,97,A02,cross-session,AdaBN
171,16,1,0.0003948869999987892,97,A02,cross-session,AdaBN
172,16,1,0.0003602909999926851,97,A02,cross-session,AdaBN
173,16,0,0.0003601330000009284,97,A02,cross-session,AdaBN
174,16,0,0.00040378399999951853,97,A02,cross-session,AdaBN
175,16,0,0.0003588170000057289,97,A02,cross-session,AdaBN
176,16,0,0.0003714000000059059,97,A02,cross-session,AdaBN
177,16,0,0.0003772809999986748,97,A02,cross-session,AdaBN
178,16,0,0.0004070769999913182,97,A02,cross-session,AdaBN
179,16,1,0.0003975789999941526,97,A02,cross-session,AdaBN
180,16,0,0.00036517700000615605,97,A02,cross-session,AdaBN
181,16,0,0.00038019000000133474,97,A02,cross-session,AdaBN
182,16,1,0.0003612269999990758,97,A02,cross-session,AdaBN
183,16,0,0.0003892079999872067,97,A02,cross-session,AdaBN
184,16,1,0.0003830650000082869,97,A02,cross-session,AdaBN
185,16,1,0.0003697239999951307,97,A02,cross-session,AdaBN
186,16,0,0.0003836169999971162,97,A02,cross-session,AdaBN
187,16,0,0.000406961000010142,97,A02,cross-session,AdaBN
188,16,0,0.00039572000000021035,97,A02,cross-session,AdaBN
189,16,1,0.000414082000006033,97,A02,cross-session,AdaBN
190,16,0,0.0004174820000031332,97,A02,cross-session,AdaBN
191,16,0,0.00036890200000527784,97,A02,cross-session,AdaBN
192,16,0,0.00037902200000416997,97,A02,cross-session,AdaBN
193,16,1,0.00040688500000385375,97,A02,cross-session,AdaBN
194,16,0,0.0003832209999927727,97,A02,cross-session,AdaBN
195,16,0,0.0003697000000073558,97,A02,cross-session,AdaBN
196,16,0,0.00037951400000224567,97,A02,cross-session,AdaBN
197,16,0,0.00037021400000014637,97,A02,cross-session,AdaBN
198,16,0,0.00038114600000938026,97,A02,cross-session,AdaBN
199,16,1,0.0003741260000111879,97,A02,cross-session,AdaBN
200,16,0,0.000373105999997847,97,A02,cross-session,AdaBN
201,16,1,0.000364282999996135,97,A02,cross-session,AdaBN
202,16,1,0.00038802000000259795,97,A02,cross-session,AdaBN
203,16,1,0.00038481900000419955,97,A02,cross-session,AdaBN
204,16,0,0.00037262300000406867,97,A02,cross-session,AdaBN
205,16,0,0.0003838690000037559,97,A02,cross-session,AdaBN
206,16,0,0.00037425600000062786,97,A02,cross-session,AdaBN
207,16,0,0.00040584699999612894,97,A02,cross-session,AdaBN
208,16,1,0.0004186599999940199,97,A02,cross-session,AdaBN
209,16,0,0.0003719730000000254,97,A02,cross-session,AdaBN
210,16,1,0.0003788110000044753,97,A02,cross-session,AdaBN
211,16,0,0.0003792629999992414,97,A02,cross-session,AdaBN
212,16,1,0.0003754380000060564,97,A02,cross-session,AdaBN
213,16,0,0.00040615800000409763,97,A02,cross-session,AdaBN
214,16,0,0.00037239300000635467,97,A02,cross-session,AdaBN
215,16,0,0.000372142999992775,97,A02,cross-session,AdaBN
216,16,0,0.00039030499999626045,97,A02,cross-session,AdaBN
217,16,0,0.00037047600000050807,97,A02,cross-session,AdaBN
218,16,1,0.00037323499999786236,97,A02,cross-session,AdaBN
219,16,1,0.0003988469999995914,97,A02,cross-session,AdaBN
220,16,0,0.00036614399999734815,97,A02,cross-session,AdaBN
221,16,1,0.0003754029999925024,97,A02,cross-session,AdaBN
222,16,0,0.00038132100000609626,97,A02,cross-session,AdaBN
223,16,0,0.0003845430000097849,97,A02,cross-session,AdaBN
224,16,1,0.0003954260000114118,97,A02,cross-session,AdaBN
225,16,0,0.00038278599998875507,97,A02,cross-session,AdaBN
226,16,0,0.0003736080000038555,97,A02,cross-session,AdaBN
227,16,0,0.00040904400000840724,97,A02,cross-session,AdaBN
228,16,0,0.00040503499999999804,97,A02,cross-session,AdaBN
229,16,1,0.0003889999999984184,97,A02,cross-session,AdaBN
230,16,0,0.0003658509999979742,97,A02,cross-session,AdaBN
231,16,1,0.00036409899999512163,97,A02,cross-session,AdaBN
232,16,0,0.000463502000002336,97,A02,cross-session,AdaBN
233,16,0,0.0003838490000021011,97,A02,cross-session,AdaBN
234,16,1,0.00037395699999365206,97,A02,cross-session,AdaBN
235,16,1,0.0004095729999988862,97,A02,cross-session,AdaBN
236,16,0,0.0003713589999989608,97,A02,cross-session,AdaBN
237,16,0,0.0003741249999933416,97,A02,cross-session,AdaBN
238,16,1,0.0004002589999885231,97,A02,cross-session,AdaBN
239,16,0,0.0003975749999938216,97,A02,cross-session,AdaBN
240,16,0,0.00042770000000302844,97,A02,cross-session,AdaBN
241,16,0,0.0003710069999982579,97,A02,cross-session,AdaBN
242,16,0,0.00037633099999823116,97,A02,cross-session,AdaBN
243,16,0,0.0003814659999932246,97,A02,cross-session,AdaBN
244,16,0,0.00036823000000651973,97,A02,cross-session,AdaBN
245,16,0,0.0003746619999986933,97,A02,cross-session,AdaBN
246,16,0,0.00044633899999269033,97,A02,cross-session,AdaBN
247,16,0,0.00039670600000363265,97,A02,cross-session,AdaBN
248,16,0,0.0003722849999974187,97,A02,cross-session,AdaBN
249,16,1,0.00037378899999396253,97,A02,cross-session,AdaBN
250,16,0,0.00036916999999903055,97,A02,cross-session,AdaBN
251,16,1,0.00037119799999629777,97,A02,cross-session,AdaBN
252,16,0,0.00040083300000048894,97,A02,cross-session,AdaBN
253,16,1,0.0003715579999976626,97,A02,cross-session,AdaBN
254,16,0,0.0004229409999965128,97,A02,cross-session,AdaBN
255,16,0,0.00039102399999535464,97,A02,cross-session,AdaBN
256,16,0,0.0003837210000057212,97,A02,cross-session,AdaBN
257,16,1,0.00037474700000927896,97,A02,cross-session,AdaBN
258,16,0,0.0003942980000033458,97,A02,cross-session,AdaBN
259,16,0,0.0003745369999990089,97,A02,cross-session,AdaBN
260,16,1,0.0003807180000023891,97,A02,cross-session,AdaBN
261,16,0,0.00039829899999688223,97,A02,cross-session,AdaBN
262,16,0,0.00037372900000320897,97,A02,cross-session,AdaBN
263,16,0,0.00037112500000091586,97,A02,cross-session,AdaBN
264,16,0,0.00037049000000877186,97,A02,cross-session,AdaBN
265,16,0,0.0003982799999988629,97,A02,cross-session,AdaBN
266,16,1,0.00040862899999183355,97,A02,cross-session,AdaBN
267,16,0,0.0004081270000000359,97,A02,cross-session,AdaBN
268,16,0,0.0004103370000052564,97,A02,cross-session,AdaBN
269,16,0,0.00041303499999401083,97,A02,cross-session,AdaBN
270,16,0,0.00037033199998859345,97,A02,cross-session,AdaBN
271,16,0,0.0003834420000004002,97,A02,cross-session,AdaBN
272,16,0,0.00036379200000169476,97,A02,cross-session,AdaBN
273,16,0,0.0003930470000028663,97,A02,cross-session,AdaBN
274,16,0,0.00039874800000916366,97,A02,cross-session,AdaBN
275,16,0,0.00036997000000837943,97,A02,cross-session,AdaBN
276,16,0,0.00038377899998920384,97,A02,cross-session,AdaBN
277,16,0,0.00037588899999718706,97,A02,cross-session,AdaBN
278,16,0,0.0003961680000088563,97,A02,cross-session,AdaBN
279,16,0,0.0003860690000010436,97,A02,cross-session,AdaBN
280,16,0,0.00037467500000332166,97,A02,cross-session,AdaBN
281,16,1,0.00039592600001014944,97,A02,cross-session,AdaBN
282,16,1,0.0004087840000011056,97,A02,cross-session,AdaBN
283,16,1,0.0004077289999884215,97,A02,cross-session,AdaBN
284,16,0,0.00037455099999306185,97,A02,cross-session,AdaBN
285,16,0,0.0003707259999998769,97,A02,cross-session,AdaBN
286,16,0,0.0003604770000009694,97,A02,cross-session,AdaBN
287,16,1,0.00039800499999387284,97,A02,cross-session,AdaBN
0,1,0,0.0007761429999959546,97,A03,cross-session,AdaBN
1,2,1,0.0006196350000067241,97,A03,cross-session,AdaBN
2,3,0,0.0006058580000001257,97,A03,cross-session,AdaBN
3,4,1,0.0006063740000001872,97,A03,cross-session,AdaBN
4,5,0,0.00047604200000250785,97,A03,cross-session,AdaBN
5,6,1,0.0005712359999989758,97,A03,cross-session,AdaBN
6,7,1,0.0004947999999984631,97,A03,cross-session,AdaBN
7,8,0,0.0004681059999995796,97,A03,cross-session,AdaBN
8,9,1,0.0004471710000046869,97,A03,cross-session,AdaBN
9,10,0,0.00048091899999747056,97,A03,cross-session,AdaBN
10,11,1,0.0004197049999987712,97,A03,cross-session,AdaBN
11,12,1,0.00045849800000041796,97,A03,cross-session,AdaBN
12,13,1,0.00043107599999814283,97,A03,cross-session,AdaBN
13,14,0,0.0004218960000059724,97,A03,cross-session,AdaBN
14,15,1,0.00044361199999798373,97,A03,cross-session,AdaBN
15,16,1,0.0004219040000066343,97,A03,cross-session,AdaBN
16,16,1,0.000421432999999638,97,A03,cross-session,AdaBN
17,16,1,0.0005008569999915835,97,A03,cross-session,AdaBN
18,16,0,0.0004688709999953744,97,A03,cross-session,AdaBN
19,16,1,0.0004381239999986519,97,A03,cross-session,AdaBN
20,16,0,0.00043278600000462575,97,A03,cross-session,AdaBN
21,16,1,0.0004132539999943674,97,A03,cross-session,AdaBN
22,16,1,0.00041728400000806687,97,A03,cross-session,AdaBN
23,16,1,0.0003852839999893831,97,A03,cross-session,AdaBN
24,16,0,0.00037619199999028297,97,A03,cross-session,AdaBN
25,16,1,0.0004361519999918073,97,A03,cross-session,AdaBN
26,16,1,0.0004182110000101602,97,A03,cross-session,AdaBN
27,16,0,0.0004295370000022558,97,A03,cross-session,AdaBN
28,16,0,0.0004159549999940282,97,A03,cross-session,AdaBN
29,16,0,0.00037965699999631397,97,A03,cross-session,AdaBN
30,16,1,0.00039769500000375047,97,A03,cross-session,AdaBN
31,16,1,0.0003721540000043433,97,A03,cross-session,AdaBN
32,16,1,0.00039408100001026014,97,A03,cross-session,AdaBN
33,16,1,0.00039782700000046134,97,A03,cross-session,AdaBN
34,16,1,0.00037949199999331995,97,A03,cross-session,AdaBN
35,16,1,0.0003946450000000823,97,A03,cross-session,AdaBN
36,16,1,0.00040638899999123623,97,A03,cross-session,AdaBN
37,16,1,0.00038988200000744655,97,A03,cross-session,AdaBN
38,16,1,0.0003990700000002789,97,A03,cross-session,AdaBN
39,16,0,0.00042292499999518895,97,A03,cross-session,AdaBN
40,16,1,0.00038050099999509257,97,A03,cross-session,AdaBN
41,16,1,0.0004008100000021386,97,A03,cross-session,AdaBN
42,16,0,0.0003823539999956438,97,A03,cross-session,AdaBN
43,16,1,0.00039547099999026614,97,A03,cross-session,AdaBN
44,16,1,0.00040212600001154897,97,A03,cross-session,AdaBN
45,16,1,0.0003692149999920957,97,A03,cross-session,AdaBN
46,16,1,0.00040502800000297157,97,A03,cross-session,AdaBN
47,16,1,0.0003914499999950749,97,A03,cross-session,AdaBN
48,16,0,0.0003855970000046227,97,A03,cross-session,AdaBN
49,16,0,0.0004140300000017305,97,A03,cross-session,AdaBN
50,16,1,0.0004092900000074451,97,A03,cross-session,AdaBN
51,16,1,0.00036123200000304223,97,A03,cross-session,AdaBN
52,16,1,0.00041757900000050086,97,A03,cross-session,AdaBN
53,16,1,0.0004007359999889104,97,A03,cross-session,AdaBN
54,16,0,0.0003958690000018805,97,A03,cross-session,AdaBN
55,16,1,0.00039051999999628606,97,A03,cross-session,AdaBN
56,16,1,0.00044362900000294303,97,A03,cross-session,AdaBN
57,16,0,0.00042795800000305917,97,A03,cross-session,AdaBN
58,16,1,0.0003707719999965775,97,A03,cross-session,AdaBN
59,16,1,0.00043344799999545103,97,A03,cross-session,AdaBN
60,16,1,0.0003776749999957474,97,A03,cross-session,AdaBN
61,16,1,0.0003879660000052354,97,A03,cross-session,AdaBN
62,16,1,0.0003945959999924753,97,A03,cross-session,AdaBN
63,16,1,0.0004048870000019633,97,A03,cross-session,AdaBN
64,16,1,0.0004059329999961392,97,A03,cross-session,AdaBN
65,16,1,0.00039326600000322287,97,A03,cross-session,AdaBN
66,16,1,0.00041372399999772824,97,A03,cross-session,AdaBN
67,16,1,0.00041100299999641265,97,A03,cross-session,AdaBN
68,16,1,0.0003730659999945374,97,A03,cross-session,AdaBN
69,16,0,0.0003933230000114918,97,A03,cross-session,AdaBN
70,16,0,0.00036805899999592384,97,A03,cross-session,AdaBN
71,16,0,0.0003826589999960106,97,A03,cross-session,AdaBN
72,16,1,0.0003827789999917286,97,A03,cross-session,AdaBN
73,16,1,0.00039582200000154444,97,A03,cross-session,AdaBN
74,16,1,0.00040788399999769354,97,A03,cross-session,AdaBN
75,16,1,0.0003717230000006566,97,A03,cross-session,AdaBN
76,16,1,0.0004107130000079451,97,A03,cross-session,AdaBN
77,16,1,0.0004333499999944479,97,A03,cross-session,AdaBN
78,16,1,0.00046115199999974266,97,A03,cross-session,AdaBN
79,16,1,0.0004486729999939598,97,A03,cross-session,AdaBN
80,16,1,0.0003746829999897727,97,A03,cross-session,AdaBN
81,16,0,0.000413681000011934,97,A03,cross-session,AdaBN
82,16,0,0.00039581000000055155,97,A03,cross-session,AdaBN
83,16,1,0.00037160200000130317,97,A03,cross-session,AdaBN
84,16,1,0.0004108769999930928,97,A03,cross-session,AdaBN
85,16,0,0.00036462500000311593,97,A03,cross-session,AdaBN
86,16,1,0.0003991410000026008,97,A03,cross-session,AdaBN
87,16,1,0.0004111289999997325,97,A03,cross-session,AdaBN
88,16,1,0.0004281860000077131,97,A03,cross-session,AdaBN
89,16,0,0.0004294440000052191,97,A03,cross-session,AdaBN
90,16,1,0.00042101299999330877,97,A03,cross-session,AdaBN
91,16,0,0.0003873729999952502,97,A03,cross-session,AdaBN
92,16,1,0.0003894700000017792,97,A03,cross-session,AdaBN
93,16,1,0.0003829619999891065,97,A03,cross-session,AdaBN
94,16,0,0.00042540399999779765,97,A03,cross-session,AdaBN
95,16,1,0.00038312899999937144,97,A03,cross-session,AdaBN
96,16,1,0.00043189500000551106,97,A03,cross-session,AdaBN
97,16,1,0.00038427500000182135,97,A03,cross-session,AdaBN
98,16,0,0.0003772459999993316,97,A03,cross-session,AdaBN
99,16,1,0.0004060170000030894,97,A03,cross-session,AdaBN
100,16,1,0.00037519400000007863,97,A03,cross-session,AdaBN
101,16,1,0.0004006369999984827,97,A03,cross-session,AdaBN
102,16,1,0.00044003799999359217,97,A03,cross-session,AdaBN
103,16,0,0.00037647999999990134,97,A03,cross-session,AdaBN
104,16,1,0.00041292000000225926,97,A03,cross-session,AdaBN
105,16,1,0.0004247760000026801,97,A03,cross-session,AdaBN
106,16,0,0.000386773999991874,97,A03,cross-session,AdaBN
107,16,0,0.0004086870000037379,97,A03,cross-session,AdaBN
108,16,0,0.0004145219999998062,97,A03,cross-session,AdaBN
109,16,1,0.00038591300000234696,97,A03,cross-session,AdaBN
110,16,0,0.0004110619999977416,97,A03,cross-session,AdaBN
111,16,1,0.0003775729999944133,97,A03,cross-session,AdaBN
112,16,0,0.00040248599999870294,97,A03,cross-session,AdaBN
113,16,1,0.00042223500000204695,97,A03,cross-session,AdaBN
114,16,1,0.00038493200000289107,97,A03,cross-session,AdaBN
115,16,1,0.00037771399999542155,97,A03,cross-session,AdaBN
116,16,0,0.00037113199999794233,97,A03,cross-session,AdaBN
117,16,1,0.0003917690000037055,97,A03,cross-session,AdaBN
118,16,1,0.0003704669999962107,97,A03,cross-session,AdaBN
119,16,1,0.00039774500000078206,97,A03,cross-session,AdaBN
120,16,1,0.00040600100000176553,97,A03,cross-session,AdaBN
121,16,1,0.00037712299999270726,97,A03,cross-session,AdaBN
122,16,0,0.00039576900000781734,97,A03,cross-session,AdaBN
123,16,1,0.00036001200000157496,97,A03,cross-session,AdaBN
124,16,1,0.00036887000000263015,97,A03,cross-session,AdaBN
125,16,1,0.0004183310000058782,97,A03,cross-session,AdaBN
126,16,1,0.0003692550000096162,97,A03,cross-session,AdaBN
127,16,1,0.0003808080000027303,97,A03,cross-session,AdaBN
128,16,0,0.0003791140000117821,97,A03,cross-session,AdaBN
129,16,0,0.0003650289999939105,97,A03,cross-session,AdaBN
130,16,1,0.00042373800000916617,97,A03,cross-session,AdaBN
131,16,1,0.0004062609999948563,97,A03,cross-session,AdaBN
132,16,0,0.0003825659999989739,97,A03,cross-session,AdaBN
133,16,1,0.0004355580000066084,97,A03,cross-session,AdaBN
134,16,1,0.0003819599999985712,97,A03,cross-session,AdaBN
135,16,1,0.0003783119999951623,97,A03,cross-session,AdaBN
136,16,1,0.00038913800000273113,97,A03,cross-session,AdaBN
137,16,0,0.0003636730000096122,97,A03,cross-session,AdaBN
138,16,1,0.00040339699999947243,97,A03,cross-session,AdaBN
139,16,1,0.0003731959999981882,97,A03,cross-session,AdaBN
140,16,1,0.0003688489999973399,97,A03,cross-session,AdaBN
141,16,0,0.0003792489999909776,97,A03,cross-session,AdaBN
142,16,1,0.0003863310000014053,97,A03,cross-session,AdaBN
143,16,1,0.0003857720000013387,97,A03,cross-session,AdaBN
144,16,0,0.0004114609999987806,97,A03,cross-session,AdaBN
145,16,0,0.0003989340000032371,97,A03,cross-session,AdaBN
146,16,1,0.0003960359999979346,97,A03,cross-session,AdaBN
147,16,0,0.00037118699999894034,97,A03,cross-session,AdaBN
148,16,0,0.0003912840000026563,97,A03,cross-session,AdaBN
149,16,1,0.0003887529999957451,97,A03,cross-session,AdaBN
150,16,1,0.0003978539999991426,97,A03,cross-session,AdaBN
151,16,1,0.00041727100000343853,97,A03,cross-session,AdaBN
152,16,0,0.0003956510000051594,97,A03,cross-session,AdaBN
153,16,1,0.00038127400000576017,97,A03,cross-session,AdaBN
154,16,1,0.0004138900000043577,97,A03,cross-session,AdaBN
155,16,1,0.00040945199999953275,97,A03,cross-session,AdaBN
156,16,1,0.00040000300000997413,97,A03,cross-session,AdaBN
157,16,1,0.0004227809999974852,97,A03,cross-session,AdaBN
158,16,0,0.0003727769999954944,97,A03,cross-session,AdaBN
159,16,1,0.0003991190000078859,97,A03,cross-session,AdaBN
160,16,1,0.0003740979999946603,97,A03,cross-session,AdaBN
161,16,1,0.0003707190000028504,97,A03,cross-session,AdaBN
162,16,1,0.0003855270000059363,97,A03,cross-session,AdaBN
163,16,1,0.00038595700000598754,97,A03,cross-session,AdaBN
164,16,0,0.0004224360000080196,97,A03,cross-session,AdaBN
165,16,1,0.00039350599999465885,97,A03,cross-session,AdaBN
166,16,1,0.0003781119999928251,97,A03,cross-session,AdaBN
167,16,1,0.00038780299999530143,97,A03,cross-session,AdaBN
168,16,0,0.0003732989999889469,97,A03,cross-session,AdaBN
169,16,1,0.00037089799999989737,97,A03,cross-session,AdaBN
170,16,1,0.00039413799999010735,97,A03,cross-session,AdaBN
171,16,0,0.0003704220000031455,97,A03,cross-session,AdaBN
172,16,1,0.0003781979999928353,97,A03,cross-session,AdaBN
173,16,1,0.00038981599999488026,97,A03,cross-session,AdaBN
174,16,1,0.00037386399999661535,97,A03,cross-session,AdaBN
175,16,1,0.0004084090000020524,97,A03,cross-session,AdaBN
176,16,1,0.0003821730000055368,97,A03,cross-session,AdaBN
177,16,1,0.000382893999997691,97,A03,cross-session,AdaBN
178,16,1,0.0003967720000019881,97,A03,cross-session,AdaBN
179,16,1,0.0003857960000033245,97,A03,cross-session,AdaBN
180,16,0,0.00041930600001194307,97,A03,cross-session,AdaBN
181,16,1,0.00036730200000079094,97,A03,cross-session,AdaBN
182,16,0,0.0003972599999997328,97,A03,cross-session,AdaBN
183,16,1,0.00040683000000285574,97,A03,cross-session,AdaBN
184,16,1,0.00037862400000676644,97,A03,cross-session,AdaBN
185,16,1,0.0004215240000036147,97,A03,cross-session,AdaBN
186,16,1,0.00037806299999942894,97,A03,cross-session,AdaBN
187,16,1,0.00036724999999648844,97,A03,cross-session,AdaBN
188,16,0,0.0003852979999976469,97,A03,cross-session,AdaBN
189,16,1,0.00036708300000043437,97,A03,cross-session,AdaBN
190,16,1,0.00041421399998853303,97,A03,cross-session,AdaBN
191,16,1,0.00042990000000031614,97,A03,cross-session,AdaBN
192,16,0,0.00039472100000637056,97,A03,cross-session,AdaBN
193,16,1,0.0003857079999960433,97,A03,cross-session,AdaBN
194,16,1,0.0003759959999882767,97,A03,cross-session,AdaBN
195,16,0,0.00037193100000365575,97,A03,cross-session,AdaBN
196,16,0,0.00038296600000364833,97,A03,cross-session,AdaBN
197,16,1,0.00036203700000214667,97,A03,cross-session,AdaBN
198,16,0,0.0004308679999951437,97,A03,cross-session,AdaBN
199,16,1,0.0003865179999991142,97,A03,cross-session,AdaBN
200,16,1,0.0004265559999936386,97,A03,cross-session,AdaBN
201,16,1,0.00036949200000435667,97,A03,cross-session,AdaBN
202,16,1,0.0003809159999974554,97,A03,cross-session,AdaBN
203,16,1,0.0003716100000019651,97,A03,cross-session,AdaBN
204,16,1,0.00039120099999934155,97,A03,cross-session,AdaBN
205,16,1,0.00040859300000306575,97,A03,cross-session,AdaBN
206,16,0,0.00039935199998808457,97,A03,cross-session,AdaBN
207,16,1,0.00040358599999024136,97,A03,cross-session,AdaBN
208,16,0,0.0003732749999869611,97,A03,cross-session,AdaBN
209,16,0,0.0003873409999926025,97,A03,cross-session,AdaBN
210,16,1,0.0004669209999974555,97,A03,cross-session,AdaBN
211,16,1,0.00038593799999375733,97,A03,cross-session,AdaBN
212,16,1,0.0003936239999973168,97,A03,cross-session,AdaBN
213,16,1,0.00037545200000010936,97,A03,cross-session,AdaBN
214,16,1,0.0003633710000059409,97,A03,cross-session,AdaBN
215,16,1,0.00040413899999691694,97,A03,cross-session,AdaBN
216,16,1,0.0003834579999875132,97,A03,cross-session,AdaBN
217,16,1,0.00038995500000282846,97,A03,cross-session,AdaBN
218,16,1,0.00038612000000171065,97,A03,cross-session,AdaBN
219,16,0,0.00038529699999401146,97,A03,cross-session,AdaBN
220,16,0,0.0003835640000033891,97,A03,cross-session,AdaBN
221,16,1,0.00037022300000444375,97,A03,cross-session,AdaBN
222,16,1,0.00040828500000600343,97,A03,cross-session,AdaBN
223,16,1,0.0003955999999902815,97,A03,cross-session,AdaBN
224,16,0,0.0003929070000054935,97,A03,cross-session,AdaBN
225,16,0,0.00036687300000437517,97,A03,cross-session,AdaBN
226,16,1,0.0003761740000101099,97,A03,cross-session,AdaBN
227,16,1,0.0003682409999896663,97,A03,cross-session,AdaBN
228,16,1,0.0003775050000029978,97,A03,cross-session,AdaBN
229,16,0,0.0003829959999990251,97,A03,cross-session,AdaBN
230,16,1,0.00041989200001069094,97,A03,cross-session,AdaBN
231,16,1,0.0003898460000044679,97,A03,cross-session,AdaBN
232,16,0,0.00038509600000224964,97,A03,cross-session,AdaBN
233,16,0,0.00041986600000143426,97,A03,cross-session,AdaBN
234,16,1,0.0003923630000031153,97,A03,cross-session,AdaBN
235,16,1,0.00041260399999032416,97,A03,cross-session,AdaBN
236,16,1,0.0004187039999976605,97,A03,cross-session,AdaBN
237,16,1,0.00037434800000824,97,A03,cross-session,AdaBN
238,16,1,0.000367343000007736,97,A03,cross-session,AdaBN
239,16,0,0.0003964370000062445,97,A03,cross-session,AdaBN
240,16,0,0.0004098630000015646,97,A03,cross-session,AdaBN
241,16,1,0.00038128300001005755,97,A03,cross-session,AdaBN
242,16,1,0.00037827200000606354,97,A03,cross-session,AdaBN
243,16,1,0.0003686369999940098,97,A03,cross-session,AdaBN
244,16,1,0.0003845719999873154,97,A03,cross-session,AdaBN
245,16,1,0.00045356399999718633,97,A03,cross-session,AdaBN
246,16,1,0.00038467600001013125,97,A03,cross-session,AdaBN
247,16,1,0.00040898000000311185,97,A03,cross-session,AdaBN
248,16,1,0.0003784889999991492,97,A03,cross-session,AdaBN
249,16,1,0.0003821810000061987,97,A03,cross-session,AdaBN
250,16,1,0.00039741500000900487,97,A03,cross-session,AdaBN
251,16,1,0.0003670460000080311,97,A03,cross-session,AdaBN
252,16,1,0.0003961239999910049,97,A03,cross-session,AdaBN
253,16,1,0.00039002500000151485,97,A03,cross-session,AdaBN
254,16,1,0.0004214709999956767,97,A03,cross-session,AdaBN
255,16,1,0.0003951740000047721,97,A03,cross-session,AdaBN
256,16,1,0.0003949040000037485,97,A03,cross-session,AdaBN
257,16,1,0.00036350799999240735,97,A03,cross-session,AdaBN
258,16,1,0.00038241500000424367,97,A03,cross-session,AdaBN
259,16,1,0.00038276499999767566,97,A03,cross-session,AdaBN
260,16,0,0.0003717089999923928,97,A03,cross-session,AdaBN
261,16,1,0.00037914400000715887,97,A03,cross-session,AdaBN
262,16,1,0.00036846200001150464,97,A03,cross-session,AdaBN
263,16,0,0.00038170899999556696,97,A03,cross-session,AdaBN
264,16,1,0.00038276700000494657,97,A03,cross-session,AdaBN
265,16,1,0.0003708500000101367,97,A03,cross-session,AdaBN
266,16,1,0.0004006850000024542,97,A03,cross-session,AdaBN
267,16,0,0.00037185300000430743,97,A03,cross-session,AdaBN
268,16,1,0.0003889529999980823,97,A03,cross-session,AdaBN
269,16,1,0.00040982699999858596,97,A03,cross-session,AdaBN
270,16,1,0.00038318400000036945,97,A03,cross-session,AdaBN
271,16,1,0.00038337000000865373,97,A03,cross-session,AdaBN
272,16,1,0.0003956469999906176,97,A03,cross-session,AdaBN
273,16,1,0.00036628000000860084,97,A03,cross-session,AdaBN
274,16,1,0.00039533500000743516,97,A03,cross-session,AdaBN
275,16,1,0.00037876099999323287,97,A03,cross-session,AdaBN
276,16,1,0.00042519199999446755,97,A03,cross-session,AdaBN
277,16,0,0.0004070700000085026,97,A03,cross-session,AdaBN
278,16,1,0.0003934519999972963,97,A03,cross-session,AdaBN
279,16,1,0.00038714100000447615,97,A03,cross-session,AdaBN
280,16,1,0.00040283799999940584,97,A03,cross-session,AdaBN
281,16,1,0.00037668599999562957,97,A03,cross-session,AdaBN
282,16,0,0.0004392180000110102,97,A03,cross-session,AdaBN
283,16,0,0.0003939660000042977,97,A03,cross-session,AdaBN
284,16,0,0.0003920489999984511,97,A03,cross-session,AdaBN
285,16,0,0.00038927199999250206,97,A03,cross-session,AdaBN
286,16,1,0.00036946499999146454,97,A03,cross-session,AdaBN
287,16,1,0.0003705369999948971,97,A03,cross-session,AdaBN
0,1,1,0.0007883679999878268,97,A04,cross-session,AdaBN
1,2,0,0.0006236190000095121,97,A04,cross-session,AdaBN
2,3,1,0.0005983830000104717,97,A04,cross-session,AdaBN
3,4,1,0.000587020000011762,97,A04,cross-session,AdaBN
4,5,1,0.0006061129999892501,97,A04,cross-session,AdaBN
5,6,0,0.0005669889999921907,97,A04,cross-session,AdaBN
6,7,1,0.0004832340000007207,97,A04,cross-session,AdaBN
7,8,0,0.000454458999996632,97,A04,cross-session,AdaBN
8,9,1,0.0004539699999952518,97,A04,cross-session,AdaBN
9,10,1,0.00046885499999405056,97,A04,cross-session,AdaBN
10,11,1,0.0004350520000002689,97,A04,cross-session,AdaBN
11,12,1,0.0004508589999971946,97,A04,cross-session,AdaBN
12,13,0,0.00043495199999199485,97,A04,cross-session,AdaBN
13,14,0,0.00047376399999166097,97,A04,cross-session,AdaBN
14,15,0,0.0004359459999960791,97,A04,cross-session,AdaBN
15,16,0,0.000445859999999243,97,A04,cross-session,AdaBN
16,16,0,0.00044977799998946466,97,A04,cross-session,AdaBN
17,16,0,0.00044005299999128056,97,A04,cross-session,AdaBN
18,16,1,0.0005204250000048205,97,A04,cross-session,AdaBN
19,16,0,0.00039590000000089276,97,A04,cross-session,AdaBN
20,16,0,0.00042505199999709475,97,A04,cross-session,AdaBN
21,16,0,0.0004367820000084066,97,A04,cross-session,AdaBN
22,16,1,0.00038258499999699325,97,A04,cross-session,AdaBN
23,16,1,0.0004417330000023867,97,A04,cross-session,AdaBN
24,16,1,0.00036292599999399044,97,A04,cross-session,AdaBN
25,16,0,0.00043630799999050396,97,A04,cross-session,AdaBN
26,16,0,0.00038347899999280344,97,A04,cross-session,AdaBN
27,16,0,0.00045943199999953777,97,A04,cross-session,AdaBN
28,16,0,0.00043007100001091203,97,A04,cross-session,AdaBN
29,16,1,0.0004027989999997317,97,A04,cross-session,AdaBN
30,16,0,0.0004112689999971053,97,A04,cross-session,AdaBN
31,16,1,0.00036686800000040876,97,A04,cross-session,AdaBN
32,16,1,0.0003918799999951261,97,A04,cross-session,AdaBN
33,16,0,0.0003935189999992872,97,A04,cross-session,AdaBN
34,16,1,0.00037762999998847135,97,A04,cross-session,AdaBN
35,16,1,0.00040275099999576014,97,A04,cross-session,AdaBN
36,16,1,0.0003673759999998083,97,A04,cross-session,AdaBN
37,16,1,0.0004056789999964394,97,A04,cross-session,AdaBN
38,16,0,0.0003849439999896731,97,A04,cross-session,AdaBN
39,16,1,0.00038146699999686007,97,A04,cross-session,AdaBN
40,16,0,0.0004018850000022667,97,A04,cross-session,AdaBN
41,16,1,0.00036027699999863216,97,A04,cross-session,AdaBN
42,16,1,0.00041445000000805976,97,A04,cross-session,AdaBN
43,16,1,0.00036462899998923604,97,A04,cross-session,AdaBN
44,16,0,0.0003823469999986173,97,A04,cross-session,AdaBN
45,16,1,0.000371852000000672,97,A04,cross-session,AdaBN
46,16,1,0.0004209930000058648,97,A04,cross-session,AdaBN
47,16,1,0.0004269150000055788,97,A04,cross-session,AdaBN
48,16,1,0.0003833869999994022,97,A04,cross-session,AdaBN
49,16,1,0.000399461000000656,97,A04,cross-session,AdaBN
50,16,0,0.0003712809999996125,97,A04,cross-session,AdaBN
51,16,1,0.0003739899999999352,97,A04,cross-session,AdaBN
52,16,0,0.0003670490000047266,97,A04,cross-session,AdaBN
53,16,0,0.0003959109999982502,97,A04,cross-session,AdaBN
54,16,1,0.00040327400000705893,97,A04,cross-session,AdaBN
55,16,1,0.0003786860000047909,97,A04,cross-session,AdaBN
56,16,0,0.00037769800000830855,97,A04,cross-session,AdaBN
57,16,0,0.00036439899999152203,97,A04,cross-session,AdaBN
58,16,1,0.00040181699999664033,97,A04,cross-session,AdaBN
59,16,0,0.0003751609999937955,97,A04,cross-session,AdaBN
60,16,1,0.00039044199999693774,97,A04,cross-session,AdaBN
61,16,1,0.00035982299999659517,97,A04,cross-session,AdaBN
62,16,0,0.0004344409999958998,97,A04,cross-session,AdaBN
63,16,1,0.0004152529999998933,97,A04,cross-session,AdaBN
64,16,0,0.0003733380000028319,97,A04,cross-session,AdaBN
65,16,1,0.00040771400000494395,97,A04,cross-session,AdaBN
66,16,1,0.0003705640000077892,97,A04,cross-session,AdaBN
67,16,0,0.0004210959999966235,97,A04,cross-session,AdaBN
68,16,1,0.0003804320000000416,97,A04,cross-session,AdaBN
69,16,1,0.00038691799998957777,97,A04,cross-session,AdaBN
70,16,1,0.00040551299998980994,97,A04,cross-session,AdaBN
71,16,1,0.0003818599999902972,97,A04,cross-session,AdaBN
72,16,1,0.0004138900000043577,97,A04,cross-session,AdaBN
73,16,0,0.0003800340000026381,97,A04,cross-session,AdaBN
74,16,1,0.00040732200000093144,97,A04,cross-session,AdaBN
75,16,0,0.0003773959999904264,97,A04,cross-session,AdaBN
76,16,1,0.00041166399999781333,97,A04,cross-session,AdaBN
77,16,1,0.0003927420000024995,97,A04,cross-session,AdaBN
78,16,1,0.0003852149999943322,97,A04,cross-session,AdaBN
79,16,1,0.00040145399999858,97,A04,cross-session,AdaBN
80,16,1,0.0003818590000008726,97,A04,cross-session,AdaBN
81,16,0,0.0003860579999894753,97,A04,cross-session,AdaBN
82,16,0,0.0004138649999987365,97,A04,cross-session,AdaBN
83,16,0,0.0004114489999977877,97,A04,cross-session,AdaBN
84,16,1,0.000375163999990491,97,A04,cross-session,AdaBN
85,16,1,0.00036868799999467683,97,A04,cross-session,AdaBN
86,16,1,0.00039637500000822,97,A04,cross-session,AdaBN
87,16,0,0.00037211499999045827,97,A04,cross-session,AdaBN
88,16,1,0.0003791729999989002,97,A04,cross-session,AdaBN
89,16,1,0.0004302819999963958,97,A04,cross-session,AdaBN
90,16,1,0.0003809829999994463,97,A04,cross-session,AdaBN
91,16,0,0.0004288829999978816,97,A04,cross-session,AdaBN
92,16,0,0.00038591599999904247,97,A04,cross-session,AdaBN
93,16,1,0.000421607999996354,97,A04,cross-session,AdaBN
94,16,0,0.0004157399999940026,97,A04,cross-session,AdaBN
95,16,0,0.00036726000000442127,97,A04,cross-session,AdaBN
96,16,0,0.0003734179999952403,97,A04,cross-session,AdaBN
97,16,1,0.00037824300000011135,97,A04,cross-session,AdaBN
98,16,1,0.0003728460000047562,97,A04,cross-session,AdaBN
99,16,0,0.0004587930000070628,97,A04,cross-session,AdaBN
100,16,1,0.00039164599999708116,97,A04,cross-session,AdaBN
101,16,1,0.00039517399999056124,97,A04,cross-session,AdaBN
102,16,0,0.0003769980000072337,97,A04,cross-session,AdaBN
103,16,1,0.00036946600000931085,97,A04,cross-session,AdaBN
104,16,1,0.00037043200001107834,97,A04,cross-session,AdaBN
105,16,0,0.00037466799999208433,97,A04,cross-session,AdaBN
106,16,1,0.0003872070000028316,97,A04,cross-session,AdaBN
107,16,0,0.00041332700000396017,97,A04,cross-session,AdaBN
108,16,1,0.00040853500000537224,97,A04,cross-session,AdaBN
109,16,0,0.00040414199999361244,97,A04,cross-session,AdaBN
110,16,0,0.00037515400001097987,97,A04,cross-session,AdaBN
111,16,0,0.000393883000000983,97,A04,cross-session,AdaBN
112,16,0,0.00041761199999257315,97,A04,cross-session,AdaBN
113,16,1,0.00039791400000410704,97,A04,cross-session,AdaBN
114,16,0,0.0004235370000031935,97,A04,cross-session,AdaBN
115,16,1,0.000375832000003129,97,A04,cross-session,AdaBN
116,16,0,0.00037845299999617055,97,A04,cross-session,AdaBN
117,16,0,0.00039816100000678034,97,A04,cross-session,AdaBN
118,16,1,0.0003737979999982599,97,A04,cross-session,AdaBN
119,16,0,0.00040614099999913833,97,A04,cross-session,AdaBN
120,16,0,0.0003798309999893945,97,A04,cross-session,AdaBN
121,16,1,0.00036524400000814694,97,A04,cross-session,AdaBN
122,16,0,0.0003867969999902243,97,A04,cross-session,AdaBN
123,16,1,0.0003843930000044793,97,A04,cross-session,AdaBN
124,16,0,0.0003769350000055738,97,A04,cross-session,AdaBN
125,16,0,0.00039136300000564006,97,A04,cross-session,AdaBN
126,16,1,0.0003641650000076879,97,A04,cross-session,AdaBN
127,16,0,0.00038422599999421436,97,A04,cross-session,AdaBN
128,16,1,0.00036433999999019306,97,A04,cross-session,AdaBN
129,16,0,0.0003832009999911179,97,A04,cross-session,AdaBN
130,16,0,0.0003682390000108171,97,A04,cross-session,AdaBN
131,16,0,0.00036878299999898445,97,A04,cross-session,AdaBN
132,16,0,0.0003795500000052243,97,A04,cross-session,AdaBN
133,16,1,0.00039163099999939277,97,A04,cross-session,AdaBN
134,16,1,0.0004464029999979857,97,A04,cross-session,AdaBN
135,16,1,0.00040473100000326667,97,A04,cross-session,AdaBN
136,16,1,0.00037234799999907864,97,A04,cross-session,AdaBN
137,16,0,0.00040387399999985973,97,A04,cross-session,AdaBN
138,16,1,0.00037681799999234045,97,A04,cross-session,AdaBN
139,16,1,0.0004067039999995359,97,A04,cross-session,AdaBN
140,16,1,0.0003949919999968188,97,A04,cross-session,AdaBN
141,16,1,0.00037508200000502256,97,A04,cross-session,AdaBN
142,16,0,0.00039184099999545197,97,A04,cross-session,AdaBN
143,16,0,0.00037217599999905815,97,A04,cross-session,AdaBN
144,16,1,0.0004006190000040988,97,A04,cross-session,AdaBN
145,16,1,0.00043048100000930845,97,A04,cross-session,AdaBN
146,16,1,0.0003748580000006996,97,A04,cross-session,AdaBN
147,16,0,0.000376406000000884,97,A04,cross-session,AdaBN
148,16,0,0.0004012279999869861,97,A04,cross-session,AdaBN
149,16,0,0.00038160600000480827,97,A04,cross-session,AdaBN
150,16,0,0.0003838869999981398,97,A04,cross-session,AdaBN
151,16,1,0.0003766180000042141,97,A04,cross-session,AdaBN
152,16,0,0.0003648240000018177,97,A04,cross-session,AdaBN
153,16,0,0.00036925999999937176,97,A04,cross-session,AdaBN
154,16,1,0.00037175100000297334,97,A04,cross-session,AdaBN
155,16,1,0.0004232009999896036,97,A04,cross-session,AdaBN
156,16,1,0.0003716579999917258,97,A04,cross-session,AdaBN
157,16,0,0.0003814339999905769,97,A04,cross-session,AdaBN
158,16,1,0.00039990999999872656,97,A04,cross-session,AdaBN
159,16,1,0.000387442000004512,97,A04,cross-session,AdaBN
160,16,0,0.0003854920000065931,97,A04,cross-session,AdaBN
161,16,0,0.0004033280000044215,97,A04,cross-session,AdaBN
162,16,0,0.0003658010000009426,97,A04,cross-session,AdaBN
163,16,0,0.0004046140000042442,97,A04,cross-session,AdaBN
164,16,1,0.00037682200000688226,97,A04,cross-session,AdaBN
165,16,1,0.000452906000006692,97,A04,cross-session,AdaBN
166,16,0,0.0003800100000006523,97,A04,cross-session,AdaBN
167,16,1,0.0003717849999986811,97,A04,cross-session,AdaBN
168,16,1,0.0003810439999938353,97,A04,cross-session,AdaBN
169,16,1,0.0004175050000014835,97,A04,cross-session,AdaBN
170,16,0,0.0003907109999943259,97,A04,cross-session,AdaBN
171,16,0,0.00040567199999941295,97,A04,cross-session,AdaBN
172,16,0,0.0003623919999995451,97,A04,cross-session,AdaBN
173,16,1,0.0003851470000029167,97,A04,cross-session,AdaBN
174,16,0,0.00042030299999851195,97,A04,cross-session,AdaBN
175,16,0,0.0003798970000019608,97,A04,cross-session,AdaBN
176,16,0,0.00039215500000011616,97,A04,cross-session,AdaBN
177,16,0,0.0004444150000040281,97,A04,cross-session,AdaBN
178,16,0,0.0003745040000069366,97,A04,cross-session,AdaBN
179,16,1,0.00038926300000241554,97,A04,cross-session,AdaBN
180,16,0,0.0003806309999987434,97,A04,cross-session,AdaBN
181,16,1,0.00037772199999608347,97,A04,cross-session,AdaBN
182,16,0,0.0003680540000061683,97,A04,cross-session,AdaBN
183,16,0,0.00038562899999305955,97,A04,cross-session,AdaBN
184,16,0,0.0004025599999977203,97,A04,cross-session,AdaBN
185,16,1,0.00037551900000210026,97,A04,cross-session,AdaBN
186,16,0,0.00039580400000716054,97,A04,cross-session,AdaBN
187,16,1,0.0004008809999902496,97,A04,cross-session,AdaBN
188,16,1,0.0003738150000032192,97,A04,cross-session,AdaBN
189,16,1,0.00039059899999926984,97,A04,cross-session,AdaBN
190,16,0,0.0003787280000011606,97,A04,cross-session,AdaBN
191,16,0,0.000399451000006934,97,A04,cross-session,AdaBN
192,16,0,0.0004284529999978304,97,A04,cross-session,AdaBN
193,16,1,0.00036229199999127104,97,A04,cross-session,AdaBN
194,16,0,0.00039852400000484067,97,A04,cross-session,AdaBN
195,16,1,0.00040456000000688164,97,A04,cross-session,AdaBN
196,16,0,0.0003693139999967343,97,A04,cross-session,AdaBN
197,16,0,0.0003775540000106048,97,A04,cross-session,AdaBN
198,16,0,0.00037226000000600834,97,A04,cross-session,AdaBN
199,16,0,0.000376521999996271,97,A04,cross-session,AdaBN
200,16,0,0.0003930179999969141,97,A04,cross-session,AdaBN
201,16,1,0.00043199400001014965,97,A04,cross-session,AdaBN
202,16,1,0.00038062699999841243,97,A04,cross-session,AdaBN
203,16,0,0.00042584300000214625,97,A04,cross-session,AdaBN
204,16,0,0.00037387500000818363,97,A04,cross-session,AdaBN
205,16,1,0.0003805050000096344,97,A04,cross-session,AdaBN
206,16,1,0.00038167300000679916,97,A04,cross-session,AdaBN
207,16,0,0.00037674700000422945,97,A04,cross-session,AdaBN
208,16,1,0.00041653200000268953,97,A04,cross-session,AdaBN
209,16,1,0.0003785239999984924,97,A04,cross-session,AdaBN
210,16,0,0.0003958039999929497,97,A04,cross-session,AdaBN
211,16,1,0.00038843600000859624,97,A04,cross-session,AdaBN
212,16,1,0.00038225299999794515,97,A04,cross-session,AdaBN
213,16,1,0.00040377700000249206,97,A04,cross-session,AdaBN
214,16,0,0.000388990999994121,97,A04,cross-session,AdaBN
215,16,1,0.0003825839999933578,97,A04,cross-session,AdaBN
216,16,1,0.00039326600000322287,97,A04,cross-session,AdaBN
217,16,0,0.0003698870000050647,97,A04,cross-session,AdaBN
218,16,1,0.00039954900000793714,97,A04,cross-session,AdaBN
219,16,1,0.0004151180000064869,97,A04,cross-session,AdaBN
220,16,1,0.00039857499999129686,97,A04,cross-session,AdaBN
221,16,0,0.00039380200000493915,97,A04,cross-session,AdaBN
222,16,1,0.0003933910000029073,97,A04,cross-session,AdaBN
223,16,0,0.00042444000000330107,97,A04,cross-session,AdaBN
224,16,1,0.00041677500000503187,97,A04,cross-session,AdaBN
225,16,1,0.00038064400000337173,97,A04,cross-session,AdaBN
226,16,0,0.0003896560000100635,97,A04,cross-session,AdaBN
227,16,1,0.000379082999998559,97,A04,cross-session,AdaBN
228,16,1,0.00038516600000093604,97,A04,cross-session,AdaBN
229,16,1,0.0004074040000006107,97,A04,cross-session,AdaBN
230,16,1,0.00036618699999735327,97,A04,cross-session,AdaBN
231,16,0,0.0003999529999987317,97,A04,cross-session,AdaBN
232,16,1,0.0003772959999963632,97,A04,cross-session,AdaBN
233,16,1,0.00047116500000754513,97,A04,cross-session,AdaBN
234,16,1,0.00041360699999870576,97,A04,cross-session,AdaBN
235,16,0,0.0003731839999971953,97,A04,cross-session,AdaBN
236,16,1,0.0004278499999941232,97,A04,cross-session,AdaBN
237,16,0,0.0004275320000033389,97,A04,cross-session,AdaBN
238,16,1,0.00038040799999805586,97,A04,cross-session,AdaBN
239,16,1,0.000377141000001302,97,A04,cross-session,AdaBN
240,16,0,0.00037647300000287487,97,A04,cross-session,AdaBN
241,16,0,0.0004085770000017419,97,A04,cross-session,AdaBN
242,16,0,0.0003880339999966509,97,A04,cross-session,AdaBN
243,16,0,0.00037376100000585666,97,A04,cross-session,AdaBN
244,16,0,0.00037213800000301944,97,A04,cross-session,AdaBN
245,16,1,0.000418645999999967,97,A04,cross-session,AdaBN
246,16,1,0.0003642779999921686,97,A04,cross-session,AdaBN
247,16,0,0.00038308199999903536,97,A04,cross-session,AdaBN
248,16,0,0.00039021199999922374,97,A04,cross-session,AdaBN
249,16,0,0.00040258800000003703,97,A04,cross-session,AdaBN
250,16,0,0.0003860220000007075,97,A04,cross-session,AdaBN
251,16,0,0.000358529999999746,97,A04,cross-session,AdaBN
252,16,0,0.0003905060000022331,97,A04,cross-session,AdaBN
253,16,0,0.0003846130000084713,97,A04,cross-session,AdaBN
254,16,0,0.0003815150000008316,97,A04,cross-session,AdaBN
255,16,0,0.0004102079999910302,97,A04,cross-session,AdaBN
256,16,1,0.00036741499999948246,97,A04,cross-session,AdaBN
257,16,0,0.00040944699999556633,97,A04,cross-session,AdaBN
258,16,1,0.00039962299999274364,97,A04,cross-session,AdaBN
259,16,1,0.0003606049999973493,97,A04,cross-session,AdaBN
260,16,0,0.00042509800000800624,97,A04,cross-session,AdaBN
261,16,1,0.000370204999995849,97,A04,cross-session,AdaBN
262,16,1,0.00040650100000050315,97,A04,cross-session,AdaBN
263,16,0,0.00038968299999453393,97,A04,cross-session,AdaBN
264,16,1,0.0003740129999982855,97,A04,cross-session,AdaBN
265,16,0,0.0003765689999966071,97,A04,cross-session,AdaBN
266,16,1,0.0004220610000089664,97,A04,cross-session,AdaBN
267,16,1,0.00038967099999354105,97,A04,cross-session,AdaBN
268,16,1,0.000373440000004166,97,A04,cross-session,AdaBN
269,16,0,0.00041312400000492744,97,A04,cross-session,AdaBN
270,16,0,0.00039203200000770266,97,A04,cross-session,AdaBN
271,16,1,0.0003903630000081648,97,A04,cross-session,AdaBN
272,16,0,0.00038820099999270496,97,A04,cross-session,AdaBN
273,16,1,0.0003738420000019005,97,A04,cross-session,AdaBN
274,16,0,0.00038512099999366,97,A04,cross-session,AdaBN
275,16,0,0.00036796899999558264,97,A04,cross-session,AdaBN
276,16,0,0.0004112409999947886,97,A04,cross-session,AdaBN
277,16,1,0.0003739679999910095,97,A04,cross-session,AdaBN
278,16,0,0.0003901370000107818,97,A04,cross-session,AdaBN
279,16,1,0.00038041099999475136,97,A04,cross-session,AdaBN
280,16,1,0.00039809100000809394,97,A04,cross-session,AdaBN
281,16,1,0.00040378699999621404,97,A04,cross-session,AdaBN
282,16,0,0.0003957480000025271,97,A04,cross-session,AdaBN
283,16,0,0.0003725690000067061,97,A04,cross-session,AdaBN
284,16,1,0.0003850090000128148,97,A04,cross-session,AdaBN
285,16,0,0.0003776709999954164,97,A04,cross-session,AdaBN
286,16,1,0.00039164000000369015,97,A04,cross-session,AdaBN
287,16,1,0.000439937999999529,97,A04,cross-session,AdaBN
0,1,1,0.0005563529999932371,97,A05,cross-session,AdaBN
1,2,0,0.0004664080000083004,97,A05,cross-session,AdaBN
2,3,1,0.0004565870000021732,97,A05,cross-session,AdaBN
3,4,1,0.0004470230000066522,97,A05,cross-session,AdaBN
4,5,0,0.0004932230000065374,97,A05,cross-session,AdaBN
5,6,0,0.00046707900000342306,97,A05,cross-session,AdaBN
6,7,0,0.0005001969999938183,97,A05,cross-session,AdaBN
7,8,0,0.0005009439999952292,97,A05,cross-session,AdaBN
8,9,1,0.0004760830000094529,97,A05,cross-session,AdaBN
9,10,0,0.00043934299999648374,97,A05,cross-session,AdaBN
10,11,1,0.00045687299999030984,97,A05,cross-session,AdaBN
11,12,0,0.00042881999999622167,97,A05,cross-session,AdaBN
12,13,0,0.00043853100000035283,97,A05,cross-session,AdaBN
13,14,0,0.0004335590000010825,97,A05,cross-session,AdaBN
14,15,1,0.00042572000000973276,97,A05,cross-session,AdaBN
15,16,0,0.0004327550000056135,97,A05,cross-session,AdaBN
16,16,0,0.000424963000000389,97,A05,cross-session,AdaBN
17,16,0,0.0004329599999977063,97,A05,cross-session,AdaBN
18,16,0,0.00042575800000577146,97,A05,cross-session,AdaBN
19,16,0,0.0004335090000040509,97,A05,cross-session,AdaBN
20,16,1,0.0004320589999906588,97,A05,cross-session,AdaBN
21,16,1,0.00042537499999184547,97,A05,cross-session,AdaBN
22,16,0,0.00043217299999298575,97,A05,cross-session,AdaBN
23,16,1,0.0004351620000022649,97,A05,cross-session,AdaBN
24,16,0,0.00042754500000796725,97,A05,cross-session,AdaBN
25,16,0,0.0004491910000012922,97,A05,cross-session,AdaBN
26,16,0,0.0003689039999983379,97,A05,cross-session,AdaBN
27,16,0,0.00039285699999425105,97,A05,cross-session,AdaBN
28,16,0,0.00037158800000725023,97,A05,cross-session,AdaBN
29,16,0,0.0003606629999950428,97,A05,cross-session,AdaBN
30,16,0,0.00037351100000648785,97,A05,cross-session,AdaBN
31,16,0,0.0003605950000036273,97,A05,cross-session,AdaBN
32,16,0,0.0003613550000096666,97,A05,cross-session,AdaBN
33,16,1,0.00039059299999166797,97,A05,cross-session,AdaBN
34,16,1,0.00037234199999147677,97,A05,cross-session,AdaBN
35,16,0,0.000385274000009872,97,A05,cross-session,AdaBN
36,16,0,0.00037375300000519474,97,A05,cross-session,AdaBN
37,16,1,0.00037049099999819646,97,A05,cross-session,AdaBN
38,16,0,0.0003629320000015923,97,A05,cross-session,AdaBN
39,16,0,0.00037134600000854334,97,A05,cross-session,AdaBN
40,16,0,0.00038097499999878437,97,A05,cross-session,AdaBN
41,16,0,0.0004098759999919821,97,A05,cross-session,AdaBN
42,16,0,0.00039460299998950177,97,A05,cross-session,AdaBN
43,16,0,0.00035960299999260315,97,A05,cross-session,AdaBN
44,16,1,0.0004131739999877482,97,A05,cross-session,AdaBN
45,16,1,0.00038449999999556894,97,A05,cross-session,AdaBN
46,16,0,0.000359897999999248,97,A05,cross-session,AdaBN
47,16,1,0.000383352000000059,97,A05,cross-session,AdaBN
48,16,0,0.0003721570000010388,97,A05,cross-session,AdaBN
49,16,0,0.0003989729999887004,97,A05,cross-session,AdaBN
50,16,1,0.000370444999987285,97,A05,cross-session,AdaBN
51,16,0,0.00038575099999604845,97,A05,cross-session,AdaBN
52,16,1,0.00036479500001007636,97,A05,cross-session,AdaBN
53,16,1,0.00045616799999947943,97,A05,cross-session,AdaBN
54,16,1,0.00039380200000493915,97,A05,cross-session,AdaBN
55,16,1,0.00040122599999392605,97,A05,cross-session,AdaBN
56,16,0,0.00039026999999691725,97,A05,cross-session,AdaBN
57,16,0,0.0003898710000100891,97,A05,cross-session,AdaBN
58,16,1,0.00041853600001218183,97,A05,cross-session,AdaBN
59,16,0,0.0003815129999935607,97,A05,cross-session,AdaBN
60,16,0,0.0004215799999940373,97,A05,cross-session,AdaBN
61,16,0,0.0003741170000068905,97,A05,cross-session,AdaBN
62,16,0,0.0004112740000010717,97,A05,cross-session,AdaBN
63,16,0,0.00038519800000358373,97,A05,cross-session,AdaBN
64,16,0,0.0004105840000079297,97,A05,cross-session,AdaBN
65,16,0,0.0003787509999995109,97,A05,cross-session,AdaBN
66,16,0,0.00038419999999916854,97,A05,cross-session,AdaBN
67,16,1,0.0004707900000084919,97,A05,cross-session,AdaBN
68,16,0,0.00039044400000420865,97,A05,cross-session,AdaBN
69,16,1,0.00039969200000200544,97,A05,cross-session,AdaBN
70,16,0,0.00039054499998769643,97,A05,cross-session,AdaBN
71,16,0,0.0004167339999980868,97,A05,cross-session,AdaBN
72,16,1,0.00039448900000138565,97,A05,cross-session,AdaBN
73,16,1,0.0004066479999949024,97,A05,cross-session,AdaBN
74,16,0,0.0003773720000026515,97,A05,cross-session,AdaBN
75,16,1,0.0003925989999942203,97,A05,cross-session,AdaBN
76,16,0,0.0003681799999952773,97,A05,cross-session,AdaBN
77,16,1,0.0004016710000058765,97,A05,cross-session,AdaBN
78,16,0,0.0003859360000006973,97,A05,cross-session,AdaBN
79,16,0,0.00040640199999586457,97,A05,cross-session,AdaBN
80,16,1,0.0003907500000082109,97,A05,cross-session,AdaBN
81,16,0,0.0003806019999927912,97,A05,cross-session,AdaBN
82,16,1,0.00039009799999689676,97,A05,cross-session,AdaBN
83,16,0,0.0003999639999960891,97,A05,cross-session,AdaBN
84,16,0,0.00039447700000039276,97,A05,cross-session,AdaBN
85,16,0,0.00038889800001129515,97,A05,cross-session,AdaBN
86,16,1,0.0003794050000038851,97,A05,cross-session,AdaBN
87,16,1,0.000453759000009768,97,A05,cross-session,AdaBN
88,16,0,0.00036616600000627386,97,A05,cross-session,AdaBN
89,16,0,0.00036797999999294007,97,A05,cross-session,AdaBN
90,16,0,0.00036839300000224284,97,A05,cross-session,AdaBN
91,16,0,0.0003697700000060422,97,A05,cross-session,AdaBN
92,16,0,0.000406802000000539,97,A05,cross-session,AdaBN
93,16,0,0.000400089999999409,97,A05,cross-session,AdaBN
94,16,0,0.00038742699999261276,97,A05,cross-session,AdaBN
95,16,0,0.00040120500000284665,97,A05,cross-session,AdaBN
96,16,0,0.0004306200000030458,97,A05,cross-session,AdaBN
97,16,0,0.0003897380000097428,97,A05,cross-session,AdaBN
98,16,0,0.00036795600000516515,97,A05,cross-session,AdaBN
99,16,0,0.00037307100001271465,97,A05,cross-session,AdaBN
100,16,0,0.00039158299999542123,97,A05,cross-session,AdaBN
101,16,1,0.00037806800000339535,97,A05,cross-session,AdaBN
102,16,0,0.0004456610000005412,97,A05,cross-session,AdaBN
103,16,0,0.00039677699999174365,97,A05,cross-session,AdaBN
104,16,0,0.0004164489999993748,97,A05,cross-session,AdaBN
105,16,0,0.000406931999989979,97,A05,cross-session,AdaBN
106,16,0,0.00037878999999918506,97,A05,cross-session,AdaBN
107,16,1,0.00039691599999969185,97,A05,cross-session,AdaBN
108,16,1,0.0004814430000124048,97,A05,cross-session,AdaBN
109,16,0,0.00037985500000559114,97,A05,cross-session,AdaBN
110,16,1,0.000408179999993763,97,A05,cross-session,AdaBN
111,16,1,0.00036771199999918736,97,A05,cross-session,AdaBN
112,16,0,0.0003769989999966583,97,A05,cross-session,AdaBN
113,16,0,0.00038732599999491413,97,A05,cross-session,AdaBN
114,16,1,0.0003820099999956028,97,A05,cross-session,AdaBN
115,16,0,0.0003884509999920738,97,A05,cross-session,AdaBN
116,16,1,0.0003926979999988589,97,A05,cross-session,AdaBN
117,16,1,0.00036841899999728867,97,A05,cross-session,AdaBN
118,16,0,0.0003906129999933228,97,A05,cross-session,AdaBN
119,16,1,0.0004275149999983796,97,A05,cross-session,AdaBN
120,16,0,0.00038856700000167166,97,A05,cross-session,AdaBN
121,16,0,0.00037400899999795456,97,A05,cross-session,AdaBN
122,16,0,0.00040075699999420067,97,A05,cross-session,AdaBN
123,16,0,0.0003929770000041799,97,A05,cross-session,AdaBN
124,16,0,0.0003879260000019258,97,A05,cross-session,AdaBN
125,16,1,0.0003701149999955078,97,A05,cross-session,AdaBN
126,16,0,0.0003909840000062559,97,A05,cross-session,AdaBN
127,16,0,0.00038649900000109483,97,A05,cross-session,AdaBN
128,16,1,0.00043084200000009787,97,A05,cross-session,AdaBN
129,16,0,0.000392336000004434,97,A05,cross-session,AdaBN
130,16,0,0.00042942899999331985,97,A05,cross-session,AdaBN
131,16,1,0.00043018499999902815,97,A05,cross-session,AdaBN
132,16,1,0.0003866560000034269,97,A05,cross-session,AdaBN
133,16,0,0.0004016379999995934,97,A05,cross-session,AdaBN
134,16,0,0.00037081099999625167,97,A05,cross-session,AdaBN
135,16,1,0.00037822500000572745,97,A05,cross-session,AdaBN
136,16,0,0.0004309029999944869,97,A05,cross-session,AdaBN
137,16,0,0.0003720029999954022,97,A05,cross-session,AdaBN
138,16,1,0.0004690070000066271,97,A05,cross-session,AdaBN
139,16,0,0.0003904259999956139,97,A05,cross-session,AdaBN
140,16,0,0.0003811079999991307,97,A05,cross-session,AdaBN
141,16,0,0.00040665599999556434,97,A05,cross-session,AdaBN
142,16,0,0.000435104999993996,97,A05,cross-session,AdaBN
143,16,1,0.0004278410000040367,97,A05,cross-session,AdaBN
144,16,1,0.0004288730000041596,97,A05,cross-session,AdaBN
145,16,0,0.0003702300000014702,97,A05,cross-session,AdaBN
146,16,0,0.0003798299999999699,97,A05,cross-session,AdaBN
147,16,0,0.00036600900000394176,97,A05,cross-session,AdaBN
148,16,0,0.0003692030000053137,97,A05,cross-session,AdaBN
149,16,0,0.00042686199999764085,97,A05,cross-session,AdaBN
150,16,0,0.00039646700000162127,97,A05,cross-session,AdaBN
151,16,0,0.00039682000000595963,97,A05,cross-session,AdaBN
152,16,0,0.0003633719999953655,97,A05,cross-session,AdaBN
153,16,1,0.00040910700001006717,97,A05,cross-session,AdaBN
154,16,1,0.00042632799998898463,97,A05,cross-session,AdaBN
155,16,0,0.00040178199999729713,97,A05,cross-session,AdaBN
156,16,0,0.0004004820000034215,97,A05,cross-session,AdaBN
157,16,0,0.0003737950000015644,97,A05,cross-session,AdaBN
158,16,0,0.000391327999992086,97,A05,cross-session,AdaBN
159,16,0,0.0003872529999995322,97,A05,cross-session,AdaBN
160,16,0,0.000435849999988136,97,A05,cross-session,AdaBN
161,16,1,0.00037755999998978496,97,A05,cross-session,AdaBN
162,16,0,0.0003908500000022741,97,A05,cross-session,AdaBN
163,16,0,0.00036859300000458006,97,A05,cross-session,AdaBN
164,16,0,0.0004106920000026548,97,A05,cross-session,AdaBN
165,16,0,0.0003731259999995018,97,A05,cross-session,AdaBN
166,16,1,0.00040493000000196844,97,A05,cross-session,AdaBN
167,16,0,0.00043526999999699,97,A05,cross-session,AdaBN
168,16,0,0.00041040000000691634,97,A05,cross-session,AdaBN
169,16,0,0.0004005669999997963,97,A05,cross-session,AdaBN
170,16,0,0.00036810400000319987,97,A05,cross-session,AdaBN
171,16,0,0.0003708219999936091,97,A05,cross-session,AdaBN
172,16,0,0.0003826960000026247,97,A05,cross-session,AdaBN
173,16,1,0.00044757900001002326,97,A05,cross-session,AdaBN
174,16,1,0.0004150280000061457,97,A05,cross-session,AdaBN
175,16,1,0.00042583799999817984,97,A05,cross-session,AdaBN
176,16,0,0.00041100299999641265,97,A05,cross-session,AdaBN
177,16,0,0.00038622299999246934,97,A05,cross-session,AdaBN
178,16,1,0.00036087300000531286,97,A05,cross-session,AdaBN
179,16,1,0.00039451800000733783,97,A05,cross-session,AdaBN
180,16,0,0.00038774700000487883,97,A05,cross-session,AdaBN
181,16,0,0.00040640199999586457,97,A05,cross-session,AdaBN
182,16,0,0.0004178629999955774,97,A05,cross-session,AdaBN
183,16,0,0.00038776099999893177,97,A05,cross-session,AdaBN
184,16,1,0.0004013409999998885,97,A05,cross-session,AdaBN
185,16,0,0.0004010090000008404,97,A05,cross-session,AdaBN
186,16,0,0.00037304200000676246,97,A05,cross-session,AdaBN
187,16,1,0.0004282419999981357,97,A05,cross-session,AdaBN
188,16,0,0.00036878500000625536,97,A05,cross-session,AdaBN
189,16,0,0.00039045600000520153,97,A05,cross-session,AdaBN
190,16,0,0.0003873009999892929,97,A05,cross-session,AdaBN
191,16,1,0.00036923400000432594,97,A05,cross-session,AdaBN
192,16,0,0.0003845189999935883,97,A05,cross-session,AdaBN
193,16,0,0.0004031099999934895,97,A05,cross-session,AdaBN
194,16,1,0.00041647200001193596,97,A05,cross-session,AdaBN
195,16,1,0.00041704400000242003,97,A05,cross-session,AdaBN
196,16,0,0.00037484400000664664,97,A05,cross-session,AdaBN
197,16,0,0.00038165099999787344,97,A05,cross-session,AdaBN
198,16,0,0.00037544100000275193,97,A05,cross-session,AdaBN
199,16,0,0.00037660299999231484,97,A05,cross-session,AdaBN
200,16,0,0.000396105999996621,97,A05,cross-session,AdaBN
201,16,0,0.0003719440000082841,97,A05,cross-session,AdaBN
202,16,0,0.00037600399998893863,97,A05,cross-session,AdaBN
203,16,0,0.0003876899999966099,97,A05,cross-session,AdaBN
204,16,0,0.0003625800000008894,97,A05,cross-session,AdaBN
205,16,0,0.00037735999998744774,97,A05,cross-session,AdaBN
206,16,0,0.00037736699999868506,97,A05,cross-session,AdaBN
207,16,0,0.00041248099999791066,97,A05,cross-session,AdaBN
208,16,0,0.0004066300000005185,97,A05,cross-session,AdaBN
209,16,0,0.00038082499999347874,97,A05,cross-session,AdaBN
210,16,1,0.00039221000000111417,97,A05,cross-session,AdaBN
211,16,1,0.0003852600000016082,97,A05,cross-session,AdaBN
212,16,1,0.0003949670000054084,97,A05,cross-session,AdaBN
213,16,1,0.00039234799999121606,97,A05,cross-session,AdaBN
214,16,0,0.0003792709999999033,97,A05,cross-session,AdaBN
215,16,0,0.00037747199999671466,97,A05,cross-session,AdaBN
216,16,0,0.0003866919999921947,97,A05,cross-session,AdaBN
217,16,1,0.00038531600000624167,97,A05,cross-session,AdaBN
218,16,1,0.0004308609999981172,97,A05,cross-session,AdaBN
219,16,0,0.0003962079999979551,97,A05,cross-session,AdaBN
220,16,0,0.00038830200000461446,97,A05,cross-session,AdaBN
221,16,0,0.0003768800000045758,97,A05,cross-session,AdaBN
222,16,0,0.00037879500000315147,97,A05,cross-session,AdaBN
223,16,0,0.0003778720000013891,97,A05,cross-session,AdaBN
224,16,1,0.0004105790000039633,97,A05,cross-session,AdaBN
225,16,0,0.0003681150000005573,97,A05,cross-session,AdaBN
226,16,1,0.000398482000008471,97,A05,cross-session,AdaBN
227,16,0,0.00036597199999732766,97,A05,cross-session,AdaBN
228,16,0,0.00038645400000802965,97,A05,cross-session,AdaBN
229,16,0,0.00037112200000422035,97,A05,cross-session,AdaBN
230,16,0,0.0003745690000016566,97,A05,cross-session,AdaBN
231,16,1,0.0004029340000073489,97,A05,cross-session,AdaBN
232,16,0,0.0003837000000004309,97,A05,cross-session,AdaBN
233,16,0,0.00038992200001075616,97,A05,cross-session,AdaBN
234,16,0,0.0003957539999959181,97,A05,cross-session,AdaBN
235,16,0,0.0003643229999994446,97,A05,cross-session,AdaBN
236,16,0,0.0004506630000093992,97,A05,cross-session,AdaBN
237,16,0,0.00039521899999783727,97,A05,cross-session,AdaBN
238,16,0,0.0003948020000024144,97,A05,cross-session,AdaBN
239,16,0,0.0004235050000005458,97,A05,cross-session,AdaBN
240,16,0,0.000389898999998195,97,A05,cross-session,AdaBN
241,16,1,0.00039694500000564403,97,A05,cross-session,AdaBN
242,16,0,0.0004074970000118583,97,A05,cross-session,AdaBN
243,16,1,0.00038859699999704844,97,A05,cross-session,AdaBN
244,16,1,0.00041347600000563034,97,A05,cross-session,AdaBN
245,16,0,0.0004007750000027954,97,A05,cross-session,AdaBN
246,16,0,0.0003956040000048233,97,A05,cross-session,AdaBN
247,16,0,0.0004172020000083876,97,A05,cross-session,AdaBN
248,16,0,0.0003704220000031455,97,A05,cross-session,AdaBN
249,16,0,0.000400365000004399,97,A05,cross-session,AdaBN
250,16,1,0.000392685999997866,97,A05,cross-session,AdaBN
251,16,1,0.00036220699999489625,97,A05,cross-session,AdaBN
252,16,0,0.0003697909999971216,97,A05,cross-session,AdaBN
253,16,0,0.0003905420000052118,97,A05,cross-session,AdaBN
254,16,0,0.000374699999994732,97,A05,cross-session,AdaBN
255,16,0,0.0003808639999931529,97,A05,cross-session,AdaBN
256,16,1,0.0003817390000051546,97,A05,cross-session,AdaBN
257,16,0,0.00039463100000602935,97,A05,cross-session,AdaBN
258,16,0,0.00037449500000263924,97,A05,cross-session,AdaBN
259,16,1,0.00036986599999977443,97,A05,cross-session,AdaBN
260,16,0,0.0003706319999992047,97,A05,cross-session,AdaBN
261,16,0,0.0003831009999970547,97,A05,cross-session,AdaBN
262,16,0,0.00039209499999515174,97,A05,cross-session,AdaBN
263,16,1,0.00039133599999274793,97,A05,cross-session,AdaBN
264,16,0,0.0004062640000057627,97,A05,cross-session,AdaBN
265,16,1,0.0003766589999969483,97,A05,cross-session,AdaBN
266,16,1,0.00043110699999715507,97,A05,cross-session,AdaBN
267,16,1,0.00037057200000845114,97,A05,cross-session,AdaBN
268,16,0,0.00036614100000065264,97,A05,cross-session,AdaBN
269,16,0,0.000408059999998045,97,A05,cross-session,AdaBN
270,16,0,0.00037054399999192356,97,A05,cross-session,AdaBN
271,16,0,0.0003919460000076924,97,A05,cross-session,AdaBN
272,16,1,0.00039525899998693603,97,A05,cross-session,AdaBN
273,16,1,0.0003826069999917081,97,A05,cross-session,AdaBN
274,16,0,0.00043956700000080673,97,A05,cross-session,AdaBN
275,16,1,0.0004117579999984855,97,A05,cross-session,AdaBN
276,16,0,0.00041425599999911356,97,A05,cross-session,AdaBN
277,16,1,0.0004070089999999027,97,A05,cross-session,AdaBN
278,16,0,0.00038236900000754304,97,A05,cross-session,AdaBN
279,16,0,0.0003748919999964073,97,A05,cross-session,AdaBN
280,16,0,0.0003763739999982363,97,A05,cross-session,AdaBN
281,16,0,0.0004051190000069482,97,A05,cross-session,AdaBN
282,16,0,0.0004017139999916708,97,A05,cross-session,AdaBN
283,16,0,0.00038628999999446023,97,A05,cross-session,AdaBN
284,16,0,0.00037268799999878865,97,A05,cross-session,AdaBN
285,16,0,0.0003862639999994144,97,A05,cross-session,AdaBN
286,16,0,0.0003738809999873638,97,A05,cross-session,AdaBN
287,16,0,0.00039528699998925276,97,A05,cross-session,AdaBN
0,1,1,0.000702709999998774,97,A06,cross-session,AdaBN
1,2,0,0.0004800279999983559,97,A06,cross-session,AdaBN
2,3,0,0.0004386500000066462,97,A06,cross-session,AdaBN
3,4,0,0.0004943839999924649,97,A06,cross-session,AdaBN
4,5,0,0.00044641899999930956,97,A06,cross-session,AdaBN
5,6,1,0.00043034799999475126,97,A06,cross-session,AdaBN
6,7,0,0.00041176199999881646,97,A06,cross-session,AdaBN
7,8,0,0.0004159300000026178,97,A06,cross-session,AdaBN
8,9,1,0.0004080629999947405,97,A06,cross-session,AdaBN
9,10,1,0.0005225869999918586,97,A06,cross-session,AdaBN
10,11,1,0.00039612400000521575,97,A06,cross-session,AdaBN
11,12,1,0.0004140150000040421,97,A06,cross-session,AdaBN
12,13,1,0.0003801249999924039,97,A06,cross-session,AdaBN
13,14,1,0.00041019999999036827,97,A06,cross-session,AdaBN
14,15,0,0.000365365999996925,97,A06,cross-session,AdaBN
15,16,1,0.00040471100000161186,97,A06,cross-session,AdaBN
16,16,1,0.0003892340000106742,97,A06,cross-session,AdaBN
17,16,0,0.00043065900000271995,97,A06,cross-session,AdaBN
18,16,0,0.00044662300000197774,97,A06,cross-session,AdaBN
19,16,1,0.0004068980000084821,97,A06,cross-session,AdaBN
20,16,0,0.00037126200000159315,97,A06,cross-session,AdaBN
21,16,1,0.00041720999999483865,97,A06,cross-session,AdaBN
22,16,0,0.0003719900000049847,97,A06,cross-session,AdaBN
23,16,1,0.00038653900000440444,97,A06,cross-session,AdaBN
24,16,0,0.00036290799999960655,97,A06,cross-session,AdaBN
25,16,1,0.0003864210000017465,97,A06,cross-session,AdaBN
26,16,1,0.0003651329999883046,97,A06,cross-session,AdaBN
27,16,0,0.0003727480000037531,97,A06,cross-session,AdaBN
28,16,1,0.0003711509999959617,97,A06,cross-session,AdaBN
29,16,0,0.0003787599999895974,97,A06,cross-session,AdaBN
30,16,1,0.0003626900000028854,97,A06,cross-session,AdaBN
31,16,0,0.00038703300000975105,97,A06,cross-session,AdaBN
32,16,0,0.00035993400000222664,97,A06,cross-session,AdaBN
33,16,0,0.00037783899999510595,97,A06,cross-session,AdaBN
34,16,0,0.00037450900001090304,97,A06,cross-session,AdaBN
35,16,1,0.00044458000000702214,97,A06,cross-session,AdaBN
36,16,1,0.00039260600000545764,97,A06,cross-session,AdaBN
37,16,1,0.00038750899999229205,97,A06,cross-session,AdaBN
38,16,1,0.00037001100000111364,97,A06,cross-session,AdaBN
39,16,1,0.0004089919999898939,97,A06,cross-session,AdaBN
40,16,1,0.00036990300000638854,97,A06,cross-session,AdaBN
41,16,0,0.00040630600000213235,97,A06,cross-session,AdaBN
42,16,0,0.0003734439999902861,97,A06,cross-session,AdaBN
43,16,1,0.00037479700000631055,97,A06,cross-session,AdaBN
44,16,1,0.0004012739999978976,97,A06,cross-session,AdaBN
45,16,0,0.00038525099999731083,97,A06,cross-session,AdaBN
46,16,0,0.00037952600000323855,97,A06,cross-session,AdaBN
47,16,0,0.0003776029999897901,97,A06,cross-session,AdaBN
48,16,1,0.000379077000005168,97,A06,cross-session,AdaBN
49,16,0,0.0003701750000004722,97,A06,cross-session,AdaBN
50,16,0,0.00036370400000862446,97,A06,cross-session,AdaBN
51,16,1,0.0003788269999915883,97,A06,cross-session,AdaBN
52,16,1,0.000390248999991627,97,A06,cross-session,AdaBN
53,16,0,0.0003769589999933487,97,A06,cross-session,AdaBN
54,16,1,0.0003706069999935835,97,A06,cross-session,AdaBN
55,16,0,0.0003742110000075627,97,A06,cross-session,AdaBN
56,16,0,0.0004136820000013586,97,A06,cross-session,AdaBN
57,16,0,0.0003669019999961165,97,A06,cross-session,AdaBN
58,16,0,0.00040243899999836685,97,A06,cross-session,AdaBN
59,16,1,0.0003642100000007531,97,A06,cross-session,AdaBN
60,16,1,0.00039952599999537597,97,A06,cross-session,AdaBN
61,16,1,0.0003696179999934657,97,A06,cross-session,AdaBN
62,16,0,0.00040349599998990016,97,A06,cross-session,AdaBN
63,16,1,0.00036385900000368565,97,A06,cross-session,AdaBN
64,16,1,0.00039763299999151513,97,A06,cross-session,AdaBN
65,16,0,0.00037560399999847505,97,A06,cross-session,AdaBN
66,16,0,0.0003773010000003296,97,A06,cross-session,AdaBN
67,16,0,0.0003861010000036913,97,A06,cross-session,AdaBN
68,16,1,0.00040521599999010505,97,A06,cross-session,AdaBN
69,16,1,0.0003755909999938467,97,A06,cross-session,AdaBN
70,16,0,0.00038107900000738937,97,A06,cross-session,AdaBN
71,16,0,0.0003842189999971879,97,A06,cross-session,AdaBN
72,16,1,0.0003930370000091443,97,A06,cross-session,AdaBN
73,16,0,0.0004534830000011425,97,A06,cross-session,AdaBN
74,16,0,0.00039080499999499807,97,A06,cross-session,AdaBN
75,16,0,0.0003847189999959255,97,A06,cross-session,AdaBN
76,16,0,0.0003620929999925693,97,A06,cross-session,AdaBN
77,16,0,0.00040955400000086684,97,A06,cross-session,AdaBN
78,16,0,0.0003812030000034383,97,A06,cross-session,AdaBN
79,16,0,0.00037656499999627613,97,A06,cross-session,AdaBN
80,16,1,0.00040941999999688505,97,A06,cross-session,AdaBN
81,16,0,0.00037444000000164124,97,A06,cross-session,AdaBN
82,16,1,0.00037630700001045625,97,A06,cross-session,AdaBN
83,16,0,0.0003626710000048661,97,A06,cross-session,AdaBN
84,16,1,0.0003735909999988962,97,A06,cross-session,AdaBN
85,16,0,0.0003758619999985058,97,A06,cross-session,AdaBN
86,16,0,0.0004292469999995774,97,A06,cross-session,AdaBN
87,16,0,0.0003883360000003222,97,A06,cross-session,AdaBN
88,16,1,0.000377145000001633,97,A06,cross-session,AdaBN
89,16,0,0.0003974730000066984,97,A06,cross-session,AdaBN
90,16,1,0.0003764049999972485,97,A06,cross-session,AdaBN
91,16,0,0.0004314770000064527,97,A06,cross-session,AdaBN
92,16,0,0.00040183099999069327,97,A06,cross-session,AdaBN
93,16,1,0.00037478900000564863,97,A06,cross-session,AdaBN
94,16,0,0.000401343999996584,97,A06,cross-session,AdaBN
95,16,1,0.0003811120000136725,97,A06,cross-session,AdaBN
96,16,1,0.00038086100001066825,97,A06,cross-session,AdaBN
97,16,1,0.00038112999999384556,97,A06,cross-session,AdaBN
98,16,0,0.0003692650000033382,97,A06,cross-session,AdaBN
99,16,0,0.000392060999999444,97,A06,cross-session,AdaBN
100,16,1,0.0003756549999991421,97,A06,cross-session,AdaBN
101,16,0,0.00041783899999359164,97,A06,cross-session,AdaBN
102,16,1,0.00038051099998881455,97,A06,cross-session,AdaBN
103,16,0,0.0003796779999873934,97,A06,cross-session,AdaBN
104,16,0,0.0003793290000118077,97,A06,cross-session,AdaBN
105,16,1,0.00036567200000092726,97,A06,cross-session,AdaBN
106,16,1,0.0003805139999997209,97,A06,cross-session,AdaBN
107,16,1,0.0004548659999983329,97,A06,cross-session,AdaBN
108,16,1,0.0004130499999916992,97,A06,cross-session,AdaBN
109,16,1,0.0003953969999912488,97,A06,cross-session,AdaBN
110,16,0,0.0003684229999976196,97,A06,cross-session,AdaBN
111,16,1,0.00038678399999980684,97,A06,cross-session,AdaBN
112,16,1,0.00038439200000084384,97,A06,cross-session,AdaBN
113,16,0,0.0003794959999936509,97,A06,cross-session,AdaBN
114,16,0,0.0004564280000067811,97,A06,cross-session,AdaBN
115,16,1,0.00044998000001328364,97,A06,cross-session,AdaBN
116,16,1,0.0003835750000007465,97,A06,cross-session,AdaBN
117,16,0,0.00039405500000100346,97,A06,cross-session,AdaBN
118,16,1,0.0003754450000030829,97,A06,cross-session,AdaBN
119,16,1,0.0004040220000121053,97,A06,cross-session,AdaBN
120,16,1,0.000440602000011836,97,A06,cross-session,AdaBN
121,16,0,0.0004145240000070771,97,A06,cross-session,AdaBN
122,16,0,0.0004262519999969072,97,A06,cross-session,AdaBN
123,16,0,0.00041630599999109563,97,A06,cross-session,AdaBN
124,16,1,0.0004128729999877123,97,A06,cross-session,AdaBN
125,16,1,0.0004086919999934935,97,A06,cross-session,AdaBN
126,16,0,0.00038313799998945797,97,A06,cross-session,AdaBN
127,16,0,0.0003749569999911273,97,A06,cross-session,AdaBN
128,16,0,0.0003776650000020254,97,A06,cross-session,AdaBN
129,16,1,0.00038223899998968136,97,A06,cross-session,AdaBN
130,16,0,0.00038362300000471805,97,A06,cross-session,AdaBN
131,16,0,0.0003972020000020393,97,A06,cross-session,AdaBN
132,16,0,0.000407651000003284,97,A06,cross-session,AdaBN
133,16,1,0.0003717329999943786,97,A06,cross-session,AdaBN
134,16,0,0.000382493000003592,97,A06,cross-session,AdaBN
135,16,0,0.0004076020000098879,97,A06,cross-session,AdaBN
136,16,0,0.0004185039999953233,97,A06,cross-session,AdaBN
137,16,0,0.0003899279999899363,97,A06,cross-session,AdaBN
138,16,1,0.0004013969999903111,97,A06,cross-session,AdaBN
139,16,0,0.00038652199999944514,97,A06,cross-session,AdaBN
140,16,0,0.0003946209999980965,97,A06,cross-session,AdaBN
141,16,0,0.0003858919999970567,97,A06,cross-session,AdaBN
142,16,1,0.00036763800000017,97,A06,cross-session,AdaBN
143,16,0,0.0003920719999968014,97,A06,cross-session,AdaBN
144,16,0,0.0003649190000061253,97,A06,cross-session,AdaBN
145,16,1,0.0003756250000037653,97,A06,cross-session,AdaBN
146,16,1,0.0003900350000094477,97,A06,cross-session,AdaBN
147,16,1,0.0003710010000048669,97,A06,cross-session,AdaBN
148,16,0,0.00041627800000298976,97,A06,cross-session,AdaBN
149,16,1,0.00036997699999119504,97,A06,cross-session,AdaBN
150,16,0,0.0003686499999986381,97,A06,cross-session,AdaBN
151,16,1,0.00038780700000984325,97,A06,cross-session,AdaBN
152,16,0,0.0003894700000017792,97,A06,cross-session,AdaBN
153,16,0,0.0003747349999940752,97,A06,cross-session,AdaBN
154,16,0,0.00040270600000269496,97,A06,cross-session,AdaBN
155,16,0,0.0003769310000052428,97,A06,cross-session,AdaBN
156,16,1,0.0003887670000040089,97,A06,cross-session,AdaBN
157,16,1,0.000371747999992067,97,A06,cross-session,AdaBN
158,16,0,0.0003713040000121737,97,A06,cross-session,AdaBN
159,16,0,0.0004421559999912006,97,A06,cross-session,AdaBN
160,16,1,0.00037171999998975025,97,A06,cross-session,AdaBN
161,16,1,0.00039661800001056235,97,A06,cross-session,AdaBN
162,16,0,0.000369974999998135,97,A06,cross-session,AdaBN
163,16,0,0.00038579399999605357,97,A06,cross-session,AdaBN
164,16,1,0.0003968279999924107,97,A06,cross-session,AdaBN
165,16,0,0.0004436620000092262,97,A06,cross-session,AdaBN
166,16,1,0.000407704000011222,97,A06,cross-session,AdaBN
167,16,1,0.00038084299998786264,97,A06,cross-session,AdaBN
168,16,1,0.0003851829999916845,97,A06,cross-session,AdaBN
169,16,0,0.0004027040000096349,97,A06,cross-session,AdaBN
170,16,0,0.0004237949999890134,97,A06,cross-session,AdaBN
171,16,0,0.0003980679999955328,97,A06,cross-session,AdaBN
172,16,0,0.00039497100000573937,97,A06,cross-session,AdaBN
173,16,1,0.0003833349999950997,97,A06,cross-session,AdaBN
174,16,0,0.00038605200001029516,97,A06,cross-session,AdaBN
175,16,0,0.00039060199999596534,97,A06,cross-session,AdaBN
176,16,1,0.0004033710000044266,97,A06,cross-session,AdaBN
177,16,1,0.0003923650000103862,97,A06,cross-session,AdaBN
178,16,1,0.00036851200000853623,97,A06,cross-session,AdaBN
179,16,0,0.0004031330000060507,97,A06,cross-session,AdaBN
180,16,0,0.0003716479999980038,97,A06,cross-session,AdaBN
181,16,1,0.0003870930000005046,97,A06,cross-session,AdaBN
182,16,0,0.0004081220000102803,97,A06,cross-session,AdaBN
183,16,0,0.00043815200000096866,97,A06,cross-session,AdaBN
184,16,1,0.0004363439999934826,97,A06,cross-session,AdaBN
185,16,1,0.000398841999995625,97,A06,cross-session,AdaBN
186,16,1,0.0003724740000023985,97,A06,cross-session,AdaBN
187,16,1,0.00038327100000401515,97,A06,cross-session,AdaBN
188,16,0,0.0003830379999953948,97,A06,cross-session,AdaBN
189,16,1,0.0003892820000004349,97,A06,cross-session,AdaBN
190,16,0,0.000441581000004021,97,A06,cross-session,AdaBN
191,16,1,0.000385584999989419,97,A06,cross-session,AdaBN
192,16,0,0.00040175799999531137,97,A06,cross-session,AdaBN
193,16,0,0.00048038699999608525,97,A06,cross-session,AdaBN
194,16,0,0.0003746790000036526,97,A06,cross-session,AdaBN
195,16,0,0.0003863190000004124,97,A06,cross-session,AdaBN
196,16,1,0.00038264400001253307,97,A06,cross-session,AdaBN
197,16,1,0.0003785709999988285,97,A06,cross-session,AdaBN
198,16,1,0.00045286200000305143,97,A06,cross-session,AdaBN
199,16,1,0.00040070100000377806,97,A06,cross-session,AdaBN
200,16,0,0.0003821190000081742,97,A06,cross-session,AdaBN
201,16,0,0.0003978730000113728,97,A06,cross-session,AdaBN
202,16,0,0.00038229000000455926,97,A06,cross-session,AdaBN
203,16,1,0.00038173199999391727,97,A06,cross-session,AdaBN
204,16,1,0.0004644839999912165,97,A06,cross-session,AdaBN
205,16,0,0.0003850509999949736,97,A06,cross-session,AdaBN
206,16,1,0.0003828730000066116,97,A06,cross-session,AdaBN
207,16,1,0.0003650330000084523,97,A06,cross-session,AdaBN
208,16,0,0.0004029490000050373,97,A06,cross-session,AdaBN
209,16,0,0.0004341350000061084,97,A06,cross-session,AdaBN
210,16,0,0.0004194280000007211,97,A06,cross-session,AdaBN
211,16,1,0.00042800299999612434,97,A06,cross-session,AdaBN
212,16,0,0.0003746010000043043,97,A06,cross-session,AdaBN
213,16,1,0.00037842099999352286,97,A06,cross-session,AdaBN
214,16,1,0.00039372200001253077,97,A06,cross-session,AdaBN
215,16,0,0.0003834210000093208,97,A06,cross-session,AdaBN
216,16,0,0.00039372999999898184,97,A06,cross-session,AdaBN
217,16,0,0.00044683200000861234,97,A06,cross-session,AdaBN
218,16,0,0.0003586100000063652,97,A06,cross-session,AdaBN
219,16,1,0.00038489499999627697,97,A06,cross-session,AdaBN
220,16,0,0.0003862869999977647,97,A06,cross-session,AdaBN
221,16,0,0.00037563500001169814,97,A06,cross-session,AdaBN
222,16,0,0.0004794160000045622,97,A06,cross-session,AdaBN
223,16,0,0.0003852319999992915,97,A06,cross-session,AdaBN
224,16,1,0.00041805000000749715,97,A06,cross-session,AdaBN
225,16,0,0.00038284400000065943,97,A06,cross-session,AdaBN
226,16,1,0.0003963730000009491,97,A06,cross-session,AdaBN
227,16,0,0.00041025100000524617,97,A06,cross-session,AdaBN
228,16,1,0.0003631730000108746,97,A06,cross-session,AdaBN
229,16,0,0.0003680540000061683,97,A06,cross-session,AdaBN
230,16,1,0.0003949919999968188,97,A06,cross-session,AdaBN
231,16,0,0.00036819599999660113,97,A06,cross-session,AdaBN
232,16,0,0.00040480799999897954,97,A06,cross-session,AdaBN
233,16,0,0.0004357499999940728,97,A06,cross-session,AdaBN
234,16,0,0.00038692999999057065,97,A06,cross-session,AdaBN
235,16,1,0.00039246100000411843,97,A06,cross-session,AdaBN
236,16,1,0.00041862600001252304,97,A06,cross-session,AdaBN
237,16,0,0.00039851600000417875,97,A06,cross-session,AdaBN
238,16,0,0.0004044599999986076,97,A06,cross-session,AdaBN
239,16,1,0.0003791120000045112,97,A06,cross-session,AdaBN
240,16,1,0.00036793000001011933,97,A06,cross-session,AdaBN
241,16,0,0.00038303899999903024,97,A06,cross-session,AdaBN
242,16,1,0.00036824800000090363,97,A06,cross-session,AdaBN
243,16,0,0.00041031300000327064,97,A06,cross-session,AdaBN
244,16,1,0.0004236190000028728,97,A06,cross-session,AdaBN
245,16,0,0.00036586400000260255,97,A06,cross-session,AdaBN
246,16,0,0.00041040399999303645,97,A06,cross-session,AdaBN
247,16,0,0.00041567800001018895,97,A06,cross-session,AdaBN
248,16,0,0.0004065840000038179,97,A06,cross-session,AdaBN
249,16,1,0.00038305699999341414,97,A06,cross-session,AdaBN
250,16,0,0.00038424600001008,97,A06,cross-session,AdaBN
251,16,1,0.00036111299999674884,97,A06,cross-session,AdaBN
252,16,0,0.00038417000000379176,97,A06,cross-session,AdaBN
253,16,0,0.0004383859999990136,97,A06,cross-session,AdaBN
254,16,1,0.0004047249999956648,97,A06,cross-session,AdaBN
255,16,1,0.00041624300000364656,97,A06,cross-session,AdaBN
256,16,0,0.0003873060000074702,97,A06,cross-session,AdaBN
257,16,0,0.0003790219999899591,97,A06,cross-session,AdaBN
258,16,1,0.0004153430000002345,97,A06,cross-session,AdaBN
259,16,0,0.0003924189999935379,97,A06,cross-session,AdaBN
260,16,0,0.0003856569999953763,97,A06,cross-session,AdaBN
261,16,0,0.00041181199999584805,97,A06,cross-session,AdaBN
262,16,0,0.00037699299998905644,97,A06,cross-session,AdaBN
263,16,0,0.00037819599999977527,97,A06,cross-session,AdaBN
264,16,1,0.0003787509999995109,97,A06,cross-session,AdaBN
265,16,1,0.00037351199999591245,97,A06,cross-session,AdaBN
266,16,1,0.0003794890000108353,97,A06,cross-session,AdaBN
267,16,1,0.00037514699999974255,97,A06,cross-session,AdaBN
268,16,1,0.0003757599999971717,97,A06,cross-session,AdaBN
269,16,0,0.00040500000000065484,97,A06,cross-session,AdaBN
270,16,0,0.00036928000000102656,97,A06,cross-session,AdaBN
271,16,1,0.00038224499999728323,97,A06,cross-session,AdaBN
272,16,1,0.0003670790000001034,97,A06,cross-session,AdaBN
273,16,0,0.00038416400001040074,97,A06,cross-session,AdaBN
274,16,1,0.000375208999997767,97,A06,cross-session,AdaBN
275,16,0,0.0003616700000037554,97,A06,cross-session,AdaBN
276,16,0,0.00037390699999662047,97,A06,cross-session,AdaBN
277,16,0,0.000413803000000712,97,A06,cross-session,AdaBN
278,16,0,0.00039393900000561644,97,A06,cross-session,AdaBN
279,16,0,0.00047516600000108156,97,A06,cross-session,AdaBN
280,16,1,0.0004747280000003684,97,A06,cross-session,AdaBN
281,16,1,0.0003694590000122844,97,A06,cross-session,AdaBN
282,16,0,0.0004062999999945305,97,A06,cross-session,AdaBN
283,16,0,0.0003632869999989907,97,A06,cross-session,AdaBN
284,16,1,0.00039897699998903136,97,A06,cross-session,AdaBN
285,16,1,0.0003900530000038316,97,A06,cross-session,AdaBN
286,16,1,0.00037570599999980914,97,A06,cross-session,AdaBN
287,16,0,0.0003856090000056156,97,A06,cross-session,AdaBN
0,1,0,0.0005929780000002438,97,A07,cross-session,AdaBN
1,2,1,0.0004926770000110992,97,A07,cross-session,AdaBN
2,3,1,0.0005194609999961131,97,A07,cross-session,AdaBN
3,4,0,0.0004681950000104962,97,A07,cross-session,AdaBN
4,5,0,0.00046092200000202865,97,A07,cross-session,AdaBN
5,6,1,0.00047485400000368827,97,A07,cross-session,AdaBN
6,7,1,0.0005349229999893623,97,A07,cross-session,AdaBN
7,8,0,0.000512188999991281,97,A07,cross-session,AdaBN
8,9,1,0.000456331999998838,97,A07,cross-session,AdaBN
9,10,1,0.0004924010000024737,97,A07,cross-session,AdaBN
10,11,1,0.00044241599999850223,97,A07,cross-session,AdaBN
11,12,1,0.00044291899999393536,97,A07,cross-session,AdaBN
12,13,1,0.0004401380000018662,97,A07,cross-session,AdaBN
13,14,1,0.00043907000001297547,97,A07,cross-session,AdaBN
14,15,1,0.0004361489999951118,97,A07,cross-session,AdaBN
15,16,0,0.0004391190000063716,97,A07,cross-session,AdaBN
16,16,0,0.0004417880000033847,97,A07,cross-session,AdaBN
17,16,1,0.00043800999999632495,97,A07,cross-session,AdaBN
18,16,1,0.0005204330000054824,97,A07,cross-session,AdaBN
19,16,1,0.0004516409999979487,97,A07,cross-session,AdaBN
20,16,1,0.0004337489999954869,97,A07,cross-session,AdaBN
21,16,1,0.00044784199999980956,97,A07,cross-session,AdaBN
22,16,0,0.0004191050000059704,97,A07,cross-session,AdaBN
23,16,0,0.00037160200000130317,97,A07,cross-session,AdaBN
24,16,0,0.0004194699999970908,97,A07,cross-session,AdaBN
25,16,1,0.0004030040000060353,97,A07,cross-session,AdaBN
26,16,0,0.00042778399999576777,97,A07,cross-session,AdaBN
27,16,0,0.00041413300000670006,97,A07,cross-session,AdaBN
28,16,0,0.00037329800001373314,97,A07,cross-session,AdaBN
29,16,0,0.0004117750000034448,97,A07,cross-session,AdaBN
30,16,1,0.0003663469999963809,97,A07,cross-session,AdaBN
31,16,0,0.00043015500000365137,97,A07,cross-session,AdaBN
32,16,1,0.0004211830000002692,97,A07,cross-session,AdaBN
33,16,1,0.0003981400000014901,97,A07,cross-session,AdaBN
34,16,1,0.00039793999999915286,97,A07,cross-session,AdaBN
35,16,0,0.0003951830000090695,97,A07,cross-session,AdaBN
36,16,1,0.0003582420000043385,97,A07,cross-session,AdaBN
37,16,1,0.0003788060000005089,97,A07,cross-session,AdaBN
38,16,1,0.00039223100000640443,97,A07,cross-session,AdaBN
39,16,1,0.00038551100000461247,97,A07,cross-session,AdaBN
40,16,1,0.0003982900000067957,97,A07,cross-session,AdaBN
41,16,1,0.00044111799999768664,97,A07,cross-session,AdaBN
42,16,1,0.00047864100000083454,97,A07,cross-session,AdaBN
43,16,0,0.0004230100000057746,97,A07,cross-session,AdaBN
44,16,1,0.0004129710000029263,97,A07,cross-session,AdaBN
45,16,1,0.00038834699999767963,97,A07,cross-session,AdaBN
46,16,1,0.000447733000001449,97,A07,cross-session,AdaBN
47,16,1,0.0004000759999911452,97,A07,cross-session,AdaBN
48,16,0,0.00039490100000705297,97,A07,cross-session,AdaBN
49,16,0,0.00040608899999483583,97,A07,cross-session,AdaBN
50,16,0,0.00037741100000232564,97,A07,cross-session,AdaBN
51,16,0,0.00038694900000280086,97,A07,cross-session,AdaBN
52,16,0,0.0003899680000074568,97,A07,cross-session,AdaBN
53,16,1,0.0004086560000047257,97,A07,cross-session,AdaBN
54,16,0,0.0004186430000032715,97,A07,cross-session,AdaBN
55,16,1,0.0003943629999980658,97,A07,cross-session,AdaBN
56,16,1,0.00037580199999354136,97,A07,cross-session,AdaBN
57,16,0,0.0004078649999996742,97,A07,cross-session,AdaBN
58,16,1,0.00040410999999096475,97,A07,cross-session,AdaBN
59,16,1,0.0004020700000069155,97,A07,cross-session,AdaBN
60,16,0,0.0003869540000067673,97,A07,cross-session,AdaBN
61,16,0,0.000371692999991069,97,A07,cross-session,AdaBN
62,16,0,0.0004180340000061733,97,A07,cross-session,AdaBN
63,16,0,0.00037372499998866715,97,A07,cross-session,AdaBN
64,16,1,0.0003724820000030604,97,A07,cross-session,AdaBN
65,16,1,0.0003807280000103219,97,A07,cross-session,AdaBN
66,16,1,0.00036834600000190676,97,A07,cross-session,AdaBN
67,16,0,0.0003917909999984204,97,A07,cross-session,AdaBN
68,16,1,0.0003900319999985413,97,A07,cross-session,AdaBN
69,16,1,0.0003795300000035695,97,A07,cross-session,AdaBN
70,16,0,0.00038259699999798613,97,A07,cross-session,AdaBN
71,16,0,0.00038211000000387685,97,A07,cross-session,AdaBN
72,16,0,0.00037469299999770556,97,A07,cross-session,AdaBN
73,16,1,0.00037519900000404505,97,A07,cross-session,AdaBN
74,16,1,0.0003899549999886176,97,A07,cross-session,AdaBN
75,16,1,0.0003791729999989002,97,A07,cross-session,AdaBN
76,16,1,0.0003883889999940493,97,A07,cross-session,AdaBN
77,16,1,0.0003965450000009696,97,A07,cross-session,AdaBN
78,16,0,0.0003752380000037192,97,A07,cross-session,AdaBN
79,16,1,0.00043243600001119376,97,A07,cross-session,AdaBN
80,16,0,0.000397808000002442,97,A07,cross-session,AdaBN
81,16,0,0.0003925479999935533,97,A07,cross-session,AdaBN
82,16,0,0.00040148700000486315,97,A07,cross-session,AdaBN
83,16,1,0.00041943399999411213,97,A07,cross-session,AdaBN
84,16,1,0.00040977400000485886,97,A07,cross-session,AdaBN
85,16,1,0.0004179919999955928,97,A07,cross-session,AdaBN
86,16,0,0.0004158579999966605,97,A07,cross-session,AdaBN
87,16,1,0.0003839290000087203,97,A07,cross-session,AdaBN
88,16,1,0.00045614700000840003,97,A07,cross-session,AdaBN
89,16,1,0.00039865300000485604,97,A07,cross-session,AdaBN
90,16,1,0.00037428599999600465,97,A07,cross-session,AdaBN
91,16,1,0.00041686299999810217,97,A07,cross-session,AdaBN
92,16,1,0.000382663999999977,97,A07,cross-session,AdaBN
93,16,1,0.0003974290000030578,97,A07,cross-session,AdaBN
94,16,1,0.00040618999999253447,97,A07,cross-session,AdaBN
95,16,0,0.00048063000001263845,97,A07,cross-session,AdaBN
96,16,1,0.00043483499999297237,97,A07,cross-session,AdaBN
97,16,0,0.00036988600000142924,97,A07,cross-session,AdaBN
98,16,0,0.00039972999999804415,97,A07,cross-session,AdaBN
99,16,1,0.00045014300000900676,97,A07,cross-session,AdaBN
100,16,0,0.00040916999999751624,97,A07,cross-session,AdaBN
101,16,0,0.00040146099999560647,97,A07,cross-session,AdaBN
102,16,0,0.00040827399999443514,97,A07,cross-session,AdaBN
103,16,1,0.00038865600001258827,97,A07,cross-session,AdaBN
104,16,1,0.0003870320000061156,97,A07,cross-session,AdaBN
105,16,1,0.0003877049999942983,97,A07,cross-session,AdaBN
106,16,0,0.0004212380000012672,97,A07,cross-session,AdaBN
107,16,1,0.0003831650000023501,97,A07,cross-session,AdaBN
108,16,0,0.0004034319999988156,97,A07,cross-session,AdaBN
109,16,0,0.00038696400000048925,97,A07,cross-session,AdaBN
110,16,0,0.00038704899999686404,97,A07,cross-session,AdaBN
111,16,0,0.0003887529999957451,97,A07,cross-session,AdaBN
112,16,0,0.0004590550000074245,97,A07,cross-session,AdaBN
113,16,1,0.0003742600000009588,97,A07,cross-session,AdaBN
114,16,0,0.000386199999994119,97,A07,cross-session,AdaBN
115,16,0,0.0003723780000086663,97,A07,cross-session,AdaBN
116,16,0,0.00039142800000036004,97,A07,cross-session,AdaBN
117,16,0,0.0004568299999903047,97,A07,cross-session,AdaBN
118,16,1,0.0003755129999944984,97,A07,cross-session,AdaBN
119,16,0,0.0003835449999911589,97,A07,cross-session,AdaBN
120,16,1,0.00040726299999960247,97,A07,cross-session,AdaBN
121,16,0,0.0003919140000050447,97,A07,cross-session,AdaBN
122,16,1,0.0004243519999960199,97,A07,cross-session,AdaBN
123,16,0,0.00048287500000299133,97,A07,cross-session,AdaBN
124,16,0,0.0004155670000045575,97,A07,cross-session,AdaBN
125,16,0,0.000434350000006134,97,A07,cross-session,AdaBN
126,16,0,0.00038408500000741697,97,A07,cross-session,AdaBN
127,16,1,0.0004102569999986372,97,A07,cross-session,AdaBN
128,16,0,0.00042191800000068724,97,A07,cross-session,AdaBN
129,16,0,0.00041228899999623536,97,A07,cross-session,AdaBN
130,16,1,0.0004055489999927886,97,A07,cross-session,AdaBN
131,16,0,0.0004160269999999855,97,A07,cross-session,AdaBN
132,16,1,0.00038748100000418617,97,A07,cross-session,AdaBN
133,16,1,0.00039242200000444427,97,A07,cross-session,AdaBN
134,16,1,0.0003752960000014127,97,A07,cross-session,AdaBN
135,16,0,0.00038905600000305185,97,A07,cross-session,AdaBN
136,16,1,0.00040323399998953846,97,A07,cross-session,AdaBN
137,16,1,0.00039448600000469014,97,A07,cross-session,AdaBN
138,16,0,0.00046945399999742676,97,A07,cross-session,AdaBN
139,16,1,0.0004119120000041221,97,A07,cross-session,AdaBN
140,16,0,0.0004467269999963719,97,A07,cross-session,AdaBN
141,16,0,0.0003984020000018518,97,A07,cross-session,AdaBN
142,16,1,0.00039738799999611274,97,A07,cross-session,AdaBN
143,16,0,0.0003969259999934138,97,A07,cross-session,AdaBN
144,16,1,0.00038603899999145597,97,A07,cross-session,AdaBN
145,16,1,0.0003873120000008612,97,A07,cross-session,AdaBN
146,16,0,0.0004051890000056346,97,A07,cross-session,AdaBN
147,16,1,0.0003667999999947824,97,A07,cross-session,AdaBN
148,16,0,0.0003776100000010274,97,A07,cross-session,AdaBN
149,16,0,0.0003816109999945638,97,A07,cross-session,AdaBN
150,16,1,0.0004416019999951004,97,A07,cross-session,AdaBN
151,16,0,0.0004390640000053736,97,A07,cross-session,AdaBN
152,16,0,0.00038034099999606497,97,A07,cross-session,AdaBN
153,16,1,0.0003846030000005385,97,A07,cross-session,AdaBN
154,16,1,0.0004034490000037749,97,A07,cross-session,AdaBN
155,16,1,0.00043653499999152245,97,A07,cross-session,AdaBN
156,16,1,0.0004238749999956326,97,A07,cross-session,AdaBN
157,16,1,0.0003928299999955698,97,A07,cross-session,AdaBN
158,16,1,0.0003751809999954503,97,A07,cross-session,AdaBN
159,16,1,0.0003889270000030365,97,A07,cross-session,AdaBN
160,16,1,0.0004142639999997755,97,A07,cross-session,AdaBN
161,16,1,0.000436687000004099,97,A07,cross-session,AdaBN
162,16,1,0.0003912890000066227,97,A07,cross-session,AdaBN
163,16,0,0.00038744100000087656,97,A07,cross-session,AdaBN
164,16,1,0.0003874599999988959,97,A07,cross-session,AdaBN
165,16,1,0.00038190900001211503,97,A07,cross-session,AdaBN
166,16,0,0.00037145699999996395,97,A07,cross-session,AdaBN
167,16,0,0.0004469010000036633,97,A07,cross-session,AdaBN
168,16,1,0.0004042039999916369,97,A07,cross-session,AdaBN
169,16,1,0.0003990279999896984,97,A07,cross-session,AdaBN
170,16,0,0.00039931999999964773,97,A07,cross-session,AdaBN
171,16,0,0.00041353100000662835,97,A07,cross-session,AdaBN
172,16,0,0.000377086000000304,97,A07,cross-session,AdaBN
173,16,0,0.0004106999999891059,97,A07,cross-session,AdaBN
174,16,1,0.00037897600000746934,97,A07,cross-session,AdaBN
175,16,0,0.0003792779999969298,97,A07,cross-session,AdaBN
176,16,1,0.0004041079999979047,97,A07,cross-session,AdaBN
177,16,0,0.00037076299999228013,97,A07,cross-session,AdaBN
178,16,0,0.0003889729999997371,97,A07,cross-session,AdaBN
179,16,1,0.00045477600001220253,97,A07,cross-session,AdaBN
180,16,1,0.0004079170000039767,97,A07,cross-session,AdaBN
181,16,1,0.0003838089999987915,97,A07,cross-session,AdaBN
182,16,0,0.00040390200000217646,97,A07,cross-session,AdaBN
183,16,0,0.0003769900000065718,97,A07,cross-session,AdaBN
184,16,0,0.0004372190000054843,97,A07,cross-session,AdaBN
185,16,1,0.00036966100000768165,97,A07,cross-session,AdaBN
186,16,0,0.0003807900000083464,97,A07,cross-session,AdaBN
187,16,0,0.00040665000000217333,97,A07,cross-session,AdaBN
188,16,0,0.0004655090000085238,97,A07,cross-session,AdaBN
189,16,0,0.0004085519999961207,97,A07,cross-session,AdaBN
190,16,1,0.00041506499999854896,97,A07,cross-session,AdaBN
191,16,0,0.0003724740000023985,97,A07,cross-session,AdaBN
192,16,0,0.00037718900000527356,97,A07,cross-session,AdaBN
193,16,1,0.0003898939999942286,97,A07,cross-session,AdaBN
194,16,1,0.0003737140000055206,97,A07,cross-session,AdaBN
195,16,0,0.00040396699999689645,97,A07,cross-session,AdaBN
196,16,1,0.0003815840000100934,97,A07,cross-session,AdaBN
197,16,1,0.00038372299999878123,97,A07,cross-session,AdaBN
198,16,0,0.0004721630000119603,97,A07,cross-session,AdaBN
199,16,0,0.0003895520000014585,97,A07,cross-session,AdaBN
200,16,1,0.00040959199999690554,97,A07,cross-session,AdaBN
201,16,0,0.00038598300000103336,97,A07,cross-session,AdaBN
202,16,0,0.0003617339999948399,97,A07,cross-session,AdaBN
203,16,1,0.00036841099999662674,97,A07,cross-session,AdaBN
204,16,0,0.00041264300000420917,97,A07,cross-session,AdaBN
205,16,1,0.00046532899999363053,97,A07,cross-session,AdaBN
206,16,0,0.0004366570000087222,97,A07,cross-session,AdaBN
207,16,0,0.0003791200000051731,97,A07,cross-session,AdaBN
208,16,0,0.00039083400000095025,97,A07,cross-session,AdaBN
209,16,0,0.000374418999996351,97,A07,cross-session,AdaBN
210,16,0,0.00037100000000123146,97,A07,cross-session,AdaBN
211,16,1,0.000399301999991053,97,A07,cross-session,AdaBN
212,16,1,0.0004236070000018799,97,A07,cross-session,AdaBN
213,16,0,0.00039165700000864945,97,A07,cross-session,AdaBN
214,16,0,0.00036850099999696795,97,A07,cross-session,AdaBN
215,16,0,0.0004348220000025549,97,A07,cross-session,AdaBN
216,16,0,0.00043003999999768894,97,A07,cross-session,AdaBN
217,16,0,0.0004149479999995265,97,A07,cross-session,AdaBN
218,16,1,0.0004001970000047095,97,A07,cross-session,AdaBN
219,16,0,0.00037118799998836494,97,A07,cross-session,AdaBN
220,16,0,0.00038103999999350435,97,A07,cross-session,AdaBN
221,16,0,0.0003651589999975613,97,A07,cross-session,AdaBN
222,16,1,0.0003885929999967175,97,A07,cross-session,AdaBN
223,16,0,0.0004011710000071389,97,A07,cross-session,AdaBN
224,16,1,0.0003731080000051179,97,A07,cross-session,AdaBN
225,16,1,0.0003761640000021771,97,A07,cross-session,AdaBN
226,16,1,0.0004123379999896315,97,A07,cross-session,AdaBN
227,16,0,0.00036958499998718253,97,A07,cross-session,AdaBN
228,16,1,0.00039574299999856066,97,A07,cross-session,AdaBN
229,16,0,0.00037315699999851404,97,A07,cross-session,AdaBN
230,16,1,0.0003567600000025095,97,A07,cross-session,AdaBN
231,16,0,0.0003758709999885923,97,A07,cross-session,AdaBN
232,16,0,0.0004467020000049615,97,A07,cross-session,AdaBN
233,16,0,0.00041510200000516306,97,A07,cross-session,AdaBN
234,16,0,0.00039585499999361673,97,A07,cross-session,AdaBN
235,16,1,0.00037172499999371666,97,A07,cross-session,AdaBN
236,16,0,0.0003903610000008939,97,A07,cross-session,AdaBN
237,16,0,0.0004145810000011352,97,A07,cross-session,AdaBN
238,16,0,0.00037976199999434357,97,A07,cross-session,AdaBN
239,16,0,0.00039037400000552225,97,A07,cross-session,AdaBN
240,16,0,0.0003729740000011361,97,A07,cross-session,AdaBN
241,16,0,0.0003633319999920559,97,A07,cross-session,AdaBN
242,16,0,0.00038326199999971777,97,A07,cross-session,AdaBN
243,16,0,0.00036517100001276503,97,A07,cross-session,AdaBN
244,16,0,0.0003752500000047121,97,A07,cross-session,AdaBN
245,16,0,0.0003980460000008179,97,A07,cross-session,AdaBN
246,16,0,0.00037587399999949866,97,A07,cross-session,AdaBN
247,16,0,0.0003945600000037075,97,A07,cross-session,AdaBN
248,16,0,0.0004226280000096949,97,A07,cross-session,AdaBN
249,16,0,0.00040179200000522997,97,A07,cross-session,AdaBN
250,16,0,0.00040563400000337424,97,A07,cross-session,AdaBN
251,16,0,0.00040203900000790327,97,A07,cross-session,AdaBN
252,16,0,0.00039392499999735264,97,A07,cross-session,AdaBN
253,16,1,0.00041110599998717134,97,A07,cross-session,AdaBN
254,16,0,0.0004310870000097111,97,A07,cross-session,AdaBN
255,16,1,0.0003951650000004747,97,A07,cross-session,AdaBN
256,16,1,0.0003819049999975732,97,A07,cross-session,AdaBN
257,16,0,0.00037491700000202854,97,A07,cross-session,AdaBN
258,16,1,0.00038133099999981823,97,A07,cross-session,AdaBN
259,16,0,0.00039647300000922314,97,A07,cross-session,AdaBN
260,16,1,0.00038410300000180086,97,A07,cross-session,AdaBN
261,16,0,0.00039937599999007034,97,A07,cross-session,AdaBN
262,16,1,0.00038953500001071006,97,A07,cross-session,AdaBN
263,16,1,0.00037566199999616856,97,A07,cross-session,AdaBN
264,16,0,0.0004043329999916523,97,A07,cross-session,AdaBN
265,16,1,0.00038329100000566996,97,A07,cross-session,AdaBN
266,16,1,0.00042932099999859474,97,A07,cross-session,AdaBN
267,16,1,0.000402867000005358,97,A07,cross-session,AdaBN
268,16,1,0.000410506999998006,97,A07,cross-session,AdaBN
269,16,0,0.00037292900000807094,97,A07,cross-session,AdaBN
270,16,0,0.00038746799999955783,97,A07,cross-session,AdaBN
271,16,1,0.00038901500001031764,97,A07,cross-session,AdaBN
272,16,0,0.00037103500000057466,97,A07,cross-session,AdaBN
273,16,0,0.00039922000000558455,97,A07,cross-session,AdaBN
274,16,1,0.00039815499999917847,97,A07,cross-session,AdaBN
275,16,0,0.0004187509999979966,97,A07,cross-session,AdaBN
276,16,0,0.0003910719999993262,97,A07,cross-session,AdaBN
277,16,0,0.0003722379999970826,97,A07,cross-session,AdaBN
278,16,1,0.00039429100000631934,97,A07,cross-session,AdaBN
279,16,1,0.00043029299999375326,97,A07,cross-session,AdaBN
280,16,0,0.00041085499999837793,97,A07,cross-session,AdaBN
281,16,0,0.0004061820000060834,97,A07,cross-session,AdaBN
282,16,1,0.0004070009999992408,97,A07,cross-session,AdaBN
283,16,1,0.00038120199999980287,97,A07,cross-session,AdaBN
284,16,0,0.00039238799999452567,97,A07,cross-session,AdaBN
285,16,0,0.00038381299999912244,97,A07,cross-session,AdaBN
286,16,0,0.00038388099999053793,97,A07,cross-session,AdaBN
287,16,0,0.00038935300000275674,97,A07,cross-session,AdaBN
0,1,0,0.0008107879999954548,97,A08,cross-session,AdaBN
1,2,0,0.0006214450000072702,97,A08,cross-session,AdaBN
2,3,1,0.0006086980000077347,97,A08,cross-session,AdaBN
3,4,1,0.000610149999999976,97,A08,cross-session,AdaBN
4,5,1,0.0006012549999923067,97,A08,cross-session,AdaBN
5,6,1,0.0005844370000005483,97,A08,cross-session,AdaBN
6,7,1,0.000549403000007942,97,A08,cross-session,AdaBN
7,8,1,0.0005007170000084216,97,A08,cross-session,AdaBN
8,9,1,0.0004675570000074458,97,A08,cross-session,AdaBN
9,10,0,0.0004841570000024831,97,A08,cross-session,AdaBN
10,11,1,0.0004418259999994234,97,A08,cross-session,AdaBN
11,12,1,0.0004489930000062259,97,A08,cross-session,AdaBN
12,13,1,0.000432248999999274,97,A08,cross-session,AdaBN
13,14,1,0.0004474969999961331,97,A08,cross-session,AdaBN
14,15,0,0.0004197129999994331,97,A08,cross-session,AdaBN
15,16,1,0.000445460999998204,97,A08,cross-session,AdaBN
16,16,1,0.00043360099999745216,97,A08,cross-session,AdaBN
17,16,1,0.0004304010000026892,97,A08,cross-session,AdaBN
18,16,1,0.000452741000003698,97,A08,cross-session,AdaBN
19,16,1,0.00041968899999744735,97,A08,cross-session,AdaBN
20,16,0,0.0004407299999940051,97,A08,cross-session,AdaBN
21,16,1,0.00045623799999816583,97,A08,cross-session,AdaBN
22,16,1,0.00042625000000384716,97,A08,cross-session,AdaBN
23,16,0,0.00039240299999221406,97,A08,cross-session,AdaBN
24,16,0,0.00041575099999136,97,A08,cross-session,AdaBN
25,16,1,0.0003961179999976139,97,A08,cross-session,AdaBN
26,16,1,0.0003673159999948439,97,A08,cross-session,AdaBN
27,16,0,0.0003803280000056475,97,A08,cross-session,AdaBN
28,16,0,0.0003879899999930103,97,A08,cross-session,AdaBN
29,16,0,0.00036287300000026335,97,A08,cross-session,AdaBN
30,16,1,0.00037517600000569473,97,A08,cross-session,AdaBN
31,16,1,0.0004357099999907632,97,A08,cross-session,AdaBN
32,16,1,0.0004340389999981653,97,A08,cross-session,AdaBN
33,16,1,0.0004097260000008873,97,A08,cross-session,AdaBN
34,16,1,0.00036002900000653426,97,A08,cross-session,AdaBN
35,16,1,0.0003980609999985063,97,A08,cross-session,AdaBN
36,16,1,0.00038013400001091213,97,A08,cross-session,AdaBN
37,16,1,0.00037802800000008574,97,A08,cross-session,AdaBN
38,16,1,0.0004137549999967405,97,A08,cross-session,AdaBN
39,16,1,0.0004619500000018206,97,A08,cross-session,AdaBN
40,16,1,0.00043800999999632495,97,A08,cross-session,AdaBN
41,16,1,0.0004114889999868865,97,A08,cross-session,AdaBN
42,16,1,0.00039383100001089133,97,A08,cross-session,AdaBN
43,16,0,0.0004061270000050854,97,A08,cross-session,AdaBN
44,16,1,0.0003836079999928188,97,A08,cross-session,AdaBN
45,16,1,0.0003913099999977021,97,A08,cross-session,AdaBN
46,16,1,0.0003983370000071318,97,A08,cross-session,AdaBN
47,16,1,0.0003980839999968566,97,A08,cross-session,AdaBN
48,16,0,0.0003737100000051896,97,A08,cross-session,AdaBN
49,16,1,0.00036812599999791473,97,A08,cross-session,AdaBN
50,16,1,0.0003980200000057721,97,A08,cross-session,AdaBN
51,16,1,0.0003911009999910675,97,A08,cross-session,AdaBN
52,16,1,0.00040522700000167333,97,A08,cross-session,AdaBN
53,16,1,0.0004063860000087516,97,A08,cross-session,AdaBN
54,16,1,0.00039089100000921917,97,A08,cross-session,AdaBN
55,16,1,0.00037256800000307067,97,A08,cross-session,AdaBN
56,16,0,0.0004119440000067698,97,A08,cross-session,AdaBN
57,16,0,0.0004031680000053939,97,A08,cross-session,AdaBN
58,16,1,0.00036522400000649213,97,A08,cross-session,AdaBN
59,16,0,0.00038245999999730884,97,A08,cross-session,AdaBN
60,16,0,0.0003653680000041959,97,A08,cross-session,AdaBN
61,16,1,0.00038450200000283985,97,A08,cross-session,AdaBN
62,16,1,0.00036414600000966857,97,A08,cross-session,AdaBN
63,16,1,0.0003950390000113657,97,A08,cross-session,AdaBN
64,16,1,0.00035902500000872806,97,A08,cross-session,AdaBN
65,16,1,0.00037968300000557065,97,A08,cross-session,AdaBN
66,16,1,0.0003729819999875872,97,A08,cross-session,AdaBN
67,16,1,0.0003808190000000877,97,A08,cross-session,AdaBN
68,16,1,0.0003812850000031176,97,A08,cross-session,AdaBN
69,16,1,0.00039154300000632247,97,A08,cross-session,AdaBN
70,16,1,0.00041970899999910216,97,A08,cross-session,AdaBN
71,16,0,0.00039874300000519725,97,A08,cross-session,AdaBN
72,16,1,0.0004006870000097251,97,A08,cross-session,AdaBN
73,16,1,0.0003776270000059867,97,A08,cross-session,AdaBN
74,16,1,0.00038697500001205754,97,A08,cross-session,AdaBN
75,16,1,0.0004019220000088808,97,A08,cross-session,AdaBN
76,16,1,0.0004070089999999027,97,A08,cross-session,AdaBN
77,16,1,0.00042107600000917955,97,A08,cross-session,AdaBN
78,16,0,0.0003702829999951973,97,A08,cross-session,AdaBN
79,16,1,0.00041318799999601197,97,A08,cross-session,AdaBN
80,16,1,0.0003859710000000405,97,A08,cross-session,AdaBN
81,16,1,0.0004774290000000292,97,A08,cross-session,AdaBN
82,16,1,0.0004547899999920446,97,A08,cross-session,AdaBN
83,16,0,0.00039034400001014546,97,A08,cross-session,AdaBN
84,16,1,0.00040343700000278204,97,A08,cross-session,AdaBN
85,16,0,0.0003697070000043823,97,A08,cross-session,AdaBN
86,16,1,0.0003820849999982556,97,A08,cross-session,AdaBN
87,16,0,0.00039750999999910164,97,A08,cross-session,AdaBN
88,16,0,0.0003710109999985889,97,A08,cross-session,AdaBN
89,16,0,0.000469435999988832,97,A08,cross-session,AdaBN
90,16,0,0.0003927049999958854,97,A08,cross-session,AdaBN
91,16,0,0.00038341600000535436,97,A08,cross-session,AdaBN
92,16,1,0.00040585299998951996,97,A08,cross-session,AdaBN
93,16,1,0.0003825249999920288,97,A08,cross-session,AdaBN
94,16,0,0.0003732280000008359,97,A08,cross-session,AdaBN
95,16,1,0.00040617100000872597,97,A08,cross-session,AdaBN
96,16,1,0.00035343899999418227,97,A08,cross-session,AdaBN
97,16,0,0.00037117499999794745,97,A08,cross-session,AdaBN
98,16,1,0.0003597699999886572,97,A08,cross-session,AdaBN
99,16,1,0.0003939869999953771,97,A08,cross-session,AdaBN
100,16,1,0.00039938999999833413,97,A08,cross-session,AdaBN
101,16,0,0.0004330279999891218,97,A08,cross-session,AdaBN
102,16,1,0.00042657600000950424,97,A08,cross-session,AdaBN
103,16,1,0.00039049799998736034,97,A08,cross-session,AdaBN
104,16,1,0.0004237599999896702,97,A08,cross-session,AdaBN
105,16,1,0.0003912490000033131,97,A08,cross-session,AdaBN
106,16,1,0.0003677199999998493,97,A08,cross-session,AdaBN
107,16,0,0.0004196179999951255,97,A08,cross-session,AdaBN
108,16,0,0.0003669970000004241,97,A08,cross-session,AdaBN
109,16,1,0.0003807389999934685,97,A08,cross-session,AdaBN
110,16,0,0.0004055950000037001,97,A08,cross-session,AdaBN
111,16,0,0.00037673599999266116,97,A08,cross-session,AdaBN
112,16,1,0.0003968320000069525,97,A08,cross-session,AdaBN
113,16,1,0.0004071080000045413,97,A08,cross-session,AdaBN
114,16,1,0.00036650899998846853,97,A08,cross-session,AdaBN
115,16,1,0.00040413899999691694,97,A08,cross-session,AdaBN
116,16,1,0.0003853189999887263,97,A08,cross-session,AdaBN
117,16,1,0.0003884980000066207,97,A08,cross-session,AdaBN
118,16,1,0.0004040029999998751,97,A08,cross-session,AdaBN
119,16,1,0.0003797319999989668,97,A08,cross-session,AdaBN
120,16,0,0.00039167200000633784,97,A08,cross-session,AdaBN
121,16,1,0.0004470749999967438,97,A08,cross-session,AdaBN
122,16,1,0.0004011469999909423,97,A08,cross-session,AdaBN
123,16,1,0.00039778000000012526,97,A08,cross-session,AdaBN
124,16,1,0.0003799219999933712,97,A08,cross-session,AdaBN
125,16,1,0.00039338099999497445,97,A08,cross-session,AdaBN
126,16,1,0.00038726699999358516,97,A08,cross-session,AdaBN
127,16,1,0.00038956000000212043,97,A08,cross-session,AdaBN
128,16,0,0.0003998090000010279,97,A08,cross-session,AdaBN
129,16,1,0.00037677900000687714,97,A08,cross-session,AdaBN
130,16,0,0.0003802640000003521,97,A08,cross-session,AdaBN
131,16,0,0.0004090059999981577,97,A08,cross-session,AdaBN
132,16,1,0.0003731160000057798,97,A08,cross-session,AdaBN
133,16,0,0.0004149309999945672,97,A08,cross-session,AdaBN
134,16,1,0.00037365999999394717,97,A08,cross-session,AdaBN
135,16,1,0.0003784629999898925,97,A08,cross-session,AdaBN
136,16,1,0.0004229489999971747,97,A08,cross-session,AdaBN
137,16,1,0.0003737690000065186,97,A08,cross-session,AdaBN
138,16,0,0.0004387879999967481,97,A08,cross-session,AdaBN
139,16,1,0.0003907400000002781,97,A08,cross-session,AdaBN
140,16,0,0.0003918799999951261,97,A08,cross-session,AdaBN
141,16,0,0.0003777410000083137,97,A08,cross-session,AdaBN
142,16,1,0.0003680700000074921,97,A08,cross-session,AdaBN
143,16,1,0.0003656709999972918,97,A08,cross-session,AdaBN
144,16,0,0.0003779709999918168,97,A08,cross-session,AdaBN
145,16,1,0.00040752900000029513,97,A08,cross-session,AdaBN
146,16,0,0.0003989949999976261,97,A08,cross-session,AdaBN
147,16,0,0.00036547400000586094,97,A08,cross-session,AdaBN
148,16,0,0.00038448499999788055,97,A08,cross-session,AdaBN
149,16,1,0.0003991059999890467,97,A08,cross-session,AdaBN
150,16,1,0.0003977230000060672,97,A08,cross-session,AdaBN
151,16,1,0.00038620200000138993,97,A08,cross-session,AdaBN
152,16,0,0.00041072599999836257,97,A08,cross-session,AdaBN
153,16,1,0.0003832999999957565,97,A08,cross-session,AdaBN
154,16,1,0.0003957640000038509,97,A08,cross-session,AdaBN
155,16,1,0.0003766150000075186,97,A08,cross-session,AdaBN
156,16,0,0.0003684879999923396,97,A08,cross-session,AdaBN
157,16,0,0.00037465799999836236,97,A08,cross-session,AdaBN
158,16,1,0.0003772359999913988,97,A08,cross-session,AdaBN
159,16,1,0.00043648400000506626,97,A08,cross-session,AdaBN
160,16,1,0.0004122290000054818,97,A08,cross-session,AdaBN
161,16,1,0.0004069889999982479,97,A08,cross-session,AdaBN
162,16,1,0.0003852130000012721,97,A08,cross-session,AdaBN
163,16,0,0.00037652900000750833,97,A08,cross-session,AdaBN
164,16,1,0.00036972600000240163,97,A08,cross-session,AdaBN
165,16,1,0.00042873999998960244,97,A08,cross-session,AdaBN
166,16,1,0.00043737000000021453,97,A08,cross-session,AdaBN
167,16,1,0.00039178800000172487,97,A08,cross-session,AdaBN
168,16,0,0.000432243000005883,97,A08,cross-session,AdaBN
169,16,1,0.0003806659999980866,97,A08,cross-session,AdaBN
170,16,0,0.0003994519999963586,97,A08,cross-session,AdaBN
171,16,1,0.00041479900001206715,97,A08,cross-session,AdaBN
172,16,1,0.0004645610000011402,97,A08,cross-session,AdaBN
173,16,0,0.0004532969999928582,97,A08,cross-session,AdaBN
174,16,1,0.0003686049999913621,97,A08,cross-session,AdaBN
175,16,1,0.0003961400000065396,97,A08,cross-session,AdaBN
176,16,1,0.0004331840000020293,97,A08,cross-session,AdaBN
177,16,1,0.0004626080000065258,97,A08,cross-session,AdaBN
178,16,0,0.00036755700000412617,97,A08,cross-session,AdaBN
179,16,0,0.000388800000010292,97,A08,cross-session,AdaBN
180,16,1,0.000372127000005662,97,A08,cross-session,AdaBN
181,16,0,0.00039584499999989475,97,A08,cross-session,AdaBN
182,16,0,0.000373844999998596,97,A08,cross-session,AdaBN
183,16,0,0.0004003450000027442,97,A08,cross-session,AdaBN
184,16,1,0.0003782320000027539,97,A08,cross-session,AdaBN
185,16,0,0.00037043399998992754,97,A08,cross-session,AdaBN
186,16,0,0.00037885700000117595,97,A08,cross-session,AdaBN
187,16,0,0.000453875000005155,97,A08,cross-session,AdaBN
188,16,0,0.0003943539999937684,97,A08,cross-session,AdaBN
189,16,1,0.0004157749999933458,97,A08,cross-session,AdaBN
190,16,1,0.0003936930000065786,97,A08,cross-session,AdaBN
191,16,0,0.0003665499999954136,97,A08,cross-session,AdaBN
192,16,1,0.00038277999999536405,97,A08,cross-session,AdaBN
193,16,1,0.0004000130000036961,97,A08,cross-session,AdaBN
194,16,1,0.0003989169999982778,97,A08,cross-session,AdaBN
195,16,1,0.0004510980000134168,97,A08,cross-session,AdaBN
196,16,0,0.0004566430000068067,97,A08,cross-session,AdaBN
197,16,1,0.0003666890000033618,97,A08,cross-session,AdaBN
198,16,0,0.00040329200000144283,97,A08,cross-session,AdaBN
199,16,1,0.00037634500000649496,97,A08,cross-session,AdaBN
200,16,1,0.0004414480000036747,97,A08,cross-session,AdaBN
201,16,0,0.0004009419999988495,97,A08,cross-session,AdaBN
202,16,1,0.00038983299999983956,97,A08,cross-session,AdaBN
203,16,1,0.00039580700000385605,97,A08,cross-session,AdaBN
204,16,1,0.00039545500000315315,97,A08,cross-session,AdaBN
205,16,1,0.00040359199999784323,97,A08,cross-session,AdaBN
206,16,1,0.00038035500000432876,97,A08,cross-session,AdaBN
207,16,1,0.0003878180000072007,97,A08,cross-session,AdaBN
208,16,1,0.0003824969999897121,97,A08,cross-session,AdaBN
209,16,0,0.0003774420000013379,97,A08,cross-session,AdaBN
210,16,1,0.0003646870000011404,97,A08,cross-session,AdaBN
211,16,1,0.0003787650000077747,97,A08,cross-session,AdaBN
212,16,1,0.00047926399999198566,97,A08,cross-session,AdaBN
213,16,1,0.00039648899999633613,97,A08,cross-session,AdaBN
214,16,1,0.00039958200000000943,97,A08,cross-session,AdaBN
215,16,0,0.00039445499999146705,97,A08,cross-session,AdaBN
216,16,1,0.0003744290000042838,97,A08,cross-session,AdaBN
217,16,0,0.0003980580000018108,97,A08,cross-session,AdaBN
218,16,0,0.00042926599999759674,97,A08,cross-session,AdaBN
219,16,1,0.0003758990000051199,97,A08,cross-session,AdaBN
220,16,0,0.0003774970000023359,97,A08,cross-session,AdaBN
221,16,1,0.00036781999999391246,97,A08,cross-session,AdaBN
222,16,1,0.0004160219999960191,97,A08,cross-session,AdaBN
223,16,1,0.00042965000000094733,97,A08,cross-session,AdaBN
224,16,1,0.0003783230000067306,97,A08,cross-session,AdaBN
225,16,0,0.00039344700000754074,97,A08,cross-session,AdaBN
226,16,1,0.0003931450000038694,97,A08,cross-session,AdaBN
227,16,0,0.00037917999999592666,97,A08,cross-session,AdaBN
228,16,0,0.00037462200000959456,97,A08,cross-session,AdaBN
229,16,1,0.00038238000000490047,97,A08,cross-session,AdaBN
230,16,1,0.00039944200000263663,97,A08,cross-session,AdaBN
231,16,1,0.0003924120000107223,97,A08,cross-session,AdaBN
232,16,0,0.0003701640000031148,97,A08,cross-session,AdaBN
233,16,0,0.00039210500000308457,97,A08,cross-session,AdaBN
234,16,1,0.00041076499999803673,97,A08,cross-session,AdaBN
235,16,1,0.000414821000006782,97,A08,cross-session,AdaBN
236,16,1,0.0003915719999980638,97,A08,cross-session,AdaBN
237,16,0,0.0003753840000086939,97,A08,cross-session,AdaBN
238,16,1,0.0003836190000043871,97,A08,cross-session,AdaBN
239,16,0,0.0004031999999938307,97,A08,cross-session,AdaBN
240,16,1,0.00036796100000913157,97,A08,cross-session,AdaBN
241,16,1,0.0004045410000088623,97,A08,cross-session,AdaBN
242,16,1,0.0004198070000001053,97,A08,cross-session,AdaBN
243,16,0,0.00047113800000886386,97,A08,cross-session,AdaBN
244,16,1,0.0004043639999906645,97,A08,cross-session,AdaBN
245,16,1,0.0004051860000089391,97,A08,cross-session,AdaBN
246,16,1,0.000378573999995524,97,A08,cross-session,AdaBN
247,16,0,0.00038010800000165545,97,A08,cross-session,AdaBN
248,16,0,0.0004157739999897103,97,A08,cross-session,AdaBN
249,16,1,0.0004171589999941716,97,A08,cross-session,AdaBN
250,16,0,0.0003963629999930163,97,A08,cross-session,AdaBN
251,16,0,0.0003786869999942155,97,A08,cross-session,AdaBN
252,16,0,0.00038543399999468875,97,A08,cross-session,AdaBN
253,16,1,0.0003885510000003478,97,A08,cross-session,AdaBN
254,16,0,0.00037843200000509114,97,A08,cross-session,AdaBN
255,16,0,0.00037065099999722406,97,A08,cross-session,AdaBN
256,16,1,0.00040648600000281476,97,A08,cross-session,AdaBN
257,16,1,0.00037544100000275193,97,A08,cross-session,AdaBN
258,16,1,0.00039364799999930256,97,A08,cross-session,AdaBN
259,16,0,0.0003753420000123242,97,A08,cross-session,AdaBN
260,16,0,0.0003604350000045997,97,A08,cross-session,AdaBN
261,16,0,0.0004057989999921574,97,A08,cross-session,AdaBN
262,16,1,0.00037913100000253053,97,A08,cross-session,AdaBN
263,16,0,0.0004324700000069015,97,A08,cross-session,AdaBN
264,16,0,0.00040224499998942065,97,A08,cross-session,AdaBN
265,16,1,0.0003764860000075032,97,A08,cross-session,AdaBN
266,16,0,0.0004533550000047626,97,A08,cross-session,AdaBN
267,16,0,0.00037845800000013696,97,A08,cross-session,AdaBN
268,16,0,0.00036483700000644603,97,A08,cross-session,AdaBN
269,16,1,0.00037468700000431454,97,A08,cross-session,AdaBN
270,16,1,0.00038231799999266514,97,A08,cross-session,AdaBN
271,16,1,0.00046285499999498825,97,A08,cross-session,AdaBN
272,16,0,0.0003922069999902078,97,A08,cross-session,AdaBN
273,16,1,0.00042102700000157256,97,A08,cross-session,AdaBN
274,16,1,0.00036746799999320956,97,A08,cross-session,AdaBN
275,16,1,0.00038863799998978266,97,A08,cross-session,AdaBN
276,16,0,0.00036688299999809715,97,A08,cross-session,AdaBN
277,16,1,0.0003849330000065265,97,A08,cross-session,AdaBN
278,16,1,0.0003743299999996452,97,A08,cross-session,AdaBN
279,16,0,0.0003874179999883154,97,A08,cross-session,AdaBN
280,16,1,0.00037860499999453623,97,A08,cross-session,AdaBN
281,16,0,0.000417897000005496,97,A08,cross-session,AdaBN
282,16,0,0.0006386059999954341,97,A08,cross-session,AdaBN
283,16,1,0.000865915000005657,97,A08,cross-session,AdaBN
284,16,1,0.0004758289999955423,97,A08,cross-session,AdaBN
285,16,0,0.0006910630000049878,97,A08,cross-session,AdaBN
286,16,0,0.0005083660000053669,97,A08,cross-session,AdaBN
287,16,0,0.00042331499999193056,97,A08,cross-session,AdaBN
0,1,1,0.001470888000000059,97,A09,cross-session,AdaBN
1,2,1,0.0012080350000047702,97,A09,cross-session,AdaBN
2,3,1,0.0010459390000079338,97,A09,cross-session,AdaBN
3,4,1,0.0005603130000082501,97,A09,cross-session,AdaBN
4,5,1,0.00047972099999071816,97,A09,cross-session,AdaBN
5,6,1,0.000503929999993602,97,A09,cross-session,AdaBN
6,7,1,0.0004925119999938943,97,A09,cross-session,AdaBN
7,8,0,0.0004971329999960972,97,A09,cross-session,AdaBN
8,9,0,0.00047706099999800244,97,A09,cross-session,AdaBN
9,10,1,0.0005076860000059469,97,A09,cross-session,AdaBN
10,11,1,0.0004906180000006088,97,A09,cross-session,AdaBN
11,12,0,0.0005193639999987454,97,A09,cross-session,AdaBN
12,13,1,0.0005151909999909776,97,A09,cross-session,AdaBN
13,14,1,0.000476295000012783,97,A09,cross-session,AdaBN
14,15,0,0.0004900919999926145,97,A09,cross-session,AdaBN
15,16,1,0.0005069300000002386,97,A09,cross-session,AdaBN
16,16,1,0.0005090370000004896,97,A09,cross-session,AdaBN
17,16,1,0.0005148790000077952,97,A09,cross-session,AdaBN
18,16,1,0.0004923909999945408,97,A09,cross-session,AdaBN
19,16,1,0.0004834340000030579,97,A09,cross-session,AdaBN
20,16,0,0.0004920829999974785,97,A09,cross-session,AdaBN
21,16,1,0.00048052600000403345,97,A09,cross-session,AdaBN
22,16,1,0.0004320369999959439,97,A09,cross-session,AdaBN
23,16,1,0.0005268039999890561,97,A09,cross-session,AdaBN
24,16,1,0.0005558439999902021,97,A09,cross-session,AdaBN
25,16,1,0.0006767249999910518,97,A09,cross-session,AdaBN
26,16,1,0.0006403630000022531,97,A09,cross-session,AdaBN
27,16,0,0.0006121380000081444,97,A09,cross-session,AdaBN
28,16,1,0.0005659290000039618,97,A09,cross-session,AdaBN
29,16,1,0.0005032779999964987,97,A09,cross-session,AdaBN
30,16,1,0.00038982599998860223,97,A09,cross-session,AdaBN
31,16,1,0.00041384800000798805,97,A09,cross-session,AdaBN
32,16,1,0.0003863889999990988,97,A09,cross-session,AdaBN
33,16,0,0.0003845789999985527,97,A09,cross-session,AdaBN
34,16,0,0.0003852979999976469,97,A09,cross-session,AdaBN
35,16,1,0.0005006740000084164,97,A09,cross-session,AdaBN
36,16,1,0.0004013389999926176,97,A09,cross-session,AdaBN
37,16,0,0.0003879690000019309,97,A09,cross-session,AdaBN
38,16,1,0.0005869470000021693,97,A09,cross-session,AdaBN
39,16,1,0.0004339540000017905,97,A09,cross-session,AdaBN
40,16,1,0.0003803130000079591,97,A09,cross-session,AdaBN
41,16,1,0.00036197499998991134,97,A09,cross-session,AdaBN
42,16,1,0.00038009000000727156,97,A09,cross-session,AdaBN
43,16,0,0.0003616959999988012,97,A09,cross-session,AdaBN
44,16,1,0.0004032969999911984,97,A09,cross-session,AdaBN
45,16,0,0.0003866019999918535,97,A09,cross-session,AdaBN
46,16,1,0.00038914900000008856,97,A09,cross-session,AdaBN
47,16,1,0.00037591500000644373,97,A09,cross-session,AdaBN
48,16,1,0.00036118799999940165,97,A09,cross-session,AdaBN
49,16,1,0.0003792609999919705,97,A09,cross-session,AdaBN
50,16,1,0.00037915100000418533,97,A09,cross-session,AdaBN
51,16,1,0.0003918769999984306,97,A09,cross-session,AdaBN
52,16,1,0.000363718999992102,97,A09,cross-session,AdaBN
53,16,1,0.0003926929999948925,97,A09,cross-session,AdaBN
54,16,1,0.00036013600001183477,97,A09,cross-session,AdaBN
55,16,1,0.00039287300000978576,97,A09,cross-session,AdaBN
56,16,1,0.00037097700000288114,97,A09,cross-session,AdaBN
57,16,1,0.00044433600000104434,97,A09,cross-session,AdaBN
58,16,1,0.00042650700000024244,97,A09,cross-session,AdaBN
59,16,1,0.0004048549999993156,97,A09,cross-session,AdaBN
60,16,1,0.00037173999999140506,97,A09,cross-session,AdaBN
61,16,1,0.00038126600000509825,97,A09,cross-session,AdaBN
62,16,0,0.0003867470000074036,97,A09,cross-session,AdaBN
63,16,1,0.0003678000000064685,97,A09,cross-session,AdaBN
64,16,1,0.00039059800000984524,97,A09,cross-session,AdaBN
65,16,1,0.00035999799999331117,97,A09,cross-session,AdaBN
66,16,1,0.00038501600000984126,97,A09,cross-session,AdaBN
67,16,1,0.00035830699999905846,97,A09,cross-session,AdaBN
68,16,1,0.00036379299999111936,97,A09,cross-session,AdaBN
69,16,0,0.0003795770000039056,97,A09,cross-session,AdaBN
70,16,1,0.0003986800000035373,97,A09,cross-session,AdaBN
71,16,1,0.00038863400000366255,97,A09,cross-session,AdaBN
72,16,1,0.0003692589999957363,97,A09,cross-session,AdaBN
73,16,1,0.0003815070000001697,97,A09,cross-session,AdaBN
74,16,1,0.00035938399999224657,97,A09,cross-session,AdaBN
75,16,1,0.00037733899999636833,97,A09,cross-session,AdaBN
76,16,1,0.0003789310000001933,97,A09,cross-session,AdaBN
77,16,1,0.0003859810000079733,97,A09,cross-session,AdaBN
78,16,1,0.00036965300000701973,97,A09,cross-session,AdaBN
79,16,1,0.00037629500000946337,97,A09,cross-session,AdaBN
80,16,0,0.00037448900000924823,97,A09,cross-session,AdaBN
81,16,1,0.0003584520000003977,97,A09,cross-session,AdaBN
82,16,1,0.00036573600000622264,97,A09,cross-session,AdaBN
83,16,1,0.00037313299999652827,97,A09,cross-session,AdaBN
84,16,1,0.00037243899998884444,97,A09,cross-session,AdaBN
85,16,1,0.00042561399999385685,97,A09,cross-session,AdaBN
86,16,1,0.0003892200000024104,97,A09,cross-session,AdaBN
87,16,1,0.0004213809999953355,97,A09,cross-session,AdaBN
88,16,0,0.00043192200000419234,97,A09,cross-session,AdaBN
89,16,1,0.0003640550000056919,97,A09,cross-session,AdaBN
90,16,0,0.00040928900000380963,97,A09,cross-session,AdaBN
91,16,1,0.00037351699999987886,97,A09,cross-session,AdaBN
92,16,1,0.0004038109999981998,97,A09,cross-session,AdaBN
93,16,0,0.0003842269999978498,97,A09,cross-session,AdaBN
94,16,0,0.00039092100000459595,97,A09,cross-session,AdaBN
95,16,0,0.0003809130000007599,97,A09,cross-session,AdaBN
96,16,1,0.0003679840000074819,97,A09,cross-session,AdaBN
97,16,1,0.00043774799999596326,97,A09,cross-session,AdaBN
98,16,1,0.0003881009999986418,97,A09,cross-session,AdaBN
99,16,1,0.0003749680000026956,97,A09,cross-session,AdaBN
100,16,1,0.00039584200000319925,97,A09,cross-session,AdaBN
101,16,1,0.0003793870000095012,97,A09,cross-session,AdaBN
102,16,1,0.0004125110000074983,97,A09,cross-session,AdaBN
103,16,1,0.00040958900000021004,97,A09,cross-session,AdaBN
104,16,0,0.0003844579999991993,97,A09,cross-session,AdaBN
105,16,1,0.000408109000005652,97,A09,cross-session,AdaBN
106,16,1,0.000373215999999843,97,A09,cross-session,AdaBN
107,16,1,0.0003818120000005365,97,A09,cross-session,AdaBN
108,16,0,0.00041537999999263775,97,A09,cross-session,AdaBN
109,16,1,0.0004257490000014741,97,A09,cross-session,AdaBN
110,16,1,0.00041911299999242146,97,A09,cross-session,AdaBN
111,16,1,0.00038771799999892664,97,A09,cross-session,AdaBN
112,16,1,0.0004011710000071389,97,A09,cross-session,AdaBN
113,16,1,0.0004173100000031127,97,A09,cross-session,AdaBN
114,16,1,0.00040618100000244795,97,A09,cross-session,AdaBN
115,16,1,0.0003944559999951025,97,A09,cross-session,AdaBN
116,16,1,0.00038078999999413554,97,A09,cross-session,AdaBN
117,16,1,0.0003845829999988837,97,A09,cross-session,AdaBN
118,16,1,0.0004019830000032698,97,A09,cross-session,AdaBN
119,16,1,0.00039477100000340215,97,A09,cross-session,AdaBN
120,16,1,0.00037770100000500406,97,A09,cross-session,AdaBN
121,16,1,0.0003771500000055994,97,A09,cross-session,AdaBN
122,16,1,0.00036211100000116403,97,A09,cross-session,AdaBN
123,16,1,0.0004022749999990083,97,A09,cross-session,AdaBN
124,16,1,0.0003771580000062613,97,A09,cross-session,AdaBN
125,16,1,0.000403800999990267,97,A09,cross-session,AdaBN
126,16,0,0.0004077970000082587,97,A09,cross-session,AdaBN
127,16,1,0.0003672010000030923,97,A09,cross-session,AdaBN
128,16,0,0.00040490399999271176,97,A09,cross-session,AdaBN
129,16,1,0.0003826880000019628,97,A09,cross-session,AdaBN
130,16,1,0.00041534999999726097,97,A09,cross-session,AdaBN
131,16,1,0.0003978600000067445,97,A09,cross-session,AdaBN
132,16,0,0.000394692999989843,97,A09,cross-session,AdaBN
133,16,0,0.00039265899999918474,97,A09,cross-session,AdaBN
134,16,1,0.0004033339999978125,97,A09,cross-session,AdaBN
135,16,1,0.00038556300000891497,97,A09,cross-session,AdaBN
136,16,1,0.0003942059999957337,97,A09,cross-session,AdaBN
137,16,1,0.0003817340000011882,97,A09,cross-session,AdaBN
138,16,1,0.00038835400000891696,97,A09,cross-session,AdaBN
139,16,0,0.0004275029999973867,97,A09,cross-session,AdaBN
140,16,0,0.00040354400000808255,97,A09,cross-session,AdaBN
141,16,0,0.00039046999999925447,97,A09,cross-session,AdaBN
142,16,1,0.00037469099999043465,97,A09,cross-session,AdaBN
143,16,1,0.0003833399999990661,97,A09,cross-session,AdaBN
144,16,0,0.00038720699998862074,97,A09,cross-session,AdaBN
145,16,0,0.00036605399999700694,97,A09,cross-session,AdaBN
146,16,1,0.000378573999995524,97,A09,cross-session,AdaBN
147,16,1,0.00040686200000550343,97,A09,cross-session,AdaBN
148,16,1,0.00041325400000857826,97,A09,cross-session,AdaBN
149,16,1,0.0004035810000004858,97,A09,cross-session,AdaBN
150,16,1,0.0003848990000108188,97,A09,cross-session,AdaBN
151,16,1,0.0003799589999999853,97,A09,cross-session,AdaBN
152,16,1,0.0003933829999880345,97,A09,cross-session,AdaBN
153,16,0,0.000377895999989164,97,A09,cross-session,AdaBN
154,16,1,0.00038279700000032335,97,A09,cross-session,AdaBN
155,16,1,0.00040978000001246073,97,A09,cross-session,AdaBN
156,16,1,0.00037807700000769273,97,A09,cross-session,AdaBN
157,16,0,0.0004121129999958839,97,A09,cross-session,AdaBN
158,16,1,0.00036864899999500267,97,A09,cross-session,AdaBN
159,16,0,0.00039961200000959707,97,A09,cross-session,AdaBN
160,16,0,0.00040768499999899177,97,A09,cross-session,AdaBN
161,16,1,0.0003825659999989739,97,A09,cross-session,AdaBN
162,16,0,0.00042841900000212263,97,A09,cross-session,AdaBN
163,16,1,0.00040428199999098524,97,A09,cross-session,AdaBN
164,16,1,0.0003722969999984116,97,A09,cross-session,AdaBN
165,16,0,0.00047295000000247,97,A09,cross-session,AdaBN
166,16,1,0.0003886330000000271,97,A09,cross-session,AdaBN
167,16,1,0.000374863000004666,97,A09,cross-session,AdaBN
168,16,1,0.0003974870000007513,97,A09,cross-session,AdaBN
169,16,1,0.000367862000004493,97,A09,cross-session,AdaBN
170,16,0,0.00037778099999741244,97,A09,cross-session,AdaBN
171,16,1,0.0004101579999939986,97,A09,cross-session,AdaBN
172,16,1,0.0003954440000057957,97,A09,cross-session,AdaBN
173,16,0,0.000377889999995773,97,A09,cross-session,AdaBN
174,16,1,0.0003986879999899884,97,A09,cross-session,AdaBN
175,16,1,0.00037926400000287686,97,A09,cross-session,AdaBN
176,16,1,0.0003681929999999056,97,A09,cross-session,AdaBN
177,16,0,0.0003867260000021133,97,A09,cross-session,AdaBN
178,16,1,0.00041306999999335403,97,A09,cross-session,AdaBN
179,16,0,0.0004264009999985774,97,A09,cross-session,AdaBN
180,16,0,0.0003766499999926509,97,A09,cross-session,AdaBN
181,16,0,0.0004103769999943552,97,A09,cross-session,AdaBN
182,16,0,0.0004155470000029027,97,A09,cross-session,AdaBN
183,16,1,0.0003898789999965402,97,A09,cross-session,AdaBN
184,16,1,0.0003884139999996705,97,A09,cross-session,AdaBN
185,16,0,0.0003908670000072334,97,A09,cross-session,AdaBN
186,16,1,0.0003796099999959779,97,A09,cross-session,AdaBN
187,16,1,0.0004065429999968728,97,A09,cross-session,AdaBN
188,16,1,0.00039291800000285093,97,A09,cross-session,AdaBN
189,16,1,0.00037528900000438625,97,A09,cross-session,AdaBN
190,16,1,0.0003707160000061549,97,A09,cross-session,AdaBN
191,16,1,0.00038045200000169643,97,A09,cross-session,AdaBN
192,16,1,0.0003845330000018521,97,A09,cross-session,AdaBN
193,16,1,0.0004314570000047979,97,A09,cross-session,AdaBN
194,16,1,0.00039054600000554274,97,A09,cross-session,AdaBN
195,16,1,0.0003903289999982462,97,A09,cross-session,AdaBN
196,16,1,0.0003808369999944716,97,A09,cross-session,AdaBN
197,16,1,0.00039169299999741725,97,A09,cross-session,AdaBN
198,16,1,0.00039744299999711075,97,A09,cross-session,AdaBN
199,16,1,0.00042300699999486824,97,A09,cross-session,AdaBN
200,16,1,0.00038267799999402996,97,A09,cross-session,AdaBN
201,16,1,0.00036563199999761764,97,A09,cross-session,AdaBN
202,16,1,0.0003582500000050004,97,A09,cross-session,AdaBN
203,16,1,0.00040035800000737254,97,A09,cross-session,AdaBN
204,16,0,0.00042333499999358537,97,A09,cross-session,AdaBN
205,16,1,0.00037094200000353794,97,A09,cross-session,AdaBN
206,16,1,0.0003975519999954713,97,A09,cross-session,AdaBN
207,16,1,0.0003841609999994944,97,A09,cross-session,AdaBN
208,16,0,0.00043152500001042426,97,A09,cross-session,AdaBN
209,16,1,0.00040822100000070805,97,A09,cross-session,AdaBN
210,16,1,0.00036882300000229407,97,A09,cross-session,AdaBN
211,16,0,0.00037798600000371607,97,A09,cross-session,AdaBN
212,16,1,0.0003980179999985012,97,A09,cross-session,AdaBN
213,16,1,0.00036141299999314924,97,A09,cross-session,AdaBN
214,16,0,0.0003758879999935516,97,A09,cross-session,AdaBN
215,16,1,0.0003725589999987733,97,A09,cross-session,AdaBN
216,16,1,0.00036778799999126477,97,A09,cross-session,AdaBN
217,16,0,0.0004603569999943602,97,A09,cross-session,AdaBN
218,16,0,0.000391437999994082,97,A09,cross-session,AdaBN
219,16,0,0.0004027929999921298,97,A09,cross-session,AdaBN
220,16,1,0.00037100999999495343,97,A09,cross-session,AdaBN
221,16,1,0.00038066900000899295,97,A09,cross-session,AdaBN
222,16,1,0.00039703899999210535,97,A09,cross-session,AdaBN
223,16,1,0.0004053910000010319,97,A09,cross-session,AdaBN
224,16,1,0.00037846000000740787,97,A09,cross-session,AdaBN
225,16,1,0.00037086900000815604,97,A09,cross-session,AdaBN
226,16,1,0.0003850300000038942,97,A09,cross-session,AdaBN
227,16,1,0.0003730159999975058,97,A09,cross-session,AdaBN
228,16,1,0.0003685310000065556,97,A09,cross-session,AdaBN
229,16,0,0.00036558400000785696,97,A09,cross-session,AdaBN
230,16,0,0.0003849020000075143,97,A09,cross-session,AdaBN
231,16,1,0.00038847400000463495,97,A09,cross-session,AdaBN
232,16,1,0.0004048119999993105,97,A09,cross-session,AdaBN
233,16,1,0.0003970300000020188,97,A09,cross-session,AdaBN
234,16,0,0.0003817369999978837,97,A09,cross-session,AdaBN
235,16,1,0.00038931500000671804,97,A09,cross-session,AdaBN
236,16,0,0.0003892350000000988,97,A09,cross-session,AdaBN
237,16,1,0.00037744800000893974,97,A09,cross-session,AdaBN
238,16,1,0.00039434100000335093,97,A09,cross-session,AdaBN
239,16,0,0.00039180099999214235,97,A09,cross-session,AdaBN
240,16,0,0.0003887579999997115,97,A09,cross-session,AdaBN
241,16,1,0.00037164199999040193,97,A09,cross-session,AdaBN
242,16,1,0.00039765500000044085,97,A09,cross-session,AdaBN
243,16,0,0.00039909800000259565,97,A09,cross-session,AdaBN
244,16,1,0.00044308599998998943,97,A09,cross-session,AdaBN
245,16,0,0.0003839360000057468,97,A09,cross-session,AdaBN
246,16,1,0.0003664979999911111,97,A09,cross-session,AdaBN
247,16,0,0.00038676900000211845,97,A09,cross-session,AdaBN
248,16,0,0.0004234129999929337,97,A09,cross-session,AdaBN
249,16,0,0.00038190600000120867,97,A09,cross-session,AdaBN
250,16,1,0.0004393419999928483,97,A09,cross-session,AdaBN
251,16,0,0.0003793870000095012,97,A09,cross-session,AdaBN
252,16,0,0.00037867099999289167,97,A09,cross-session,AdaBN
253,16,1,0.00040527299999837396,97,A09,cross-session,AdaBN
254,16,1,0.00037079999999889424,97,A09,cross-session,AdaBN
255,16,1,0.00038830500000130996,97,A09,cross-session,AdaBN
256,16,0,0.0003802460000059682,97,A09,cross-session,AdaBN
257,16,1,0.0004044509999943102,97,A09,cross-session,AdaBN
258,16,1,0.00037739900000133275,97,A09,cross-session,AdaBN
259,16,0,0.00037114800001347703,97,A09,cross-session,AdaBN
260,16,0,0.0003603059999903735,97,A09,cross-session,AdaBN
261,16,1,0.00036311499999897023,97,A09,cross-session,AdaBN
262,16,1,0.00042769700000633293,97,A09,cross-session,AdaBN
263,16,0,0.00038179800000648356,97,A09,cross-session,AdaBN
264,16,1,0.0003938269999963495,97,A09,cross-session,AdaBN
265,16,1,0.00038512199999729546,97,A09,cross-session,AdaBN
266,16,0,0.00038123400000245056,97,A09,cross-session,AdaBN
267,16,1,0.0003791729999989002,97,A09,cross-session,AdaBN
268,16,1,0.00037390699999662047,97,A09,cross-session,AdaBN
269,16,1,0.00037168999999437347,97,A09,cross-session,AdaBN
270,16,0,0.00036940200000401546,97,A09,cross-session,AdaBN
271,16,1,0.0003716000000082431,97,A09,cross-session,AdaBN
272,16,1,0.0003859360000006973,97,A09,cross-session,AdaBN
273,16,0,0.0003812189999905513,97,A09,cross-session,AdaBN
274,16,1,0.00037771099999872604,97,A09,cross-session,AdaBN
275,16,0,0.00038127800000609113,97,A09,cross-session,AdaBN
276,16,0,0.0004167089999924656,97,A09,cross-session,AdaBN
277,16,1,0.0003882580000009739,97,A09,cross-session,AdaBN
278,16,1,0.0003712639999946532,97,A09,cross-session,AdaBN
279,16,1,0.0003806569999937892,97,A09,cross-session,AdaBN
280,16,1,0.00037125900000489764,97,A09,cross-session,AdaBN
281,16,0,0.0003901869999936025,97,A09,cross-session,AdaBN
282,16,1,0.00036971300001198415,97,A09,cross-session,AdaBN
283,16,0,0.00038865999999870837,97,A09,cross-session,AdaBN
284,16,1,0.00036982700000010027,97,A09,cross-session,AdaBN
285,16,0,0.00037228600000105416,97,A09,cross-session,AdaBN
286,16,1,0.0003783370000007835,97,A09,cross-session,AdaBN
287,16,1,0.0003706170000015163,97,A09,cross-session,AdaBN
0,1,0,0.0006631440000006705,123,A01,cross-session,AdaBN
1,2,1,0.0005570969999979525,123,A01,cross-session,AdaBN
2,3,1,0.0006004420000067512,123,A01,cross-session,AdaBN
3,4,1,0.0006012389999909828,123,A01,cross-session,AdaBN
4,5,1,0.0005909940000066172,123,A01,cross-session,AdaBN
5,6,0,0.0005649369999929377,123,A01,cross-session,AdaBN
6,7,1,0.0005550150000033227,123,A01,cross-session,AdaBN
7,8,0,0.0004481879999929106,123,A01,cross-session,AdaBN
8,9,1,0.0004947289999961413,123,A01,cross-session,AdaBN
9,10,1,0.0004529069999961166,123,A01,cross-session,AdaBN
10,11,0,0.00044829899999854206,123,A01,cross-session,AdaBN
11,12,0,0.00043893899999147834,123,A01,cross-session,AdaBN
12,13,1,0.00046514199999592165,123,A01,cross-session,AdaBN
13,14,1,0.00043295100000761977,123,A01,cross-session,AdaBN
14,15,1,0.0004387649999983978,123,A01,cross-session,AdaBN
15,16,1,0.0004415140000020301,123,A01,cross-session,AdaBN
16,16,1,0.0004207349999916232,123,A01,cross-session,AdaBN
17,16,1,0.0004360500000046841,123,A01,cross-session,AdaBN
18,16,1,0.0004234069999995427,123,A01,cross-session,AdaBN
19,16,1,0.0004361169999924641,123,A01,cross-session,AdaBN
20,16,1,0.00041593800000327974,123,A01,cross-session,AdaBN
21,16,1,0.00043332199999213117,123,A01,cross-session,AdaBN
22,16,1,0.00042513399999677404,123,A01,cross-session,AdaBN
23,16,1,0.0004539130000011937,123,A01,cross-session,AdaBN
24,16,0,0.0004480030000024726,123,A01,cross-session,AdaBN
25,16,1,0.00038446700000349665,123,A01,cross-session,AdaBN
26,16,1,0.00041829500000289954,123,A01,cross-session,AdaBN
27,16,1,0.0004100259999972877,123,A01,cross-session,AdaBN
28,16,0,0.00043707200001108504,123,A01,cross-session,AdaBN
29,16,1,0.0005141489999971327,123,A01,cross-session,AdaBN
30,16,0,0.00047688099999732003,123,A01,cross-session,AdaBN
31,16,1,0.00042507800000635143,123,A01,cross-session,AdaBN
32,16,1,0.00036846800000489566,123,A01,cross-session,AdaBN
33,16,1,0.0004950610000094002,123,A01,cross-session,AdaBN
34,16,1,0.00046794300000385647,123,A01,cross-session,AdaBN
35,16,1,0.00038578800000266256,123,A01,cross-session,AdaBN
36,16,1,0.0003825430000006236,123,A01,cross-session,AdaBN
37,16,0,0.0003864480000004278,123,A01,cross-session,AdaBN
38,16,1,0.00048470100000486127,123,A01,cross-session,AdaBN
39,16,0,0.00041559199999596785,123,A01,cross-session,AdaBN
40,16,1,0.00040737999999862495,123,A01,cross-session,AdaBN
41,16,1,0.00037805600000240247,123,A01,cross-session,AdaBN
42,16,1,0.000360477999990394,123,A01,cross-session,AdaBN
43,16,0,0.00040759200000195506,123,A01,cross-session,AdaBN
44,16,1,0.0003597179999985656,123,A01,cross-session,AdaBN
45,16,0,0.0003974719999888521,123,A01,cross-session,AdaBN
46,16,1,0.00042199099999606915,123,A01,cross-session,AdaBN
47,16,0,0.0004430860000042003,123,A01,cross-session,AdaBN
48,16,0,0.0003719829999937474,123,A01,cross-session,AdaBN
49,16,0,0.0004053910000010319,123,A01,cross-session,AdaBN
50,16,1,0.0003813999999948692,123,A01,cross-session,AdaBN
51,16,1,0.0003962380000075427,123,A01,cross-session,AdaBN
52,16,1,0.00037082899999063557,123,A01,cross-session,AdaBN
53,16,1,0.00039211499999680655,123,A01,cross-session,AdaBN
54,16,0,0.0003795100000019147,123,A01,cross-session,AdaBN
55,16,0,0.00036521200000549925,123,A01,cross-session,AdaBN
56,16,1,0.00040540299998781393,123,A01,cross-session,AdaBN
57,16,1,0.0003563159999941945,123,A01,cross-session,AdaBN
58,16,1,0.00041450900000938873,123,A01,cross-session,AdaBN
59,16,1,0.00045276800000237927,123,A01,cross-session,AdaBN
60,16,0,0.00039487600000143175,123,A01,cross-session,AdaBN
61,16,0,0.0003766089999999167,123,A01,cross-session,AdaBN
62,16,1,0.0003756280000004608,123,A01,cross-session,AdaBN
63,16,1,0.00039707599999871945,123,A01,cross-session,AdaBN
64,16,1,0.00036000400000091304,123,A01,cross-session,AdaBN
65,16,0,0.0003918980000037209,123,A01,cross-session,AdaBN
66,16,0,0.00036617300000330033,123,A01,cross-session,AdaBN
67,16,1,0.0003956190000025117,123,A01,cross-session,AdaBN
68,16,1,0.00036573600000622264,123,A01,cross-session,AdaBN
69,16,0,0.0003911949999917397,123,A01,cross-session,AdaBN
70,16,1,0.00036786900000151945,123,A01,cross-session,AdaBN
71,16,0,0.0003939559999963649,123,A01,cross-session,AdaBN
72,16,0,0.00038864600000465543,123,A01,cross-session,AdaBN
73,16,1,0.0004028449999964323,123,A01,cross-session,AdaBN
74,16,0,0.0003749270000099614,123,A01,cross-session,AdaBN
75,16,1,0.00036774100000513954,123,A01,cross-session,AdaBN
76,16,1,0.0004427049999975452,123,A01,cross-session,AdaBN
77,16,1,0.0003782189999981256,123,A01,cross-session,AdaBN
78,16,1,0.00037593800000479405,123,A01,cross-session,AdaBN
79,16,1,0.00036429699999018794,123,A01,cross-session,AdaBN
80,16,1,0.00037050599999588485,123,A01,cross-session,AdaBN
81,16,0,0.00035937500000216005,123,A01,cross-session,AdaBN
82,16,1,0.00036935999999343494,123,A01,cross-session,AdaBN
83,16,1,0.00036599499999567797,123,A01,cross-session,AdaBN
84,16,1,0.0003610819999977366,123,A01,cross-session,AdaBN
85,16,0,0.00037573800000245683,123,A01,cross-session,AdaBN
86,16,1,0.0003594039999939014,123,A01,cross-session,AdaBN
87,16,1,0.0003717129999927238,123,A01,cross-session,AdaBN
88,16,1,0.00037235000000634955,123,A01,cross-session,AdaBN
89,16,0,0.00036726400000475223,123,A01,cross-session,AdaBN
90,16,1,0.0003686930000128541,123,A01,cross-session,AdaBN
91,16,1,0.00036220199999092983,123,A01,cross-session,AdaBN
92,16,1,0.000370554999989281,123,A01,cross-session,AdaBN
93,16,1,0.000367577000005781,123,A01,cross-session,AdaBN
94,16,0,0.0003758550000014793,123,A01,cross-session,AdaBN
95,16,0,0.00037027200001205074,123,A01,cross-session,AdaBN
96,16,1,0.0003756429999981492,123,A01,cross-session,AdaBN
97,16,0,0.00037670999999761534,123,A01,cross-session,AdaBN
98,16,1,0.0003561630000064042,123,A01,cross-session,AdaBN
99,16,1,0.00038136800000643234,123,A01,cross-session,AdaBN
100,16,1,0.00041682700000933437,123,A01,cross-session,AdaBN
101,16,0,0.00036132299999280804,123,A01,cross-session,AdaBN
102,16,0,0.0004196950000050492,123,A01,cross-session,AdaBN
103,16,0,0.0003665579999960755,123,A01,cross-session,AdaBN
104,16,1,0.00037822000000176104,123,A01,cross-session,AdaBN
105,16,1,0.0003648360000028106,123,A01,cross-session,AdaBN
106,16,1,0.00035683100000483137,123,A01,cross-session,AdaBN
107,16,1,0.00038354599999479433,123,A01,cross-session,AdaBN
108,16,0,0.0003625970000058487,123,A01,cross-session,AdaBN
109,16,1,0.00038408500000741697,123,A01,cross-session,AdaBN
110,16,0,0.00037484499999607124,123,A01,cross-session,AdaBN
111,16,1,0.00036685999999974683,123,A01,cross-session,AdaBN
112,16,1,0.00038064400000337173,123,A01,cross-session,AdaBN
113,16,1,0.00036667599999873346,123,A01,cross-session,AdaBN
114,16,0,0.00036853800000358206,123,A01,cross-session,AdaBN
115,16,0,0.00036618199999338685,123,A01,cross-session,AdaBN
116,16,0,0.0003567549999985431,123,A01,cross-session,AdaBN
117,16,1,0.0003841149999885829,123,A01,cross-session,AdaBN
118,16,1,0.0003583050000059984,123,A01,cross-session,AdaBN
119,16,1,0.00036240300001111336,123,A01,cross-session,AdaBN
120,16,1,0.000376227000003837,123,A01,cross-session,AdaBN
121,16,0,0.0003582359999967366,123,A01,cross-session,AdaBN
122,16,0,0.0004001269999918122,123,A01,cross-session,AdaBN
123,16,1,0.00036263399999825197,123,A01,cross-session,AdaBN
124,16,0,0.00037789099999940845,123,A01,cross-session,AdaBN
125,16,1,0.00036572900000919617,123,A01,cross-session,AdaBN
126,16,0,0.00036121099999775197,123,A01,cross-session,AdaBN
127,16,0,0.0003980130000087456,123,A01,cross-session,AdaBN
128,16,1,0.0003610760000043456,123,A01,cross-session,AdaBN
129,16,0,0.00039674600000694227,123,A01,cross-session,AdaBN
130,16,1,0.00040111500000250544,123,A01,cross-session,AdaBN
131,16,0,0.00037490200000434015,123,A01,cross-session,AdaBN
132,16,0,0.00040103300000282616,123,A01,cross-session,AdaBN
133,16,1,0.00036866099999599555,123,A01,cross-session,AdaBN
134,16,0,0.0003721509999934369,123,A01,cross-session,AdaBN
135,16,1,0.00039012999999954445,123,A01,cross-session,AdaBN
136,16,0,0.0003754680000014332,123,A01,cross-session,AdaBN
137,16,1,0.0003823389999979554,123,A01,cross-session,AdaBN
138,16,0,0.0003562429999988126,123,A01,cross-session,AdaBN
139,16,1,0.0003965889999903993,123,A01,cross-session,AdaBN
140,16,1,0.0003704240000104164,123,A01,cross-session,AdaBN
141,16,1,0.0003564770000110684,123,A01,cross-session,AdaBN
142,16,0,0.00039984900000433754,123,A01,cross-session,AdaBN
143,16,0,0.0003657150000009324,123,A01,cross-session,AdaBN
144,16,1,0.0003624229999985573,123,A01,cross-session,AdaBN
145,16,1,0.0003646699999961811,123,A01,cross-session,AdaBN
146,16,0,0.0003569760000061706,123,A01,cross-session,AdaBN
147,16,0,0.00041675200000668156,123,A01,cross-session,AdaBN
148,16,1,0.0003692469999947434,123,A01,cross-session,AdaBN
149,16,1,0.00037482799999111194,123,A01,cross-session,AdaBN
150,16,1,0.0004068519999975706,123,A01,cross-session,AdaBN
151,16,1,0.0003599230000048692,123,A01,cross-session,AdaBN
152,16,1,0.0003930270000012115,123,A01,cross-session,AdaBN
153,16,1,0.000385749999992413,123,A01,cross-session,AdaBN
154,16,0,0.000367533999991565,123,A01,cross-session,AdaBN
155,16,1,0.00037491400000533304,123,A01,cross-session,AdaBN
156,16,0,0.00037178899999901205,123,A01,cross-session,AdaBN
157,16,1,0.00037742699998943863,123,A01,cross-session,AdaBN
158,16,0,0.00039933099999700516,123,A01,cross-session,AdaBN
159,16,0,0.0003860460000026933,123,A01,cross-session,AdaBN
160,16,1,0.0003900930000071412,123,A01,cross-session,AdaBN
161,16,1,0.000370774999993273,123,A01,cross-session,AdaBN
162,16,0,0.0003709900000075095,123,A01,cross-session,AdaBN
163,16,1,0.0003957090000028529,123,A01,cross-session,AdaBN
164,16,0,0.0003586200000000872,123,A01,cross-session,AdaBN
165,16,1,0.0003675079999965192,123,A01,cross-session,AdaBN
166,16,0,0.00040498799999966195,123,A01,cross-session,AdaBN
167,16,1,0.00037195499999143067,123,A01,cross-session,AdaBN
168,16,1,0.00038232299999663155,123,A01,cross-session,AdaBN
169,16,1,0.0003714600000108703,123,A01,cross-session,AdaBN
170,16,1,0.00036831100000256356,123,A01,cross-session,AdaBN
171,16,0,0.00036995200001399553,123,A01,cross-session,AdaBN
172,16,1,0.0003622629999995297,123,A01,cross-session,AdaBN
173,16,1,0.000366340999988779,123,A01,cross-session,AdaBN
174,16,0,0.0003746739999996862,123,A01,cross-session,AdaBN
175,16,0,0.0003579880000046387,123,A01,cross-session,AdaBN
176,16,1,0.00039445999999543346,123,A01,cross-session,AdaBN
177,16,1,0.0003572520000005852,123,A01,cross-session,AdaBN
178,16,1,0.00038349500000833814,123,A01,cross-session,AdaBN
179,16,0,0.0004103769999943552,123,A01,cross-session,AdaBN
180,16,1,0.0003988370000058694,123,A01,cross-session,AdaBN
181,16,1,0.0003721659999911253,123,A01,cross-session,AdaBN
182,16,0,0.00036621300000660995,123,A01,cross-session,AdaBN
183,16,0,0.00037387899999430374,123,A01,cross-session,AdaBN
184,16,1,0.00036735799999121355,123,A01,cross-session,AdaBN
185,16,1,0.0003710789999900044,123,A01,cross-session,AdaBN
186,16,1,0.00037723600000560964,123,A01,cross-session,AdaBN
187,16,1,0.00037024399999552315,123,A01,cross-session,AdaBN
188,16,1,0.00036864800000557807,123,A01,cross-session,AdaBN
189,16,1,0.000364107999999419,123,A01,cross-session,AdaBN
190,16,1,0.00036710999999911564,123,A01,cross-session,AdaBN
191,16,1,0.0003734680000064827,123,A01,cross-session,AdaBN
192,16,1,0.0003865839999974696,123,A01,cross-session,AdaBN
193,16,1,0.0003877420000009124,123,A01,cross-session,AdaBN
194,16,0,0.00036625100000264865,123,A01,cross-session,AdaBN
195,16,0,0.0003953490000014881,123,A01,cross-session,AdaBN
196,16,1,0.00036409499999479067,123,A01,cross-session,AdaBN
197,16,1,0.00036693799999909515,123,A01,cross-session,AdaBN
198,16,1,0.00036130100001230403,123,A01,cross-session,AdaBN
199,16,1,0.00035974700000451776,123,A01,cross-session,AdaBN
200,16,0,0.00036987999999382737,123,A01,cross-session,AdaBN
201,16,0,0.0003727850000103672,123,A01,cross-session,AdaBN
202,16,1,0.0003848109999893268,123,A01,cross-session,AdaBN
203,16,0,0.00040471799999863833,123,A01,cross-session,AdaBN
204,16,1,0.00036929499999871496,123,A01,cross-session,AdaBN
205,16,1,0.00036126000000535896,123,A01,cross-session,AdaBN
206,16,0,0.00037217399999178724,123,A01,cross-session,AdaBN
207,16,1,0.0003546689999893715,123,A01,cross-session,AdaBN
208,16,1,0.00037943999998901745,123,A01,cross-session,AdaBN
209,16,1,0.00036818099999891274,123,A01,cross-session,AdaBN
210,16,0,0.00036694799999281713,123,A01,cross-session,AdaBN
211,16,0,0.0003643090000053917,123,A01,cross-session,AdaBN
212,16,1,0.000362565000003201,123,A01,cross-session,AdaBN
213,16,1,0.00036323799999138373,123,A01,cross-session,AdaBN
214,16,0,0.00038072000000966,123,A01,cross-session,AdaBN
215,16,1,0.00036598999999171156,123,A01,cross-session,AdaBN
216,16,0,0.0003542430000038621,123,A01,cross-session,AdaBN
217,16,1,0.000358190000000036,123,A01,cross-session,AdaBN
218,16,0,0.00035294100000271555,123,A01,cross-session,AdaBN
219,16,1,0.0003585179999987531,123,A01,cross-session,AdaBN
220,16,1,0.000360352000001285,123,A01,cross-session,AdaBN
221,16,1,0.0003566729999988638,123,A01,cross-session,AdaBN
222,16,1,0.0003682600000018965,123,A01,cross-session,AdaBN
223,16,1,0.0003634819999973615,123,A01,cross-session,AdaBN
224,16,0,0.00036190199999452943,123,A01,cross-session,AdaBN
225,16,1,0.00037236599999346254,123,A01,cross-session,AdaBN
226,16,0,0.0003958160000081534,123,A01,cross-session,AdaBN
227,16,1,0.00037153899999964324,123,A01,cross-session,AdaBN
228,16,0,0.0003638550000033547,123,A01,cross-session,AdaBN
229,16,1,0.00036989199999482025,123,A01,cross-session,AdaBN
230,16,1,0.0003656730000045627,123,A01,cross-session,AdaBN
231,16,0,0.00037138199999731114,123,A01,cross-session,AdaBN
232,16,0,0.00036765699999818935,123,A01,cross-session,AdaBN
233,16,1,0.00036258500000485583,123,A01,cross-session,AdaBN
234,16,1,0.0003665230000109432,123,A01,cross-session,AdaBN
235,16,1,0.00037767599999938284,123,A01,cross-session,AdaBN
236,16,0,0.0003818919999929449,123,A01,cross-session,AdaBN
237,16,1,0.0003555840000046828,123,A01,cross-session,AdaBN
238,16,1,0.000358130999998707,123,A01,cross-session,AdaBN
239,16,0,0.00036875799999336323,123,A01,cross-session,AdaBN
240,16,0,0.00037139699999499953,123,A01,cross-session,AdaBN
241,16,1,0.00036869599999533875,123,A01,cross-session,AdaBN
242,16,1,0.0003672030000103632,123,A01,cross-session,AdaBN
243,16,1,0.0003645829999925354,123,A01,cross-session,AdaBN
244,16,1,0.0003701100000057522,123,A01,cross-session,AdaBN
245,16,1,0.000364212000008024,123,A01,cross-session,AdaBN
246,16,1,0.0003679609999949207,123,A01,cross-session,AdaBN
247,16,1,0.0003699600000004466,123,A01,cross-session,AdaBN
248,16,1,0.0003511040000034882,123,A01,cross-session,AdaBN
249,16,1,0.0003645590000047605,123,A01,cross-session,AdaBN
250,16,1,0.00036937499999112333,123,A01,cross-session,AdaBN
251,16,0,0.00035302899999578585,123,A01,cross-session,AdaBN
252,16,1,0.00036821300000156043,123,A01,cross-session,AdaBN
253,16,1,0.0003767860000039036,123,A01,cross-session,AdaBN
254,16,1,0.00037210800000764266,123,A01,cross-session,AdaBN
255,16,1,0.0003691839999930835,123,A01,cross-session,AdaBN
256,16,1,0.00035454199999662706,123,A01,cross-session,AdaBN
257,16,1,0.0003873750000025211,123,A01,cross-session,AdaBN
258,16,1,0.00037582500000610253,123,A01,cross-session,AdaBN
259,16,1,0.0003586490000060394,123,A01,cross-session,AdaBN
260,16,0,0.0003615709999991168,123,A01,cross-session,AdaBN
261,16,1,0.000362744000000248,123,A01,cross-session,AdaBN
262,16,1,0.00035726099999067173,123,A01,cross-session,AdaBN
263,16,0,0.0003595749999902864,123,A01,cross-session,AdaBN
264,16,1,0.0003713390000115169,123,A01,cross-session,AdaBN
265,16,1,0.0003608259999907659,123,A01,cross-session,AdaBN
266,16,1,0.0003595809999978883,123,A01,cross-session,AdaBN
267,16,0,0.0003646790000004785,123,A01,cross-session,AdaBN
268,16,1,0.0003647549999925559,123,A01,cross-session,AdaBN
269,16,0,0.00038667699999450633,123,A01,cross-session,AdaBN
270,16,1,0.00036051399999337264,123,A01,cross-session,AdaBN
271,16,1,0.0003594119999945633,123,A01,cross-session,AdaBN
272,16,1,0.0003992710000062516,123,A01,cross-session,AdaBN
273,16,0,0.00035872300000505675,123,A01,cross-session,AdaBN
274,16,1,0.0003726800000123376,123,A01,cross-session,AdaBN
275,16,0,0.00038260499999864805,123,A01,cross-session,AdaBN
276,16,1,0.0003652710000068282,123,A01,cross-session,AdaBN
277,16,0,0.000400540000001115,123,A01,cross-session,AdaBN
278,16,0,0.0003641429999987622,123,A01,cross-session,AdaBN
279,16,1,0.0003979629999975032,123,A01,cross-session,AdaBN
280,16,1,0.00036394600000733135,123,A01,cross-session,AdaBN
281,16,0,0.00035841400000435897,123,A01,cross-session,AdaBN
282,16,0,0.0003635690000010072,123,A01,cross-session,AdaBN
283,16,0,0.00037181899999438883,123,A01,cross-session,AdaBN
284,16,0,0.0003632640000006404,123,A01,cross-session,AdaBN
285,16,1,0.00038389799999549723,123,A01,cross-session,AdaBN
286,16,1,0.00036807600000088314,123,A01,cross-session,AdaBN
287,16,0,0.00036463600000047336,123,A01,cross-session,AdaBN
0,1,1,0.0007318390000108366,123,A02,cross-session,AdaBN
1,2,1,0.0006151489999979276,123,A02,cross-session,AdaBN
2,3,0,0.0006084179999987782,123,A02,cross-session,AdaBN
3,4,0,0.0005834139999905119,123,A02,cross-session,AdaBN
4,5,0,0.0005823470000052566,123,A02,cross-session,AdaBN
5,6,1,0.0006017510000049242,123,A02,cross-session,AdaBN
6,7,0,0.0005850080000016078,123,A02,cross-session,AdaBN
7,8,0,0.0004751069999997526,123,A02,cross-session,AdaBN
8,9,1,0.0004622369999935927,123,A02,cross-session,AdaBN
9,10,0,0.00044298599999592625,123,A02,cross-session,AdaBN
10,11,0,0.0004423739999879217,123,A02,cross-session,AdaBN
11,12,0,0.0004151429999978973,123,A02,cross-session,AdaBN
12,13,0,0.0004247450000036679,123,A02,cross-session,AdaBN
13,14,0,0.0004313679999938813,123,A02,cross-session,AdaBN
14,15,0,0.00043708100000117156,123,A02,cross-session,AdaBN
15,16,1,0.00042168899999239784,123,A02,cross-session,AdaBN
16,16,0,0.00043142100000181927,123,A02,cross-session,AdaBN
17,16,0,0.00043956300000047577,123,A02,cross-session,AdaBN
18,16,0,0.00044616399999597434,123,A02,cross-session,AdaBN
19,16,0,0.00045441299999993134,123,A02,cross-session,AdaBN
20,16,0,0.00041288500000291606,123,A02,cross-session,AdaBN
21,16,1,0.0003956540000018549,123,A02,cross-session,AdaBN
22,16,0,0.0004282839999945054,123,A02,cross-session,AdaBN
23,16,0,0.0003741000000019312,123,A02,cross-session,AdaBN
24,16,0,0.00037696999999070613,123,A02,cross-session,AdaBN
25,16,1,0.0003790030000061506,123,A02,cross-session,AdaBN
26,16,0,0.0003769149999897081,123,A02,cross-session,AdaBN
27,16,0,0.0003894180000116876,123,A02,cross-session,AdaBN
28,16,0,0.0003725640000027397,123,A02,cross-session,AdaBN
29,16,1,0.00038435099999389877,123,A02,cross-session,AdaBN
30,16,0,0.00037867400000379803,123,A02,cross-session,AdaBN
31,16,1,0.00036966100000768165,123,A02,cross-session,AdaBN
32,16,1,0.0004047790000072382,123,A02,cross-session,AdaBN
33,16,1,0.00037438000001088767,123,A02,cross-session,AdaBN
34,16,0,0.0003762219999998706,123,A02,cross-session,AdaBN
35,16,1,0.00038165600000183986,123,A02,cross-session,AdaBN
36,16,0,0.0003807400000113148,123,A02,cross-session,AdaBN
37,16,0,0.00038454299999557406,123,A02,cross-session,AdaBN
38,16,0,0.00038009600000066257,123,A02,cross-session,AdaBN
39,16,0,0.0003752539999908322,123,A02,cross-session,AdaBN
40,16,1,0.0003727309999987938,123,A02,cross-session,AdaBN
41,16,0,0.0003932320000075151,123,A02,cross-session,AdaBN
42,16,1,0.00037103400001115006,123,A02,cross-session,AdaBN
43,16,0,0.00039587999999923795,123,A02,cross-session,AdaBN
44,16,0,0.00036647599999639624,123,A02,cross-session,AdaBN
45,16,1,0.00044587200000023586,123,A02,cross-session,AdaBN
46,16,0,0.00039363000000491866,123,A02,cross-session,AdaBN
47,16,0,0.0003618829999965101,123,A02,cross-session,AdaBN
48,16,0,0.0003803360000063094,123,A02,cross-session,AdaBN
49,16,0,0.0003723260000043638,123,A02,cross-session,AdaBN
50,16,0,0.00038919800000769555,123,A02,cross-session,AdaBN
51,16,0,0.0003740970000052357,123,A02,cross-session,AdaBN
52,16,1,0.0003709379999889961,123,A02,cross-session,AdaBN
53,16,1,0.0003736039999893137,123,A02,cross-session,AdaBN
54,16,0,0.0003591690000064318,123,A02,cross-session,AdaBN
55,16,0,0.0003655680000065331,123,A02,cross-session,AdaBN
56,16,0,0.00040195900000128404,123,A02,cross-session,AdaBN
57,16,0,0.0003751429999994116,123,A02,cross-session,AdaBN
58,16,1,0.00034841400000118483,123,A02,cross-session,AdaBN
59,16,1,0.00036262000000419903,123,A02,cross-session,AdaBN
60,16,1,0.0003536090000011427,123,A02,cross-session,AdaBN
61,16,0,0.00036803199999724256,123,A02,cross-session,AdaBN
62,16,0,0.0003559160000037309,123,A02,cross-session,AdaBN
63,16,0,0.0004128899999926716,123,A02,cross-session,AdaBN
64,16,1,0.00037045300000215775,123,A02,cross-session,AdaBN
65,16,1,0.00036187799999254366,123,A02,cross-session,AdaBN
66,16,0,0.0003706580000084614,123,A02,cross-session,AdaBN
67,16,1,0.0003687810000059244,123,A02,cross-session,AdaBN
68,16,0,0.0004010399999998526,123,A02,cross-session,AdaBN
69,16,1,0.00037063599999953567,123,A02,cross-session,AdaBN
70,16,0,0.00037106700000322235,123,A02,cross-session,AdaBN
71,16,0,0.0003540980000025229,123,A02,cross-session,AdaBN
72,16,0,0.0003645150000011199,123,A02,cross-session,AdaBN
73,16,0,0.00035545299999739655,123,A02,cross-session,AdaBN
74,16,0,0.00037475499999573003,123,A02,cross-session,AdaBN
75,16,0,0.00036556999999959316,123,A02,cross-session,AdaBN
76,16,1,0.0003595280000041612,123,A02,cross-session,AdaBN
77,16,0,0.0003739960000075371,123,A02,cross-session,AdaBN
78,16,0,0.0003647770000014816,123,A02,cross-session,AdaBN
79,16,0,0.000357221000001573,123,A02,cross-session,AdaBN
80,16,0,0.0003725640000027397,123,A02,cross-session,AdaBN
81,16,0,0.0003595169999925929,123,A02,cross-session,AdaBN
82,16,1,0.000381645999993907,123,A02,cross-session,AdaBN
83,16,0,0.00036810100000650436,123,A02,cross-session,AdaBN
84,16,0,0.0003554660000020249,123,A02,cross-session,AdaBN
85,16,1,0.0003780209999888484,123,A02,cross-session,AdaBN
86,16,1,0.00035162599999694066,123,A02,cross-session,AdaBN
87,16,1,0.00037581099999783873,123,A02,cross-session,AdaBN
88,16,0,0.00036799199999393295,123,A02,cross-session,AdaBN
89,16,0,0.0003565459999919085,123,A02,cross-session,AdaBN
90,16,0,0.0003692139999884603,123,A02,cross-session,AdaBN
91,16,0,0.0003735220000038453,123,A02,cross-session,AdaBN
92,16,0,0.0003714709999940169,123,A02,cross-session,AdaBN
93,16,0,0.00036431699999184275,123,A02,cross-session,AdaBN
94,16,0,0.00036214899999720274,123,A02,cross-session,AdaBN
95,16,0,0.00036985399999878155,123,A02,cross-session,AdaBN
96,16,1,0.00035512099999834845,123,A02,cross-session,AdaBN
97,16,0,0.00036465399999485726,123,A02,cross-session,AdaBN
98,16,0,0.0003757650000011381,123,A02,cross-session,AdaBN
99,16,0,0.00036289800000588457,123,A02,cross-session,AdaBN
100,16,1,0.00037420000001020526,123,A02,cross-session,AdaBN
101,16,1,0.00035870399999282654,123,A02,cross-session,AdaBN
102,16,1,0.0003536799999892537,123,A02,cross-session,AdaBN
103,16,0,0.0003899960000097735,123,A02,cross-session,AdaBN
104,16,0,0.00035828699999740365,123,A02,cross-session,AdaBN
105,16,0,0.00035540899999375597,123,A02,cross-session,AdaBN
106,16,1,0.0003594370000001845,123,A02,cross-session,AdaBN
107,16,0,0.00036069500001190136,123,A02,cross-session,AdaBN
108,16,0,0.0003654750000094964,123,A02,cross-session,AdaBN
109,16,1,0.0003672659999978123,123,A02,cross-session,AdaBN
110,16,0,0.00036158400000374513,123,A02,cross-session,AdaBN
111,16,0,0.0003644319999978052,123,A02,cross-session,AdaBN
112,16,0,0.00036062600000263956,123,A02,cross-session,AdaBN
113,16,0,0.0003559469999885323,123,A02,cross-session,AdaBN
114,16,0,0.00035897099999715465,123,A02,cross-session,AdaBN
115,16,0,0.0003834529999977576,123,A02,cross-session,AdaBN
116,16,0,0.00037691099998937716,123,A02,cross-session,AdaBN
117,16,0,0.00035235400000033223,123,A02,cross-session,AdaBN
118,16,0,0.0003703419999965263,123,A02,cross-session,AdaBN
119,16,0,0.00037910400000384925,123,A02,cross-session,AdaBN
120,16,0,0.00035856099999875823,123,A02,cross-session,AdaBN
121,16,1,0.00037196699999242355,123,A02,cross-session,AdaBN
122,16,0,0.000353122999996458,123,A02,cross-session,AdaBN
123,16,0,0.0003601159999959691,123,A02,cross-session,AdaBN
124,16,0,0.0003600450000078581,123,A02,cross-session,AdaBN
125,16,0,0.0003672309999984691,123,A02,cross-session,AdaBN
126,16,0,0.00039222200000210705,123,A02,cross-session,AdaBN
127,16,0,0.0003698439999908487,123,A02,cross-session,AdaBN
128,16,1,0.0003598010000018803,123,A02,cross-session,AdaBN
129,16,0,0.0003607149999993453,123,A02,cross-session,AdaBN
130,16,0,0.00035392400000944235,123,A02,cross-session,AdaBN
131,16,0,0.00036619099999768423,123,A02,cross-session,AdaBN
132,16,1,0.00036303200000986635,123,A02,cross-session,AdaBN
133,16,1,0.00035210600000823433,123,A02,cross-session,AdaBN
134,16,0,0.00036578899999994974,123,A02,cross-session,AdaBN
135,16,0,0.0003589370000014469,123,A02,cross-session,AdaBN
136,16,0,0.0003545699999989438,123,A02,cross-session,AdaBN
137,16,0,0.00040788300000826894,123,A02,cross-session,AdaBN
138,16,1,0.0003599309999913203,123,A02,cross-session,AdaBN
139,16,0,0.000353926999991927,123,A02,cross-session,AdaBN
140,16,1,0.000364227999995137,123,A02,cross-session,AdaBN
141,16,1,0.00035955799999953797,123,A02,cross-session,AdaBN
142,16,1,0.0003782049999898618,123,A02,cross-session,AdaBN
143,16,0,0.00035495199999502347,123,A02,cross-session,AdaBN
144,16,0,0.0003689880000052881,123,A02,cross-session,AdaBN
145,16,0,0.00036680799999544433,123,A02,cross-session,AdaBN
146,16,0,0.0003555939999984048,123,A02,cross-session,AdaBN
147,16,0,0.0003653309999975818,123,A02,cross-session,AdaBN
148,16,0,0.00035771000000295317,123,A02,cross-session,AdaBN
149,16,1,0.0003597969999873385,123,A02,cross-session,AdaBN
150,16,0,0.0003902600000031953,123,A02,cross-session,AdaBN
151,16,1,0.000363249000002952,123,A02,cross-session,AdaBN
152,16,1,0.0003614199999901757,123,A02,cross-session,AdaBN
153,16,0,0.0003575860000069042,123,A02,cross-session,AdaBN
154,16,0,0.00034951599999999416,123,A02,cross-session,AdaBN
155,16,0,0.00035524800000530377,123,A02,cross-session,AdaBN
156,16,0,0.0003577469999953564,123,A02,cross-session,AdaBN
157,16,0,0.00035395199999754823,123,A02,cross-session,AdaBN
158,16,0,0.0003536090000011427,123,A02,cross-session,AdaBN
159,16,0,0.0003494820000042864,123,A02,cross-session,AdaBN
160,16,1,0.00036412400000074285,123,A02,cross-session,AdaBN
161,16,0,0.00035631600000840535,123,A02,cross-session,AdaBN
162,16,1,0.00036448800000243864,123,A02,cross-session,AdaBN
163,16,1,0.00039187900000570153,123,A02,cross-session,AdaBN
164,16,0,0.0003870659999876125,123,A02,cross-session,AdaBN
165,16,0,0.000382044999994946,123,A02,cross-session,AdaBN
166,16,0,0.0003942660000006981,123,A02,cross-session,AdaBN
167,16,0,0.00035708599999395574,123,A02,cross-session,AdaBN
168,16,0,0.00039706300000830197,123,A02,cross-session,AdaBN
169,16,0,0.00035817600000598304,123,A02,cross-session,AdaBN
170,16,0,0.0003675709999981791,123,A02,cross-session,AdaBN
171,16,1,0.00038950300000806237,123,A02,cross-session,AdaBN
172,16,0,0.00035693399999559006,123,A02,cross-session,AdaBN
173,16,1,0.0003731250000100772,123,A02,cross-session,AdaBN
174,16,0,0.0003696579999967753,123,A02,cross-session,AdaBN
175,16,1,0.00035968000000252687,123,A02,cross-session,AdaBN
176,16,0,0.00036634199999241446,123,A02,cross-session,AdaBN
177,16,1,0.0003611489999997275,123,A02,cross-session,AdaBN
178,16,0,0.0003688519999940354,123,A02,cross-session,AdaBN
179,16,0,0.0003729019999951788,123,A02,cross-session,AdaBN
180,16,0,0.00035909300000014355,123,A02,cross-session,AdaBN
181,16,0,0.00036949699999411223,123,A02,cross-session,AdaBN
182,16,1,0.0003611860000063416,123,A02,cross-session,AdaBN
183,16,1,0.00039003700000250774,123,A02,cross-session,AdaBN
184,16,0,0.0003763530000071569,123,A02,cross-session,AdaBN
185,16,1,0.0003554610000122693,123,A02,cross-session,AdaBN
186,16,0,0.00036260599999593524,123,A02,cross-session,AdaBN
187,16,0,0.00035470100000623006,123,A02,cross-session,AdaBN
188,16,0,0.00035991400000057183,123,A02,cross-session,AdaBN
189,16,0,0.0003643499999981259,123,A02,cross-session,AdaBN
190,16,0,0.00036107500000071013,123,A02,cross-session,AdaBN
191,16,0,0.0003893920000024309,123,A02,cross-session,AdaBN
192,16,0,0.0003886269999924252,123,A02,cross-session,AdaBN
193,16,1,0.0003708590000002232,123,A02,cross-session,AdaBN
194,16,1,0.0003828189999950382,123,A02,cross-session,AdaBN
195,16,0,0.0003565970000067864,123,A02,cross-session,AdaBN
196,16,0,0.0003576510000016242,123,A02,cross-session,AdaBN
197,16,0,0.00035506000000395943,123,A02,cross-session,AdaBN
198,16,0,0.0003556380000020454,123,A02,cross-session,AdaBN
199,16,1,0.0003655889999976125,123,A02,cross-session,AdaBN
200,16,1,0.000352558999992425,123,A02,cross-session,AdaBN
201,16,0,0.0003535459999994828,123,A02,cross-session,AdaBN
202,16,1,0.00035370999999884134,123,A02,cross-session,AdaBN
203,16,1,0.00036491000000182794,123,A02,cross-session,AdaBN
204,16,0,0.00036398999999676107,123,A02,cross-session,AdaBN
205,16,1,0.00036408900000139965,123,A02,cross-session,AdaBN
206,16,0,0.0003651819999959116,123,A02,cross-session,AdaBN
207,16,0,0.0003726019999987784,123,A02,cross-session,AdaBN
208,16,0,0.0003582990000126074,123,A02,cross-session,AdaBN
209,16,0,0.00038634799999215375,123,A02,cross-session,AdaBN
210,16,1,0.0003654329999989159,123,A02,cross-session,AdaBN
211,16,0,0.00035265100000003713,123,A02,cross-session,AdaBN
212,16,1,0.0003580159999927446,123,A02,cross-session,AdaBN
213,16,0,0.00035235699999702774,123,A02,cross-session,AdaBN
214,16,1,0.0003574849999949947,123,A02,cross-session,AdaBN
215,16,0,0.0003908350000045857,123,A02,cross-session,AdaBN
216,16,1,0.0003850970000058851,123,A02,cross-session,AdaBN
217,16,0,0.0003594840000005206,123,A02,cross-session,AdaBN
218,16,1,0.0003597259999992275,123,A02,cross-session,AdaBN
219,16,1,0.0003751280000017232,123,A02,cross-session,AdaBN
220,16,1,0.000366889000005699,123,A02,cross-session,AdaBN
221,16,0,0.0003595229999859839,123,A02,cross-session,AdaBN
222,16,1,0.0003731230000028063,123,A02,cross-session,AdaBN
223,16,0,0.0003694650000056754,123,A02,cross-session,AdaBN
224,16,0,0.0003521080000012944,123,A02,cross-session,AdaBN
225,16,0,0.0003684249999906797,123,A02,cross-session,AdaBN
226,16,0,0.00036813100000188115,123,A02,cross-session,AdaBN
227,16,0,0.0003751579999971,123,A02,cross-session,AdaBN
228,16,0,0.0003780170000027283,123,A02,cross-session,AdaBN
229,16,1,0.0003604970000026242,123,A02,cross-session,AdaBN
230,16,1,0.00035773700000163444,123,A02,cross-session,AdaBN
231,16,0,0.00036285099999133763,123,A02,cross-session,AdaBN
232,16,1,0.00036229100000184644,123,A02,cross-session,AdaBN
233,16,0,0.00036520900000880374,123,A02,cross-session,AdaBN
234,16,0,0.00035848899999280093,123,A02,cross-session,AdaBN
235,16,1,0.00036212199999852146,123,A02,cross-session,AdaBN
236,16,0,0.00036521299999492385,123,A02,cross-session,AdaBN
237,16,0,0.00036171100001070045,123,A02,cross-session,AdaBN
238,16,1,0.0003611310000053436,123,A02,cross-session,AdaBN
239,16,1,0.00038364699999249297,123,A02,cross-session,AdaBN
240,16,0,0.00035955599999226706,123,A02,cross-session,AdaBN
241,16,0,0.00036095800000168765,123,A02,cross-session,AdaBN
242,16,0,0.00036122899999213587,123,A02,cross-session,AdaBN
243,16,0,0.00036072599999670274,123,A02,cross-session,AdaBN
244,16,0,0.0003753639999928282,123,A02,cross-session,AdaBN
245,16,0,0.00036070100000529237,123,A02,cross-session,AdaBN
246,16,1,0.0003548399999999674,123,A02,cross-session,AdaBN
247,16,0,0.00036927799999375566,123,A02,cross-session,AdaBN
248,16,0,0.0003563159999941945,123,A02,cross-session,AdaBN
249,16,1,0.0003668810000050371,123,A02,cross-session,AdaBN
250,16,0,0.0003775079999996933,123,A02,cross-session,AdaBN
251,16,1,0.0003731319999928928,123,A02,cross-session,AdaBN
252,16,0,0.00037143900000558006,123,A02,cross-session,AdaBN
253,16,0,0.0003505309999951578,123,A02,cross-session,AdaBN
254,16,1,0.0003696160000004056,123,A02,cross-session,AdaBN
255,16,0,0.00036093599999276194,123,A02,cross-session,AdaBN
256,16,0,0.0003517880000032392,123,A02,cross-session,AdaBN
257,16,1,0.0003632610000039449,123,A02,cross-session,AdaBN
258,16,0,0.00035385799999687606,123,A02,cross-session,AdaBN
259,16,0,0.00035920599999883507,123,A02,cross-session,AdaBN
260,16,1,0.0003592160000067679,123,A02,cross-session,AdaBN
261,16,0,0.0003570079999946074,123,A02,cross-session,AdaBN
262,16,0,0.00038178799999855073,123,A02,cross-session,AdaBN
263,16,0,0.0003523450000102457,123,A02,cross-session,AdaBN
264,16,0,0.00037126499999828866,123,A02,cross-session,AdaBN
265,16,0,0.00037077500000748387,123,A02,cross-session,AdaBN
266,16,1,0.00035251399999935984,123,A02,cross-session,AdaBN
267,16,0,0.00037094200000353794,123,A02,cross-session,AdaBN
268,16,0,0.00036859399999400466,123,A02,cross-session,AdaBN
269,16,0,0.0003593499999965388,123,A02,cross-session,AdaBN
270,16,0,0.00038644600000736773,123,A02,cross-session,AdaBN
271,16,0,0.0003690260000013268,123,A02,cross-session,AdaBN
272,16,0,0.00035729200000389483,123,A02,cross-session,AdaBN
273,16,0,0.00036500599999556016,123,A02,cross-session,AdaBN
274,16,0,0.00035644800000511623,123,A02,cross-session,AdaBN
275,16,0,0.00035245299999075996,123,A02,cross-session,AdaBN
276,16,0,0.00035792900000330974,123,A02,cross-session,AdaBN
277,16,0,0.0003599260000015647,123,A02,cross-session,AdaBN
278,16,0,0.0003782490000077132,123,A02,cross-session,AdaBN
279,16,0,0.0003554730000132622,123,A02,cross-session,AdaBN
280,16,0,0.00035570299999676536,123,A02,cross-session,AdaBN
281,16,0,0.0003642959999865525,123,A02,cross-session,AdaBN
282,16,1,0.00036067000000628013,123,A02,cross-session,AdaBN
283,16,1,0.00036066600000594917,123,A02,cross-session,AdaBN
284,16,0,0.0003559360000053857,123,A02,cross-session,AdaBN
285,16,1,0.00035508000000561424,123,A02,cross-session,AdaBN
286,16,0,0.0003608899999960613,123,A02,cross-session,AdaBN
287,16,1,0.00036203199999818025,123,A02,cross-session,AdaBN
0,1,0,0.0007747180000023945,123,A03,cross-session,AdaBN
1,2,1,0.0006193530000047076,123,A03,cross-session,AdaBN
2,3,0,0.0005954989999992222,123,A03,cross-session,AdaBN
3,4,1,0.00052777300000173,123,A03,cross-session,AdaBN
4,5,1,0.00046866499999964617,123,A03,cross-session,AdaBN
5,6,1,0.00047960400000590653,123,A03,cross-session,AdaBN
6,7,1,0.0004915640000007215,123,A03,cross-session,AdaBN
7,8,0,0.0004627070000111644,123,A03,cross-session,AdaBN
8,9,1,0.00045975899999461944,123,A03,cross-session,AdaBN
9,10,0,0.00047318499998993957,123,A03,cross-session,AdaBN
10,11,1,0.0004421430000007831,123,A03,cross-session,AdaBN
11,12,1,0.0004293749999959573,123,A03,cross-session,AdaBN
12,13,1,0.0004571179999999231,123,A03,cross-session,AdaBN
13,14,0,0.00042801400000769263,123,A03,cross-session,AdaBN
14,15,1,0.00044838899999888326,123,A03,cross-session,AdaBN
15,16,1,0.0004164110000033361,123,A03,cross-session,AdaBN
16,16,1,0.00042436599999007285,123,A03,cross-session,AdaBN
17,16,1,0.0004311920000077407,123,A03,cross-session,AdaBN
18,16,0,0.00041727699999682955,123,A03,cross-session,AdaBN
19,16,1,0.000440502000003562,123,A03,cross-session,AdaBN
20,16,0,0.0004362420000063594,123,A03,cross-session,AdaBN
21,16,1,0.0003970049999963976,123,A03,cross-session,AdaBN
22,16,1,0.0004467780000112498,123,A03,cross-session,AdaBN
23,16,1,0.0003837739999994483,123,A03,cross-session,AdaBN
24,16,0,0.000380097000004298,123,A03,cross-session,AdaBN
25,16,1,0.000390463000002228,123,A03,cross-session,AdaBN
26,16,1,0.0003805660000040234,123,A03,cross-session,AdaBN
27,16,0,0.0003834049999937861,123,A03,cross-session,AdaBN
28,16,0,0.0003817329999975527,123,A03,cross-session,AdaBN
29,16,0,0.0003845580000074733,123,A03,cross-session,AdaBN
30,16,1,0.0004267619999893668,123,A03,cross-session,AdaBN
31,16,1,0.0004162210000089317,123,A03,cross-session,AdaBN
32,16,1,0.00042221700000766305,123,A03,cross-session,AdaBN
33,16,1,0.0004234640000078116,123,A03,cross-session,AdaBN
34,16,1,0.0003829179999996768,123,A03,cross-session,AdaBN
35,16,1,0.0003841169999958538,123,A03,cross-session,AdaBN
36,16,1,0.000375043999994773,123,A03,cross-session,AdaBN
37,16,1,0.0003681419999992386,123,A03,cross-session,AdaBN
38,16,1,0.000407026000004862,123,A03,cross-session,AdaBN
39,16,0,0.00036930099999210597,123,A03,cross-session,AdaBN
40,16,0,0.0003704089999985172,123,A03,cross-session,AdaBN
41,16,1,0.00044094599999766615,123,A03,cross-session,AdaBN
42,16,0,0.0003827929999999924,123,A03,cross-session,AdaBN
43,16,0,0.000406931999989979,123,A03,cross-session,AdaBN
44,16,1,0.00039357800000061616,123,A03,cross-session,AdaBN
45,16,1,0.0007597040000035804,123,A03,cross-session,AdaBN
46,16,1,0.00044468500000505173,123,A03,cross-session,AdaBN
47,16,1,0.0003801640000062889,123,A03,cross-session,AdaBN
48,16,0,0.0003743829999933723,123,A03,cross-session,AdaBN
49,16,0,0.0003612390000000687,123,A03,cross-session,AdaBN
50,16,1,0.00039100300000427524,123,A03,cross-session,AdaBN
51,16,1,0.00035545000000070104,123,A03,cross-session,AdaBN
52,16,1,0.0004093070000124044,123,A03,cross-session,AdaBN
53,16,1,0.00039247800000907773,123,A03,cross-session,AdaBN
54,16,1,0.0003692120000096111,123,A03,cross-session,AdaBN
55,16,1,0.00037718400000130714,123,A03,cross-session,AdaBN
56,16,1,0.0003785330000027898,123,A03,cross-session,AdaBN
57,16,0,0.0003734550000018544,123,A03,cross-session,AdaBN
58,16,0,0.00038762500000188993,123,A03,cross-session,AdaBN
59,16,0,0.0003674500000130365,123,A03,cross-session,AdaBN
60,16,1,0.0003534460000054196,123,A03,cross-session,AdaBN
61,16,1,0.00036653800000863157,123,A03,cross-session,AdaBN
62,16,1,0.00035076499999320276,123,A03,cross-session,AdaBN
63,16,1,0.0004031999999938307,123,A03,cross-session,AdaBN
64,16,1,0.0003535419999991518,123,A03,cross-session,AdaBN
65,16,1,0.00036766499999885127,123,A03,cross-session,AdaBN
66,16,1,0.00037875200000314635,123,A03,cross-session,AdaBN
67,16,1,0.00037566199999616856,123,A03,cross-session,AdaBN
68,16,1,0.00036786600000482395,123,A03,cross-session,AdaBN
69,16,0,0.00038344600000073115,123,A03,cross-session,AdaBN
70,16,1,0.00036645500000531683,123,A03,cross-session,AdaBN
71,16,0,0.00037932899999759684,123,A03,cross-session,AdaBN
72,16,1,0.0003683360000081848,123,A03,cross-session,AdaBN
73,16,1,0.0003666810000026999,123,A03,cross-session,AdaBN
74,16,1,0.0003791290000094705,123,A03,cross-session,AdaBN
75,16,1,0.00036252099999956044,123,A03,cross-session,AdaBN
76,16,1,0.0003977539999908686,123,A03,cross-session,AdaBN
77,16,1,0.0003596389999955818,123,A03,cross-session,AdaBN
78,16,1,0.0003812249999981532,123,A03,cross-session,AdaBN
79,16,1,0.00038433099999224396,123,A03,cross-session,AdaBN
80,16,1,0.0003537869999945542,123,A03,cross-session,AdaBN
81,16,0,0.0003827929999999924,123,A03,cross-session,AdaBN
82,16,1,0.0003590869999925417,123,A03,cross-session,AdaBN
83,16,1,0.0003662079999884327,123,A03,cross-session,AdaBN
84,16,1,0.0003587749999951484,123,A03,cross-session,AdaBN
85,16,0,0.0003601209999999355,123,A03,cross-session,AdaBN
86,16,1,0.00036785199999656015,123,A03,cross-session,AdaBN
87,16,1,0.0003560760000027585,123,A03,cross-session,AdaBN
88,16,1,0.00037676400000918875,123,A03,cross-session,AdaBN
89,16,0,0.0003685779999926808,123,A03,cross-session,AdaBN
90,16,1,0.0003567819999972244,123,A03,cross-session,AdaBN
91,16,0,0.00036965900000041074,123,A03,cross-session,AdaBN
92,16,1,0.0003583980000030351,123,A03,cross-session,AdaBN
93,16,1,0.00036962100000437204,123,A03,cross-session,AdaBN
94,16,0,0.0003673669999955109,123,A03,cross-session,AdaBN
95,16,1,0.00035922799999354993,123,A03,cross-session,AdaBN
96,16,1,0.00036561699999992925,123,A03,cross-session,AdaBN
97,16,1,0.00035757799999203144,123,A03,cross-session,AdaBN
98,16,0,0.00036147999999514013,123,A03,cross-session,AdaBN
99,16,1,0.0003682319999995798,123,A03,cross-session,AdaBN
100,16,1,0.0003543309999969324,123,A03,cross-session,AdaBN
101,16,0,0.00035804499999869677,123,A03,cross-session,AdaBN
102,16,1,0.0003519300000078829,123,A03,cross-session,AdaBN
103,16,0,0.0003646969999948624,123,A03,cross-session,AdaBN
104,16,1,0.00036021999999036325,123,A03,cross-session,AdaBN
105,16,1,0.0003633719999953655,123,A03,cross-session,AdaBN
106,16,0,0.0003610640000033527,123,A03,cross-session,AdaBN
107,16,0,0.0003646069999945212,123,A03,cross-session,AdaBN
108,16,0,0.00035821100000532624,123,A03,cross-session,AdaBN
109,16,0,0.0003640649999994139,123,A03,cross-session,AdaBN
110,16,0,0.00036746900001105587,123,A03,cross-session,AdaBN
111,16,1,0.00036142000000438657,123,A03,cross-session,AdaBN
112,16,1,0.0003523980000039728,123,A03,cross-session,AdaBN
113,16,1,0.00035455499998704454,123,A03,cross-session,AdaBN
114,16,1,0.00036195600000610284,123,A03,cross-session,AdaBN
115,16,0,0.00035427199999560344,123,A03,cross-session,AdaBN
116,16,1,0.0003636459999967201,123,A03,cross-session,AdaBN
117,16,0,0.00040265100000169696,123,A03,cross-session,AdaBN
118,16,1,0.0003659420000019509,123,A03,cross-session,AdaBN
119,16,1,0.00035595600000704053,123,A03,cross-session,AdaBN
120,16,1,0.000360621000012884,123,A03,cross-session,AdaBN
121,16,1,0.00035803600000861024,123,A03,cross-session,AdaBN
122,16,0,0.00034935600000096656,123,A03,cross-session,AdaBN
123,16,1,0.0003595569999959025,123,A03,cross-session,AdaBN
124,16,1,0.0003622340000077884,123,A03,cross-session,AdaBN
125,16,1,0.0003566580000011754,123,A03,cross-session,AdaBN
126,16,0,0.0003611319999947682,123,A03,cross-session,AdaBN
127,16,1,0.00036198800000875053,123,A03,cross-session,AdaBN
128,16,0,0.00037194600000134415,123,A03,cross-session,AdaBN
129,16,0,0.0003780769999934819,123,A03,cross-session,AdaBN
130,16,1,0.00038013500000033673,123,A03,cross-session,AdaBN
131,16,1,0.00036435900000242327,123,A03,cross-session,AdaBN
132,16,0,0.00035902399999088175,123,A03,cross-session,AdaBN
133,16,1,0.0003557360000030485,123,A03,cross-session,AdaBN
134,16,1,0.00036799199999393295,123,A03,cross-session,AdaBN
135,16,1,0.0003554420000000391,123,A03,cross-session,AdaBN
136,16,0,0.0003801910000049702,123,A03,cross-session,AdaBN
137,16,0,0.00038538199999038625,123,A03,cross-session,AdaBN
138,16,1,0.000354999999998995,123,A03,cross-session,AdaBN
139,16,1,0.0003654870000104893,123,A03,cross-session,AdaBN
140,16,1,0.00035384099999191676,123,A03,cross-session,AdaBN
141,16,0,0.0003627669999985983,123,A03,cross-session,AdaBN
142,16,1,0.0003793150000035439,123,A03,cross-session,AdaBN
143,16,1,0.0003523370000095838,123,A03,cross-session,AdaBN
144,16,0,0.00036277600000289567,123,A03,cross-session,AdaBN
145,16,0,0.0003697930000043925,123,A03,cross-session,AdaBN
146,16,1,0.0003561370000113584,123,A03,cross-session,AdaBN
147,16,0,0.00035943000000315806,123,A03,cross-session,AdaBN
148,16,0,0.000350620999995499,123,A03,cross-session,AdaBN
149,16,1,0.0003679870000041774,123,A03,cross-session,AdaBN
150,16,1,0.00036760100000776674,123,A03,cross-session,AdaBN
151,16,1,0.0003955119999972112,123,A03,cross-session,AdaBN
152,16,0,0.0003652340000002141,123,A03,cross-session,AdaBN
153,16,1,0.0003558989999987716,123,A03,cross-session,AdaBN
154,16,1,0.0003567050000015115,123,A03,cross-session,AdaBN
155,16,1,0.00036760400000446225,123,A03,cross-session,AdaBN
156,16,1,0.00035864199999480206,123,A03,cross-session,AdaBN
157,16,1,0.00035947900001076505,123,A03,cross-session,AdaBN
158,16,0,0.00036269599999627644,123,A03,cross-session,AdaBN
159,16,1,0.00036219899999423433,123,A03,cross-session,AdaBN
160,16,1,0.0003636950000043271,123,A03,cross-session,AdaBN
161,16,1,0.0003573099999982787,123,A03,cross-session,AdaBN
162,16,1,0.0003721679999983962,123,A03,cross-session,AdaBN
163,16,1,0.0003941650000029995,123,A03,cross-session,AdaBN
164,16,0,0.00036352799999406216,123,A03,cross-session,AdaBN
165,16,1,0.0003807289999997465,123,A03,cross-session,AdaBN
166,16,1,0.00035325599999680435,123,A03,cross-session,AdaBN
167,16,1,0.0003655710000032286,123,A03,cross-session,AdaBN
168,16,1,0.00039176099998883274,123,A03,cross-session,AdaBN
169,16,1,0.0003519760000045835,123,A03,cross-session,AdaBN
170,16,1,0.0003707949999949278,123,A03,cross-session,AdaBN
171,16,0,0.0003604329999973288,123,A03,cross-session,AdaBN
172,16,1,0.00036898000000462616,123,A03,cross-session,AdaBN
173,16,1,0.00037155399999733163,123,A03,cross-session,AdaBN
174,16,1,0.0003551460000039697,123,A03,cross-session,AdaBN
175,16,1,0.00036819599999660113,123,A03,cross-session,AdaBN
176,16,1,0.0003746710000029907,123,A03,cross-session,AdaBN
177,16,1,0.0003551169999980175,123,A03,cross-session,AdaBN
178,16,1,0.0003726260000007642,123,A03,cross-session,AdaBN
179,16,0,0.0003707860000048413,123,A03,cross-session,AdaBN
180,16,0,0.0003794479999896794,123,A03,cross-session,AdaBN
181,16,1,0.00035682899999756046,123,A03,cross-session,AdaBN
182,16,0,0.0003658229999956575,123,A03,cross-session,AdaBN
183,16,1,0.00036329499999965265,123,A03,cross-session,AdaBN
184,16,1,0.00039323199999330427,123,A03,cross-session,AdaBN
185,16,1,0.00039972600001192404,123,A03,cross-session,AdaBN
186,16,0,0.0003952849999961927,123,A03,cross-session,AdaBN
187,16,1,0.00038006100000131937,123,A03,cross-session,AdaBN
188,16,0,0.0003760889999995243,123,A03,cross-session,AdaBN
189,16,1,0.0003515060000012227,123,A03,cross-session,AdaBN
190,16,1,0.00037833599999714806,123,A03,cross-session,AdaBN
191,16,1,0.00037200499998846226,123,A03,cross-session,AdaBN
192,16,0,0.0003516769999976077,123,A03,cross-session,AdaBN
193,16,1,0.0003885630000013407,123,A03,cross-session,AdaBN
194,16,1,0.0003635879999990266,123,A03,cross-session,AdaBN
195,16,0,0.0003772849999990058,123,A03,cross-session,AdaBN
196,16,0,0.00038930099999845424,123,A03,cross-session,AdaBN
197,16,1,0.0003594690000028322,123,A03,cross-session,AdaBN
198,16,0,0.0003751569999934645,123,A03,cross-session,AdaBN
199,16,1,0.00036661500000434444,123,A03,cross-session,AdaBN
200,16,1,0.0003544230000045445,123,A03,cross-session,AdaBN
201,16,1,0.0003549990000095704,123,A03,cross-session,AdaBN
202,16,1,0.0003602950000072269,123,A03,cross-session,AdaBN
203,16,1,0.0003635510000066233,123,A03,cross-session,AdaBN
204,16,1,0.00035469099999829723,123,A03,cross-session,AdaBN
205,16,1,0.0003577760000013086,123,A03,cross-session,AdaBN
206,16,0,0.00036887500000659657,123,A03,cross-session,AdaBN
207,16,1,0.0003853649999996378,123,A03,cross-session,AdaBN
208,16,0,0.0003702770000018063,123,A03,cross-session,AdaBN
209,16,0,0.0003721040000073117,123,A03,cross-session,AdaBN
210,16,1,0.00035726800000190906,123,A03,cross-session,AdaBN
211,16,0,0.0003662340000119002,123,A03,cross-session,AdaBN
212,16,1,0.00035790500000132397,123,A03,cross-session,AdaBN
213,16,1,0.0003612510000010616,123,A03,cross-session,AdaBN
214,16,1,0.0003701929999948561,123,A03,cross-session,AdaBN
215,16,0,0.0003537280000074361,123,A03,cross-session,AdaBN
216,16,1,0.00036610699999073404,123,A03,cross-session,AdaBN
217,16,1,0.00035848800000337633,123,A03,cross-session,AdaBN
218,16,1,0.0003753579999994372,123,A03,cross-session,AdaBN
219,16,0,0.0003936389999950052,123,A03,cross-session,AdaBN
220,16,0,0.0003579859999973678,123,A03,cross-session,AdaBN
221,16,1,0.00036507700001209287,123,A03,cross-session,AdaBN
222,16,1,0.0003835250000037149,123,A03,cross-session,AdaBN
223,16,1,0.00035874300000671155,123,A03,cross-session,AdaBN
224,16,0,0.0003762890000018615,123,A03,cross-session,AdaBN
225,16,0,0.0003653280000008863,123,A03,cross-session,AdaBN
226,16,1,0.00035991400000057183,123,A03,cross-session,AdaBN
227,16,0,0.0003727689999948325,123,A03,cross-session,AdaBN
228,16,0,0.000362464999994927,123,A03,cross-session,AdaBN
229,16,0,0.0003828189999950382,123,A03,cross-session,AdaBN
230,16,1,0.00037657200000751345,123,A03,cross-session,AdaBN
231,16,1,0.00035204799999632996,123,A03,cross-session,AdaBN
232,16,0,0.00035801699999638004,123,A03,cross-session,AdaBN
233,16,1,0.00035049199999548364,123,A03,cross-session,AdaBN
234,16,1,0.0003653979999995727,123,A03,cross-session,AdaBN
235,16,1,0.0003594719999995277,123,A03,cross-session,AdaBN
236,16,1,0.00035682899999756046,123,A03,cross-session,AdaBN
237,16,1,0.00035153399998932855,123,A03,cross-session,AdaBN
238,16,1,0.00036837300000058804,123,A03,cross-session,AdaBN
239,16,0,0.0003560070000077076,123,A03,cross-session,AdaBN
240,16,0,0.0003694730000063373,123,A03,cross-session,AdaBN
241,16,1,0.0004268729999949983,123,A03,cross-session,AdaBN
242,16,1,0.0003520089999966558,123,A03,cross-session,AdaBN
243,16,1,0.000363992000004032,123,A03,cross-session,AdaBN
244,16,1,0.0003524450000043089,123,A03,cross-session,AdaBN
245,16,1,0.000354540000003567,123,A03,cross-session,AdaBN
246,16,1,0.00035207499999501124,123,A03,cross-session,AdaBN
247,16,1,0.0003532079999928328,123,A03,cross-session,AdaBN
248,16,0,0.0003666639999977406,123,A03,cross-session,AdaBN
249,16,1,0.0003497510000016746,123,A03,cross-session,AdaBN
250,16,1,0.0003690849999884449,123,A03,cross-session,AdaBN
251,16,1,0.0003651140000044961,123,A03,cross-session,AdaBN
252,16,1,0.0003520960000003015,123,A03,cross-session,AdaBN
253,16,1,0.00038891999999179916,123,A03,cross-session,AdaBN
254,16,1,0.00036527000000319276,123,A03,cross-session,AdaBN
255,16,1,0.0003522209999999859,123,A03,cross-session,AdaBN
256,16,1,0.0003626009999919688,123,A03,cross-session,AdaBN
257,16,1,0.0003615269999954762,123,A03,cross-session,AdaBN
258,16,1,0.00037610799999754363,123,A03,cross-session,AdaBN
259,16,1,0.00036453799999947023,123,A03,cross-session,AdaBN
260,16,0,0.00035913600000014867,123,A03,cross-session,AdaBN
261,16,1,0.0003549899999910622,123,A03,cross-session,AdaBN
262,16,1,0.00035919299999420673,123,A03,cross-session,AdaBN
263,16,1,0.0003701179999922033,123,A03,cross-session,AdaBN
264,16,0,0.0003796299999976327,123,A03,cross-session,AdaBN
265,16,1,0.0003558669999961239,123,A03,cross-session,AdaBN
266,16,1,0.000361376000000746,123,A03,cross-session,AdaBN
267,16,0,0.00036454600000013215,123,A03,cross-session,AdaBN
268,16,1,0.00034907200000589,123,A03,cross-session,AdaBN
269,16,1,0.0003708039999992252,123,A03,cross-session,AdaBN
270,16,1,0.0003617360000021108,123,A03,cross-session,AdaBN
271,16,1,0.00035825400000533136,123,A03,cross-session,AdaBN
272,16,1,0.0003960069999919824,123,A03,cross-session,AdaBN
273,16,1,0.0003595630000035044,123,A03,cross-session,AdaBN
274,16,1,0.00038382199998920896,123,A03,cross-session,AdaBN
275,16,1,0.000382044999994946,123,A03,cross-session,AdaBN
276,16,1,0.0003556069999888223,123,A03,cross-session,AdaBN
277,16,0,0.00035944500000084645,123,A03,cross-session,AdaBN
278,16,1,0.00036580900000160455,123,A03,cross-session,AdaBN
279,16,1,0.00035473999999169337,123,A03,cross-session,AdaBN
280,16,1,0.0003581579999973883,123,A03,cross-session,AdaBN
281,16,0,0.0003544409999989284,123,A03,cross-session,AdaBN
282,16,1,0.00036568199999464923,123,A03,cross-session,AdaBN
283,16,0,0.0003531349999974509,123,A03,cross-session,AdaBN
284,16,1,0.00036525900000583533,123,A03,cross-session,AdaBN
285,16,0,0.00037877299999422576,123,A03,cross-session,AdaBN
286,16,1,0.0003865900000050715,123,A03,cross-session,AdaBN
287,16,1,0.0003556589999931248,123,A03,cross-session,AdaBN
0,1,1,0.0006786390000002029,123,A04,cross-session,AdaBN
1,2,0,0.0005003699999974742,123,A04,cross-session,AdaBN
2,3,1,0.00047718800000495776,123,A04,cross-session,AdaBN
3,4,1,0.0004806179999974347,123,A04,cross-session,AdaBN
4,5,0,0.0004601699999966513,123,A04,cross-session,AdaBN
5,6,1,0.0005230689999962124,123,A04,cross-session,AdaBN
6,7,1,0.00048720499999888034,123,A04,cross-session,AdaBN
7,8,0,0.0004562350000014703,123,A04,cross-session,AdaBN
8,9,1,0.000428433999999811,123,A04,cross-session,AdaBN
9,10,0,0.0004183199999943099,123,A04,cross-session,AdaBN
10,11,1,0.00037943000000950633,123,A04,cross-session,AdaBN
11,12,0,0.0004080079999937425,123,A04,cross-session,AdaBN
12,13,0,0.000386353000010331,123,A04,cross-session,AdaBN
13,14,0,0.00045042699998987246,123,A04,cross-session,AdaBN
14,15,1,0.00041917100000432583,123,A04,cross-session,AdaBN
15,16,0,0.00037960800000291783,123,A04,cross-session,AdaBN
16,16,0,0.0004101600000012695,123,A04,cross-session,AdaBN
17,16,0,0.0004450590000004695,123,A04,cross-session,AdaBN
18,16,1,0.00039199500000108856,123,A04,cross-session,AdaBN
19,16,0,0.00038931599999614264,123,A04,cross-session,AdaBN
20,16,0,0.00038021599999638056,123,A04,cross-session,AdaBN
21,16,0,0.0003863910000063697,123,A04,cross-session,AdaBN
22,16,1,0.0003892900000010968,123,A04,cross-session,AdaBN
23,16,1,0.00040180400000622285,123,A04,cross-session,AdaBN
24,16,1,0.00044198299998754464,123,A04,cross-session,AdaBN
25,16,0,0.0006493799999987004,123,A04,cross-session,AdaBN
26,16,0,0.00041605399999866677,123,A04,cross-session,AdaBN
27,16,0,0.0004378779999996141,123,A04,cross-session,AdaBN
28,16,1,0.00044319400001313625,123,A04,cross-session,AdaBN
29,16,0,0.0003779010000073413,123,A04,cross-session,AdaBN
30,16,0,0.0004541870000025483,123,A04,cross-session,AdaBN
31,16,1,0.00043746000000055574,123,A04,cross-session,AdaBN
32,16,1,0.00040235400000199206,123,A04,cross-session,AdaBN
33,16,0,0.0003852229999949941,123,A04,cross-session,AdaBN
34,16,1,0.0003945520000030456,123,A04,cross-session,AdaBN
35,16,1,0.00039912199999037057,123,A04,cross-session,AdaBN
36,16,1,0.0005519599999956881,123,A04,cross-session,AdaBN
37,16,0,0.0004558400000007623,123,A04,cross-session,AdaBN
38,16,1,0.00042046599999423506,123,A04,cross-session,AdaBN
39,16,1,0.0004532620000077259,123,A04,cross-session,AdaBN
40,16,1,0.0003790429999952494,123,A04,cross-session,AdaBN
41,16,0,0.00041683400000636084,123,A04,cross-session,AdaBN
42,16,1,0.0003812009999961674,123,A04,cross-session,AdaBN
43,16,0,0.00041942999999378117,123,A04,cross-session,AdaBN
44,16,1,0.00043275400000197806,123,A04,cross-session,AdaBN
45,16,1,0.0005261109999992186,123,A04,cross-session,AdaBN
46,16,0,0.00040083899999387995,123,A04,cross-session,AdaBN
47,16,0,0.00039862499998832845,123,A04,cross-session,AdaBN
48,16,0,0.0003606029999900784,123,A04,cross-session,AdaBN
49,16,1,0.00037777199999311506,123,A04,cross-session,AdaBN
50,16,0,0.0004128209999976207,123,A04,cross-session,AdaBN
51,16,1,0.0003772660000009864,123,A04,cross-session,AdaBN
52,16,1,0.0003910220000022946,123,A04,cross-session,AdaBN
53,16,1,0.0003842990000038071,123,A04,cross-session,AdaBN
54,16,0,0.00040166799999497016,123,A04,cross-session,AdaBN
55,16,1,0.00036001499999827047,123,A04,cross-session,AdaBN
56,16,0,0.00040750200000161385,123,A04,cross-session,AdaBN
57,16,0,0.00036204999999256415,123,A04,cross-session,AdaBN
58,16,1,0.00042473299998846414,123,A04,cross-session,AdaBN
59,16,0,0.0003618170000123655,123,A04,cross-session,AdaBN
60,16,0,0.00036285299999860854,123,A04,cross-session,AdaBN
61,16,1,0.00036666400001195143,123,A04,cross-session,AdaBN
62,16,1,0.00039273499999126216,123,A04,cross-session,AdaBN
63,16,1,0.0004002639999924895,123,A04,cross-session,AdaBN
64,16,1,0.0003672039999997878,123,A04,cross-session,AdaBN
65,16,1,0.00039871100000254955,123,A04,cross-session,AdaBN
66,16,1,0.00035919200000478213,123,A04,cross-session,AdaBN
67,16,0,0.00037572899999815945,123,A04,cross-session,AdaBN
68,16,1,0.0003626369999949475,123,A04,cross-session,AdaBN
69,16,1,0.0003690759999983584,123,A04,cross-session,AdaBN
70,16,1,0.00037531699999249213,123,A04,cross-session,AdaBN
71,16,1,0.00036850500001150976,123,A04,cross-session,AdaBN
72,16,1,0.0003625079999949321,123,A04,cross-session,AdaBN
73,16,0,0.00036513700000284643,123,A04,cross-session,AdaBN
74,16,1,0.0004074910000042564,123,A04,cross-session,AdaBN
75,16,1,0.0004079100000069502,123,A04,cross-session,AdaBN
76,16,1,0.00036990699999250864,123,A04,cross-session,AdaBN
77,16,1,0.00039365000000657346,123,A04,cross-session,AdaBN
78,16,0,0.00036619099999768423,123,A04,cross-session,AdaBN
79,16,1,0.0003693660000010368,123,A04,cross-session,AdaBN
80,16,1,0.0003767689999989443,123,A04,cross-session,AdaBN
81,16,0,0.00037789000000998385,123,A04,cross-session,AdaBN
82,16,0,0.00036342599999272807,123,A04,cross-session,AdaBN
83,16,0,0.00036119000000667256,123,A04,cross-session,AdaBN
84,16,0,0.0003861990000046944,123,A04,cross-session,AdaBN
85,16,0,0.000402532999999039,123,A04,cross-session,AdaBN
86,16,0,0.00040207299998940016,123,A04,cross-session,AdaBN
87,16,0,0.00038355899999942267,123,A04,cross-session,AdaBN
88,16,1,0.0003675009999994927,123,A04,cross-session,AdaBN
89,16,0,0.0003705019999955539,123,A04,cross-session,AdaBN
90,16,0,0.0003569740000131105,123,A04,cross-session,AdaBN
91,16,0,0.0003697150000050442,123,A04,cross-session,AdaBN
92,16,0,0.00037261099998886493,123,A04,cross-session,AdaBN
93,16,0,0.0003601530000025832,123,A04,cross-session,AdaBN
94,16,1,0.00036796800000615804,123,A04,cross-session,AdaBN
95,16,0,0.00035737200001051406,123,A04,cross-session,AdaBN
96,16,0,0.00038478099999395,123,A04,cross-session,AdaBN
97,16,1,0.0003847210000031964,123,A04,cross-session,AdaBN
98,16,1,0.0003684170000042286,123,A04,cross-session,AdaBN
99,16,0,0.0003844390000011799,123,A04,cross-session,AdaBN
100,16,1,0.00035897099999715465,123,A04,cross-session,AdaBN
101,16,1,0.0003584050000000616,123,A04,cross-session,AdaBN
102,16,0,0.00036222399999985555,123,A04,cross-session,AdaBN
103,16,1,0.0003619690000107312,123,A04,cross-session,AdaBN
104,16,1,0.0003528149999993957,123,A04,cross-session,AdaBN
105,16,1,0.0003641349999981003,123,A04,cross-session,AdaBN
106,16,1,0.0003578939999897557,123,A04,cross-session,AdaBN
107,16,0,0.00036533499999791275,123,A04,cross-session,AdaBN
108,16,1,0.0003615859999968052,123,A04,cross-session,AdaBN
109,16,0,0.00037732199999140903,123,A04,cross-session,AdaBN
110,16,0,0.0003643179999954782,123,A04,cross-session,AdaBN
111,16,1,0.0003735609999893086,123,A04,cross-session,AdaBN
112,16,0,0.0003662009999914062,123,A04,cross-session,AdaBN
113,16,1,0.00036445300000309544,123,A04,cross-session,AdaBN
114,16,1,0.00036021999999036325,123,A04,cross-session,AdaBN
115,16,1,0.000369585999990818,123,A04,cross-session,AdaBN
116,16,1,0.000363319999991063,123,A04,cross-session,AdaBN
117,16,0,0.00036300000000721866,123,A04,cross-session,AdaBN
118,16,0,0.0003552040000016632,123,A04,cross-session,AdaBN
119,16,0,0.0003683159999923191,123,A04,cross-session,AdaBN
120,16,0,0.0003764230000058433,123,A04,cross-session,AdaBN
121,16,1,0.0003667910000046959,123,A04,cross-session,AdaBN
122,16,0,0.00037061599999788086,123,A04,cross-session,AdaBN
123,16,1,0.000365985000001956,123,A04,cross-session,AdaBN
124,16,1,0.00036770399999852543,123,A04,cross-session,AdaBN
125,16,0,0.00036371100000565093,123,A04,cross-session,AdaBN
126,16,1,0.0003539669999952366,123,A04,cross-session,AdaBN
127,16,1,0.00037992899999039764,123,A04,cross-session,AdaBN
128,16,1,0.0003648710000021538,123,A04,cross-session,AdaBN
129,16,1,0.0003694309999957568,123,A04,cross-session,AdaBN
130,16,0,0.00036316999999996824,123,A04,cross-session,AdaBN
131,16,0,0.0003598830000015596,123,A04,cross-session,AdaBN
132,16,0,0.0003793799999982639,123,A04,cross-session,AdaBN
133,16,1,0.0003642859999928305,123,A04,cross-session,AdaBN
134,16,1,0.0003604270000039378,123,A04,cross-session,AdaBN
135,16,1,0.00037542600000506354,123,A04,cross-session,AdaBN
136,16,1,0.0003684210000045596,123,A04,cross-session,AdaBN
137,16,0,0.00036007000001347933,123,A04,cross-session,AdaBN
138,16,1,0.000358005000009598,123,A04,cross-session,AdaBN
139,16,1,0.0003571449999952847,123,A04,cross-session,AdaBN
140,16,1,0.00035891399998888573,123,A04,cross-session,AdaBN
141,16,1,0.00036655099999904905,123,A04,cross-session,AdaBN
142,16,0,0.0003662490000095886,123,A04,cross-session,AdaBN
143,16,0,0.0003693080000033433,123,A04,cross-session,AdaBN
144,16,1,0.00037657000000024254,123,A04,cross-session,AdaBN
145,16,1,0.0003838849999908689,123,A04,cross-session,AdaBN
146,16,1,0.0003622950000021774,123,A04,cross-session,AdaBN
147,16,1,0.00035518500000364384,123,A04,cross-session,AdaBN
148,16,0,0.0003720729999940886,123,A04,cross-session,AdaBN
149,16,0,0.0003676170000090906,123,A04,cross-session,AdaBN
150,16,0,0.00037494999999410084,123,A04,cross-session,AdaBN
151,16,1,0.00035932299999785755,123,A04,cross-session,AdaBN
152,16,0,0.00035496899999998277,123,A04,cross-session,AdaBN
153,16,0,0.00036486300000149186,123,A04,cross-session,AdaBN
154,16,1,0.00036527999999691474,123,A04,cross-session,AdaBN
155,16,1,0.00038899500000866283,123,A04,cross-session,AdaBN
156,16,0,0.0003619319999899062,123,A04,cross-session,AdaBN
157,16,0,0.00036798600000054194,123,A04,cross-session,AdaBN
158,16,0,0.00036866300000326646,123,A04,cross-session,AdaBN
159,16,1,0.00035522000000298704,123,A04,cross-session,AdaBN
160,16,0,0.0003811289999902101,123,A04,cross-session,AdaBN
161,16,0,0.0003625370000008843,123,A04,cross-session,AdaBN
162,16,0,0.0003583630000036919,123,A04,cross-session,AdaBN
163,16,0,0.00037312799999256185,123,A04,cross-session,AdaBN
164,16,1,0.00035560900001030404,123,A04,cross-session,AdaBN
165,16,1,0.0003589819999945121,123,A04,cross-session,AdaBN
166,16,0,0.00036151700000175424,123,A04,cross-session,AdaBN
167,16,1,0.0003668060000023843,123,A04,cross-session,AdaBN
168,16,1,0.00038480499999593576,123,A04,cross-session,AdaBN
169,16,1,0.00035874099999944065,123,A04,cross-session,AdaBN
170,16,0,0.0003540109999988772,123,A04,cross-session,AdaBN
171,16,1,0.0003645549999902187,123,A04,cross-session,AdaBN
172,16,0,0.00035770499999898675,123,A04,cross-session,AdaBN
173,16,1,0.00036979899999778354,123,A04,cross-session,AdaBN
174,16,0,0.0003595940000025166,123,A04,cross-session,AdaBN
175,16,1,0.000361486000002742,123,A04,cross-session,AdaBN
176,16,1,0.0003639359999993985,123,A04,cross-session,AdaBN
177,16,1,0.0003630589999943368,123,A04,cross-session,AdaBN
178,16,0,0.000388530999998693,123,A04,cross-session,AdaBN
179,16,1,0.00036966499999380176,123,A04,cross-session,AdaBN
180,16,1,0.00035964900000351463,123,A04,cross-session,AdaBN
181,16,0,0.00038617799999940416,123,A04,cross-session,AdaBN
182,16,0,0.0003651560000008658,123,A04,cross-session,AdaBN
183,16,1,0.00036292299999729494,123,A04,cross-session,AdaBN
184,16,0,0.0003692479999983789,123,A04,cross-session,AdaBN
185,16,0,0.0003599780000058672,123,A04,cross-session,AdaBN
186,16,0,0.0003574939999992921,123,A04,cross-session,AdaBN
187,16,1,0.0003663310000092679,123,A04,cross-session,AdaBN
188,16,1,0.0003658309999963194,123,A04,cross-session,AdaBN
189,16,1,0.0003720670000006976,123,A04,cross-session,AdaBN
190,16,0,0.0003766660000081856,123,A04,cross-session,AdaBN
191,16,1,0.00038451900000779915,123,A04,cross-session,AdaBN
192,16,0,0.0003582389999934321,123,A04,cross-session,AdaBN
193,16,1,0.00039475900000240927,123,A04,cross-session,AdaBN
194,16,1,0.0004003700000083654,123,A04,cross-session,AdaBN
195,16,1,0.000371112999999923,123,A04,cross-session,AdaBN
196,16,0,0.0003634839999904216,123,A04,cross-session,AdaBN
197,16,0,0.0003864880000037374,123,A04,cross-session,AdaBN
198,16,0,0.0003664599999950724,123,A04,cross-session,AdaBN
199,16,0,0.0003735800000015388,123,A04,cross-session,AdaBN
200,16,0,0.00036760600001173316,123,A04,cross-session,AdaBN
201,16,0,0.0004079429999990225,123,A04,cross-session,AdaBN
202,16,0,0.0003611019999993914,123,A04,cross-session,AdaBN
203,16,0,0.0003660050000036108,123,A04,cross-session,AdaBN
204,16,0,0.0003729780000014671,123,A04,cross-session,AdaBN
205,16,1,0.0003540029999982153,123,A04,cross-session,AdaBN
206,16,0,0.0003748169999937545,123,A04,cross-session,AdaBN
207,16,0,0.0003665479999881427,123,A04,cross-session,AdaBN
208,16,1,0.00036571900000126334,123,A04,cross-session,AdaBN
209,16,1,0.0003817220000001953,123,A04,cross-session,AdaBN
210,16,1,0.0003877960000124858,123,A04,cross-session,AdaBN
211,16,0,0.0003539850000038314,123,A04,cross-session,AdaBN
212,16,1,0.00040000300000997413,123,A04,cross-session,AdaBN
213,16,1,0.0003723290000010593,123,A04,cross-session,AdaBN
214,16,1,0.0003789980000021842,123,A04,cross-session,AdaBN
215,16,1,0.0003732680000041455,123,A04,cross-session,AdaBN
216,16,1,0.0003560930000077178,123,A04,cross-session,AdaBN
217,16,1,0.00037818599999184244,123,A04,cross-session,AdaBN
218,16,1,0.00035386900000844435,123,A04,cross-session,AdaBN
219,16,0,0.0003728319999964924,123,A04,cross-session,AdaBN
220,16,1,0.0003960670000111577,123,A04,cross-session,AdaBN
221,16,0,0.00036398799998949016,123,A04,cross-session,AdaBN
222,16,1,0.00039239900000609396,123,A04,cross-session,AdaBN
223,16,1,0.0003915779999914548,123,A04,cross-session,AdaBN
224,16,1,0.0003544059999995852,123,A04,cross-session,AdaBN
225,16,1,0.00037293700000873287,123,A04,cross-session,AdaBN
226,16,0,0.00035891800000342755,123,A04,cross-session,AdaBN
227,16,0,0.00039329899999529516,123,A04,cross-session,AdaBN
228,16,0,0.0003823580000101856,123,A04,cross-session,AdaBN
229,16,0,0.00035925299999917115,123,A04,cross-session,AdaBN
230,16,0,0.00037081799999327814,123,A04,cross-session,AdaBN
231,16,1,0.000365191000000209,123,A04,cross-session,AdaBN
232,16,0,0.00036413899999843125,123,A04,cross-session,AdaBN
233,16,1,0.0004046079999966423,123,A04,cross-session,AdaBN
234,16,1,0.0003621490000114136,123,A04,cross-session,AdaBN
235,16,1,0.0003753579999994372,123,A04,cross-session,AdaBN
236,16,1,0.0003754739999948242,123,A04,cross-session,AdaBN
237,16,0,0.0003551499999900898,123,A04,cross-session,AdaBN
238,16,1,0.00037185999998712305,123,A04,cross-session,AdaBN
239,16,0,0.0003663929999930815,123,A04,cross-session,AdaBN
240,16,0,0.00035464100000126564,123,A04,cross-session,AdaBN
241,16,1,0.00037645300000122006,123,A04,cross-session,AdaBN
242,16,0,0.00036071600000298076,123,A04,cross-session,AdaBN
243,16,1,0.00037762999998847135,123,A04,cross-session,AdaBN
244,16,0,0.0004069619999995666,123,A04,cross-session,AdaBN
245,16,1,0.0003653480000025411,123,A04,cross-session,AdaBN
246,16,1,0.0003615300000063826,123,A04,cross-session,AdaBN
247,16,0,0.00036811900000088826,123,A04,cross-session,AdaBN
248,16,0,0.0003607490000092639,123,A04,cross-session,AdaBN
249,16,1,0.0003678279999945744,123,A04,cross-session,AdaBN
250,16,0,0.00038299199999869415,123,A04,cross-session,AdaBN
251,16,0,0.00036830000000520613,123,A04,cross-session,AdaBN
252,16,1,0.000365650999995637,123,A04,cross-session,AdaBN
253,16,0,0.0003567849999939199,123,A04,cross-session,AdaBN
254,16,0,0.0003614689999977827,123,A04,cross-session,AdaBN
255,16,0,0.0004047470000045905,123,A04,cross-session,AdaBN
256,16,1,0.00036440300000606385,123,A04,cross-session,AdaBN
257,16,0,0.00036693299999512874,123,A04,cross-session,AdaBN
258,16,1,0.0003619900000018106,123,A04,cross-session,AdaBN
259,16,0,0.0003675709999981791,123,A04,cross-session,AdaBN
260,16,1,0.00037191300000927185,123,A04,cross-session,AdaBN
261,16,1,0.00035639699999023833,123,A04,cross-session,AdaBN
262,16,0,0.00037772899999310994,123,A04,cross-session,AdaBN
263,16,0,0.0003748930000000428,123,A04,cross-session,AdaBN
264,16,1,0.00037003600000673487,123,A04,cross-session,AdaBN
265,16,1,0.000362739999999917,123,A04,cross-session,AdaBN
266,16,0,0.00040278500000567874,123,A04,cross-session,AdaBN
267,16,0,0.00039365900001087084,123,A04,cross-session,AdaBN
268,16,1,0.00036810899999295543,123,A04,cross-session,AdaBN
269,16,0,0.0003982820000061338,123,A04,cross-session,AdaBN
270,16,0,0.00036005600000521554,123,A04,cross-session,AdaBN
271,16,1,0.0003756149999958325,123,A04,cross-session,AdaBN
272,16,0,0.0003644549999961555,123,A04,cross-session,AdaBN
273,16,1,0.00036135000000570017,123,A04,cross-session,AdaBN
274,16,0,0.0003648290000057841,123,A04,cross-session,AdaBN
275,16,0,0.0003530840000109947,123,A04,cross-session,AdaBN
276,16,0,0.000369575999997096,123,A04,cross-session,AdaBN
277,16,1,0.00039737599999511986,123,A04,cross-session,AdaBN
278,16,0,0.00037727100000495284,123,A04,cross-session,AdaBN
279,16,1,0.00038700400000379886,123,A04,cross-session,AdaBN
280,16,0,0.0003559510000030741,123,A04,cross-session,AdaBN
281,16,1,0.0003648539999971945,123,A04,cross-session,AdaBN
282,16,0,0.00039326099999925646,123,A04,cross-session,AdaBN
283,16,0,0.0003576410000079022,123,A04,cross-session,AdaBN
284,16,1,0.00037069799999756015,123,A04,cross-session,AdaBN
285,16,0,0.000368597000004911,123,A04,cross-session,AdaBN
286,16,0,0.0003685770000032562,123,A04,cross-session,AdaBN
287,16,1,0.0003686940000022787,123,A04,cross-session,AdaBN
0,1,1,0.0007589309999929128,123,A05,cross-session,AdaBN
1,2,0,0.0006053540000010571,123,A05,cross-session,AdaBN
2,3,1,0.0006090370000038092,123,A05,cross-session,AdaBN
3,4,1,0.0006166579999984378,123,A05,cross-session,AdaBN
4,5,0,0.0005917249999924934,123,A05,cross-session,AdaBN
5,6,1,0.000586291000004735,123,A05,cross-session,AdaBN
6,7,0,0.0005030559999994466,123,A05,cross-session,AdaBN
7,8,1,0.0004336869999974624,123,A05,cross-session,AdaBN
8,9,1,0.00041127799998719183,123,A05,cross-session,AdaBN
9,10,0,0.00043167799999821455,123,A05,cross-session,AdaBN
10,11,1,0.0004078789999937271,123,A05,cross-session,AdaBN
11,12,0,0.00044012799999393337,123,A05,cross-session,AdaBN
12,13,0,0.0004024770000086164,123,A05,cross-session,AdaBN
13,14,0,0.0004152380000022049,123,A05,cross-session,AdaBN
14,15,1,0.0004189789999884397,123,A05,cross-session,AdaBN
15,16,1,0.0004206269999968981,123,A05,cross-session,AdaBN
16,16,1,0.0004253849999997783,123,A05,cross-session,AdaBN
17,16,0,0.0004140949999964505,123,A05,cross-session,AdaBN
18,16,0,0.000426446999995278,123,A05,cross-session,AdaBN
19,16,1,0.0004375510000045324,123,A05,cross-session,AdaBN
20,16,0,0.0004156070000078671,123,A05,cross-session,AdaBN
21,16,0,0.00040507800000000316,123,A05,cross-session,AdaBN
22,16,0,0.00041006600000059734,123,A05,cross-session,AdaBN
23,16,0,0.00041851299999962066,123,A05,cross-session,AdaBN
24,16,0,0.0004085390000057032,123,A05,cross-session,AdaBN
25,16,0,0.00042678900000225894,123,A05,cross-session,AdaBN
26,16,0,0.0004343139999889445,123,A05,cross-session,AdaBN
27,16,0,0.00037245800000107465,123,A05,cross-session,AdaBN
28,16,0,0.0003674929999988308,123,A05,cross-session,AdaBN
29,16,0,0.00036200699999255903,123,A05,cross-session,AdaBN
30,16,0,0.0003671890000020994,123,A05,cross-session,AdaBN
31,16,0,0.00037442700001122375,123,A05,cross-session,AdaBN
32,16,0,0.0003660779999989927,123,A05,cross-session,AdaBN
33,16,0,0.00037996099999304533,123,A05,cross-session,AdaBN
34,16,1,0.00037069200000416913,123,A05,cross-session,AdaBN
35,16,0,0.00037127499999201063,123,A05,cross-session,AdaBN
36,16,0,0.00036244599999690763,123,A05,cross-session,AdaBN
37,16,0,0.00037800399999809997,123,A05,cross-session,AdaBN
38,16,0,0.0003723949999994147,123,A05,cross-session,AdaBN
39,16,0,0.0003711359999982733,123,A05,cross-session,AdaBN
40,16,1,0.0003788500000041495,123,A05,cross-session,AdaBN
41,16,0,0.00036160799999152005,123,A05,cross-session,AdaBN
42,16,0,0.0003769580000039241,123,A05,cross-session,AdaBN
43,16,0,0.00039405799999769897,123,A05,cross-session,AdaBN
44,16,0,0.0003678239999942434,123,A05,cross-session,AdaBN
45,16,1,0.0003719909999944093,123,A05,cross-session,AdaBN
46,16,0,0.0003749850000076549,123,A05,cross-session,AdaBN
47,16,1,0.00038208799999495113,123,A05,cross-session,AdaBN
48,16,0,0.0003654720000128009,123,A05,cross-session,AdaBN
49,16,0,0.0003705560000071273,123,A05,cross-session,AdaBN
50,16,0,0.0003904010000042035,123,A05,cross-session,AdaBN
51,16,0,0.00037212800000929747,123,A05,cross-session,AdaBN
52,16,0,0.0003792609999919705,123,A05,cross-session,AdaBN
53,16,0,0.00037425000000723685,123,A05,cross-session,AdaBN
54,16,0,0.0003751800000060257,123,A05,cross-session,AdaBN
55,16,1,0.0004021639999933768,123,A05,cross-session,AdaBN
56,16,0,0.0003739969999969617,123,A05,cross-session,AdaBN
57,16,0,0.0004256299999951807,123,A05,cross-session,AdaBN
58,16,1,0.0003906709999910163,123,A05,cross-session,AdaBN
59,16,1,0.00038742699999261276,123,A05,cross-session,AdaBN
60,16,0,0.0004172089999912032,123,A05,cross-session,AdaBN
61,16,0,0.0003850479999982781,123,A05,cross-session,AdaBN
62,16,0,0.00038713399999323883,123,A05,cross-session,AdaBN
63,16,0,0.00037886299999456696,123,A05,cross-session,AdaBN
64,16,0,0.00036713000000077045,123,A05,cross-session,AdaBN
65,16,0,0.0003610010000016928,123,A05,cross-session,AdaBN
66,16,0,0.00036672099999179864,123,A05,cross-session,AdaBN
67,16,0,0.0003847509999985732,123,A05,cross-session,AdaBN
68,16,0,0.0003580120000066245,123,A05,cross-session,AdaBN
69,16,1,0.00037865600000941413,123,A05,cross-session,AdaBN
70,16,0,0.00037489000000334727,123,A05,cross-session,AdaBN
71,16,1,0.0004421989999912057,123,A05,cross-session,AdaBN
72,16,0,0.0004132959999907371,123,A05,cross-session,AdaBN
73,16,1,0.0003655109999982642,123,A05,cross-session,AdaBN
74,16,0,0.0003965679999993199,123,A05,cross-session,AdaBN
75,16,0,0.0003722170000060032,123,A05,cross-session,AdaBN
76,16,0,0.00038915100000735947,123,A05,cross-session,AdaBN
77,16,1,0.00044218499999715277,123,A05,cross-session,AdaBN
78,16,0,0.00037497499999972206,123,A05,cross-session,AdaBN
79,16,0,0.0004201529999932063,123,A05,cross-session,AdaBN
80,16,0,0.0003649469999942312,123,A05,cross-session,AdaBN
81,16,0,0.00041378699999938817,123,A05,cross-session,AdaBN
82,16,0,0.00037097999999957665,123,A05,cross-session,AdaBN
83,16,0,0.0003753759999938211,123,A05,cross-session,AdaBN
84,16,0,0.0004307689999905051,123,A05,cross-session,AdaBN
85,16,0,0.0003675109999932147,123,A05,cross-session,AdaBN
86,16,0,0.00041857700000491604,123,A05,cross-session,AdaBN
87,16,1,0.00036781100000382594,123,A05,cross-session,AdaBN
88,16,1,0.0003737319999999045,123,A05,cross-session,AdaBN
89,16,0,0.0003803399999924295,123,A05,cross-session,AdaBN
90,16,0,0.00036398999999676107,123,A05,cross-session,AdaBN
91,16,0,0.0003774030000016637,123,A05,cross-session,AdaBN
92,16,0,0.00036025400000028185,123,A05,cross-session,AdaBN
93,16,0,0.00042489700000203356,123,A05,cross-session,AdaBN
94,16,0,0.000424852999998393,123,A05,cross-session,AdaBN
95,16,0,0.00037572399999419304,123,A05,cross-session,AdaBN
96,16,0,0.0003755200000057357,123,A05,cross-session,AdaBN
97,16,1,0.00040342500000178916,123,A05,cross-session,AdaBN
98,16,1,0.00036261600000386807,123,A05,cross-session,AdaBN
99,16,0,0.0004050710000029767,123,A05,cross-session,AdaBN
100,16,0,0.00035899199998823406,123,A05,cross-session,AdaBN
101,16,1,0.0003672500000106993,123,A05,cross-session,AdaBN
102,16,0,0.0003735350000084736,123,A05,cross-session,AdaBN
103,16,0,0.0003637239999960684,123,A05,cross-session,AdaBN
104,16,0,0.00038236999999696764,123,A05,cross-session,AdaBN
105,16,0,0.000388470000004304,123,A05,cross-session,AdaBN
106,16,0,0.00038477200000386347,123,A05,cross-session,AdaBN
107,16,0,0.0003994229999904064,123,A05,cross-session,AdaBN
108,16,0,0.00036454399999286125,123,A05,cross-session,AdaBN
109,16,1,0.0003872190000038245,123,A05,cross-session,AdaBN
110,16,0,0.0004033259999971506,123,A05,cross-session,AdaBN
111,16,1,0.0003728359999968234,123,A05,cross-session,AdaBN
112,16,0,0.0003791980000045214,123,A05,cross-session,AdaBN
113,16,0,0.00036531199999956243,123,A05,cross-session,AdaBN
114,16,0,0.00036119900001096994,123,A05,cross-session,AdaBN
115,16,1,0.0003669590000043854,123,A05,cross-session,AdaBN
116,16,1,0.00036476399999685327,123,A05,cross-session,AdaBN
117,16,1,0.00036154200000737546,123,A05,cross-session,AdaBN
118,16,0,0.0003693510000033484,123,A05,cross-session,AdaBN
119,16,1,0.00036007100000290393,123,A05,cross-session,AdaBN
120,16,0,0.0003900709999982155,123,A05,cross-session,AdaBN
121,16,0,0.00036802099999988513,123,A05,cross-session,AdaBN
122,16,0,0.00039431100000797414,123,A05,cross-session,AdaBN
123,16,0,0.0003726080000063803,123,A05,cross-session,AdaBN
124,16,0,0.0003537860000051296,123,A05,cross-session,AdaBN
125,16,1,0.0003641490000063641,123,A05,cross-session,AdaBN
126,16,0,0.0003667529999944463,123,A05,cross-session,AdaBN
127,16,0,0.00035938799999257753,123,A05,cross-session,AdaBN
128,16,1,0.00037666099999000835,123,A05,cross-session,AdaBN
129,16,0,0.00036162900001102116,123,A05,cross-session,AdaBN
130,16,0,0.00036482000000148673,123,A05,cross-session,AdaBN
131,16,0,0.00036973999999645457,123,A05,cross-session,AdaBN
132,16,0,0.00036639100000002145,123,A05,cross-session,AdaBN
133,16,0,0.00039442199999939476,123,A05,cross-session,AdaBN
134,16,0,0.00037120700000059514,123,A05,cross-session,AdaBN
135,16,1,0.0003594449999866356,123,A05,cross-session,AdaBN
136,16,0,0.00036632000001191045,123,A05,cross-session,AdaBN
137,16,0,0.00036480299999652743,123,A05,cross-session,AdaBN
138,16,1,0.00037188400000331967,123,A05,cross-session,AdaBN
139,16,1,0.00036307999999962703,123,A05,cross-session,AdaBN
140,16,0,0.0003627640000019028,123,A05,cross-session,AdaBN
141,16,0,0.0003622680000034961,123,A05,cross-session,AdaBN
142,16,0,0.0003670960000050627,123,A05,cross-session,AdaBN
143,16,1,0.00036974600000405644,123,A05,cross-session,AdaBN
144,16,0,0.0003574680000042463,123,A05,cross-session,AdaBN
145,16,0,0.00039978299999177125,123,A05,cross-session,AdaBN
146,16,0,0.0003729719999938652,123,A05,cross-session,AdaBN
147,16,0,0.0003634039999980132,123,A05,cross-session,AdaBN
148,16,1,0.00036804399999823545,123,A05,cross-session,AdaBN
149,16,1,0.00036199499999156615,123,A05,cross-session,AdaBN
150,16,0,0.00035460600000192244,123,A05,cross-session,AdaBN
151,16,0,0.0003699450000027582,123,A05,cross-session,AdaBN
152,16,0,0.00036555099998736296,123,A05,cross-session,AdaBN
153,16,1,0.0003678240000084543,123,A05,cross-session,AdaBN
154,16,1,0.0003678389999919318,123,A05,cross-session,AdaBN
155,16,0,0.0003598680000038712,123,A05,cross-session,AdaBN
156,16,0,0.0003872640000111005,123,A05,cross-session,AdaBN
157,16,0,0.0003605449999923849,123,A05,cross-session,AdaBN
158,16,0,0.0003791209999945977,123,A05,cross-session,AdaBN
159,16,0,0.0003779120000046987,123,A05,cross-session,AdaBN
160,16,0,0.00035780400000362533,123,A05,cross-session,AdaBN
161,16,1,0.00037675500000489137,123,A05,cross-session,AdaBN
162,16,0,0.00036339499999371583,123,A05,cross-session,AdaBN
163,16,0,0.0003610900000126094,123,A05,cross-session,AdaBN
164,16,1,0.0003596610000045075,123,A05,cross-session,AdaBN
165,16,0,0.00035579299999710656,123,A05,cross-session,AdaBN
166,16,0,0.0003659179999999651,123,A05,cross-session,AdaBN
167,16,0,0.0004279420000017353,123,A05,cross-session,AdaBN
168,16,1,0.0003700870000074019,123,A05,cross-session,AdaBN
169,16,0,0.00037370199999031684,123,A05,cross-session,AdaBN
170,16,1,0.0003519530000062332,123,A05,cross-session,AdaBN
171,16,1,0.00037661999999727414,123,A05,cross-session,AdaBN
172,16,0,0.00036849700001084784,123,A05,cross-session,AdaBN
173,16,1,0.00036076899999670786,123,A05,cross-session,AdaBN
174,16,0,0.0003635580000036498,123,A05,cross-session,AdaBN
175,16,1,0.0003556460000027073,123,A05,cross-session,AdaBN
176,16,0,0.0003687140000039335,123,A05,cross-session,AdaBN
177,16,0,0.0003770379999963325,123,A05,cross-session,AdaBN
178,16,0,0.00035779200000263245,123,A05,cross-session,AdaBN
179,16,1,0.00037545899999713583,123,A05,cross-session,AdaBN
180,16,0,0.00037494699999740533,123,A05,cross-session,AdaBN
181,16,1,0.00035998600000652914,123,A05,cross-session,AdaBN
182,16,1,0.0003780230000103302,123,A05,cross-session,AdaBN
183,16,0,0.00037092700000584955,123,A05,cross-session,AdaBN
184,16,1,0.00035798100000761224,123,A05,cross-session,AdaBN
185,16,0,0.00036918400000729434,123,A05,cross-session,AdaBN
186,16,0,0.0003599479999962796,123,A05,cross-session,AdaBN
187,16,0,0.0003723770000050308,123,A05,cross-session,AdaBN
188,16,0,0.0003640580000023874,123,A05,cross-session,AdaBN
189,16,0,0.00036941600001227926,123,A05,cross-session,AdaBN
190,16,0,0.00036638899999275054,123,A05,cross-session,AdaBN
191,16,0,0.0003925959999975248,123,A05,cross-session,AdaBN
192,16,0,0.00038852799998778664,123,A05,cross-session,AdaBN
193,16,0,0.0003772600000075954,123,A05,cross-session,AdaBN
194,16,0,0.00039202900001100716,123,A05,cross-session,AdaBN
195,16,1,0.0003735429999949247,123,A05,cross-session,AdaBN
196,16,0,0.00036584199999367684,123,A05,cross-session,AdaBN
197,16,0,0.00038302900000530826,123,A05,cross-session,AdaBN
198,16,1,0.0003764780000068413,123,A05,cross-session,AdaBN
199,16,0,0.00036164299999086325,123,A05,cross-session,AdaBN
200,16,0,0.0003925609999981816,123,A05,cross-session,AdaBN
201,16,1,0.00037645399999064466,123,A05,cross-session,AdaBN
202,16,0,0.0004068439999969087,123,A05,cross-session,AdaBN
203,16,1,0.0003726199999931623,123,A05,cross-session,AdaBN
204,16,1,0.00036947499999939737,123,A05,cross-session,AdaBN
205,16,0,0.0003629870000025903,123,A05,cross-session,AdaBN
206,16,1,0.000358026999990102,123,A05,cross-session,AdaBN
207,16,0,0.0003652510000051734,123,A05,cross-session,AdaBN
208,16,0,0.00036650300000928837,123,A05,cross-session,AdaBN
209,16,0,0.00037736600000926046,123,A05,cross-session,AdaBN
210,16,1,0.0003632939999960172,123,A05,cross-session,AdaBN
211,16,0,0.00036995600000011564,123,A05,cross-session,AdaBN
212,16,0,0.000355009999992717,123,A05,cross-session,AdaBN
213,16,1,0.0003864159999977801,123,A05,cross-session,AdaBN
214,16,0,0.00036073100000066916,123,A05,cross-session,AdaBN
215,16,0,0.0003953029999905766,123,A05,cross-session,AdaBN
216,16,1,0.00039963000000398097,123,A05,cross-session,AdaBN
217,16,1,0.0003693480000066529,123,A05,cross-session,AdaBN
218,16,0,0.00035974700000451776,123,A05,cross-session,AdaBN
219,16,1,0.000382493000003592,123,A05,cross-session,AdaBN
220,16,0,0.0003597830000074964,123,A05,cross-session,AdaBN
221,16,0,0.00038678699999650235,123,A05,cross-session,AdaBN
222,16,0,0.00037021400000014637,123,A05,cross-session,AdaBN
223,16,0,0.0003613880000017389,123,A05,cross-session,AdaBN
224,16,1,0.0003758520000047838,123,A05,cross-session,AdaBN
225,16,0,0.0003494899999907375,123,A05,cross-session,AdaBN
226,16,1,0.0003654630000085035,123,A05,cross-session,AdaBN
227,16,0,0.00036055099999998674,123,A05,cross-session,AdaBN
228,16,0,0.0003606710000099156,123,A05,cross-session,AdaBN
229,16,0,0.0003578549999900815,123,A05,cross-session,AdaBN
230,16,0,0.0003611190000043507,123,A05,cross-session,AdaBN
231,16,1,0.00035621100001037576,123,A05,cross-session,AdaBN
232,16,0,0.000384830000001557,123,A05,cross-session,AdaBN
233,16,0,0.0003688660000022992,123,A05,cross-session,AdaBN
234,16,0,0.0003880689999959941,123,A05,cross-session,AdaBN
235,16,0,0.0003558660000066993,123,A05,cross-session,AdaBN
236,16,0,0.000392296999990549,123,A05,cross-session,AdaBN
237,16,0,0.0003746839999934082,123,A05,cross-session,AdaBN
238,16,0,0.0003599759999985963,123,A05,cross-session,AdaBN
239,16,1,0.0003647019999988288,123,A05,cross-session,AdaBN
240,16,0,0.0003726089999958049,123,A05,cross-session,AdaBN
241,16,1,0.00037590299999124,123,A05,cross-session,AdaBN
242,16,0,0.0003692580000063117,123,A05,cross-session,AdaBN
243,16,0,0.00035823499999310116,123,A05,cross-session,AdaBN
244,16,1,0.00036733099999253227,123,A05,cross-session,AdaBN
245,16,0,0.00038153399999885096,123,A05,cross-session,AdaBN
246,16,0,0.00035112200001208294,123,A05,cross-session,AdaBN
247,16,0,0.0003677360000011731,123,A05,cross-session,AdaBN
248,16,1,0.00037018300000113413,123,A05,cross-session,AdaBN
249,16,1,0.0003530099999977665,123,A05,cross-session,AdaBN
250,16,0,0.0003875299999975823,123,A05,cross-session,AdaBN
251,16,1,0.0003722209999921233,123,A05,cross-session,AdaBN
252,16,1,0.0003602029999996148,123,A05,cross-session,AdaBN
253,16,1,0.00037437399998907495,123,A05,cross-session,AdaBN
254,16,0,0.00035440800000685613,123,A05,cross-session,AdaBN
255,16,0,0.000362000999999168,123,A05,cross-session,AdaBN
256,16,0,0.0003710940000019036,123,A05,cross-session,AdaBN
257,16,0,0.00035591799999679097,123,A05,cross-session,AdaBN
258,16,0,0.0003540630000031797,123,A05,cross-session,AdaBN
259,16,1,0.00035610400000507525,123,A05,cross-session,AdaBN
260,16,1,0.0003684240000012551,123,A05,cross-session,AdaBN
261,16,1,0.0003614080000033937,123,A05,cross-session,AdaBN
262,16,1,0.0003613559999990912,123,A05,cross-session,AdaBN
263,16,0,0.00037208500000929234,123,A05,cross-session,AdaBN
264,16,0,0.0003793759999979329,123,A05,cross-session,AdaBN
265,16,1,0.0003626079999889953,123,A05,cross-session,AdaBN
266,16,0,0.00036112399999410627,123,A05,cross-session,AdaBN
267,16,0,0.00036212100000909686,123,A05,cross-session,AdaBN
268,16,0,0.0003572649999910027,123,A05,cross-session,AdaBN
269,16,0,0.0003761990000015203,123,A05,cross-session,AdaBN
270,16,0,0.0003580559999960542,123,A05,cross-session,AdaBN
271,16,0,0.0003679299999959085,123,A05,cross-session,AdaBN
272,16,0,0.0003683970000025738,123,A05,cross-session,AdaBN
273,16,1,0.000353635999999824,123,A05,cross-session,AdaBN
274,16,0,0.00036505700001043806,123,A05,cross-session,AdaBN
275,16,1,0.00036950100000865405,123,A05,cross-session,AdaBN
276,16,0,0.00035500199999205506,123,A05,cross-session,AdaBN
277,16,0,0.00036624200001256213,123,A05,cross-session,AdaBN
278,16,0,0.0003574640000039153,123,A05,cross-session,AdaBN
279,16,0,0.0003680540000061683,123,A05,cross-session,AdaBN
280,16,0,0.0003608649999904401,123,A05,cross-session,AdaBN
281,16,0,0.0003695129999954361,123,A05,cross-session,AdaBN
282,16,1,0.0003793930000028922,123,A05,cross-session,AdaBN
283,16,0,0.0003598219999929597,123,A05,cross-session,AdaBN
284,16,0,0.00035599499999250384,123,A05,cross-session,AdaBN
285,16,1,0.0003631799999936902,123,A05,cross-session,AdaBN
286,16,0,0.0003891329999987647,123,A05,cross-session,AdaBN
287,16,0,0.0003650630000038291,123,A05,cross-session,AdaBN
0,1,1,0.0006536089999968908,123,A06,cross-session,AdaBN
1,2,0,0.0005496649999940928,123,A06,cross-session,AdaBN
2,3,0,0.0005847040000048764,123,A06,cross-session,AdaBN
3,4,1,0.0005817509999985759,123,A06,cross-session,AdaBN
4,5,0,0.0005877290000029234,123,A06,cross-session,AdaBN
5,6,1,0.0005322330000012698,123,A06,cross-session,AdaBN
6,7,1,0.0004675229999975272,123,A06,cross-session,AdaBN
7,8,0,0.0004511879999995472,123,A06,cross-session,AdaBN
8,9,1,0.000481034000003433,123,A06,cross-session,AdaBN
9,10,1,0.00045787800000596235,123,A06,cross-session,AdaBN
10,11,1,0.00043645899999944504,123,A06,cross-session,AdaBN
11,12,0,0.0004313090000067632,123,A06,cross-session,AdaBN
12,13,1,0.0004188580000032971,123,A06,cross-session,AdaBN
13,14,1,0.0004506460000044399,123,A06,cross-session,AdaBN
14,15,1,0.00042362599999989925,123,A06,cross-session,AdaBN
15,16,1,0.00044977999999673557,123,A06,cross-session,AdaBN
16,16,0,0.00044227500001170483,123,A06,cross-session,AdaBN
17,16,0,0.00042206399999145106,123,A06,cross-session,AdaBN
18,16,1,0.00045122099999161946,123,A06,cross-session,AdaBN
19,16,1,0.00042916300000683805,123,A06,cross-session,AdaBN
20,16,1,0.0004428120000028457,123,A06,cross-session,AdaBN
21,16,1,0.00046508699999492364,123,A06,cross-session,AdaBN
22,16,0,0.0004388320000003887,123,A06,cross-session,AdaBN
23,16,1,0.0004252740000083577,123,A06,cross-session,AdaBN
24,16,0,0.0004330870000046616,123,A06,cross-session,AdaBN
25,16,1,0.0004230950000021494,123,A06,cross-session,AdaBN
26,16,1,0.0004540679999962549,123,A06,cross-session,AdaBN
27,16,0,0.00043829499999503696,123,A06,cross-session,AdaBN
28,16,0,0.00041297500000325726,123,A06,cross-session,AdaBN
29,16,0,0.00043786700000225665,123,A06,cross-session,AdaBN
30,16,1,0.0003697270000060371,123,A06,cross-session,AdaBN
31,16,0,0.0004005870000014511,123,A06,cross-session,AdaBN
32,16,1,0.00038358300000140844,123,A06,cross-session,AdaBN
33,16,1,0.0003588870000044153,123,A06,cross-session,AdaBN
34,16,1,0.00039236199999947985,123,A06,cross-session,AdaBN
35,16,1,0.00036142999999810854,123,A06,cross-session,AdaBN
36,16,1,0.0003684579999969628,123,A06,cross-session,AdaBN
37,16,1,0.00037657500000420896,123,A06,cross-session,AdaBN
38,16,1,0.0003793009999952801,123,A06,cross-session,AdaBN
39,16,1,0.00036326299999700495,123,A06,cross-session,AdaBN
40,16,0,0.00038995799999952396,123,A06,cross-session,AdaBN
41,16,1,0.0003669010000066919,123,A06,cross-session,AdaBN
42,16,0,0.000386532000007378,123,A06,cross-session,AdaBN
43,16,1,0.00037108499999760625,123,A06,cross-session,AdaBN
44,16,0,0.0003888680000017075,123,A06,cross-session,AdaBN
45,16,1,0.0003752600000126449,123,A06,cross-session,AdaBN
46,16,0,0.00039168700000402623,123,A06,cross-session,AdaBN
47,16,0,0.00038295299999902,123,A06,cross-session,AdaBN
48,16,0,0.00036992600000473885,123,A06,cross-session,AdaBN
49,16,0,0.0003640700000033803,123,A06,cross-session,AdaBN
50,16,0,0.0003603500000082249,123,A06,cross-session,AdaBN
51,16,1,0.000366898999999421,123,A06,cross-session,AdaBN
52,16,1,0.00041938999999047155,123,A06,cross-session,AdaBN
53,16,0,0.00042451699999901393,123,A06,cross-session,AdaBN
54,16,1,0.00038252000000227326,123,A06,cross-session,AdaBN
55,16,0,0.0004016030000002502,123,A06,cross-session,AdaBN
56,16,1,0.0003707569999988891,123,A06,cross-session,AdaBN
57,16,0,0.00039769800000044597,123,A06,cross-session,AdaBN
58,16,1,0.00039112899999338424,123,A06,cross-session,AdaBN
59,16,1,0.0003908179999996264,123,A06,cross-session,AdaBN
60,16,1,0.0003654060000002346,123,A06,cross-session,AdaBN
61,16,0,0.00041519900000253074,123,A06,cross-session,AdaBN
62,16,0,0.00037326499999323914,123,A06,cross-session,AdaBN
63,16,0,0.00042924199999561097,123,A06,cross-session,AdaBN
64,16,1,0.00037744600000166884,123,A06,cross-session,AdaBN
65,16,1,0.00041774500000713033,123,A06,cross-session,AdaBN
66,16,0,0.00036062600000263956,123,A06,cross-session,AdaBN
67,16,0,0.00044327000000521366,123,A06,cross-session,AdaBN
68,16,0,0.0003737050000012232,123,A06,cross-session,AdaBN
69,16,1,0.0004071289999956207,123,A06,cross-session,AdaBN
70,16,1,0.0003841810000011492,123,A06,cross-session,AdaBN
71,16,0,0.0003949999999974807,123,A06,cross-session,AdaBN
72,16,1,0.0004054639999964138,123,A06,cross-session,AdaBN
73,16,0,0.00039635699999962526,123,A06,cross-session,AdaBN
74,16,0,0.00037310700000148245,123,A06,cross-session,AdaBN
75,16,0,0.000385399999998981,123,A06,cross-session,AdaBN
76,16,1,0.00039945999999702053,123,A06,cross-session,AdaBN
77,16,0,0.00038076600000636063,123,A06,cross-session,AdaBN
78,16,0,0.0004046549999969784,123,A06,cross-session,AdaBN
79,16,1,0.0003745119999933877,123,A06,cross-session,AdaBN
80,16,1,0.00038009600000066257,123,A06,cross-session,AdaBN
81,16,1,0.0003733159999939062,123,A06,cross-session,AdaBN
82,16,1,0.00040149099999098325,123,A06,cross-session,AdaBN
83,16,0,0.00037246799999479663,123,A06,cross-session,AdaBN
84,16,1,0.0004058009999994283,123,A06,cross-session,AdaBN
85,16,0,0.0003761199999985365,123,A06,cross-session,AdaBN
86,16,1,0.00039913399999136345,123,A06,cross-session,AdaBN
87,16,0,0.0003899210000071207,123,A06,cross-session,AdaBN
88,16,1,0.00041692199999943114,123,A06,cross-session,AdaBN
89,16,0,0.00036408100000073773,123,A06,cross-session,AdaBN
90,16,0,0.00037505999999609685,123,A06,cross-session,AdaBN
91,16,0,0.000370199000002458,123,A06,cross-session,AdaBN
92,16,0,0.0003622940000127528,123,A06,cross-session,AdaBN
93,16,1,0.0003960200000108216,123,A06,cross-session,AdaBN
94,16,0,0.000386712999997485,123,A06,cross-session,AdaBN
95,16,1,0.00035769999999502033,123,A06,cross-session,AdaBN
96,16,1,0.0003820629999893299,123,A06,cross-session,AdaBN
97,16,1,0.00037681700000291585,123,A06,cross-session,AdaBN
98,16,0,0.0003685310000065556,123,A06,cross-session,AdaBN
99,16,0,0.0003746610000092687,123,A06,cross-session,AdaBN
100,16,1,0.0003832089999917798,123,A06,cross-session,AdaBN
101,16,1,0.00041686699999843313,123,A06,cross-session,AdaBN
102,16,1,0.00038790099999630456,123,A06,cross-session,AdaBN
103,16,0,0.00039119599999537513,123,A06,cross-session,AdaBN
104,16,0,0.0003690819999917494,123,A06,cross-session,AdaBN
105,16,1,0.0003927679999975453,123,A06,cross-session,AdaBN
106,16,1,0.0003745849999887696,123,A06,cross-session,AdaBN
107,16,0,0.0003822319999926549,123,A06,cross-session,AdaBN
108,16,1,0.0003957990000031941,123,A06,cross-session,AdaBN
109,16,1,0.0003734370000074705,123,A06,cross-session,AdaBN
110,16,0,0.00038544899999237714,123,A06,cross-session,AdaBN
111,16,1,0.00038795599999730257,123,A06,cross-session,AdaBN
112,16,0,0.0003902259999932767,123,A06,cross-session,AdaBN
113,16,1,0.0003881700000079036,123,A06,cross-session,AdaBN
114,16,1,0.00035977600001046994,123,A06,cross-session,AdaBN
115,16,1,0.0003932120000058603,123,A06,cross-session,AdaBN
116,16,0,0.0003821199999975988,123,A06,cross-session,AdaBN
117,16,0,0.0003631419999976515,123,A06,cross-session,AdaBN
118,16,1,0.00037707299999567567,123,A06,cross-session,AdaBN
119,16,1,0.0003736200000048484,123,A06,cross-session,AdaBN
120,16,0,0.00036738799998659033,123,A06,cross-session,AdaBN
121,16,0,0.00040085399999156834,123,A06,cross-session,AdaBN
122,16,0,0.0003735680000005459,123,A06,cross-session,AdaBN
123,16,0,0.00036912799998845003,123,A06,cross-session,AdaBN
124,16,1,0.0003822160000055419,123,A06,cross-session,AdaBN
125,16,0,0.0003686569999956646,123,A06,cross-session,AdaBN
126,16,0,0.0003845850000061546,123,A06,cross-session,AdaBN
127,16,0,0.0003623420000025135,123,A06,cross-session,AdaBN
128,16,0,0.00036187799999254366,123,A06,cross-session,AdaBN
129,16,0,0.000374629000006621,123,A06,cross-session,AdaBN
130,16,0,0.0003702799999985018,123,A06,cross-session,AdaBN
131,16,0,0.0003676000000041313,123,A06,cross-session,AdaBN
132,16,0,0.0003858999999977186,123,A06,cross-session,AdaBN
133,16,1,0.00037864200000115034,123,A06,cross-session,AdaBN
134,16,0,0.00036478599999156813,123,A06,cross-session,AdaBN
135,16,1,0.0003699670000116839,123,A06,cross-session,AdaBN
136,16,0,0.00036527700000021923,123,A06,cross-session,AdaBN
137,16,0,0.0003683049999949617,123,A06,cross-session,AdaBN
138,16,1,0.00037077999999723943,123,A06,cross-session,AdaBN
139,16,1,0.00037374499999032196,123,A06,cross-session,AdaBN
140,16,0,0.0003665050000023484,123,A06,cross-session,AdaBN
141,16,1,0.00037184400000001006,123,A06,cross-session,AdaBN
142,16,0,0.0003659129999959987,123,A06,cross-session,AdaBN
143,16,0,0.00036790900000482907,123,A06,cross-session,AdaBN
144,16,0,0.00038773599999331054,123,A06,cross-session,AdaBN
145,16,1,0.00038081400001033217,123,A06,cross-session,AdaBN
146,16,1,0.00038292799999339877,123,A06,cross-session,AdaBN
147,16,1,0.0003751519999894981,123,A06,cross-session,AdaBN
148,16,0,0.0003654520000111461,123,A06,cross-session,AdaBN
149,16,1,0.0003759429999945496,123,A06,cross-session,AdaBN
150,16,1,0.00037189399999704165,123,A06,cross-session,AdaBN
151,16,1,0.00037155399999733163,123,A06,cross-session,AdaBN
152,16,0,0.0003640550000056919,123,A06,cross-session,AdaBN
153,16,0,0.000382438000002594,123,A06,cross-session,AdaBN
154,16,0,0.00037082099998997364,123,A06,cross-session,AdaBN
155,16,0,0.00039019700000153534,123,A06,cross-session,AdaBN
156,16,0,0.0004002379999974437,123,A06,cross-session,AdaBN
157,16,1,0.00037012499998922976,123,A06,cross-session,AdaBN
158,16,0,0.0003726940000063905,123,A06,cross-session,AdaBN
159,16,1,0.00037414500000920725,123,A06,cross-session,AdaBN
160,16,0,0.0003674809999978379,123,A06,cross-session,AdaBN
161,16,1,0.0004040230000015299,123,A06,cross-session,AdaBN
162,16,0,0.00039143600000102197,123,A06,cross-session,AdaBN
163,16,1,0.0003817790000084642,123,A06,cross-session,AdaBN
164,16,1,0.00040757700000426667,123,A06,cross-session,AdaBN
165,16,0,0.00038062699999841243,123,A06,cross-session,AdaBN
166,16,0,0.000393719999991049,123,A06,cross-session,AdaBN
167,16,0,0.00041326100000560473,123,A06,cross-session,AdaBN
168,16,1,0.0003666220000013709,123,A06,cross-session,AdaBN
169,16,0,0.0003719179999990274,123,A06,cross-session,AdaBN
170,16,0,0.0003728969999912124,123,A06,cross-session,AdaBN
171,16,0,0.0003679409999932659,123,A06,cross-session,AdaBN
172,16,1,0.0003875249999936159,123,A06,cross-session,AdaBN
173,16,1,0.00037298700000576446,123,A06,cross-session,AdaBN
174,16,1,0.00036788300000978325,123,A06,cross-session,AdaBN
175,16,0,0.00037935600001048897,123,A06,cross-session,AdaBN
176,16,1,0.00036506099999655817,123,A06,cross-session,AdaBN
177,16,1,0.00037028799999916373,123,A06,cross-session,AdaBN
178,16,0,0.0004279410000123107,123,A06,cross-session,AdaBN
179,16,0,0.00037544100000275193,123,A06,cross-session,AdaBN
180,16,0,0.0003629349999982878,123,A06,cross-session,AdaBN
181,16,1,0.0003761469999972178,123,A06,cross-session,AdaBN
182,16,0,0.00037059000000283504,123,A06,cross-session,AdaBN
183,16,1,0.00038189800000054674,123,A06,cross-session,AdaBN
184,16,0,0.00037663400000553793,123,A06,cross-session,AdaBN
185,16,0,0.0003936559999999645,123,A06,cross-session,AdaBN
186,16,0,0.00037009800000475934,123,A06,cross-session,AdaBN
187,16,0,0.00037026600000444887,123,A06,cross-session,AdaBN
188,16,0,0.00039621700000225246,123,A06,cross-session,AdaBN
189,16,1,0.000381913000012446,123,A06,cross-session,AdaBN
190,16,0,0.0003737499999942884,123,A06,cross-session,AdaBN
191,16,1,0.00039895000000456093,123,A06,cross-session,AdaBN
192,16,0,0.0003667160000020431,123,A06,cross-session,AdaBN
193,16,0,0.00039677000000892804,123,A06,cross-session,AdaBN
194,16,0,0.00038455100001044684,123,A06,cross-session,AdaBN
195,16,1,0.00039659899999833215,123,A06,cross-session,AdaBN
196,16,1,0.00041527499999460815,123,A06,cross-session,AdaBN
197,16,0,0.0003869929999922306,123,A06,cross-session,AdaBN
198,16,1,0.000370879000001878,123,A06,cross-session,AdaBN
199,16,1,0.00039266499999257576,123,A06,cross-session,AdaBN
200,16,0,0.0003870500000004995,123,A06,cross-session,AdaBN
201,16,0,0.00041633900001158963,123,A06,cross-session,AdaBN
202,16,0,0.000377479000007952,123,A06,cross-session,AdaBN
203,16,1,0.0003733039999929133,123,A06,cross-session,AdaBN
204,16,1,0.0003840440000004719,123,A06,cross-session,AdaBN
205,16,0,0.00036009400000125424,123,A06,cross-session,AdaBN
206,16,1,0.0003632739999943624,123,A06,cross-session,AdaBN
207,16,1,0.0003764860000075032,123,A06,cross-session,AdaBN
208,16,1,0.0003656200000108356,123,A06,cross-session,AdaBN
209,16,0,0.00039839499999061445,123,A06,cross-session,AdaBN
210,16,0,0.0003747510000096099,123,A06,cross-session,AdaBN
211,16,1,0.0003709169999979167,123,A06,cross-session,AdaBN
212,16,0,0.00041171600000211583,123,A06,cross-session,AdaBN
213,16,1,0.0003695750000076714,123,A06,cross-session,AdaBN
214,16,1,0.00036968499999545656,123,A06,cross-session,AdaBN
215,16,0,0.0003746799999930772,123,A06,cross-session,AdaBN
216,16,0,0.00036437100000341616,123,A06,cross-session,AdaBN
217,16,0,0.000374299000000633,123,A06,cross-session,AdaBN
218,16,0,0.00037534400000538426,123,A06,cross-session,AdaBN
219,16,1,0.0003680189999926142,123,A06,cross-session,AdaBN
220,16,0,0.0003791640000088137,123,A06,cross-session,AdaBN
221,16,1,0.0003601570000029142,123,A06,cross-session,AdaBN
222,16,1,0.000394633999988514,123,A06,cross-session,AdaBN
223,16,0,0.0004242330000039374,123,A06,cross-session,AdaBN
224,16,1,0.000357836000006273,123,A06,cross-session,AdaBN
225,16,0,0.000396335999994335,123,A06,cross-session,AdaBN
226,16,1,0.0003705470000028299,123,A06,cross-session,AdaBN
227,16,0,0.0003732109999958766,123,A06,cross-session,AdaBN
228,16,1,0.0003795509999946489,123,A06,cross-session,AdaBN
229,16,1,0.00037873499999818705,123,A06,cross-session,AdaBN
230,16,0,0.0003646119999984876,123,A06,cross-session,AdaBN
231,16,0,0.0003655910000048834,123,A06,cross-session,AdaBN
232,16,1,0.0003615189999948143,123,A06,cross-session,AdaBN
233,16,0,0.00036924200000498786,123,A06,cross-session,AdaBN
234,16,0,0.00042182199999274417,123,A06,cross-session,AdaBN
235,16,1,0.00037447500000098444,123,A06,cross-session,AdaBN
236,16,0,0.00038132100000609626,123,A06,cross-session,AdaBN
237,16,1,0.0003661240000099042,123,A06,cross-session,AdaBN
238,16,1,0.00038364199998852655,123,A06,cross-session,AdaBN
239,16,1,0.0003768489999913527,123,A06,cross-session,AdaBN
240,16,0,0.0003583430000020371,123,A06,cross-session,AdaBN
241,16,1,0.00037581899999850066,123,A06,cross-session,AdaBN
242,16,1,0.0003663050000000112,123,A06,cross-session,AdaBN
243,16,0,0.0003866130000034218,123,A06,cross-session,AdaBN
244,16,1,0.000371922999988783,123,A06,cross-session,AdaBN
245,16,0,0.00042258199999878343,123,A06,cross-session,AdaBN
246,16,0,0.00037358400000186975,123,A06,cross-session,AdaBN
247,16,1,0.0003999619999888182,123,A06,cross-session,AdaBN
248,16,1,0.0003574580000105243,123,A06,cross-session,AdaBN
249,16,1,0.00036614000001122804,123,A06,cross-session,AdaBN
250,16,0,0.0003981859999981907,123,A06,cross-session,AdaBN
251,16,0,0.00036408100000073773,123,A06,cross-session,AdaBN
252,16,1,0.0003895060000047579,123,A06,cross-session,AdaBN
253,16,0,0.0004256190000120341,123,A06,cross-session,AdaBN
254,16,1,0.00037916899999856923,123,A06,cross-session,AdaBN
255,16,1,0.000405103999995049,123,A06,cross-session,AdaBN
256,16,0,0.0003935889999979736,123,A06,cross-session,AdaBN
257,16,0,0.0003643950000054019,123,A06,cross-session,AdaBN
258,16,1,0.0004107010000069522,123,A06,cross-session,AdaBN
259,16,0,0.0003722820000007232,123,A06,cross-session,AdaBN
260,16,1,0.0003727739999987989,123,A06,cross-session,AdaBN
261,16,0,0.00038625700000238794,123,A06,cross-session,AdaBN
262,16,1,0.0003764319999959298,123,A06,cross-session,AdaBN
263,16,0,0.0003887780000013663,123,A06,cross-session,AdaBN
264,16,1,0.00040887299999781135,123,A06,cross-session,AdaBN
265,16,0,0.0003612839999931339,123,A06,cross-session,AdaBN
266,16,1,0.00044308199998965847,123,A06,cross-session,AdaBN
267,16,0,0.00038811399998905927,123,A06,cross-session,AdaBN
268,16,1,0.00039256600000214803,123,A06,cross-session,AdaBN
269,16,1,0.0004059110000014243,123,A06,cross-session,AdaBN
270,16,1,0.00038290900000959027,123,A06,cross-session,AdaBN
271,16,1,0.000362903000009851,123,A06,cross-session,AdaBN
272,16,1,0.0003728000000080556,123,A06,cross-session,AdaBN
273,16,0,0.00036690299999975196,123,A06,cross-session,AdaBN
274,16,0,0.00037079900000946964,123,A06,cross-session,AdaBN
275,16,0,0.00042079299998931674,123,A06,cross-session,AdaBN
276,16,1,0.0004066719999968882,123,A06,cross-session,AdaBN
277,16,1,0.0003959749999893347,123,A06,cross-session,AdaBN
278,16,0,0.00038606599999013724,123,A06,cross-session,AdaBN
279,16,0,0.0003770379999963325,123,A06,cross-session,AdaBN
280,16,1,0.0003959280000032095,123,A06,cross-session,AdaBN
281,16,1,0.0003795300000035695,123,A06,cross-session,AdaBN
282,16,0,0.00037538299999084757,123,A06,cross-session,AdaBN
283,16,0,0.00040075100000080965,123,A06,cross-session,AdaBN
284,16,0,0.0003738679999969463,123,A06,cross-session,AdaBN
285,16,1,0.0003945200000003979,123,A06,cross-session,AdaBN
286,16,1,0.0003924359999984972,123,A06,cross-session,AdaBN
287,16,0,0.0003783200000100351,123,A06,cross-session,AdaBN
0,1,1,0.0006244719999983772,123,A07,cross-session,AdaBN
1,2,0,0.000493966999997042,123,A07,cross-session,AdaBN
2,3,1,0.0005594240000021955,123,A07,cross-session,AdaBN
3,4,0,0.00048592499999244865,123,A07,cross-session,AdaBN
4,5,1,0.0004790260000078206,123,A07,cross-session,AdaBN
5,6,1,0.00048107000000641165,123,A07,cross-session,AdaBN
6,7,1,0.0005076460000026373,123,A07,cross-session,AdaBN
7,8,1,0.0005017589999880556,123,A07,cross-session,AdaBN
8,9,1,0.000460486999998011,123,A07,cross-session,AdaBN
9,10,1,0.00044941600000925064,123,A07,cross-session,AdaBN
10,11,1,0.00042382600000223647,123,A07,cross-session,AdaBN
11,12,1,0.00043853100000035283,123,A07,cross-session,AdaBN
12,13,1,0.00041931600000566505,123,A07,cross-session,AdaBN
13,14,0,0.0004329029999894374,123,A07,cross-session,AdaBN
14,15,1,0.0004324909999979809,123,A07,cross-session,AdaBN
15,16,0,0.0004323730000095338,123,A07,cross-session,AdaBN
16,16,0,0.00042586500001107197,123,A07,cross-session,AdaBN
17,16,1,0.0004245960000019977,123,A07,cross-session,AdaBN
18,16,0,0.0004534270000107199,123,A07,cross-session,AdaBN
19,16,1,0.00043652600000143593,123,A07,cross-session,AdaBN
20,16,1,0.0004270379999979923,123,A07,cross-session,AdaBN
21,16,1,0.00043538200000625693,123,A07,cross-session,AdaBN
22,16,1,0.0004168330000027254,123,A07,cross-session,AdaBN
23,16,1,0.0004331820000089692,123,A07,cross-session,AdaBN
24,16,0,0.00045302700000604545,123,A07,cross-session,AdaBN
25,16,0,0.00039603799999099465,123,A07,cross-session,AdaBN
26,16,1,0.0004223880000040481,123,A07,cross-session,AdaBN
27,16,0,0.00038215099999661106,123,A07,cross-session,AdaBN
28,16,1,0.00039298700001211273,123,A07,cross-session,AdaBN
29,16,1,0.0003764340000032007,123,A07,cross-session,AdaBN
30,16,1,0.00036768200000381057,123,A07,cross-session,AdaBN
31,16,0,0.00038440699999853223,123,A07,cross-session,AdaBN
32,16,0,0.0003643000000010943,123,A07,cross-session,AdaBN
33,16,0,0.00036878099999171354,123,A07,cross-session,AdaBN
34,16,1,0.00036435900000242327,123,A07,cross-session,AdaBN
35,16,0,0.0003597280000064984,123,A07,cross-session,AdaBN
36,16,1,0.0003670919999905209,123,A07,cross-session,AdaBN
37,16,1,0.0003740270000065493,123,A07,cross-session,AdaBN
38,16,0,0.00036650100000201746,123,A07,cross-session,AdaBN
39,16,0,0.00036202300000809373,123,A07,cross-session,AdaBN
40,16,1,0.0003673239999955058,123,A07,cross-session,AdaBN
41,16,0,0.00036500599999556016,123,A07,cross-session,AdaBN
42,16,1,0.00037203899999838086,123,A07,cross-session,AdaBN
43,16,0,0.00036396100000501974,123,A07,cross-session,AdaBN
44,16,1,0.0003759779999938928,123,A07,cross-session,AdaBN
45,16,0,0.00037247200000933844,123,A07,cross-session,AdaBN
46,16,0,0.00036842200000819503,123,A07,cross-session,AdaBN
47,16,1,0.00036678300000403397,123,A07,cross-session,AdaBN
48,16,0,0.00036778700000184017,123,A07,cross-session,AdaBN
49,16,0,0.0003582760000000462,123,A07,cross-session,AdaBN
50,16,1,0.00037338699999622804,123,A07,cross-session,AdaBN
51,16,0,0.0003720960000066498,123,A07,cross-session,AdaBN
52,16,0,0.0003707890000015368,123,A07,cross-session,AdaBN
53,16,1,0.0003880880000082243,123,A07,cross-session,AdaBN
54,16,1,0.00039339899998935834,123,A07,cross-session,AdaBN
55,16,0,0.00040440099999727863,123,A07,cross-session,AdaBN
56,16,1,0.0003824899999926856,123,A07,cross-session,AdaBN
57,16,1,0.0003674899999879244,123,A07,cross-session,AdaBN
58,16,1,0.0003725840000043945,123,A07,cross-session,AdaBN
59,16,1,0.0004283990000004678,123,A07,cross-session,AdaBN
60,16,1,0.0003782619999981307,123,A07,cross-session,AdaBN
61,16,0,0.0003939969999890991,123,A07,cross-session,AdaBN
62,16,0,0.0003723430000093231,123,A07,cross-session,AdaBN
63,16,1,0.00038819799999600946,123,A07,cross-session,AdaBN
64,16,1,0.0003869220000041196,123,A07,cross-session,AdaBN
65,16,1,0.0003947090000053777,123,A07,cross-session,AdaBN
66,16,0,0.00037406100000225706,123,A07,cross-session,AdaBN
67,16,1,0.00042236500000569777,123,A07,cross-session,AdaBN
68,16,1,0.00038046299999905386,123,A07,cross-session,AdaBN
69,16,0,0.00036802099999988513,123,A07,cross-session,AdaBN
70,16,0,0.00040840699999478147,123,A07,cross-session,AdaBN
71,16,0,0.0003700079999902073,123,A07,cross-session,AdaBN
72,16,0,0.00039057200000058856,123,A07,cross-session,AdaBN
73,16,1,0.0003759059999879355,123,A07,cross-session,AdaBN
74,16,1,0.0003745890000033114,123,A07,cross-session,AdaBN
75,16,1,0.0003804119999983868,123,A07,cross-session,AdaBN
76,16,1,0.00037343699999325963,123,A07,cross-session,AdaBN
77,16,1,0.000394388000003687,123,A07,cross-session,AdaBN
78,16,1,0.00037862799999288654,123,A07,cross-session,AdaBN
79,16,0,0.00039445999999543346,123,A07,cross-session,AdaBN
80,16,0,0.00037639299999625564,123,A07,cross-session,AdaBN
81,16,1,0.00035923500000478725,123,A07,cross-session,AdaBN
82,16,1,0.0003669289999947978,123,A07,cross-session,AdaBN
83,16,1,0.0003656089999992673,123,A07,cross-session,AdaBN
84,16,0,0.00036480500000379834,123,A07,cross-session,AdaBN
85,16,1,0.00039030900001080227,123,A07,cross-session,AdaBN
86,16,1,0.00040253500000630993,123,A07,cross-session,AdaBN
87,16,1,0.00040474300000425956,123,A07,cross-session,AdaBN
88,16,0,0.00038423200000181623,123,A07,cross-session,AdaBN
89,16,1,0.0003754700000087041,123,A07,cross-session,AdaBN
90,16,1,0.0003661679999993339,123,A07,cross-session,AdaBN
91,16,0,0.00037011800000641415,123,A07,cross-session,AdaBN
92,16,0,0.00036871000000360254,123,A07,cross-session,AdaBN
93,16,0,0.0003812279999948487,123,A07,cross-session,AdaBN
94,16,1,0.0003649229999922454,123,A07,cross-session,AdaBN
95,16,0,0.0003707360000078097,123,A07,cross-session,AdaBN
96,16,1,0.00038949300000012954,123,A07,cross-session,AdaBN
97,16,0,0.00040664699999126697,123,A07,cross-session,AdaBN
98,16,0,0.00041112799999609706,123,A07,cross-session,AdaBN
99,16,1,0.0003675270000087494,123,A07,cross-session,AdaBN
100,16,1,0.00038546800000460735,123,A07,cross-session,AdaBN
101,16,1,0.00037950999998770385,123,A07,cross-session,AdaBN
102,16,0,0.00037855200000080913,123,A07,cross-session,AdaBN
103,16,1,0.0004091240000008156,123,A07,cross-session,AdaBN
104,16,0,0.0003628310000038937,123,A07,cross-session,AdaBN
105,16,0,0.00038286999999570526,123,A07,cross-session,AdaBN
106,16,1,0.0003944090000089773,123,A07,cross-session,AdaBN
107,16,0,0.00038038400001028094,123,A07,cross-session,AdaBN
108,16,0,0.000369121999995059,123,A07,cross-session,AdaBN
109,16,0,0.00037248499999975593,123,A07,cross-session,AdaBN
110,16,0,0.00036559699999827444,123,A07,cross-session,AdaBN
111,16,0,0.00037266799999713385,123,A07,cross-session,AdaBN
112,16,0,0.00038420599999255955,123,A07,cross-session,AdaBN
113,16,1,0.0004150660000021844,123,A07,cross-session,AdaBN
114,16,0,0.00037689299999499326,123,A07,cross-session,AdaBN
115,16,0,0.0003652630000061663,123,A07,cross-session,AdaBN
116,16,1,0.0003673960000014631,123,A07,cross-session,AdaBN
117,16,0,0.00036145299999645886,123,A07,cross-session,AdaBN
118,16,0,0.00037813200000869074,123,A07,cross-session,AdaBN
119,16,0,0.00037770199999442866,123,A07,cross-session,AdaBN
120,16,0,0.00037379900000189537,123,A07,cross-session,AdaBN
121,16,0,0.00036670500000468564,123,A07,cross-session,AdaBN
122,16,1,0.0003535459999994828,123,A07,cross-session,AdaBN
123,16,0,0.0003724680000090075,123,A07,cross-session,AdaBN
124,16,1,0.0003783720000001267,123,A07,cross-session,AdaBN
125,16,1,0.0003761520000011842,123,A07,cross-session,AdaBN
126,16,1,0.0003745390000062798,123,A07,cross-session,AdaBN
127,16,1,0.0003640500000017255,123,A07,cross-session,AdaBN
128,16,1,0.0003715809999960129,123,A07,cross-session,AdaBN
129,16,1,0.0003801090000052909,123,A07,cross-session,AdaBN
130,16,0,0.0003953420000044616,123,A07,cross-session,AdaBN
131,16,0,0.0003683569999992642,123,A07,cross-session,AdaBN
132,16,1,0.000370424999999841,123,A07,cross-session,AdaBN
133,16,0,0.0003692880000016885,123,A07,cross-session,AdaBN
134,16,1,0.0003653240000005553,123,A07,cross-session,AdaBN
135,16,1,0.00036262099999362363,123,A07,cross-session,AdaBN
136,16,0,0.00037515500000040447,123,A07,cross-session,AdaBN
137,16,0,0.00037727699999834385,123,A07,cross-session,AdaBN
138,16,0,0.0003661220000026333,123,A07,cross-session,AdaBN
139,16,1,0.000385510000000977,123,A07,cross-session,AdaBN
140,16,0,0.00036912599999539,123,A07,cross-session,AdaBN
141,16,1,0.0003593819999991865,123,A07,cross-session,AdaBN
142,16,1,0.00036781400000052145,123,A07,cross-session,AdaBN
143,16,1,0.00036950499999477415,123,A07,cross-session,AdaBN
144,16,0,0.0003650480000061407,123,A07,cross-session,AdaBN
145,16,1,0.0003804560000020274,123,A07,cross-session,AdaBN
146,16,0,0.0003697030000040513,123,A07,cross-session,AdaBN
147,16,1,0.0003911579999993364,123,A07,cross-session,AdaBN
148,16,1,0.000403321000007395,123,A07,cross-session,AdaBN
149,16,1,0.00037850700000774395,123,A07,cross-session,AdaBN
150,16,1,0.0003669940000037286,123,A07,cross-session,AdaBN
151,16,1,0.0003866330000050766,123,A07,cross-session,AdaBN
152,16,0,0.0003722740000000613,123,A07,cross-session,AdaBN
153,16,0,0.0003736870000068393,123,A07,cross-session,AdaBN
154,16,0,0.00037022300000444375,123,A07,cross-session,AdaBN
155,16,1,0.00037704999999732536,123,A07,cross-session,AdaBN
156,16,1,0.0003598509999989119,123,A07,cross-session,AdaBN
157,16,1,0.00036519500000053995,123,A07,cross-session,AdaBN
158,16,0,0.00037486799999442155,123,A07,cross-session,AdaBN
159,16,0,0.0003677020000054654,123,A07,cross-session,AdaBN
160,16,0,0.0003764849999896569,123,A07,cross-session,AdaBN
161,16,0,0.00035608999999681146,123,A07,cross-session,AdaBN
162,16,1,0.00036310099999070644,123,A07,cross-session,AdaBN
163,16,0,0.0003794699999986051,123,A07,cross-session,AdaBN
164,16,1,0.00037934600000255614,123,A07,cross-session,AdaBN
165,16,1,0.00038014099999372775,123,A07,cross-session,AdaBN
166,16,1,0.00038412000000676016,123,A07,cross-session,AdaBN
167,16,0,0.0003649049999978615,123,A07,cross-session,AdaBN
168,16,1,0.00036490900001240334,123,A07,cross-session,AdaBN
169,16,0,0.0003600830000038968,123,A07,cross-session,AdaBN
170,16,0,0.0003824330000128384,123,A07,cross-session,AdaBN
171,16,1,0.00037796899999875677,123,A07,cross-session,AdaBN
172,16,0,0.000371272000009526,123,A07,cross-session,AdaBN
173,16,1,0.00037312299998859544,123,A07,cross-session,AdaBN
174,16,1,0.00038210099999957947,123,A07,cross-session,AdaBN
175,16,1,0.00035827499999641077,123,A07,cross-session,AdaBN
176,16,1,0.0003788119999938999,123,A07,cross-session,AdaBN
177,16,0,0.0003569060000074842,123,A07,cross-session,AdaBN
178,16,0,0.00037259799999844745,123,A07,cross-session,AdaBN
179,16,0,0.0003751609999937955,123,A07,cross-session,AdaBN
180,16,1,0.0003804280000139215,123,A07,cross-session,AdaBN
181,16,0,0.00040232199999934437,123,A07,cross-session,AdaBN
182,16,1,0.00038181399999359655,123,A07,cross-session,AdaBN
183,16,0,0.0003603309999959947,123,A07,cross-session,AdaBN
184,16,1,0.00036978400000009515,123,A07,cross-session,AdaBN
185,16,1,0.00037826599999846167,123,A07,cross-session,AdaBN
186,16,0,0.00036713000000077045,123,A07,cross-session,AdaBN
187,16,1,0.00037168600000825336,123,A07,cross-session,AdaBN
188,16,0,0.00036544200000321325,123,A07,cross-session,AdaBN
189,16,0,0.0003704020000014907,123,A07,cross-session,AdaBN
190,16,1,0.00035719599999595175,123,A07,cross-session,AdaBN
191,16,1,0.0003814620000071045,123,A07,cross-session,AdaBN
192,16,0,0.0003798299999999699,123,A07,cross-session,AdaBN
193,16,1,0.0003868529999948578,123,A07,cross-session,AdaBN
194,16,1,0.0003732400000018288,123,A07,cross-session,AdaBN
195,16,0,0.0003626799999949526,123,A07,cross-session,AdaBN
196,16,1,0.00037250700000868164,123,A07,cross-session,AdaBN
197,16,0,0.00037299799998891103,123,A07,cross-session,AdaBN
198,16,1,0.0003709419999893271,123,A07,cross-session,AdaBN
199,16,1,0.00037290900000641614,123,A07,cross-session,AdaBN
200,16,1,0.000373615000000882,123,A07,cross-session,AdaBN
201,16,0,0.00035666000000844633,123,A07,cross-session,AdaBN
202,16,0,0.00036624899999537774,123,A07,cross-session,AdaBN
203,16,0,0.0003934960000009369,123,A07,cross-session,AdaBN
204,16,0,0.0003675650000047881,123,A07,cross-session,AdaBN
205,16,1,0.0003837219999951458,123,A07,cross-session,AdaBN
206,16,1,0.0003684090000035667,123,A07,cross-session,AdaBN
207,16,1,0.0003637559999987161,123,A07,cross-session,AdaBN
208,16,0,0.0003679670000025226,123,A07,cross-session,AdaBN
209,16,0,0.0003598779999975932,123,A07,cross-session,AdaBN
210,16,1,0.0003625169999992295,123,A07,cross-session,AdaBN
211,16,1,0.00036461000000542754,123,A07,cross-session,AdaBN
212,16,1,0.000388880999992125,123,A07,cross-session,AdaBN
213,16,0,0.00036544599998933336,123,A07,cross-session,AdaBN
214,16,1,0.0003613519999987602,123,A07,cross-session,AdaBN
215,16,0,0.00036597499999402316,123,A07,cross-session,AdaBN
216,16,1,0.0003741569999959893,123,A07,cross-session,AdaBN
217,16,0,0.0003675250000014785,123,A07,cross-session,AdaBN
218,16,0,0.000371792999999343,123,A07,cross-session,AdaBN
219,16,0,0.00039121500000760534,123,A07,cross-session,AdaBN
220,16,0,0.0003708960000068373,123,A07,cross-session,AdaBN
221,16,0,0.0003958009999962542,123,A07,cross-session,AdaBN
222,16,1,0.0003729259999971646,123,A07,cross-session,AdaBN
223,16,1,0.0003747069999917585,123,A07,cross-session,AdaBN
224,16,1,0.00036853500000688655,123,A07,cross-session,AdaBN
225,16,1,0.00038399099999253394,123,A07,cross-session,AdaBN
226,16,1,0.0003729390000017929,123,A07,cross-session,AdaBN
227,16,0,0.0003647719999975152,123,A07,cross-session,AdaBN
228,16,1,0.0003570450000012215,123,A07,cross-session,AdaBN
229,16,1,0.00036508200000184843,123,A07,cross-session,AdaBN
230,16,1,0.0003620730000051253,123,A07,cross-session,AdaBN
231,16,0,0.0003604329999973288,123,A07,cross-session,AdaBN
232,16,0,0.0003722320000036916,123,A07,cross-session,AdaBN
233,16,0,0.0003571860000022298,123,A07,cross-session,AdaBN
234,16,0,0.000353985999993256,123,A07,cross-session,AdaBN
235,16,1,0.00037034899999355275,123,A07,cross-session,AdaBN
236,16,0,0.0003685299999887093,123,A07,cross-session,AdaBN
237,16,0,0.00037447299999371353,123,A07,cross-session,AdaBN
238,16,0,0.0003717179999966902,123,A07,cross-session,AdaBN
239,16,0,0.000362914999996633,123,A07,cross-session,AdaBN
240,16,0,0.00037537199999349014,123,A07,cross-session,AdaBN
241,16,1,0.000366954000000419,123,A07,cross-session,AdaBN
242,16,0,0.0003939639999970268,123,A07,cross-session,AdaBN
243,16,1,0.00037757100000135324,123,A07,cross-session,AdaBN
244,16,1,0.00036545400000420614,123,A07,cross-session,AdaBN
245,16,0,0.00035967200000186494,123,A07,cross-session,AdaBN
246,16,1,0.0003637439999977232,123,A07,cross-session,AdaBN
247,16,0,0.0003878999999926691,123,A07,cross-session,AdaBN
248,16,1,0.00037642499999890333,123,A07,cross-session,AdaBN
249,16,0,0.00036764499999719646,123,A07,cross-session,AdaBN
250,16,1,0.00038021000000298955,123,A07,cross-session,AdaBN
251,16,0,0.00036989799998821127,123,A07,cross-session,AdaBN
252,16,1,0.0003629170000039039,123,A07,cross-session,AdaBN
253,16,1,0.0003634560000023157,123,A07,cross-session,AdaBN
254,16,0,0.00040122399998665514,123,A07,cross-session,AdaBN
255,16,1,0.00036661200000764893,123,A07,cross-session,AdaBN
256,16,1,0.0003625779999936185,123,A07,cross-session,AdaBN
257,16,0,0.00036366499999473945,123,A07,cross-session,AdaBN
258,16,0,0.0003891949999967892,123,A07,cross-session,AdaBN
259,16,0,0.0003877999999986059,123,A07,cross-session,AdaBN
260,16,1,0.0003677789999869674,123,A07,cross-session,AdaBN
261,16,0,0.00037335499999358035,123,A07,cross-session,AdaBN
262,16,1,0.00037799599999743805,123,A07,cross-session,AdaBN
263,16,0,0.0003657320000058917,123,A07,cross-session,AdaBN
264,16,0,0.0003703769999958695,123,A07,cross-session,AdaBN
265,16,1,0.000377714999999057,123,A07,cross-session,AdaBN
266,16,1,0.00038681800000972544,123,A07,cross-session,AdaBN
267,16,1,0.0003880860000009534,123,A07,cross-session,AdaBN
268,16,1,0.0003750879999984136,123,A07,cross-session,AdaBN
269,16,1,0.0003706290000025092,123,A07,cross-session,AdaBN
270,16,0,0.0004219299999874693,123,A07,cross-session,AdaBN
271,16,1,0.0003738529999992579,123,A07,cross-session,AdaBN
272,16,0,0.00036965900000041074,123,A07,cross-session,AdaBN
273,16,1,0.00037758899999573714,123,A07,cross-session,AdaBN
274,16,1,0.0003616559999954916,123,A07,cross-session,AdaBN
275,16,1,0.0003607240000036427,123,A07,cross-session,AdaBN
276,16,0,0.0003626150000002326,123,A07,cross-session,AdaBN
277,16,1,0.0003654850000032184,123,A07,cross-session,AdaBN
278,16,1,0.00036332999999899585,123,A07,cross-session,AdaBN
279,16,0,0.00038456699999755983,123,A07,cross-session,AdaBN
280,16,0,0.0003616289999968103,123,A07,cross-session,AdaBN
281,16,0,0.0003838519999987966,123,A07,cross-session,AdaBN
282,16,1,0.00036887099999205475,123,A07,cross-session,AdaBN
283,16,0,0.0003630819999926871,123,A07,cross-session,AdaBN
284,16,1,0.00037147499999434785,123,A07,cross-session,AdaBN
285,16,0,0.0003691390000000183,123,A07,cross-session,AdaBN
286,16,1,0.0003692410000013524,123,A07,cross-session,AdaBN
287,16,0,0.0003925129999942101,123,A07,cross-session,AdaBN
0,1,1,0.0006183320000019421,123,A08,cross-session,AdaBN
1,2,1,0.0004830889999993815,123,A08,cross-session,AdaBN
2,3,1,0.0004782839999961652,123,A08,cross-session,AdaBN
3,4,1,0.0004724120000076937,123,A08,cross-session,AdaBN
4,5,1,0.00047572700000841905,123,A08,cross-session,AdaBN
5,6,1,0.00046350300000597144,123,A08,cross-session,AdaBN
6,7,1,0.0005057759999971267,123,A08,cross-session,AdaBN
7,8,0,0.000547636000007401,123,A08,cross-session,AdaBN
8,9,1,0.0004739019999959737,123,A08,cross-session,AdaBN
9,10,0,0.0004933230000006006,123,A08,cross-session,AdaBN
10,11,1,0.00044252300000380274,123,A08,cross-session,AdaBN
11,12,1,0.0004659669999966809,123,A08,cross-session,AdaBN
12,13,1,0.0004281069999905185,123,A08,cross-session,AdaBN
13,14,1,0.00043861199999639666,123,A08,cross-session,AdaBN
14,15,0,0.00045773600000131864,123,A08,cross-session,AdaBN
15,16,0,0.0004329479999967134,123,A08,cross-session,AdaBN
16,16,1,0.00045442100000059327,123,A08,cross-session,AdaBN
17,16,1,0.0004380589999897211,123,A08,cross-session,AdaBN
18,16,1,0.0004244839999927308,123,A08,cross-session,AdaBN
19,16,0,0.0004945049999918183,123,A08,cross-session,AdaBN
20,16,0,0.0004332000000033531,123,A08,cross-session,AdaBN
21,16,1,0.0004463009999966516,123,A08,cross-session,AdaBN
22,16,1,0.0004445940000010751,123,A08,cross-session,AdaBN
23,16,0,0.00043288899999538444,123,A08,cross-session,AdaBN
24,16,0,0.00043024299999672166,123,A08,cross-session,AdaBN
25,16,1,0.00041398899999478544,123,A08,cross-session,AdaBN
26,16,0,0.0003839139999968211,123,A08,cross-session,AdaBN
27,16,0,0.000392689999998197,123,A08,cross-session,AdaBN
28,16,0,0.0003729940000027909,123,A08,cross-session,AdaBN
29,16,0,0.000357221000001573,123,A08,cross-session,AdaBN
30,16,1,0.0003656829999982847,123,A08,cross-session,AdaBN
31,16,1,0.00036704000000042925,123,A08,cross-session,AdaBN
32,16,1,0.0003631470000016179,123,A08,cross-session,AdaBN
33,16,1,0.00036666100000104507,123,A08,cross-session,AdaBN
34,16,1,0.0003662670000039725,123,A08,cross-session,AdaBN
35,16,1,0.00036861799999599043,123,A08,cross-session,AdaBN
36,16,1,0.000364966999995886,123,A08,cross-session,AdaBN
37,16,1,0.0003667940000013914,123,A08,cross-session,AdaBN
38,16,1,0.00035986100000684473,123,A08,cross-session,AdaBN
39,16,1,0.0003831109999907767,123,A08,cross-session,AdaBN
40,16,1,0.0005690560000033429,123,A08,cross-session,AdaBN
41,16,1,0.00046417800000142506,123,A08,cross-session,AdaBN
42,16,1,0.0004408940000075745,123,A08,cross-session,AdaBN
43,16,0,0.00044158999999410753,123,A08,cross-session,AdaBN
44,16,1,0.00041002899999398323,123,A08,cross-session,AdaBN
45,16,0,0.0003629649999936646,123,A08,cross-session,AdaBN
46,16,1,0.0004094650000041611,123,A08,cross-session,AdaBN
47,16,0,0.0003854960000069241,123,A08,cross-session,AdaBN
48,16,0,0.00038232200000720695,123,A08,cross-session,AdaBN
49,16,1,0.0004339540000017905,123,A08,cross-session,AdaBN
50,16,1,0.00038141899999288853,123,A08,cross-session,AdaBN
51,16,1,0.0004086870000037379,123,A08,cross-session,AdaBN
52,16,1,0.0003749939999977414,123,A08,cross-session,AdaBN
53,16,1,0.0004154880000015737,123,A08,cross-session,AdaBN
54,16,1,0.000408559000007358,123,A08,cross-session,AdaBN
55,16,0,0.0004932089999982736,123,A08,cross-session,AdaBN
56,16,0,0.0004121970000028341,123,A08,cross-session,AdaBN
57,16,1,0.00038310200000069017,123,A08,cross-session,AdaBN
58,16,1,0.00038702499999487827,123,A08,cross-session,AdaBN
59,16,0,0.00036868000000822576,123,A08,cross-session,AdaBN
60,16,0,0.0004253059999967945,123,A08,cross-session,AdaBN
61,16,1,0.00040744199999664943,123,A08,cross-session,AdaBN
62,16,1,0.00037999199999205757,123,A08,cross-session,AdaBN
63,16,1,0.00039783200000442775,123,A08,cross-session,AdaBN
64,16,1,0.0003693510000033484,123,A08,cross-session,AdaBN
65,16,1,0.0004133300000006557,123,A08,cross-session,AdaBN
66,16,1,0.0004000180000076625,123,A08,cross-session,AdaBN
67,16,1,0.00037104799999099214,123,A08,cross-session,AdaBN
68,16,1,0.00041118999999412154,123,A08,cross-session,AdaBN
69,16,0,0.00036193999999056814,123,A08,cross-session,AdaBN
70,16,1,0.0003779649999984258,123,A08,cross-session,AdaBN
71,16,0,0.0003836489999997639,123,A08,cross-session,AdaBN
72,16,1,0.00037495400000864265,123,A08,cross-session,AdaBN
73,16,1,0.0004011110000021745,123,A08,cross-session,AdaBN
74,16,1,0.00041456400001038674,123,A08,cross-session,AdaBN
75,16,1,0.00041923499999541036,123,A08,cross-session,AdaBN
76,16,1,0.0003843550000084406,123,A08,cross-session,AdaBN
77,16,1,0.00039132099999505954,123,A08,cross-session,AdaBN
78,16,1,0.0003904890000114847,123,A08,cross-session,AdaBN
79,16,1,0.0003708440000025348,123,A08,cross-session,AdaBN
80,16,1,0.0003981609999925695,123,A08,cross-session,AdaBN
81,16,0,0.0003818990000041822,123,A08,cross-session,AdaBN
82,16,1,0.00042272999999681815,123,A08,cross-session,AdaBN
83,16,0,0.00041713199999549033,123,A08,cross-session,AdaBN
84,16,1,0.00036996100000408205,123,A08,cross-session,AdaBN
85,16,0,0.00039024000000154047,123,A08,cross-session,AdaBN
86,16,1,0.00037592699999322576,123,A08,cross-session,AdaBN
87,16,0,0.00037235500001031596,123,A08,cross-session,AdaBN
88,16,0,0.00038186699998732365,123,A08,cross-session,AdaBN
89,16,0,0.0003761640000021771,123,A08,cross-session,AdaBN
90,16,0,0.00038373399999613866,123,A08,cross-session,AdaBN
91,16,0,0.0003659270000042625,123,A08,cross-session,AdaBN
92,16,1,0.0003751280000017232,123,A08,cross-session,AdaBN
93,16,1,0.00039731799999742634,123,A08,cross-session,AdaBN
94,16,0,0.0003793350000051987,123,A08,cross-session,AdaBN
95,16,0,0.0003891679999981079,123,A08,cross-session,AdaBN
96,16,1,0.0003665640000036774,123,A08,cross-session,AdaBN
97,16,0,0.0003699940000103652,123,A08,cross-session,AdaBN
98,16,1,0.0003753059999951347,123,A08,cross-session,AdaBN
99,16,1,0.0003672169999902053,123,A08,cross-session,AdaBN
100,16,1,0.0003859810000079733,123,A08,cross-session,AdaBN
101,16,0,0.00037504700000567937,123,A08,cross-session,AdaBN
102,16,1,0.00035708700001180205,123,A08,cross-session,AdaBN
103,16,0,0.0003777099999950906,123,A08,cross-session,AdaBN
104,16,1,0.0003656300000045576,123,A08,cross-session,AdaBN
105,16,1,0.0003622850000084554,123,A08,cross-session,AdaBN
106,16,1,0.0003753480000057152,123,A08,cross-session,AdaBN
107,16,0,0.00036654599999508264,123,A08,cross-session,AdaBN
108,16,0,0.00036814800000684045,123,A08,cross-session,AdaBN
109,16,1,0.0003646669999994856,123,A08,cross-session,AdaBN
110,16,0,0.0003643649999958143,123,A08,cross-session,AdaBN
111,16,0,0.0003786460000014813,123,A08,cross-session,AdaBN
112,16,1,0.000362120999994886,123,A08,cross-session,AdaBN
113,16,1,0.00037640700000451943,123,A08,cross-session,AdaBN
114,16,1,0.00036176499999385214,123,A08,cross-session,AdaBN
115,16,1,0.00036618400000065776,123,A08,cross-session,AdaBN
116,16,1,0.0003872210000110954,123,A08,cross-session,AdaBN
117,16,1,0.00036417900000174086,123,A08,cross-session,AdaBN
118,16,1,0.0003684890000101859,123,A08,cross-session,AdaBN
119,16,1,0.0003561100000126771,123,A08,cross-session,AdaBN
120,16,0,0.000375832000003129,123,A08,cross-session,AdaBN
121,16,1,0.0003735279999972363,123,A08,cross-session,AdaBN
122,16,1,0.0003665410000053271,123,A08,cross-session,AdaBN
123,16,1,0.00037384099999826503,123,A08,cross-session,AdaBN
124,16,1,0.00036417600000504535,123,A08,cross-session,AdaBN
125,16,0,0.00036861000000953936,123,A08,cross-session,AdaBN
126,16,1,0.0003649460000048066,123,A08,cross-session,AdaBN
127,16,1,0.0003736379999992323,123,A08,cross-session,AdaBN
128,16,0,0.00036231900000416317,123,A08,cross-session,AdaBN
129,16,1,0.0003747849999911068,123,A08,cross-session,AdaBN
130,16,0,0.00037045000000546224,123,A08,cross-session,AdaBN
131,16,0,0.0003789720000071384,123,A08,cross-session,AdaBN
132,16,1,0.0003631590000026108,123,A08,cross-session,AdaBN
133,16,0,0.0003665220000073077,123,A08,cross-session,AdaBN
134,16,1,0.00037565300000608204,123,A08,cross-session,AdaBN
135,16,1,0.0003668430000089984,123,A08,cross-session,AdaBN
136,16,1,0.00036641199999110086,123,A08,cross-session,AdaBN
137,16,1,0.000357965999995713,123,A08,cross-session,AdaBN
138,16,0,0.00036996199999350665,123,A08,cross-session,AdaBN
139,16,1,0.00038876499999673797,123,A08,cross-session,AdaBN
140,16,0,0.00036633899999571895,123,A08,cross-session,AdaBN
141,16,0,0.00038270999999667765,123,A08,cross-session,AdaBN
142,16,1,0.00036943700000335866,123,A08,cross-session,AdaBN
143,16,1,0.00036844500000654534,123,A08,cross-session,AdaBN
144,16,0,0.0003642129999974486,123,A08,cross-session,AdaBN
145,16,1,0.0003635580000036498,123,A08,cross-session,AdaBN
146,16,1,0.00035628100000906215,123,A08,cross-session,AdaBN
147,16,0,0.0003603199999986373,123,A08,cross-session,AdaBN
148,16,1,0.00037140499999566146,123,A08,cross-session,AdaBN
149,16,1,0.0003728349999931879,123,A08,cross-session,AdaBN
150,16,1,0.00037810500001000946,123,A08,cross-session,AdaBN
151,16,1,0.0004226439999968079,123,A08,cross-session,AdaBN
152,16,0,0.0003717879999953766,123,A08,cross-session,AdaBN
153,16,1,0.00037047099999654165,123,A08,cross-session,AdaBN
154,16,1,0.0003667219999954341,123,A08,cross-session,AdaBN
155,16,0,0.0003673759999998083,123,A08,cross-session,AdaBN
156,16,0,0.0003782360000030849,123,A08,cross-session,AdaBN
157,16,0,0.0004022139999904084,123,A08,cross-session,AdaBN
158,16,1,0.0003877489999979389,123,A08,cross-session,AdaBN
159,16,0,0.0003747519999990345,123,A08,cross-session,AdaBN
160,16,1,0.000359498999998209,123,A08,cross-session,AdaBN
161,16,1,0.00039381900000989845,123,A08,cross-session,AdaBN
162,16,1,0.00042924100000618637,123,A08,cross-session,AdaBN
163,16,0,0.0003836659999905123,123,A08,cross-session,AdaBN
164,16,1,0.0003893119999958117,123,A08,cross-session,AdaBN
165,16,1,0.0003940080000006674,123,A08,cross-session,AdaBN
166,16,0,0.00036609400000031656,123,A08,cross-session,AdaBN
167,16,1,0.00038395800000046165,123,A08,cross-session,AdaBN
168,16,0,0.0003760150000005069,123,A08,cross-session,AdaBN
169,16,1,0.0003653159999998934,123,A08,cross-session,AdaBN
170,16,0,0.0003844780000008541,123,A08,cross-session,AdaBN
171,16,0,0.00041814399999395846,123,A08,cross-session,AdaBN
172,16,1,0.0005469900000036887,123,A08,cross-session,AdaBN
173,16,1,0.0004464679999927057,123,A08,cross-session,AdaBN
174,16,1,0.0003885029999963763,123,A08,cross-session,AdaBN
175,16,1,0.00039219999999318134,123,A08,cross-session,AdaBN
176,16,1,0.00038134199999717566,123,A08,cross-session,AdaBN
177,16,1,0.0003802550000102656,123,A08,cross-session,AdaBN
178,16,0,0.0004052070000000185,123,A08,cross-session,AdaBN
179,16,0,0.0003999080000056665,123,A08,cross-session,AdaBN
180,16,1,0.00036202800001206015,123,A08,cross-session,AdaBN
181,16,0,0.00046715899999583144,123,A08,cross-session,AdaBN
182,16,0,0.00037805900001330883,123,A08,cross-session,AdaBN
183,16,1,0.00039338800000621177,123,A08,cross-session,AdaBN
184,16,1,0.00043244900000161124,123,A08,cross-session,AdaBN
185,16,1,0.00038531600000624167,123,A08,cross-session,AdaBN
186,16,0,0.00038319500001193774,123,A08,cross-session,AdaBN
187,16,0,0.0003846900000041842,123,A08,cross-session,AdaBN
188,16,0,0.000366095000003952,123,A08,cross-session,AdaBN
189,16,1,0.0003936140000035948,123,A08,cross-session,AdaBN
190,16,1,0.0003739520000038965,123,A08,cross-session,AdaBN
191,16,0,0.00044778199999484514,123,A08,cross-session,AdaBN
192,16,1,0.0004019750000026079,123,A08,cross-session,AdaBN
193,16,1,0.0003842739999981859,123,A08,cross-session,AdaBN
194,16,1,0.0003885950000039884,123,A08,cross-session,AdaBN
195,16,1,0.00041916200000002846,123,A08,cross-session,AdaBN
196,16,0,0.0003740479999976287,123,A08,cross-session,AdaBN
197,16,0,0.0003777499999984002,123,A08,cross-session,AdaBN
198,16,0,0.00037754199999540106,123,A08,cross-session,AdaBN
199,16,1,0.0003680800000012141,123,A08,cross-session,AdaBN
200,16,1,0.000376352999992946,123,A08,cross-session,AdaBN
201,16,0,0.00038179099999524624,123,A08,cross-session,AdaBN
202,16,1,0.00036484599999653256,123,A08,cross-session,AdaBN
203,16,1,0.0004374060000031932,123,A08,cross-session,AdaBN
204,16,1,0.0003670859999971299,123,A08,cross-session,AdaBN
205,16,1,0.0003889500000013868,123,A08,cross-session,AdaBN
206,16,0,0.00041087799999672825,123,A08,cross-session,AdaBN
207,16,1,0.0003608229999940704,123,A08,cross-session,AdaBN
208,16,1,0.0003750489999987394,123,A08,cross-session,AdaBN
209,16,0,0.0003799389999983305,123,A08,cross-session,AdaBN
210,16,1,0.0003668879999878527,123,A08,cross-session,AdaBN
211,16,0,0.00036445199999946,123,A08,cross-session,AdaBN
212,16,1,0.0003727389999994557,123,A08,cross-session,AdaBN
213,16,1,0.0003623500000031754,123,A08,cross-session,AdaBN
214,16,1,0.00036991100000705046,123,A08,cross-session,AdaBN
215,16,1,0.0003654839999995829,123,A08,cross-session,AdaBN
216,16,1,0.00037475700000300094,123,A08,cross-session,AdaBN
217,16,1,0.0004124069999988933,123,A08,cross-session,AdaBN
218,16,0,0.00035451200000125027,123,A08,cross-session,AdaBN
219,16,1,0.00040198400000690526,123,A08,cross-session,AdaBN
220,16,1,0.00036275000000784985,123,A08,cross-session,AdaBN
221,16,1,0.000365530999999919,123,A08,cross-session,AdaBN
222,16,1,0.00042095499999561525,123,A08,cross-session,AdaBN
223,16,1,0.0003850739999933239,123,A08,cross-session,AdaBN
224,16,0,0.00037627500000780856,123,A08,cross-session,AdaBN
225,16,0,0.00041784399999755806,123,A08,cross-session,AdaBN
226,16,1,0.00036241099999756443,123,A08,cross-session,AdaBN
227,16,0,0.0003979760000021315,123,A08,cross-session,AdaBN
228,16,0,0.0004239910000052305,123,A08,cross-session,AdaBN
229,16,1,0.000369925999990528,123,A08,cross-session,AdaBN
230,16,1,0.00045337100000608643,123,A08,cross-session,AdaBN
231,16,1,0.0004314770000064527,123,A08,cross-session,AdaBN
232,16,0,0.00038914399999612215,123,A08,cross-session,AdaBN
233,16,0,0.00038474699999824225,123,A08,cross-session,AdaBN
234,16,1,0.0004224910000090176,123,A08,cross-session,AdaBN
235,16,1,0.00037296799999353425,123,A08,cross-session,AdaBN
236,16,1,0.00041892000000132157,123,A08,cross-session,AdaBN
237,16,1,0.00037479799999573515,123,A08,cross-session,AdaBN
238,16,1,0.0003717270000009876,123,A08,cross-session,AdaBN
239,16,1,0.00043956700000080673,123,A08,cross-session,AdaBN
240,16,1,0.00040527000000167845,123,A08,cross-session,AdaBN
241,16,1,0.0003877540000019053,123,A08,cross-session,AdaBN
242,16,1,0.0004237379999949553,123,A08,cross-session,AdaBN
243,16,1,0.0003736089999932801,123,A08,cross-session,AdaBN
244,16,1,0.00036708399998985897,123,A08,cross-session,AdaBN
245,16,1,0.0003878790000015897,123,A08,cross-session,AdaBN
246,16,0,0.00037104000000454107,123,A08,cross-session,AdaBN
247,16,0,0.00037563800000839365,123,A08,cross-session,AdaBN
248,16,0,0.0004170309999977917,123,A08,cross-session,AdaBN
249,16,1,0.0003662120000029745,123,A08,cross-session,AdaBN
250,16,0,0.00040472899999599576,123,A08,cross-session,AdaBN
251,16,0,0.0003939690000009932,123,A08,cross-session,AdaBN
252,16,1,0.0003758720000064386,123,A08,cross-session,AdaBN
253,16,1,0.0004226289999991195,123,A08,cross-session,AdaBN
254,16,0,0.0003649540000054685,123,A08,cross-session,AdaBN
255,16,0,0.00037944100000686376,123,A08,cross-session,AdaBN
256,16,1,0.0003641300000083447,123,A08,cross-session,AdaBN
257,16,1,0.00037509299998816914,123,A08,cross-session,AdaBN
258,16,1,0.00037427600000228267,123,A08,cross-session,AdaBN
259,16,1,0.0003615159999981188,123,A08,cross-session,AdaBN
260,16,1,0.00038458099999161277,123,A08,cross-session,AdaBN
261,16,0,0.0003776189999911139,123,A08,cross-session,AdaBN
262,16,1,0.0003676959999978635,123,A08,cross-session,AdaBN
263,16,0,0.0004030599999964579,123,A08,cross-session,AdaBN
264,16,0,0.00037398399999233334,123,A08,cross-session,AdaBN
265,16,1,0.0003699500000067246,123,A08,cross-session,AdaBN
266,16,0,0.000378797999999847,123,A08,cross-session,AdaBN
267,16,1,0.00037324900000612615,123,A08,cross-session,AdaBN
268,16,1,0.000365181000006487,123,A08,cross-session,AdaBN
269,16,1,0.0003716920000016444,123,A08,cross-session,AdaBN
270,16,1,0.00037050099999191843,123,A08,cross-session,AdaBN
271,16,1,0.00037647399999229947,123,A08,cross-session,AdaBN
272,16,0,0.000384201000002804,123,A08,cross-session,AdaBN
273,16,1,0.0003720699999973931,123,A08,cross-session,AdaBN
274,16,1,0.00036321200001054876,123,A08,cross-session,AdaBN
275,16,1,0.00036802699999327615,123,A08,cross-session,AdaBN
276,16,0,0.0003655029999976023,123,A08,cross-session,AdaBN
277,16,0,0.0003709140000012212,123,A08,cross-session,AdaBN
278,16,1,0.00036640800000498075,123,A08,cross-session,AdaBN
279,16,0,0.0003821690000052058,123,A08,cross-session,AdaBN
280,16,1,0.00036739700000509856,123,A08,cross-session,AdaBN
281,16,0,0.0004024800000053119,123,A08,cross-session,AdaBN
282,16,0,0.00036855899999466146,123,A08,cross-session,AdaBN
283,16,1,0.0003660630000013043,123,A08,cross-session,AdaBN
284,16,1,0.0003714059999992969,123,A08,cross-session,AdaBN
285,16,0,0.00037292999999749554,123,A08,cross-session,AdaBN
286,16,0,0.00036360000000001946,123,A08,cross-session,AdaBN
287,16,0,0.00038517499999102256,123,A08,cross-session,AdaBN
0,1,1,0.0006450300000011566,123,A09,cross-session,AdaBN
1,2,1,0.0004868990000090889,123,A09,cross-session,AdaBN
2,3,1,0.0005087950000017827,123,A09,cross-session,AdaBN
3,4,1,0.0004697059999898556,123,A09,cross-session,AdaBN
4,5,1,0.00047368299999561714,123,A09,cross-session,AdaBN
5,6,1,0.00047748299999739174,123,A09,cross-session,AdaBN
6,7,1,0.0004989029999933337,123,A09,cross-session,AdaBN
7,8,0,0.0005355809999940675,123,A09,cross-session,AdaBN
8,9,0,0.0004317510000078073,123,A09,cross-session,AdaBN
9,10,1,0.00042115800000885883,123,A09,cross-session,AdaBN
10,11,1,0.00041268299999330793,123,A09,cross-session,AdaBN
11,12,0,0.00040285700001163605,123,A09,cross-session,AdaBN
12,13,1,0.00041534900000783637,123,A09,cross-session,AdaBN
13,14,1,0.00044292700000880814,123,A09,cross-session,AdaBN
14,15,0,0.0004067349999985481,123,A09,cross-session,AdaBN
15,16,1,0.00041889199999900484,123,A09,cross-session,AdaBN
16,16,1,0.00037985800000228664,123,A09,cross-session,AdaBN
17,16,1,0.0003964929999966671,123,A09,cross-session,AdaBN
18,16,1,0.0003982799999988629,123,A09,cross-session,AdaBN
19,16,1,0.00039052699999331253,123,A09,cross-session,AdaBN
20,16,0,0.0004467440000013312,123,A09,cross-session,AdaBN
21,16,1,0.0004135509999940723,123,A09,cross-session,AdaBN
22,16,1,0.0004262250000124368,123,A09,cross-session,AdaBN
23,16,1,0.000452292999995052,123,A09,cross-session,AdaBN
24,16,1,0.000597341000002416,123,A09,cross-session,AdaBN
25,16,1,0.0004922580000084054,123,A09,cross-session,AdaBN
26,16,1,0.0004057630000033896,123,A09,cross-session,AdaBN
27,16,1,0.000370708000005493,123,A09,cross-session,AdaBN
28,16,1,0.0003934619999910183,123,A09,cross-session,AdaBN
29,16,1,0.0003535049999925377,123,A09,cross-session,AdaBN
30,16,1,0.0003901890000008734,123,A09,cross-session,AdaBN
31,16,1,0.0004204560000005131,123,A09,cross-session,AdaBN
32,16,1,0.00042144399999699544,123,A09,cross-session,AdaBN
33,16,0,0.00042309699999520944,123,A09,cross-session,AdaBN
34,16,0,0.0004039850000054912,123,A09,cross-session,AdaBN
35,16,1,0.000377435999993736,123,A09,cross-session,AdaBN
36,16,1,0.00037819300000307976,123,A09,cross-session,AdaBN
37,16,1,0.00034940500000857355,123,A09,cross-session,AdaBN
38,16,1,0.0003931349999959366,123,A09,cross-session,AdaBN
39,16,1,0.00039232499999286574,123,A09,cross-session,AdaBN
40,16,1,0.00036117599999840877,123,A09,cross-session,AdaBN
41,16,1,0.00044341999999630843,123,A09,cross-session,AdaBN
42,16,1,0.0003705499999995254,123,A09,cross-session,AdaBN
43,16,0,0.00040874799999812694,123,A09,cross-session,AdaBN
44,16,1,0.0003736320000058413,123,A09,cross-session,AdaBN
45,16,0,0.000413238999996679,123,A09,cross-session,AdaBN
46,16,1,0.00041477400000644593,123,A09,cross-session,AdaBN
47,16,1,0.00035757000000558037,123,A09,cross-session,AdaBN
48,16,1,0.0003780239999997548,123,A09,cross-session,AdaBN
49,16,1,0.0003607910000056336,123,A09,cross-session,AdaBN
50,16,1,0.00039030700000353136,123,A09,cross-session,AdaBN
51,16,1,0.000361725999994178,123,A09,cross-session,AdaBN
52,16,1,0.0004011190000028364,123,A09,cross-session,AdaBN
53,16,1,0.00038399299999980485,123,A09,cross-session,AdaBN
54,16,1,0.0004136050000056457,123,A09,cross-session,AdaBN
55,16,1,0.0003875000000022055,123,A09,cross-session,AdaBN
56,16,1,0.00038383000000408174,123,A09,cross-session,AdaBN
57,16,1,0.0003768710000002784,123,A09,cross-session,AdaBN
58,16,1,0.00039296600000682247,123,A09,cross-session,AdaBN
59,16,1,0.0003930209999936096,123,A09,cross-session,AdaBN
60,16,1,0.00035454499999332256,123,A09,cross-session,AdaBN
61,16,1,0.00039238200000113466,123,A09,cross-session,AdaBN
62,16,1,0.0003596829999992224,123,A09,cross-session,AdaBN
63,16,1,0.0003903119999932869,123,A09,cross-session,AdaBN
64,16,1,0.00037114500000257067,123,A09,cross-session,AdaBN
65,16,1,0.00036499499999820273,123,A09,cross-session,AdaBN
66,16,1,0.0003906670000048962,123,A09,cross-session,AdaBN
67,16,1,0.00035993199999495573,123,A09,cross-session,AdaBN
68,16,1,0.000382787999996026,123,A09,cross-session,AdaBN
69,16,0,0.00035684800000979067,123,A09,cross-session,AdaBN
70,16,1,0.0003772830000059457,123,A09,cross-session,AdaBN
71,16,1,0.0004110040000000481,123,A09,cross-session,AdaBN
72,16,1,0.00036316000000624626,123,A09,cross-session,AdaBN
73,16,1,0.0003630510000078857,123,A09,cross-session,AdaBN
74,16,1,0.00037462800000298557,123,A09,cross-session,AdaBN
75,16,1,0.0003638580000000502,123,A09,cross-session,AdaBN
76,16,1,0.00035081199999353885,123,A09,cross-session,AdaBN
77,16,1,0.00038507200000026387,123,A09,cross-session,AdaBN
78,16,0,0.0003592369999978473,123,A09,cross-session,AdaBN
79,16,1,0.000364212000008024,123,A09,cross-session,AdaBN
80,16,1,0.00036130200000172863,123,A09,cross-session,AdaBN
81,16,1,0.0003651449999892975,123,A09,cross-session,AdaBN
82,16,1,0.00038426099999355756,123,A09,cross-session,AdaBN
83,16,1,0.0004039770000048293,123,A09,cross-session,AdaBN
84,16,1,0.00037407800000721636,123,A09,cross-session,AdaBN
85,16,1,0.0003693489999960775,123,A09,cross-session,AdaBN
86,16,1,0.00036439199999449556,123,A09,cross-session,AdaBN
87,16,1,0.00036270100000024286,123,A09,cross-session,AdaBN
88,16,0,0.00035821900000598816,123,A09,cross-session,AdaBN
89,16,1,0.00037503299999741557,123,A09,cross-session,AdaBN
90,16,0,0.00037416099999632024,123,A09,cross-session,AdaBN
91,16,1,0.0003602609999973083,123,A09,cross-session,AdaBN
92,16,1,0.00037851000000443946,123,A09,cross-session,AdaBN
93,16,0,0.000367523999997843,123,A09,cross-session,AdaBN
94,16,0,0.000363323999991394,123,A09,cross-session,AdaBN
95,16,1,0.00037418699999136606,123,A09,cross-session,AdaBN
96,16,1,0.0003630110000045761,123,A09,cross-session,AdaBN
97,16,1,0.00038066199999775563,123,A09,cross-session,AdaBN
98,16,1,0.0003685190000055627,123,A09,cross-session,AdaBN
99,16,1,0.00036846500000820015,123,A09,cross-session,AdaBN
100,16,1,0.00036329499999965265,123,A09,cross-session,AdaBN
101,16,1,0.00035916500000610085,123,A09,cross-session,AdaBN
102,16,1,0.0003676780000034796,123,A09,cross-session,AdaBN
103,16,1,0.0003600409999933163,123,A09,cross-session,AdaBN
104,16,0,0.0003717550000033043,123,A09,cross-session,AdaBN
105,16,1,0.00036173299999120445,123,A09,cross-session,AdaBN
106,16,1,0.0003549890000016376,123,A09,cross-session,AdaBN
107,16,1,0.0003850620000065419,123,A09,cross-session,AdaBN
108,16,0,0.0003569769999955952,123,A09,cross-session,AdaBN
109,16,1,0.000367922999998882,123,A09,cross-session,AdaBN
110,16,1,0.0003610380000083069,123,A09,cross-session,AdaBN
111,16,1,0.00035694800000385385,123,A09,cross-session,AdaBN
112,16,1,0.0003744230000108928,123,A09,cross-session,AdaBN
113,16,1,0.00035660400000381287,123,A09,cross-session,AdaBN
114,16,0,0.0003542139999979099,123,A09,cross-session,AdaBN
115,16,1,0.0003617680000047585,123,A09,cross-session,AdaBN
116,16,1,0.0003593499999965388,123,A09,cross-session,AdaBN
117,16,0,0.0003630020000002787,123,A09,cross-session,AdaBN
118,16,1,0.00035691899999790166,123,A09,cross-session,AdaBN
119,16,1,0.0003610039999983883,123,A09,cross-session,AdaBN
120,16,0,0.00037652200001048186,123,A09,cross-session,AdaBN
121,16,1,0.0003542430000038621,123,A09,cross-session,AdaBN
122,16,1,0.00035993199999495573,123,A09,cross-session,AdaBN
123,16,1,0.0003647129999961862,123,A09,cross-session,AdaBN
124,16,1,0.0003607029999983524,123,A09,cross-session,AdaBN
125,16,1,0.00036428199999249955,123,A09,cross-session,AdaBN
126,16,0,0.00035908399999584617,123,A09,cross-session,AdaBN
127,16,1,0.00036098799999706443,123,A09,cross-session,AdaBN
128,16,0,0.0003591690000064318,123,A09,cross-session,AdaBN
129,16,1,0.00036273699998901066,123,A09,cross-session,AdaBN
130,16,1,0.0003972239999967542,123,A09,cross-session,AdaBN
131,16,1,0.0003575890000035997,123,A09,cross-session,AdaBN
132,16,0,0.00036638800000332594,123,A09,cross-session,AdaBN
133,16,0,0.0003696339999947895,123,A09,cross-session,AdaBN
134,16,1,0.00035352300000113246,123,A09,cross-session,AdaBN
135,16,1,0.00036379599998781487,123,A09,cross-session,AdaBN
136,16,1,0.00035945600001241473,123,A09,cross-session,AdaBN
137,16,1,0.00036770300000910083,123,A09,cross-session,AdaBN
138,16,0,0.00036136200000669305,123,A09,cross-session,AdaBN
139,16,0,0.0003604020000125274,123,A09,cross-session,AdaBN
140,16,0,0.0003653039999989005,123,A09,cross-session,AdaBN
141,16,0,0.0003749219999917841,123,A09,cross-session,AdaBN
142,16,1,0.00035990199999957895,123,A09,cross-session,AdaBN
143,16,1,0.0003640120000056868,123,A09,cross-session,AdaBN
144,16,0,0.00035316500000703854,123,A09,cross-session,AdaBN
145,16,1,0.0003627729999919893,123,A09,cross-session,AdaBN
146,16,1,0.0003628890000015872,123,A09,cross-session,AdaBN
147,16,1,0.0003759779999938928,123,A09,cross-session,AdaBN
148,16,1,0.0003661970000052861,123,A09,cross-session,AdaBN
149,16,1,0.0003568569999998772,123,A09,cross-session,AdaBN
150,16,1,0.0003664040000046498,123,A09,cross-session,AdaBN
151,16,1,0.0003631530000092198,123,A09,cross-session,AdaBN
152,16,1,0.0003636750000026723,123,A09,cross-session,AdaBN
153,16,0,0.0003807960000017374,123,A09,cross-session,AdaBN
154,16,1,0.0003510629999965431,123,A09,cross-session,AdaBN
155,16,1,0.0004099180000025626,123,A09,cross-session,AdaBN
156,16,1,0.00036577400000226135,123,A09,cross-session,AdaBN
157,16,0,0.0003546279999966373,123,A09,cross-session,AdaBN
158,16,1,0.0003699079999961441,123,A09,cross-session,AdaBN
159,16,0,0.00036223300000415293,123,A09,cross-session,AdaBN
160,16,0,0.0003748510000036731,123,A09,cross-session,AdaBN
161,16,1,0.0003559369999948103,123,A09,cross-session,AdaBN
162,16,0,0.00036480599999322294,123,A09,cross-session,AdaBN
163,16,1,0.00037816500000076303,123,A09,cross-session,AdaBN
164,16,1,0.0003577089999993177,123,A09,cross-session,AdaBN
165,16,0,0.00038277999999536405,123,A09,cross-session,AdaBN
166,16,1,0.0003692730000040001,123,A09,cross-session,AdaBN
167,16,1,0.0003529659999941259,123,A09,cross-session,AdaBN
168,16,1,0.000392336000004434,123,A09,cross-session,AdaBN
169,16,0,0.00036280000000488144,123,A09,cross-session,AdaBN
170,16,0,0.00035819600000763785,123,A09,cross-session,AdaBN
171,16,1,0.0003698229999997693,123,A09,cross-session,AdaBN
172,16,1,0.00036478000001238797,123,A09,cross-session,AdaBN
173,16,0,0.0003642530000007582,123,A09,cross-session,AdaBN
174,16,1,0.00036188400000014553,123,A09,cross-session,AdaBN
175,16,1,0.00035861899999645175,123,A09,cross-session,AdaBN
176,16,1,0.0003647569999998268,123,A09,cross-session,AdaBN
177,16,0,0.0003614730000123245,123,A09,cross-session,AdaBN
178,16,1,0.0003515319999962685,123,A09,cross-session,AdaBN
179,16,1,0.0003734639999919409,123,A09,cross-session,AdaBN
180,16,1,0.0003615090000010923,123,A09,cross-session,AdaBN
181,16,0,0.00035880800000143154,123,A09,cross-session,AdaBN
182,16,0,0.0003638059999957477,123,A09,cross-session,AdaBN
183,16,1,0.0003600870000042278,123,A09,cross-session,AdaBN
184,16,1,0.00037354900000252655,123,A09,cross-session,AdaBN
185,16,0,0.0003564129999915622,123,A09,cross-session,AdaBN
186,16,1,0.0003666839999993954,123,A09,cross-session,AdaBN
187,16,1,0.00036122000000204935,123,A09,cross-session,AdaBN
188,16,1,0.0003569179999942662,123,A09,cross-session,AdaBN
189,16,1,0.0003579360000003362,123,A09,cross-session,AdaBN
190,16,1,0.0003501889999881769,123,A09,cross-session,AdaBN
191,16,1,0.0003678239999942434,123,A09,cross-session,AdaBN
192,16,1,0.000356438999986608,123,A09,cross-session,AdaBN
193,16,1,0.000375887000004127,123,A09,cross-session,AdaBN
194,16,1,0.00036168900000177473,123,A09,cross-session,AdaBN
195,16,1,0.0003517369999883613,123,A09,cross-session,AdaBN
196,16,1,0.0003626760000088325,123,A09,cross-session,AdaBN
197,16,1,0.0003608660000082864,123,A09,cross-session,AdaBN
198,16,1,0.0003571539999995821,123,A09,cross-session,AdaBN
199,16,1,0.00036831799999959003,123,A09,cross-session,AdaBN
200,16,1,0.0003618479999971669,123,A09,cross-session,AdaBN
201,16,1,0.00036718799999846397,123,A09,cross-session,AdaBN
202,16,1,0.0003627199999982622,123,A09,cross-session,AdaBN
203,16,1,0.0003597089999942682,123,A09,cross-session,AdaBN
204,16,1,0.00036123499999973774,123,A09,cross-session,AdaBN
205,16,1,0.0003587859999925058,123,A09,cross-session,AdaBN
206,16,1,0.00037200600000630857,123,A09,cross-session,AdaBN
207,16,0,0.0003662170000069409,123,A09,cross-session,AdaBN
208,16,1,0.0003599759999985963,123,A09,cross-session,AdaBN
209,16,1,0.0003776129999977229,123,A09,cross-session,AdaBN
210,16,1,0.00035853499998950156,123,A09,cross-session,AdaBN
211,16,1,0.00037303499999552514,123,A09,cross-session,AdaBN
212,16,1,0.00039131799999836403,123,A09,cross-session,AdaBN
213,16,1,0.0003701699999965058,123,A09,cross-session,AdaBN
214,16,0,0.0003617689999941831,123,A09,cross-session,AdaBN
215,16,1,0.0003796969999996236,123,A09,cross-session,AdaBN
216,16,1,0.0003594449999866356,123,A09,cross-session,AdaBN
217,16,0,0.0003571519999923112,123,A09,cross-session,AdaBN
218,16,0,0.00036605699999370245,123,A09,cross-session,AdaBN
219,16,0,0.00037171399999635923,123,A09,cross-session,AdaBN
220,16,1,0.00039664899999536374,123,A09,cross-session,AdaBN
221,16,1,0.00037434500001154447,123,A09,cross-session,AdaBN
222,16,1,0.0003796059999956469,123,A09,cross-session,AdaBN
223,16,1,0.0003625629999959301,123,A09,cross-session,AdaBN
224,16,1,0.00035986400000354024,123,A09,cross-session,AdaBN
225,16,1,0.00036841899999728867,123,A09,cross-session,AdaBN
226,16,1,0.0003685119999943254,123,A09,cross-session,AdaBN
227,16,1,0.00035502100000428527,123,A09,cross-session,AdaBN
228,16,1,0.0003658370000039213,123,A09,cross-session,AdaBN
229,16,0,0.00036501400001043294,123,A09,cross-session,AdaBN
230,16,0,0.0003614599999934853,123,A09,cross-session,AdaBN
231,16,1,0.0003836690000014187,123,A09,cross-session,AdaBN
232,16,1,0.0003690930000033177,123,A09,cross-session,AdaBN
233,16,1,0.0003616340000007767,123,A09,cross-session,AdaBN
234,16,1,0.0003736829999922975,123,A09,cross-session,AdaBN
235,16,1,0.0003585779999895067,123,A09,cross-session,AdaBN
236,16,1,0.0003779399999928046,123,A09,cross-session,AdaBN
237,16,1,0.00038531600000624167,123,A09,cross-session,AdaBN
238,16,1,0.0003731209999955354,123,A09,cross-session,AdaBN
239,16,0,0.00036445000000639993,123,A09,cross-session,AdaBN
240,16,0,0.0003687789999986535,123,A09,cross-session,AdaBN
241,16,1,0.00036437100000341616,123,A09,cross-session,AdaBN
242,16,1,0.0003773400000000038,123,A09,cross-session,AdaBN
243,16,0,0.00036226499999258976,123,A09,cross-session,AdaBN
244,16,1,0.0003629410000058897,123,A09,cross-session,AdaBN
245,16,1,0.00036248300000352174,123,A09,cross-session,AdaBN
246,16,1,0.00037303499999552514,123,A09,cross-session,AdaBN
247,16,0,0.0003664049999940744,123,A09,cross-session,AdaBN
248,16,1,0.0003787659999971993,123,A09,cross-session,AdaBN
249,16,0,0.0003600409999933163,123,A09,cross-session,AdaBN
250,16,1,0.0003779700000023922,123,A09,cross-session,AdaBN
251,16,0,0.0003717179999966902,123,A09,cross-session,AdaBN
252,16,0,0.00036151099999415237,123,A09,cross-session,AdaBN
253,16,1,0.00039613699999563323,123,A09,cross-session,AdaBN
254,16,1,0.000367014999994808,123,A09,cross-session,AdaBN
255,16,1,0.00035824800001194035,123,A09,cross-session,AdaBN
256,16,0,0.000358474999998748,123,A09,cross-session,AdaBN
257,16,1,0.00036910000000034415,123,A09,cross-session,AdaBN
258,16,1,0.0003737870000009025,123,A09,cross-session,AdaBN
259,16,0,0.00037890600000878294,123,A09,cross-session,AdaBN
260,16,1,0.00035891099999219023,123,A09,cross-session,AdaBN
261,16,1,0.00037469500000497646,123,A09,cross-session,AdaBN
262,16,1,0.00036915799999803767,123,A09,cross-session,AdaBN
263,16,0,0.0003565079999958698,123,A09,cross-session,AdaBN
264,16,1,0.0003984500000058233,123,A09,cross-session,AdaBN
265,16,1,0.00037577599999849554,123,A09,cross-session,AdaBN
266,16,0,0.00035915000000841246,123,A09,cross-session,AdaBN
267,16,1,0.00037873200000149154,123,A09,cross-session,AdaBN
268,16,0,0.0003626429999883385,123,A09,cross-session,AdaBN
269,16,1,0.00035687300000120104,123,A09,cross-session,AdaBN
270,16,0,0.0003713659999959873,123,A09,cross-session,AdaBN
271,16,1,0.00036222199999258464,123,A09,cross-session,AdaBN
272,16,1,0.0003565270000081,123,A09,cross-session,AdaBN
273,16,1,0.0003692939999950795,123,A09,cross-session,AdaBN
274,16,1,0.00036528400001145656,123,A09,cross-session,AdaBN
275,16,0,0.0004042739999903233,123,A09,cross-session,AdaBN
276,16,0,0.0003562360000017861,123,A09,cross-session,AdaBN
277,16,1,0.00036796199999855617,123,A09,cross-session,AdaBN
278,16,1,0.0003651589999975613,123,A09,cross-session,AdaBN
279,16,0,0.00035741399999267287,123,A09,cross-session,AdaBN
280,16,1,0.0003664360000072975,123,A09,cross-session,AdaBN
281,16,0,0.00036396699999841076,123,A09,cross-session,AdaBN
282,16,1,0.0003589140000030966,123,A09,cross-session,AdaBN
283,16,1,0.00036895499999900494,123,A09,cross-session,AdaBN
284,16,1,0.0003663170000010041,123,A09,cross-session,AdaBN
285,16,1,0.00035628499999518226,123,A09,cross-session,AdaBN
286,16,1,0.0003642049999967867,123,A09,cross-session,AdaBN
287,16,0,0.0003728189999918641,123,A09,cross-session,AdaBN
