trial_idx,buffer_trials,correct,step_time_sec,seed,subject,protocol,adaptation
0,1,0,0.1080538209999986,42,A01,cross-session,AdaBN
1,2,1,0.002753558999984307,42,A01,cross-session,AdaBN
2,3,1,0.0020602679999228712,42,A01,cross-session,AdaBN
3,4,1,0.0017875010000807379,42,A01,cross-session,AdaBN
4,4,1,0.00043806300004689547,42,A01,cross-session,AdaBN
5,4,0,0.0004002460000265273,42,A01,cross-session,AdaBN
6,4,1,0.00039888599997084384,42,A01,cross-session,AdaBN
7,4,0,0.00040570000010120566,42,A01,cross-session,AdaBN
8,4,1,0.0004699330000903501,42,A01,cross-session,AdaBN
9,4,1,0.00038164300008247665,42,A01,cross-session,AdaBN
10,4,0,0.00038087400002950744,42,A01,cross-session,AdaBN
11,4,0,0.00042140199991536065,42,A01,cross-session,AdaBN
12,4,1,0.0003989559999126868,42,A01,cross-session,AdaBN
13,4,1,0.00038672599998790247,42,A01,cross-session,AdaBN
14,4,0,0.00038007099999504135,42,A01,cross-session,AdaBN
15,4,1,0.0003888390000383879,42,A01,cross-session,AdaBN
16,4,1,0.0003941820000363805,42,A01,cross-session,AdaBN
17,4,1,0.0004040740000164078,42,A01,cross-session,AdaBN
18,4,1,0.0003689769999937198,42,A01,cross-session,AdaBN
19,4,1,0.00038844699997753196,42,A01,cross-session,AdaBN
20,4,1,0.00037194599997292244,42,A01,cross-session,AdaBN
21,4,1,0.00037482799996269023,42,A01,cross-session,AdaBN
22,4,1,0.00038296699995044037,42,A01,cross-session,AdaBN
23,4,1,0.00036449499998525425,42,A01,cross-session,AdaBN
24,4,0,0.00038161100007982895,42,A01,cross-session,AdaBN
25,4,1,0.0003740459999335144,42,A01,cross-session,AdaBN
26,4,1,0.00039307500003360474,42,A01,cross-session,AdaBN
27,4,1,0.00037051399999654677,42,A01,cross-session,AdaBN
28,4,0,0.000375881999957528,42,A01,cross-session,AdaBN
29,4,0,0.0003749289999177563,42,A01,cross-session,AdaBN
30,4,0,0.00037450700006047555,42,A01,cross-session,AdaBN
31,4,1,0.00040293600000040897,42,A01,cross-session,AdaBN
32,4,1,0.0003832639999927778,42,A01,cross-session,AdaBN
33,4,1,0.0003940279999596896,42,A01,cross-session,AdaBN
34,4,1,0.00036977100000967766,42,A01,cross-session,AdaBN
35,4,1,0.0003988720000052126,42,A01,cross-session,AdaBN
36,4,1,0.0003797719999738547,42,A01,cross-session,AdaBN
37,4,0,0.00037909200000285637,42,A01,cross-session,AdaBN
38,4,1,0.00038211300000057236,42,A01,cross-session,AdaBN
39,4,0,0.00037665199999992183,42,A01,cross-session,AdaBN
40,4,1,0.00037152899994907784,42,A01,cross-session,AdaBN
41,4,1,0.0003778529999181046,42,A01,cross-session,AdaBN
42,4,1,0.00037781100002121093,42,A01,cross-session,AdaBN
43,4,0,0.00036896599999636237,42,A01,cross-session,AdaBN
44,4,1,0.0003757700000051045,42,A01,cross-session,AdaBN
45,4,1,0.00036775900002794515,42,A01,cross-session,AdaBN
46,4,1,0.0003696869999885166,42,A01,cross-session,AdaBN
47,4,0,0.00039428200000202196,42,A01,cross-session,AdaBN
48,4,0,0.0003756610000209548,42,A01,cross-session,AdaBN
49,4,0,0.00036333599996396515,42,A01,cross-session,AdaBN
50,4,1,0.00038101799998457864,42,A01,cross-session,AdaBN
51,4,0,0.0003845219999902838,42,A01,cross-session,AdaBN
52,4,1,0.0003690779999487859,42,A01,cross-session,AdaBN
53,4,1,0.00039339900001778005,42,A01,cross-session,AdaBN
54,4,0,0.0003668279999828883,42,A01,cross-session,AdaBN
55,4,0,0.00037208200001259684,42,A01,cross-session,AdaBN
56,4,1,0.0003719819999332685,42,A01,cross-session,AdaBN
57,4,1,0.0003844100000378603,42,A01,cross-session,AdaBN
58,4,1,0.00036870700000690704,42,A01,cross-session,AdaBN
59,4,1,0.0003820590000032098,42,A01,cross-session,AdaBN
60,4,0,0.00040859099999579485,42,A01,cross-session,AdaBN
61,4,0,0.0003689710000571722,42,A01,cross-session,AdaBN
62,4,1,0.0003798100000267368,42,A01,cross-session,AdaBN
63,4,1,0.00039044000004651025,42,A01,cross-session,AdaBN
64,4,1,0.00037845500003186316,42,A01,cross-session,AdaBN
65,4,0,0.0003707280000071478,42,A01,cross-session,AdaBN
66,4,0,0.00037962099997912446,42,A01,cross-session,AdaBN
67,4,1,0.00038310200000069017,42,A01,cross-session,AdaBN
68,4,1,0.00036682299992207845,42,A01,cross-session,AdaBN
69,4,0,0.0003818129999899611,42,A01,cross-session,AdaBN
70,4,1,0.0003682440000147835,42,A01,cross-session,AdaBN
71,4,1,0.00038957799995387177,42,A01,cross-session,AdaBN
72,4,0,0.00038074099995810684,42,A01,cross-session,AdaBN
73,4,1,0.0003895490000331847,42,A01,cross-session,AdaBN
74,4,1,0.0003761880000183737,42,A01,cross-session,AdaBN
75,4,1,0.0003900280000834755,42,A01,cross-session,AdaBN
76,4,1,0.0003765700000712968,42,A01,cross-session,AdaBN
77,4,0,0.00037037099991721334,42,A01,cross-session,AdaBN
78,4,1,0.0004499030000033599,42,A01,cross-session,AdaBN
79,4,1,0.0003969069999811836,42,A01,cross-session,AdaBN
80,4,1,0.00040283099997395766,42,A01,cross-session,AdaBN
81,4,0,0.0003773760000740367,42,A01,cross-session,AdaBN
82,4,1,0.0004105040000013105,42,A01,cross-session,AdaBN
83,4,1,0.0003826170000138518,42,A01,cross-session,AdaBN
84,4,1,0.0003840739999532161,42,A01,cross-session,AdaBN
85,4,1,0.0003812539999898945,42,A01,cross-session,AdaBN
86,4,0,0.00040841000009095296,42,A01,cross-session,AdaBN
87,4,1,0.0003768540000237408,42,A01,cross-session,AdaBN
88,4,1,0.0003861640000195621,42,A01,cross-session,AdaBN
89,4,0,0.0003821920000746104,42,A01,cross-session,AdaBN
90,4,1,0.000369892999970034,42,A01,cross-session,AdaBN
91,4,1,0.00039140599994880176,42,A01,cross-session,AdaBN
92,4,1,0.00037480499997855077,42,A01,cross-session,AdaBN
93,4,1,0.0003912029999355582,42,A01,cross-session,AdaBN
94,4,0,0.00037751899992599647,42,A01,cross-session,AdaBN
95,4,0,0.0004137380000202029,42,A01,cross-session,AdaBN
96,4,1,0.0003674950000913668,42,A01,cross-session,AdaBN
97,4,0,0.00039147099994352175,42,A01,cross-session,AdaBN
98,4,1,0.00038232599990806193,42,A01,cross-session,AdaBN
99,4,1,0.0003872620000038296,42,A01,cross-session,AdaBN
100,4,1,0.0003975280000076964,42,A01,cross-session,AdaBN
101,4,0,0.00036557400005676755,42,A01,cross-session,AdaBN
102,4,0,0.0003853949999665929,42,A01,cross-session,AdaBN
103,4,0,0.00037788700001328834,42,A01,cross-session,AdaBN
104,4,0,0.00048068799992506683,42,A01,cross-session,AdaBN
105,4,1,0.000433196000017233,42,A01,cross-session,AdaBN
106,4,1,0.000408301999982541,42,A01,cross-session,AdaBN
107,4,1,0.00039469900002586655,42,A01,cross-session,AdaBN
108,4,1,0.0003968799999256589,42,A01,cross-session,AdaBN
109,4,1,0.0004073439999956463,42,A01,cross-session,AdaBN
110,4,0,0.000414687999978014,42,A01,cross-session,AdaBN
111,4,1,0.00039570200010530243,42,A01,cross-session,AdaBN
112,4,1,0.0004296789999216344,42,A01,cross-session,AdaBN
113,4,1,0.00040718599996125704,42,A01,cross-session,AdaBN
114,4,0,0.0003886180001018147,42,A01,cross-session,AdaBN
115,4,1,0.0004108690000066417,42,A01,cross-session,AdaBN
116,4,0,0.0004094509999958973,42,A01,cross-session,AdaBN
117,4,1,0.00040318699996078067,42,A01,cross-session,AdaBN
118,4,1,0.00041646400006811746,42,A01,cross-session,AdaBN
119,4,1,0.0004060929999241125,42,A01,cross-session,AdaBN
120,4,1,0.0003743539999732093,42,A01,cross-session,AdaBN
121,4,1,0.00042670599998473335,42,A01,cross-session,AdaBN
122,4,0,0.00036944400005722855,42,A01,cross-session,AdaBN
123,4,1,0.0004067670000722501,42,A01,cross-session,AdaBN
124,4,0,0.0004063869999981762,42,A01,cross-session,AdaBN
125,4,0,0.0004110370000489638,42,A01,cross-session,AdaBN
126,4,0,0.0003920789999938279,42,A01,cross-session,AdaBN
127,4,0,0.0003848759999982576,42,A01,cross-session,AdaBN
128,4,1,0.0003841130001092097,42,A01,cross-session,AdaBN
129,4,0,0.0003906079999751455,42,A01,cross-session,AdaBN
130,4,1,0.0004001710000238745,42,A01,cross-session,AdaBN
131,4,1,0.0004010469999684574,42,A01,cross-session,AdaBN
132,4,0,0.00041013899999597925,42,A01,cross-session,AdaBN
133,4,1,0.00037750299998151604,42,A01,cross-session,AdaBN
134,4,0,0.00040486599993982963,42,A01,cross-session,AdaBN
135,4,1,0.00038266800004294055,42,A01,cross-session,AdaBN
136,4,0,0.00040632700006426603,42,A01,cross-session,AdaBN
137,4,0,0.000381481000090389,42,A01,cross-session,AdaBN
138,4,0,0.0003905290000147943,42,A01,cross-session,AdaBN
139,4,1,0.00039232099993569136,42,A01,cross-session,AdaBN
140,4,1,0.00041602299995702197,42,A01,cross-session,AdaBN
141,4,1,0.0003845589999400545,42,A01,cross-session,AdaBN
142,4,0,0.00037724099991010007,42,A01,cross-session,AdaBN
143,4,1,0.00039930400009779987,42,A01,cross-session,AdaBN
144,4,1,0.00036834900004123483,42,A01,cross-session,AdaBN
145,4,1,0.0003948989999571495,42,A01,cross-session,AdaBN
146,4,0,0.0003721379999888086,42,A01,cross-session,AdaBN
147,4,0,0.000409413000056702,42,A01,cross-session,AdaBN
148,4,1,0.0003799209999897357,42,A01,cross-session,AdaBN
149,4,1,0.0004063530000166793,42,A01,cross-session,AdaBN
150,4,0,0.0003679520000332559,42,A01,cross-session,AdaBN
151,4,1,0.0004182119999995848,42,A01,cross-session,AdaBN
152,4,1,0.0004010540000081164,42,A01,cross-session,AdaBN
153,4,1,0.00037779699994189286,42,A01,cross-session,AdaBN
154,4,0,0.0003927500000600048,42,A01,cross-session,AdaBN
155,4,1,0.000370523000015055,42,A01,cross-session,AdaBN
156,4,0,0.0003959069999837084,42,A01,cross-session,AdaBN
157,4,1,0.00036973499993564474,42,A01,cross-session,AdaBN
158,4,0,0.00040879400000903843,42,A01,cross-session,AdaBN
159,4,0,0.0003730780000523737,42,A01,cross-session,AdaBN
160,4,1,0.0004015680000293287,42,A01,cross-session,AdaBN
161,4,1,0.00038001299992629356,42,A01,cross-session,AdaBN
162,4,0,0.00038444199992682115,42,A01,cross-session,AdaBN
163,4,1,0.00037306600006559165,42,A01,cross-session,AdaBN
164,4,0,0.00039435999997294857,42,A01,cross-session,AdaBN
165,4,1,0.00038436599993474374,42,A01,cross-session,AdaBN
166,4,1,0.00039103700009945896,42,A01,cross-session,AdaBN
167,4,1,0.00038271799996891787,42,A01,cross-session,AdaBN
168,4,1,0.00036597199994048424,42,A01,cross-session,AdaBN
169,4,1,0.0003862510000089969,42,A01,cross-session,AdaBN
170,4,1,0.00038752900002236856,42,A01,cross-session,AdaBN
171,4,0,0.0003852930000221022,42,A01,cross-session,AdaBN
172,4,1,0.00037324000004446134,42,A01,cross-session,AdaBN
173,4,1,0.00038600700008828426,42,A01,cross-session,AdaBN
174,4,0,0.0003739429999995991,42,A01,cross-session,AdaBN
175,4,0,0.00037329399992813705,42,A01,cross-session,AdaBN
176,4,1,0.00037862300007418526,42,A01,cross-session,AdaBN
177,4,1,0.0003810709999925166,42,A01,cross-session,AdaBN
178,4,1,0.0003938429999834625,42,A01,cross-session,AdaBN
179,4,0,0.00037152200002310565,42,A01,cross-session,AdaBN
180,4,0,0.0004834410000285061,42,A01,cross-session,AdaBN
181,4,1,0.0003990939999312104,42,A01,cross-session,AdaBN
182,4,0,0.0004015819999949599,42,A01,cross-session,AdaBN
183,4,0,0.0003827940000746821,42,A01,cross-session,AdaBN
184,4,1,0.00039912600004754495,42,A01,cross-session,AdaBN
185,4,1,0.0003764299999602372,42,A01,cross-session,AdaBN
186,4,1,0.00039434100006019435,42,A01,cross-session,AdaBN
187,4,1,0.0003867399999535337,42,A01,cross-session,AdaBN
188,4,1,0.0003764360000104716,42,A01,cross-session,AdaBN
189,4,1,0.0004000019999921278,42,A01,cross-session,AdaBN
190,4,1,0.0003697310000916332,42,A01,cross-session,AdaBN
191,4,1,0.0003906370000095194,42,A01,cross-session,AdaBN
192,4,0,0.0003815009999925678,42,A01,cross-session,AdaBN
193,4,1,0.0003965620001054049,42,A01,cross-session,AdaBN
194,4,0,0.0003769249999550084,42,A01,cross-session,AdaBN
195,4,0,0.0004045599999926708,42,A01,cross-session,AdaBN
196,4,1,0.0003852130000723264,42,A01,cross-session,AdaBN
197,4,1,0.0004002379999974437,42,A01,cross-session,AdaBN
198,4,1,0.00036766699997770047,42,A01,cross-session,AdaBN
199,4,0,0.0003783349999366692,42,A01,cross-session,AdaBN
200,4,0,0.0004129029999830891,42,A01,cross-session,AdaBN
201,4,1,0.0004104050000250936,42,A01,cross-session,AdaBN
202,4,1,0.0004000229999974181,42,A01,cross-session,AdaBN
203,4,0,0.00039699000001292006,42,A01,cross-session,AdaBN
204,4,1,0.0003877159999774449,42,A01,cross-session,AdaBN
205,4,1,0.00038147000009303156,42,A01,cross-session,AdaBN
206,4,0,0.0003847550000273259,42,A01,cross-session,AdaBN
207,4,1,0.00038113899995551037,42,A01,cross-session,AdaBN
208,4,1,0.0004293339999321688,42,A01,cross-session,AdaBN
209,4,1,0.00037152000004425645,42,A01,cross-session,AdaBN
210,4,0,0.0003761849999364131,42,A01,cross-session,AdaBN
211,4,0,0.0003879700000197772,42,A01,cross-session,AdaBN
212,4,1,0.0003696710000440362,42,A01,cross-session,AdaBN
213,4,1,0.00039466700002321886,42,A01,cross-session,AdaBN
214,4,1,0.0003923919999806458,42,A01,cross-session,AdaBN
215,4,1,0.0004622149999704561,42,A01,cross-session,AdaBN
216,4,0,0.000402515000018866,42,A01,cross-session,AdaBN
217,4,1,0.00039600499997050065,42,A01,cross-session,AdaBN
218,4,1,0.00038748600002236344,42,A01,cross-session,AdaBN
219,4,1,0.00039798399996016087,42,A01,cross-session,AdaBN
220,4,1,0.0003877090000514727,42,A01,cross-session,AdaBN
221,4,1,0.00038183799995294976,42,A01,cross-session,AdaBN
222,4,0,0.0003813910000189935,42,A01,cross-session,AdaBN
223,4,1,0.00039779300004738616,42,A01,cross-session,AdaBN
224,4,0,0.0003813219999528883,42,A01,cross-session,AdaBN
225,4,1,0.0003778679999868473,42,A01,cross-session,AdaBN
226,4,0,0.00043950000008408097,42,A01,cross-session,AdaBN
227,4,1,0.00039575999994667654,42,A01,cross-session,AdaBN
228,4,0,0.00038685699996676703,42,A01,cross-session,AdaBN
229,4,1,0.00037957600000027014,42,A01,cross-session,AdaBN
230,4,0,0.0003689270000677425,42,A01,cross-session,AdaBN
231,4,0,0.00036913799999638286,42,A01,cross-session,AdaBN
232,4,0,0.0004110379999247016,42,A01,cross-session,AdaBN
233,4,0,0.00038538399996923545,42,A01,cross-session,AdaBN
234,4,1,0.00048041499996998027,42,A01,cross-session,AdaBN
235,4,1,0.00041009300002770033,42,A01,cross-session,AdaBN
236,4,0,0.00040914300006988924,42,A01,cross-session,AdaBN
237,4,1,0.00039687100002083753,42,A01,cross-session,AdaBN
238,4,1,0.00036729200007812324,42,A01,cross-session,AdaBN
239,4,1,0.0003928500000256463,42,A01,cross-session,AdaBN
240,4,1,0.0003729609999254535,42,A01,cross-session,AdaBN
241,4,1,0.00040985100008583686,42,A01,cross-session,AdaBN
242,4,1,0.0003782639998917148,42,A01,cross-session,AdaBN
243,4,1,0.00039244899994628213,42,A01,cross-session,AdaBN
244,4,1,0.0003658770000356526,42,A01,cross-session,AdaBN
245,4,1,0.0003846369999109811,42,A01,cross-session,AdaBN
246,4,1,0.00041998000006060465,42,A01,cross-session,AdaBN
247,4,1,0.0003960100000313105,42,A01,cross-session,AdaBN
248,4,1,0.0004410049999705734,42,A01,cross-session,AdaBN
249,4,1,0.00041886700000759447,42,A01,cross-session,AdaBN
250,4,1,0.00040774499996132363,42,A01,cross-session,AdaBN
251,4,0,0.00037683400000787515,42,A01,cross-session,AdaBN
252,4,1,0.0004021449999527249,42,A01,cross-session,AdaBN
253,4,0,0.0003806830000030459,42,A01,cross-session,AdaBN
254,4,1,0.00044542799992086657,42,A01,cross-session,AdaBN
255,4,1,0.00038710899991656333,42,A01,cross-session,AdaBN
256,4,1,0.0004483720000507674,42,A01,cross-session,AdaBN
257,4,1,0.00037650900003427523,42,A01,cross-session,AdaBN
258,4,1,0.00040876900004604977,42,A01,cross-session,AdaBN
259,4,1,0.00038687299991124746,42,A01,cross-session,AdaBN
260,4,0,0.00040658900002199516,42,A01,cross-session,AdaBN
261,4,1,0.0003748110000287852,42,A01,cross-session,AdaBN
262,4,1,0.00038605199995345174,42,A01,cross-session,AdaBN
263,4,0,0.00038531500001681707,42,A01,cross-session,AdaBN
264,4,1,0.0004395260000364942,42,A01,cross-session,AdaBN
265,4,0,0.00038854199999605044,42,A01,cross-session,AdaBN
266,4,0,0.0003942870000628318,42,A01,cross-session,AdaBN
267,4,0,0.00037973599989982176,42,A01,cross-session,AdaBN
268,4,1,0.0003700769999568365,42,A01,cross-session,AdaBN
269,4,0,0.00038211300000057236,42,A01,cross-session,AdaBN
270,4,1,0.00037012899997534987,42,A01,cross-session,AdaBN
271,4,1,0.00037936199998966913,42,A01,cross-session,AdaBN
272,4,1,0.0003832900000588779,42,A01,cross-session,AdaBN
273,4,1,0.00037870100004511187,42,A01,cross-session,AdaBN
274,4,0,0.0003766779999523351,42,A01,cross-session,AdaBN
275,4,0,0.00037163599995437835,42,A01,cross-session,AdaBN
276,4,1,0.0003832969999848501,42,A01,cross-session,AdaBN
277,4,0,0.00037117399995167943,42,A01,cross-session,AdaBN
278,4,0,0.0003798320000214517,42,A01,cross-session,AdaBN
279,4,1,0.00037096799997016205,42,A01,cross-session,AdaBN
280,4,1,0.00040295500002685003,42,A01,cross-session,AdaBN
281,4,0,0.0004397980000021562,42,A01,cross-session,AdaBN
282,4,0,0.0004013970000187328,42,A01,cross-session,AdaBN
283,4,0,0.000379730000076961,42,A01,cross-session,AdaBN
284,4,0,0.0003807460000189167,42,A01,cross-session,AdaBN
285,4,1,0.00040911500002493995,42,A01,cross-session,AdaBN
286,4,1,0.00038024299999506184,42,A01,cross-session,AdaBN
287,4,1,0.00039294700002301397,42,A01,cross-session,AdaBN
0,1,0,0.0012704279999979917,42,A02,cross-session,AdaBN
1,2,0,0.001082064000001992,42,A02,cross-session,AdaBN
2,3,0,0.0010741080000116199,42,A02,cross-session,AdaBN
3,4,0,0.0011386510000193084,42,A02,cross-session,AdaBN
4,4,1,0.0010907769999448647,42,A02,cross-session,AdaBN
5,4,1,0.0010868159999972704,42,A02,cross-session,AdaBN
6,4,0,0.0010772740000675185,42,A02,cross-session,AdaBN
7,4,1,0.0010692309999740246,42,A02,cross-session,AdaBN
8,4,1,0.0010778810000147132,42,A02,cross-session,AdaBN
9,4,0,0.001047263000032217,42,A02,cross-session,AdaBN
10,4,0,0.0010779169999750593,42,A02,cross-session,AdaBN
11,4,0,0.001139462999958596,42,A02,cross-session,AdaBN
12,4,0,0.0010797060000413694,42,A02,cross-session,AdaBN
13,4,0,0.0004726050000272153,42,A02,cross-session,AdaBN
14,4,0,0.00040750599998773396,42,A02,cross-session,AdaBN
15,4,1,0.00036607300000923715,42,A02,cross-session,AdaBN
16,4,0,0.0003812429999925371,42,A02,cross-session,AdaBN
17,4,1,0.0003601360000402565,42,A02,cross-session,AdaBN
18,4,1,0.0003688640000518717,42,A02,cross-session,AdaBN
19,4,0,0.00035609299993666355,42,A02,cross-session,AdaBN
20,4,0,0.00037215700001524965,42,A02,cross-session,AdaBN
21,4,0,0.000366932000019915,42,A02,cross-session,AdaBN
22,4,0,0.00035999399995034764,42,A02,cross-session,AdaBN
23,4,1,0.0003874179999456828,42,A02,cross-session,AdaBN
24,4,0,0.00035793199992895097,42,A02,cross-session,AdaBN
25,4,1,0.0003638449999243676,42,A02,cross-session,AdaBN
26,4,0,0.00037496200002351543,42,A02,cross-session,AdaBN
27,4,0,0.0003704929999912565,42,A02,cross-session,AdaBN
28,4,0,0.00036466400001700094,42,A02,cross-session,AdaBN
29,4,0,0.0003603339999926902,42,A02,cross-session,AdaBN
30,4,0,0.00036754899997504253,42,A02,cross-session,AdaBN
31,4,1,0.00036537200003294856,42,A02,cross-session,AdaBN
32,4,1,0.0003702479999674324,42,A02,cross-session,AdaBN
33,4,0,0.0003641110000671688,42,A02,cross-session,AdaBN
34,4,1,0.0003930970000283196,42,A02,cross-session,AdaBN
35,4,1,0.0003632499999639549,42,A02,cross-session,AdaBN
36,4,0,0.0003645740000592923,42,A02,cross-session,AdaBN
37,4,0,0.0003950039999836008,42,A02,cross-session,AdaBN
38,4,0,0.0003592699999899196,42,A02,cross-session,AdaBN
39,4,0,0.0003776349999498052,42,A02,cross-session,AdaBN
40,4,1,0.0003672810000807658,42,A02,cross-session,AdaBN
41,4,0,0.00039538699991226167,42,A02,cross-session,AdaBN
42,4,1,0.000372076999951787,42,A02,cross-session,AdaBN
43,4,0,0.0003680610000174056,42,A02,cross-session,AdaBN
44,4,0,0.00039491999996243976,42,A02,cross-session,AdaBN
45,4,0,0.00037735900002644485,42,A02,cross-session,AdaBN
46,4,1,0.0004156129999728364,42,A02,cross-session,AdaBN
47,4,0,0.0003761100000474471,42,A02,cross-session,AdaBN
48,4,1,0.00037689800001317053,42,A02,cross-session,AdaBN
49,4,0,0.00036807799995131063,42,A02,cross-session,AdaBN
50,4,0,0.00037216299995179725,42,A02,cross-session,AdaBN
51,4,1,0.0003722800000787174,42,A02,cross-session,AdaBN
52,4,0,0.0003634849999798462,42,A02,cross-session,AdaBN
53,4,0,0.00043491499991432647,42,A02,cross-session,AdaBN
54,4,0,0.00037288900000476133,42,A02,cross-session,AdaBN
55,4,1,0.0004064590000325552,42,A02,cross-session,AdaBN
56,4,0,0.0003676370000675888,42,A02,cross-session,AdaBN
57,4,0,0.00040263900007175835,42,A02,cross-session,AdaBN
58,4,0,0.0003632149999930334,42,A02,cross-session,AdaBN
59,4,1,0.0004042929999741318,42,A02,cross-session,AdaBN
60,4,1,0.00037166699996760144,42,A02,cross-session,AdaBN
61,4,0,0.0003739379999387893,42,A02,cross-session,AdaBN
62,4,0,0.0003975600000103441,42,A02,cross-session,AdaBN
63,4,0,0.00038711400009106,42,A02,cross-session,AdaBN
64,4,0,0.0004080139999587118,42,A02,cross-session,AdaBN
65,4,1,0.00036534100001972547,42,A02,cross-session,AdaBN
66,4,1,0.0003996140000026571,42,A02,cross-session,AdaBN
67,4,0,0.00036909999994350073,42,A02,cross-session,AdaBN
68,4,1,0.0004032950000691926,42,A02,cross-session,AdaBN
69,4,0,0.00036765300001206924,42,A02,cross-session,AdaBN
70,4,0,0.0003971470000578847,42,A02,cross-session,AdaBN
71,4,0,0.00037985200003731734,42,A02,cross-session,AdaBN
72,4,0,0.0003659889999880761,42,A02,cross-session,AdaBN
73,4,0,0.00037583900007120974,42,A02,cross-session,AdaBN
74,4,0,0.0003894760000093811,42,A02,cross-session,AdaBN
75,4,0,0.00041655900008663593,42,A02,cross-session,AdaBN
76,4,1,0.00039104100005715736,42,A02,cross-session,AdaBN
77,4,0,0.0004270739999583384,42,A02,cross-session,AdaBN
78,4,0,0.00037830999997368053,42,A02,cross-session,AdaBN
79,4,0,0.00042255200003182836,42,A02,cross-session,AdaBN
80,4,0,0.0003933539999252389,42,A02,cross-session,AdaBN
81,4,1,0.000385360999985096,42,A02,cross-session,AdaBN
82,4,0,0.00036818799992488493,42,A02,cross-session,AdaBN
83,4,0,0.0004163159999279742,42,A02,cross-session,AdaBN
84,4,0,0.0003845620000220151,42,A02,cross-session,AdaBN
85,4,1,0.00036938499999905616,42,A02,cross-session,AdaBN
86,4,0,0.0003741919999811216,42,A02,cross-session,AdaBN
87,4,1,0.000362564000056409,42,A02,cross-session,AdaBN
88,4,0,0.00039840699992055306,42,A02,cross-session,AdaBN
89,4,0,0.0003762820000474676,42,A02,cross-session,AdaBN
90,4,0,0.0003806500000109736,42,A02,cross-session,AdaBN
91,4,1,0.0003863150000142923,42,A02,cross-session,AdaBN
92,4,0,0.00038922399994589796,42,A02,cross-session,AdaBN
93,4,1,0.000468423000029361,42,A02,cross-session,AdaBN
94,4,1,0.0004109330000119371,42,A02,cross-session,AdaBN
95,4,0,0.0004003070000635489,42,A02,cross-session,AdaBN
96,4,1,0.00041428800000176125,42,A02,cross-session,AdaBN
97,4,1,0.00038787000005413574,42,A02,cross-session,AdaBN
98,4,1,0.000383540000029825,42,A02,cross-session,AdaBN
99,4,0,0.0004055040000139343,42,A02,cross-session,AdaBN
100,4,1,0.00038379300008273276,42,A02,cross-session,AdaBN
101,4,0,0.000452813000038077,42,A02,cross-session,AdaBN
102,4,1,0.000390007999953923,42,A02,cross-session,AdaBN
103,4,0,0.0004330309999431847,42,A02,cross-session,AdaBN
104,4,0,0.00039383899991207727,42,A02,cross-session,AdaBN
105,4,0,0.00042142500001318695,42,A02,cross-session,AdaBN
106,4,1,0.00037764900002912327,42,A02,cross-session,AdaBN
107,4,0,0.0004229570000688909,42,A02,cross-session,AdaBN
108,4,1,0.00039167100010217837,42,A02,cross-session,AdaBN
109,4,0,0.00041900000007899507,42,A02,cross-session,AdaBN
110,4,0,0.0003868430000011358,42,A02,cross-session,AdaBN
111,4,0,0.00039821300003950455,42,A02,cross-session,AdaBN
112,4,1,0.00038298300000860763,42,A02,cross-session,AdaBN
113,4,0,0.00038826100001188024,42,A02,cross-session,AdaBN
114,4,1,0.00038711000001967477,42,A02,cross-session,AdaBN
115,4,1,0.0003761469999972178,42,A02,cross-session,AdaBN
116,4,0,0.0004002749999472144,42,A02,cross-session,AdaBN
117,4,0,0.0003794420000531318,42,A02,cross-session,AdaBN
118,4,0,0.0003836529999716731,42,A02,cross-session,AdaBN
119,4,0,0.0004167449999386008,42,A02,cross-session,AdaBN
120,4,0,0.0004132459999937055,42,A02,cross-session,AdaBN
121,4,0,0.0003759590000527169,42,A02,cross-session,AdaBN
122,4,0,0.0003876999999192776,42,A02,cross-session,AdaBN
123,4,1,0.00041150499998821033,42,A02,cross-session,AdaBN
124,4,0,0.0003988009999602582,42,A02,cross-session,AdaBN
125,4,1,0.0003865229999746589,42,A02,cross-session,AdaBN
126,4,1,0.0003872150000461261,42,A02,cross-session,AdaBN
127,4,1,0.00038738499995361053,42,A02,cross-session,AdaBN
128,4,1,0.00036966300001495256,42,A02,cross-session,AdaBN
129,4,0,0.00042059199995492236,42,A02,cross-session,AdaBN
130,4,0,0.00038506299995333393,42,A02,cross-session,AdaBN
131,4,0,0.0004045310000719837,42,A02,cross-session,AdaBN
132,4,0,0.0003766129999576151,42,A02,cross-session,AdaBN
133,4,0,0.00038805799999863666,42,A02,cross-session,AdaBN
134,4,1,0.0003787939999710943,42,A02,cross-session,AdaBN
135,4,0,0.00038608099998782563,42,A02,cross-session,AdaBN
136,4,1,0.0003860550000354124,42,A02,cross-session,AdaBN
137,4,0,0.00037585999996281316,42,A02,cross-session,AdaBN
138,4,0,0.00038773400001446134,42,A02,cross-session,AdaBN
139,4,1,0.0003767160000052172,42,A02,cross-session,AdaBN
140,4,1,0.00040200800003731274,42,A02,cross-session,AdaBN
141,4,1,0.000407666999990397,42,A02,cross-session,AdaBN
142,4,1,0.0003823839999768097,42,A02,cross-session,AdaBN
143,4,0,0.0003690660000756907,42,A02,cross-session,AdaBN
144,4,0,0.0003981230000817959,42,A02,cross-session,AdaBN
145,4,0,0.00037212400002317736,42,A02,cross-session,AdaBN
146,4,1,0.0003916220000519388,42,A02,cross-session,AdaBN
147,4,0,0.0003775249999762309,42,A02,cross-session,AdaBN
148,4,1,0.0003806060000215439,42,A02,cross-session,AdaBN
149,4,0,0.0004151780000256622,42,A02,cross-session,AdaBN
150,4,0,0.00038818300004095363,42,A02,cross-session,AdaBN
151,4,0,0.0004035040000189838,42,A02,cross-session,AdaBN
152,4,1,0.0003869670000540282,42,A02,cross-session,AdaBN
153,4,0,0.0004104250000409593,42,A02,cross-session,AdaBN
154,4,0,0.00038055800007441576,42,A02,cross-session,AdaBN
155,4,1,0.00038334099997427984,42,A02,cross-session,AdaBN
156,4,0,0.0004016809999711768,42,A02,cross-session,AdaBN
157,4,0,0.00040515699993193266,42,A02,cross-session,AdaBN
158,4,0,0.0003887770000119417,42,A02,cross-session,AdaBN
159,4,0,0.00039836299993112334,42,A02,cross-session,AdaBN
160,4,0,0.0004250050000109695,42,A02,cross-session,AdaBN
161,4,0,0.0003834279999637147,42,A02,cross-session,AdaBN
162,4,0,0.0004085489999852143,42,A02,cross-session,AdaBN
163,4,0,0.00038070200002948695,42,A02,cross-session,AdaBN
164,4,0,0.00040721300001678173,42,A02,cross-session,AdaBN
165,4,0,0.00037539200002356665,42,A02,cross-session,AdaBN
166,4,0,0.0003806450000638506,42,A02,cross-session,AdaBN
167,4,0,0.0003922219999594745,42,A02,cross-session,AdaBN
168,4,0,0.0003838919999452628,42,A02,cross-session,AdaBN
169,4,0,0.000401540999973804,42,A02,cross-session,AdaBN
170,4,0,0.00039082200009943335,42,A02,cross-session,AdaBN
171,4,1,0.00041446600005201617,42,A02,cross-session,AdaBN
172,4,0,0.00038006600004791835,42,A02,cross-session,AdaBN
173,4,0,0.00044637099995270546,42,A02,cross-session,AdaBN
174,4,0,0.0003744960000631181,42,A02,cross-session,AdaBN
175,4,1,0.0004146200000150202,42,A02,cross-session,AdaBN
176,4,0,0.0003961200000048848,42,A02,cross-session,AdaBN
177,4,0,0.0004313580000143702,42,A02,cross-session,AdaBN
178,4,0,0.00038278399995306245,42,A02,cross-session,AdaBN
179,4,1,0.0004145430000335182,42,A02,cross-session,AdaBN
180,4,0,0.00038921299994854053,42,A02,cross-session,AdaBN
181,4,1,0.00042224000003443507,42,A02,cross-session,AdaBN
182,4,1,0.0003835649999928137,42,A02,cross-session,AdaBN
183,4,0,0.0004058309999663834,42,A02,cross-session,AdaBN
184,4,0,0.0003851840000379525,42,A02,cross-session,AdaBN
185,4,0,0.00038229199992656504,42,A02,cross-session,AdaBN
186,4,1,0.00047238699994522904,42,A02,cross-session,AdaBN
187,4,0,0.00041228099996715173,42,A02,cross-session,AdaBN
188,4,0,0.0003924960000176725,42,A02,cross-session,AdaBN
189,4,1,0.0003902010000729206,42,A02,cross-session,AdaBN
190,4,0,0.00041760299995985406,42,A02,cross-session,AdaBN
191,4,0,0.00037008999993304315,42,A02,cross-session,AdaBN
192,4,0,0.0003833160000112912,42,A02,cross-session,AdaBN
193,4,1,0.00041928699999971286,42,A02,cross-session,AdaBN
194,4,1,0.00038869200000135606,42,A02,cross-session,AdaBN
195,4,0,0.0003704669999251564,42,A02,cross-session,AdaBN
196,4,1,0.00040743399995335494,42,A02,cross-session,AdaBN
197,4,0,0.00038247399993451836,42,A02,cross-session,AdaBN
198,4,0,0.00036927500002548186,42,A02,cross-session,AdaBN
199,4,1,0.0003840950000721932,42,A02,cross-session,AdaBN
200,4,0,0.0003980889999866122,42,A02,cross-session,AdaBN
201,4,1,0.00038777400004619267,42,A02,cross-session,AdaBN
202,4,1,0.00037404800002605043,42,A02,cross-session,AdaBN
203,4,1,0.00039826299996548187,42,A02,cross-session,AdaBN
204,4,0,0.000394375999917429,42,A02,cross-session,AdaBN
205,4,0,0.00041098099995906523,42,A02,cross-session,AdaBN
206,4,0,0.00039138600004662294,42,A02,cross-session,AdaBN
207,4,0,0.00041203000000678003,42,A02,cross-session,AdaBN
208,4,1,0.00038928999993004254,42,A02,cross-session,AdaBN
209,4,0,0.0003965130000551653,42,A02,cross-session,AdaBN
210,4,0,0.00038004399993951665,42,A02,cross-session,AdaBN
211,4,0,0.00038132200006657513,42,A02,cross-session,AdaBN
212,4,1,0.0004182569999784391,42,A02,cross-session,AdaBN
213,4,0,0.0003910739999355428,42,A02,cross-session,AdaBN
214,4,1,0.00041357700001753983,42,A02,cross-session,AdaBN
215,4,1,0.00041576599994641583,42,A02,cross-session,AdaBN
216,4,1,0.00042357999996056606,42,A02,cross-session,AdaBN
217,4,0,0.00038834499991935445,42,A02,cross-session,AdaBN
218,4,1,0.0004141230000413998,42,A02,cross-session,AdaBN
219,4,1,0.0003979169999865917,42,A02,cross-session,AdaBN
220,4,1,0.00040015299998685805,42,A02,cross-session,AdaBN
221,4,0,0.00037296300001798954,42,A02,cross-session,AdaBN
222,4,0,0.0004249049999316412,42,A02,cross-session,AdaBN
223,4,0,0.00040022799998951086,42,A02,cross-session,AdaBN
224,4,0,0.000403364000021611,42,A02,cross-session,AdaBN
225,4,1,0.00039100999993024743,42,A02,cross-session,AdaBN
226,4,0,0.0004000000000132786,42,A02,cross-session,AdaBN
227,4,0,0.0003937970000151836,42,A02,cross-session,AdaBN
228,4,0,0.0003749899999547779,42,A02,cross-session,AdaBN
229,4,1,0.0004000659999974232,42,A02,cross-session,AdaBN
230,4,0,0.00036960799991447857,42,A02,cross-session,AdaBN
231,4,0,0.0004154669999252292,42,A02,cross-session,AdaBN
232,4,1,0.0004070190000220464,42,A02,cross-session,AdaBN
233,4,0,0.00040564899995843007,42,A02,cross-session,AdaBN
234,4,0,0.0004113490000463571,42,A02,cross-session,AdaBN
235,4,1,0.0004341119999935472,42,A02,cross-session,AdaBN
236,4,0,0.0004097380000303019,42,A02,cross-session,AdaBN
237,4,0,0.00040914800001701224,42,A02,cross-session,AdaBN
238,4,1,0.0003733400000101028,42,A02,cross-session,AdaBN
239,4,0,0.00037863599993670505,42,A02,cross-session,AdaBN
240,4,0,0.0003797780000240891,42,A02,cross-session,AdaBN
241,4,0,0.0003724029999148115,42,A02,cross-session,AdaBN
242,4,0,0.00047837499994329846,42,A02,cross-session,AdaBN
243,4,0,0.0003849899999295303,42,A02,cross-session,AdaBN
244,4,0,0.0004421659999707117,42,A02,cross-session,AdaBN
245,4,0,0.0003946179999729793,42,A02,cross-session,AdaBN
246,4,1,0.0003861799999640425,42,A02,cross-session,AdaBN
247,4,1,0.00037500999997064355,42,A02,cross-session,AdaBN
248,4,1,0.00040436599999793543,42,A02,cross-session,AdaBN
249,4,1,0.0003784089999498974,42,A02,cross-session,AdaBN
250,4,0,0.0003967810000631289,42,A02,cross-session,AdaBN
251,4,1,0.00041214899999886256,42,A02,cross-session,AdaBN
252,4,0,0.000416376000089258,42,A02,cross-session,AdaBN
253,4,1,0.0004044480000402473,42,A02,cross-session,AdaBN
254,4,0,0.00038649600003282103,42,A02,cross-session,AdaBN
255,4,1,0.0003930230000150914,42,A02,cross-session,AdaBN
256,4,1,0.0003891669999802616,42,A02,cross-session,AdaBN
257,4,1,0.0004015069999923071,42,A02,cross-session,AdaBN
258,4,0,0.00038393800002722855,42,A02,cross-session,AdaBN
259,4,0,0.0004128379999883691,42,A02,cross-session,AdaBN
260,4,0,0.00038323199999013013,42,A02,cross-session,AdaBN
261,4,0,0.0004623419999916223,42,A02,cross-session,AdaBN
262,4,0,0.00038502000006701564,42,A02,cross-session,AdaBN
263,4,0,0.00041619099999934406,42,A02,cross-session,AdaBN
264,4,0,0.00040743399995335494,42,A02,cross-session,AdaBN
265,4,0,0.0003949319999492218,42,A02,cross-session,AdaBN
266,4,0,0.0003760519999786993,42,A02,cross-session,AdaBN
267,4,0,0.00040588100000604754,42,A02,cross-session,AdaBN
268,4,0,0.00038998399998035893,42,A02,cross-session,AdaBN
269,4,0,0.000376221000010446,42,A02,cross-session,AdaBN
270,4,0,0.0004297499999665888,42,A02,cross-session,AdaBN
271,4,0,0.0003800619999765331,42,A02,cross-session,AdaBN
272,4,0,0.0004052409999530937,42,A02,cross-session,AdaBN
273,4,0,0.00039696399994681997,42,A02,cross-session,AdaBN
274,4,0,0.0004082159999825308,42,A02,cross-session,AdaBN
275,4,0,0.00037678700005017163,42,A02,cross-session,AdaBN
276,4,0,0.00038597900004333496,42,A02,cross-session,AdaBN
277,4,0,0.00040349200003220176,42,A02,cross-session,AdaBN
278,4,0,0.00040837200003807084,42,A02,cross-session,AdaBN
279,4,0,0.0003797790000135137,42,A02,cross-session,AdaBN
280,4,0,0.00038319300006151025,42,A02,cross-session,AdaBN
281,4,1,0.0003920219999145047,42,A02,cross-session,AdaBN
282,4,1,0.0003763299999945957,42,A02,cross-session,AdaBN
283,4,1,0.00040982400003031216,42,A02,cross-session,AdaBN
284,4,0,0.0004176850000021659,42,A02,cross-session,AdaBN
285,4,0,0.00039231699997799296,42,A02,cross-session,AdaBN
286,4,1,0.00041196699999090924,42,A02,cross-session,AdaBN
287,4,1,0.0004178899999942587,42,A02,cross-session,AdaBN
0,1,1,0.0007260539999833782,42,A03,cross-session,AdaBN
1,2,1,0.0006033700000216413,42,A03,cross-session,AdaBN
2,3,0,0.0006260190000375587,42,A03,cross-session,AdaBN
3,4,1,0.0005451980000543699,42,A03,cross-session,AdaBN
4,4,0,0.0005637760000354319,42,A03,cross-session,AdaBN
5,4,1,0.0005206229999430434,42,A03,cross-session,AdaBN
6,4,1,0.0005951970000523943,42,A03,cross-session,AdaBN
7,4,0,0.0005919489999541838,42,A03,cross-session,AdaBN
8,4,1,0.0005767730000343363,42,A03,cross-session,AdaBN
9,4,0,0.0005748890000631945,42,A03,cross-session,AdaBN
10,4,0,0.0005778020000661854,42,A03,cross-session,AdaBN
11,4,0,0.0005617760000404814,42,A03,cross-session,AdaBN
12,4,1,0.0005682549999619368,42,A03,cross-session,AdaBN
13,4,0,0.001016832000004797,42,A03,cross-session,AdaBN
14,4,1,0.001112124999963271,42,A03,cross-session,AdaBN
15,4,1,0.0005409109999163775,42,A03,cross-session,AdaBN
16,4,1,0.00046064000002843386,42,A03,cross-session,AdaBN
17,4,1,0.0004419780000262108,42,A03,cross-session,AdaBN
18,4,0,0.00043938400006027223,42,A03,cross-session,AdaBN
19,4,1,0.0004420639999125342,42,A03,cross-session,AdaBN
20,4,0,0.0004508060000034675,42,A03,cross-session,AdaBN
21,4,1,0.00045469999997749255,42,A03,cross-session,AdaBN
22,4,1,0.000391487000001689,42,A03,cross-session,AdaBN
23,4,1,0.000362508999955935,42,A03,cross-session,AdaBN
24,4,0,0.0004432069999893429,42,A03,cross-session,AdaBN
25,4,1,0.0004285939999135735,42,A03,cross-session,AdaBN
26,4,1,0.0003975570000420703,42,A03,cross-session,AdaBN
27,4,0,0.0003686689999540249,42,A03,cross-session,AdaBN
28,4,0,0.0003958249999413965,42,A03,cross-session,AdaBN
29,4,0,0.00037767499998153653,42,A03,cross-session,AdaBN
30,4,1,0.00041885799998908624,42,A03,cross-session,AdaBN
31,4,1,0.0003625320000537613,42,A03,cross-session,AdaBN
32,4,1,0.00039955299996563554,42,A03,cross-session,AdaBN
33,4,1,0.0003780150000238791,42,A03,cross-session,AdaBN
34,4,1,0.0003874340000038501,42,A03,cross-session,AdaBN
35,4,1,0.0003561280000212719,42,A03,cross-session,AdaBN
36,4,1,0.0003536799999892537,42,A03,cross-session,AdaBN
37,4,1,0.00037557999996806757,42,A03,cross-session,AdaBN
38,4,1,0.0003566970000292713,42,A03,cross-session,AdaBN
39,4,0,0.0003890189999538052,42,A03,cross-session,AdaBN
40,4,0,0.0003773670000555285,42,A03,cross-session,AdaBN
41,4,1,0.00039463299992803513,42,A03,cross-session,AdaBN
42,4,0,0.0003619630000457619,42,A03,cross-session,AdaBN
43,4,1,0.0003634319999719082,42,A03,cross-session,AdaBN
44,4,1,0.0003888839999035554,42,A03,cross-session,AdaBN
45,4,1,0.0003609880000112753,42,A03,cross-session,AdaBN
46,4,1,0.0004133559999672798,42,A03,cross-session,AdaBN
47,4,1,0.00036793599997508863,42,A03,cross-session,AdaBN
48,4,0,0.0003899670000464539,42,A03,cross-session,AdaBN
49,4,0,0.00037335399997573404,42,A03,cross-session,AdaBN
50,4,1,0.00040499400006410724,42,A03,cross-session,AdaBN
51,4,1,0.00037717200007136853,42,A03,cross-session,AdaBN
52,4,1,0.00037728900008460187,42,A03,cross-session,AdaBN
53,4,1,0.00039434100006019435,42,A03,cross-session,AdaBN
54,4,0,0.0003780330000608956,42,A03,cross-session,AdaBN
55,4,1,0.0004165269999703014,42,A03,cross-session,AdaBN
56,4,1,0.0003734559999202247,42,A03,cross-session,AdaBN
57,4,0,0.0003957769999942684,42,A03,cross-session,AdaBN
58,4,0,0.0003766859999814187,42,A03,cross-session,AdaBN
59,4,0,0.0003870159999905809,42,A03,cross-session,AdaBN
60,4,1,0.0003716149999490881,42,A03,cross-session,AdaBN
61,4,1,0.00038066299998718023,42,A03,cross-session,AdaBN
62,4,1,0.0003830660000403441,42,A03,cross-session,AdaBN
63,4,1,0.0003845180000325854,42,A03,cross-session,AdaBN
64,4,1,0.0004091739999694255,42,A03,cross-session,AdaBN
65,4,1,0.00038196600007722736,42,A03,cross-session,AdaBN
66,4,1,0.0004157930000019405,42,A03,cross-session,AdaBN
67,4,1,0.0003816749999714375,42,A03,cross-session,AdaBN
68,4,1,0.0004175330000180111,42,A03,cross-session,AdaBN
69,4,0,0.00042132600003697007,42,A03,cross-session,AdaBN
70,4,1,0.00040125700002136,42,A03,cross-session,AdaBN
71,4,0,0.0003789910000477903,42,A03,cross-session,AdaBN
72,4,1,0.0004047230000878699,42,A03,cross-session,AdaBN
73,4,1,0.00038924600005429966,42,A03,cross-session,AdaBN
74,4,1,0.0004087170000275364,42,A03,cross-session,AdaBN
75,4,1,0.0003738259999863658,42,A03,cross-session,AdaBN
76,4,1,0.0003818840000349155,42,A03,cross-session,AdaBN
77,4,1,0.00041422399999646586,42,A03,cross-session,AdaBN
78,4,1,0.0003737910000154443,42,A03,cross-session,AdaBN
79,4,1,0.00039073599998573627,42,A03,cross-session,AdaBN
80,4,1,0.00039951000007931725,42,A03,cross-session,AdaBN
81,4,0,0.0004169380000575984,42,A03,cross-session,AdaBN
82,4,0,0.00038510499996391445,42,A03,cross-session,AdaBN
83,4,0,0.0004073260000723167,42,A03,cross-session,AdaBN
84,4,1,0.0003843680000272798,42,A03,cross-session,AdaBN
85,4,0,0.00040776600008030073,42,A03,cross-session,AdaBN
86,4,1,0.00041794899993874424,42,A03,cross-session,AdaBN
87,4,1,0.0003852559999586447,42,A03,cross-session,AdaBN
88,4,1,0.00042330099995524506,42,A03,cross-session,AdaBN
89,4,0,0.00036453599989272334,42,A03,cross-session,AdaBN
90,4,0,0.0004201479999892399,42,A03,cross-session,AdaBN
91,4,0,0.000381272000026911,42,A03,cross-session,AdaBN
92,4,1,0.00038738500006729737,42,A03,cross-session,AdaBN
93,4,1,0.0003855779999639708,42,A03,cross-session,AdaBN
94,4,0,0.00039648900008160126,42,A03,cross-session,AdaBN
95,4,1,0.00036576299999069306,42,A03,cross-session,AdaBN
96,4,1,0.0003854849999243015,42,A03,cross-session,AdaBN
97,4,1,0.00037542400002621434,42,A03,cross-session,AdaBN
98,4,0,0.0003901789999645189,42,A03,cross-session,AdaBN
99,4,1,0.00039973100001589046,42,A03,cross-session,AdaBN
100,4,1,0.0004183529999863822,42,A03,cross-session,AdaBN
101,4,0,0.00041383500001757056,42,A03,cross-session,AdaBN
102,4,1,0.0004060109999954875,42,A03,cross-session,AdaBN
103,4,0,0.00040686400006961776,42,A03,cross-session,AdaBN
104,4,1,0.00037595100002363324,42,A03,cross-session,AdaBN
105,4,1,0.00042813900006422045,42,A03,cross-session,AdaBN
106,4,0,0.00037678400008189783,42,A03,cross-session,AdaBN
107,4,0,0.0003839150000430891,42,A03,cross-session,AdaBN
108,4,0,0.0003853840000829223,42,A03,cross-session,AdaBN
109,4,1,0.00040890399998261273,42,A03,cross-session,AdaBN
110,4,0,0.00038327300001128606,42,A03,cross-session,AdaBN
111,4,1,0.00039979200005291204,42,A03,cross-session,AdaBN
112,4,1,0.00040721599998505553,42,A03,cross-session,AdaBN
113,4,1,0.00038215199992919224,42,A03,cross-session,AdaBN
114,4,1,0.00040771399994810054,42,A03,cross-session,AdaBN
115,4,1,0.0003750299999865092,42,A03,cross-session,AdaBN
116,4,1,0.00038516699999036064,42,A03,cross-session,AdaBN
117,4,1,0.0003983420000395199,42,A03,cross-session,AdaBN
118,4,1,0.0004015839999738091,42,A03,cross-session,AdaBN
119,4,0,0.00037830500002655754,42,A03,cross-session,AdaBN
120,4,1,0.00040482800000063435,42,A03,cross-session,AdaBN
121,4,1,0.0003832899999451911,42,A03,cross-session,AdaBN
122,4,0,0.00039755699992838345,42,A03,cross-session,AdaBN
123,4,1,0.0003888929999220636,42,A03,cross-session,AdaBN
124,4,1,0.00038133900000048015,42,A03,cross-session,AdaBN
125,4,1,0.0003981789999443208,42,A03,cross-session,AdaBN
126,4,0,0.0003844149999849833,42,A03,cross-session,AdaBN
127,4,1,0.0003954210000074454,42,A03,cross-session,AdaBN
128,4,0,0.00044523700000809185,42,A03,cross-session,AdaBN
129,4,0,0.0004057270000430435,42,A03,cross-session,AdaBN
130,4,1,0.00038907800001197757,42,A03,cross-session,AdaBN
131,4,1,0.0004219690000581977,42,A03,cross-session,AdaBN
132,4,1,0.00038414000005104754,42,A03,cross-session,AdaBN
133,4,1,0.00039165299995147507,42,A03,cross-session,AdaBN
134,4,1,0.00039027399998303736,42,A03,cross-session,AdaBN
135,4,1,0.000384600999950635,42,A03,cross-session,AdaBN
136,4,1,0.00038529399989783997,42,A03,cross-session,AdaBN
137,4,0,0.0003776590000370561,42,A03,cross-session,AdaBN
138,4,0,0.00039677899997059285,42,A03,cross-session,AdaBN
139,4,1,0.00037081599998600723,42,A03,cross-session,AdaBN
140,4,1,0.00040735000004588073,42,A03,cross-session,AdaBN
141,4,0,0.00041383500001757056,42,A03,cross-session,AdaBN
142,4,1,0.0003856729999824893,42,A03,cross-session,AdaBN
143,4,1,0.0003681619999724717,42,A03,cross-session,AdaBN
144,4,0,0.00041225600000416307,42,A03,cross-session,AdaBN
145,4,0,0.0003870740000593287,42,A03,cross-session,AdaBN
146,4,1,0.0004159329999993133,42,A03,cross-session,AdaBN
147,4,0,0.0003653119999853516,42,A03,cross-session,AdaBN
148,4,1,0.0003919810000070356,42,A03,cross-session,AdaBN
149,4,1,0.00038542499999039137,42,A03,cross-session,AdaBN
150,4,0,0.0003752029999759543,42,A03,cross-session,AdaBN
151,4,1,0.0003900760000306036,42,A03,cross-session,AdaBN
152,4,0,0.0003936350000230959,42,A03,cross-session,AdaBN
153,4,1,0.0003970730000446565,42,A03,cross-session,AdaBN
154,4,1,0.00037635099999988597,42,A03,cross-session,AdaBN
155,4,1,0.00039307500003360474,42,A03,cross-session,AdaBN
156,4,1,0.00037437799994677334,42,A03,cross-session,AdaBN
157,4,1,0.0003806510000003982,42,A03,cross-session,AdaBN
158,4,0,0.00038016100006643683,42,A03,cross-session,AdaBN
159,4,1,0.0003842339999664546,42,A03,cross-session,AdaBN
160,4,1,0.00039157200001227466,42,A03,cross-session,AdaBN
161,4,1,0.0003936739999517158,42,A03,cross-session,AdaBN
162,4,1,0.000406873000088126,42,A03,cross-session,AdaBN
163,4,1,0.00038517699999829347,42,A03,cross-session,AdaBN
164,4,0,0.0003936969999358553,42,A03,cross-session,AdaBN
165,4,1,0.0004092120000223076,42,A03,cross-session,AdaBN
166,4,1,0.0004096999999774198,42,A03,cross-session,AdaBN
167,4,1,0.0003820219999397523,42,A03,cross-session,AdaBN
168,4,1,0.00043573100003868603,42,A03,cross-session,AdaBN
169,4,1,0.0003824149999900328,42,A03,cross-session,AdaBN
170,4,1,0.000395345000015368,42,A03,cross-session,AdaBN
171,4,0,0.00038840499996695144,42,A03,cross-session,AdaBN
172,4,1,0.0003960540000207402,42,A03,cross-session,AdaBN
173,4,1,0.0004085849999455604,42,A03,cross-session,AdaBN
174,4,1,0.0003760710000051404,42,A03,cross-session,AdaBN
175,4,1,0.00040746699994542723,42,A03,cross-session,AdaBN
176,4,1,0.0003941579999491296,42,A03,cross-session,AdaBN
177,4,1,0.0003910530000439394,42,A03,cross-session,AdaBN
178,4,1,0.0003752730000314841,42,A03,cross-session,AdaBN
179,4,0,0.0004292950000035489,42,A03,cross-session,AdaBN
180,4,0,0.0003847059999770863,42,A03,cross-session,AdaBN
181,4,0,0.00040140500004781643,42,A03,cross-session,AdaBN
182,4,0,0.0003837900000007721,42,A03,cross-session,AdaBN
183,4,1,0.00037588999998661166,42,A03,cross-session,AdaBN
184,4,1,0.00041456000008111005,42,A03,cross-session,AdaBN
185,4,1,0.00038157400001637143,42,A03,cross-session,AdaBN
186,4,0,0.0003949990000364778,42,A03,cross-session,AdaBN
187,4,1,0.0003799520000029588,42,A03,cross-session,AdaBN
188,4,0,0.00038790500002505723,42,A03,cross-session,AdaBN
189,4,0,0.000367995000033261,42,A03,cross-session,AdaBN
190,4,1,0.0003964049999467534,42,A03,cross-session,AdaBN
191,4,1,0.0004071580000299946,42,A03,cross-session,AdaBN
192,4,0,0.0004381109999940236,42,A03,cross-session,AdaBN
193,4,1,0.0003775970000106099,42,A03,cross-session,AdaBN
194,4,1,0.0003822429999900123,42,A03,cross-session,AdaBN
195,4,0,0.00039490899996508233,42,A03,cross-session,AdaBN
196,4,0,0.0003821220000190806,42,A03,cross-session,AdaBN
197,4,1,0.00041688600003908505,42,A03,cross-session,AdaBN
198,4,0,0.0003979130000288933,42,A03,cross-session,AdaBN
199,4,1,0.0003931370000600509,42,A03,cross-session,AdaBN
200,4,0,0.00037715899998147506,42,A03,cross-session,AdaBN
201,4,1,0.0004018540000743087,42,A03,cross-session,AdaBN
202,4,1,0.0003735110000206987,42,A03,cross-session,AdaBN
203,4,1,0.00038048700002946134,42,A03,cross-session,AdaBN
204,4,1,0.00040822600010415044,42,A03,cross-session,AdaBN
205,4,1,0.00041746199997305666,42,A03,cross-session,AdaBN
206,4,0,0.00040673599994534015,42,A03,cross-session,AdaBN
207,4,1,0.0004310549999217983,42,A03,cross-session,AdaBN
208,4,0,0.0004393780000100378,42,A03,cross-session,AdaBN
209,4,0,0.00038734299994303,42,A03,cross-session,AdaBN
210,4,1,0.00041552300001512776,42,A03,cross-session,AdaBN
211,4,1,0.0003955659999519412,42,A03,cross-session,AdaBN
212,4,1,0.0003845620000220151,42,A03,cross-session,AdaBN
213,4,1,0.00040177099992888543,42,A03,cross-session,AdaBN
214,4,1,0.0003997759999947448,42,A03,cross-session,AdaBN
215,4,0,0.00037700699999732024,42,A03,cross-session,AdaBN
216,4,1,0.0004185889999916981,42,A03,cross-session,AdaBN
217,4,1,0.00037423200001285295,42,A03,cross-session,AdaBN
218,4,1,0.00038928599997234414,42,A03,cross-session,AdaBN
219,4,0,0.0003756329999760055,42,A03,cross-session,AdaBN
220,4,1,0.0004058320000694948,42,A03,cross-session,AdaBN
221,4,1,0.00041586200006804575,42,A03,cross-session,AdaBN
222,4,1,0.0004063530000166793,42,A03,cross-session,AdaBN
223,4,1,0.00038272800009053753,42,A03,cross-session,AdaBN
224,4,1,0.0003740310000921454,42,A03,cross-session,AdaBN
225,4,0,0.00042901900008018856,42,A03,cross-session,AdaBN
226,4,1,0.0004049140000006446,42,A03,cross-session,AdaBN
227,4,1,0.0003940459999967061,42,A03,cross-session,AdaBN
228,4,1,0.0003911560000915415,42,A03,cross-session,AdaBN
229,4,0,0.00038077900001098897,42,A03,cross-session,AdaBN
230,4,1,0.00037732200007667416,42,A03,cross-session,AdaBN
231,4,1,0.00039213399998061504,42,A03,cross-session,AdaBN
232,4,0,0.00037950600005842716,42,A03,cross-session,AdaBN
233,4,1,0.0004008329999578564,42,A03,cross-session,AdaBN
234,4,1,0.00041456700000708224,42,A03,cross-session,AdaBN
235,4,1,0.00039712199998120923,42,A03,cross-session,AdaBN
236,4,1,0.0004421659999707117,42,A03,cross-session,AdaBN
237,4,1,0.0003966090000631084,42,A03,cross-session,AdaBN
238,4,1,0.0004186230000868818,42,A03,cross-session,AdaBN
239,4,0,0.0003895559999591569,42,A03,cross-session,AdaBN
240,4,0,0.0003965050000260817,42,A03,cross-session,AdaBN
241,4,1,0.00038942100002259394,42,A03,cross-session,AdaBN
242,4,1,0.0003912390000095911,42,A03,cross-session,AdaBN
243,4,0,0.00041235599996980454,42,A03,cross-session,AdaBN
244,4,1,0.0003860690000010436,42,A03,cross-session,AdaBN
245,4,1,0.0003858629999058394,42,A03,cross-session,AdaBN
246,4,1,0.00039543400009733887,42,A03,cross-session,AdaBN
247,4,1,0.00038560199993753486,42,A03,cross-session,AdaBN
248,4,0,0.00038214799997149385,42,A03,cross-session,AdaBN
249,4,1,0.0003762569999707921,42,A03,cross-session,AdaBN
250,4,1,0.00040565199992670387,42,A03,cross-session,AdaBN
251,4,1,0.00040918800004874356,42,A03,cross-session,AdaBN
252,4,1,0.00040659699993739196,42,A03,cross-session,AdaBN
253,4,1,0.0004197120000526411,42,A03,cross-session,AdaBN
254,4,1,0.00038383000003250345,42,A03,cross-session,AdaBN
255,4,1,0.00040300099999512895,42,A03,cross-session,AdaBN
256,4,1,0.00038413800007219834,42,A03,cross-session,AdaBN
257,4,1,0.00041692100001000654,42,A03,cross-session,AdaBN
258,4,1,0.0003825410000217744,42,A03,cross-session,AdaBN
259,4,1,0.00042805399993994797,42,A03,cross-session,AdaBN
260,4,0,0.0003884899999775371,42,A03,cross-session,AdaBN
261,4,1,0.00040599299995847105,42,A03,cross-session,AdaBN
262,4,1,0.00039423800001259224,42,A03,cross-session,AdaBN
263,4,0,0.00038183200001640216,42,A03,cross-session,AdaBN
264,4,1,0.0004183849999890299,42,A03,cross-session,AdaBN
265,4,1,0.000415395000004537,42,A03,cross-session,AdaBN
266,4,1,0.00041122599998288933,42,A03,cross-session,AdaBN
267,4,1,0.0003952090000893804,42,A03,cross-session,AdaBN
268,4,0,0.0003958139999440391,42,A03,cross-session,AdaBN
269,4,1,0.00038850999999340274,42,A03,cross-session,AdaBN
270,4,1,0.0003914860000122644,42,A03,cross-session,AdaBN
271,4,1,0.0003917289999435525,42,A03,cross-session,AdaBN
272,4,1,0.00039481899989368685,42,A03,cross-session,AdaBN
273,4,1,0.0003840240000272388,42,A03,cross-session,AdaBN
274,4,1,0.00038507599992954056,42,A03,cross-session,AdaBN
275,4,1,0.0003944009999941045,42,A03,cross-session,AdaBN
276,4,1,0.0004226730000027601,42,A03,cross-session,AdaBN
277,4,0,0.0003968649999706031,42,A03,cross-session,AdaBN
278,4,1,0.0003844629999321114,42,A03,cross-session,AdaBN
279,4,1,0.0003993999999920561,42,A03,cross-session,AdaBN
280,4,1,0.00039139099999374594,42,A03,cross-session,AdaBN
281,4,0,0.0004263030000402068,42,A03,cross-session,AdaBN
282,4,0,0.00039118300003337936,42,A03,cross-session,AdaBN
283,4,0,0.0004002040000159468,42,A03,cross-session,AdaBN
284,4,0,0.00038296999991871417,42,A03,cross-session,AdaBN
285,4,0,0.00043181399996683467,42,A03,cross-session,AdaBN
286,4,1,0.00037851700005830935,42,A03,cross-session,AdaBN
287,4,1,0.0003913150000016685,42,A03,cross-session,AdaBN
0,1,1,0.0012340829999857306,42,A04,cross-session,AdaBN
1,2,0,0.0011201860000937813,42,A04,cross-session,AdaBN
2,3,1,0.0011766359999683118,42,A04,cross-session,AdaBN
3,4,0,0.0011438920000728103,42,A04,cross-session,AdaBN
4,4,0,0.0011255379999965953,42,A04,cross-session,AdaBN
5,4,0,0.0011018210000202089,42,A04,cross-session,AdaBN
6,4,0,0.0010426340001004064,42,A04,cross-session,AdaBN
7,4,0,0.0010601410000390388,42,A04,cross-session,AdaBN
8,4,0,0.0006179099999599202,42,A04,cross-session,AdaBN
9,4,1,0.0004887900000767331,42,A04,cross-session,AdaBN
10,4,0,0.0004390520000470133,42,A04,cross-session,AdaBN
11,4,0,0.00047048999999788066,42,A04,cross-session,AdaBN
12,4,0,0.0004370180000705659,42,A04,cross-session,AdaBN
13,4,1,0.0004709319999847139,42,A04,cross-session,AdaBN
14,4,1,0.0004088240000328369,42,A04,cross-session,AdaBN
15,4,1,0.0005019379999566809,42,A04,cross-session,AdaBN
16,4,0,0.00047446499991110613,42,A04,cross-session,AdaBN
17,4,0,0.00045483200005946856,42,A04,cross-session,AdaBN
18,4,0,0.0003838579999637659,42,A04,cross-session,AdaBN
19,4,0,0.0004410940000525443,42,A04,cross-session,AdaBN
20,4,0,0.00039829999991525256,42,A04,cross-session,AdaBN
21,4,0,0.0004132909999725598,42,A04,cross-session,AdaBN
22,4,1,0.000442056999986562,42,A04,cross-session,AdaBN
23,4,1,0.00045419600007789995,42,A04,cross-session,AdaBN
24,4,1,0.00042460399993160536,42,A04,cross-session,AdaBN
25,4,1,0.0004086899999720117,42,A04,cross-session,AdaBN
26,4,1,0.00037609799994697823,42,A04,cross-session,AdaBN
27,4,0,0.0003841999999849577,42,A04,cross-session,AdaBN
28,4,0,0.0003722149999703106,42,A04,cross-session,AdaBN
29,4,1,0.00043401799996445334,42,A04,cross-session,AdaBN
30,4,0,0.0003689079999276146,42,A04,cross-session,AdaBN
31,4,1,0.00047660999996423925,42,A04,cross-session,AdaBN
32,4,1,0.0004116930000463981,42,A04,cross-session,AdaBN
33,4,0,0.00042033800002627686,42,A04,cross-session,AdaBN
34,4,1,0.0003793109999605804,42,A04,cross-session,AdaBN
35,4,0,0.00043099200001961435,42,A04,cross-session,AdaBN
36,4,1,0.00039912800002639415,42,A04,cross-session,AdaBN
37,4,1,0.0004559440000093673,42,A04,cross-session,AdaBN
38,4,0,0.0003874910000831733,42,A04,cross-session,AdaBN
39,4,1,0.0003973639999230727,42,A04,cross-session,AdaBN
40,4,0,0.0003796610000108558,42,A04,cross-session,AdaBN
41,4,1,0.0003977879999865763,42,A04,cross-session,AdaBN
42,4,1,0.00038432000008015166,42,A04,cross-session,AdaBN
43,4,1,0.0003726009999809321,42,A04,cross-session,AdaBN
44,4,1,0.0003902079999988928,42,A04,cross-session,AdaBN
45,4,1,0.0003742410000313612,42,A04,cross-session,AdaBN
46,4,0,0.0004342419999829872,42,A04,cross-session,AdaBN
47,4,1,0.00037042100007056433,42,A04,cross-session,AdaBN
48,4,1,0.0004049799999847892,42,A04,cross-session,AdaBN
49,4,1,0.00037350499997046427,42,A04,cross-session,AdaBN
50,4,1,0.0004017340000928016,42,A04,cross-session,AdaBN
51,4,1,0.000393663999943783,42,A04,cross-session,AdaBN
52,4,1,0.00041313299993817054,42,A04,cross-session,AdaBN
53,4,0,0.0003838170000562968,42,A04,cross-session,AdaBN
54,4,0,0.00037669799996820075,42,A04,cross-session,AdaBN
55,4,1,0.0004023530000267783,42,A04,cross-session,AdaBN
56,4,0,0.0003742540000075678,42,A04,cross-session,AdaBN
57,4,0,0.0003969449999203789,42,A04,cross-session,AdaBN
58,4,0,0.0003850479999982781,42,A04,cross-session,AdaBN
59,4,1,0.00042761800000334915,42,A04,cross-session,AdaBN
60,4,0,0.0003717800000231364,42,A04,cross-session,AdaBN
61,4,1,0.0004322690000435614,42,A04,cross-session,AdaBN
62,4,0,0.0004123399999116373,42,A04,cross-session,AdaBN
63,4,1,0.00041541600000982726,42,A04,cross-session,AdaBN
64,4,1,0.00038063400006649317,42,A04,cross-session,AdaBN
65,4,0,0.000406882999982372,42,A04,cross-session,AdaBN
66,4,1,0.0004039429999238564,42,A04,cross-session,AdaBN
67,4,0,0.00043051499994817277,42,A04,cross-session,AdaBN
68,4,1,0.0003851780001014049,42,A04,cross-session,AdaBN
69,4,1,0.00039908200005811523,42,A04,cross-session,AdaBN
70,4,0,0.00038770399999066285,42,A04,cross-session,AdaBN
71,4,1,0.0003763039999284956,42,A04,cross-session,AdaBN
72,4,0,0.0004111700000066776,42,A04,cross-session,AdaBN
73,4,0,0.0003750189999891518,42,A04,cross-session,AdaBN
74,4,1,0.00041096099994319957,42,A04,cross-session,AdaBN
75,4,0,0.0003692929999488115,42,A04,cross-session,AdaBN
76,4,1,0.00041480800007320795,42,A04,cross-session,AdaBN
77,4,1,0.00038921300006222737,42,A04,cross-session,AdaBN
78,4,0,0.0004136479999488074,42,A04,cross-session,AdaBN
79,4,1,0.0004030100000136372,42,A04,cross-session,AdaBN
80,4,1,0.0004046700000799319,42,A04,cross-session,AdaBN
81,4,0,0.0004202239999813173,42,A04,cross-session,AdaBN
82,4,0,0.00038715199991656846,42,A04,cross-session,AdaBN
83,4,0,0.0003863059999957841,42,A04,cross-session,AdaBN
84,4,0,0.00037321199999951205,42,A04,cross-session,AdaBN
85,4,1,0.0006509920000326019,42,A04,cross-session,AdaBN
86,4,0,0.0004031870000744675,42,A04,cross-session,AdaBN
87,4,0,0.0003651450000461409,42,A04,cross-session,AdaBN
88,4,1,0.00036146800005099067,42,A04,cross-session,AdaBN
89,4,0,0.00037895399998433277,42,A04,cross-session,AdaBN
90,4,1,0.000356741000018701,42,A04,cross-session,AdaBN
91,4,0,0.0004138809999858495,42,A04,cross-session,AdaBN
92,4,0,0.00038161700001637655,42,A04,cross-session,AdaBN
93,4,0,0.00037419200009480846,42,A04,cross-session,AdaBN
94,4,1,0.00035963300001640164,42,A04,cross-session,AdaBN
95,4,0,0.00039413299998614093,42,A04,cross-session,AdaBN
96,4,0,0.0003977040000791021,42,A04,cross-session,AdaBN
97,4,1,0.0003655630000594101,42,A04,cross-session,AdaBN
98,4,1,0.0003610300000218558,42,A04,cross-session,AdaBN
99,4,0,0.0003552729999682924,42,A04,cross-session,AdaBN
100,4,1,0.00036878200000955985,42,A04,cross-session,AdaBN
101,4,1,0.00035664500001075794,42,A04,cross-session,AdaBN
102,4,0,0.0003641480000169395,42,A04,cross-session,AdaBN
103,4,1,0.0003729070000417778,42,A04,cross-session,AdaBN
104,4,0,0.00036015800003497134,42,A04,cross-session,AdaBN
105,4,0,0.00038351900002453476,42,A04,cross-session,AdaBN
106,4,1,0.000358787999971355,42,A04,cross-session,AdaBN
107,4,0,0.0004008739999790123,42,A04,cross-session,AdaBN
108,4,1,0.00038618999997197534,42,A04,cross-session,AdaBN
109,4,0,0.00037011400002029404,42,A04,cross-session,AdaBN
110,4,0,0.0003658420000647311,42,A04,cross-session,AdaBN
111,4,1,0.0003749129999732759,42,A04,cross-session,AdaBN
112,4,0,0.0003997540000000299,42,A04,cross-session,AdaBN
113,4,0,0.0004206789999443572,42,A04,cross-session,AdaBN
114,4,0,0.00040914700002758764,42,A04,cross-session,AdaBN
115,4,1,0.00036365300002216827,42,A04,cross-session,AdaBN
116,4,0,0.0003915190000043367,42,A04,cross-session,AdaBN
117,4,0,0.00035371700005271123,42,A04,cross-session,AdaBN
118,4,0,0.00039451899999676243,42,A04,cross-session,AdaBN
119,4,0,0.00036548399998537207,42,A04,cross-session,AdaBN
120,4,0,0.0003594400000110909,42,A04,cross-session,AdaBN
121,4,1,0.000375372000007701,42,A04,cross-session,AdaBN
122,4,1,0.0003639100000327744,42,A04,cross-session,AdaBN
123,4,1,0.0003926080000837828,42,A04,cross-session,AdaBN
124,4,0,0.00035770900001352857,42,A04,cross-session,AdaBN
125,4,0,0.000371223000001919,42,A04,cross-session,AdaBN
126,4,1,0.00035825400004796393,42,A04,cross-session,AdaBN
127,4,1,0.00040421099993181997,42,A04,cross-session,AdaBN
128,4,1,0.0003796920000240789,42,A04,cross-session,AdaBN
129,4,1,0.000363843999934943,42,A04,cross-session,AdaBN
130,4,0,0.0004002990000344653,42,A04,cross-session,AdaBN
131,4,0,0.0003636300000380288,42,A04,cross-session,AdaBN
132,4,0,0.00038907500004370377,42,A04,cross-session,AdaBN
133,4,0,0.0003633169999375241,42,A04,cross-session,AdaBN
134,4,1,0.0003715000000283908,42,A04,cross-session,AdaBN
135,4,1,0.0003593059999502657,42,A04,cross-session,AdaBN
136,4,1,0.0003615580000086993,42,A04,cross-session,AdaBN
137,4,0,0.0003712309999173158,42,A04,cross-session,AdaBN
138,4,1,0.0003611649999584188,42,A04,cross-session,AdaBN
139,4,1,0.0003773459999365514,42,A04,cross-session,AdaBN
140,4,1,0.00035692300002665434,42,A04,cross-session,AdaBN
141,4,0,0.00036315499994543643,42,A04,cross-session,AdaBN
142,4,0,0.0003566359999922497,42,A04,cross-session,AdaBN
143,4,1,0.0004111960000727777,42,A04,cross-session,AdaBN
144,4,1,0.0003795190000346338,42,A04,cross-session,AdaBN
145,4,1,0.0003545509999867136,42,A04,cross-session,AdaBN
146,4,1,0.00036216400008015626,42,A04,cross-session,AdaBN
147,4,1,0.00036001800003759854,42,A04,cross-session,AdaBN
148,4,0,0.00036509300002762757,42,A04,cross-session,AdaBN
149,4,0,0.00037208899993856903,42,A04,cross-session,AdaBN
150,4,0,0.00036730099998294463,42,A04,cross-session,AdaBN
151,4,1,0.00036783999996714556,42,A04,cross-session,AdaBN
152,4,0,0.0003557160000582371,42,A04,cross-session,AdaBN
153,4,0,0.0003652850000435137,42,A04,cross-session,AdaBN
154,4,1,0.0003601370000296811,42,A04,cross-session,AdaBN
155,4,1,0.00036779100003059284,42,A04,cross-session,AdaBN
156,4,0,0.0003580250000823071,42,A04,cross-session,AdaBN
157,4,0,0.00036340600001949497,42,A04,cross-session,AdaBN
158,4,0,0.0003808369999660499,42,A04,cross-session,AdaBN
159,4,0,0.00038362399993729923,42,A04,cross-session,AdaBN
160,4,1,0.0003889989999379395,42,A04,cross-session,AdaBN
161,4,0,0.00036055800001122407,42,A04,cross-session,AdaBN
162,4,0,0.0003669010000066919,42,A04,cross-session,AdaBN
163,4,0,0.0003544559999681951,42,A04,cross-session,AdaBN
164,4,0,0.00035444699994968687,42,A04,cross-session,AdaBN
165,4,0,0.0003666160000648233,42,A04,cross-session,AdaBN
166,4,0,0.0003602189999583061,42,A04,cross-session,AdaBN
167,4,1,0.00039140199999110337,42,A04,cross-session,AdaBN
168,4,1,0.00035848300001362077,42,A04,cross-session,AdaBN
169,4,1,0.00036298299994541594,42,A04,cross-session,AdaBN
170,4,0,0.00035771000000295317,42,A04,cross-session,AdaBN
171,4,1,0.00035787800004527526,42,A04,cross-session,AdaBN
172,4,0,0.0003612970000403948,42,A04,cross-session,AdaBN
173,4,1,0.000363208999942799,42,A04,cross-session,AdaBN
174,4,0,0.00038374900009330304,42,A04,cross-session,AdaBN
175,4,1,0.00038989099994068965,42,A04,cross-session,AdaBN
176,4,1,0.0003819810000322832,42,A04,cross-session,AdaBN
177,4,0,0.000362439000014092,42,A04,cross-session,AdaBN
178,4,0,0.00036536599998271413,42,A04,cross-session,AdaBN
179,4,0,0.00037975700001879886,42,A04,cross-session,AdaBN
180,4,1,0.0003603339999926902,42,A04,cross-session,AdaBN
181,4,0,0.00038102700000308687,42,A04,cross-session,AdaBN
182,4,0,0.0003582609999739361,42,A04,cross-session,AdaBN
183,4,1,0.00039754900001298665,42,A04,cross-session,AdaBN
184,4,1,0.00036941899998055305,42,A04,cross-session,AdaBN
185,4,1,0.0003667600000198945,42,A04,cross-session,AdaBN
186,4,0,0.00036853300002803735,42,A04,cross-session,AdaBN
187,4,1,0.0003669029999855411,42,A04,cross-session,AdaBN
188,4,1,0.0003763550000712712,42,A04,cross-session,AdaBN
189,4,1,0.0003596830000560658,42,A04,cross-session,AdaBN
190,4,0,0.0004149110000071232,42,A04,cross-session,AdaBN
191,4,0,0.00038302200005091436,42,A04,cross-session,AdaBN
192,4,0,0.0003763349999417187,42,A04,cross-session,AdaBN
193,4,1,0.000382344999934503,42,A04,cross-session,AdaBN
194,4,0,0.0003612519999478536,42,A04,cross-session,AdaBN
195,4,0,0.00036181799998757924,42,A04,cross-session,AdaBN
196,4,0,0.00036652400001457863,42,A04,cross-session,AdaBN
197,4,0,0.000382202999958281,42,A04,cross-session,AdaBN
198,4,0,0.0003714050000098723,42,A04,cross-session,AdaBN
199,4,0,0.00036664799995378416,42,A04,cross-session,AdaBN
200,4,0,0.0003743529999837847,42,A04,cross-session,AdaBN
201,4,0,0.00037532600003942207,42,A04,cross-session,AdaBN
202,4,1,0.00036671299994850415,42,A04,cross-session,AdaBN
203,4,0,0.00036094300003242097,42,A04,cross-session,AdaBN
204,4,0,0.0003739349999705155,42,A04,cross-session,AdaBN
205,4,1,0.00036597299992990884,42,A04,cross-session,AdaBN
206,4,1,0.0004083510000327806,42,A04,cross-session,AdaBN
207,4,0,0.0004104839999854448,42,A04,cross-session,AdaBN
208,4,0,0.0003986909999866839,42,A04,cross-session,AdaBN
209,4,1,0.0003717450000522149,42,A04,cross-session,AdaBN
210,4,1,0.0003596649999053625,42,A04,cross-session,AdaBN
211,4,1,0.0003957320000154141,42,A04,cross-session,AdaBN
212,4,1,0.00035992300001908006,42,A04,cross-session,AdaBN
213,4,1,0.00038814800007003214,42,A04,cross-session,AdaBN
214,4,0,0.0003650370000514158,42,A04,cross-session,AdaBN
215,4,1,0.0003970539999045286,42,A04,cross-session,AdaBN
216,4,1,0.0003582979999237068,42,A04,cross-session,AdaBN
217,4,0,0.00037040699999124627,42,A04,cross-session,AdaBN
218,4,1,0.00037598500000513013,42,A04,cross-session,AdaBN
219,4,0,0.0003638470000169036,42,A04,cross-session,AdaBN
220,4,1,0.00039024499994866346,42,A04,cross-session,AdaBN
221,4,1,0.00035625300006358884,42,A04,cross-session,AdaBN
222,4,1,0.0004304459999957544,42,A04,cross-session,AdaBN
223,4,1,0.0003664409999828422,42,A04,cross-session,AdaBN
224,4,1,0.00037975400005052506,42,A04,cross-session,AdaBN
225,4,1,0.0003756750001002729,42,A04,cross-session,AdaBN
226,4,0,0.0003720109999676424,42,A04,cross-session,AdaBN
227,4,0,0.0003672430000278837,42,A04,cross-session,AdaBN
228,4,1,0.0003773350000528808,42,A04,cross-session,AdaBN
229,4,1,0.0003831329999002264,42,A04,cross-session,AdaBN
230,4,0,0.00035809600001357467,42,A04,cross-session,AdaBN
231,4,0,0.0003721799999993891,42,A04,cross-session,AdaBN
232,4,1,0.00036561299998538743,42,A04,cross-session,AdaBN
233,4,1,0.00036585999998806074,42,A04,cross-session,AdaBN
234,4,0,0.00036983699999382225,42,A04,cross-session,AdaBN
235,4,1,0.000365452999972149,42,A04,cross-session,AdaBN
236,4,1,0.00039412700004959333,42,A04,cross-session,AdaBN
237,4,0,0.0003801660000135598,42,A04,cross-session,AdaBN
238,4,0,0.00040010500003972993,42,A04,cross-session,AdaBN
239,4,0,0.0003765849999126658,42,A04,cross-session,AdaBN
240,4,1,0.0003677750000861124,42,A04,cross-session,AdaBN
241,4,1,0.0003653219999932844,42,A04,cross-session,AdaBN
242,4,0,0.00036125500002981425,42,A04,cross-session,AdaBN
243,4,0,0.0003877520000514778,42,A04,cross-session,AdaBN
244,4,0,0.0003674639999644569,42,A04,cross-session,AdaBN
245,4,1,0.0003717450000522149,42,A04,cross-session,AdaBN
246,4,1,0.00036368899998251436,42,A04,cross-session,AdaBN
247,4,0,0.00037193900004695024,42,A04,cross-session,AdaBN
248,4,0,0.00035848100003477157,42,A04,cross-session,AdaBN
249,4,0,0.00035706300002402713,42,A04,cross-session,AdaBN
250,4,0,0.0003977439999971466,42,A04,cross-session,AdaBN
251,4,1,0.0003594199999952252,42,A04,cross-session,AdaBN
252,4,0,0.00041407499998058483,42,A04,cross-session,AdaBN
253,4,0,0.000394933999928071,42,A04,cross-session,AdaBN
254,4,0,0.0003932470000336252,42,A04,cross-session,AdaBN
255,4,0,0.00036217299998497765,42,A04,cross-session,AdaBN
256,4,1,0.00038984399998298613,42,A04,cross-session,AdaBN
257,4,1,0.00036987299995416834,42,A04,cross-session,AdaBN
258,4,1,0.0003636399999322748,42,A04,cross-session,AdaBN
259,4,0,0.00041228099996715173,42,A04,cross-session,AdaBN
260,4,1,0.0003615720000880174,42,A04,cross-session,AdaBN
261,4,1,0.0004112899999881847,42,A04,cross-session,AdaBN
262,4,0,0.0003642540000328154,42,A04,cross-session,AdaBN
263,4,0,0.0003726039999492059,42,A04,cross-session,AdaBN
264,4,1,0.00037384300003395765,42,A04,cross-session,AdaBN
265,4,1,0.000368283999932828,42,A04,cross-session,AdaBN
266,4,1,0.0003748560000076395,42,A04,cross-session,AdaBN
267,4,0,0.0003652540000302906,42,A04,cross-session,AdaBN
268,4,1,0.0004285150000669091,42,A04,cross-session,AdaBN
269,4,0,0.0003974979999838979,42,A04,cross-session,AdaBN
270,4,0,0.00044091399990975333,42,A04,cross-session,AdaBN
271,4,1,0.0004067799999347699,42,A04,cross-session,AdaBN
272,4,0,0.00042044600002100196,42,A04,cross-session,AdaBN
273,4,1,0.00037898499999755586,42,A04,cross-session,AdaBN
274,4,0,0.00040739799999300885,42,A04,cross-session,AdaBN
275,4,0,0.00037036599997009034,42,A04,cross-session,AdaBN
276,4,0,0.0003947550000020783,42,A04,cross-session,AdaBN
277,4,1,0.00036399800001163385,42,A04,cross-session,AdaBN
278,4,0,0.0003954200000180208,42,A04,cross-session,AdaBN
279,4,1,0.0003935790000468842,42,A04,cross-session,AdaBN
280,4,0,0.0003625660000352582,42,A04,cross-session,AdaBN
281,4,1,0.0004094790000408466,42,A04,cross-session,AdaBN
282,4,0,0.00037564699994163675,42,A04,cross-session,AdaBN
283,4,0,0.00038973599998826103,42,A04,cross-session,AdaBN
284,4,1,0.000368211999898449,42,A04,cross-session,AdaBN
285,4,0,0.0003750019999415599,42,A04,cross-session,AdaBN
286,4,0,0.00037567299989405,42,A04,cross-session,AdaBN
287,4,1,0.0003644079999958194,42,A04,cross-session,AdaBN
0,1,1,0.0006865429999152184,42,A05,cross-session,AdaBN
1,2,0,0.0006031609999581633,42,A05,cross-session,AdaBN
2,3,0,0.0005988330000263886,42,A05,cross-session,AdaBN
3,4,1,0.0005592940000269664,42,A05,cross-session,AdaBN
4,4,0,0.000612262999993618,42,A05,cross-session,AdaBN
5,4,0,0.00129361599999811,42,A05,cross-session,AdaBN
6,4,1,0.0011660159999564712,42,A05,cross-session,AdaBN
7,4,0,0.0011100890000079744,42,A05,cross-session,AdaBN
8,4,1,0.0011033900000256835,42,A05,cross-session,AdaBN
9,4,0,0.0010335350000332255,42,A05,cross-session,AdaBN
10,4,0,0.0010912660000030883,42,A05,cross-session,AdaBN
11,4,0,0.0010431150000158596,42,A05,cross-session,AdaBN
12,4,0,0.0010551149999855625,42,A05,cross-session,AdaBN
13,4,0,0.0011087819999602289,42,A05,cross-session,AdaBN
14,4,0,0.0005607850000615144,42,A05,cross-session,AdaBN
15,4,0,0.0004598989999067271,42,A05,cross-session,AdaBN
16,4,0,0.0003700989999515514,42,A05,cross-session,AdaBN
17,4,0,0.00041926399990188656,42,A05,cross-session,AdaBN
18,4,0,0.00038087699999778124,42,A05,cross-session,AdaBN
19,4,0,0.0003918620000149531,42,A05,cross-session,AdaBN
20,4,1,0.0003991459999497238,42,A05,cross-session,AdaBN
21,4,1,0.00041617700003371283,42,A05,cross-session,AdaBN
22,4,0,0.00040289399998982844,42,A05,cross-session,AdaBN
23,4,1,0.0004252129999713361,42,A05,cross-session,AdaBN
24,4,0,0.0003768870000158131,42,A05,cross-session,AdaBN
25,4,0,0.0004005059998917204,42,A05,cross-session,AdaBN
26,4,0,0.00038104500004010333,42,A05,cross-session,AdaBN
27,4,1,0.00035825300005853933,42,A05,cross-session,AdaBN
28,4,1,0.0004004440000926479,42,A05,cross-session,AdaBN
29,4,0,0.0003608120000535564,42,A05,cross-session,AdaBN
30,4,0,0.00037552600008439185,42,A05,cross-session,AdaBN
31,4,0,0.00035977499999262363,42,A05,cross-session,AdaBN
32,4,0,0.00036248799995064473,42,A05,cross-session,AdaBN
33,4,0,0.00037944099995002034,42,A05,cross-session,AdaBN
34,4,1,0.00036125500002981425,42,A05,cross-session,AdaBN
35,4,0,0.00038957699996444717,42,A05,cross-session,AdaBN
36,4,0,0.00043505299993285007,42,A05,cross-session,AdaBN
37,4,0,0.00038649800001167023,42,A05,cross-session,AdaBN
38,4,0,0.000366734999943219,42,A05,cross-session,AdaBN
39,4,0,0.00042638399997940724,42,A05,cross-session,AdaBN
40,4,0,0.00038373500001398497,42,A05,cross-session,AdaBN
41,4,0,0.0003990099999100494,42,A05,cross-session,AdaBN
42,4,0,0.00036703599994325486,42,A05,cross-session,AdaBN
43,4,1,0.00036759099998562306,42,A05,cross-session,AdaBN
44,4,0,0.00037037899994629697,42,A05,cross-session,AdaBN
45,4,1,0.00036050900007467135,42,A05,cross-session,AdaBN
46,4,0,0.0003788919999578866,42,A05,cross-session,AdaBN
47,4,0,0.0003576850000399645,42,A05,cross-session,AdaBN
48,4,0,0.00037104399996223947,42,A05,cross-session,AdaBN
49,4,0,0.0003609259999848291,42,A05,cross-session,AdaBN
50,4,1,0.0003636359999745764,42,A05,cross-session,AdaBN
51,4,0,0.00038295599995308294,42,A05,cross-session,AdaBN
52,4,0,0.0003717780000442872,42,A05,cross-session,AdaBN
53,4,1,0.00038634700001694,42,A05,cross-session,AdaBN
54,4,0,0.000382477000016479,42,A05,cross-session,AdaBN
55,4,1,0.0003998490000185484,42,A05,cross-session,AdaBN
56,4,0,0.0003631040000300345,42,A05,cross-session,AdaBN
57,4,0,0.0003840599999875849,42,A05,cross-session,AdaBN
58,4,0,0.0003687989999434649,42,A05,cross-session,AdaBN
59,4,0,0.00036058800003502256,42,A05,cross-session,AdaBN
60,4,0,0.00038084000004801055,42,A05,cross-session,AdaBN
61,4,0,0.0003671120000490191,42,A05,cross-session,AdaBN
62,4,1,0.00041566200002307596,42,A05,cross-session,AdaBN
63,4,0,0.0003722070000549138,42,A05,cross-session,AdaBN
64,4,0,0.0003709750000098211,42,A05,cross-session,AdaBN
65,4,1,0.00035872799992375803,42,A05,cross-session,AdaBN
66,4,0,0.0004054350000615159,42,A05,cross-session,AdaBN
67,4,0,0.00038633899998785637,42,A05,cross-session,AdaBN
68,4,0,0.00036104599996633624,42,A05,cross-session,AdaBN
69,4,0,0.00038067399998453766,42,A05,cross-session,AdaBN
70,4,0,0.0003650799999377341,42,A05,cross-session,AdaBN
71,4,0,0.0003989509999655638,42,A05,cross-session,AdaBN
72,4,1,0.0003750170000103026,42,A05,cross-session,AdaBN
73,4,1,0.00038298999993457983,42,A05,cross-session,AdaBN
74,4,0,0.0003606340000033015,42,A05,cross-session,AdaBN
75,4,0,0.00036864000003333786,42,A05,cross-session,AdaBN
76,4,1,0.00037324900006296957,42,A05,cross-session,AdaBN
77,4,1,0.0003606429999081229,42,A05,cross-session,AdaBN
78,4,1,0.0003923980000308802,42,A05,cross-session,AdaBN
79,4,0,0.00038310499996896397,42,A05,cross-session,AdaBN
80,4,1,0.0003913809999858131,42,A05,cross-session,AdaBN
81,4,1,0.0003946089999544711,42,A05,cross-session,AdaBN
82,4,0,0.00040759400008028024,42,A05,cross-session,AdaBN
83,4,0,0.00038632500002222514,42,A05,cross-session,AdaBN
84,4,0,0.0004009040000028108,42,A05,cross-session,AdaBN
85,4,1,0.00038739499996154336,42,A05,cross-session,AdaBN
86,4,1,0.0004279869999663788,42,A05,cross-session,AdaBN
87,4,0,0.0004414859999997134,42,A05,cross-session,AdaBN
88,4,0,0.00039811399994960084,42,A05,cross-session,AdaBN
89,4,1,0.000400687000023936,42,A05,cross-session,AdaBN
90,4,1,0.00037982499998179264,42,A05,cross-session,AdaBN
91,4,0,0.00040974400008053635,42,A05,cross-session,AdaBN
92,4,1,0.0003764030000183993,42,A05,cross-session,AdaBN
93,4,0,0.0003961150000577618,42,A05,cross-session,AdaBN
94,4,0,0.0003881019999880664,42,A05,cross-session,AdaBN
95,4,0,0.0003855819999216692,42,A05,cross-session,AdaBN
96,4,0,0.0004113139999617488,42,A05,cross-session,AdaBN
97,4,1,0.0003966929999705826,42,A05,cross-session,AdaBN
98,4,1,0.0003901660001019991,42,A05,cross-session,AdaBN
99,4,0,0.0003794479999896794,42,A05,cross-session,AdaBN
100,4,0,0.0003915480000387106,42,A05,cross-session,AdaBN
101,4,0,0.00040289300000040384,42,A05,cross-session,AdaBN
102,4,0,0.0004272080000191636,42,A05,cross-session,AdaBN
103,4,0,0.00041070299994316883,42,A05,cross-session,AdaBN
104,4,0,0.0004079130000036457,42,A05,cross-session,AdaBN
105,4,0,0.0003733099999863043,42,A05,cross-session,AdaBN
106,4,0,0.0004089830000566508,42,A05,cross-session,AdaBN
107,4,1,0.0003725910000866861,42,A05,cross-session,AdaBN
108,4,0,0.0004004549999763185,42,A05,cross-session,AdaBN
109,4,0,0.0003830829999742491,42,A05,cross-session,AdaBN
110,4,1,0.00038964399993801635,42,A05,cross-session,AdaBN
111,4,1,0.00044013100000483973,42,A05,cross-session,AdaBN
112,4,0,0.00038794700003563776,42,A05,cross-session,AdaBN
113,4,0,0.00039050100008353184,42,A05,cross-session,AdaBN
114,4,0,0.0003849710000167761,42,A05,cross-session,AdaBN
115,4,1,0.0003983699999707824,42,A05,cross-session,AdaBN
116,4,1,0.00038436299996646994,42,A05,cross-session,AdaBN
117,4,1,0.0003988729999946372,42,A05,cross-session,AdaBN
118,4,1,0.0003851840000379525,42,A05,cross-session,AdaBN
119,4,1,0.0004017460000795836,42,A05,cross-session,AdaBN
120,4,0,0.000376293000044825,42,A05,cross-session,AdaBN
121,4,0,0.0003868439999905604,42,A05,cross-session,AdaBN
122,4,0,0.0003869750000831118,42,A05,cross-session,AdaBN
123,4,0,0.00040510300004825694,42,A05,cross-session,AdaBN
124,4,0,0.00038949300005697296,42,A05,cross-session,AdaBN
125,4,1,0.000376848999962931,42,A05,cross-session,AdaBN
126,4,0,0.0004048129999318917,42,A05,cross-session,AdaBN
127,4,0,0.0003791479999790681,42,A05,cross-session,AdaBN
128,4,1,0.00042511200001627003,42,A05,cross-session,AdaBN
129,4,0,0.00038675799999055016,42,A05,cross-session,AdaBN
130,4,0,0.000415476999933162,42,A05,cross-session,AdaBN
131,4,1,0.00043348500003048684,42,A05,cross-session,AdaBN
132,4,1,0.0004108220000489382,42,A05,cross-session,AdaBN
133,4,0,0.0004047370000535011,42,A05,cross-session,AdaBN
134,4,0,0.00040958499994303565,42,A05,cross-session,AdaBN
135,4,1,0.0003860910001094453,42,A05,cross-session,AdaBN
136,4,0,0.0003897510000570037,42,A05,cross-session,AdaBN
137,4,0,0.0004159259999596543,42,A05,cross-session,AdaBN
138,4,0,0.00040119200002664,42,A05,cross-session,AdaBN
139,4,1,0.00038762500003031164,42,A05,cross-session,AdaBN
140,4,0,0.0003845979999823612,42,A05,cross-session,AdaBN
141,4,0,0.0004088420000698534,42,A05,cross-session,AdaBN
142,4,1,0.0003792520000160948,42,A05,cross-session,AdaBN
143,4,0,0.00041345299996464746,42,A05,cross-session,AdaBN
144,4,0,0.0004196840000076918,42,A05,cross-session,AdaBN
145,4,1,0.0004238770000029035,42,A05,cross-session,AdaBN
146,4,0,0.0004265800000666786,42,A05,cross-session,AdaBN
147,4,1,0.0004194449999204153,42,A05,cross-session,AdaBN
148,4,0,0.0003644820000090476,42,A05,cross-session,AdaBN
149,4,1,0.0003985470000316127,42,A05,cross-session,AdaBN
150,4,0,0.00039710199996534357,42,A05,cross-session,AdaBN
151,4,0,0.00038567599995076307,42,A05,cross-session,AdaBN
152,4,0,0.00039386000003105437,42,A05,cross-session,AdaBN
153,4,1,0.0003741049999916868,42,A05,cross-session,AdaBN
154,4,0,0.0003925710000203253,42,A05,cross-session,AdaBN
155,4,0,0.00038866299996698217,42,A05,cross-session,AdaBN
156,4,0,0.00040588299998489674,42,A05,cross-session,AdaBN
157,4,1,0.000369274999911795,42,A05,cross-session,AdaBN
158,4,0,0.0004042760000402268,42,A05,cross-session,AdaBN
159,4,0,0.00037490599993361684,42,A05,cross-session,AdaBN
160,4,0,0.00039364700000987796,42,A05,cross-session,AdaBN
161,4,0,0.0004050249999636435,42,A05,cross-session,AdaBN
162,4,0,0.0004105740000568403,42,A05,cross-session,AdaBN
163,4,0,0.00040514300007998827,42,A05,cross-session,AdaBN
164,4,0,0.00039203500000439817,42,A05,cross-session,AdaBN
165,4,0,0.0003830889999107967,42,A05,cross-session,AdaBN
166,4,0,0.0003860210000539155,42,A05,cross-session,AdaBN
167,4,0,0.0004027659999792377,42,A05,cross-session,AdaBN
168,4,0,0.00038083900005858595,42,A05,cross-session,AdaBN
169,4,0,0.00041312899998047214,42,A05,cross-session,AdaBN
170,4,1,0.0003900350000094477,42,A05,cross-session,AdaBN
171,4,0,0.00041439599999648635,42,A05,cross-session,AdaBN
172,4,0,0.00039741399996273685,42,A05,cross-session,AdaBN
173,4,1,0.0003951099999994767,42,A05,cross-session,AdaBN
174,4,0,0.0003861620000407129,42,A05,cross-session,AdaBN
175,4,0,0.0004393809999783116,42,A05,cross-session,AdaBN
176,4,0,0.0003963369999837596,42,A05,cross-session,AdaBN
177,4,0,0.0003974960000050487,42,A05,cross-session,AdaBN
178,4,0,0.0003877329999113499,42,A05,cross-session,AdaBN
179,4,1,0.0003821669999979349,42,A05,cross-session,AdaBN
180,4,1,0.0004138919999832069,42,A05,cross-session,AdaBN
181,4,1,0.0003861689999666851,42,A05,cross-session,AdaBN
182,4,1,0.00041382500000963773,42,A05,cross-session,AdaBN
183,4,0,0.0004024389999131017,42,A05,cross-session,AdaBN
184,4,0,0.00040744599994013697,42,A05,cross-session,AdaBN
185,4,0,0.0003954689999545735,42,A05,cross-session,AdaBN
186,4,0,0.00040977800006203324,42,A05,cross-session,AdaBN
187,4,0,0.00041524599998865597,42,A05,cross-session,AdaBN
188,4,0,0.00039527299998098897,42,A05,cross-session,AdaBN
189,4,0,0.0003867300000592877,42,A05,cross-session,AdaBN
190,4,0,0.0004277960000536041,42,A05,cross-session,AdaBN
191,4,0,0.0003974339999786025,42,A05,cross-session,AdaBN
192,4,1,0.0003882229999589981,42,A05,cross-session,AdaBN
193,4,0,0.00039427399997293833,42,A05,cross-session,AdaBN
194,4,0,0.00039470100000471575,42,A05,cross-session,AdaBN
195,4,0,0.0003971539999838569,42,A05,cross-session,AdaBN
196,4,0,0.00037741199992069596,42,A05,cross-session,AdaBN
197,4,0,0.00039333899997018307,42,A05,cross-session,AdaBN
198,4,0,0.0003841190000457573,42,A05,cross-session,AdaBN
199,4,0,0.0003877949999377961,42,A05,cross-session,AdaBN
200,4,1,0.0003944339999861768,42,A05,cross-session,AdaBN
201,4,1,0.0003878079999140027,42,A05,cross-session,AdaBN
202,4,0,0.00039735299992571527,42,A05,cross-session,AdaBN
203,4,1,0.0003899630000887555,42,A05,cross-session,AdaBN
204,4,0,0.0004009040000028108,42,A05,cross-session,AdaBN
205,4,0,0.00039803300001040043,42,A05,cross-session,AdaBN
206,4,0,0.00043179800002235424,42,A05,cross-session,AdaBN
207,4,0,0.0003946229999201023,42,A05,cross-session,AdaBN
208,4,0,0.00041277600007560977,42,A05,cross-session,AdaBN
209,4,1,0.0003861000000142667,42,A05,cross-session,AdaBN
210,4,1,0.00040230199999768956,42,A05,cross-session,AdaBN
211,4,0,0.00038161899999522575,42,A05,cross-session,AdaBN
212,4,0,0.00040416499996354105,42,A05,cross-session,AdaBN
213,4,0,0.00039906599999994796,42,A05,cross-session,AdaBN
214,4,0,0.000453303999961463,42,A05,cross-session,AdaBN
215,4,0,0.0003932360000362678,42,A05,cross-session,AdaBN
216,4,1,0.00041751400010525686,42,A05,cross-session,AdaBN
217,4,0,0.0004165989998909936,42,A05,cross-session,AdaBN
218,4,0,0.00039304899996750464,42,A05,cross-session,AdaBN
219,4,1,0.0003856879999375451,42,A05,cross-session,AdaBN
220,4,0,0.00039308800000981137,42,A05,cross-session,AdaBN
221,4,0,0.00040209199994478695,42,A05,cross-session,AdaBN
222,4,0,0.00040381999997407547,42,A05,cross-session,AdaBN
223,4,0,0.00038960200004112266,42,A05,cross-session,AdaBN
224,4,1,0.00038169599997672776,42,A05,cross-session,AdaBN
225,4,0,0.00041351200002281985,42,A05,cross-session,AdaBN
226,4,0,0.0004094519999853219,42,A05,cross-session,AdaBN
227,4,0,0.00039713099999971746,42,A05,cross-session,AdaBN
228,4,0,0.00041752499998892745,42,A05,cross-session,AdaBN
229,4,0,0.00041008900007000193,42,A05,cross-session,AdaBN
230,4,0,0.00038556200001949037,42,A05,cross-session,AdaBN
231,4,1,0.0004188469999917288,42,A05,cross-session,AdaBN
232,4,0,0.000380649000021549,42,A05,cross-session,AdaBN
233,4,1,0.00038341499998750805,42,A05,cross-session,AdaBN
234,4,0,0.000389165999990837,42,A05,cross-session,AdaBN
235,4,0,0.00039627800003927405,42,A05,cross-session,AdaBN
236,4,0,0.0004072730000643787,42,A05,cross-session,AdaBN
237,4,0,0.00042294399997899745,42,A05,cross-session,AdaBN
238,4,0,0.0004490510000323411,42,A05,cross-session,AdaBN
239,4,0,0.00036783600000944716,42,A05,cross-session,AdaBN
240,4,0,0.0004000260000793787,42,A05,cross-session,AdaBN
241,4,0,0.00037742200004231563,42,A05,cross-session,AdaBN
242,4,0,0.0004020979999950214,42,A05,cross-session,AdaBN
243,4,1,0.0003728450000153316,42,A05,cross-session,AdaBN
244,4,1,0.0004086010000037277,42,A05,cross-session,AdaBN
245,4,0,0.0004196510000156195,42,A05,cross-session,AdaBN
246,4,0,0.0003923660000282325,42,A05,cross-session,AdaBN
247,4,0,0.0004081470000301124,42,A05,cross-session,AdaBN
248,4,1,0.0004138839999541233,42,A05,cross-session,AdaBN
249,4,1,0.000371376999964923,42,A05,cross-session,AdaBN
250,4,0,0.000408924999987903,42,A05,cross-session,AdaBN
251,4,0,0.00039709399993625993,42,A05,cross-session,AdaBN
252,4,0,0.00039390099993852346,42,A05,cross-session,AdaBN
253,4,0,0.0004134280000016588,42,A05,cross-session,AdaBN
254,4,0,0.0003720990000601887,42,A05,cross-session,AdaBN
255,4,0,0.0004103690000647475,42,A05,cross-session,AdaBN
256,4,0,0.00038201599988951784,42,A05,cross-session,AdaBN
257,4,0,0.0003881059999457648,42,A05,cross-session,AdaBN
258,4,0,0.0003970000000208529,42,A05,cross-session,AdaBN
259,4,1,0.00040128499995262246,42,A05,cross-session,AdaBN
260,4,1,0.00039620400002604583,42,A05,cross-session,AdaBN
261,4,0,0.0003759690000606497,42,A05,cross-session,AdaBN
262,4,0,0.0003998999999339503,42,A05,cross-session,AdaBN
263,4,0,0.00037608700006330764,42,A05,cross-session,AdaBN
264,4,0,0.0004073439999956463,42,A05,cross-session,AdaBN
265,4,0,0.00041929199994683586,42,A05,cross-session,AdaBN
266,4,0,0.00042170100005023414,42,A05,cross-session,AdaBN
267,4,1,0.00040092599999752565,42,A05,cross-session,AdaBN
268,4,0,0.0004294689999824186,42,A05,cross-session,AdaBN
269,4,0,0.00038964599991686555,42,A05,cross-session,AdaBN
270,4,0,0.00039826499994433107,42,A05,cross-session,AdaBN
271,4,0,0.00037658600001577724,42,A05,cross-session,AdaBN
272,4,1,0.0004017249999606065,42,A05,cross-session,AdaBN
273,4,1,0.00043141399999058194,42,A05,cross-session,AdaBN
274,4,0,0.0004318599999351136,42,A05,cross-session,AdaBN
275,4,1,0.00043054200000369747,42,A05,cross-session,AdaBN
276,4,0,0.00040774600006443507,42,A05,cross-session,AdaBN
277,4,0,0.00039866899999196903,42,A05,cross-session,AdaBN
278,4,0,0.0003738210000392428,42,A05,cross-session,AdaBN
279,4,0,0.00042838900003516756,42,A05,cross-session,AdaBN
280,4,0,0.00039364700000987796,42,A05,cross-session,AdaBN
281,4,0,0.00040623999996114435,42,A05,cross-session,AdaBN
282,4,1,0.00040914200008046464,42,A05,cross-session,AdaBN
283,4,0,0.0003990400000475347,42,A05,cross-session,AdaBN
284,4,0,0.00037507499996536353,42,A05,cross-session,AdaBN
285,4,1,0.0004151349999119702,42,A05,cross-session,AdaBN
286,4,0,0.00039217400001234637,42,A05,cross-session,AdaBN
287,4,0,0.00038194599994767486,42,A05,cross-session,AdaBN
0,1,1,0.0006969709999111728,42,A06,cross-session,AdaBN
1,2,0,0.0006214819999286192,42,A06,cross-session,AdaBN
2,3,1,0.0006011689999922964,42,A06,cross-session,AdaBN
3,4,0,0.0005720279999650302,42,A06,cross-session,AdaBN
4,4,0,0.0005260190000626608,42,A06,cross-session,AdaBN
5,4,1,0.0006240459999844461,42,A06,cross-session,AdaBN
6,4,1,0.0006012839999129937,42,A06,cross-session,AdaBN
7,4,0,0.0005809970000427711,42,A06,cross-session,AdaBN
8,4,0,0.0005913950000149271,42,A06,cross-session,AdaBN
9,4,1,0.0005947380000179692,42,A06,cross-session,AdaBN
10,4,1,0.0005898050000041621,42,A06,cross-session,AdaBN
11,4,0,0.0005895300000702264,42,A06,cross-session,AdaBN
12,4,1,0.0005820330000005924,42,A06,cross-session,AdaBN
13,4,1,0.000569142000017564,42,A06,cross-session,AdaBN
14,4,0,0.0004616149999492336,42,A06,cross-session,AdaBN
15,4,0,0.00043752900000981754,42,A06,cross-session,AdaBN
16,4,1,0.00044828600005075714,42,A06,cross-session,AdaBN
17,4,1,0.0004426259999945614,42,A06,cross-session,AdaBN
18,4,0,0.00045058599994263204,42,A06,cross-session,AdaBN
19,4,1,0.00043834400003106566,42,A06,cross-session,AdaBN
20,4,0,0.000424323000061122,42,A06,cross-session,AdaBN
21,4,1,0.00043712599995160417,42,A06,cross-session,AdaBN
22,4,0,0.00048174899995956366,42,A06,cross-session,AdaBN
23,4,0,0.0004790939999566035,42,A06,cross-session,AdaBN
24,4,0,0.0004168129999015946,42,A06,cross-session,AdaBN
25,4,1,0.0004252009999845541,42,A06,cross-session,AdaBN
26,4,0,0.0004124909999063675,42,A06,cross-session,AdaBN
27,4,0,0.0004049909999821466,42,A06,cross-session,AdaBN
28,4,0,0.00037166499998875224,42,A06,cross-session,AdaBN
29,4,0,0.00038400599999022234,42,A06,cross-session,AdaBN
30,4,0,0.0003923940000731818,42,A06,cross-session,AdaBN
31,4,1,0.00039863100005277374,42,A06,cross-session,AdaBN
32,4,0,0.0003984119999813629,42,A06,cross-session,AdaBN
33,4,1,0.00041460099998857913,42,A06,cross-session,AdaBN
34,4,0,0.0003967659999943862,42,A06,cross-session,AdaBN
35,4,1,0.00036076100002446765,42,A06,cross-session,AdaBN
36,4,1,0.00038784899993515864,42,A06,cross-session,AdaBN
37,4,1,0.00036002299998472154,42,A06,cross-session,AdaBN
38,4,1,0.0003959480000048643,42,A06,cross-session,AdaBN
39,4,1,0.00039456699994389055,42,A06,cross-session,AdaBN
40,4,0,0.00039916800005812547,42,A06,cross-session,AdaBN
41,4,0,0.0004019929999685701,42,A06,cross-session,AdaBN
42,4,0,0.00041239799998038507,42,A06,cross-session,AdaBN
43,4,0,0.0003667280000172468,42,A06,cross-session,AdaBN
44,4,0,0.0003787480000028154,42,A06,cross-session,AdaBN
45,4,0,0.00038678200007780106,42,A06,cross-session,AdaBN
46,4,0,0.0003605320000588108,42,A06,cross-session,AdaBN
47,4,0,0.00041584499990676704,42,A06,cross-session,AdaBN
48,4,0,0.00037637499997345003,42,A06,cross-session,AdaBN
49,4,0,0.00040102900004512776,42,A06,cross-session,AdaBN
50,4,0,0.00038192399995296,42,A06,cross-session,AdaBN
51,4,0,0.0004027590000532655,42,A06,cross-session,AdaBN
52,4,0,0.0003838480000695199,42,A06,cross-session,AdaBN
53,4,1,0.0004163119999702758,42,A06,cross-session,AdaBN
54,4,1,0.00037908199999492354,42,A06,cross-session,AdaBN
55,4,0,0.00037824100002126215,42,A06,cross-session,AdaBN
56,4,1,0.0003934340001023884,42,A06,cross-session,AdaBN
57,4,0,0.0003840830000854112,42,A06,cross-session,AdaBN
58,4,0,0.0004166369999438757,42,A06,cross-session,AdaBN
59,4,0,0.0003975920000129918,42,A06,cross-session,AdaBN
60,4,1,0.0004324530000303639,42,A06,cross-session,AdaBN
61,4,0,0.0004036609999502616,42,A06,cross-session,AdaBN
62,4,0,0.00042300600000544364,42,A06,cross-session,AdaBN
63,4,0,0.00038513999993483594,42,A06,cross-session,AdaBN
64,4,1,0.0004246500000135711,42,A06,cross-session,AdaBN
65,4,1,0.0003789319999896179,42,A06,cross-session,AdaBN
66,4,0,0.00038547100007235713,42,A06,cross-session,AdaBN
67,4,1,0.00037880399997902714,42,A06,cross-session,AdaBN
68,4,1,0.0003806880000638557,42,A06,cross-session,AdaBN
69,4,0,0.000380495000058545,42,A06,cross-session,AdaBN
70,4,1,0.00038601400001425645,42,A06,cross-session,AdaBN
71,4,0,0.00039650199994412105,42,A06,cross-session,AdaBN
72,4,0,0.0003808319999052401,42,A06,cross-session,AdaBN
73,4,0,0.0004042890000164334,42,A06,cross-session,AdaBN
74,4,0,0.0004462970000531641,42,A06,cross-session,AdaBN
75,4,0,0.0004280480000034004,42,A06,cross-session,AdaBN
76,4,1,0.0004042839999556236,42,A06,cross-session,AdaBN
77,4,0,0.0004009389999737323,42,A06,cross-session,AdaBN
78,4,0,0.0004061370000272291,42,A06,cross-session,AdaBN
79,4,1,0.00039620100005777203,42,A06,cross-session,AdaBN
80,4,0,0.000395361999949273,42,A06,cross-session,AdaBN
81,4,1,0.0003932079999913185,42,A06,cross-session,AdaBN
82,4,1,0.0003983440000183691,42,A06,cross-session,AdaBN
83,4,0,0.00039691999995739025,42,A06,cross-session,AdaBN
84,4,1,0.0003968769999573851,42,A06,cross-session,AdaBN
85,4,0,0.0004178319999255109,42,A06,cross-session,AdaBN
86,4,0,0.0004010850000213395,42,A06,cross-session,AdaBN
87,4,0,0.0003880630000594465,42,A06,cross-session,AdaBN
88,4,1,0.0003965430000789638,42,A06,cross-session,AdaBN
89,4,0,0.0003822389999186271,42,A06,cross-session,AdaBN
90,4,1,0.0003979829999707363,42,A06,cross-session,AdaBN
91,4,0,0.00038870700007009873,42,A06,cross-session,AdaBN
92,4,1,0.0004055140000218671,42,A06,cross-session,AdaBN
93,4,1,0.0004234770000266508,42,A06,cross-session,AdaBN
94,4,1,0.0004099720000567686,42,A06,cross-session,AdaBN
95,4,0,0.00039192999997794686,42,A06,cross-session,AdaBN
96,4,1,0.00043113499998526095,42,A06,cross-session,AdaBN
97,4,0,0.000417646000073546,42,A06,cross-session,AdaBN
98,4,0,0.00038999000003059336,42,A06,cross-session,AdaBN
99,4,0,0.0004163449999623481,42,A06,cross-session,AdaBN
100,4,1,0.0003885789999458211,42,A06,cross-session,AdaBN
101,4,0,0.00042279500007680326,42,A06,cross-session,AdaBN
102,4,1,0.0003985860000739194,42,A06,cross-session,AdaBN
103,4,0,0.00040450899996358203,42,A06,cross-session,AdaBN
104,4,0,0.00039624900000490015,42,A06,cross-session,AdaBN
105,4,1,0.0004204919999892809,42,A06,cross-session,AdaBN
106,4,1,0.0003861159999587471,42,A06,cross-session,AdaBN
107,4,0,0.00040427699991596455,42,A06,cross-session,AdaBN
108,4,1,0.0003885620000119161,42,A06,cross-session,AdaBN
109,4,1,0.0003892469999300374,42,A06,cross-session,AdaBN
110,4,0,0.0003891530000146304,42,A06,cross-session,AdaBN
111,4,1,0.0004006709999657687,42,A06,cross-session,AdaBN
112,4,0,0.00039674899994679436,42,A06,cross-session,AdaBN
113,4,1,0.00038767099999859056,42,A06,cross-session,AdaBN
114,4,0,0.00039720199993098504,42,A06,cross-session,AdaBN
115,4,1,0.0003803419999712787,42,A06,cross-session,AdaBN
116,4,1,0.00039321700000982673,42,A06,cross-session,AdaBN
117,4,1,0.00038415999995322636,42,A06,cross-session,AdaBN
118,4,1,0.00038348400005361327,42,A06,cross-session,AdaBN
119,4,0,0.0003822039999477056,42,A06,cross-session,AdaBN
120,4,0,0.0003954530000100931,42,A06,cross-session,AdaBN
121,4,0,0.0004013930000610344,42,A06,cross-session,AdaBN
122,4,0,0.0003870619999588598,42,A06,cross-session,AdaBN
123,4,1,0.0003896169999961785,42,A06,cross-session,AdaBN
124,4,1,0.0003796930000135035,42,A06,cross-session,AdaBN
125,4,0,0.0003894370000807612,42,A06,cross-session,AdaBN
126,4,0,0.0003825559999768302,42,A06,cross-session,AdaBN
127,4,1,0.00038530800009084487,42,A06,cross-session,AdaBN
128,4,0,0.0003909430000703651,42,A06,cross-session,AdaBN
129,4,0,0.0004067239999585581,42,A06,cross-session,AdaBN
130,4,1,0.00040092799997637485,42,A06,cross-session,AdaBN
131,4,0,0.0003929910000124437,42,A06,cross-session,AdaBN
132,4,0,0.0003915529999858336,42,A06,cross-session,AdaBN
133,4,1,0.00042691299995567533,42,A06,cross-session,AdaBN
134,4,0,0.0003859619999957431,42,A06,cross-session,AdaBN
135,4,1,0.0004151589999992211,42,A06,cross-session,AdaBN
136,4,1,0.00038257400001384667,42,A06,cross-session,AdaBN
137,4,0,0.00037859899998693436,42,A06,cross-session,AdaBN
138,4,1,0.00039711700003408623,42,A06,cross-session,AdaBN
139,4,0,0.0003850829999691996,42,A06,cross-session,AdaBN
140,4,1,0.00042778900001394504,42,A06,cross-session,AdaBN
141,4,0,0.0003850529999454011,42,A06,cross-session,AdaBN
142,4,1,0.0004203580000421425,42,A06,cross-session,AdaBN
143,4,0,0.00042374700001346355,42,A06,cross-session,AdaBN
144,4,0,0.00039642299998376984,42,A06,cross-session,AdaBN
145,4,1,0.000383460999955787,42,A06,cross-session,AdaBN
146,4,1,0.0003828990001011334,42,A06,cross-session,AdaBN
147,4,1,0.00040673599994534015,42,A06,cross-session,AdaBN
148,4,1,0.00040728200008288695,42,A06,cross-session,AdaBN
149,4,1,0.00041232599994600605,42,A06,cross-session,AdaBN
150,4,0,0.0004039369999873088,42,A06,cross-session,AdaBN
151,4,0,0.0004549269999643002,42,A06,cross-session,AdaBN
152,4,0,0.000374243999999635,42,A06,cross-session,AdaBN
153,4,1,0.00041042299994842324,42,A06,cross-session,AdaBN
154,4,0,0.00037531500004206464,42,A06,cross-session,AdaBN
155,4,0,0.0004176119999783623,42,A06,cross-session,AdaBN
156,4,1,0.0003770940001004419,42,A06,cross-session,AdaBN
157,4,0,0.00041742399992017454,42,A06,cross-session,AdaBN
158,4,0,0.00036867799997253314,42,A06,cross-session,AdaBN
159,4,0,0.00040408600000318984,42,A06,cross-session,AdaBN
160,4,0,0.0003843450000431403,42,A06,cross-session,AdaBN
161,4,0,0.0004081760000644863,42,A06,cross-session,AdaBN
162,4,0,0.00042219900001327915,42,A06,cross-session,AdaBN
163,4,0,0.00038598100002218416,42,A06,cross-session,AdaBN
164,4,1,0.0004325310000012905,42,A06,cross-session,AdaBN
165,4,0,0.0004143090000070515,42,A06,cross-session,AdaBN
166,4,0,0.0003874340000038501,42,A06,cross-session,AdaBN
167,4,1,0.0003826930000059292,42,A06,cross-session,AdaBN
168,4,0,0.00041186600003584317,42,A06,cross-session,AdaBN
169,4,0,0.0004157229999464107,42,A06,cross-session,AdaBN
170,4,1,0.0003915440000810122,42,A06,cross-session,AdaBN
171,4,0,0.0003656600000567778,42,A06,cross-session,AdaBN
172,4,0,0.00042069200003425067,42,A06,cross-session,AdaBN
173,4,1,0.00039030100003856205,42,A06,cross-session,AdaBN
174,4,0,0.00038000200004262297,42,A06,cross-session,AdaBN
175,4,0,0.00037243799999941984,42,A06,cross-session,AdaBN
176,4,0,0.0004185249999864027,42,A06,cross-session,AdaBN
177,4,1,0.00041521799994370667,42,A06,cross-session,AdaBN
178,4,0,0.00038931799997499184,42,A06,cross-session,AdaBN
179,4,0,0.0004183820000207561,42,A06,cross-session,AdaBN
180,4,0,0.0003817759999265036,42,A06,cross-session,AdaBN
181,4,1,0.00040694799997709197,42,A06,cross-session,AdaBN
182,4,0,0.00040831299997989845,42,A06,cross-session,AdaBN
183,4,0,0.00042213599999740836,42,A06,cross-session,AdaBN
184,4,0,0.0003807009999263755,42,A06,cross-session,AdaBN
185,4,0,0.00039328700006535655,42,A06,cross-session,AdaBN
186,4,0,0.0004062860000431101,42,A06,cross-session,AdaBN
187,4,0,0.00038780400006999116,42,A06,cross-session,AdaBN
188,4,0,0.00038126499998725194,42,A06,cross-session,AdaBN
189,4,1,0.00040851300002486823,42,A06,cross-session,AdaBN
190,4,0,0.0003867709999667568,42,A06,cross-session,AdaBN
191,4,0,0.0003763319999734449,42,A06,cross-session,AdaBN
192,4,0,0.0003868109999984881,42,A06,cross-session,AdaBN
193,4,1,0.0003870179999694301,42,A06,cross-session,AdaBN
194,4,1,0.0003985629999760931,42,A06,cross-session,AdaBN
195,4,1,0.00037328899998101406,42,A06,cross-session,AdaBN
196,4,1,0.0004203959999813378,42,A06,cross-session,AdaBN
197,4,1,0.0004096689999641967,42,A06,cross-session,AdaBN
198,4,1,0.0004202599999416634,42,A06,cross-session,AdaBN
199,4,1,0.000395131000004767,42,A06,cross-session,AdaBN
200,4,0,0.000401398999997582,42,A06,cross-session,AdaBN
201,4,0,0.00037480100002085237,42,A06,cross-session,AdaBN
202,4,0,0.00038264099998741585,42,A06,cross-session,AdaBN
203,4,1,0.00041010500001448236,42,A06,cross-session,AdaBN
204,4,1,0.0003692559999990408,42,A06,cross-session,AdaBN
205,4,0,0.0004224709999789411,42,A06,cross-session,AdaBN
206,4,1,0.0003839600000219434,42,A06,cross-session,AdaBN
207,4,0,0.00039696199996797077,42,A06,cross-session,AdaBN
208,4,0,0.00037775199996303854,42,A06,cross-session,AdaBN
209,4,0,0.0003887780000013663,42,A06,cross-session,AdaBN
210,4,0,0.0003760160000183532,42,A06,cross-session,AdaBN
211,4,1,0.0003892679999353277,42,A06,cross-session,AdaBN
212,4,0,0.0004132459999937055,42,A06,cross-session,AdaBN
213,4,1,0.00043985100001009414,42,A06,cross-session,AdaBN
214,4,0,0.0003992809999999736,42,A06,cross-session,AdaBN
215,4,0,0.00037519399995744607,42,A06,cross-session,AdaBN
216,4,1,0.00039403400000992406,42,A06,cross-session,AdaBN
217,4,1,0.0003829369999266419,42,A06,cross-session,AdaBN
218,4,1,0.0004038870000613315,42,A06,cross-session,AdaBN
219,4,1,0.00038128800008507824,42,A06,cross-session,AdaBN
220,4,0,0.0004109000000198648,42,A06,cross-session,AdaBN
221,4,0,0.0004221939999524693,42,A06,cross-session,AdaBN
222,4,0,0.00042662900000323134,42,A06,cross-session,AdaBN
223,4,0,0.00037508200000502256,42,A06,cross-session,AdaBN
224,4,1,0.0003807250000136264,42,A06,cross-session,AdaBN
225,4,0,0.0003693209999937608,42,A06,cross-session,AdaBN
226,4,1,0.0003739730000233976,42,A06,cross-session,AdaBN
227,4,0,0.0004311259999667527,42,A06,cross-session,AdaBN
228,4,1,0.00043750499992256664,42,A06,cross-session,AdaBN
229,4,0,0.0004081239999322861,42,A06,cross-session,AdaBN
230,4,0,0.00039111899991439714,42,A06,cross-session,AdaBN
231,4,0,0.00040061499998955696,42,A06,cross-session,AdaBN
232,4,0,0.0003764309999496618,42,A06,cross-session,AdaBN
233,4,0,0.0003992460000290521,42,A06,cross-session,AdaBN
234,4,1,0.0003700329999674068,42,A06,cross-session,AdaBN
235,4,1,0.0004022050000003219,42,A06,cross-session,AdaBN
236,4,0,0.00040770800001155294,42,A06,cross-session,AdaBN
237,4,1,0.00038263400006144366,42,A06,cross-session,AdaBN
238,4,0,0.0003724199999624034,42,A06,cross-session,AdaBN
239,4,1,0.0003668580000066868,42,A06,cross-session,AdaBN
240,4,0,0.00038653400008570316,42,A06,cross-session,AdaBN
241,4,1,0.00038623000000370666,42,A06,cross-session,AdaBN
242,4,1,0.000407748999919022,42,A06,cross-session,AdaBN
243,4,0,0.0004018959999712024,42,A06,cross-session,AdaBN
244,4,0,0.00039685399997324566,42,A06,cross-session,AdaBN
245,4,0,0.00038011999993159407,42,A06,cross-session,AdaBN
246,4,0,0.0003911620000280891,42,A06,cross-session,AdaBN
247,4,0,0.00041534999991199584,42,A06,cross-session,AdaBN
248,4,0,0.0004252459999634084,42,A06,cross-session,AdaBN
249,4,0,0.00041583300003367185,42,A06,cross-session,AdaBN
250,4,1,0.0004280420000668528,42,A06,cross-session,AdaBN
251,4,0,0.0003983209999205428,42,A06,cross-session,AdaBN
252,4,0,0.0003945760000760856,42,A06,cross-session,AdaBN
253,4,0,0.00037430399993354513,42,A06,cross-session,AdaBN
254,4,0,0.00037926200002402766,42,A06,cross-session,AdaBN
255,4,0,0.00040662200001406745,42,A06,cross-session,AdaBN
256,4,0,0.0003844830000616639,42,A06,cross-session,AdaBN
257,4,1,0.00042522000001099514,42,A06,cross-session,AdaBN
258,4,1,0.0004022670000267681,42,A06,cross-session,AdaBN
259,4,1,0.0003984700000501107,42,A06,cross-session,AdaBN
260,4,0,0.00037248000001000037,42,A06,cross-session,AdaBN
261,4,0,0.00039167299996734073,42,A06,cross-session,AdaBN
262,4,0,0.0003905439999698501,42,A06,cross-session,AdaBN
263,4,0,0.00043504199993549264,42,A06,cross-session,AdaBN
264,4,0,0.00040039999998953135,42,A06,cross-session,AdaBN
265,4,0,0.00040518499997688195,42,A06,cross-session,AdaBN
266,4,0,0.00040982600000916136,42,A06,cross-session,AdaBN
267,4,0,0.0003868300000249292,42,A06,cross-session,AdaBN
268,4,1,0.0003931679999595872,42,A06,cross-session,AdaBN
269,4,0,0.0004164659999332798,42,A06,cross-session,AdaBN
270,4,1,0.00040070600005037704,42,A06,cross-session,AdaBN
271,4,1,0.0003821940000534596,42,A06,cross-session,AdaBN
272,4,1,0.00039902699995764124,42,A06,cross-session,AdaBN
273,4,0,0.00038467500007755007,42,A06,cross-session,AdaBN
274,4,1,0.00039821999996547675,42,A06,cross-session,AdaBN
275,4,0,0.0003765369999655377,42,A06,cross-session,AdaBN
276,4,0,0.000411589999998796,42,A06,cross-session,AdaBN
277,4,0,0.00038201299992124405,42,A06,cross-session,AdaBN
278,4,0,0.00040978399999858084,42,A06,cross-session,AdaBN
279,4,0,0.00043817699997816817,42,A06,cross-session,AdaBN
280,4,0,0.00041190699994331226,42,A06,cross-session,AdaBN
281,4,1,0.00039132999995672435,42,A06,cross-session,AdaBN
282,4,0,0.00038189600002169755,42,A06,cross-session,AdaBN
283,4,0,0.0003854069999533749,42,A06,cross-session,AdaBN
284,4,1,0.0003709769999886703,42,A06,cross-session,AdaBN
285,4,1,0.0004235970000081579,42,A06,cross-session,AdaBN
286,4,1,0.00041327099995669414,42,A06,cross-session,AdaBN
287,4,0,0.00039736200005791034,42,A06,cross-session,AdaBN
0,1,0,0.0006970680000222274,42,A07,cross-session,AdaBN
1,2,0,0.0006240660000003118,42,A07,cross-session,AdaBN
2,3,1,0.0005977800000209754,42,A07,cross-session,AdaBN
3,4,0,0.0005815850000772116,42,A07,cross-session,AdaBN
4,4,0,0.000525249000020267,42,A07,cross-session,AdaBN
5,4,1,0.0006055389999346517,42,A07,cross-session,AdaBN
6,4,1,0.0005968940000684597,42,A07,cross-session,AdaBN
7,4,0,0.000590813000030721,42,A07,cross-session,AdaBN
8,4,0,0.0005724410000311764,42,A07,cross-session,AdaBN
9,4,1,0.0005926400000362264,42,A07,cross-session,AdaBN
10,4,0,0.0005835169999954815,42,A07,cross-session,AdaBN
11,4,0,0.0005689299999858122,42,A07,cross-session,AdaBN
12,4,0,0.0005692349999435464,42,A07,cross-session,AdaBN
13,4,0,0.0005540810000184138,42,A07,cross-session,AdaBN
14,4,1,0.0004371630000150617,42,A07,cross-session,AdaBN
15,4,0,0.00043740799992519896,42,A07,cross-session,AdaBN
16,4,0,0.00041808800006037927,42,A07,cross-session,AdaBN
17,4,0,0.0004327650000277572,42,A07,cross-session,AdaBN
18,4,0,0.0004204659999231808,42,A07,cross-session,AdaBN
19,4,1,0.0004516530000273633,42,A07,cross-session,AdaBN
20,4,1,0.00041165899995121435,42,A07,cross-session,AdaBN
21,4,1,0.00042388600002141175,42,A07,cross-session,AdaBN
22,4,1,0.0004299480000327094,42,A07,cross-session,AdaBN
23,4,0,0.00047006200009036547,42,A07,cross-session,AdaBN
24,4,1,0.00041485199994895083,42,A07,cross-session,AdaBN
25,4,0,0.00036959299995942274,42,A07,cross-session,AdaBN
26,4,1,0.00040826999997989333,42,A07,cross-session,AdaBN
27,4,0,0.0004046770000059041,42,A07,cross-session,AdaBN
28,4,0,0.0003885339999669668,42,A07,cross-session,AdaBN
29,4,0,0.0003601129999424302,42,A07,cross-session,AdaBN
30,4,1,0.00042656200002966216,42,A07,cross-session,AdaBN
31,4,0,0.00036270599991894414,42,A07,cross-session,AdaBN
32,4,1,0.00039034799999626557,42,A07,cross-session,AdaBN
33,4,0,0.00037430000008953357,42,A07,cross-session,AdaBN
34,4,1,0.00041692299998885574,42,A07,cross-session,AdaBN
35,4,1,0.0003961580000577669,42,A07,cross-session,AdaBN
36,4,1,0.0004094890000487794,42,A07,cross-session,AdaBN
37,4,1,0.0003628580000167858,42,A07,cross-session,AdaBN
38,4,0,0.0003597480000507858,42,A07,cross-session,AdaBN
39,4,0,0.0004059719999531808,42,A07,cross-session,AdaBN
40,4,1,0.00036231299998235045,42,A07,cross-session,AdaBN
41,4,0,0.0003849529999797596,42,A07,cross-session,AdaBN
42,4,0,0.00037910500009274983,42,A07,cross-session,AdaBN
43,4,0,0.0003901370000676252,42,A07,cross-session,AdaBN
44,4,0,0.00036782100005439133,42,A07,cross-session,AdaBN
45,4,0,0.00036744200008342887,42,A07,cross-session,AdaBN
46,4,1,0.00037314400003651826,42,A07,cross-session,AdaBN
47,4,1,0.0003588979999449293,42,A07,cross-session,AdaBN
48,4,0,0.00042133499994179147,42,A07,cross-session,AdaBN
49,4,0,0.0003901830000359041,42,A07,cross-session,AdaBN
50,4,0,0.00041882899995471234,42,A07,cross-session,AdaBN
51,4,0,0.0003971380000393765,42,A07,cross-session,AdaBN
52,4,0,0.0004164770000443241,42,A07,cross-session,AdaBN
53,4,1,0.0003818479999608826,42,A07,cross-session,AdaBN
54,4,0,0.00040437100005874527,42,A07,cross-session,AdaBN
55,4,0,0.0003863110000565939,42,A07,cross-session,AdaBN
56,4,0,0.00042139499998938845,42,A07,cross-session,AdaBN
57,4,0,0.0003937280000627652,42,A07,cross-session,AdaBN
58,4,0,0.0003926699999965422,42,A07,cross-session,AdaBN
59,4,1,0.00038734899999326444,42,A07,cross-session,AdaBN
60,4,0,0.00037500200005524675,42,A07,cross-session,AdaBN
61,4,1,0.00041177800005698373,42,A07,cross-session,AdaBN
62,4,0,0.00038333899999543064,42,A07,cross-session,AdaBN
63,4,0,0.0004156429999966349,42,A07,cross-session,AdaBN
64,4,0,0.00040183400005844305,42,A07,cross-session,AdaBN
65,4,1,0.0004213449999497243,42,A07,cross-session,AdaBN
66,4,0,0.00041594399999667075,42,A07,cross-session,AdaBN
67,4,1,0.00040978300000915624,42,A07,cross-session,AdaBN
68,4,1,0.00039726800002881646,42,A07,cross-session,AdaBN
69,4,1,0.00040589299999282957,42,A07,cross-session,AdaBN
70,4,1,0.0004586869999911869,42,A07,cross-session,AdaBN
71,4,0,0.0003968299999996816,42,A07,cross-session,AdaBN
72,4,0,0.00037885800009007653,42,A07,cross-session,AdaBN
73,4,1,0.0004367450000017925,42,A07,cross-session,AdaBN
74,4,1,0.00038197599997147336,42,A07,cross-session,AdaBN
75,4,0,0.00037574600003154046,42,A07,cross-session,AdaBN
76,4,1,0.000391054000033364,42,A07,cross-session,AdaBN
77,4,0,0.000379253999994944,42,A07,cross-session,AdaBN
78,4,1,0.00041704799991748587,42,A07,cross-session,AdaBN
79,4,1,0.00038866199997755757,42,A07,cross-session,AdaBN
80,4,0,0.00042776699990554334,42,A07,cross-session,AdaBN
81,4,0,0.00040827700001955236,42,A07,cross-session,AdaBN
82,4,0,0.0004057339999690157,42,A07,cross-session,AdaBN
83,4,0,0.00040060300000277493,42,A07,cross-session,AdaBN
84,4,1,0.000401338999949985,42,A07,cross-session,AdaBN
85,4,0,0.00039009400006762007,42,A07,cross-session,AdaBN
86,4,1,0.00043652099998325866,42,A07,cross-session,AdaBN
87,4,1,0.00038192800002434524,42,A07,cross-session,AdaBN
88,4,1,0.00038844499999868276,42,A07,cross-session,AdaBN
89,4,0,0.00042159200006608444,42,A07,cross-session,AdaBN
90,4,0,0.00039988199989693385,42,A07,cross-session,AdaBN
91,4,0,0.00041591699994114606,42,A07,cross-session,AdaBN
92,4,0,0.0003909850000809456,42,A07,cross-session,AdaBN
93,4,0,0.000452603999974599,42,A07,cross-session,AdaBN
94,4,0,0.0003872280000223327,42,A07,cross-session,AdaBN
95,4,0,0.0004001439999683498,42,A07,cross-session,AdaBN
96,4,1,0.0003984909999417141,42,A07,cross-session,AdaBN
97,4,0,0.0003932449999410892,42,A07,cross-session,AdaBN
98,4,0,0.0003838579999637659,42,A07,cross-session,AdaBN
99,4,0,0.00039498599994658434,42,A07,cross-session,AdaBN
100,4,0,0.00039536500003123365,42,A07,cross-session,AdaBN
101,4,1,0.0004251250001061635,42,A07,cross-session,AdaBN
102,4,0,0.0003918880000810532,42,A07,cross-session,AdaBN
103,4,1,0.0003985470000316127,42,A07,cross-session,AdaBN
104,4,0,0.00039748799997596507,42,A07,cross-session,AdaBN
105,4,0,0.0004186270000445802,42,A07,cross-session,AdaBN
106,4,0,0.0003954909999492884,42,A07,cross-session,AdaBN
107,4,0,0.00043170499998268497,42,A07,cross-session,AdaBN
108,4,0,0.0003861049999613897,42,A07,cross-session,AdaBN
109,4,1,0.00038235800002439646,42,A07,cross-session,AdaBN
110,4,0,0.00040758499994808517,42,A07,cross-session,AdaBN
111,4,0,0.0003914520000307675,42,A07,cross-session,AdaBN
112,4,0,0.0004295380000485238,42,A07,cross-session,AdaBN
113,4,1,0.0003884550000066156,42,A07,cross-session,AdaBN
114,4,0,0.0003959040000154346,42,A07,cross-session,AdaBN
115,4,0,0.00037986999996064696,42,A07,cross-session,AdaBN
116,4,0,0.00039153000000169413,42,A07,cross-session,AdaBN
117,4,1,0.00038767099999859056,42,A07,cross-session,AdaBN
118,4,0,0.00041466900006525975,42,A07,cross-session,AdaBN
119,4,0,0.0004005160000133401,42,A07,cross-session,AdaBN
120,4,0,0.00038945799997236463,42,A07,cross-session,AdaBN
121,4,1,0.0003990169999497084,42,A07,cross-session,AdaBN
122,4,0,0.0003874000000223532,42,A07,cross-session,AdaBN
123,4,1,0.0004074219999665729,42,A07,cross-session,AdaBN
124,4,0,0.00038457999994534475,42,A07,cross-session,AdaBN
125,4,0,0.0003866609999931825,42,A07,cross-session,AdaBN
126,4,0,0.0003927259999727539,42,A07,cross-session,AdaBN
127,4,1,0.0004280929999822547,42,A07,cross-session,AdaBN
128,4,0,0.00038640599996142555,42,A07,cross-session,AdaBN
129,4,1,0.0004009869999208604,42,A07,cross-session,AdaBN
130,4,1,0.0004045919999953185,42,A07,cross-session,AdaBN
131,4,0,0.00038456800007224956,42,A07,cross-session,AdaBN
132,4,1,0.00038337900002716196,42,A07,cross-session,AdaBN
133,4,0,0.00037974899998971523,42,A07,cross-session,AdaBN
134,4,1,0.00039850999996815517,42,A07,cross-session,AdaBN
135,4,1,0.0003988119999576156,42,A07,cross-session,AdaBN
136,4,1,0.00042410000003201276,42,A07,cross-session,AdaBN
137,4,0,0.00040890899992973573,42,A07,cross-session,AdaBN
138,4,0,0.0004006560000107129,42,A07,cross-session,AdaBN
139,4,1,0.00039381800002047385,42,A07,cross-session,AdaBN
140,4,0,0.00039761200002885744,42,A07,cross-session,AdaBN
141,4,0,0.00037989700001617166,42,A07,cross-session,AdaBN
142,4,0,0.00039311700004418526,42,A07,cross-session,AdaBN
143,4,0,0.0004223250000450207,42,A07,cross-session,AdaBN
144,4,1,0.0004067219999797089,42,A07,cross-session,AdaBN
145,4,1,0.000402110999971228,42,A07,cross-session,AdaBN
146,4,0,0.0003774070000872598,42,A07,cross-session,AdaBN
147,4,1,0.0004388239999570942,42,A07,cross-session,AdaBN
148,4,0,0.0004112730000542797,42,A07,cross-session,AdaBN
149,4,1,0.0004016039999896748,42,A07,cross-session,AdaBN
150,4,0,0.0003761819999681393,42,A07,cross-session,AdaBN
151,4,0,0.00039413299998614093,42,A07,cross-session,AdaBN
152,4,0,0.000371934999975565,42,A07,cross-session,AdaBN
153,4,1,0.0003891900000780879,42,A07,cross-session,AdaBN
154,4,1,0.0003852549999692201,42,A07,cross-session,AdaBN
155,4,1,0.00043727600007059664,42,A07,cross-session,AdaBN
156,4,0,0.00038854399997489963,42,A07,cross-session,AdaBN
157,4,0,0.0003976940000711693,42,A07,cross-session,AdaBN
158,4,0,0.00039997299995775393,42,A07,cross-session,AdaBN
159,4,1,0.00039607600001545507,42,A07,cross-session,AdaBN
160,4,1,0.0003843140000299172,42,A07,cross-session,AdaBN
161,4,0,0.00037507000001824053,42,A07,cross-session,AdaBN
162,4,1,0.00040549599998485064,42,A07,cross-session,AdaBN
163,4,1,0.00037402099997052574,42,A07,cross-session,AdaBN
164,4,0,0.0003841039999770146,42,A07,cross-session,AdaBN
165,4,0,0.00038675600001170096,42,A07,cross-session,AdaBN
166,4,1,0.00039448699999411474,42,A07,cross-session,AdaBN
167,4,0,0.00038699499998529063,42,A07,cross-session,AdaBN
168,4,1,0.0003901549999909548,42,A07,cross-session,AdaBN
169,4,1,0.00039459699996768904,42,A07,cross-session,AdaBN
170,4,0,0.0003909979999434654,42,A07,cross-session,AdaBN
171,4,0,0.00039209700003084436,42,A07,cross-session,AdaBN
172,4,0,0.00038004599991836585,42,A07,cross-session,AdaBN
173,4,0,0.0004176109999889377,42,A07,cross-session,AdaBN
174,4,0,0.0003937320000204636,42,A07,cross-session,AdaBN
175,4,1,0.0003894099999115497,42,A07,cross-session,AdaBN
176,4,1,0.0003742239999837693,42,A07,cross-session,AdaBN
177,4,0,0.00040100000001075387,42,A07,cross-session,AdaBN
178,4,0,0.00038832000007005263,42,A07,cross-session,AdaBN
179,4,1,0.00040996899997480796,42,A07,cross-session,AdaBN
180,4,1,0.00039115899994612846,42,A07,cross-session,AdaBN
181,4,0,0.0003901030000861283,42,A07,cross-session,AdaBN
182,4,0,0.00038748500003293884,42,A07,cross-session,AdaBN
183,4,0,0.0003926059999912468,42,A07,cross-session,AdaBN
184,4,0,0.0004062969999267807,42,A07,cross-session,AdaBN
185,4,1,0.00038427600009072194,42,A07,cross-session,AdaBN
186,4,0,0.0004050379999398501,42,A07,cross-session,AdaBN
187,4,0,0.0004075710000961408,42,A07,cross-session,AdaBN
188,4,0,0.00040061400000013236,42,A07,cross-session,AdaBN
189,4,0,0.000381846999971458,42,A07,cross-session,AdaBN
190,4,1,0.00039705599999706465,42,A07,cross-session,AdaBN
191,4,0,0.0003930580000996997,42,A07,cross-session,AdaBN
192,4,0,0.00041387199996734125,42,A07,cross-session,AdaBN
193,4,1,0.0004323120000435665,42,A07,cross-session,AdaBN
194,4,1,0.00040195299993683875,42,A07,cross-session,AdaBN
195,4,0,0.00038791200006471627,42,A07,cross-session,AdaBN
196,4,1,0.000393877999954384,42,A07,cross-session,AdaBN
197,4,0,0.00039860399999724905,42,A07,cross-session,AdaBN
198,4,0,0.000381765000042833,42,A07,cross-session,AdaBN
199,4,0,0.00045989900002041395,42,A07,cross-session,AdaBN
200,4,1,0.0003879359999245935,42,A07,cross-session,AdaBN
201,4,0,0.0003977139999733481,42,A07,cross-session,AdaBN
202,4,0,0.00038166699994235387,42,A07,cross-session,AdaBN
203,4,1,0.0004682109999976092,42,A07,cross-session,AdaBN
204,4,1,0.00039290699999128265,42,A07,cross-session,AdaBN
205,4,1,0.0004178110000339075,42,A07,cross-session,AdaBN
206,4,0,0.0003888449999749355,42,A07,cross-session,AdaBN
207,4,0,0.00040307699998720636,42,A07,cross-session,AdaBN
208,4,0,0.000405754999974306,42,A07,cross-session,AdaBN
209,4,1,0.0003915549999646828,42,A07,cross-session,AdaBN
210,4,0,0.0004104030000462444,42,A07,cross-session,AdaBN
211,4,0,0.0003888070000357402,42,A07,cross-session,AdaBN
212,4,0,0.00038403700000344543,42,A07,cross-session,AdaBN
213,4,0,0.00038131099995553086,42,A07,cross-session,AdaBN
214,4,1,0.0004028390000030413,42,A07,cross-session,AdaBN
215,4,1,0.000374102000023413,42,A07,cross-session,AdaBN
216,4,1,0.00039711300007638783,42,A07,cross-session,AdaBN
217,4,0,0.00037958699999762757,42,A07,cross-session,AdaBN
218,4,0,0.0003899370000226554,42,A07,cross-session,AdaBN
219,4,0,0.000390993999985767,42,A07,cross-session,AdaBN
220,4,0,0.00038446600001407205,42,A07,cross-session,AdaBN
221,4,0,0.00038067599996338686,42,A07,cross-session,AdaBN
222,4,0,0.000394989000028545,42,A07,cross-session,AdaBN
223,4,0,0.0003759479999416726,42,A07,cross-session,AdaBN
224,4,0,0.00040046599997367593,42,A07,cross-session,AdaBN
225,4,0,0.00038783600007263885,42,A07,cross-session,AdaBN
226,4,0,0.00038648299994292756,42,A07,cross-session,AdaBN
227,4,1,0.0003997750000053202,42,A07,cross-session,AdaBN
228,4,0,0.00038775399991664017,42,A07,cross-session,AdaBN
229,4,0,0.00039036300006500824,42,A07,cross-session,AdaBN
230,4,1,0.00037960700001349323,42,A07,cross-session,AdaBN
231,4,0,0.00039382199997817224,42,A07,cross-session,AdaBN
232,4,0,0.0003953390000788204,42,A07,cross-session,AdaBN
233,4,0,0.00039171200000964745,42,A07,cross-session,AdaBN
234,4,0,0.00038513999993483594,42,A07,cross-session,AdaBN
235,4,0,0.00038375700000869983,42,A07,cross-session,AdaBN
236,4,0,0.00040137500002401794,42,A07,cross-session,AdaBN
237,4,1,0.00038292299996101065,42,A07,cross-session,AdaBN
238,4,0,0.0003793490000134625,42,A07,cross-session,AdaBN
239,4,0,0.0003766889999496925,42,A07,cross-session,AdaBN
240,4,0,0.0003844450000087818,42,A07,cross-session,AdaBN
241,4,0,0.000382549000050858,42,A07,cross-session,AdaBN
242,4,0,0.0003921429999991233,42,A07,cross-session,AdaBN
243,4,1,0.000382833000003302,42,A07,cross-session,AdaBN
244,4,1,0.00041927999996005383,42,A07,cross-session,AdaBN
245,4,0,0.0003829779999477978,42,A07,cross-session,AdaBN
246,4,1,0.00038100800009033264,42,A07,cross-session,AdaBN
247,4,0,0.00038560299992695946,42,A07,cross-session,AdaBN
248,4,0,0.00038002100006906403,42,A07,cross-session,AdaBN
249,4,1,0.0003854539999110784,42,A07,cross-session,AdaBN
250,4,0,0.00038303599990285875,42,A07,cross-session,AdaBN
251,4,0,0.00038366100000075676,42,A07,cross-session,AdaBN
252,4,1,0.0003799859999844557,42,A07,cross-session,AdaBN
253,4,1,0.0003905700000359502,42,A07,cross-session,AdaBN
254,4,0,0.0003939140000284169,42,A07,cross-session,AdaBN
255,4,1,0.00038092199997663556,42,A07,cross-session,AdaBN
256,4,1,0.0003980309999178644,42,A07,cross-session,AdaBN
257,4,0,0.0003929150000203663,42,A07,cross-session,AdaBN
258,4,0,0.0003999190000740782,42,A07,cross-session,AdaBN
259,4,0,0.00037680599996292585,42,A07,cross-session,AdaBN
260,4,1,0.00037845999997898616,42,A07,cross-session,AdaBN
261,4,0,0.00038920600002256833,42,A07,cross-session,AdaBN
262,4,0,0.0004325510000171562,42,A07,cross-session,AdaBN
263,4,0,0.000389019000067492,42,A07,cross-session,AdaBN
264,4,1,0.00039128000003074703,42,A07,cross-session,AdaBN
265,4,1,0.0003946099999438957,42,A07,cross-session,AdaBN
266,4,0,0.00038038899992898223,42,A07,cross-session,AdaBN
267,4,1,0.0004390610000655215,42,A07,cross-session,AdaBN
268,4,1,0.00038479399995594576,42,A07,cross-session,AdaBN
269,4,0,0.00038787899995895714,42,A07,cross-session,AdaBN
270,4,0,0.0004148699999859673,42,A07,cross-session,AdaBN
271,4,0,0.0004000559999894904,42,A07,cross-session,AdaBN
272,4,0,0.00037894599995524914,42,A07,cross-session,AdaBN
273,4,0,0.00042695299998740666,42,A07,cross-session,AdaBN
274,4,1,0.00037193600007867644,42,A07,cross-session,AdaBN
275,4,1,0.0004319219999615598,42,A07,cross-session,AdaBN
276,4,0,0.0003872699999192264,42,A07,cross-session,AdaBN
277,4,0,0.0003743510000049355,42,A07,cross-session,AdaBN
278,4,0,0.00039918800007399113,42,A07,cross-session,AdaBN
279,4,0,0.00038077800002156437,42,A07,cross-session,AdaBN
280,4,0,0.0004063669999823105,42,A07,cross-session,AdaBN
281,4,0,0.00038750299995626847,42,A07,cross-session,AdaBN
282,4,1,0.00042276199997104413,42,A07,cross-session,AdaBN
283,4,0,0.0003808069999422514,42,A07,cross-session,AdaBN
284,4,1,0.00039112100000693317,42,A07,cross-session,AdaBN
285,4,0,0.00038330500001393375,42,A07,cross-session,AdaBN
286,4,0,0.00038977600001999235,42,A07,cross-session,AdaBN
287,4,0,0.00040502800004560413,42,A07,cross-session,AdaBN
0,1,1,0.0007632889999058534,42,A08,cross-session,AdaBN
1,2,1,0.0006226890000107232,42,A08,cross-session,AdaBN
2,3,1,0.0006126580000227477,42,A08,cross-session,AdaBN
3,4,1,0.0006135410000069896,42,A08,cross-session,AdaBN
4,4,1,0.0005962980000049356,42,A08,cross-session,AdaBN
5,4,1,0.0005970710000156032,42,A08,cross-session,AdaBN
6,4,1,0.000600094999981593,42,A08,cross-session,AdaBN
7,4,0,0.0006043469999212903,42,A08,cross-session,AdaBN
8,4,1,0.0005805889999237479,42,A08,cross-session,AdaBN
9,4,0,0.0005814989999635145,42,A08,cross-session,AdaBN
10,4,0,0.0005842570000140768,42,A08,cross-session,AdaBN
11,4,1,0.0005913989999726255,42,A08,cross-session,AdaBN
12,4,1,0.000574637999989136,42,A08,cross-session,AdaBN
13,4,1,0.0005534379999971861,42,A08,cross-session,AdaBN
14,4,0,0.0004516440000088551,42,A08,cross-session,AdaBN
15,4,1,0.000459220999914578,42,A08,cross-session,AdaBN
16,4,1,0.0004575510000677241,42,A08,cross-session,AdaBN
17,4,1,0.00046067599998877995,42,A08,cross-session,AdaBN
18,4,1,0.00043837200007601496,42,A08,cross-session,AdaBN
19,4,1,0.00048000700007833075,42,A08,cross-session,AdaBN
20,4,0,0.0004375849999860293,42,A08,cross-session,AdaBN
21,4,1,0.00048228700006802683,42,A08,cross-session,AdaBN
22,4,1,0.00042224300000270887,42,A08,cross-session,AdaBN
23,4,0,0.0004040029999714534,42,A08,cross-session,AdaBN
24,4,1,0.00041073600004892796,42,A08,cross-session,AdaBN
25,4,1,0.00046591099999204744,42,A08,cross-session,AdaBN
26,4,0,0.00040564500000073167,42,A08,cross-session,AdaBN
27,4,0,0.0004268280000587765,42,A08,cross-session,AdaBN
28,4,0,0.00041735499996775616,42,A08,cross-session,AdaBN
29,4,0,0.00042850099998759106,42,A08,cross-session,AdaBN
30,4,1,0.00040925500002231274,42,A08,cross-session,AdaBN
31,4,1,0.00041470999997272884,42,A08,cross-session,AdaBN
32,4,1,0.00039915900003961724,42,A08,cross-session,AdaBN
33,4,1,0.00040603100001135317,42,A08,cross-session,AdaBN
34,4,1,0.0003676449999829856,42,A08,cross-session,AdaBN
35,4,1,0.00038173599989477225,42,A08,cross-session,AdaBN
36,4,1,0.00039666300006047095,42,A08,cross-session,AdaBN
37,4,1,0.0003641009999455491,42,A08,cross-session,AdaBN
38,4,1,0.0004037659999767129,42,A08,cross-session,AdaBN
39,4,1,0.00040086299998165487,42,A08,cross-session,AdaBN
40,4,1,0.0004243639999685911,42,A08,cross-session,AdaBN
41,4,1,0.0003966519999494267,42,A08,cross-session,AdaBN
42,4,1,0.0003962650000630674,42,A08,cross-session,AdaBN
43,4,0,0.000398810999968191,42,A08,cross-session,AdaBN
44,4,1,0.0003862970000909627,42,A08,cross-session,AdaBN
45,4,1,0.0003704740000785023,42,A08,cross-session,AdaBN
46,4,1,0.00038493500005643,42,A08,cross-session,AdaBN
47,4,1,0.0003717969999570414,42,A08,cross-session,AdaBN
48,4,0,0.00035981600001377956,42,A08,cross-session,AdaBN
49,4,1,0.0003922260000308597,42,A08,cross-session,AdaBN
50,4,1,0.00040970300005938043,42,A08,cross-session,AdaBN
51,4,1,0.0004014459999552855,42,A08,cross-session,AdaBN
52,4,1,0.00037594900004478404,42,A08,cross-session,AdaBN
53,4,1,0.00038894299996172776,42,A08,cross-session,AdaBN
54,4,1,0.00039245100003881817,42,A08,cross-session,AdaBN
55,4,1,0.00041232899991427985,42,A08,cross-session,AdaBN
56,4,0,0.00037023299989868974,42,A08,cross-session,AdaBN
57,4,1,0.0003672100000358114,42,A08,cross-session,AdaBN
58,4,1,0.0003696519999039083,42,A08,cross-session,AdaBN
59,4,0,0.00035589800006619043,42,A08,cross-session,AdaBN
60,4,0,0.00042571599999519094,42,A08,cross-session,AdaBN
61,4,1,0.00036780400000679947,42,A08,cross-session,AdaBN
62,4,1,0.00042702500002178567,42,A08,cross-session,AdaBN
63,4,1,0.00038606499992965837,42,A08,cross-session,AdaBN
64,4,1,0.00041149900005166273,42,A08,cross-session,AdaBN
65,4,1,0.0003774819999762258,42,A08,cross-session,AdaBN
66,4,1,0.0004099120000091716,42,A08,cross-session,AdaBN
67,4,1,0.0003895410000041011,42,A08,cross-session,AdaBN
68,4,1,0.0003879469999219509,42,A08,cross-session,AdaBN
69,4,1,0.0003922230000625859,42,A08,cross-session,AdaBN
70,4,1,0.00038364800002455013,42,A08,cross-session,AdaBN
71,4,1,0.0003848590000643526,42,A08,cross-session,AdaBN
72,4,1,0.0003848019999850294,42,A08,cross-session,AdaBN
73,4,1,0.00039448799998353934,42,A08,cross-session,AdaBN
74,4,1,0.00037511400000767026,42,A08,cross-session,AdaBN
75,4,1,0.00041524000005210837,42,A08,cross-session,AdaBN
76,4,1,0.0003882199999907243,42,A08,cross-session,AdaBN
77,4,1,0.00041569300003629905,42,A08,cross-session,AdaBN
78,4,1,0.0004045910000058939,42,A08,cross-session,AdaBN
79,4,0,0.0003994759999841335,42,A08,cross-session,AdaBN
80,4,1,0.0003890180000780674,42,A08,cross-session,AdaBN
81,4,1,0.00043327699995643343,42,A08,cross-session,AdaBN
82,4,1,0.0003934530000151426,42,A08,cross-session,AdaBN
83,4,0,0.00038167800005339814,42,A08,cross-session,AdaBN
84,4,1,0.0004052369999953953,42,A08,cross-session,AdaBN
85,4,1,0.00039585600006830646,42,A08,cross-session,AdaBN
86,4,1,0.0004253529999687089,42,A08,cross-session,AdaBN
87,4,0,0.0004108260000066366,42,A08,cross-session,AdaBN
88,4,0,0.0004169159999491967,42,A08,cross-session,AdaBN
89,4,1,0.0004190549999520954,42,A08,cross-session,AdaBN
90,4,0,0.0004120629999988523,42,A08,cross-session,AdaBN
91,4,0,0.00040617499996642437,42,A08,cross-session,AdaBN
92,4,1,0.0004169730000285199,42,A08,cross-session,AdaBN
93,4,1,0.00041046100000130537,42,A08,cross-session,AdaBN
94,4,0,0.000403866999931779,42,A08,cross-session,AdaBN
95,4,1,0.00040039900000010675,42,A08,cross-session,AdaBN
96,4,1,0.000410534000025109,42,A08,cross-session,AdaBN
97,4,0,0.00039773699995748757,42,A08,cross-session,AdaBN
98,4,1,0.00039903599997614947,42,A08,cross-session,AdaBN
99,4,1,0.0003984269999364187,42,A08,cross-session,AdaBN
100,4,1,0.00039308899999923597,42,A08,cross-session,AdaBN
101,4,0,0.00042286300003979704,42,A08,cross-session,AdaBN
102,4,1,0.00041591199999402306,42,A08,cross-session,AdaBN
103,4,0,0.0004400939999413822,42,A08,cross-session,AdaBN
104,4,1,0.0003885600000330669,42,A08,cross-session,AdaBN
105,4,1,0.00041464000003088586,42,A08,cross-session,AdaBN
106,4,1,0.00040927599991391617,42,A08,cross-session,AdaBN
107,4,1,0.00040292699998190074,42,A08,cross-session,AdaBN
108,4,0,0.0003850209999427534,42,A08,cross-session,AdaBN
109,4,1,0.00040930399995886546,42,A08,cross-session,AdaBN
110,4,0,0.0004067500000246582,42,A08,cross-session,AdaBN
111,4,1,0.00040444100000058825,42,A08,cross-session,AdaBN
112,4,1,0.0003963300000577874,42,A08,cross-session,AdaBN
113,4,0,0.00041094999994584214,42,A08,cross-session,AdaBN
114,4,1,0.00042864299996381305,42,A08,cross-session,AdaBN
115,4,1,0.0004049110000323708,42,A08,cross-session,AdaBN
116,4,1,0.00039954600003966334,42,A08,cross-session,AdaBN
117,4,1,0.0004008950000979894,42,A08,cross-session,AdaBN
118,4,1,0.00041340200004924554,42,A08,cross-session,AdaBN
119,4,1,0.00040267600002152903,42,A08,cross-session,AdaBN
120,4,1,0.0004153200000018842,42,A08,cross-session,AdaBN
121,4,1,0.00039178700001230027,42,A08,cross-session,AdaBN
122,4,0,0.00040254400005323987,42,A08,cross-session,AdaBN
123,4,1,0.00039062400003331277,42,A08,cross-session,AdaBN
124,4,0,0.00043545799996991263,42,A08,cross-session,AdaBN
125,4,1,0.0004109109999035354,42,A08,cross-session,AdaBN
126,4,1,0.0004067219999797089,42,A08,cross-session,AdaBN
127,4,1,0.0003876810000065234,42,A08,cross-session,AdaBN
128,4,0,0.0003979939999680937,42,A08,cross-session,AdaBN
129,4,1,0.0003823670000429047,42,A08,cross-session,AdaBN
130,4,1,0.0003968920000261278,42,A08,cross-session,AdaBN
131,4,0,0.000391272999991088,42,A08,cross-session,AdaBN
132,4,1,0.00039087100003598607,42,A08,cross-session,AdaBN
133,4,1,0.00039919699997881253,42,A08,cross-session,AdaBN
134,4,1,0.00038819899998543406,42,A08,cross-session,AdaBN
135,4,1,0.0004001680000556007,42,A08,cross-session,AdaBN
136,4,1,0.0003815649999978632,42,A08,cross-session,AdaBN
137,4,0,0.00042730999996365426,42,A08,cross-session,AdaBN
138,4,0,0.00038140599997404934,42,A08,cross-session,AdaBN
139,4,1,0.000411945999985619,42,A08,cross-session,AdaBN
140,4,0,0.00038815799996427813,42,A08,cross-session,AdaBN
141,4,0,0.00044537600001604005,42,A08,cross-session,AdaBN
142,4,1,0.00038031799999771465,42,A08,cross-session,AdaBN
143,4,1,0.0004198660000156451,42,A08,cross-session,AdaBN
144,4,0,0.00039129399999637826,42,A08,cross-session,AdaBN
145,4,1,0.00040464300002440723,42,A08,cross-session,AdaBN
146,4,0,0.00040705999992951547,42,A08,cross-session,AdaBN
147,4,0,0.00039199299999381765,42,A08,cross-session,AdaBN
148,4,0,0.0003936959999464307,42,A08,cross-session,AdaBN
149,4,1,0.00039210399995681655,42,A08,cross-session,AdaBN
150,4,1,0.000393161000033615,42,A08,cross-session,AdaBN
151,4,1,0.00037956800008487335,42,A08,cross-session,AdaBN
152,4,1,0.00039792900008706056,42,A08,cross-session,AdaBN
153,4,1,0.00039653299995734415,42,A08,cross-session,AdaBN
154,4,1,0.00041257299994867935,42,A08,cross-session,AdaBN
155,4,1,0.0003909460000386389,42,A08,cross-session,AdaBN
156,4,0,0.00041277599996192293,42,A08,cross-session,AdaBN
157,4,0,0.0003970719999415451,42,A08,cross-session,AdaBN
158,4,1,0.000418921000004957,42,A08,cross-session,AdaBN
159,4,0,0.00040228600005320914,42,A08,cross-session,AdaBN
160,4,1,0.0004003919999604477,42,A08,cross-session,AdaBN
161,4,1,0.00040920600008576,42,A08,cross-session,AdaBN
162,4,1,0.00038427099991622526,42,A08,cross-session,AdaBN
163,4,0,0.00042648999999528314,42,A08,cross-session,AdaBN
164,4,0,0.00038657499999317224,42,A08,cross-session,AdaBN
165,4,1,0.00041633199998614145,42,A08,cross-session,AdaBN
166,4,0,0.00038816099993255193,42,A08,cross-session,AdaBN
167,4,1,0.00039632200002870377,42,A08,cross-session,AdaBN
168,4,1,0.0003907110000227476,42,A08,cross-session,AdaBN
169,4,1,0.0004227360000186309,42,A08,cross-session,AdaBN
170,4,1,0.0003895150000516878,42,A08,cross-session,AdaBN
171,4,1,0.00038643000004867645,42,A08,cross-session,AdaBN
172,4,1,0.0003870100000540333,42,A08,cross-session,AdaBN
173,4,1,0.00038300099993193726,42,A08,cross-session,AdaBN
174,4,1,0.000392040000065208,42,A08,cross-session,AdaBN
175,4,1,0.0003781220000291796,42,A08,cross-session,AdaBN
176,4,1,0.00040104099991822295,42,A08,cross-session,AdaBN
177,4,1,0.000380937999921116,42,A08,cross-session,AdaBN
178,4,0,0.00039755099999183585,42,A08,cross-session,AdaBN
179,4,0,0.000395559000025969,42,A08,cross-session,AdaBN
180,4,1,0.0003974729999072224,42,A08,cross-session,AdaBN
181,4,0,0.00038558799997190363,42,A08,cross-session,AdaBN
182,4,1,0.0003984850000051665,42,A08,cross-session,AdaBN
183,4,1,0.00038759000005939015,42,A08,cross-session,AdaBN
184,4,1,0.0003857450000168683,42,A08,cross-session,AdaBN
185,4,1,0.0003915629999937664,42,A08,cross-session,AdaBN
186,4,0,0.0003827929999715707,42,A08,cross-session,AdaBN
187,4,1,0.0004016519999368029,42,A08,cross-session,AdaBN
188,4,0,0.0003929570000309468,42,A08,cross-session,AdaBN
189,4,1,0.00040549000004830305,42,A08,cross-session,AdaBN
190,4,1,0.00040402299998731905,42,A08,cross-session,AdaBN
191,4,0,0.00041643999998086656,42,A08,cross-session,AdaBN
192,4,1,0.00039118200004395476,42,A08,cross-session,AdaBN
193,4,1,0.00043879800000468094,42,A08,cross-session,AdaBN
194,4,1,0.00040380899997671804,42,A08,cross-session,AdaBN
195,4,1,0.00039163500002814544,42,A08,cross-session,AdaBN
196,4,0,0.00038740799993775,42,A08,cross-session,AdaBN
197,4,0,0.00039841300008447433,42,A08,cross-session,AdaBN
198,4,0,0.0004110670000727623,42,A08,cross-session,AdaBN
199,4,1,0.00039188599998851714,42,A08,cross-session,AdaBN
200,4,1,0.00040617499996642437,42,A08,cross-session,AdaBN
201,4,0,0.0003917890001048363,42,A08,cross-session,AdaBN
202,4,1,0.0004028300000982199,42,A08,cross-session,AdaBN
203,4,1,0.0003909189999831142,42,A08,cross-session,AdaBN
204,4,1,0.0003974270000526303,42,A08,cross-session,AdaBN
205,4,1,0.0004018230000610856,42,A08,cross-session,AdaBN
206,4,0,0.00039849100005540095,42,A08,cross-session,AdaBN
207,4,1,0.00038727200001176243,42,A08,cross-session,AdaBN
208,4,1,0.0004190379999045035,42,A08,cross-session,AdaBN
209,4,0,0.000391754000020228,42,A08,cross-session,AdaBN
210,4,1,0.00039202799996473914,42,A08,cross-session,AdaBN
211,4,0,0.00039903399999730027,42,A08,cross-session,AdaBN
212,4,0,0.0003875129999642013,42,A08,cross-session,AdaBN
213,4,1,0.0003916929999832064,42,A08,cross-session,AdaBN
214,4,1,0.0003855070000327032,42,A08,cross-session,AdaBN
215,4,0,0.00040222500001618755,42,A08,cross-session,AdaBN
216,4,1,0.00038562400004593655,42,A08,cross-session,AdaBN
217,4,1,0.0003980379999575234,42,A08,cross-session,AdaBN
218,4,0,0.00038868499996169703,42,A08,cross-session,AdaBN
219,4,0,0.0004193409999970754,42,A08,cross-session,AdaBN
220,4,1,0.0003932399999939662,42,A08,cross-session,AdaBN
221,4,1,0.00039074900007562974,42,A08,cross-session,AdaBN
222,4,1,0.0003938280000284067,42,A08,cross-session,AdaBN
223,4,1,0.0004360450000149285,42,A08,cross-session,AdaBN
224,4,1,0.00039114300000164803,42,A08,cross-session,AdaBN
225,4,0,0.00038661799999317736,42,A08,cross-session,AdaBN
226,4,1,0.00039504500000475673,42,A08,cross-session,AdaBN
227,4,0,0.00038834399992992985,42,A08,cross-session,AdaBN
228,4,1,0.0004104050000250936,42,A08,cross-session,AdaBN
229,4,1,0.00040178199992624286,42,A08,cross-session,AdaBN
230,4,1,0.0003961520000075325,42,A08,cross-session,AdaBN
231,4,1,0.00038426799994795147,42,A08,cross-session,AdaBN
232,4,0,0.00039807899997867935,42,A08,cross-session,AdaBN
233,4,0,0.000440584999978455,42,A08,cross-session,AdaBN
234,4,1,0.00039322800000718416,42,A08,cross-session,AdaBN
235,4,1,0.0004000960000212217,42,A08,cross-session,AdaBN
236,4,1,0.0004143929999145257,42,A08,cross-session,AdaBN
237,4,1,0.00038593600004332984,42,A08,cross-session,AdaBN
238,4,1,0.00038556000004064117,42,A08,cross-session,AdaBN
239,4,1,0.0003972829999838723,42,A08,cross-session,AdaBN
240,4,1,0.0003951099999994767,42,A08,cross-session,AdaBN
241,4,1,0.0004037709999238359,42,A08,cross-session,AdaBN
242,4,1,0.00038929299989831634,42,A08,cross-session,AdaBN
243,4,1,0.00041716900000210444,42,A08,cross-session,AdaBN
244,4,1,0.0003948949999994511,42,A08,cross-session,AdaBN
245,4,1,0.0003934200000230703,42,A08,cross-session,AdaBN
246,4,0,0.00038119000009828596,42,A08,cross-session,AdaBN
247,4,0,0.0003886919998876692,42,A08,cross-session,AdaBN
248,4,0,0.00039486800005761324,42,A08,cross-session,AdaBN
249,4,1,0.000393444999986059,42,A08,cross-session,AdaBN
250,4,1,0.0003988939999999275,42,A08,cross-session,AdaBN
251,4,0,0.0003896949999671051,42,A08,cross-session,AdaBN
252,4,0,0.0003905710000253748,42,A08,cross-session,AdaBN
253,4,1,0.00038505800000621093,42,A08,cross-session,AdaBN
254,4,0,0.00040060599997104873,42,A08,cross-session,AdaBN
255,4,0,0.00038896400008070486,42,A08,cross-session,AdaBN
256,4,1,0.00040942500004348403,42,A08,cross-session,AdaBN
257,4,1,0.00039949400002115,42,A08,cross-session,AdaBN
258,4,1,0.0004007000000001426,42,A08,cross-session,AdaBN
259,4,1,0.0003874310000355763,42,A08,cross-session,AdaBN
260,4,1,0.0003947180000523076,42,A08,cross-session,AdaBN
261,4,0,0.00038831900008062803,42,A08,cross-session,AdaBN
262,4,1,0.00038092499994490936,42,A08,cross-session,AdaBN
263,4,1,0.0003972460000341016,42,A08,cross-session,AdaBN
264,4,0,0.0003965089999837801,42,A08,cross-session,AdaBN
265,4,1,0.0004057610000245404,42,A08,cross-session,AdaBN
266,4,0,0.00038544400001683243,42,A08,cross-session,AdaBN
267,4,0,0.00042452699995010335,42,A08,cross-session,AdaBN
268,4,1,0.0003876480000144511,42,A08,cross-session,AdaBN
269,4,1,0.0004022750000558517,42,A08,cross-session,AdaBN
270,4,1,0.00039076300004126097,42,A08,cross-session,AdaBN
271,4,1,0.00039386100002047897,42,A08,cross-session,AdaBN
272,4,0,0.00038333899999543064,42,A08,cross-session,AdaBN
273,4,1,0.00040689700006169005,42,A08,cross-session,AdaBN
274,4,1,0.00038324299998748756,42,A08,cross-session,AdaBN
275,4,1,0.00037766800005556433,42,A08,cross-session,AdaBN
276,4,0,0.0003849070000114807,42,A08,cross-session,AdaBN
277,4,0,0.0003977899999654255,42,A08,cross-session,AdaBN
278,4,1,0.00038745999995626335,42,A08,cross-session,AdaBN
279,4,0,0.00039552699990963447,42,A08,cross-session,AdaBN
280,4,1,0.0004216279999127437,42,A08,cross-session,AdaBN
281,4,1,0.0003837900000007721,42,A08,cross-session,AdaBN
282,4,0,0.0004046039999821005,42,A08,cross-session,AdaBN
283,4,1,0.00038077299996075453,42,A08,cross-session,AdaBN
284,4,1,0.0003843859999506094,42,A08,cross-session,AdaBN
285,4,0,0.0003952470000285757,42,A08,cross-session,AdaBN
286,4,1,0.0004032250000136628,42,A08,cross-session,AdaBN
287,4,0,0.0003877899999906731,42,A08,cross-session,AdaBN
0,1,1,0.0006825789999993503,42,A09,cross-session,AdaBN
1,2,1,0.0006120499999724416,42,A09,cross-session,AdaBN
2,3,1,0.0006313359999694512,42,A09,cross-session,AdaBN
3,4,1,0.000551213000107964,42,A09,cross-session,AdaBN
4,4,1,0.0005531709999786472,42,A09,cross-session,AdaBN
5,4,1,0.000626954000040314,42,A09,cross-session,AdaBN
6,4,1,0.0005793710000716601,42,A09,cross-session,AdaBN
7,4,0,0.0006033859999661217,42,A09,cross-session,AdaBN
8,4,0,0.0012896949999685603,42,A09,cross-session,AdaBN
9,4,1,0.00113457500003733,42,A09,cross-session,AdaBN
10,4,1,0.0010313049999695068,42,A09,cross-session,AdaBN
11,4,0,0.0010216069999842148,42,A09,cross-session,AdaBN
12,4,1,0.0010054079999690657,42,A09,cross-session,AdaBN
13,4,1,0.0009978750000527725,42,A09,cross-session,AdaBN
14,4,1,0.000996414000042023,42,A09,cross-session,AdaBN
15,4,1,0.001001065999957973,42,A09,cross-session,AdaBN
16,4,1,0.0010351410001021577,42,A09,cross-session,AdaBN
17,4,1,0.0010120919999963007,42,A09,cross-session,AdaBN
18,4,1,0.00048290300003372977,42,A09,cross-session,AdaBN
19,4,1,0.0004099770000038916,42,A09,cross-session,AdaBN
20,4,1,0.0003827990000218051,42,A09,cross-session,AdaBN
21,4,0,0.00046345900000233087,42,A09,cross-session,AdaBN
22,4,1,0.00042807899990293663,42,A09,cross-session,AdaBN
23,4,1,0.00039646699997319956,42,A09,cross-session,AdaBN
24,4,1,0.0004089490000751539,42,A09,cross-session,AdaBN
25,4,1,0.00042639699995561386,42,A09,cross-session,AdaBN
26,4,1,0.0003694709999990664,42,A09,cross-session,AdaBN
27,4,1,0.0003888569999617175,42,A09,cross-session,AdaBN
28,4,1,0.0003791789999922912,42,A09,cross-session,AdaBN
29,4,1,0.0003840650000483947,42,A09,cross-session,AdaBN
30,4,1,0.0003710310000997197,42,A09,cross-session,AdaBN
31,4,1,0.00037722299998677045,42,A09,cross-session,AdaBN
32,4,1,0.00038931999995384103,42,A09,cross-session,AdaBN
33,4,0,0.0004170010000734692,42,A09,cross-session,AdaBN
34,4,0,0.00039234600001236686,42,A09,cross-session,AdaBN
35,4,1,0.00041274499994869984,42,A09,cross-session,AdaBN
36,4,1,0.0003845279999268314,42,A09,cross-session,AdaBN
37,4,1,0.0003738500000736167,42,A09,cross-session,AdaBN
38,4,1,0.0004080749999957334,42,A09,cross-session,AdaBN
39,4,1,0.0003749850000076549,42,A09,cross-session,AdaBN
40,4,1,0.0003850479999982781,42,A09,cross-session,AdaBN
41,4,1,0.0003735529999175924,42,A09,cross-session,AdaBN
42,4,1,0.0003776349999498052,42,A09,cross-session,AdaBN
43,4,0,0.0003746730000102616,42,A09,cross-session,AdaBN
44,4,1,0.000383456000008664,42,A09,cross-session,AdaBN
45,4,0,0.00038862499991410004,42,A09,cross-session,AdaBN
46,4,1,0.00037638499998138286,42,A09,cross-session,AdaBN
47,4,1,0.00039099500008887844,42,A09,cross-session,AdaBN
48,4,1,0.00039161299991974374,42,A09,cross-session,AdaBN
49,4,1,0.00042301200005567807,42,A09,cross-session,AdaBN
50,4,1,0.0004162110000152097,42,A09,cross-session,AdaBN
51,4,1,0.0004022790000135501,42,A09,cross-session,AdaBN
52,4,1,0.0003823539999530112,42,A09,cross-session,AdaBN
53,4,1,0.00040411600002698833,42,A09,cross-session,AdaBN
54,4,1,0.0003737969999519919,42,A09,cross-session,AdaBN
55,4,1,0.00041200800001206517,42,A09,cross-session,AdaBN
56,4,1,0.00037821299997631286,42,A09,cross-session,AdaBN
57,4,1,0.00036912300004132703,42,A09,cross-session,AdaBN
58,4,1,0.00038092299996606016,42,A09,cross-session,AdaBN
59,4,1,0.00037388900000223657,42,A09,cross-session,AdaBN
60,4,1,0.00042518800000834744,42,A09,cross-session,AdaBN
61,4,1,0.00037749500006611925,42,A09,cross-session,AdaBN
62,4,1,0.0004108530000621613,42,A09,cross-session,AdaBN
63,4,1,0.0003758779999998296,42,A09,cross-session,AdaBN
64,4,1,0.00039190099994357297,42,A09,cross-session,AdaBN
65,4,1,0.0003735120000101233,42,A09,cross-session,AdaBN
66,4,1,0.00038051199999245,42,A09,cross-session,AdaBN
67,4,1,0.0003982690000157163,42,A09,cross-session,AdaBN
68,4,0,0.00041784600000482897,42,A09,cross-session,AdaBN
69,4,0,0.0004451269999208307,42,A09,cross-session,AdaBN
70,4,0,0.00039173900006517215,42,A09,cross-session,AdaBN
71,4,1,0.0003933899999992718,42,A09,cross-session,AdaBN
72,4,1,0.00037339799996516376,42,A09,cross-session,AdaBN
73,4,1,0.00040887299996938964,42,A09,cross-session,AdaBN
74,4,1,0.0003901360000782006,42,A09,cross-session,AdaBN
75,4,1,0.0004324450000012803,42,A09,cross-session,AdaBN
76,4,1,0.00040138600002137537,42,A09,cross-session,AdaBN
77,4,0,0.00041583400002309645,42,A09,cross-session,AdaBN
78,4,0,0.00040120899996054504,42,A09,cross-session,AdaBN
79,4,1,0.00041425999995681195,42,A09,cross-session,AdaBN
80,4,1,0.000401952000061101,42,A09,cross-session,AdaBN
81,4,1,0.00039290600000185805,42,A09,cross-session,AdaBN
82,4,1,0.0004056889999901614,42,A09,cross-session,AdaBN
83,4,1,0.0004054810000297948,42,A09,cross-session,AdaBN
84,4,1,0.0004000210000185689,42,A09,cross-session,AdaBN
85,4,1,0.0003688360000069224,42,A09,cross-session,AdaBN
86,4,1,0.00038610900003277493,42,A09,cross-session,AdaBN
87,4,1,0.00037054200004149607,42,A09,cross-session,AdaBN
88,4,0,0.0004015490000028876,42,A09,cross-session,AdaBN
89,4,1,0.00039339400007065706,42,A09,cross-session,AdaBN
90,4,1,0.000393889999941166,42,A09,cross-session,AdaBN
91,4,1,0.0003862780000645216,42,A09,cross-session,AdaBN
92,4,1,0.00041578800005481753,42,A09,cross-session,AdaBN
93,4,1,0.00038611200000104873,42,A09,cross-session,AdaBN
94,4,0,0.00039515999992545403,42,A09,cross-session,AdaBN
95,4,1,0.0003927830000520771,42,A09,cross-session,AdaBN
96,4,1,0.0003926430000547043,42,A09,cross-session,AdaBN
97,4,1,0.0003980860000183384,42,A09,cross-session,AdaBN
98,4,1,0.00038559699999041186,42,A09,cross-session,AdaBN
99,4,1,0.0004025629999659941,42,A09,cross-session,AdaBN
100,4,1,0.00036977699994622526,42,A09,cross-session,AdaBN
101,4,1,0.00039775499999450403,42,A09,cross-session,AdaBN
102,4,1,0.0003801949999342469,42,A09,cross-session,AdaBN
103,4,1,0.00040957900000648806,42,A09,cross-session,AdaBN
104,4,0,0.00038751100009903894,42,A09,cross-session,AdaBN
105,4,1,0.00039269799992780463,42,A09,cross-session,AdaBN
106,4,1,0.00038246799999797076,42,A09,cross-session,AdaBN
107,4,1,0.0003856760000644499,42,A09,cross-session,AdaBN
108,4,0,0.00038505600002736173,42,A09,cross-session,AdaBN
109,4,1,0.0004098829999747977,42,A09,cross-session,AdaBN
110,4,1,0.00040163699998174707,42,A09,cross-session,AdaBN
111,4,1,0.0003897679999909087,42,A09,cross-session,AdaBN
112,4,1,0.0004177819999995336,42,A09,cross-session,AdaBN
113,4,0,0.00038428499999554333,42,A09,cross-session,AdaBN
114,4,1,0.00039497900002061215,42,A09,cross-session,AdaBN
115,4,1,0.0003834940000615461,42,A09,cross-session,AdaBN
116,4,1,0.0003882380000277408,42,A09,cross-session,AdaBN
117,4,1,0.0003768210000316685,42,A09,cross-session,AdaBN
118,4,1,0.00039129000003867986,42,A09,cross-session,AdaBN
119,4,1,0.0003854760000194801,42,A09,cross-session,AdaBN
120,4,0,0.00038426799994795147,42,A09,cross-session,AdaBN
121,4,1,0.0003983159999734198,42,A09,cross-session,AdaBN
122,4,1,0.0003839999999399879,42,A09,cross-session,AdaBN
123,4,1,0.0004137509999964095,42,A09,cross-session,AdaBN
124,4,1,0.0003891579999617534,42,A09,cross-session,AdaBN
125,4,1,0.000411383000027854,42,A09,cross-session,AdaBN
126,4,1,0.00038477100008549314,42,A09,cross-session,AdaBN
127,4,1,0.00040696200005641003,42,A09,cross-session,AdaBN
128,4,1,0.0003882750000911983,42,A09,cross-session,AdaBN
129,4,1,0.0003892719998930261,42,A09,cross-session,AdaBN
130,4,1,0.0003906389999883686,42,A09,cross-session,AdaBN
131,4,1,0.00038559600000098726,42,A09,cross-session,AdaBN
132,4,0,0.00039409900000464404,42,A09,cross-session,AdaBN
133,4,0,0.00038744800008316815,42,A09,cross-session,AdaBN
134,4,0,0.0004041370000322786,42,A09,cross-session,AdaBN
135,4,1,0.0003898069999195286,42,A09,cross-session,AdaBN
136,4,1,0.00042353399999228714,42,A09,cross-session,AdaBN
137,4,1,0.00039322300006006117,42,A09,cross-session,AdaBN
138,4,1,0.0003991060000316793,42,A09,cross-session,AdaBN
139,4,0,0.00038653200010685396,42,A09,cross-session,AdaBN
140,4,0,0.0003802310000082798,42,A09,cross-session,AdaBN
141,4,1,0.00036638000005950744,42,A09,cross-session,AdaBN
142,4,1,0.0003851569999824278,42,A09,cross-session,AdaBN
143,4,1,0.0004018329999553316,42,A09,cross-session,AdaBN
144,4,0,0.00038236499995036866,42,A09,cross-session,AdaBN
145,4,0,0.0004111050000119576,42,A09,cross-session,AdaBN
146,4,1,0.00037693400008720346,42,A09,cross-session,AdaBN
147,4,1,0.0006588180000335342,42,A09,cross-session,AdaBN
148,4,1,0.0004436310000528465,42,A09,cross-session,AdaBN
149,4,1,0.0004321730000356183,42,A09,cross-session,AdaBN
150,4,1,0.00040641399994001404,42,A09,cross-session,AdaBN
151,4,1,0.0004060429999981352,42,A09,cross-session,AdaBN
152,4,1,0.0004330770000251505,42,A09,cross-session,AdaBN
153,4,0,0.00039112100000693317,42,A09,cross-session,AdaBN
154,4,1,0.0003773479999154006,42,A09,cross-session,AdaBN
155,4,1,0.00040476599997418816,42,A09,cross-session,AdaBN
156,4,1,0.00037570599999980914,42,A09,cross-session,AdaBN
157,4,0,0.00038618400003542774,42,A09,cross-session,AdaBN
158,4,1,0.00038372599999547674,42,A09,cross-session,AdaBN
159,4,0,0.00037855699997635384,42,A09,cross-session,AdaBN
160,4,0,0.00036502000000382395,42,A09,cross-session,AdaBN
161,4,0,0.0003872629999932542,42,A09,cross-session,AdaBN
162,4,0,0.00036307600009877206,42,A09,cross-session,AdaBN
163,4,1,0.00036125799999808805,42,A09,cross-session,AdaBN
164,4,1,0.00036313699990841997,42,A09,cross-session,AdaBN
165,4,1,0.0003604290000112087,42,A09,cross-session,AdaBN
166,4,1,0.00038442499999291613,42,A09,cross-session,AdaBN
167,4,1,0.00036600800001451717,42,A09,cross-session,AdaBN
168,4,1,0.0003685279999672275,42,A09,cross-session,AdaBN
169,4,0,0.00037135299999135896,42,A09,cross-session,AdaBN
170,4,1,0.00036708800007545506,42,A09,cross-session,AdaBN
171,4,1,0.00037053900007322227,42,A09,cross-session,AdaBN
172,4,1,0.0003685430000359702,42,A09,cross-session,AdaBN
173,4,0,0.00037630300005275785,42,A09,cross-session,AdaBN
174,4,1,0.0003631719999930283,42,A09,cross-session,AdaBN
175,4,1,0.00037740400000529917,42,A09,cross-session,AdaBN
176,4,1,0.0003623510000352326,42,A09,cross-session,AdaBN
177,4,1,0.00036146299999018083,42,A09,cross-session,AdaBN
178,4,0,0.0003779449999683493,42,A09,cross-session,AdaBN
179,4,1,0.00037068999995426566,42,A09,cross-session,AdaBN
180,4,1,0.00037753300000531453,42,A09,cross-session,AdaBN
181,4,1,0.00036861899991436076,42,A09,cross-session,AdaBN
182,4,1,0.00036826099994868855,42,A09,cross-session,AdaBN
183,4,1,0.0003623920000563885,42,A09,cross-session,AdaBN
184,4,1,0.00036016699993979273,42,A09,cross-session,AdaBN
185,4,0,0.00036821399999098503,42,A09,cross-session,AdaBN
186,4,1,0.000363567000022158,42,A09,cross-session,AdaBN
187,4,1,0.0003804489999765792,42,A09,cross-session,AdaBN
188,4,1,0.00037707800004227465,42,A09,cross-session,AdaBN
189,4,1,0.00037440200003402424,42,A09,cross-session,AdaBN
190,4,1,0.00036214499994002836,42,A09,cross-session,AdaBN
191,4,1,0.0003654059999007586,42,A09,cross-session,AdaBN
192,4,1,0.0003857509999534159,42,A09,cross-session,AdaBN
193,4,1,0.00038437499995325197,42,A09,cross-session,AdaBN
194,4,1,0.0003878210000038962,42,A09,cross-session,AdaBN
195,4,1,0.0003692840000439901,42,A09,cross-session,AdaBN
196,4,1,0.0003822959999979503,42,A09,cross-session,AdaBN
197,4,1,0.00036727899998822977,42,A09,cross-session,AdaBN
198,4,0,0.00037683999994442274,42,A09,cross-session,AdaBN
199,4,1,0.00037845800000013696,42,A09,cross-session,AdaBN
200,4,1,0.0003721360000099594,42,A09,cross-session,AdaBN
201,4,1,0.000380937999921116,42,A09,cross-session,AdaBN
202,4,1,0.0003909179999936896,42,A09,cross-session,AdaBN
203,4,1,0.0004013399999394096,42,A09,cross-session,AdaBN
204,4,0,0.0003826299999900584,42,A09,cross-session,AdaBN
205,4,1,0.0004041500000084852,42,A09,cross-session,AdaBN
206,4,1,0.00038521199996921496,42,A09,cross-session,AdaBN
207,4,1,0.0003983459999972183,42,A09,cross-session,AdaBN
208,4,0,0.0004026240000030157,42,A09,cross-session,AdaBN
209,4,1,0.00039722899998650973,42,A09,cross-session,AdaBN
210,4,1,0.0003808210000215695,42,A09,cross-session,AdaBN
211,4,1,0.00038401699998757977,42,A09,cross-session,AdaBN
212,4,1,0.000401196999973763,42,A09,cross-session,AdaBN
213,4,1,0.0003830059999927471,42,A09,cross-session,AdaBN
214,4,0,0.0003986530000474886,42,A09,cross-session,AdaBN
215,4,1,0.0003909910000174932,42,A09,cross-session,AdaBN
216,4,1,0.0003954130000920486,42,A09,cross-session,AdaBN
217,4,0,0.000386209999987841,42,A09,cross-session,AdaBN
218,4,0,0.00038982799992481887,42,A09,cross-session,AdaBN
219,4,1,0.0003776430000925757,42,A09,cross-session,AdaBN
220,4,1,0.0003910860000360117,42,A09,cross-session,AdaBN
221,4,1,0.000384867999969174,42,A09,cross-session,AdaBN
222,4,1,0.00038826699994842784,42,A09,cross-session,AdaBN
223,4,1,0.0003864609999482127,42,A09,cross-session,AdaBN
224,4,1,0.00037863599993670505,42,A09,cross-session,AdaBN
225,4,1,0.00038805400004093826,42,A09,cross-session,AdaBN
226,4,1,0.00038425499997174484,42,A09,cross-session,AdaBN
227,4,0,0.00040579299991350126,42,A09,cross-session,AdaBN
228,4,1,0.0003897959999221712,42,A09,cross-session,AdaBN
229,4,1,0.00038031999997656385,42,A09,cross-session,AdaBN
230,4,0,0.000383965999958491,42,A09,cross-session,AdaBN
231,4,1,0.0003817470000058165,42,A09,cross-session,AdaBN
232,4,1,0.00037935800003197073,42,A09,cross-session,AdaBN
233,4,1,0.00038512500009346695,42,A09,cross-session,AdaBN
234,4,1,0.00038541200001418474,42,A09,cross-session,AdaBN
235,4,1,0.00037493800004995137,42,A09,cross-session,AdaBN
236,4,0,0.00041211999996448867,42,A09,cross-session,AdaBN
237,4,1,0.0003874000000223532,42,A09,cross-session,AdaBN
238,4,1,0.0003881819999378422,42,A09,cross-session,AdaBN
239,4,0,0.00039213399998061504,42,A09,cross-session,AdaBN
240,4,1,0.0003896520000807868,42,A09,cross-session,AdaBN
241,4,1,0.00038932200004637707,42,A09,cross-session,AdaBN
242,4,1,0.00040806699996664975,42,A09,cross-session,AdaBN
243,4,0,0.00039428299999144656,42,A09,cross-session,AdaBN
244,4,1,0.00037993299997651775,42,A09,cross-session,AdaBN
245,4,1,0.0004004909999366646,42,A09,cross-session,AdaBN
246,4,1,0.00038376999998490646,42,A09,cross-session,AdaBN
247,4,0,0.0003853380000009565,42,A09,cross-session,AdaBN
248,4,1,0.0003812370000559895,42,A09,cross-session,AdaBN
249,4,0,0.00038831199992728216,42,A09,cross-session,AdaBN
250,4,1,0.00038347600002452964,42,A09,cross-session,AdaBN
251,4,1,0.0003775719999339344,42,A09,cross-session,AdaBN
252,4,1,0.00038952700003846985,42,A09,cross-session,AdaBN
253,4,1,0.0003798469999765075,42,A09,cross-session,AdaBN
254,4,1,0.00040845000000899745,42,A09,cross-session,AdaBN
255,4,1,0.00038169200001902936,42,A09,cross-session,AdaBN
256,4,1,0.00039622699989649846,42,A09,cross-session,AdaBN
257,4,1,0.00039956799992069136,42,A09,cross-session,AdaBN
258,4,1,0.00039711700003408623,42,A09,cross-session,AdaBN
259,4,0,0.0003786390000186657,42,A09,cross-session,AdaBN
260,4,0,0.000400205999994796,42,A09,cross-session,AdaBN
261,4,1,0.00038999699995656556,42,A09,cross-session,AdaBN
262,4,1,0.00038685399999849324,42,A09,cross-session,AdaBN
263,4,1,0.0004070290000299792,42,A09,cross-session,AdaBN
264,4,1,0.0003966430000446053,42,A09,cross-session,AdaBN
265,4,1,0.0003913719999673049,42,A09,cross-session,AdaBN
266,4,0,0.0003914559999884659,42,A09,cross-session,AdaBN
267,4,1,0.00039970599993921496,42,A09,cross-session,AdaBN
268,4,1,0.0003865369999402901,42,A09,cross-session,AdaBN
269,4,1,0.0004492360000085682,42,A09,cross-session,AdaBN
270,4,0,0.0003934559999834164,42,A09,cross-session,AdaBN
271,4,1,0.00040285800002948235,42,A09,cross-session,AdaBN
272,4,1,0.00039202200002819154,42,A09,cross-session,AdaBN
273,4,1,0.0004160689999253009,42,A09,cross-session,AdaBN
274,4,1,0.0003842479999320858,42,A09,cross-session,AdaBN
275,4,1,0.0004237419999526537,42,A09,cross-session,AdaBN
276,4,0,0.00038615699997990305,42,A09,cross-session,AdaBN
277,4,1,0.0003779529999974329,42,A09,cross-session,AdaBN
278,4,1,0.0003896120000490555,42,A09,cross-session,AdaBN
279,4,1,0.0003796690000399394,42,A09,cross-session,AdaBN
280,4,1,0.00038643599998522404,42,A09,cross-session,AdaBN
281,4,0,0.0003967920000604863,42,A09,cross-session,AdaBN
282,4,1,0.00039917799995237147,42,A09,cross-session,AdaBN
283,4,0,0.0003783260000318478,42,A09,cross-session,AdaBN
284,4,1,0.0003877269999748023,42,A09,cross-session,AdaBN
285,4,0,0.0003879570000435706,42,A09,cross-session,AdaBN
286,4,1,0.00038635999999314663,42,A09,cross-session,AdaBN
287,4,0,0.0004062329999214853,42,A09,cross-session,AdaBN
0,1,1,0.0006615370000417897,97,A01,cross-session,AdaBN
1,2,1,0.0006180369999810864,97,A01,cross-session,AdaBN
2,3,1,0.0006005340000001524,97,A01,cross-session,AdaBN
3,4,1,0.0005417109999825698,97,A01,cross-session,AdaBN
4,4,1,0.0006101829999352049,97,A01,cross-session,AdaBN
5,4,0,0.0005507980000629686,97,A01,cross-session,AdaBN
6,4,1,0.0006584709999515326,97,A01,cross-session,AdaBN
7,4,0,0.0006500160000086908,97,A01,cross-session,AdaBN
8,4,1,0.0006549429999722634,97,A01,cross-session,AdaBN
9,4,1,0.000640129999965211,97,A01,cross-session,AdaBN
10,4,1,0.0006282370000008086,97,A01,cross-session,AdaBN
11,4,0,0.0006350879999672543,97,A01,cross-session,AdaBN
12,4,1,0.0005814080000163813,97,A01,cross-session,AdaBN
13,4,1,0.0005774070000370557,97,A01,cross-session,AdaBN
14,4,0,0.0005953869999757444,97,A01,cross-session,AdaBN
15,4,0,0.000544182999988152,97,A01,cross-session,AdaBN
16,4,0,0.00047027000005073205,97,A01,cross-session,AdaBN
17,4,1,0.0004607949999808625,97,A01,cross-session,AdaBN
18,4,0,0.00043141599996943114,97,A01,cross-session,AdaBN
19,4,1,0.00045683700000154204,97,A01,cross-session,AdaBN
20,4,1,0.0004282019999664044,97,A01,cross-session,AdaBN
21,4,1,0.00044987299997956143,97,A01,cross-session,AdaBN
22,4,1,0.0004329159999088006,97,A01,cross-session,AdaBN
23,4,0,0.00044826299995293084,97,A01,cross-session,AdaBN
24,4,0,0.0004384930000469467,97,A01,cross-session,AdaBN
25,4,1,0.000448878000042896,97,A01,cross-session,AdaBN
26,4,1,0.00043391199994857743,97,A01,cross-session,AdaBN
27,4,1,0.0004767650000303547,97,A01,cross-session,AdaBN
28,4,0,0.000401552999960586,97,A01,cross-session,AdaBN
29,4,0,0.00043596299997261667,97,A01,cross-session,AdaBN
30,4,0,0.00041382899996733613,97,A01,cross-session,AdaBN
31,4,1,0.0004325209999933577,97,A01,cross-session,AdaBN
32,4,1,0.00037602400004743686,97,A01,cross-session,AdaBN
33,4,1,0.000435779000099501,97,A01,cross-session,AdaBN
34,4,1,0.00037001199996211653,97,A01,cross-session,AdaBN
35,4,1,0.00040874399996937427,97,A01,cross-session,AdaBN
36,4,1,0.0003813280000031227,97,A01,cross-session,AdaBN
37,4,0,0.0003986980000263429,97,A01,cross-session,AdaBN
38,4,1,0.0004094090000990036,97,A01,cross-session,AdaBN
39,4,0,0.00044611400005578616,97,A01,cross-session,AdaBN
40,4,1,0.00038036399996599357,97,A01,cross-session,AdaBN
41,4,1,0.00037116700002570724,97,A01,cross-session,AdaBN
42,4,1,0.0003829109999742286,97,A01,cross-session,AdaBN
43,4,1,0.00036262000003262074,97,A01,cross-session,AdaBN
44,4,1,0.00040497399993455474,97,A01,cross-session,AdaBN
45,4,0,0.000369953000017631,97,A01,cross-session,AdaBN
46,4,1,0.0003774510000766895,97,A01,cross-session,AdaBN
47,4,0,0.00036057900001651433,97,A01,cross-session,AdaBN
48,4,0,0.000399919999949816,97,A01,cross-session,AdaBN
49,4,0,0.00038551400007236225,97,A01,cross-session,AdaBN
50,4,1,0.00038079700004800543,97,A01,cross-session,AdaBN
51,4,0,0.00038622199997462303,97,A01,cross-session,AdaBN
52,4,1,0.00036162400010653073,97,A01,cross-session,AdaBN
53,4,1,0.00041429499992773344,97,A01,cross-session,AdaBN
54,4,0,0.0003745650000155365,97,A01,cross-session,AdaBN
55,4,0,0.0004212590000634009,97,A01,cross-session,AdaBN
56,4,1,0.0003784780000160026,97,A01,cross-session,AdaBN
57,4,1,0.00041820499995992577,97,A01,cross-session,AdaBN
58,4,1,0.0003888109999934386,97,A01,cross-session,AdaBN
59,4,1,0.00039100499998312443,97,A01,cross-session,AdaBN
60,4,0,0.0003804169999739315,97,A01,cross-session,AdaBN
61,4,0,0.0003974389999257255,97,A01,cross-session,AdaBN
62,4,1,0.000395345000015368,97,A01,cross-session,AdaBN
63,4,1,0.00038794600004621316,97,A01,cross-session,AdaBN
64,4,1,0.00040880799997466966,97,A01,cross-session,AdaBN
65,4,0,0.0003942979999465024,97,A01,cross-session,AdaBN
66,4,0,0.0004175730000497424,97,A01,cross-session,AdaBN
67,4,1,0.0003838899999664136,97,A01,cross-session,AdaBN
68,4,1,0.0003997799999524432,97,A01,cross-session,AdaBN
69,4,0,0.00038928699996176874,97,A01,cross-session,AdaBN
70,4,1,0.00039009700003589387,97,A01,cross-session,AdaBN
71,4,1,0.00038889200004632585,97,A01,cross-session,AdaBN
72,4,1,0.00038967299997239024,97,A01,cross-session,AdaBN
73,4,0,0.0003836790000377732,97,A01,cross-session,AdaBN
74,4,0,0.0003963699999758319,97,A01,cross-session,AdaBN
75,4,1,0.00039304899996750464,97,A01,cross-session,AdaBN
76,4,0,0.0004153669999595877,97,A01,cross-session,AdaBN
77,4,0,0.0003968550000763571,97,A01,cross-session,AdaBN
78,4,1,0.0003835459999663726,97,A01,cross-session,AdaBN
79,4,1,0.00039077299993550696,97,A01,cross-session,AdaBN
80,4,1,0.0003902289998904962,97,A01,cross-session,AdaBN
81,4,0,0.00039919900007134856,97,A01,cross-session,AdaBN
82,4,0,0.0003906879999249213,97,A01,cross-session,AdaBN
83,4,1,0.0003908559999672434,97,A01,cross-session,AdaBN
84,4,1,0.0003810320000638967,97,A01,cross-session,AdaBN
85,4,1,0.00038875799998550065,97,A01,cross-session,AdaBN
86,4,0,0.00039157799994882225,97,A01,cross-session,AdaBN
87,4,1,0.00039607999997315346,97,A01,cross-session,AdaBN
88,4,1,0.0003960339998911877,97,A01,cross-session,AdaBN
89,4,0,0.000386544000093636,97,A01,cross-session,AdaBN
90,4,1,0.0004026980000162439,97,A01,cross-session,AdaBN
91,4,1,0.0003885009999748945,97,A01,cross-session,AdaBN
92,4,0,0.0003915209999831859,97,A01,cross-session,AdaBN
93,4,1,0.00039389599999140046,97,A01,cross-session,AdaBN
94,4,0,0.0003924140000890475,97,A01,cross-session,AdaBN
95,4,0,0.00040273399997659,97,A01,cross-session,AdaBN
96,4,1,0.0003915140000572137,97,A01,cross-session,AdaBN
97,4,0,0.0003956030000153987,97,A01,cross-session,AdaBN
98,4,1,0.0003830800000059753,97,A01,cross-session,AdaBN
99,4,1,0.0003984749999972337,97,A01,cross-session,AdaBN
100,4,1,0.00038243599999532307,97,A01,cross-session,AdaBN
101,4,0,0.0003915500000175598,97,A01,cross-session,AdaBN
102,4,0,0.000386416999958783,97,A01,cross-session,AdaBN
103,4,0,0.00038840799993522523,97,A01,cross-session,AdaBN
104,4,1,0.0003794840000637123,97,A01,cross-session,AdaBN
105,4,1,0.0003925889999436549,97,A01,cross-session,AdaBN
106,4,1,0.0003806030000532701,97,A01,cross-session,AdaBN
107,4,1,0.00038297900005090924,97,A01,cross-session,AdaBN
108,4,0,0.0003825040000720037,97,A01,cross-session,AdaBN
109,4,1,0.0003807939999660448,97,A01,cross-session,AdaBN
110,4,0,0.00039414599996234756,97,A01,cross-session,AdaBN
111,4,1,0.00038864800001192634,97,A01,cross-session,AdaBN
112,4,1,0.00039268500006528484,97,A01,cross-session,AdaBN
113,4,1,0.000384228000029907,97,A01,cross-session,AdaBN
114,4,0,0.0004172589999598131,97,A01,cross-session,AdaBN
115,4,1,0.00039110700004130194,97,A01,cross-session,AdaBN
116,4,0,0.00039620999996259343,97,A01,cross-session,AdaBN
117,4,0,0.00039256100001239247,97,A01,cross-session,AdaBN
118,4,1,0.00038358400001925474,97,A01,cross-session,AdaBN
119,4,1,0.00038988500000414206,97,A01,cross-session,AdaBN
120,4,1,0.0003829080000059548,97,A01,cross-session,AdaBN
121,4,1,0.0003858830000353919,97,A01,cross-session,AdaBN
122,4,0,0.0003793920000134676,97,A01,cross-session,AdaBN
123,4,0,0.0004144949999727032,97,A01,cross-session,AdaBN
124,4,0,0.00037796599997363955,97,A01,cross-session,AdaBN
125,4,1,0.0003832559999636942,97,A01,cross-session,AdaBN
126,4,0,0.00040021899997100263,97,A01,cross-session,AdaBN
127,4,0,0.00038470500010134856,97,A01,cross-session,AdaBN
128,4,1,0.0003892979999591262,97,A01,cross-session,AdaBN
129,4,0,0.00040592399989236583,97,A01,cross-session,AdaBN
130,4,1,0.0004027109999924505,97,A01,cross-session,AdaBN
131,4,1,0.00037686799998937204,97,A01,cross-session,AdaBN
132,4,0,0.000391838000041389,97,A01,cross-session,AdaBN
133,4,1,0.0003817799999978888,97,A01,cross-session,AdaBN
134,4,0,0.0003947530000232291,97,A01,cross-session,AdaBN
135,4,1,0.00038297500009321084,97,A01,cross-session,AdaBN
136,4,0,0.0003882229999589981,97,A01,cross-session,AdaBN
137,4,0,0.00038984399998298613,97,A01,cross-session,AdaBN
138,4,0,0.0003884599999537386,97,A01,cross-session,AdaBN
139,4,1,0.00037581999993108184,97,A01,cross-session,AdaBN
140,4,1,0.0003912040000386696,97,A01,cross-session,AdaBN
141,4,1,0.00039021399993544037,97,A01,cross-session,AdaBN
142,4,0,0.0003999749999366031,97,A01,cross-session,AdaBN
143,4,1,0.0003890149999961068,97,A01,cross-session,AdaBN
144,4,1,0.0003843729999744028,97,A01,cross-session,AdaBN
145,4,1,0.000393173000020397,97,A01,cross-session,AdaBN
146,4,0,0.0003825400000323498,97,A01,cross-session,AdaBN
147,4,0,0.0003914390000545609,97,A01,cross-session,AdaBN
148,4,1,0.0003811159999713709,97,A01,cross-session,AdaBN
149,4,1,0.0003963859999203123,97,A01,cross-session,AdaBN
150,4,0,0.0003872049999245064,97,A01,cross-session,AdaBN
151,4,1,0.0003752719999283727,97,A01,cross-session,AdaBN
152,4,1,0.00038228400001116825,97,A01,cross-session,AdaBN
153,4,1,0.00038151199998992524,97,A01,cross-session,AdaBN
154,4,0,0.00038784399998803565,97,A01,cross-session,AdaBN
155,4,1,0.0003817559999106379,97,A01,cross-session,AdaBN
156,4,0,0.00038453800004845107,97,A01,cross-session,AdaBN
157,4,1,0.0003719630000205143,97,A01,cross-session,AdaBN
158,4,0,0.0003831490000720805,97,A01,cross-session,AdaBN
159,4,0,0.00037992300008227176,97,A01,cross-session,AdaBN
160,4,1,0.0003757419999601552,97,A01,cross-session,AdaBN
161,4,1,0.000386832999993203,97,A01,cross-session,AdaBN
162,4,1,0.00038017600002149265,97,A01,cross-session,AdaBN
163,4,1,0.0004019550000293748,97,A01,cross-session,AdaBN
164,4,0,0.0003888789999564324,97,A01,cross-session,AdaBN
165,4,1,0.00039894400003959163,97,A01,cross-session,AdaBN
166,4,0,0.00037968000003729685,97,A01,cross-session,AdaBN
167,4,1,0.0004229999999552092,97,A01,cross-session,AdaBN
168,4,1,0.0003863829999772861,97,A01,cross-session,AdaBN
169,4,1,0.0003748899999891364,97,A01,cross-session,AdaBN
170,4,0,0.00041865299999699346,97,A01,cross-session,AdaBN
171,4,0,0.00038770399999066285,97,A01,cross-session,AdaBN
172,4,1,0.0003856499999983498,97,A01,cross-session,AdaBN
173,4,1,0.00039955400006874697,97,A01,cross-session,AdaBN
174,4,0,0.00039514300010523584,97,A01,cross-session,AdaBN
175,4,0,0.0003922229999488991,97,A01,cross-session,AdaBN
176,4,1,0.0003937940000469098,97,A01,cross-session,AdaBN
177,4,1,0.0003843439999400289,97,A01,cross-session,AdaBN
178,4,1,0.00045113300006960344,97,A01,cross-session,AdaBN
179,4,0,0.0004132909999725598,97,A01,cross-session,AdaBN
180,4,1,0.00039495399994393665,97,A01,cross-session,AdaBN
181,4,1,0.0004007310000133657,97,A01,cross-session,AdaBN
182,4,0,0.0003905739999936486,97,A01,cross-session,AdaBN
183,4,0,0.00040992399999595364,97,A01,cross-session,AdaBN
184,4,1,0.000381842000024335,97,A01,cross-session,AdaBN
185,4,1,0.00038974300002792006,97,A01,cross-session,AdaBN
186,4,0,0.0003773430000819644,97,A01,cross-session,AdaBN
187,4,1,0.0003974349999680271,97,A01,cross-session,AdaBN
188,4,1,0.00039944100001321203,97,A01,cross-session,AdaBN
189,4,1,0.00041461000000708736,97,A01,cross-session,AdaBN
190,4,1,0.00039276999996218365,97,A01,cross-session,AdaBN
191,4,1,0.0004060769999796321,97,A01,cross-session,AdaBN
192,4,1,0.0003870460000143794,97,A01,cross-session,AdaBN
193,4,1,0.0004015869999420829,97,A01,cross-session,AdaBN
194,4,0,0.0003812060000427664,97,A01,cross-session,AdaBN
195,4,0,0.0004010469999684574,97,A01,cross-session,AdaBN
196,4,0,0.0003932800000256975,97,A01,cross-session,AdaBN
197,4,1,0.00037557899997864297,97,A01,cross-session,AdaBN
198,4,1,0.0003948440000840492,97,A01,cross-session,AdaBN
199,4,1,0.00041735999991487915,97,A01,cross-session,AdaBN
200,4,0,0.0003889020000542587,97,A01,cross-session,AdaBN
201,4,1,0.00039705599999706465,97,A01,cross-session,AdaBN
202,4,1,0.0004215239999894038,97,A01,cross-session,AdaBN
203,4,1,0.00037842300002921547,97,A01,cross-session,AdaBN
204,4,1,0.00039593600001808227,97,A01,cross-session,AdaBN
205,4,1,0.0004125890000068466,97,A01,cross-session,AdaBN
206,4,0,0.0003865830000222559,97,A01,cross-session,AdaBN
207,4,1,0.0003901929999301501,97,A01,cross-session,AdaBN
208,4,1,0.0004112589999749616,97,A01,cross-session,AdaBN
209,4,1,0.00038077800002156437,97,A01,cross-session,AdaBN
210,4,0,0.00039103000005979993,97,A01,cross-session,AdaBN
211,4,0,0.0003887770000119417,97,A01,cross-session,AdaBN
212,4,1,0.00042498699997395306,97,A01,cross-session,AdaBN
213,4,1,0.00039412800003901793,97,A01,cross-session,AdaBN
214,4,1,0.000376848999962931,97,A01,cross-session,AdaBN
215,4,1,0.0003935329999649184,97,A01,cross-session,AdaBN
216,4,0,0.0003804509999554284,97,A01,cross-session,AdaBN
217,4,1,0.0004188049999811483,97,A01,cross-session,AdaBN
218,4,0,0.0003830370000059702,97,A01,cross-session,AdaBN
219,4,1,0.0003975880000552934,97,A01,cross-session,AdaBN
220,4,1,0.00038527000003796275,97,A01,cross-session,AdaBN
221,4,0,0.0003733730000021751,97,A01,cross-session,AdaBN
222,4,1,0.0004160290000072564,97,A01,cross-session,AdaBN
223,4,1,0.0003825780000852319,97,A01,cross-session,AdaBN
224,4,0,0.0003892880000648802,97,A01,cross-session,AdaBN
225,4,1,0.00037381399999958376,97,A01,cross-session,AdaBN
226,4,0,0.0003996020000158751,97,A01,cross-session,AdaBN
227,4,1,0.00038636900001165486,97,A01,cross-session,AdaBN
228,4,0,0.0003884590000780008,97,A01,cross-session,AdaBN
229,4,1,0.00038759699998536234,97,A01,cross-session,AdaBN
230,4,0,0.00040967899997212953,97,A01,cross-session,AdaBN
231,4,0,0.00039118600000165316,97,A01,cross-session,AdaBN
232,4,0,0.00038298300000860763,97,A01,cross-session,AdaBN
233,4,1,0.00038844100004098436,97,A01,cross-session,AdaBN
234,4,1,0.00038446200005637365,97,A01,cross-session,AdaBN
235,4,1,0.0004364739999118683,97,A01,cross-session,AdaBN
236,4,0,0.0003992780000316998,97,A01,cross-session,AdaBN
237,4,1,0.0004021439999633003,97,A01,cross-session,AdaBN
238,4,1,0.00038598599996930716,97,A01,cross-session,AdaBN
239,4,1,0.0004164900000205307,97,A01,cross-session,AdaBN
240,4,0,0.00038544200003798323,97,A01,cross-session,AdaBN
241,4,1,0.00039166400006251934,97,A01,cross-session,AdaBN
242,4,1,0.0003849330000775808,97,A01,cross-session,AdaBN
243,4,1,0.0004161749999411768,97,A01,cross-session,AdaBN
244,4,1,0.00037660499992853147,97,A01,cross-session,AdaBN
245,4,0,0.0003831710000667954,97,A01,cross-session,AdaBN
246,4,1,0.00039914299998145,97,A01,cross-session,AdaBN
247,4,1,0.0003821589999688513,97,A01,cross-session,AdaBN
248,4,1,0.0003866769999376629,97,A01,cross-session,AdaBN
249,4,1,0.00037468499999704363,97,A01,cross-session,AdaBN
250,4,1,0.00039660599998114776,97,A01,cross-session,AdaBN
251,4,0,0.0004010119999975359,97,A01,cross-session,AdaBN
252,4,1,0.0003859989999455138,97,A01,cross-session,AdaBN
253,4,0,0.00038079200010088243,97,A01,cross-session,AdaBN
254,4,1,0.0003817059999846606,97,A01,cross-session,AdaBN
255,4,1,0.00037946100007957284,97,A01,cross-session,AdaBN
256,4,0,0.0003809049999290437,97,A01,cross-session,AdaBN
257,4,1,0.0003898310000067795,97,A01,cross-session,AdaBN
258,4,1,0.0003797699999950055,97,A01,cross-session,AdaBN
259,4,1,0.0003920110000308341,97,A01,cross-session,AdaBN
260,4,1,0.0003787869999314353,97,A01,cross-session,AdaBN
261,4,1,0.00038031999997656385,97,A01,cross-session,AdaBN
262,4,1,0.00040330400008770084,97,A01,cross-session,AdaBN
263,4,1,0.0003949919999968188,97,A01,cross-session,AdaBN
264,4,1,0.0003952219999519002,97,A01,cross-session,AdaBN
265,4,0,0.00039415299988831975,97,A01,cross-session,AdaBN
266,4,1,0.00039790300002096046,97,A01,cross-session,AdaBN
267,4,0,0.0003887849999273385,97,A01,cross-session,AdaBN
268,4,1,0.00039171699995677045,97,A01,cross-session,AdaBN
269,4,0,0.000393019000057393,97,A01,cross-session,AdaBN
270,4,1,0.000418420999949376,97,A01,cross-session,AdaBN
271,4,1,0.0003814500000771659,97,A01,cross-session,AdaBN
272,4,0,0.0003958710000233623,97,A01,cross-session,AdaBN
273,4,0,0.00038071099993430835,97,A01,cross-session,AdaBN
274,4,0,0.0003824140000006082,97,A01,cross-session,AdaBN
275,4,0,0.00040010700001857913,97,A01,cross-session,AdaBN
276,4,1,0.00039712600005259446,97,A01,cross-session,AdaBN
277,4,0,0.0003852930000221022,97,A01,cross-session,AdaBN
278,4,0,0.000380714000016269,97,A01,cross-session,AdaBN
279,4,1,0.0003917599999567756,97,A01,cross-session,AdaBN
280,4,1,0.0003813780000427869,97,A01,cross-session,AdaBN
281,4,0,0.000426216000050772,97,A01,cross-session,AdaBN
282,4,0,0.0003870489999826532,97,A01,cross-session,AdaBN
283,4,0,0.0003852280000273822,97,A01,cross-session,AdaBN
284,4,0,0.0003879690000303526,97,A01,cross-session,AdaBN
285,4,1,0.00041651899994121777,97,A01,cross-session,AdaBN
286,4,1,0.0003837919999796213,97,A01,cross-session,AdaBN
287,4,0,0.0003785750000133703,97,A01,cross-session,AdaBN
0,1,0,0.0005639170000222293,97,A02,cross-session,AdaBN
1,2,0,0.00047688999995898484,97,A02,cross-session,AdaBN
2,3,0,0.00047615500000119937,97,A02,cross-session,AdaBN
3,4,0,0.0005017730001100063,97,A02,cross-session,AdaBN
4,4,0,0.0004670199999736724,97,A02,cross-session,AdaBN
5,4,1,0.0004347750000306405,97,A02,cross-session,AdaBN
6,4,0,0.00041815800000222225,97,A02,cross-session,AdaBN
7,4,1,0.00043173300002763426,97,A02,cross-session,AdaBN
8,4,1,0.0003957370000762239,97,A02,cross-session,AdaBN
9,4,0,0.0004113800000595802,97,A02,cross-session,AdaBN
10,4,0,0.00041670300004170713,97,A02,cross-session,AdaBN
11,4,0,0.00044130300000233547,97,A02,cross-session,AdaBN
12,4,0,0.0004769729999907213,97,A02,cross-session,AdaBN
13,4,0,0.0004638719999547902,97,A02,cross-session,AdaBN
14,4,0,0.00044909600001119543,97,A02,cross-session,AdaBN
15,4,0,0.00046205000001009466,97,A02,cross-session,AdaBN
16,4,0,0.00043842499997026607,97,A02,cross-session,AdaBN
17,4,1,0.00043763300004684424,97,A02,cross-session,AdaBN
18,4,1,0.0004299510000009832,97,A02,cross-session,AdaBN
19,4,0,0.00042828499999814085,97,A02,cross-session,AdaBN
20,4,0,0.00043393300006755453,97,A02,cross-session,AdaBN
21,4,0,0.0004403069999625586,97,A02,cross-session,AdaBN
22,4,0,0.0004197639999574676,97,A02,cross-session,AdaBN
23,4,0,0.000424044000055801,97,A02,cross-session,AdaBN
24,4,1,0.00044653899999502755,97,A02,cross-session,AdaBN
25,4,0,0.0004528869999376184,97,A02,cross-session,AdaBN
26,4,0,0.0004238960000293446,97,A02,cross-session,AdaBN
27,4,1,0.0004379350000363047,97,A02,cross-session,AdaBN
28,4,0,0.00046075499994913116,97,A02,cross-session,AdaBN
29,4,1,0.0004791679999698317,97,A02,cross-session,AdaBN
30,4,0,0.00044081299995468726,97,A02,cross-session,AdaBN
31,4,1,0.00045659100010198017,97,A02,cross-session,AdaBN
32,4,0,0.0004644870000447554,97,A02,cross-session,AdaBN
33,4,1,0.00046605199997884483,97,A02,cross-session,AdaBN
34,4,1,0.0004425060000130543,97,A02,cross-session,AdaBN
35,4,0,0.00046359899999970366,97,A02,cross-session,AdaBN
36,4,1,0.00044661200001883117,97,A02,cross-session,AdaBN
37,4,0,0.0004568199999539502,97,A02,cross-session,AdaBN
38,4,0,0.0003915709999091632,97,A02,cross-session,AdaBN
39,4,0,0.000418420999949376,97,A02,cross-session,AdaBN
40,4,0,0.0003753129999495286,97,A02,cross-session,AdaBN
41,4,0,0.0004080859999930908,97,A02,cross-session,AdaBN
42,4,1,0.0003614229999584495,97,A02,cross-session,AdaBN
43,4,0,0.000413223000009566,97,A02,cross-session,AdaBN
44,4,0,0.00037170100006278517,97,A02,cross-session,AdaBN
45,4,0,0.0003794850000531369,97,A02,cross-session,AdaBN
46,4,0,0.00037816500002918474,97,A02,cross-session,AdaBN
47,4,0,0.00039814199999455013,97,A02,cross-session,AdaBN
48,4,0,0.00035929799992118205,97,A02,cross-session,AdaBN
49,4,1,0.00036381799998252973,97,A02,cross-session,AdaBN
50,4,0,0.0003767280001056861,97,A02,cross-session,AdaBN
51,4,0,0.00036452500000905275,97,A02,cross-session,AdaBN
52,4,1,0.0003833560000430225,97,A02,cross-session,AdaBN
53,4,0,0.0003772410000237869,97,A02,cross-session,AdaBN
54,4,0,0.00038869499996962986,97,A02,cross-session,AdaBN
55,4,1,0.00036803600005441695,97,A02,cross-session,AdaBN
56,4,1,0.0003735550000101284,97,A02,cross-session,AdaBN
57,4,0,0.0003826470000376503,97,A02,cross-session,AdaBN
58,4,0,0.00036551300001974596,97,A02,cross-session,AdaBN
59,4,0,0.00037486400003672316,97,A02,cross-session,AdaBN
60,4,0,0.00038203600001907034,97,A02,cross-session,AdaBN
61,4,1,0.00045725100005711283,97,A02,cross-session,AdaBN
62,4,0,0.0004449089999525313,97,A02,cross-session,AdaBN
63,4,0,0.00047312699996382435,97,A02,cross-session,AdaBN
64,4,0,0.00042034000000512606,97,A02,cross-session,AdaBN
65,4,1,0.00040954700000384037,97,A02,cross-session,AdaBN
66,4,0,0.00040120200003457285,97,A02,cross-session,AdaBN
67,4,1,0.0004099870000118244,97,A02,cross-session,AdaBN
68,4,0,0.0004135279999673003,97,A02,cross-session,AdaBN
69,4,1,0.00041278100002273277,97,A02,cross-session,AdaBN
70,4,1,0.0004029509999554648,97,A02,cross-session,AdaBN
71,4,0,0.00041614899998876353,97,A02,cross-session,AdaBN
72,4,0,0.0004049560000112251,97,A02,cross-session,AdaBN
73,4,0,0.0004048069999953441,97,A02,cross-session,AdaBN
74,4,0,0.0003961229999731586,97,A02,cross-session,AdaBN
75,4,0,0.00041326300004129735,97,A02,cross-session,AdaBN
76,4,1,0.0004045860000587709,97,A02,cross-session,AdaBN
77,4,0,0.0004157790000363093,97,A02,cross-session,AdaBN
78,4,0,0.00040902599994296907,97,A02,cross-session,AdaBN
79,4,0,0.00041622599997026555,97,A02,cross-session,AdaBN
80,4,0,0.00040565199992670387,97,A02,cross-session,AdaBN
81,4,0,0.0003939680000257795,97,A02,cross-session,AdaBN
82,4,1,0.00041049499998280226,97,A02,cross-session,AdaBN
83,4,0,0.0003986110000369081,97,A02,cross-session,AdaBN
84,4,0,0.00039937300005021825,97,A02,cross-session,AdaBN
85,4,0,0.00039389599999140046,97,A02,cross-session,AdaBN
86,4,0,0.0004079010000168637,97,A02,cross-session,AdaBN
87,4,1,0.0003962250000313361,97,A02,cross-session,AdaBN
88,4,0,0.0003972679999151296,97,A02,cross-session,AdaBN
89,4,0,0.00040601800003514654,97,A02,cross-session,AdaBN
90,4,0,0.0004050389999292747,97,A02,cross-session,AdaBN
91,4,1,0.0003914889999805382,97,A02,cross-session,AdaBN
92,4,0,0.00041312000007565075,97,A02,cross-session,AdaBN
93,4,1,0.00040134300002137024,97,A02,cross-session,AdaBN
94,4,1,0.0003910309999355377,97,A02,cross-session,AdaBN
95,4,0,0.00041910400000233494,97,A02,cross-session,AdaBN
96,4,0,0.00039259699997273856,97,A02,cross-session,AdaBN
97,4,0,0.00039813800003685174,97,A02,cross-session,AdaBN
98,4,1,0.0004039069999635103,97,A02,cross-session,AdaBN
99,4,0,0.00039982400005555974,97,A02,cross-session,AdaBN
100,4,1,0.0003831779999927676,97,A02,cross-session,AdaBN
101,4,0,0.00039019799999095994,97,A02,cross-session,AdaBN
102,4,0,0.0003873339999245218,97,A02,cross-session,AdaBN
103,4,0,0.0003954150000708978,97,A02,cross-session,AdaBN
104,4,0,0.0003856139999243169,97,A02,cross-session,AdaBN
105,4,0,0.0003915940000069895,97,A02,cross-session,AdaBN
106,4,0,0.000384240000016689,97,A02,cross-session,AdaBN
107,4,0,0.0003895060000331796,97,A02,cross-session,AdaBN
108,4,1,0.00039519699998891156,97,A02,cross-session,AdaBN
109,4,0,0.00038974799997504306,97,A02,cross-session,AdaBN
110,4,0,0.00040014800003973505,97,A02,cross-session,AdaBN
111,4,0,0.0003866710000011153,97,A02,cross-session,AdaBN
112,4,1,0.0003959020000365854,97,A02,cross-session,AdaBN
113,4,1,0.0003891019999855416,97,A02,cross-session,AdaBN
114,4,0,0.00039334900009180274,97,A02,cross-session,AdaBN
115,4,0,0.0003877550000197516,97,A02,cross-session,AdaBN
116,4,0,0.0003813849999687591,97,A02,cross-session,AdaBN
117,4,0,0.00040159799993944034,97,A02,cross-session,AdaBN
118,4,0,0.00038728300000911986,97,A02,cross-session,AdaBN
119,4,0,0.00040244100000563776,97,A02,cross-session,AdaBN
120,4,0,0.0003835550000985677,97,A02,cross-session,AdaBN
121,4,0,0.00038843300001190073,97,A02,cross-session,AdaBN
122,4,0,0.00038621800001692463,97,A02,cross-session,AdaBN
123,4,0,0.0003984790000686189,97,A02,cross-session,AdaBN
124,4,0,0.000380302999928972,97,A02,cross-session,AdaBN
125,4,0,0.0003880320000462234,97,A02,cross-session,AdaBN
126,4,0,0.0003928959999939252,97,A02,cross-session,AdaBN
127,4,0,0.00038517600000886887,97,A02,cross-session,AdaBN
128,4,0,0.0003944280000496292,97,A02,cross-session,AdaBN
129,4,0,0.00038443000005372596,97,A02,cross-session,AdaBN
130,4,0,0.0003920529999277278,97,A02,cross-session,AdaBN
131,4,0,0.0003839299999981449,97,A02,cross-session,AdaBN
132,4,0,0.0003970440000102826,97,A02,cross-session,AdaBN
133,4,1,0.00039312199999130826,97,A02,cross-session,AdaBN
134,4,0,0.00039167499994618993,97,A02,cross-session,AdaBN
135,4,0,0.00039090300003863376,97,A02,cross-session,AdaBN
136,4,0,0.00039318599999660364,97,A02,cross-session,AdaBN
137,4,0,0.00039335899998604873,97,A02,cross-session,AdaBN
138,4,0,0.00038608399995609943,97,A02,cross-session,AdaBN
139,4,0,0.00039592999996784783,97,A02,cross-session,AdaBN
140,4,1,0.00038850500004627975,97,A02,cross-session,AdaBN
141,4,1,0.00039090899997518136,97,A02,cross-session,AdaBN
142,4,1,0.0003831129999980476,97,A02,cross-session,AdaBN
143,4,0,0.00039899099999729515,97,A02,cross-session,AdaBN
144,4,0,0.0003837770000245655,97,A02,cross-session,AdaBN
145,4,0,0.000391337999985808,97,A02,cross-session,AdaBN
146,4,0,0.00039112699994348077,97,A02,cross-session,AdaBN
147,4,0,0.00038432799999554845,97,A02,cross-session,AdaBN
148,4,0,0.0003917689999752838,97,A02,cross-session,AdaBN
149,4,0,0.0003901810000570549,97,A02,cross-session,AdaBN
150,4,0,0.0003939360000231318,97,A02,cross-session,AdaBN
151,4,1,0.00038660300003812154,97,A02,cross-session,AdaBN
152,4,0,0.00039128599996729463,97,A02,cross-session,AdaBN
153,4,0,0.00038147800000842835,97,A02,cross-session,AdaBN
154,4,0,0.00039874499998404644,97,A02,cross-session,AdaBN
155,4,1,0.00038764699991133966,97,A02,cross-session,AdaBN
156,4,0,0.0004021380000267527,97,A02,cross-session,AdaBN
157,4,1,0.00037810599997101235,97,A02,cross-session,AdaBN
158,4,0,0.0003952320000735199,97,A02,cross-session,AdaBN
159,4,0,0.00038643000004867645,97,A02,cross-session,AdaBN
160,4,1,0.00040711700000883866,97,A02,cross-session,AdaBN
161,4,0,0.0003868290000355046,97,A02,cross-session,AdaBN
162,4,0,0.0003833349999240454,97,A02,cross-session,AdaBN
163,4,1,0.00038308900002448354,97,A02,cross-session,AdaBN
164,4,0,0.00038357800008270715,97,A02,cross-session,AdaBN
165,4,0,0.00040202200000294397,97,A02,cross-session,AdaBN
166,4,1,0.00038183000003755296,97,A02,cross-session,AdaBN
167,4,1,0.00039605099993877957,97,A02,cross-session,AdaBN
168,4,0,0.00038601799997195485,97,A02,cross-session,AdaBN
169,4,0,0.0004007910000609627,97,A02,cross-session,AdaBN
170,4,0,0.0003941610000310902,97,A02,cross-session,AdaBN
171,4,1,0.00039033500002005894,97,A02,cross-session,AdaBN
172,4,1,0.0004023370000822979,97,A02,cross-session,AdaBN
173,4,0,0.0003878940000276998,97,A02,cross-session,AdaBN
174,4,0,0.0004011859999764056,97,A02,cross-session,AdaBN
175,4,0,0.0003824740000482052,97,A02,cross-session,AdaBN
176,4,0,0.0003935550000733201,97,A02,cross-session,AdaBN
177,4,0,0.0003833460000350897,97,A02,cross-session,AdaBN
178,4,0,0.00039209600004141976,97,A02,cross-session,AdaBN
179,4,1,0.0004054529999848455,97,A02,cross-session,AdaBN
180,4,0,0.00043676399991454673,97,A02,cross-session,AdaBN
181,4,0,0.00041125000007014023,97,A02,cross-session,AdaBN
182,4,1,0.0003973490000817037,97,A02,cross-session,AdaBN
183,4,0,0.0004026550000162388,97,A02,cross-session,AdaBN
184,4,1,0.00038703799998529576,97,A02,cross-session,AdaBN
185,4,1,0.0003871659999958865,97,A02,cross-session,AdaBN
186,4,0,0.00038214799997149385,97,A02,cross-session,AdaBN
187,4,0,0.0003916629999594079,97,A02,cross-session,AdaBN
188,4,0,0.00037976099997649726,97,A02,cross-session,AdaBN
189,4,1,0.00039321500003097754,97,A02,cross-session,AdaBN
190,4,0,0.00038351800003511016,97,A02,cross-session,AdaBN
191,4,0,0.00039135999998052284,97,A02,cross-session,AdaBN
192,4,0,0.0003851550000035786,97,A02,cross-session,AdaBN
193,4,1,0.000419127999975899,97,A02,cross-session,AdaBN
194,4,0,0.00038777000008849427,97,A02,cross-session,AdaBN
195,4,0,0.0003869160000249394,97,A02,cross-session,AdaBN
196,4,0,0.00041939699997328717,97,A02,cross-session,AdaBN
197,4,0,0.0003927879999992001,97,A02,cross-session,AdaBN
198,4,0,0.00039748400001826667,97,A02,cross-session,AdaBN
199,4,1,0.00038657899995087064,97,A02,cross-session,AdaBN
200,4,0,0.0003980470000897185,97,A02,cross-session,AdaBN
201,4,1,0.0003896460000305524,97,A02,cross-session,AdaBN
202,4,1,0.00040373900003487506,97,A02,cross-session,AdaBN
203,4,1,0.0004135010000254624,97,A02,cross-session,AdaBN
204,4,0,0.00039350000008653296,97,A02,cross-session,AdaBN
205,4,1,0.0003899459999274768,97,A02,cross-session,AdaBN
206,4,1,0.00040131499997642095,97,A02,cross-session,AdaBN
207,4,0,0.00039469400007874356,97,A02,cross-session,AdaBN
208,4,1,0.0003968299999996816,97,A02,cross-session,AdaBN
209,4,0,0.0003891960000146355,97,A02,cross-session,AdaBN
210,4,1,0.00040449199991599016,97,A02,cross-session,AdaBN
211,4,0,0.00040123899998434354,97,A02,cross-session,AdaBN
212,4,1,0.00038401100005103217,97,A02,cross-session,AdaBN
213,4,0,0.00040944299996681366,97,A02,cross-session,AdaBN
214,4,0,0.00039255900003354327,97,A02,cross-session,AdaBN
215,4,0,0.0003880419999404694,97,A02,cross-session,AdaBN
216,4,0,0.0003984809999337813,97,A02,cross-session,AdaBN
217,4,0,0.0003959929999837186,97,A02,cross-session,AdaBN
218,4,1,0.0003947430000152963,97,A02,cross-session,AdaBN
219,4,1,0.0003872309999906065,97,A02,cross-session,AdaBN
220,4,0,0.00040888599994559627,97,A02,cross-session,AdaBN
221,4,1,0.0004199749999997948,97,A02,cross-session,AdaBN
222,4,0,0.0004047099999979764,97,A02,cross-session,AdaBN
223,4,0,0.00038894499994057696,97,A02,cross-session,AdaBN
224,4,1,0.00040184799991038744,97,A02,cross-session,AdaBN
225,4,0,0.0003851100000247243,97,A02,cross-session,AdaBN
226,4,0,0.0004002460000265273,97,A02,cross-session,AdaBN
227,4,0,0.000384523999969133,97,A02,cross-session,AdaBN
228,4,0,0.00039905300002374133,97,A02,cross-session,AdaBN
229,4,1,0.0003867200000513549,97,A02,cross-session,AdaBN
230,4,0,0.00038870600008067413,97,A02,cross-session,AdaBN
231,4,1,0.0003973579999865251,97,A02,cross-session,AdaBN
232,4,0,0.0003904300000385774,97,A02,cross-session,AdaBN
233,4,0,0.0003886409999722673,97,A02,cross-session,AdaBN
234,4,1,0.00038908099998025136,97,A02,cross-session,AdaBN
235,4,1,0.0003955270000233213,97,A02,cross-session,AdaBN
236,4,0,0.00039547899996250635,97,A02,cross-session,AdaBN
237,4,0,0.0004013310000345882,97,A02,cross-session,AdaBN
238,4,1,0.00037870699998165946,97,A02,cross-session,AdaBN
239,4,0,0.0003827520000641016,97,A02,cross-session,AdaBN
240,4,0,0.0003795029999764665,97,A02,cross-session,AdaBN
241,4,0,0.00040940099995623314,97,A02,cross-session,AdaBN
242,4,0,0.0003756150000526759,97,A02,cross-session,AdaBN
243,4,0,0.0003740109999625929,97,A02,cross-session,AdaBN
244,4,0,0.0004052329999240101,97,A02,cross-session,AdaBN
245,4,0,0.0003800539999474495,97,A02,cross-session,AdaBN
246,4,0,0.0003995380000105797,97,A02,cross-session,AdaBN
247,4,0,0.00038352399997165776,97,A02,cross-session,AdaBN
248,4,0,0.00038988500000414206,97,A02,cross-session,AdaBN
249,4,1,0.00037640800007920916,97,A02,cross-session,AdaBN
250,4,0,0.00039392200005750055,97,A02,cross-session,AdaBN
251,4,1,0.00039668699992034817,97,A02,cross-session,AdaBN
252,4,0,0.00039616700007627514,97,A02,cross-session,AdaBN
253,4,1,0.00038626200000635436,97,A02,cross-session,AdaBN
254,4,0,0.00040088100001867133,97,A02,cross-session,AdaBN
255,4,0,0.0003953249999995023,97,A02,cross-session,AdaBN
256,4,0,0.00038080300009823986,97,A02,cross-session,AdaBN
257,4,1,0.0003843420000748665,97,A02,cross-session,AdaBN
258,4,0,0.000398580000023685,97,A02,cross-session,AdaBN
259,4,0,0.00038998299999093433,97,A02,cross-session,AdaBN
260,4,1,0.0003952740000841004,97,A02,cross-session,AdaBN
261,4,0,0.0003898719999142486,97,A02,cross-session,AdaBN
262,4,0,0.00037856699998428667,97,A02,cross-session,AdaBN
263,4,0,0.0003827230000297277,97,A02,cross-session,AdaBN
264,4,0,0.0004012130000319303,97,A02,cross-session,AdaBN
265,4,0,0.00038231899998208974,97,A02,cross-session,AdaBN
266,4,1,0.0003952060000074198,97,A02,cross-session,AdaBN
267,4,0,0.0003820260000111375,97,A02,cross-session,AdaBN
268,4,0,0.00039112999991175457,97,A02,cross-session,AdaBN
269,4,0,0.00038386500000342494,97,A02,cross-session,AdaBN
270,4,0,0.000387184000032903,97,A02,cross-session,AdaBN
271,4,0,0.0003824030000032508,97,A02,cross-session,AdaBN
272,4,0,0.00039062600001216197,97,A02,cross-session,AdaBN
273,4,0,0.0003776180000159002,97,A02,cross-session,AdaBN
274,4,0,0.0003760109999575434,97,A02,cross-session,AdaBN
275,4,0,0.0003829009999662958,97,A02,cross-session,AdaBN
276,4,0,0.0003857579999930749,97,A02,cross-session,AdaBN
277,4,0,0.00039041000002271176,97,A02,cross-session,AdaBN
278,4,0,0.00037989899999502086,97,A02,cross-session,AdaBN
279,4,0,0.000394649999975627,97,A02,cross-session,AdaBN
280,4,0,0.00038576899999043235,97,A02,cross-session,AdaBN
281,4,1,0.00038977799999884155,97,A02,cross-session,AdaBN
282,4,1,0.0003950099999201484,97,A02,cross-session,AdaBN
283,4,1,0.00039089599999897473,97,A02,cross-session,AdaBN
284,4,0,0.0003814659999079595,97,A02,cross-session,AdaBN
285,4,0,0.0003741430000445689,97,A02,cross-session,AdaBN
286,4,0,0.0004331909999564232,97,A02,cross-session,AdaBN
287,4,1,0.00038380199998755415,97,A02,cross-session,AdaBN
0,1,0,0.0005579539999871486,97,A03,cross-session,AdaBN
1,2,1,0.000491773000021567,97,A03,cross-session,AdaBN
2,3,0,0.0004764760000171009,97,A03,cross-session,AdaBN
3,4,1,0.0005494309999676261,97,A03,cross-session,AdaBN
4,4,0,0.0005200619999641276,97,A03,cross-session,AdaBN
5,4,1,0.00045986999998604006,97,A03,cross-session,AdaBN
6,4,1,0.00043074999996406405,97,A03,cross-session,AdaBN
7,4,0,0.0005308610000156477,97,A03,cross-session,AdaBN
8,4,1,0.0004944340000747616,97,A03,cross-session,AdaBN
9,4,0,0.0004519049999771596,97,A03,cross-session,AdaBN
10,4,1,0.0004957610000246859,97,A03,cross-session,AdaBN
11,4,0,0.0005355480000162061,97,A03,cross-session,AdaBN
12,4,1,0.0005646270000170261,97,A03,cross-session,AdaBN
13,4,0,0.0004949670000087281,97,A03,cross-session,AdaBN
14,4,1,0.00045012700002189376,97,A03,cross-session,AdaBN
15,4,1,0.0004750819999799205,97,A03,cross-session,AdaBN
16,4,1,0.0004359050000175557,97,A03,cross-session,AdaBN
17,4,1,0.0004687470000135363,97,A03,cross-session,AdaBN
18,4,0,0.000434745000006842,97,A03,cross-session,AdaBN
19,4,1,0.0004596449999780816,97,A03,cross-session,AdaBN
20,4,0,0.00044976900005622156,97,A03,cross-session,AdaBN
21,4,1,0.00044833000004018686,97,A03,cross-session,AdaBN
22,4,1,0.00042581700006394385,97,A03,cross-session,AdaBN
23,4,1,0.0004434930000343229,97,A03,cross-session,AdaBN
24,4,0,0.00044528499995522,97,A03,cross-session,AdaBN
25,4,1,0.00045152899997447093,97,A03,cross-session,AdaBN
26,4,1,0.00044625800001085736,97,A03,cross-session,AdaBN
27,4,0,0.0004495050000059564,97,A03,cross-session,AdaBN
28,4,0,0.0004333030000225335,97,A03,cross-session,AdaBN
29,4,0,0.0004500769999822296,97,A03,cross-session,AdaBN
30,4,1,0.0004896090000556796,97,A03,cross-session,AdaBN
31,4,1,0.00046302200007630745,97,A03,cross-session,AdaBN
32,4,1,0.00045593100003316067,97,A03,cross-session,AdaBN
33,4,1,0.00041112300004897406,97,A03,cross-session,AdaBN
34,4,1,0.0003702290000546782,97,A03,cross-session,AdaBN
35,4,1,0.00037742200004231563,97,A03,cross-session,AdaBN
36,4,1,0.00036885200006508967,97,A03,cross-session,AdaBN
37,4,1,0.0004017360000716508,97,A03,cross-session,AdaBN
38,4,1,0.00036407899995083426,97,A03,cross-session,AdaBN
39,4,0,0.0003783660000635791,97,A03,cross-session,AdaBN
40,4,0,0.0003680029999486578,97,A03,cross-session,AdaBN
41,4,1,0.0003701360000150089,97,A03,cross-session,AdaBN
42,4,0,0.00036621000003833615,97,A03,cross-session,AdaBN
43,4,1,0.0003684109999539942,97,A03,cross-session,AdaBN
44,4,1,0.0003747569999177358,97,A03,cross-session,AdaBN
45,4,1,0.0004002379999974437,97,A03,cross-session,AdaBN
46,4,1,0.0004068859999506458,97,A03,cross-session,AdaBN
47,4,1,0.00036726700000144774,97,A03,cross-session,AdaBN
48,4,0,0.0004157959999702143,97,A03,cross-session,AdaBN
49,4,0,0.0005163829999901282,97,A03,cross-session,AdaBN
50,4,1,0.0005127869999341783,97,A03,cross-session,AdaBN
51,4,1,0.00039389300002312666,97,A03,cross-session,AdaBN
52,4,1,0.0004173639999862644,97,A03,cross-session,AdaBN
53,4,1,0.00037791900001593604,97,A03,cross-session,AdaBN
54,4,0,0.00038460000007489725,97,A03,cross-session,AdaBN
55,4,1,0.00036807799995131063,97,A03,cross-session,AdaBN
56,4,1,0.00040942999999060703,97,A03,cross-session,AdaBN
57,4,0,0.00039544699995985866,97,A03,cross-session,AdaBN
58,4,1,0.00041850900004192226,97,A03,cross-session,AdaBN
59,4,1,0.0003995050000185074,97,A03,cross-session,AdaBN
60,4,1,0.00041499899998598266,97,A03,cross-session,AdaBN
61,4,1,0.0004175049999730618,97,A03,cross-session,AdaBN
62,4,1,0.00041267300002800766,97,A03,cross-session,AdaBN
63,4,1,0.0003930210000362422,97,A03,cross-session,AdaBN
64,4,1,0.00046095999994122394,97,A03,cross-session,AdaBN
65,4,1,0.0003941580000628164,97,A03,cross-session,AdaBN
66,4,1,0.00039522500003386085,97,A03,cross-session,AdaBN
67,4,1,0.00042975300004854944,97,A03,cross-session,AdaBN
68,4,1,0.000388749999956417,97,A03,cross-session,AdaBN
69,4,0,0.0003953969999201945,97,A03,cross-session,AdaBN
70,4,0,0.00039487699996243464,97,A03,cross-session,AdaBN
71,4,0,0.0003918489999250596,97,A03,cross-session,AdaBN
72,4,1,0.0003864420000354585,97,A03,cross-session,AdaBN
73,4,1,0.0003989379999893572,97,A03,cross-session,AdaBN
74,4,1,0.00039022999999360763,97,A03,cross-session,AdaBN
75,4,1,0.0004192260000763781,97,A03,cross-session,AdaBN
76,4,1,0.0003882190000012997,97,A03,cross-session,AdaBN
77,4,1,0.00044374700007665524,97,A03,cross-session,AdaBN
78,4,1,0.00043345999995381135,97,A03,cross-session,AdaBN
79,4,1,0.00040927399993506697,97,A03,cross-session,AdaBN
80,4,1,0.0004127249999328342,97,A03,cross-session,AdaBN
81,4,0,0.0004215530000237777,97,A03,cross-session,AdaBN
82,4,0,0.0003896349999195081,97,A03,cross-session,AdaBN
83,4,1,0.0003910329999143869,97,A03,cross-session,AdaBN
84,4,1,0.00039815999991787976,97,A03,cross-session,AdaBN
85,4,0,0.0003844579999849884,97,A03,cross-session,AdaBN
86,4,1,0.00039376099994115066,97,A03,cross-session,AdaBN
87,4,1,0.0003924079999251262,97,A03,cross-session,AdaBN
88,4,1,0.0004148000000441243,97,A03,cross-session,AdaBN
89,4,0,0.00040643900001668953,97,A03,cross-session,AdaBN
90,4,1,0.00040008999997098726,97,A03,cross-session,AdaBN
91,4,0,0.0003858669999772246,97,A03,cross-session,AdaBN
92,4,1,0.000424614000053225,97,A03,cross-session,AdaBN
93,4,0,0.0003959440000471659,97,A03,cross-session,AdaBN
94,4,0,0.000388886999985516,97,A03,cross-session,AdaBN
95,4,1,0.00042980199998510216,97,A03,cross-session,AdaBN
96,4,1,0.000399777999973594,97,A03,cross-session,AdaBN
97,4,1,0.00039685100000497187,97,A03,cross-session,AdaBN
98,4,0,0.0003982129999258177,97,A03,cross-session,AdaBN
99,4,1,0.0004210299999840572,97,A03,cross-session,AdaBN
100,4,1,0.0003959169999916412,97,A03,cross-session,AdaBN
101,4,0,0.00040023099995778466,97,A03,cross-session,AdaBN
102,4,1,0.00038916700009394845,97,A03,cross-session,AdaBN
103,4,0,0.0004228889999922103,97,A03,cross-session,AdaBN
104,4,1,0.000389433000009376,97,A03,cross-session,AdaBN
105,4,1,0.0004199079999125388,97,A03,cross-session,AdaBN
106,4,0,0.00039625400006571,97,A03,cross-session,AdaBN
107,4,0,0.00041871300004459044,97,A03,cross-session,AdaBN
108,4,0,0.00040327800002160075,97,A03,cross-session,AdaBN
109,4,1,0.0004261860000269735,97,A03,cross-session,AdaBN
110,4,0,0.0003882170000224505,97,A03,cross-session,AdaBN
111,4,1,0.00041444399994361447,97,A03,cross-session,AdaBN
112,4,0,0.000391487000001689,97,A03,cross-session,AdaBN
113,4,1,0.0003875559999642064,97,A03,cross-session,AdaBN
114,4,1,0.0003981799999337454,97,A03,cross-session,AdaBN
115,4,1,0.0003917989999990823,97,A03,cross-session,AdaBN
116,4,1,0.0004034720000163361,97,A03,cross-session,AdaBN
117,4,1,0.0003917599999567756,97,A03,cross-session,AdaBN
118,4,1,0.0003953839999439879,97,A03,cross-session,AdaBN
119,4,0,0.0003942230000575364,97,A03,cross-session,AdaBN
120,4,1,0.00039371999991999473,97,A03,cross-session,AdaBN
121,4,1,0.0003867059999720368,97,A03,cross-session,AdaBN
122,4,0,0.00040398999999524676,97,A03,cross-session,AdaBN
123,4,1,0.0003967460000922074,97,A03,cross-session,AdaBN
124,4,1,0.0003926770000362012,97,A03,cross-session,AdaBN
125,4,1,0.0003986299999496623,97,A03,cross-session,AdaBN
126,4,1,0.00039080099998045625,97,A03,cross-session,AdaBN
127,4,1,0.00039667299995471694,97,A03,cross-session,AdaBN
128,4,0,0.000396756999975878,97,A03,cross-session,AdaBN
129,4,0,0.0004030820000480162,97,A03,cross-session,AdaBN
130,4,1,0.0004077479999295974,97,A03,cross-session,AdaBN
131,4,1,0.00040459699994244147,97,A03,cross-session,AdaBN
132,4,1,0.00039476200004173734,97,A03,cross-session,AdaBN
133,4,1,0.00041815400004452385,97,A03,cross-session,AdaBN
134,4,1,0.0003894959999115599,97,A03,cross-session,AdaBN
135,4,1,0.0003929510000943992,97,A03,cross-session,AdaBN
136,4,1,0.0003831510000509297,97,A03,cross-session,AdaBN
137,4,0,0.0004010540000081164,97,A03,cross-session,AdaBN
138,4,1,0.00039692199993623944,97,A03,cross-session,AdaBN
139,4,1,0.00038148299995555135,97,A03,cross-session,AdaBN
140,4,1,0.00039985600005820743,97,A03,cross-session,AdaBN
141,4,0,0.00039202599998588994,97,A03,cross-session,AdaBN
142,4,1,0.0003946089999544711,97,A03,cross-session,AdaBN
143,4,1,0.0003896999999142281,97,A03,cross-session,AdaBN
144,4,0,0.00039514600007350964,97,A03,cross-session,AdaBN
145,4,0,0.0003837539999267392,97,A03,cross-session,AdaBN
146,4,1,0.00039101300001220807,97,A03,cross-session,AdaBN
147,4,0,0.0003968309999891062,97,A03,cross-session,AdaBN
148,4,0,0.00039138500005719834,97,A03,cross-session,AdaBN
149,4,1,0.0004009440000345421,97,A03,cross-session,AdaBN
150,4,1,0.0003989369999999326,97,A03,cross-session,AdaBN
151,4,1,0.00039764699999977893,97,A03,cross-session,AdaBN
152,4,0,0.00042712699996627634,97,A03,cross-session,AdaBN
153,4,1,0.00042198999994980113,97,A03,cross-session,AdaBN
154,4,1,0.0003873640000620071,97,A03,cross-session,AdaBN
155,4,1,0.0004619960000127321,97,A03,cross-session,AdaBN
156,4,1,0.00039821000007123075,97,A03,cross-session,AdaBN
157,4,1,0.00042734199996630196,97,A03,cross-session,AdaBN
158,4,0,0.000417146000017965,97,A03,cross-session,AdaBN
159,4,1,0.00042636599994239077,97,A03,cross-session,AdaBN
160,4,1,0.0003864110000222354,97,A03,cross-session,AdaBN
161,4,1,0.00045437799997216644,97,A03,cross-session,AdaBN
162,4,1,0.0004224089999524949,97,A03,cross-session,AdaBN
163,4,1,0.0003957650000074864,97,A03,cross-session,AdaBN
164,4,0,0.00037816100007148634,97,A03,cross-session,AdaBN
165,4,1,0.0004058409999743162,97,A03,cross-session,AdaBN
166,4,0,0.0004062840000642609,97,A03,cross-session,AdaBN
167,4,1,0.0003952509999862741,97,A03,cross-session,AdaBN
168,4,1,0.0004155729999411051,97,A03,cross-session,AdaBN
169,4,1,0.00039374800007863087,97,A03,cross-session,AdaBN
170,4,1,0.0004106390000515603,97,A03,cross-session,AdaBN
171,4,0,0.000423053000076834,97,A03,cross-session,AdaBN
172,4,1,0.0004035650000560054,97,A03,cross-session,AdaBN
173,4,1,0.0003810990000374659,97,A03,cross-session,AdaBN
174,4,1,0.000384305000011409,97,A03,cross-session,AdaBN
175,4,1,0.00038035000000036234,97,A03,cross-session,AdaBN
176,4,1,0.0003860010000380498,97,A03,cross-session,AdaBN
177,4,1,0.0003834980000192445,97,A03,cross-session,AdaBN
178,4,1,0.00038104600002952793,97,A03,cross-session,AdaBN
179,4,0,0.0003847269999823766,97,A03,cross-session,AdaBN
180,4,0,0.0003926610000917208,97,A03,cross-session,AdaBN
181,4,0,0.000381081999989874,97,A03,cross-session,AdaBN
182,4,0,0.0004015780000372615,97,A03,cross-session,AdaBN
183,4,1,0.00039909800000259565,97,A03,cross-session,AdaBN
184,4,1,0.0004255999999713822,97,A03,cross-session,AdaBN
185,4,1,0.00041379100002814084,97,A03,cross-session,AdaBN
186,4,0,0.0003891559999829042,97,A03,cross-session,AdaBN
187,4,1,0.0004039030000058119,97,A03,cross-session,AdaBN
188,4,0,0.00040813399994021893,97,A03,cross-session,AdaBN
189,4,1,0.0003998219999630237,97,A03,cross-session,AdaBN
190,4,1,0.00038443000005372596,97,A03,cross-session,AdaBN
191,4,1,0.00038763899999594287,97,A03,cross-session,AdaBN
192,4,0,0.0003970379999600482,97,A03,cross-session,AdaBN
193,4,1,0.0004353859999355336,97,A03,cross-session,AdaBN
194,4,1,0.00041359599993029406,97,A03,cross-session,AdaBN
195,4,0,0.00039529699995455303,97,A03,cross-session,AdaBN
196,4,0,0.00037988600001881423,97,A03,cross-session,AdaBN
197,4,1,0.000380726000003051,97,A03,cross-session,AdaBN
198,4,0,0.0003973420000420447,97,A03,cross-session,AdaBN
199,4,1,0.0003957260000788665,97,A03,cross-session,AdaBN
200,4,1,0.00039807600001040555,97,A03,cross-session,AdaBN
201,4,1,0.00038115899997137603,97,A03,cross-session,AdaBN
202,4,1,0.0004089689999773327,97,A03,cross-session,AdaBN
203,4,1,0.00038671799995881884,97,A03,cross-session,AdaBN
204,4,1,0.0004114580000305068,97,A03,cross-session,AdaBN
205,4,1,0.0004187849999652826,97,A03,cross-session,AdaBN
206,4,0,0.0004155290000653622,97,A03,cross-session,AdaBN
207,4,1,0.00039558200001010846,97,A03,cross-session,AdaBN
208,4,0,0.00039696199996797077,97,A03,cross-session,AdaBN
209,4,0,0.00038380099999812956,97,A03,cross-session,AdaBN
210,4,1,0.00042458699999770033,97,A03,cross-session,AdaBN
211,4,1,0.00040863499998522457,97,A03,cross-session,AdaBN
212,4,1,0.00042711700007203035,97,A03,cross-session,AdaBN
213,4,1,0.00040033099992342613,97,A03,cross-session,AdaBN
214,4,1,0.0003860589999931108,97,A03,cross-session,AdaBN
215,4,0,0.00040036400002918526,97,A03,cross-session,AdaBN
216,4,1,0.0003809670000691767,97,A03,cross-session,AdaBN
217,4,1,0.00040124300005572877,97,A03,cross-session,AdaBN
218,4,1,0.0004012609999790584,97,A03,cross-session,AdaBN
219,4,0,0.00040065199993932765,97,A03,cross-session,AdaBN
220,4,0,0.00039349799999399693,97,A03,cross-session,AdaBN
221,4,1,0.00042283400000542315,97,A03,cross-session,AdaBN
222,4,1,0.00038861600000927865,97,A03,cross-session,AdaBN
223,4,1,0.0003902619999962553,97,A03,cross-session,AdaBN
224,4,1,0.0003785310000239406,97,A03,cross-session,AdaBN
225,4,0,0.0003812180000295484,97,A03,cross-session,AdaBN
226,4,1,0.00039736999997330713,97,A03,cross-session,AdaBN
227,4,1,0.0003887469999881432,97,A03,cross-session,AdaBN
228,4,1,0.00039694400004464114,97,A03,cross-session,AdaBN
229,4,0,0.00038963999998031795,97,A03,cross-session,AdaBN
230,4,1,0.00039487200001531164,97,A03,cross-session,AdaBN
231,4,1,0.00045269499992173223,97,A03,cross-session,AdaBN
232,4,1,0.00042681000002176006,97,A03,cross-session,AdaBN
233,4,0,0.0004086169999482081,97,A03,cross-session,AdaBN
234,4,1,0.00040574499996637314,97,A03,cross-session,AdaBN
235,4,1,0.0003963590000921613,97,A03,cross-session,AdaBN
236,4,1,0.00041939300001558877,97,A03,cross-session,AdaBN
237,4,1,0.00038570200001686317,97,A03,cross-session,AdaBN
238,4,1,0.00038894599993000156,97,A03,cross-session,AdaBN
239,4,0,0.0003922450000573008,97,A03,cross-session,AdaBN
240,4,0,0.00040242800002943113,97,A03,cross-session,AdaBN
241,4,1,0.0003813959999661165,97,A03,cross-session,AdaBN
242,4,1,0.0003781820000767766,97,A03,cross-session,AdaBN
243,4,1,0.0004070930000352746,97,A03,cross-session,AdaBN
244,4,1,0.00038360199994258437,97,A03,cross-session,AdaBN
245,4,1,0.00041785299993080116,97,A03,cross-session,AdaBN
246,4,1,0.00039353700003630365,97,A03,cross-session,AdaBN
247,4,1,0.00039412400008131954,97,A03,cross-session,AdaBN
248,4,0,0.0003784379999842713,97,A03,cross-session,AdaBN
249,4,1,0.00039944600007402187,97,A03,cross-session,AdaBN
250,4,1,0.00039556600006562803,97,A03,cross-session,AdaBN
251,4,1,0.0003903299999592491,97,A03,cross-session,AdaBN
252,4,1,0.0003810769999290642,97,A03,cross-session,AdaBN
253,4,1,0.00037683499999729975,97,A03,cross-session,AdaBN
254,4,1,0.0003900320000411739,97,A03,cross-session,AdaBN
255,4,1,0.0003803010000638096,97,A03,cross-session,AdaBN
256,4,1,0.00038541600008557,97,A03,cross-session,AdaBN
257,4,1,0.0003748799999812036,97,A03,cross-session,AdaBN
258,4,1,0.00039439599993329466,97,A03,cross-session,AdaBN
259,4,1,0.0003791679999949338,97,A03,cross-session,AdaBN
260,4,0,0.0003855489999295969,97,A03,cross-session,AdaBN
261,4,1,0.0003854620000538489,97,A03,cross-session,AdaBN
262,4,1,0.0003962860000683577,97,A03,cross-session,AdaBN
263,4,0,0.00038203799999791954,97,A03,cross-session,AdaBN
264,4,0,0.00040173200000026554,97,A03,cross-session,AdaBN
265,4,1,0.00039111499995669874,97,A03,cross-session,AdaBN
266,4,1,0.0003781609999577995,97,A03,cross-session,AdaBN
267,4,1,0.0003881779999801438,97,A03,cross-session,AdaBN
268,4,1,0.00038658899995880347,97,A03,cross-session,AdaBN
269,4,1,0.0004024639999897772,97,A03,cross-session,AdaBN
270,4,1,0.00043215400000917725,97,A03,cross-session,AdaBN
271,4,1,0.00043085699996936455,97,A03,cross-session,AdaBN
272,4,1,0.0004036279999581893,97,A03,cross-session,AdaBN
273,4,1,0.00040799400005653297,97,A03,cross-session,AdaBN
274,4,1,0.0003912319999699321,97,A03,cross-session,AdaBN
275,4,1,0.00039582199997312273,97,A03,cross-session,AdaBN
276,4,1,0.00044431000003442023,97,A03,cross-session,AdaBN
277,4,0,0.0004128870000386087,97,A03,cross-session,AdaBN
278,4,1,0.0003978790000473964,97,A03,cross-session,AdaBN
279,4,1,0.00039850099994964694,97,A03,cross-session,AdaBN
280,4,1,0.000399287000050208,97,A03,cross-session,AdaBN
281,4,1,0.00038143500000842323,97,A03,cross-session,AdaBN
282,4,0,0.0004135320000386855,97,A03,cross-session,AdaBN
283,4,0,0.00038505100008023874,97,A03,cross-session,AdaBN
284,4,0,0.00039973100001589046,97,A03,cross-session,AdaBN
285,4,0,0.00039002799996978865,97,A03,cross-session,AdaBN
286,4,1,0.0004112450000093304,97,A03,cross-session,AdaBN
287,4,1,0.00041087800002514996,97,A03,cross-session,AdaBN
0,1,1,0.0006041149999873596,97,A04,cross-session,AdaBN
1,2,0,0.000475953999966805,97,A04,cross-session,AdaBN
2,3,1,0.0004666639999868494,97,A04,cross-session,AdaBN
3,4,1,0.00045240800000101444,97,A04,cross-session,AdaBN
4,4,1,0.0005747779999865088,97,A04,cross-session,AdaBN
5,4,0,0.00041963299997860304,97,A04,cross-session,AdaBN
6,4,1,0.00044467500003975147,97,A04,cross-session,AdaBN
7,4,0,0.00042645799999263545,97,A04,cross-session,AdaBN
8,4,1,0.0004465080000954913,97,A04,cross-session,AdaBN
9,4,0,0.0004715559999795005,97,A04,cross-session,AdaBN
10,4,1,0.0004418760000817201,97,A04,cross-session,AdaBN
11,4,1,0.0004383640000469313,97,A04,cross-session,AdaBN
12,4,0,0.00044783400005599105,97,A04,cross-session,AdaBN
13,4,0,0.00044460399999479705,97,A04,cross-session,AdaBN
14,4,0,0.00045076599997173616,97,A04,cross-session,AdaBN
15,4,0,0.00045986500003891706,97,A04,cross-session,AdaBN
16,4,0,0.0004433899999867208,97,A04,cross-session,AdaBN
17,4,0,0.000450208000074781,97,A04,cross-session,AdaBN
18,4,1,0.00045220499998777086,97,A04,cross-session,AdaBN
19,4,0,0.000466385999970953,97,A04,cross-session,AdaBN
20,4,0,0.0004447249999657288,97,A04,cross-session,AdaBN
21,4,0,0.0004627550000577685,97,A04,cross-session,AdaBN
22,4,1,0.00044020699999691715,97,A04,cross-session,AdaBN
23,4,1,0.00045206400000097346,97,A04,cross-session,AdaBN
24,4,1,0.0004464500000267435,97,A04,cross-session,AdaBN
25,4,0,0.000462878999996974,97,A04,cross-session,AdaBN
26,4,1,0.00043665600003350846,97,A04,cross-session,AdaBN
27,4,0,0.0004524990000618345,97,A04,cross-session,AdaBN
28,4,0,0.0004483870000058232,97,A04,cross-session,AdaBN
29,4,1,0.00044661000003998197,97,A04,cross-session,AdaBN
30,4,0,0.00044070399997053755,97,A04,cross-session,AdaBN
31,4,1,0.00047358300002997566,97,A04,cross-session,AdaBN
32,4,1,0.0004606669999702717,97,A04,cross-session,AdaBN
33,4,0,0.00045712700000422046,97,A04,cross-session,AdaBN
34,4,1,0.0004418400000076872,97,A04,cross-session,AdaBN
35,4,1,0.0004226099999868893,97,A04,cross-session,AdaBN
36,4,1,0.0004364620000387731,97,A04,cross-session,AdaBN
37,4,1,0.00038704399992184335,97,A04,cross-session,AdaBN
38,4,0,0.00036844099997779267,97,A04,cross-session,AdaBN
39,4,1,0.0004065690000061295,97,A04,cross-session,AdaBN
40,4,0,0.0003949270000020988,97,A04,cross-session,AdaBN
41,4,1,0.00040068199996312615,97,A04,cross-session,AdaBN
42,4,1,0.00035727400006635435,97,A04,cross-session,AdaBN
43,4,1,0.00037240599999677215,97,A04,cross-session,AdaBN
44,4,1,0.00036449799995352805,97,A04,cross-session,AdaBN
45,4,1,0.00037080800007061043,97,A04,cross-session,AdaBN
46,4,1,0.00036909900006776297,97,A04,cross-session,AdaBN
47,4,1,0.00036723400000937545,97,A04,cross-session,AdaBN
48,4,1,0.00043037799991907377,97,A04,cross-session,AdaBN
49,4,1,0.0005758759999707763,97,A04,cross-session,AdaBN
50,4,0,0.0004095940000752307,97,A04,cross-session,AdaBN
51,4,1,0.0003777769999260272,97,A04,cross-session,AdaBN
52,4,1,0.00038805700000921206,97,A04,cross-session,AdaBN
53,4,0,0.00037265999992541765,97,A04,cross-session,AdaBN
54,4,1,0.00037719099998412275,97,A04,cross-session,AdaBN
55,4,1,0.0003586970000242218,97,A04,cross-session,AdaBN
56,4,0,0.0003731029999016755,97,A04,cross-session,AdaBN
57,4,0,0.0004579200000307537,97,A04,cross-session,AdaBN
58,4,1,0.0004224620000741197,97,A04,cross-session,AdaBN
59,4,0,0.0004064290000087567,97,A04,cross-session,AdaBN
60,4,1,0.00041157600003316475,97,A04,cross-session,AdaBN
61,4,1,0.0004062579999981608,97,A04,cross-session,AdaBN
62,4,0,0.0003984460000765466,97,A04,cross-session,AdaBN
63,4,1,0.00038724599994566233,97,A04,cross-session,AdaBN
64,4,0,0.0003856010000617971,97,A04,cross-session,AdaBN
65,4,1,0.0003933809999807636,97,A04,cross-session,AdaBN
66,4,1,0.0003956990000233418,97,A04,cross-session,AdaBN
67,4,0,0.00038869100001193146,97,A04,cross-session,AdaBN
68,4,1,0.00038253200000326615,97,A04,cross-session,AdaBN
69,4,1,0.000393156000086492,97,A04,cross-session,AdaBN
70,4,1,0.00037988000008226663,97,A04,cross-session,AdaBN
71,4,1,0.0003935649999675661,97,A04,cross-session,AdaBN
72,4,1,0.00042206099999475555,97,A04,cross-session,AdaBN
73,4,0,0.0003979260000050999,97,A04,cross-session,AdaBN
74,4,1,0.0004001429999789252,97,A04,cross-session,AdaBN
75,4,0,0.0003957839999202406,97,A04,cross-session,AdaBN
76,4,1,0.0003890899999987596,97,A04,cross-session,AdaBN
77,4,1,0.000404071000048134,97,A04,cross-session,AdaBN
78,4,1,0.00038894099998287857,97,A04,cross-session,AdaBN
79,4,1,0.0004133919999276259,97,A04,cross-session,AdaBN
80,4,1,0.0003908879999698911,97,A04,cross-session,AdaBN
81,4,0,0.00038369499998225365,97,A04,cross-session,AdaBN
82,4,0,0.00043066900002486364,97,A04,cross-session,AdaBN
83,4,0,0.00038722499994037207,97,A04,cross-session,AdaBN
84,4,1,0.00039247900008376746,97,A04,cross-session,AdaBN
85,4,1,0.00038528899995071697,97,A04,cross-session,AdaBN
86,4,1,0.00039561899995987915,97,A04,cross-session,AdaBN
87,4,0,0.0004040679999661734,97,A04,cross-session,AdaBN
88,4,1,0.00039691899996796565,97,A04,cross-session,AdaBN
89,4,1,0.0003923560000202997,97,A04,cross-session,AdaBN
90,4,1,0.00039013100001739076,97,A04,cross-session,AdaBN
91,4,0,0.00038538899991635844,97,A04,cross-session,AdaBN
92,4,0,0.0003997480000634823,97,A04,cross-session,AdaBN
93,4,1,0.00038895500006219663,97,A04,cross-session,AdaBN
94,4,0,0.0003850059999876976,97,A04,cross-session,AdaBN
95,4,0,0.0003909880000492194,97,A04,cross-session,AdaBN
96,4,0,0.0003915610000149172,97,A04,cross-session,AdaBN
97,4,1,0.00039171000003079826,97,A04,cross-session,AdaBN
98,4,1,0.00038285200002974307,97,A04,cross-session,AdaBN
99,4,0,0.00039774600008968264,97,A04,cross-session,AdaBN
100,4,1,0.00038548600002741296,97,A04,cross-session,AdaBN
101,4,1,0.0003886240000383623,97,A04,cross-session,AdaBN
102,4,0,0.0003794880000214107,97,A04,cross-session,AdaBN
103,4,1,0.00038479599993479496,97,A04,cross-session,AdaBN
104,4,1,0.00039618699997845397,97,A04,cross-session,AdaBN
105,4,0,0.00038443300002199976,97,A04,cross-session,AdaBN
106,4,1,0.0003905439999698501,97,A04,cross-session,AdaBN
107,4,0,0.00041401299995413865,97,A04,cross-session,AdaBN
108,4,1,0.0003921790000731562,97,A04,cross-session,AdaBN
109,4,0,0.00039196499994886835,97,A04,cross-session,AdaBN
110,4,0,0.0004267840000693468,97,A04,cross-session,AdaBN
111,4,0,0.00039400799994382396,97,A04,cross-session,AdaBN
112,4,0,0.000404552000077274,97,A04,cross-session,AdaBN
113,4,1,0.00039371699995172094,97,A04,cross-session,AdaBN
114,4,0,0.0003849769999533237,97,A04,cross-session,AdaBN
115,4,1,0.00038366399996903056,97,A04,cross-session,AdaBN
116,4,0,0.0003918499999144842,97,A04,cross-session,AdaBN
117,4,0,0.00039364799999930256,97,A04,cross-session,AdaBN
118,4,1,0.000392542999975376,97,A04,cross-session,AdaBN
119,4,0,0.00040211900000031164,97,A04,cross-session,AdaBN
120,4,0,0.0003821310000375888,97,A04,cross-session,AdaBN
121,4,1,0.0003953799999862895,97,A04,cross-session,AdaBN
122,4,0,0.0003885890000674408,97,A04,cross-session,AdaBN
123,4,1,0.0003916100000651568,97,A04,cross-session,AdaBN
124,4,0,0.0003804720000744055,97,A04,cross-session,AdaBN
125,4,0,0.0003892639999776293,97,A04,cross-session,AdaBN
126,4,1,0.00038854700005686027,97,A04,cross-session,AdaBN
127,4,0,0.00038115899997137603,97,A04,cross-session,AdaBN
128,4,1,0.00039566199995988427,97,A04,cross-session,AdaBN
129,4,0,0.0003913020000254619,97,A04,cross-session,AdaBN
130,4,0,0.0003916580000122849,97,A04,cross-session,AdaBN
131,4,0,0.0003859110000803412,97,A04,cross-session,AdaBN
132,4,0,0.00039741000000503846,97,A04,cross-session,AdaBN
133,4,1,0.00038553799993223947,97,A04,cross-session,AdaBN
134,4,1,0.0003883609999775217,97,A04,cross-session,AdaBN
135,4,1,0.00038617700010945555,97,A04,cross-session,AdaBN
136,4,1,0.00038141699997140677,97,A04,cross-session,AdaBN
137,4,0,0.0003893829999697118,97,A04,cross-session,AdaBN
138,4,1,0.0003883540000515495,97,A04,cross-session,AdaBN
139,4,1,0.0003935500000125103,97,A04,cross-session,AdaBN
140,4,1,0.00038400799996907153,97,A04,cross-session,AdaBN
141,4,1,0.00039242200000444427,97,A04,cross-session,AdaBN
142,4,0,0.00038855499997225706,97,A04,cross-session,AdaBN
143,4,0,0.0003920740000467049,97,A04,cross-session,AdaBN
144,4,1,0.00038076900000305614,97,A04,cross-session,AdaBN
145,4,1,0.0003887679999934335,97,A04,cross-session,AdaBN
146,4,1,0.0003853419999586549,97,A04,cross-session,AdaBN
147,4,0,0.0003902839999909702,97,A04,cross-session,AdaBN
148,4,0,0.0004052729999557414,97,A04,cross-session,AdaBN
149,4,0,0.0003862739999931364,97,A04,cross-session,AdaBN
150,4,0,0.0004470740000215301,97,A04,cross-session,AdaBN
151,4,1,0.0004258389999449719,97,A04,cross-session,AdaBN
152,4,0,0.0004313870000487441,97,A04,cross-session,AdaBN
153,4,0,0.00038454999992154626,97,A04,cross-session,AdaBN
154,4,1,0.0004155330000230606,97,A04,cross-session,AdaBN
155,4,1,0.00038637799991647626,97,A04,cross-session,AdaBN
156,4,1,0.00039790100004211126,97,A04,cross-session,AdaBN
157,4,0,0.00038193199998204364,97,A04,cross-session,AdaBN
158,4,1,0.0003936659999226322,97,A04,cross-session,AdaBN
159,4,1,0.00038931400001729344,97,A04,cross-session,AdaBN
160,4,0,0.0003845999999612104,97,A04,cross-session,AdaBN
161,4,0,0.0003924330000018017,97,A04,cross-session,AdaBN
162,4,0,0.00038193800003227807,97,A04,cross-session,AdaBN
163,4,0,0.00040183800001614145,97,A04,cross-session,AdaBN
164,4,1,0.0003879530000858722,97,A04,cross-session,AdaBN
165,4,1,0.0003886309999643345,97,A04,cross-session,AdaBN
166,4,0,0.00038991799999621435,97,A04,cross-session,AdaBN
167,4,1,0.0003864210000301682,97,A04,cross-session,AdaBN
168,4,1,0.0003742179999335349,97,A04,cross-session,AdaBN
169,4,1,0.0003817660000322576,97,A04,cross-session,AdaBN
170,4,0,0.00038470900005904696,97,A04,cross-session,AdaBN
171,4,0,0.0003892049999194569,97,A04,cross-session,AdaBN
172,4,0,0.00039002300002266566,97,A04,cross-session,AdaBN
173,4,1,0.00039113600007567584,97,A04,cross-session,AdaBN
174,4,0,0.00039702699996269075,97,A04,cross-session,AdaBN
175,4,0,0.00040247599997655925,97,A04,cross-session,AdaBN
176,4,0,0.00038752399996155873,97,A04,cross-session,AdaBN
177,4,0,0.00038579800002480624,97,A04,cross-session,AdaBN
178,4,0,0.0004312369999297516,97,A04,cross-session,AdaBN
179,4,1,0.00038988799997241586,97,A04,cross-session,AdaBN
180,4,0,0.0003891369999564631,97,A04,cross-session,AdaBN
181,4,1,0.0003839209999796367,97,A04,cross-session,AdaBN
182,4,0,0.0003780140000344545,97,A04,cross-session,AdaBN
183,4,0,0.000386835000085739,97,A04,cross-session,AdaBN
184,4,0,0.0003806529999792474,97,A04,cross-session,AdaBN
185,4,1,0.0003880650000382957,97,A04,cross-session,AdaBN
186,4,0,0.0003852029999507067,97,A04,cross-session,AdaBN
187,4,1,0.0003910940000650953,97,A04,cross-session,AdaBN
188,4,1,0.00040124600002400257,97,A04,cross-session,AdaBN
189,4,1,0.0003914090000307624,97,A04,cross-session,AdaBN
190,4,0,0.00038637599993762706,97,A04,cross-session,AdaBN
191,4,0,0.0003824049999821,97,A04,cross-session,AdaBN
192,4,0,0.00038414400000874593,97,A04,cross-session,AdaBN
193,4,1,0.0004007329999922149,97,A04,cross-session,AdaBN
194,4,0,0.0003856869999481205,97,A04,cross-session,AdaBN
195,4,1,0.00037433600004987966,97,A04,cross-session,AdaBN
196,4,0,0.000392886999975417,97,A04,cross-session,AdaBN
197,4,0,0.0003800519999686003,97,A04,cross-session,AdaBN
198,4,0,0.00042026599999189784,97,A04,cross-session,AdaBN
199,4,0,0.0003799390000267522,97,A04,cross-session,AdaBN
200,4,0,0.0003797699999950055,97,A04,cross-session,AdaBN
201,4,1,0.00038731799998004135,97,A04,cross-session,AdaBN
202,4,1,0.0003988210000898107,97,A04,cross-session,AdaBN
203,4,0,0.0004188460000023042,97,A04,cross-session,AdaBN
204,4,0,0.00038130699999783246,97,A04,cross-session,AdaBN
205,4,1,0.0003852539999797955,97,A04,cross-session,AdaBN
206,4,1,0.00038351399996372493,97,A04,cross-session,AdaBN
207,4,0,0.00039047200004915794,97,A04,cross-session,AdaBN
208,4,1,0.0003811209999184939,97,A04,cross-session,AdaBN
209,4,1,0.00038736699991659407,97,A04,cross-session,AdaBN
210,4,0,0.0003848910000670003,97,A04,cross-session,AdaBN
211,4,1,0.0003883629999563709,97,A04,cross-session,AdaBN
212,4,1,0.00038878300006217614,97,A04,cross-session,AdaBN
213,4,1,0.00038070599998718535,97,A04,cross-session,AdaBN
214,4,0,0.00038961299992479326,97,A04,cross-session,AdaBN
215,4,1,0.000384651000103986,97,A04,cross-session,AdaBN
216,4,0,0.00039434200004961895,97,A04,cross-session,AdaBN
217,4,0,0.0003743510000049355,97,A04,cross-session,AdaBN
218,4,1,0.00038231200005611754,97,A04,cross-session,AdaBN
219,4,1,0.00038519999998243293,97,A04,cross-session,AdaBN
220,4,1,0.00038478400006169977,97,A04,cross-session,AdaBN
221,4,0,0.00037779799993131746,97,A04,cross-session,AdaBN
222,4,1,0.00043316200003573613,97,A04,cross-session,AdaBN
223,4,0,0.000387968000040928,97,A04,cross-session,AdaBN
224,4,1,0.0003764670000236947,97,A04,cross-session,AdaBN
225,4,1,0.0004302359999428518,97,A04,cross-session,AdaBN
226,4,0,0.0003846209999665007,97,A04,cross-session,AdaBN
227,4,1,0.00038250699992659065,97,A04,cross-session,AdaBN
228,4,1,0.0003735840000445023,97,A04,cross-session,AdaBN
229,4,1,0.0003959069999837084,97,A04,cross-session,AdaBN
230,4,1,0.00038358300002983015,97,A04,cross-session,AdaBN
231,4,0,0.00038989199993011425,97,A04,cross-session,AdaBN
232,4,1,0.00037948399995002546,97,A04,cross-session,AdaBN
233,4,1,0.0003797640000584579,97,A04,cross-session,AdaBN
234,4,1,0.0004208889999972598,97,A04,cross-session,AdaBN
235,4,0,0.0003833939999822178,97,A04,cross-session,AdaBN
236,4,1,0.00040715599993745855,97,A04,cross-session,AdaBN
237,4,0,0.00039752199995746196,97,A04,cross-session,AdaBN
238,4,1,0.0003922130000546531,97,A04,cross-session,AdaBN
239,4,1,0.00038485699997181655,97,A04,cross-session,AdaBN
240,4,0,0.0003846249999241991,97,A04,cross-session,AdaBN
241,4,0,0.00038958199991157016,97,A04,cross-session,AdaBN
242,4,0,0.00041805599994404474,97,A04,cross-session,AdaBN
243,4,0,0.0003867689999879076,97,A04,cross-session,AdaBN
244,4,0,0.0004060439999875598,97,A04,cross-session,AdaBN
245,4,1,0.00039286600008381356,97,A04,cross-session,AdaBN
246,4,1,0.00038325700006680563,97,A04,cross-session,AdaBN
247,4,0,0.0003879360000382803,97,A04,cross-session,AdaBN
248,4,0,0.00039325700004155806,97,A04,cross-session,AdaBN
249,4,0,0.00038853600005950284,97,A04,cross-session,AdaBN
250,4,0,0.0003939539999464614,97,A04,cross-session,AdaBN
251,4,0,0.00041654599999674247,97,A04,cross-session,AdaBN
252,4,0,0.0003769520000105331,97,A04,cross-session,AdaBN
253,4,0,0.00039542900003652903,97,A04,cross-session,AdaBN
254,4,0,0.00037837900003978575,97,A04,cross-session,AdaBN
255,4,0,0.0003964270000551551,97,A04,cross-session,AdaBN
256,4,1,0.0003858239999772195,97,A04,cross-session,AdaBN
257,4,0,0.0003797930000928318,97,A04,cross-session,AdaBN
258,4,1,0.0004022330000452712,97,A04,cross-session,AdaBN
259,4,1,0.0003799599999183556,97,A04,cross-session,AdaBN
260,4,0,0.0003946179999729793,97,A04,cross-session,AdaBN
261,4,1,0.00039311500006533606,97,A04,cross-session,AdaBN
262,4,1,0.00040352100006657565,97,A04,cross-session,AdaBN
263,4,0,0.0003826349999371814,97,A04,cross-session,AdaBN
264,4,1,0.00043415100003585394,97,A04,cross-session,AdaBN
265,4,0,0.0003873020000355609,97,A04,cross-session,AdaBN
266,4,1,0.0003931649999913134,97,A04,cross-session,AdaBN
267,4,1,0.00039842000001044653,97,A04,cross-session,AdaBN
268,4,1,0.00039425199997822347,97,A04,cross-session,AdaBN
269,4,0,0.00039948699998149095,97,A04,cross-session,AdaBN
270,4,0,0.0003860350000195467,97,A04,cross-session,AdaBN
271,4,1,0.00040460600007463654,97,A04,cross-session,AdaBN
272,4,0,0.0003905330000861795,97,A04,cross-session,AdaBN
273,4,1,0.0003884940000489223,97,A04,cross-session,AdaBN
274,4,0,0.0003991810000343321,97,A04,cross-session,AdaBN
275,4,0,0.0003988699999126766,97,A04,cross-session,AdaBN
276,4,0,0.0003849119999586037,97,A04,cross-session,AdaBN
277,4,1,0.00038453999991361343,97,A04,cross-session,AdaBN
278,4,0,0.0004048079999847687,97,A04,cross-session,AdaBN
279,4,1,0.00038517500001944427,97,A04,cross-session,AdaBN
280,4,1,0.00038791199995102943,97,A04,cross-session,AdaBN
281,4,1,0.0003856050000194955,97,A04,cross-session,AdaBN
282,4,0,0.00038942799994856614,97,A04,cross-session,AdaBN
283,4,0,0.00040683600002466846,97,A04,cross-session,AdaBN
284,4,0,0.0003920000000334767,97,A04,cross-session,AdaBN
285,4,0,0.00038296399998216657,97,A04,cross-session,AdaBN
286,4,1,0.0003955629999836674,97,A04,cross-session,AdaBN
287,4,1,0.000380855999992491,97,A04,cross-session,AdaBN
0,1,1,0.000563674999966679,97,A05,cross-session,AdaBN
1,2,0,0.0004697409999607771,97,A05,cross-session,AdaBN
2,3,1,0.00046605600005023007,97,A05,cross-session,AdaBN
3,4,1,0.0007839859999876353,97,A05,cross-session,AdaBN
4,4,0,0.0005426349999879676,97,A05,cross-session,AdaBN
5,4,0,0.00048227100000985956,97,A05,cross-session,AdaBN
6,4,0,0.0004075479999983145,97,A05,cross-session,AdaBN
7,4,0,0.0004987589999245756,97,A05,cross-session,AdaBN
8,4,1,0.0004307560000142985,97,A05,cross-session,AdaBN
9,4,0,0.0005052889999888066,97,A05,cross-session,AdaBN
10,4,1,0.0004592100000309074,97,A05,cross-session,AdaBN
11,4,0,0.0004553879999775745,97,A05,cross-session,AdaBN
12,4,0,0.00048469000000750384,97,A05,cross-session,AdaBN
13,4,0,0.0004441009999709422,97,A05,cross-session,AdaBN
14,4,1,0.0004691010000215101,97,A05,cross-session,AdaBN
15,4,0,0.00045286800002486416,97,A05,cross-session,AdaBN
16,4,0,0.00045403000001442706,97,A05,cross-session,AdaBN
17,4,0,0.0004218980000132433,97,A05,cross-session,AdaBN
18,4,0,0.00044671699993159564,97,A05,cross-session,AdaBN
19,4,0,0.00042557699998724274,97,A05,cross-session,AdaBN
20,4,1,0.00045424999996157567,97,A05,cross-session,AdaBN
21,4,1,0.0004304479999746036,97,A05,cross-session,AdaBN
22,4,0,0.0004380839999384989,97,A05,cross-session,AdaBN
23,4,1,0.0004206059999205536,97,A05,cross-session,AdaBN
24,4,0,0.00045410899997477827,97,A05,cross-session,AdaBN
25,4,0,0.00043623600004139007,97,A05,cross-session,AdaBN
26,4,0,0.0004489499999635882,97,A05,cross-session,AdaBN
27,4,0,0.00042138600008456706,97,A05,cross-session,AdaBN
28,4,0,0.0004544419999774618,97,A05,cross-session,AdaBN
29,4,0,0.0004325679999510612,97,A05,cross-session,AdaBN
30,4,0,0.00044017000004714646,97,A05,cross-session,AdaBN
31,4,0,0.00043354900003578223,97,A05,cross-session,AdaBN
32,4,0,0.0004554810000172438,97,A05,cross-session,AdaBN
33,4,1,0.00043236900000920286,97,A05,cross-session,AdaBN
34,4,1,0.0004769220000753194,97,A05,cross-session,AdaBN
35,4,0,0.0004210959999682018,97,A05,cross-session,AdaBN
36,4,0,0.00038852600005157,97,A05,cross-session,AdaBN
37,4,1,0.0003709420000177488,97,A05,cross-session,AdaBN
38,4,0,0.00037496300001294003,97,A05,cross-session,AdaBN
39,4,0,0.00036045000001649896,97,A05,cross-session,AdaBN
40,4,0,0.0003837209999346669,97,A05,cross-session,AdaBN
41,4,0,0.00036415899990061007,97,A05,cross-session,AdaBN
42,4,0,0.00038200400001642265,97,A05,cross-session,AdaBN
43,4,0,0.00038671400000112044,97,A05,cross-session,AdaBN
44,4,1,0.00035893500000838685,97,A05,cross-session,AdaBN
45,4,1,0.0003852160000406002,97,A05,cross-session,AdaBN
46,4,0,0.00036501500005670096,97,A05,cross-session,AdaBN
47,4,1,0.00036952999994355196,97,A05,cross-session,AdaBN
48,4,0,0.0003572360000134722,97,A05,cross-session,AdaBN
49,4,0,0.0003787770000371893,97,A05,cross-session,AdaBN
50,4,1,0.00038738699993245973,97,A05,cross-session,AdaBN
51,4,0,0.0003791760000240174,97,A05,cross-session,AdaBN
52,4,1,0.00039504500000475673,97,A05,cross-session,AdaBN
53,4,1,0.0003919700000096782,97,A05,cross-session,AdaBN
54,4,1,0.0003896019999274358,97,A05,cross-session,AdaBN
55,4,1,0.0003906050000068717,97,A05,cross-session,AdaBN
56,4,0,0.00039913000000524335,97,A05,cross-session,AdaBN
57,4,0,0.0003897579999829759,97,A05,cross-session,AdaBN
58,4,1,0.0003997040000740526,97,A05,cross-session,AdaBN
59,4,0,0.0004027179999184227,97,A05,cross-session,AdaBN
60,4,0,0.0003977759999997943,97,A05,cross-session,AdaBN
61,4,0,0.00040176799996061163,97,A05,cross-session,AdaBN
62,4,0,0.0003862549999666953,97,A05,cross-session,AdaBN
63,4,0,0.00039336800000455696,97,A05,cross-session,AdaBN
64,4,0,0.0003875720000223737,97,A05,cross-session,AdaBN
65,4,0,0.00039298399997278466,97,A05,cross-session,AdaBN
66,4,0,0.00038073600001098384,97,A05,cross-session,AdaBN
67,4,1,0.00040479799997683585,97,A05,cross-session,AdaBN
68,4,0,0.0003910269999778393,97,A05,cross-session,AdaBN
69,4,0,0.0004068580000193833,97,A05,cross-session,AdaBN
70,4,0,0.0004087190000063856,97,A05,cross-session,AdaBN
71,4,0,0.0003970000000208529,97,A05,cross-session,AdaBN
72,4,1,0.00038970100001733954,97,A05,cross-session,AdaBN
73,4,1,0.00041989599992575677,97,A05,cross-session,AdaBN
74,4,0,0.00038703799998529576,97,A05,cross-session,AdaBN
75,4,1,0.0003863140000248677,97,A05,cross-session,AdaBN
76,4,0,0.0004122349999988728,97,A05,cross-session,AdaBN
77,4,1,0.0003838400000404363,97,A05,cross-session,AdaBN
78,4,0,0.0003943689999914568,97,A05,cross-session,AdaBN
79,4,0,0.0003816039999264831,97,A05,cross-session,AdaBN
80,4,1,0.00038723400007256714,97,A05,cross-session,AdaBN
81,4,0,0.00038247299994509376,97,A05,cross-session,AdaBN
82,4,1,0.00039090699999633216,97,A05,cross-session,AdaBN
83,4,0,0.0003835310000113168,97,A05,cross-session,AdaBN
84,4,0,0.0003870760000381779,97,A05,cross-session,AdaBN
85,4,0,0.0003890269999828888,97,A05,cross-session,AdaBN
86,4,1,0.0004009430000451175,97,A05,cross-session,AdaBN
87,4,1,0.0003885019999643191,97,A05,cross-session,AdaBN
88,4,0,0.0003921420000096987,97,A05,cross-session,AdaBN
89,4,0,0.0003913360000069588,97,A05,cross-session,AdaBN
90,4,0,0.0003882790000488967,97,A05,cross-session,AdaBN
91,4,0,0.0003978170000209502,97,A05,cross-session,AdaBN
92,4,0,0.0003869070000064312,97,A05,cross-session,AdaBN
93,4,0,0.0004100229999721705,97,A05,cross-session,AdaBN
94,4,0,0.000416737000023204,97,A05,cross-session,AdaBN
95,4,0,0.00039582500005508336,97,A05,cross-session,AdaBN
96,4,0,0.0003977639998993254,97,A05,cross-session,AdaBN
97,4,0,0.00042258500002390065,97,A05,cross-session,AdaBN
98,4,0,0.0003961969999863868,97,A05,cross-session,AdaBN
99,4,1,0.0003884569999854648,97,A05,cross-session,AdaBN
100,4,0,0.00040398099997673853,97,A05,cross-session,AdaBN
101,4,1,0.0003851070000564505,97,A05,cross-session,AdaBN
102,4,0,0.00040493899996363325,97,A05,cross-session,AdaBN
103,4,0,0.00038748899999063724,97,A05,cross-session,AdaBN
104,4,0,0.0004004480000503463,97,A05,cross-session,AdaBN
105,4,0,0.00038506800001414376,97,A05,cross-session,AdaBN
106,4,0,0.0003937349999887374,97,A05,cross-session,AdaBN
107,4,1,0.0003873279999879742,97,A05,cross-session,AdaBN
108,4,1,0.00038172500001110166,97,A05,cross-session,AdaBN
109,4,1,0.00038341200001923426,97,A05,cross-session,AdaBN
110,4,1,0.0003948019999597818,97,A05,cross-session,AdaBN
111,4,1,0.00039367000010770425,97,A05,cross-session,AdaBN
112,4,0,0.0003828989999874466,97,A05,cross-session,AdaBN
113,4,0,0.0003982329999416834,97,A05,cross-session,AdaBN
114,4,1,0.0003889110000727669,97,A05,cross-session,AdaBN
115,4,0,0.0004182730000366064,97,A05,cross-session,AdaBN
116,4,1,0.0003926470000124027,97,A05,cross-session,AdaBN
117,4,1,0.0003864870000143128,97,A05,cross-session,AdaBN
118,4,0,0.0004141749999462263,97,A05,cross-session,AdaBN
119,4,1,0.00038959699998031283,97,A05,cross-session,AdaBN
120,4,0,0.0003820319999476851,97,A05,cross-session,AdaBN
121,4,0,0.0003898369999433271,97,A05,cross-session,AdaBN
122,4,0,0.0003976680000050692,97,A05,cross-session,AdaBN
123,4,0,0.00038505400004851253,97,A05,cross-session,AdaBN
124,4,0,0.00038522899990312,97,A05,cross-session,AdaBN
125,4,1,0.0003862909999270414,97,A05,cross-session,AdaBN
126,4,0,0.0003881479999563453,97,A05,cross-session,AdaBN
127,4,0,0.00038540900004591094,97,A05,cross-session,AdaBN
128,4,1,0.00039248999996743805,97,A05,cross-session,AdaBN
129,4,0,0.0003886159998955918,97,A05,cross-session,AdaBN
130,4,0,0.0003980559999945399,97,A05,cross-session,AdaBN
131,4,1,0.00040165799998703733,97,A05,cross-session,AdaBN
132,4,1,0.0003924900000811249,97,A05,cross-session,AdaBN
133,4,0,0.0003918759999805843,97,A05,cross-session,AdaBN
134,4,0,0.00038453400009075267,97,A05,cross-session,AdaBN
135,4,1,0.000396829000010257,97,A05,cross-session,AdaBN
136,4,0,0.000389514999938001,97,A05,cross-session,AdaBN
137,4,0,0.00039213399998061504,97,A05,cross-session,AdaBN
138,4,1,0.00039093800000955525,97,A05,cross-session,AdaBN
139,4,1,0.0003923439999198308,97,A05,cross-session,AdaBN
140,4,0,0.0003843709999955536,97,A05,cross-session,AdaBN
141,4,0,0.00041228800000681076,97,A05,cross-session,AdaBN
142,4,0,0.0003860580000036862,97,A05,cross-session,AdaBN
143,4,1,0.00039944400009517267,97,A05,cross-session,AdaBN
144,4,1,0.00038777100007791887,97,A05,cross-session,AdaBN
145,4,0,0.0003874129999985598,97,A05,cross-session,AdaBN
146,4,0,0.0003909209999619634,97,A05,cross-session,AdaBN
147,4,0,0.00039315699996222975,97,A05,cross-session,AdaBN
148,4,0,0.00038903799998024624,97,A05,cross-session,AdaBN
149,4,0,0.00040875600006984314,97,A05,cross-session,AdaBN
150,4,0,0.0003972609999891574,97,A05,cross-session,AdaBN
151,4,0,0.0003944689999570983,97,A05,cross-session,AdaBN
152,4,0,0.0004459220000399,97,A05,cross-session,AdaBN
153,4,1,0.00039476200004173734,97,A05,cross-session,AdaBN
154,4,1,0.0003897170000755068,97,A05,cross-session,AdaBN
155,4,0,0.00039529600007881527,97,A05,cross-session,AdaBN
156,4,0,0.00038289099995836295,97,A05,cross-session,AdaBN
157,4,0,0.00039480500004174246,97,A05,cross-session,AdaBN
158,4,0,0.00040015399997628265,97,A05,cross-session,AdaBN
159,4,0,0.00039912600004754495,97,A05,cross-session,AdaBN
160,4,0,0.0003949650000549809,97,A05,cross-session,AdaBN
161,4,1,0.00044502399998691544,97,A05,cross-session,AdaBN
162,4,0,0.0003837320000457112,97,A05,cross-session,AdaBN
163,4,0,0.00039684799992301123,97,A05,cross-session,AdaBN
164,4,0,0.0003896829999803231,97,A05,cross-session,AdaBN
165,4,0,0.0003885319999881176,97,A05,cross-session,AdaBN
166,4,1,0.0004005539999525354,97,A05,cross-session,AdaBN
167,4,0,0.0004031590000295182,97,A05,cross-session,AdaBN
168,4,0,0.0004042470000058529,97,A05,cross-session,AdaBN
169,4,0,0.00039653399994676874,97,A05,cross-session,AdaBN
170,4,0,0.00044364500001847773,97,A05,cross-session,AdaBN
171,4,0,0.0003872639999826788,97,A05,cross-session,AdaBN
172,4,0,0.0004280120000430543,97,A05,cross-session,AdaBN
173,4,1,0.0003964290000340043,97,A05,cross-session,AdaBN
174,4,1,0.0003800890000320578,97,A05,cross-session,AdaBN
175,4,1,0.0003903929999751199,97,A05,cross-session,AdaBN
176,4,0,0.00042005800003153126,97,A05,cross-session,AdaBN
177,4,0,0.00039075799998045113,97,A05,cross-session,AdaBN
178,4,1,0.0003963079999493857,97,A05,cross-session,AdaBN
179,4,1,0.0003959430000577413,97,A05,cross-session,AdaBN
180,4,0,0.0003853900000194699,97,A05,cross-session,AdaBN
181,4,0,0.0003892710000172883,97,A05,cross-session,AdaBN
182,4,0,0.0003800289999844608,97,A05,cross-session,AdaBN
183,4,0,0.0003930670000045211,97,A05,cross-session,AdaBN
184,4,1,0.0004041780000534345,97,A05,cross-session,AdaBN
185,4,1,0.0004266079999979411,97,A05,cross-session,AdaBN
186,4,0,0.0003837799999928393,97,A05,cross-session,AdaBN
187,4,1,0.0003877189999457187,97,A05,cross-session,AdaBN
188,4,0,0.00037395100002868276,97,A05,cross-session,AdaBN
189,4,0,0.000391842999988512,97,A05,cross-session,AdaBN
190,4,0,0.0004295369999454124,97,A05,cross-session,AdaBN
191,4,1,0.0003976980000288677,97,A05,cross-session,AdaBN
192,4,0,0.00038668299998789735,97,A05,cross-session,AdaBN
193,4,0,0.0004005999999208143,97,A05,cross-session,AdaBN
194,4,1,0.0003905739999936486,97,A05,cross-session,AdaBN
195,4,1,0.0003824179999583066,97,A05,cross-session,AdaBN
196,4,0,0.0003824829999530266,97,A05,cross-session,AdaBN
197,4,0,0.0004034660000797885,97,A05,cross-session,AdaBN
198,4,0,0.00042009799994957575,97,A05,cross-session,AdaBN
199,4,0,0.0003774619999603601,97,A05,cross-session,AdaBN
200,4,0,0.0004081619999851682,97,A05,cross-session,AdaBN
201,4,0,0.00039093200007300766,97,A05,cross-session,AdaBN
202,4,0,0.00041041000008590345,97,A05,cross-session,AdaBN
203,4,0,0.00041811500000221713,97,A05,cross-session,AdaBN
204,4,0,0.00040659299997969356,97,A05,cross-session,AdaBN
205,4,1,0.00041422899994358886,97,A05,cross-session,AdaBN
206,4,0,0.00040851500000371743,97,A05,cross-session,AdaBN
207,4,0,0.0004507280000325409,97,A05,cross-session,AdaBN
208,4,0,0.0004081229999428615,97,A05,cross-session,AdaBN
209,4,0,0.0004007230000979689,97,A05,cross-session,AdaBN
210,4,1,0.0004255200000216064,97,A05,cross-session,AdaBN
211,4,1,0.00039177799999379204,97,A05,cross-session,AdaBN
212,4,1,0.0003862579999349691,97,A05,cross-session,AdaBN
213,4,1,0.00038805300005151366,97,A05,cross-session,AdaBN
214,4,0,0.0003862730000037118,97,A05,cross-session,AdaBN
215,4,0,0.0004168829999571244,97,A05,cross-session,AdaBN
216,4,0,0.00038178300007984944,97,A05,cross-session,AdaBN
217,4,1,0.0004336859999511944,97,A05,cross-session,AdaBN
218,4,1,0.000392473000033533,97,A05,cross-session,AdaBN
219,4,0,0.0003980510000474169,97,A05,cross-session,AdaBN
220,4,0,0.00040728700003000995,97,A05,cross-session,AdaBN
221,4,0,0.00043133900010161597,97,A05,cross-session,AdaBN
222,4,0,0.0003918620000149531,97,A05,cross-session,AdaBN
223,4,0,0.00039210799991451495,97,A05,cross-session,AdaBN
224,4,1,0.0003835680000747743,97,A05,cross-session,AdaBN
225,4,0,0.0003907809999645906,97,A05,cross-session,AdaBN
226,4,1,0.00041602199996759737,97,A05,cross-session,AdaBN
227,4,0,0.00039874999993116944,97,A05,cross-session,AdaBN
228,4,0,0.0003879739999774756,97,A05,cross-session,AdaBN
229,4,0,0.00039326099999925646,97,A05,cross-session,AdaBN
230,4,0,0.0003830109999398701,97,A05,cross-session,AdaBN
231,4,1,0.00039603300001544994,97,A05,cross-session,AdaBN
232,4,0,0.0003867310000487123,97,A05,cross-session,AdaBN
233,4,0,0.0003856439999481154,97,A05,cross-session,AdaBN
234,4,0,0.00038516699999036064,97,A05,cross-session,AdaBN
235,4,0,0.0003843350000352075,97,A05,cross-session,AdaBN
236,4,0,0.00039385100001254614,97,A05,cross-session,AdaBN
237,4,0,0.0004089669999984835,97,A05,cross-session,AdaBN
238,4,0,0.0003947500000549553,97,A05,cross-session,AdaBN
239,4,0,0.0004094790000408466,97,A05,cross-session,AdaBN
240,4,0,0.000416248999954405,97,A05,cross-session,AdaBN
241,4,1,0.000414771999999175,97,A05,cross-session,AdaBN
242,4,0,0.00038415400001667876,97,A05,cross-session,AdaBN
243,4,1,0.00039723800000501797,97,A05,cross-session,AdaBN
244,4,1,0.00039734999995744147,97,A05,cross-session,AdaBN
245,4,0,0.0003864579999799389,97,A05,cross-session,AdaBN
246,4,0,0.00037325799996779097,97,A05,cross-session,AdaBN
247,4,0,0.00039554399995722633,97,A05,cross-session,AdaBN
248,4,0,0.0003849119999586037,97,A05,cross-session,AdaBN
249,4,0,0.00038357900007213175,97,A05,cross-session,AdaBN
250,4,1,0.00039041100001213636,97,A05,cross-session,AdaBN
251,4,1,0.0003904300000385774,97,A05,cross-session,AdaBN
252,4,0,0.00040753899997980625,97,A05,cross-session,AdaBN
253,4,0,0.00038801699997748074,97,A05,cross-session,AdaBN
254,4,0,0.0003950600000734994,97,A05,cross-session,AdaBN
255,4,0,0.00040950899995095824,97,A05,cross-session,AdaBN
256,4,1,0.0004052350000165461,97,A05,cross-session,AdaBN
257,4,0,0.0003838850000192906,97,A05,cross-session,AdaBN
258,4,0,0.0004057180000245353,97,A05,cross-session,AdaBN
259,4,1,0.0003867689999879076,97,A05,cross-session,AdaBN
260,4,0,0.00039116900006774813,97,A05,cross-session,AdaBN
261,4,0,0.0003922339999462565,97,A05,cross-session,AdaBN
262,4,0,0.00043907700001000194,97,A05,cross-session,AdaBN
263,4,1,0.00041917000010016636,97,A05,cross-session,AdaBN
264,4,0,0.0004188770000155273,97,A05,cross-session,AdaBN
265,4,1,0.0003861069999402389,97,A05,cross-session,AdaBN
266,4,1,0.00039342300010503095,97,A05,cross-session,AdaBN
267,4,1,0.00039479400004438503,97,A05,cross-session,AdaBN
268,4,0,0.00037947700002405327,97,A05,cross-session,AdaBN
269,4,0,0.0004269019999583179,97,A05,cross-session,AdaBN
270,4,0,0.00042483699996864743,97,A05,cross-session,AdaBN
271,4,0,0.00040609300003779936,97,A05,cross-session,AdaBN
272,4,1,0.00037459099996794976,97,A05,cross-session,AdaBN
273,4,1,0.00042562499993437086,97,A05,cross-session,AdaBN
274,4,0,0.00037592199998925935,97,A05,cross-session,AdaBN
275,4,1,0.0004007329999922149,97,A05,cross-session,AdaBN
276,4,0,0.00039248699999916425,97,A05,cross-session,AdaBN
277,4,0,0.00038748200006466504,97,A05,cross-session,AdaBN
278,4,0,0.0003865579999455804,97,A05,cross-session,AdaBN
279,4,0,0.0003928239999595462,97,A05,cross-session,AdaBN
280,4,0,0.00039663699999437085,97,A05,cross-session,AdaBN
281,4,0,0.0003816309999820078,97,A05,cross-session,AdaBN
282,4,0,0.0003815960000110863,97,A05,cross-session,AdaBN
283,4,0,0.0003839470000457368,97,A05,cross-session,AdaBN
284,4,0,0.00039785700005268154,97,A05,cross-session,AdaBN
285,4,1,0.00037760899999739195,97,A05,cross-session,AdaBN
286,4,0,0.0003863819999878615,97,A05,cross-session,AdaBN
287,4,0,0.00038555999992695433,97,A05,cross-session,AdaBN
0,1,1,0.0005757000000130574,97,A06,cross-session,AdaBN
1,2,0,0.0004756630000883888,97,A06,cross-session,AdaBN
2,3,0,0.00046437100002094667,97,A06,cross-session,AdaBN
3,4,0,0.0006225969999604786,97,A06,cross-session,AdaBN
4,4,0,0.0007191219999640452,97,A06,cross-session,AdaBN
5,4,1,0.0006731109999691398,97,A06,cross-session,AdaBN
6,4,0,0.00046397799997066613,97,A06,cross-session,AdaBN
7,4,0,0.0004667229999313349,97,A06,cross-session,AdaBN
8,4,1,0.00046957300003214186,97,A06,cross-session,AdaBN
9,4,1,0.0004513679999718079,97,A06,cross-session,AdaBN
10,4,1,0.000452117999998336,97,A06,cross-session,AdaBN
11,4,1,0.0006998329999987618,97,A06,cross-session,AdaBN
12,4,0,0.0005015389999698527,97,A06,cross-session,AdaBN
13,4,1,0.0004792580000412272,97,A06,cross-session,AdaBN
14,4,1,0.0004377340000019103,97,A06,cross-session,AdaBN
15,4,1,0.0004513260000749142,97,A06,cross-session,AdaBN
16,4,1,0.0004502760000377748,97,A06,cross-session,AdaBN
17,4,0,0.0006382289999464774,97,A06,cross-session,AdaBN
18,4,0,0.0008568900000227586,97,A06,cross-session,AdaBN
19,4,1,0.000802025999973921,97,A06,cross-session,AdaBN
20,4,0,0.000781057000040164,97,A06,cross-session,AdaBN
21,4,1,0.0008377429999200103,97,A06,cross-session,AdaBN
22,4,0,0.0008123909999540047,97,A06,cross-session,AdaBN
23,4,1,0.00048662699998658354,97,A06,cross-session,AdaBN
24,4,0,0.0005628659999956653,97,A06,cross-session,AdaBN
25,4,1,0.0006351289999884102,97,A06,cross-session,AdaBN
26,4,0,0.0006172949999836419,97,A06,cross-session,AdaBN
27,4,0,0.0006166609999809225,97,A06,cross-session,AdaBN
28,4,1,0.0005811620000031326,97,A06,cross-session,AdaBN
29,4,0,0.0005447639999829335,97,A06,cross-session,AdaBN
30,4,1,0.0006067630000643476,97,A06,cross-session,AdaBN
31,4,0,0.0004018560000531579,97,A06,cross-session,AdaBN
32,4,0,0.00040356800002427917,97,A06,cross-session,AdaBN
33,4,0,0.00037872500001867593,97,A06,cross-session,AdaBN
34,4,0,0.0003950669999994716,97,A06,cross-session,AdaBN
35,4,1,0.00037025000005996844,97,A06,cross-session,AdaBN
36,4,1,0.0003825680000772991,97,A06,cross-session,AdaBN
37,4,1,0.0003912329999593567,97,A06,cross-session,AdaBN
38,4,1,0.00037289600004442036,97,A06,cross-session,AdaBN
39,4,0,0.0003742160000683725,97,A06,cross-session,AdaBN
40,4,1,0.0003659210000250823,97,A06,cross-session,AdaBN
41,4,1,0.00037813400001596165,97,A06,cross-session,AdaBN
42,4,0,0.000366030000009232,97,A06,cross-session,AdaBN
43,4,1,0.000393670999983442,97,A06,cross-session,AdaBN
44,4,1,0.0003813569999238098,97,A06,cross-session,AdaBN
45,4,0,0.00039143100002547726,97,A06,cross-session,AdaBN
46,4,0,0.00038225599996621895,97,A06,cross-session,AdaBN
47,4,0,0.0003949319999492218,97,A06,cross-session,AdaBN
48,4,1,0.0003880770000250777,97,A06,cross-session,AdaBN
49,4,0,0.0004244059999791716,97,A06,cross-session,AdaBN
50,4,0,0.000421088000052805,97,A06,cross-session,AdaBN
51,4,1,0.0004438110000819506,97,A06,cross-session,AdaBN
52,4,1,0.00044673700006114814,97,A06,cross-session,AdaBN
53,4,0,0.0004475419999607766,97,A06,cross-session,AdaBN
54,4,1,0.00042674499991335324,97,A06,cross-session,AdaBN
55,4,0,0.000401136999926166,97,A06,cross-session,AdaBN
56,4,0,0.00040975299998535775,97,A06,cross-session,AdaBN
57,4,0,0.0004048429999556902,97,A06,cross-session,AdaBN
58,4,0,0.00039779999997335835,97,A06,cross-session,AdaBN
59,4,1,0.0004092000000355256,97,A06,cross-session,AdaBN
60,4,1,0.0004110690000516115,97,A06,cross-session,AdaBN
61,4,1,0.00040461200001118414,97,A06,cross-session,AdaBN
62,4,0,0.000409899000032965,97,A06,cross-session,AdaBN
63,4,1,0.0004062159999875803,97,A06,cross-session,AdaBN
64,4,1,0.0004067780000696075,97,A06,cross-session,AdaBN
65,4,0,0.0003982079999786947,97,A06,cross-session,AdaBN
66,4,0,0.00040386300008776743,97,A06,cross-session,AdaBN
67,4,0,0.00039659100002609193,97,A06,cross-session,AdaBN
68,4,1,0.0004045680000217544,97,A06,cross-session,AdaBN
69,4,1,0.00040191799996591726,97,A06,cross-session,AdaBN
70,4,0,0.00039205400003083923,97,A06,cross-session,AdaBN
71,4,0,0.00039478900009726203,97,A06,cross-session,AdaBN
72,4,0,0.0003904330000068512,97,A06,cross-session,AdaBN
73,4,0,0.0003936729999622912,97,A06,cross-session,AdaBN
74,4,0,0.0004023789999791916,97,A06,cross-session,AdaBN
75,4,0,0.0004277439999214039,97,A06,cross-session,AdaBN
76,4,0,0.00039891999995234073,97,A06,cross-session,AdaBN
77,4,0,0.0004068040000220208,97,A06,cross-session,AdaBN
78,4,0,0.0003886289999854853,97,A06,cross-session,AdaBN
79,4,0,0.0004029010000294875,97,A06,cross-session,AdaBN
80,4,1,0.0003863440000486662,97,A06,cross-session,AdaBN
81,4,0,0.0004062070000827589,97,A06,cross-session,AdaBN
82,4,1,0.00039790499999980966,97,A06,cross-session,AdaBN
83,4,0,0.00039673300000231393,97,A06,cross-session,AdaBN
84,4,1,0.00038898099990092305,97,A06,cross-session,AdaBN
85,4,0,0.00039902599996821664,97,A06,cross-session,AdaBN
86,4,0,0.00039453399995181826,97,A06,cross-session,AdaBN
87,4,0,0.00038607000010415504,97,A06,cross-session,AdaBN
88,4,1,0.0004141820000995722,97,A06,cross-session,AdaBN
89,4,0,0.00038717400002497016,97,A06,cross-session,AdaBN
90,4,1,0.00040933599996151315,97,A06,cross-session,AdaBN
91,4,0,0.0003822329999820795,97,A06,cross-session,AdaBN
92,4,0,0.0003998180000053253,97,A06,cross-session,AdaBN
93,4,1,0.00038595499995608407,97,A06,cross-session,AdaBN
94,4,0,0.00038869200000135606,97,A06,cross-session,AdaBN
95,4,1,0.0003888060000463156,97,A06,cross-session,AdaBN
96,4,1,0.00040277199991578527,97,A06,cross-session,AdaBN
97,4,1,0.00039434699999674194,97,A06,cross-session,AdaBN
98,4,0,0.00038792399993781146,97,A06,cross-session,AdaBN
99,4,0,0.00039335899998604873,97,A06,cross-session,AdaBN
100,4,1,0.0003895579999380061,97,A06,cross-session,AdaBN
101,4,0,0.0003959879999229088,97,A06,cross-session,AdaBN
102,4,1,0.00038092099998721096,97,A06,cross-session,AdaBN
103,4,0,0.00040423699999792007,97,A06,cross-session,AdaBN
104,4,0,0.00038868400008595927,97,A06,cross-session,AdaBN
105,4,1,0.0003921999999647596,97,A06,cross-session,AdaBN
106,4,1,0.0003935189999992872,97,A06,cross-session,AdaBN
107,4,0,0.00039358699996228097,97,A06,cross-session,AdaBN
108,4,1,0.00038477200007491774,97,A06,cross-session,AdaBN
109,4,1,0.00039026000001740613,97,A06,cross-session,AdaBN
110,4,0,0.0003994150000607988,97,A06,cross-session,AdaBN
111,4,1,0.000392336000004434,97,A06,cross-session,AdaBN
112,4,1,0.00040360799994232366,97,A06,cross-session,AdaBN
113,4,0,0.0003869500000064363,97,A06,cross-session,AdaBN
114,4,0,0.00039453499994124286,97,A06,cross-session,AdaBN
115,4,1,0.00038764099997479207,97,A06,cross-session,AdaBN
116,4,1,0.0003899399999909292,97,A06,cross-session,AdaBN
117,4,0,0.0003867809999746896,97,A06,cross-session,AdaBN
118,4,1,0.0003901410000253236,97,A06,cross-session,AdaBN
119,4,1,0.00039189799997529917,97,A06,cross-session,AdaBN
120,4,1,0.0003834520000509656,97,A06,cross-session,AdaBN
121,4,0,0.00039802800006327743,97,A06,cross-session,AdaBN
122,4,0,0.00038699300000644143,97,A06,cross-session,AdaBN
123,4,0,0.0004071399999929781,97,A06,cross-session,AdaBN
124,4,1,0.0004093180000381835,97,A06,cross-session,AdaBN
125,4,1,0.00040244499996333616,97,A06,cross-session,AdaBN
126,4,0,0.0004008370000292416,97,A06,cross-session,AdaBN
127,4,0,0.0003989760000422393,97,A06,cross-session,AdaBN
128,4,0,0.00038769900004353985,97,A06,cross-session,AdaBN
129,4,1,0.0004024589999289674,97,A06,cross-session,AdaBN
130,4,1,0.0003846629999770812,97,A06,cross-session,AdaBN
131,4,0,0.0003938109999808148,97,A06,cross-session,AdaBN
132,4,0,0.00039802800006327743,97,A06,cross-session,AdaBN
133,4,1,0.0003884550000066156,97,A06,cross-session,AdaBN
134,4,0,0.00038881400007539924,97,A06,cross-session,AdaBN
135,4,0,0.0003846130000511039,97,A06,cross-session,AdaBN
136,4,0,0.0003934459999754836,97,A06,cross-session,AdaBN
137,4,0,0.0003732229999968695,97,A06,cross-session,AdaBN
138,4,1,0.000384721000045829,97,A06,cross-session,AdaBN
139,4,0,0.00037873400003718416,97,A06,cross-session,AdaBN
140,4,0,0.0003782989999763231,97,A06,cross-session,AdaBN
141,4,0,0.00038977100007286936,97,A06,cross-session,AdaBN
142,4,1,0.0003804079999554233,97,A06,cross-session,AdaBN
143,4,0,0.0003900469999962297,97,A06,cross-session,AdaBN
144,4,0,0.0003811899999845991,97,A06,cross-session,AdaBN
145,4,1,0.00038689899997734756,97,A06,cross-session,AdaBN
146,4,1,0.00041888200007633714,97,A06,cross-session,AdaBN
147,4,1,0.00039680899999439134,97,A06,cross-session,AdaBN
148,4,0,0.00038429899996117456,97,A06,cross-session,AdaBN
149,4,1,0.000405471000021862,97,A06,cross-session,AdaBN
150,4,0,0.0004089820000672262,97,A06,cross-session,AdaBN
151,4,1,0.0003969550000419986,97,A06,cross-session,AdaBN
152,4,0,0.00037961400005315227,97,A06,cross-session,AdaBN
153,4,0,0.0004062790000034511,97,A06,cross-session,AdaBN
154,4,0,0.00038234600003761443,97,A06,cross-session,AdaBN
155,4,0,0.0003855740000062724,97,A06,cross-session,AdaBN
156,4,1,0.0004011900000477908,97,A06,cross-session,AdaBN
157,4,1,0.0004154980000521391,97,A06,cross-session,AdaBN
158,4,0,0.0003948029999492064,97,A06,cross-session,AdaBN
159,4,0,0.00038310200000069017,97,A06,cross-session,AdaBN
160,4,1,0.0003969409999626805,97,A06,cross-session,AdaBN
161,4,1,0.0003904599999486891,97,A06,cross-session,AdaBN
162,4,0,0.00039142700006777886,97,A06,cross-session,AdaBN
163,4,0,0.0003768169999602833,97,A06,cross-session,AdaBN
164,4,1,0.00041433299998061557,97,A06,cross-session,AdaBN
165,4,0,0.0004032669999105565,97,A06,cross-session,AdaBN
166,4,1,0.0004085419999455553,97,A06,cross-session,AdaBN
167,4,1,0.00040349599998990016,97,A06,cross-session,AdaBN
168,4,1,0.0003864100000328108,97,A06,cross-session,AdaBN
169,4,0,0.00039436599990949617,97,A06,cross-session,AdaBN
170,4,0,0.00038439200000084384,97,A06,cross-session,AdaBN
171,4,0,0.0003994610000290777,97,A06,cross-session,AdaBN
172,4,0,0.00038615500000105385,97,A06,cross-session,AdaBN
173,4,1,0.00039698199998383643,97,A06,cross-session,AdaBN
174,4,0,0.0003913670000201819,97,A06,cross-session,AdaBN
175,4,0,0.00040540399993460596,97,A06,cross-session,AdaBN
176,4,1,0.00038321199997426447,97,A06,cross-session,AdaBN
177,4,1,0.0003933130000177698,97,A06,cross-session,AdaBN
178,4,1,0.0004092440000249553,97,A06,cross-session,AdaBN
179,4,0,0.000404569000011179,97,A06,cross-session,AdaBN
180,4,0,0.00038811300009911065,97,A06,cross-session,AdaBN
181,4,1,0.000397326999973302,97,A06,cross-session,AdaBN
182,4,0,0.0003960319999123385,97,A06,cross-session,AdaBN
183,4,0,0.00038989099994068965,97,A06,cross-session,AdaBN
184,4,1,0.0003978189999997994,97,A06,cross-session,AdaBN
185,4,1,0.0003805139999712992,97,A06,cross-session,AdaBN
186,4,1,0.00040219899995008745,97,A06,cross-session,AdaBN
187,4,1,0.00038766000000123313,97,A06,cross-session,AdaBN
188,4,0,0.0003921410000202741,97,A06,cross-session,AdaBN
189,4,1,0.0003787070000953463,97,A06,cross-session,AdaBN
190,4,0,0.00038885500009655516,97,A06,cross-session,AdaBN
191,4,1,0.0003870199999482793,97,A06,cross-session,AdaBN
192,4,0,0.000405976000024566,97,A06,cross-session,AdaBN
193,4,1,0.0004090999999561973,97,A06,cross-session,AdaBN
194,4,0,0.00038897299998552626,97,A06,cross-session,AdaBN
195,4,0,0.00039998499994453596,97,A06,cross-session,AdaBN
196,4,1,0.00039818099992317,97,A06,cross-session,AdaBN
197,4,1,0.0003903179999724671,97,A06,cross-session,AdaBN
198,4,1,0.0003923880000229474,97,A06,cross-session,AdaBN
199,4,1,0.0003953120000232957,97,A06,cross-session,AdaBN
200,4,0,0.000386561000027541,97,A06,cross-session,AdaBN
201,4,0,0.0004369110000652654,97,A06,cross-session,AdaBN
202,4,0,0.0003875539999853572,97,A06,cross-session,AdaBN
203,4,1,0.00038664800001697586,97,A06,cross-session,AdaBN
204,4,1,0.00040510799999537994,97,A06,cross-session,AdaBN
205,4,0,0.00038443100004315056,97,A06,cross-session,AdaBN
206,4,1,0.0003944290000390538,97,A06,cross-session,AdaBN
207,4,1,0.0003879590000224198,97,A06,cross-session,AdaBN
208,4,0,0.0003941200000099343,97,A06,cross-session,AdaBN
209,4,0,0.00038139400010095414,97,A06,cross-session,AdaBN
210,4,0,0.0003923650000388079,97,A06,cross-session,AdaBN
211,4,1,0.0003836079999928188,97,A06,cross-session,AdaBN
212,4,0,0.00038341699996635725,97,A06,cross-session,AdaBN
213,4,1,0.00037732200007667416,97,A06,cross-session,AdaBN
214,4,1,0.0003882040000462439,97,A06,cross-session,AdaBN
215,4,0,0.0003880769999113909,97,A06,cross-session,AdaBN
216,4,0,0.0003893049999987852,97,A06,cross-session,AdaBN
217,4,0,0.0004018589999077449,97,A06,cross-session,AdaBN
218,4,0,0.00038671100003284664,97,A06,cross-session,AdaBN
219,4,1,0.0003904049999619019,97,A06,cross-session,AdaBN
220,4,0,0.0003846110000722547,97,A06,cross-session,AdaBN
221,4,0,0.0003953390000788204,97,A06,cross-session,AdaBN
222,4,0,0.00039180100009161833,97,A06,cross-session,AdaBN
223,4,0,0.00039877300002899574,97,A06,cross-session,AdaBN
224,4,1,0.0003912660000651158,97,A06,cross-session,AdaBN
225,4,0,0.00037807399996836466,97,A06,cross-session,AdaBN
226,4,1,0.00040933599996151315,97,A06,cross-session,AdaBN
227,4,0,0.0003853260000141745,97,A06,cross-session,AdaBN
228,4,1,0.0003917679999858592,97,A06,cross-session,AdaBN
229,4,0,0.00037443700000494573,97,A06,cross-session,AdaBN
230,4,0,0.00040174499997647217,97,A06,cross-session,AdaBN
231,4,0,0.00039544200001273566,97,A06,cross-session,AdaBN
232,4,0,0.0003988389998994535,97,A06,cross-session,AdaBN
233,4,0,0.00041362100000696955,97,A06,cross-session,AdaBN
234,4,0,0.0004164480000099502,97,A06,cross-session,AdaBN
235,4,1,0.0004029850000506485,97,A06,cross-session,AdaBN
236,4,1,0.00040849899994555017,97,A06,cross-session,AdaBN
237,4,0,0.0003982349999205326,97,A06,cross-session,AdaBN
238,4,0,0.0003952549999439725,97,A06,cross-session,AdaBN
239,4,1,0.0004304500000671396,97,A06,cross-session,AdaBN
240,4,1,0.0003950600000734994,97,A06,cross-session,AdaBN
241,4,0,0.00041984500001035485,97,A06,cross-session,AdaBN
242,4,1,0.0003780559999313482,97,A06,cross-session,AdaBN
243,4,0,0.0004014350000716149,97,A06,cross-session,AdaBN
244,4,1,0.0003785799999604933,97,A06,cross-session,AdaBN
245,4,0,0.00040123600001606974,97,A06,cross-session,AdaBN
246,4,0,0.0003780030000370971,97,A06,cross-session,AdaBN
247,4,0,0.0004026900001008471,97,A06,cross-session,AdaBN
248,4,0,0.00037948099998175167,97,A06,cross-session,AdaBN
249,4,1,0.0003858249999666441,97,A06,cross-session,AdaBN
250,4,0,0.00043653500006257673,97,A06,cross-session,AdaBN
251,4,1,0.0003846989999374273,97,A06,cross-session,AdaBN
252,4,0,0.0003922199999806253,97,A06,cross-session,AdaBN
253,4,0,0.00037866000002395594,97,A06,cross-session,AdaBN
254,4,1,0.0003930320000335996,97,A06,cross-session,AdaBN
255,4,1,0.0004023120000056224,97,A06,cross-session,AdaBN
256,4,0,0.00040344800004277204,97,A06,cross-session,AdaBN
257,4,0,0.0003787900000133959,97,A06,cross-session,AdaBN
258,4,1,0.00038889999996172264,97,A06,cross-session,AdaBN
259,4,0,0.00038931100004901964,97,A06,cross-session,AdaBN
260,4,0,0.00044275800007653743,97,A06,cross-session,AdaBN
261,4,0,0.0004150500000150714,97,A06,cross-session,AdaBN
262,4,0,0.00039909600002374646,97,A06,cross-session,AdaBN
263,4,0,0.00039029800007028825,97,A06,cross-session,AdaBN
264,4,1,0.00041745800001535827,97,A06,cross-session,AdaBN
265,4,1,0.00039395999999669584,97,A06,cross-session,AdaBN
266,4,1,0.0003769039999497181,97,A06,cross-session,AdaBN
267,4,1,0.0003957090000312746,97,A06,cross-session,AdaBN
268,4,1,0.00043901599997298035,97,A06,cross-session,AdaBN
269,4,0,0.00038362300006156147,97,A06,cross-session,AdaBN
270,4,0,0.0003976740000553036,97,A06,cross-session,AdaBN
271,4,1,0.0004164939999782291,97,A06,cross-session,AdaBN
272,4,1,0.00037833700002920523,97,A06,cross-session,AdaBN
273,4,0,0.00038284599997950863,97,A06,cross-session,AdaBN
274,4,1,0.00040657400006693933,97,A06,cross-session,AdaBN
275,4,0,0.00039188699997794174,97,A06,cross-session,AdaBN
276,4,0,0.0003935049999199691,97,A06,cross-session,AdaBN
277,4,0,0.0003984819999232059,97,A06,cross-session,AdaBN
278,4,0,0.00037953700007165025,97,A06,cross-session,AdaBN
279,4,0,0.0004237970000531277,97,A06,cross-session,AdaBN
280,4,1,0.00038759899996421154,97,A06,cross-session,AdaBN
281,4,1,0.00039252599992778414,97,A06,cross-session,AdaBN
282,4,1,0.0003986219999205787,97,A06,cross-session,AdaBN
283,4,0,0.000426863000029698,97,A06,cross-session,AdaBN
284,4,1,0.00039685100000497187,97,A06,cross-session,AdaBN
285,4,1,0.0003848710000511346,97,A06,cross-session,AdaBN
286,4,1,0.00040114599994467426,97,A06,cross-session,AdaBN
287,4,0,0.0004070600000432023,97,A06,cross-session,AdaBN
0,1,0,0.0005696319999515254,97,A07,cross-session,AdaBN
1,2,1,0.00048588800007109967,97,A07,cross-session,AdaBN
2,3,1,0.00047538100000110717,97,A07,cross-session,AdaBN
3,4,0,0.0005180129999189376,97,A07,cross-session,AdaBN
4,4,0,0.0004746440000644725,97,A07,cross-session,AdaBN
5,4,1,0.0004086760000063805,97,A07,cross-session,AdaBN
6,4,1,0.00048241199999665696,97,A07,cross-session,AdaBN
7,4,0,0.0004156850000072154,97,A07,cross-session,AdaBN
8,4,1,0.0004605139999966923,97,A07,cross-session,AdaBN
9,4,1,0.0004590749999806576,97,A07,cross-session,AdaBN
10,4,1,0.000465762999965591,97,A07,cross-session,AdaBN
11,4,1,0.0004621000000497588,97,A07,cross-session,AdaBN
12,4,1,0.00046075199998085736,97,A07,cross-session,AdaBN
13,4,1,0.0004631210000525243,97,A07,cross-session,AdaBN
14,4,1,0.00047747400003572693,97,A07,cross-session,AdaBN
15,4,0,0.0004583689999435592,97,A07,cross-session,AdaBN
16,4,0,0.00043298800005686644,97,A07,cross-session,AdaBN
17,4,1,0.00044197499994425016,97,A07,cross-session,AdaBN
18,4,1,0.0004245779999791921,97,A07,cross-session,AdaBN
19,4,1,0.00047404399992956314,97,A07,cross-session,AdaBN
20,4,1,0.0004277340000271579,97,A07,cross-session,AdaBN
21,4,1,0.0004517639999903622,97,A07,cross-session,AdaBN
22,4,0,0.0004507869999770264,97,A07,cross-session,AdaBN
23,4,0,0.0004456320000372216,97,A07,cross-session,AdaBN
24,4,0,0.0004293880000432182,97,A07,cross-session,AdaBN
25,4,1,0.0004449980000345022,97,A07,cross-session,AdaBN
26,4,0,0.00042018800002097123,97,A07,cross-session,AdaBN
27,4,0,0.0004633930000181863,97,A07,cross-session,AdaBN
28,4,0,0.00042438999992100435,97,A07,cross-session,AdaBN
29,4,0,0.0004363929999726679,97,A07,cross-session,AdaBN
30,4,1,0.00043345400001726375,97,A07,cross-session,AdaBN
31,4,0,0.0004514089999929638,97,A07,cross-session,AdaBN
32,4,1,0.0004251679999924818,97,A07,cross-session,AdaBN
33,4,1,0.0004299260000379945,97,A07,cross-session,AdaBN
34,4,1,0.0004797139999936917,97,A07,cross-session,AdaBN
35,4,0,0.0004055609999795706,97,A07,cross-session,AdaBN
36,4,1,0.00040856099997199635,97,A07,cross-session,AdaBN
37,4,1,0.0004268530000217652,97,A07,cross-session,AdaBN
38,4,1,0.00041509100003622734,97,A07,cross-session,AdaBN
39,4,1,0.00041372400005457166,97,A07,cross-session,AdaBN
40,4,1,0.00040410900010101614,97,A07,cross-session,AdaBN
41,4,1,0.00040797199994813127,97,A07,cross-session,AdaBN
42,4,1,0.000394301000028463,97,A07,cross-session,AdaBN
43,4,0,0.00042704400004822674,97,A07,cross-session,AdaBN
44,4,1,0.0004012110000530811,97,A07,cross-session,AdaBN
45,4,1,0.00043898199999148346,97,A07,cross-session,AdaBN
46,4,1,0.0003783339999472446,97,A07,cross-session,AdaBN
47,4,1,0.0004019960000505307,97,A07,cross-session,AdaBN
48,4,0,0.0003598250000322878,97,A07,cross-session,AdaBN
49,4,0,0.00037726799996562477,97,A07,cross-session,AdaBN
50,4,0,0.0003959120000445182,97,A07,cross-session,AdaBN
51,4,0,0.00040989599995100434,97,A07,cross-session,AdaBN
52,4,0,0.00040401900002962066,97,A07,cross-session,AdaBN
53,4,1,0.0004067759999770715,97,A07,cross-session,AdaBN
54,4,0,0.0004028360000347675,97,A07,cross-session,AdaBN
55,4,1,0.0003948029999492064,97,A07,cross-session,AdaBN
56,4,1,0.00039217699998062017,97,A07,cross-session,AdaBN
57,4,0,0.000356668999984322,97,A07,cross-session,AdaBN
58,4,1,0.00039125599994349614,97,A07,cross-session,AdaBN
59,4,1,0.00036090200001126505,97,A07,cross-session,AdaBN
60,4,0,0.00036969200004932645,97,A07,cross-session,AdaBN
61,4,0,0.00037447700003667705,97,A07,cross-session,AdaBN
62,4,0,0.00042528900007710035,97,A07,cross-session,AdaBN
63,4,0,0.0003753820000156338,97,A07,cross-session,AdaBN
64,4,1,0.0003717170000072656,97,A07,cross-session,AdaBN
65,4,1,0.00040357199998197757,97,A07,cross-session,AdaBN
66,4,1,0.00039280299995425594,97,A07,cross-session,AdaBN
67,4,0,0.00041364800006249425,97,A07,cross-session,AdaBN
68,4,1,0.00037156499990942393,97,A07,cross-session,AdaBN
69,4,1,0.00040553600001658197,97,A07,cross-session,AdaBN
70,4,0,0.00044027100000221253,97,A07,cross-session,AdaBN
71,4,0,0.00041426099994623655,97,A07,cross-session,AdaBN
72,4,1,0.00040849099991646654,97,A07,cross-session,AdaBN
73,4,1,0.0004171159999941665,97,A07,cross-session,AdaBN
74,4,1,0.00040500799991605163,97,A07,cross-session,AdaBN
75,4,1,0.00043622600003345724,97,A07,cross-session,AdaBN
76,4,0,0.00040345100001104583,97,A07,cross-session,AdaBN
77,4,1,0.00039417699997557065,97,A07,cross-session,AdaBN
78,4,0,0.0003960239999969417,97,A07,cross-session,AdaBN
79,4,1,0.00040408699999261444,97,A07,cross-session,AdaBN
80,4,0,0.0004235540000081528,97,A07,cross-session,AdaBN
81,4,0,0.00044123499992565485,97,A07,cross-session,AdaBN
82,4,0,0.000403780000056031,97,A07,cross-session,AdaBN
83,4,1,0.0003820169999926293,97,A07,cross-session,AdaBN
84,4,1,0.0004156759999887072,97,A07,cross-session,AdaBN
85,4,1,0.0004107820000172069,97,A07,cross-session,AdaBN
86,4,0,0.000417372000015348,97,A07,cross-session,AdaBN
87,4,1,0.0003950270000814271,97,A07,cross-session,AdaBN
88,4,1,0.0003913539999302884,97,A07,cross-session,AdaBN
89,4,1,0.0003722779999861814,97,A07,cross-session,AdaBN
90,4,1,0.00038841499997488427,97,A07,cross-session,AdaBN
91,4,1,0.0003850880000300094,97,A07,cross-session,AdaBN
92,4,0,0.0003907120000121722,97,A07,cross-session,AdaBN
93,4,1,0.0004011539999737579,97,A07,cross-session,AdaBN
94,4,1,0.0003999550000344243,97,A07,cross-session,AdaBN
95,4,1,0.0004053630000271369,97,A07,cross-session,AdaBN
96,4,1,0.00042494299998452334,97,A07,cross-session,AdaBN
97,4,1,0.00043447000007290626,97,A07,cross-session,AdaBN
98,4,0,0.00044387299999470997,97,A07,cross-session,AdaBN
99,4,1,0.0004529200000433775,97,A07,cross-session,AdaBN
100,4,0,0.0004452659999287789,97,A07,cross-session,AdaBN
101,4,0,0.00043674299990925647,97,A07,cross-session,AdaBN
102,4,0,0.000423972000021422,97,A07,cross-session,AdaBN
103,4,1,0.000412374000006821,97,A07,cross-session,AdaBN
104,4,0,0.00041509599998335034,97,A07,cross-session,AdaBN
105,4,0,0.00041320100001485116,97,A07,cross-session,AdaBN
106,4,0,0.0004076999999824693,97,A07,cross-session,AdaBN
107,4,1,0.00040264599999773054,97,A07,cross-session,AdaBN
108,4,0,0.00039758599996275734,97,A07,cross-session,AdaBN
109,4,0,0.00042410000003201276,97,A07,cross-session,AdaBN
110,4,0,0.00040306799996869813,97,A07,cross-session,AdaBN
111,4,0,0.00041046000001188077,97,A07,cross-session,AdaBN
112,4,0,0.00041033800005152443,97,A07,cross-session,AdaBN
113,4,1,0.00042171799998413917,97,A07,cross-session,AdaBN
114,4,0,0.00041135600008601614,97,A07,cross-session,AdaBN
115,4,0,0.0004080720000274596,97,A07,cross-session,AdaBN
116,4,1,0.0004043120000005729,97,A07,cross-session,AdaBN
117,4,0,0.0004066600000669496,97,A07,cross-session,AdaBN
118,4,1,0.00039301000003888475,97,A07,cross-session,AdaBN
119,4,0,0.00044029600007888803,97,A07,cross-session,AdaBN
120,4,0,0.0004075499999771637,97,A07,cross-session,AdaBN
121,4,1,0.00044336799999200593,97,A07,cross-session,AdaBN
122,4,1,0.0004511789999241955,97,A07,cross-session,AdaBN
123,4,0,0.0004549319999114232,97,A07,cross-session,AdaBN
124,4,0,0.00041791199998897355,97,A07,cross-session,AdaBN
125,4,0,0.0004496839999319491,97,A07,cross-session,AdaBN
126,4,0,0.0004022179999765285,97,A07,cross-session,AdaBN
127,4,1,0.0004361060000519501,97,A07,cross-session,AdaBN
128,4,0,0.0004280590000007578,97,A07,cross-session,AdaBN
129,4,0,0.00041180899995652,97,A07,cross-session,AdaBN
130,4,1,0.0003890279999723134,97,A07,cross-session,AdaBN
131,4,0,0.0003943630000549092,97,A07,cross-session,AdaBN
132,4,1,0.00039843499996550236,97,A07,cross-session,AdaBN
133,4,1,0.0003953899999942223,97,A07,cross-session,AdaBN
134,4,1,0.00040856699990854395,97,A07,cross-session,AdaBN
135,4,0,0.0003989709999814295,97,A07,cross-session,AdaBN
136,4,1,0.0003973070000711232,97,A07,cross-session,AdaBN
137,4,1,0.0003934790000812427,97,A07,cross-session,AdaBN
138,4,0,0.0004004139999551626,97,A07,cross-session,AdaBN
139,4,1,0.00039811699991787464,97,A07,cross-session,AdaBN
140,4,0,0.0003972629999680066,97,A07,cross-session,AdaBN
141,4,0,0.00040046200001597754,97,A07,cross-session,AdaBN
142,4,0,0.00043035700002747035,97,A07,cross-session,AdaBN
143,4,0,0.00039761400000770664,97,A07,cross-session,AdaBN
144,4,1,0.00042080099990471354,97,A07,cross-session,AdaBN
145,4,0,0.0003878249999615946,97,A07,cross-session,AdaBN
146,4,0,0.00041882400000758935,97,A07,cross-session,AdaBN
147,4,0,0.0004000630000291494,97,A07,cross-session,AdaBN
148,4,1,0.00041049200001452846,97,A07,cross-session,AdaBN
149,4,0,0.0003877100000408973,97,A07,cross-session,AdaBN
150,4,1,0.0003862769999614102,97,A07,cross-session,AdaBN
151,4,0,0.0004149499999357431,97,A07,cross-session,AdaBN
152,4,1,0.00037923399997907836,97,A07,cross-session,AdaBN
153,4,1,0.0004359040000281311,97,A07,cross-session,AdaBN
154,4,1,0.00038391699990825146,97,A07,cross-session,AdaBN
155,4,1,0.00041468099993835494,97,A07,cross-session,AdaBN
156,4,1,0.000406736000059027,97,A07,cross-session,AdaBN
157,4,1,0.000399138000034327,97,A07,cross-session,AdaBN
158,4,1,0.0004059290000668625,97,A07,cross-session,AdaBN
159,4,1,0.0004100080000171147,97,A07,cross-session,AdaBN
160,4,1,0.000381284000013693,97,A07,cross-session,AdaBN
161,4,1,0.0003842469999426612,97,A07,cross-session,AdaBN
162,4,1,0.00037536299998919276,97,A07,cross-session,AdaBN
163,4,0,0.00040521000005355745,97,A07,cross-session,AdaBN
164,4,1,0.000385914000048615,97,A07,cross-session,AdaBN
165,4,1,0.0003869130000566656,97,A07,cross-session,AdaBN
166,4,0,0.0004460069999367988,97,A07,cross-session,AdaBN
167,4,0,0.0003925759999674483,97,A07,cross-session,AdaBN
168,4,1,0.0004090799999403316,97,A07,cross-session,AdaBN
169,4,1,0.0004008879999446435,97,A07,cross-session,AdaBN
170,4,0,0.0003985460000421881,97,A07,cross-session,AdaBN
171,4,0,0.0003778410000450094,97,A07,cross-session,AdaBN
172,4,0,0.0004264670000111437,97,A07,cross-session,AdaBN
173,4,0,0.00043028800007505197,97,A07,cross-session,AdaBN
174,4,1,0.0004303350000327555,97,A07,cross-session,AdaBN
175,4,0,0.00041561900002307084,97,A07,cross-session,AdaBN
176,4,1,0.00043334600002253865,97,A07,cross-session,AdaBN
177,4,0,0.0003812429999925371,97,A07,cross-session,AdaBN
178,4,0,0.0004150060000256417,97,A07,cross-session,AdaBN
179,4,1,0.00039913799992064014,97,A07,cross-session,AdaBN
180,4,1,0.00037571699999716657,97,A07,cross-session,AdaBN
181,4,1,0.0004126960000121471,97,A07,cross-session,AdaBN
182,4,0,0.00039297399996485183,97,A07,cross-session,AdaBN
183,4,0,0.00041290900003332354,97,A07,cross-session,AdaBN
184,4,0,0.0003771799999867653,97,A07,cross-session,AdaBN
185,4,1,0.0003996340000185228,97,A07,cross-session,AdaBN
186,4,0,0.00038190399993709434,97,A07,cross-session,AdaBN
187,4,0,0.00038714699996944546,97,A07,cross-session,AdaBN
188,4,0,0.00037441200004195707,97,A07,cross-session,AdaBN
189,4,0,0.0004109699999617078,97,A07,cross-session,AdaBN
190,4,1,0.00039515299999948184,97,A07,cross-session,AdaBN
191,4,0,0.0004285909999452997,97,A07,cross-session,AdaBN
192,4,0,0.0004007669999737118,97,A07,cross-session,AdaBN
193,4,1,0.00044769300006919366,97,A07,cross-session,AdaBN
194,4,1,0.00042857500000081927,97,A07,cross-session,AdaBN
195,4,0,0.0004048979999424773,97,A07,cross-session,AdaBN
196,4,1,0.0004284469999902285,97,A07,cross-session,AdaBN
197,4,1,0.00038480600005641463,97,A07,cross-session,AdaBN
198,4,0,0.00039230699997006013,97,A07,cross-session,AdaBN
199,4,0,0.00039976999994451035,97,A07,cross-session,AdaBN
200,4,1,0.00040282400004798546,97,A07,cross-session,AdaBN
201,4,0,0.00041726800009200815,97,A07,cross-session,AdaBN
202,4,0,0.0004264430000375796,97,A07,cross-session,AdaBN
203,4,1,0.00043796299996756716,97,A07,cross-session,AdaBN
204,4,0,0.000448510000069291,97,A07,cross-session,AdaBN
205,4,1,0.0003934850000177903,97,A07,cross-session,AdaBN
206,4,0,0.00042033500005800306,97,A07,cross-session,AdaBN
207,4,0,0.000407108999979755,97,A07,cross-session,AdaBN
208,4,0,0.0004232019999790282,97,A07,cross-session,AdaBN
209,4,0,0.0003895179999062748,97,A07,cross-session,AdaBN
210,4,0,0.00041875900001286936,97,A07,cross-session,AdaBN
211,4,1,0.0003951859999915541,97,A07,cross-session,AdaBN
212,4,1,0.00044674499997654493,97,A07,cross-session,AdaBN
213,4,0,0.0004104360000383167,97,A07,cross-session,AdaBN
214,4,0,0.00042065699994964234,97,A07,cross-session,AdaBN
215,4,0,0.00041444599992246367,97,A07,cross-session,AdaBN
216,4,0,0.00039431200002582045,97,A07,cross-session,AdaBN
217,4,0,0.0004220010000608454,97,A07,cross-session,AdaBN
218,4,1,0.0004109399999379093,97,A07,cross-session,AdaBN
219,4,1,0.0003871599999456521,97,A07,cross-session,AdaBN
220,4,0,0.00038491500004056434,97,A07,cross-session,AdaBN
221,4,0,0.00043827000001783745,97,A07,cross-session,AdaBN
222,4,1,0.00041752499998892745,97,A07,cross-session,AdaBN
223,4,0,0.00043056300000898773,97,A07,cross-session,AdaBN
224,4,1,0.00038446999997177045,97,A07,cross-session,AdaBN
225,4,1,0.00041460900001766277,97,A07,cross-session,AdaBN
226,4,1,0.00040469399993980915,97,A07,cross-session,AdaBN
227,4,0,0.0004279810000298312,97,A07,cross-session,AdaBN
228,4,1,0.0003946000000496497,97,A07,cross-session,AdaBN
229,4,0,0.00039427000001523993,97,A07,cross-session,AdaBN
230,4,1,0.0004059709999637562,97,A07,cross-session,AdaBN
231,4,0,0.00039759599997069017,97,A07,cross-session,AdaBN
232,4,0,0.0004036200000427925,97,A07,cross-session,AdaBN
233,4,0,0.00046734800002923294,97,A07,cross-session,AdaBN
234,4,0,0.0004127969999672132,97,A07,cross-session,AdaBN
235,4,1,0.0004209200000104829,97,A07,cross-session,AdaBN
236,4,1,0.00045638300002792676,97,A07,cross-session,AdaBN
237,4,0,0.0004115960000490304,97,A07,cross-session,AdaBN
238,4,0,0.0003857880000168734,97,A07,cross-session,AdaBN
239,4,0,0.0003974999999627471,97,A07,cross-session,AdaBN
240,4,0,0.00038157500000579603,97,A07,cross-session,AdaBN
241,4,0,0.0004397920000656086,97,A07,cross-session,AdaBN
242,4,0,0.00039645100002871914,97,A07,cross-session,AdaBN
243,4,1,0.000380714000016269,97,A07,cross-session,AdaBN
244,4,1,0.00041755699999157514,97,A07,cross-session,AdaBN
245,4,0,0.00039287100003093656,97,A07,cross-session,AdaBN
246,4,0,0.0004185200000392797,97,A07,cross-session,AdaBN
247,4,0,0.0003874049999694762,97,A07,cross-session,AdaBN
248,4,1,0.0004341129999829718,97,A07,cross-session,AdaBN
249,4,0,0.00043236999999862746,97,A07,cross-session,AdaBN
250,4,1,0.0004141009999329981,97,A07,cross-session,AdaBN
251,4,0,0.0003816060000190191,97,A07,cross-session,AdaBN
252,4,0,0.0003993620000528608,97,A07,cross-session,AdaBN
253,4,1,0.0003929270000071483,97,A07,cross-session,AdaBN
254,4,0,0.000460760000009941,97,A07,cross-session,AdaBN
255,4,1,0.0003987709999364597,97,A07,cross-session,AdaBN
256,4,1,0.0004333699999961027,97,A07,cross-session,AdaBN
257,4,0,0.0004002360000185945,97,A07,cross-session,AdaBN
258,4,1,0.0004214069999761705,97,A07,cross-session,AdaBN
259,4,0,0.00040386900002431503,97,A07,cross-session,AdaBN
260,4,1,0.00040694400001939357,97,A07,cross-session,AdaBN
261,4,0,0.0003978869999627932,97,A07,cross-session,AdaBN
262,4,1,0.0003825180000376349,97,A07,cross-session,AdaBN
263,4,1,0.0004051299999900948,97,A07,cross-session,AdaBN
264,4,0,0.0004106690000753588,97,A07,cross-session,AdaBN
265,4,1,0.00041368300003341574,97,A07,cross-session,AdaBN
266,4,1,0.0004203800000368574,97,A07,cross-session,AdaBN
267,4,1,0.0004245320000109132,97,A07,cross-session,AdaBN
268,4,1,0.0003821679999873595,97,A07,cross-session,AdaBN
269,4,0,0.0003988329999629059,97,A07,cross-session,AdaBN
270,4,0,0.00041372800001227006,97,A07,cross-session,AdaBN
271,4,1,0.0004013630000372359,97,A07,cross-session,AdaBN
272,4,0,0.00039426700004696613,97,A07,cross-session,AdaBN
273,4,0,0.00039514800005235884,97,A07,cross-session,AdaBN
274,4,1,0.00039503099992543866,97,A07,cross-session,AdaBN
275,4,0,0.000424534999979187,97,A07,cross-session,AdaBN
276,4,0,0.0003909509999857619,97,A07,cross-session,AdaBN
277,4,0,0.00039079400005448406,97,A07,cross-session,AdaBN
278,4,1,0.0003931139999622246,97,A07,cross-session,AdaBN
279,4,1,0.0004157360000363042,97,A07,cross-session,AdaBN
280,4,0,0.000400557000034496,97,A07,cross-session,AdaBN
281,4,0,0.00037819700003183243,97,A07,cross-session,AdaBN
282,4,1,0.00041337499999372085,97,A07,cross-session,AdaBN
283,4,1,0.00039115699996727926,97,A07,cross-session,AdaBN
284,4,0,0.00039428699994914496,97,A07,cross-session,AdaBN
285,4,1,0.0003954689999545735,97,A07,cross-session,AdaBN
286,4,0,0.00042582699995818984,97,A07,cross-session,AdaBN
287,4,0,0.0003903279999803999,97,A07,cross-session,AdaBN
0,1,0,0.0005741190000208007,97,A08,cross-session,AdaBN
1,2,0,0.00047836100009135407,97,A08,cross-session,AdaBN
2,3,1,0.0004709200001116187,97,A08,cross-session,AdaBN
3,4,1,0.0005322199999682198,97,A08,cross-session,AdaBN
4,4,1,0.000476458999969509,97,A08,cross-session,AdaBN
5,4,1,0.0004328049999458017,97,A08,cross-session,AdaBN
6,4,1,0.0004897009999922375,97,A08,cross-session,AdaBN
7,4,0,0.00047580099999322556,97,A08,cross-session,AdaBN
8,4,1,0.00044200399997862405,97,A08,cross-session,AdaBN
9,4,0,0.00044987700005094666,97,A08,cross-session,AdaBN
10,4,1,0.0004450110000107088,97,A08,cross-session,AdaBN
11,4,1,0.00046067799996762915,97,A08,cross-session,AdaBN
12,4,1,0.00046670800008996594,97,A08,cross-session,AdaBN
13,4,1,0.00045630900001469854,97,A08,cross-session,AdaBN
14,4,0,0.0004583319999937885,97,A08,cross-session,AdaBN
15,4,1,0.00047498900005393807,97,A08,cross-session,AdaBN
16,4,1,0.00043922800000473217,97,A08,cross-session,AdaBN
17,4,1,0.00044815600006131717,97,A08,cross-session,AdaBN
18,4,1,0.00041561900002307084,97,A08,cross-session,AdaBN
19,4,1,0.0004364369999620976,97,A08,cross-session,AdaBN
20,4,0,0.0003981649999786896,97,A08,cross-session,AdaBN
21,4,1,0.0004229850000001534,97,A08,cross-session,AdaBN
22,4,1,0.00042554200001632125,97,A08,cross-session,AdaBN
23,4,0,0.00042628300002434116,97,A08,cross-session,AdaBN
24,4,0,0.00041506999991725024,97,A08,cross-session,AdaBN
25,4,1,0.00045142800001940486,97,A08,cross-session,AdaBN
26,4,1,0.00040982100006203837,97,A08,cross-session,AdaBN
27,4,0,0.00043552900001486705,97,A08,cross-session,AdaBN
28,4,0,0.00044798199996876065,97,A08,cross-session,AdaBN
29,4,1,0.0004458869999552917,97,A08,cross-session,AdaBN
30,4,1,0.00045607899994593026,97,A08,cross-session,AdaBN
31,4,1,0.000431991000027665,97,A08,cross-session,AdaBN
32,4,1,0.00041180299990628555,97,A08,cross-session,AdaBN
33,4,1,0.00043085899994821375,97,A08,cross-session,AdaBN
34,4,1,0.00042572600000312377,97,A08,cross-session,AdaBN
35,4,1,0.0004752199999984441,97,A08,cross-session,AdaBN
36,4,0,0.00040019600010055,97,A08,cross-session,AdaBN
37,4,1,0.0004360660000202188,97,A08,cross-session,AdaBN
38,4,0,0.0004227470000159883,97,A08,cross-session,AdaBN
39,4,1,0.0004154590000098324,97,A08,cross-session,AdaBN
40,4,1,0.0003681560000359241,97,A08,cross-session,AdaBN
41,4,1,0.00039582300007623417,97,A08,cross-session,AdaBN
42,4,1,0.0003873650000514317,97,A08,cross-session,AdaBN
43,4,0,0.00038535499993486155,97,A08,cross-session,AdaBN
44,4,1,0.00036590399997749046,97,A08,cross-session,AdaBN
45,4,1,0.00036930900000697875,97,A08,cross-session,AdaBN
46,4,1,0.0003907909999725234,97,A08,cross-session,AdaBN
47,4,1,0.0004052650000403446,97,A08,cross-session,AdaBN
48,4,0,0.00037494599996534816,97,A08,cross-session,AdaBN
49,4,1,0.00037168099993323267,97,A08,cross-session,AdaBN
50,4,1,0.000392898999962199,97,A08,cross-session,AdaBN
51,4,1,0.00035781099995801924,97,A08,cross-session,AdaBN
52,4,1,0.000380014000029405,97,A08,cross-session,AdaBN
53,4,1,0.00037299200005236344,97,A08,cross-session,AdaBN
54,4,1,0.00039093500004128146,97,A08,cross-session,AdaBN
55,4,1,0.0003678989999116311,97,A08,cross-session,AdaBN
56,4,0,0.0003693359999488166,97,A08,cross-session,AdaBN
57,4,1,0.00039440800003376353,97,A08,cross-session,AdaBN
58,4,1,0.00037535200010552217,97,A08,cross-session,AdaBN
59,4,0,0.0004049599999689235,97,A08,cross-session,AdaBN
60,4,0,0.00039075799998045113,97,A08,cross-session,AdaBN
61,4,1,0.0004108719999749155,97,A08,cross-session,AdaBN
62,4,1,0.00039298000001508626,97,A08,cross-session,AdaBN
63,4,1,0.000398087000007763,97,A08,cross-session,AdaBN
64,4,1,0.00038541699996130774,97,A08,cross-session,AdaBN
65,4,1,0.00040162699997381424,97,A08,cross-session,AdaBN
66,4,1,0.00039586999992025085,97,A08,cross-session,AdaBN
67,4,1,0.00039126399997257977,97,A08,cross-session,AdaBN
68,4,1,0.00039951899998413865,97,A08,cross-session,AdaBN
69,4,1,0.00039843000001837936,97,A08,cross-session,AdaBN
70,4,1,0.0004577139999355495,97,A08,cross-session,AdaBN
71,4,0,0.00039796600003683125,97,A08,cross-session,AdaBN
72,4,1,0.0004270360000191431,97,A08,cross-session,AdaBN
73,4,1,0.00040279699999246077,97,A08,cross-session,AdaBN
74,4,1,0.0004279880000694902,97,A08,cross-session,AdaBN
75,4,1,0.00041586200006804575,97,A08,cross-session,AdaBN
76,4,1,0.0004096259999641916,97,A08,cross-session,AdaBN
77,4,1,0.0004054479999240357,97,A08,cross-session,AdaBN
78,4,0,0.0004199999999627835,97,A08,cross-session,AdaBN
79,4,0,0.00038996199998564407,97,A08,cross-session,AdaBN
80,4,1,0.00039691500001026725,97,A08,cross-session,AdaBN
81,4,1,0.00040539500002978457,97,A08,cross-session,AdaBN
82,4,1,0.0003965050000260817,97,A08,cross-session,AdaBN
83,4,0,0.0003803280000056475,97,A08,cross-session,AdaBN
84,4,1,0.00038862099995640165,97,A08,cross-session,AdaBN
85,4,0,0.00037923399997907836,97,A08,cross-session,AdaBN
86,4,1,0.00037690999999995256,97,A08,cross-session,AdaBN
87,4,0,0.0003883839999616612,97,A08,cross-session,AdaBN
88,4,0,0.0003985669999337915,97,A08,cross-session,AdaBN
89,4,0,0.0003887819999590647,97,A08,cross-session,AdaBN
90,4,0,0.00038474899997709144,97,A08,cross-session,AdaBN
91,4,0,0.00038981599993803684,97,A08,cross-session,AdaBN
92,4,1,0.0003845210000008592,97,A08,cross-session,AdaBN
93,4,1,0.0004367300000467367,97,A08,cross-session,AdaBN
94,4,0,0.00040772399995603337,97,A08,cross-session,AdaBN
95,4,1,0.0003936250000151631,97,A08,cross-session,AdaBN
96,4,1,0.00039896099997349666,97,A08,cross-session,AdaBN
97,4,0,0.00042965500006175716,97,A08,cross-session,AdaBN
98,4,1,0.00042171400002644077,97,A08,cross-session,AdaBN
99,4,1,0.00040303299999777664,97,A08,cross-session,AdaBN
100,4,1,0.000399999000023854,97,A08,cross-session,AdaBN
101,4,0,0.00040834100002484774,97,A08,cross-session,AdaBN
102,4,1,0.00040216399997916596,97,A08,cross-session,AdaBN
103,4,1,0.0003870479999932286,97,A08,cross-session,AdaBN
104,4,1,0.00039223999999649095,97,A08,cross-session,AdaBN
105,4,1,0.000379949000034685,97,A08,cross-session,AdaBN
106,4,1,0.0004044269999212702,97,A08,cross-session,AdaBN
107,4,0,0.0003925799999251467,97,A08,cross-session,AdaBN
108,4,0,0.0004005790000292109,97,A08,cross-session,AdaBN
109,4,0,0.00038366499995845516,97,A08,cross-session,AdaBN
110,4,0,0.0003883489999907397,97,A08,cross-session,AdaBN
111,4,0,0.00040061499998955696,97,A08,cross-session,AdaBN
112,4,1,0.00040571899990027305,97,A08,cross-session,AdaBN
113,4,1,0.00038700099992183823,97,A08,cross-session,AdaBN
114,4,1,0.00039188400000966794,97,A08,cross-session,AdaBN
115,4,1,0.00038908799990622356,97,A08,cross-session,AdaBN
116,4,1,0.00038192600004549604,97,A08,cross-session,AdaBN
117,4,1,0.00038842299989028106,97,A08,cross-session,AdaBN
118,4,1,0.0003942870000628318,97,A08,cross-session,AdaBN
119,4,1,0.0004014329999790789,97,A08,cross-session,AdaBN
120,4,0,0.0003779869999789298,97,A08,cross-session,AdaBN
121,4,1,0.0003845859999955792,97,A08,cross-session,AdaBN
122,4,1,0.00040486600005351647,97,A08,cross-session,AdaBN
123,4,1,0.00039504599999418133,97,A08,cross-session,AdaBN
124,4,1,0.0003985219999549372,97,A08,cross-session,AdaBN
125,4,1,0.0003876839999747972,97,A08,cross-session,AdaBN
126,4,1,0.00039719899996271124,97,A08,cross-session,AdaBN
127,4,1,0.00037997899994479667,97,A08,cross-session,AdaBN
128,4,0,0.00043246600000657054,97,A08,cross-session,AdaBN
129,4,1,0.0003840779999109145,97,A08,cross-session,AdaBN
130,4,0,0.00038561900009881356,97,A08,cross-session,AdaBN
131,4,0,0.00039130800007569633,97,A08,cross-session,AdaBN
132,4,1,0.0004101209999589628,97,A08,cross-session,AdaBN
133,4,0,0.0003984390000368876,97,A08,cross-session,AdaBN
134,4,1,0.00039488599998094287,97,A08,cross-session,AdaBN
135,4,1,0.0003888400000278125,97,A08,cross-session,AdaBN
136,4,1,0.00038066100000833103,97,A08,cross-session,AdaBN
137,4,1,0.0003937339999993128,97,A08,cross-session,AdaBN
138,4,0,0.0003949550000470481,97,A08,cross-session,AdaBN
139,4,1,0.00040747299999566167,97,A08,cross-session,AdaBN
140,4,0,0.0004134929999963788,97,A08,cross-session,AdaBN
141,4,0,0.00039548599988847855,97,A08,cross-session,AdaBN
142,4,1,0.00039518300002328033,97,A08,cross-session,AdaBN
143,4,1,0.000398717000052784,97,A08,cross-session,AdaBN
144,4,0,0.0003967869999996765,97,A08,cross-session,AdaBN
145,4,1,0.00039634400002341863,97,A08,cross-session,AdaBN
146,4,0,0.0003959050000048592,97,A08,cross-session,AdaBN
147,4,0,0.00043405999997503386,97,A08,cross-session,AdaBN
148,4,0,0.00041150499998821033,97,A08,cross-session,AdaBN
149,4,1,0.00040371299996877497,97,A08,cross-session,AdaBN
150,4,1,0.00038857100003042433,97,A08,cross-session,AdaBN
151,4,1,0.00038231300004554214,97,A08,cross-session,AdaBN
152,4,1,0.0003893300000754607,97,A08,cross-session,AdaBN
153,4,1,0.0003799169999183505,97,A08,cross-session,AdaBN
154,4,1,0.0003941790000681067,97,A08,cross-session,AdaBN
155,4,1,0.00039188599998851714,97,A08,cross-session,AdaBN
156,4,0,0.00038597399998252513,97,A08,cross-session,AdaBN
157,4,0,0.00037711599998146994,97,A08,cross-session,AdaBN
158,4,1,0.0003948440000840492,97,A08,cross-session,AdaBN
159,4,1,0.00038854199999605044,97,A08,cross-session,AdaBN
160,4,1,0.0003800920000003316,97,A08,cross-session,AdaBN
161,4,1,0.00039653399994676874,97,A08,cross-session,AdaBN
162,4,1,0.0003780079999842201,97,A08,cross-session,AdaBN
163,4,0,0.0004130260000465569,97,A08,cross-session,AdaBN
164,4,1,0.0003833209999584142,97,A08,cross-session,AdaBN
165,4,1,0.00041506200000185345,97,A08,cross-session,AdaBN
166,4,0,0.0003931900000679889,97,A08,cross-session,AdaBN
167,4,1,0.00039438500004962407,97,A08,cross-session,AdaBN
168,4,0,0.0003960980000101699,97,A08,cross-session,AdaBN
169,4,1,0.0003991109999788023,97,A08,cross-session,AdaBN
170,4,0,0.0003864450000037323,97,A08,cross-session,AdaBN
171,4,1,0.0003999250000106258,97,A08,cross-session,AdaBN
172,4,1,0.00038386300002457574,97,A08,cross-session,AdaBN
173,4,0,0.00043395000000145956,97,A08,cross-session,AdaBN
174,4,1,0.0003841170000669081,97,A08,cross-session,AdaBN
175,4,1,0.00039163600001757004,97,A08,cross-session,AdaBN
176,4,1,0.0004034050000427669,97,A08,cross-session,AdaBN
177,4,1,0.0003955939999968905,97,A08,cross-session,AdaBN
178,4,0,0.00041406400009691424,97,A08,cross-session,AdaBN
179,4,0,0.0004070950000141238,97,A08,cross-session,AdaBN
180,4,1,0.0004076339999983247,97,A08,cross-session,AdaBN
181,4,0,0.00043159699998795986,97,A08,cross-session,AdaBN
182,4,0,0.000428051000085361,97,A08,cross-session,AdaBN
183,4,0,0.0003911000000016429,97,A08,cross-session,AdaBN
184,4,1,0.0003937740000310441,97,A08,cross-session,AdaBN
185,4,0,0.00038736699991659407,97,A08,cross-session,AdaBN
186,4,0,0.0003858909999507887,97,A08,cross-session,AdaBN
187,4,1,0.00037947600003462867,97,A08,cross-session,AdaBN
188,4,0,0.00037883999993937323,97,A08,cross-session,AdaBN
189,4,1,0.0003997229999868068,97,A08,cross-session,AdaBN
190,4,1,0.0003766119999681905,97,A08,cross-session,AdaBN
191,4,0,0.0004019350000135091,97,A08,cross-session,AdaBN
192,4,1,0.0003821260000904658,97,A08,cross-session,AdaBN
193,4,1,0.0004090890000725267,97,A08,cross-session,AdaBN
194,4,1,0.0003900399999565707,97,A08,cross-session,AdaBN
195,4,1,0.0004006350000054226,97,A08,cross-session,AdaBN
196,4,0,0.000389100999996117,97,A08,cross-session,AdaBN
197,4,1,0.0004059749999214546,97,A08,cross-session,AdaBN
198,4,0,0.00039550600001803105,97,A08,cross-session,AdaBN
199,4,1,0.000391075999914392,97,A08,cross-session,AdaBN
200,4,1,0.0003823439999450784,97,A08,cross-session,AdaBN
201,4,0,0.0004026230000135911,97,A08,cross-session,AdaBN
202,4,1,0.00039569899990965496,97,A08,cross-session,AdaBN
203,4,1,0.0003919780000387618,97,A08,cross-session,AdaBN
204,4,1,0.0003967600000578386,97,A08,cross-session,AdaBN
205,4,1,0.00038740799993775,97,A08,cross-session,AdaBN
206,4,1,0.0004211350000105085,97,A08,cross-session,AdaBN
207,4,1,0.0003952810000100726,97,A08,cross-session,AdaBN
208,4,1,0.00039853599992056843,97,A08,cross-session,AdaBN
209,4,0,0.0003895040000543304,97,A08,cross-session,AdaBN
210,4,1,0.0003928810000388694,97,A08,cross-session,AdaBN
211,4,1,0.00038889400002517505,97,A08,cross-session,AdaBN
212,4,1,0.000383532999990166,97,A08,cross-session,AdaBN
213,4,1,0.0004009140000107436,97,A08,cross-session,AdaBN
214,4,1,0.0003870900000038091,97,A08,cross-session,AdaBN
215,4,1,0.0004005890000371437,97,A08,cross-session,AdaBN
216,4,1,0.0003934220000019195,97,A08,cross-session,AdaBN
217,4,0,0.0004074189999982991,97,A08,cross-session,AdaBN
218,4,0,0.00038851099998282734,97,A08,cross-session,AdaBN
219,4,1,0.0003913010000360373,97,A08,cross-session,AdaBN
220,4,0,0.00038868400008595927,97,A08,cross-session,AdaBN
221,4,1,0.0003987310000184152,97,A08,cross-session,AdaBN
222,4,1,0.00039133299992499815,97,A08,cross-session,AdaBN
223,4,1,0.0003852369999322036,97,A08,cross-session,AdaBN
224,4,1,0.0003958310001053178,97,A08,cross-session,AdaBN
225,4,0,0.00037986199993156333,97,A08,cross-session,AdaBN
226,4,1,0.00039645699996526673,97,A08,cross-session,AdaBN
227,4,0,0.0003773189999947135,97,A08,cross-session,AdaBN
228,4,0,0.00039473999993333564,97,A08,cross-session,AdaBN
229,4,0,0.0003808330000083515,97,A08,cross-session,AdaBN
230,4,1,0.000384514000074887,97,A08,cross-session,AdaBN
231,4,1,0.00038587599999573285,97,A08,cross-session,AdaBN
232,4,0,0.0003857649999190471,97,A08,cross-session,AdaBN
233,4,0,0.0004013279999526276,97,A08,cross-session,AdaBN
234,4,1,0.00038528599998244317,97,A08,cross-session,AdaBN
235,4,1,0.0003895129999591518,97,A08,cross-session,AdaBN
236,4,1,0.0003955209999730869,97,A08,cross-session,AdaBN
237,4,0,0.00039747400001033384,97,A08,cross-session,AdaBN
238,4,1,0.0003761639999311228,97,A08,cross-session,AdaBN
239,4,0,0.00044221100006325287,97,A08,cross-session,AdaBN
240,4,1,0.0003862119999666902,97,A08,cross-session,AdaBN
241,4,1,0.00039871100000254955,97,A08,cross-session,AdaBN
242,4,1,0.00039542600006825523,97,A08,cross-session,AdaBN
243,4,1,0.00041679699995711417,97,A08,cross-session,AdaBN
244,4,1,0.00038155100003223197,97,A08,cross-session,AdaBN
245,4,1,0.00038612899993495375,97,A08,cross-session,AdaBN
246,4,1,0.000393873000007261,97,A08,cross-session,AdaBN
247,4,0,0.00040876499997466453,97,A08,cross-session,AdaBN
248,4,0,0.00039061799998307833,97,A08,cross-session,AdaBN
249,4,1,0.0003899369999089686,97,A08,cross-session,AdaBN
250,4,0,0.00039281299996218877,97,A08,cross-session,AdaBN
251,4,0,0.0003759350000791528,97,A08,cross-session,AdaBN
252,4,1,0.00039170800005194906,97,A08,cross-session,AdaBN
253,4,1,0.00038769399998273,97,A08,cross-session,AdaBN
254,4,0,0.0003838869999981398,97,A08,cross-session,AdaBN
255,4,0,0.0003789610000239918,97,A08,cross-session,AdaBN
256,4,1,0.00038523500006704126,97,A08,cross-session,AdaBN
257,4,1,0.00040682100006961264,97,A08,cross-session,AdaBN
258,4,1,0.000390556000070319,97,A08,cross-session,AdaBN
259,4,0,0.00039744999992308294,97,A08,cross-session,AdaBN
260,4,1,0.0003768179999497079,97,A08,cross-session,AdaBN
261,4,0,0.0003984779999655075,97,A08,cross-session,AdaBN
262,4,1,0.0003890979999141564,97,A08,cross-session,AdaBN
263,4,0,0.0003909319999593208,97,A08,cross-session,AdaBN
264,4,0,0.0003922820000070715,97,A08,cross-session,AdaBN
265,4,1,0.00039086300000690244,97,A08,cross-session,AdaBN
266,4,0,0.0003860589999931108,97,A08,cross-session,AdaBN
267,4,0,0.00038563299995075795,97,A08,cross-session,AdaBN
268,4,0,0.00039364400004160416,97,A08,cross-session,AdaBN
269,4,1,0.00038337499995577673,97,A08,cross-session,AdaBN
270,4,1,0.0003939040000204841,97,A08,cross-session,AdaBN
271,4,1,0.00039124400007040094,97,A08,cross-session,AdaBN
272,4,0,0.00039157000003342546,97,A08,cross-session,AdaBN
273,4,1,0.000391277999938211,97,A08,cross-session,AdaBN
274,4,1,0.000396259000012833,97,A08,cross-session,AdaBN
275,4,1,0.00039027599996188655,97,A08,cross-session,AdaBN
276,4,0,0.00040648699996381765,97,A08,cross-session,AdaBN
277,4,1,0.00039997400006086536,97,A08,cross-session,AdaBN
278,4,1,0.00040011700002651196,97,A08,cross-session,AdaBN
279,4,0,0.00039613600006305205,97,A08,cross-session,AdaBN
280,4,1,0.0003871999999773834,97,A08,cross-session,AdaBN
281,4,0,0.0004037490000428079,97,A08,cross-session,AdaBN
282,4,0,0.0003920420000440572,97,A08,cross-session,AdaBN
283,4,1,0.00040661700006694446,97,A08,cross-session,AdaBN
284,4,1,0.0003997690000687726,97,A08,cross-session,AdaBN
285,4,0,0.00039632299990444153,97,A08,cross-session,AdaBN
286,4,0,0.0003914020001047902,97,A08,cross-session,AdaBN
287,4,0,0.00044753199995284376,97,A08,cross-session,AdaBN
0,1,1,0.0005603409999821451,97,A09,cross-session,AdaBN
1,2,1,0.0005532430000130262,97,A09,cross-session,AdaBN
2,3,1,0.0005982870000025287,97,A09,cross-session,AdaBN
3,4,1,0.0005261590000600336,97,A09,cross-session,AdaBN
4,4,1,0.00047863899999356363,97,A09,cross-session,AdaBN
5,4,1,0.0004083649999984118,97,A09,cross-session,AdaBN
6,4,1,0.000484619999951974,97,A09,cross-session,AdaBN
7,4,0,0.0004223890000503161,97,A09,cross-session,AdaBN
8,4,0,0.000478844999975081,97,A09,cross-session,AdaBN
9,4,1,0.000467942000000221,97,A09,cross-session,AdaBN
10,4,1,0.0004726859999664157,97,A09,cross-session,AdaBN
11,4,0,0.00045674599994072196,97,A09,cross-session,AdaBN
12,4,1,0.0004596630000150981,97,A09,cross-session,AdaBN
13,4,1,0.0004851420000022699,97,A09,cross-session,AdaBN
14,4,1,0.0005341180000186796,97,A09,cross-session,AdaBN
15,4,1,0.0005865880000328616,97,A09,cross-session,AdaBN
16,4,1,0.0004386110000496046,97,A09,cross-session,AdaBN
17,4,1,0.00045258600005126937,97,A09,cross-session,AdaBN
18,4,1,0.00041277699995134753,97,A09,cross-session,AdaBN
19,4,1,0.000471160000074633,97,A09,cross-session,AdaBN
20,4,0,0.0004865439999548471,97,A09,cross-session,AdaBN
21,4,0,0.0004630060000181402,97,A09,cross-session,AdaBN
22,4,1,0.0004478619999872535,97,A09,cross-session,AdaBN
23,4,1,0.00043855399997028144,97,A09,cross-session,AdaBN
24,4,1,0.00042794499995579827,97,A09,cross-session,AdaBN
25,4,1,0.00048524000010274904,97,A09,cross-session,AdaBN
26,4,1,0.0004929480001010234,97,A09,cross-session,AdaBN
27,4,1,0.00046288800001548225,97,A09,cross-session,AdaBN
28,4,1,0.00044811200007188745,97,A09,cross-session,AdaBN
29,4,1,0.00042841800006954145,97,A09,cross-session,AdaBN
30,4,1,0.000453303999961463,97,A09,cross-session,AdaBN
31,4,1,0.0004340190000675648,97,A09,cross-session,AdaBN
32,4,1,0.0004681890000028943,97,A09,cross-session,AdaBN
33,4,0,0.0005516349999652448,97,A09,cross-session,AdaBN
34,4,0,0.0004524940000010247,97,A09,cross-session,AdaBN
35,4,1,0.0004337080000595961,97,A09,cross-session,AdaBN
36,4,1,0.0004195799999706651,97,A09,cross-session,AdaBN
37,4,1,0.0004730829999743946,97,A09,cross-session,AdaBN
38,4,1,0.00041453599999385915,97,A09,cross-session,AdaBN
39,4,1,0.00041516900000715395,97,A09,cross-session,AdaBN
40,4,1,0.00044429899992337596,97,A09,cross-session,AdaBN
41,4,1,0.0004094890000487794,97,A09,cross-session,AdaBN
42,4,1,0.00040954400003556657,97,A09,cross-session,AdaBN
43,4,0,0.00039874100002634805,97,A09,cross-session,AdaBN
44,4,1,0.00046169600000212085,97,A09,cross-session,AdaBN
45,4,0,0.00036353799998778413,97,A09,cross-session,AdaBN
46,4,1,0.00041858299994146364,97,A09,cross-session,AdaBN
47,4,1,0.00047579700003552716,97,A09,cross-session,AdaBN
48,4,1,0.00043457100002797233,97,A09,cross-session,AdaBN
49,4,1,0.00042392400007429387,97,A09,cross-session,AdaBN
50,4,1,0.0004145850000440987,97,A09,cross-session,AdaBN
51,4,1,0.0004724059999716701,97,A09,cross-session,AdaBN
52,4,1,0.00047813900005166943,97,A09,cross-session,AdaBN
53,4,1,0.0004064880000669291,97,A09,cross-session,AdaBN
54,4,1,0.00041678899992803053,97,A09,cross-session,AdaBN
55,4,1,0.00036568100006206805,97,A09,cross-session,AdaBN
56,4,1,0.0004085440000380913,97,A09,cross-session,AdaBN
57,4,1,0.0003772019999814802,97,A09,cross-session,AdaBN
58,4,1,0.00040507599999273225,97,A09,cross-session,AdaBN
59,4,1,0.00037885099993673066,97,A09,cross-session,AdaBN
60,4,1,0.0003940240000019912,97,A09,cross-session,AdaBN
61,4,1,0.00048307700001259946,97,A09,cross-session,AdaBN
62,4,0,0.00040631100000609877,97,A09,cross-session,AdaBN
63,4,1,0.00042610699995293544,97,A09,cross-session,AdaBN
64,4,1,0.00041692899992540333,97,A09,cross-session,AdaBN
65,4,1,0.00046735699993405433,97,A09,cross-session,AdaBN
66,4,1,0.00044797600003221305,97,A09,cross-session,AdaBN
67,4,1,0.0003743790000498848,97,A09,cross-session,AdaBN
68,4,1,0.0003725790000999041,97,A09,cross-session,AdaBN
69,4,0,0.00038421200008542655,97,A09,cross-session,AdaBN
70,4,1,0.0003724499999862019,97,A09,cross-session,AdaBN
71,4,1,0.00039982700002383353,97,A09,cross-session,AdaBN
72,4,1,0.000401124999939384,97,A09,cross-session,AdaBN
73,4,1,0.0004018180000002758,97,A09,cross-session,AdaBN
74,4,1,0.00039138900001489674,97,A09,cross-session,AdaBN
75,4,1,0.0004760690000011891,97,A09,cross-session,AdaBN
76,4,1,0.00039923999997881765,97,A09,cross-session,AdaBN
77,4,0,0.00040782399992167484,97,A09,cross-session,AdaBN
78,4,1,0.00040778100003535656,97,A09,cross-session,AdaBN
79,4,1,0.0004767369999854054,97,A09,cross-session,AdaBN
80,4,0,0.0003940139999940584,97,A09,cross-session,AdaBN
81,4,1,0.0004074400000035894,97,A09,cross-session,AdaBN
82,4,1,0.0004277670000192302,97,A09,cross-session,AdaBN
83,4,1,0.00041456799999650684,97,A09,cross-session,AdaBN
84,4,0,0.00039410399995176704,97,A09,cross-session,AdaBN
85,4,1,0.0004240150000214271,97,A09,cross-session,AdaBN
86,4,1,0.0004026010000188762,97,A09,cross-session,AdaBN
87,4,1,0.00041608799995174195,97,A09,cross-session,AdaBN
88,4,0,0.0004375099999833765,97,A09,cross-session,AdaBN
89,4,1,0.0005271699999411794,97,A09,cross-session,AdaBN
90,4,0,0.00040599099997962185,97,A09,cross-session,AdaBN
91,4,1,0.0004286930000034772,97,A09,cross-session,AdaBN
92,4,1,0.00039931000003434747,97,A09,cross-session,AdaBN
93,4,0,0.00042429599989191047,97,A09,cross-session,AdaBN
94,4,0,0.0004330279999749109,97,A09,cross-session,AdaBN
95,4,0,0.00043669499996212835,97,A09,cross-session,AdaBN
96,4,1,0.0005179409999982454,97,A09,cross-session,AdaBN
97,4,1,0.0005732450000550671,97,A09,cross-session,AdaBN
98,4,1,0.0004219290000264664,97,A09,cross-session,AdaBN
99,4,1,0.00044562999994468555,97,A09,cross-session,AdaBN
100,4,1,0.00040746299998772884,97,A09,cross-session,AdaBN
101,4,1,0.00044861899993975385,97,A09,cross-session,AdaBN
102,4,1,0.0004640629999812518,97,A09,cross-session,AdaBN
103,4,1,0.00040851899996141583,97,A09,cross-session,AdaBN
104,4,0,0.00040151100006369234,97,A09,cross-session,AdaBN
105,4,1,0.0004195449999997436,97,A09,cross-session,AdaBN
106,4,1,0.0004144340000493685,97,A09,cross-session,AdaBN
107,4,1,0.00039632499999697757,97,A09,cross-session,AdaBN
108,4,0,0.00039445799995974085,97,A09,cross-session,AdaBN
109,4,1,0.00043078900000637077,97,A09,cross-session,AdaBN
110,4,1,0.0004551030000357059,97,A09,cross-session,AdaBN
111,4,1,0.0006005579999737165,97,A09,cross-session,AdaBN
112,4,1,0.0004375820000177555,97,A09,cross-session,AdaBN
113,4,1,0.00041387299995676585,97,A09,cross-session,AdaBN
114,4,1,0.0004198709999627681,97,A09,cross-session,AdaBN
115,4,1,0.00046837800005050667,97,A09,cross-session,AdaBN
116,4,1,0.0004335040000569279,97,A09,cross-session,AdaBN
117,4,1,0.00039931300000262127,97,A09,cross-session,AdaBN
118,4,1,0.0004391019999729906,97,A09,cross-session,AdaBN
119,4,1,0.0004011519999949087,97,A09,cross-session,AdaBN
120,4,0,0.0004131140000254163,97,A09,cross-session,AdaBN
121,4,1,0.0004071149999163026,97,A09,cross-session,AdaBN
122,4,1,0.00045176600008289824,97,A09,cross-session,AdaBN
123,4,1,0.0005290640000339408,97,A09,cross-session,AdaBN
124,4,1,0.00044028399997841916,97,A09,cross-session,AdaBN
125,4,1,0.0003960559999995894,97,A09,cross-session,AdaBN
126,4,0,0.00042665900002702983,97,A09,cross-session,AdaBN
127,4,1,0.00039154699993559916,97,A09,cross-session,AdaBN
128,4,0,0.0004065129999162309,97,A09,cross-session,AdaBN
129,4,1,0.00046394999992571684,97,A09,cross-session,AdaBN
130,4,1,0.00041855099993881595,97,A09,cross-session,AdaBN
131,4,1,0.00039153099999111873,97,A09,cross-session,AdaBN
132,4,0,0.00041404499995678634,97,A09,cross-session,AdaBN
133,4,0,0.00040985500004353526,97,A09,cross-session,AdaBN
134,4,1,0.00039276500001506065,97,A09,cross-session,AdaBN
135,4,1,0.00039272200001505553,97,A09,cross-session,AdaBN
136,4,1,0.00043893800000205374,97,A09,cross-session,AdaBN
137,4,1,0.000541368999961378,97,A09,cross-session,AdaBN
138,4,1,0.0005772480000132418,97,A09,cross-session,AdaBN
139,4,0,0.0004122029999962251,97,A09,cross-session,AdaBN
140,4,0,0.0004177819999995336,97,A09,cross-session,AdaBN
141,4,0,0.00038655099990592134,97,A09,cross-session,AdaBN
142,4,1,0.0004225930000529843,97,A09,cross-session,AdaBN
143,4,1,0.00039522600002328545,97,A09,cross-session,AdaBN
144,4,0,0.0004188430000340304,97,A09,cross-session,AdaBN
145,4,0,0.0003931139999622246,97,A09,cross-session,AdaBN
146,4,1,0.0004085069999746338,97,A09,cross-session,AdaBN
147,4,1,0.0004457559999764271,97,A09,cross-session,AdaBN
148,4,1,0.000411885999938022,97,A09,cross-session,AdaBN
149,4,1,0.00042408800004523073,97,A09,cross-session,AdaBN
150,4,1,0.00040682400003788644,97,A09,cross-session,AdaBN
151,4,1,0.0004943909999610696,97,A09,cross-session,AdaBN
152,4,1,0.000444377999997414,97,A09,cross-session,AdaBN
153,4,0,0.00040450500000588363,97,A09,cross-session,AdaBN
154,4,1,0.00039895800000522286,97,A09,cross-session,AdaBN
155,4,1,0.00039157599996997305,97,A09,cross-session,AdaBN
156,4,1,0.00044638000008490053,97,A09,cross-session,AdaBN
157,4,0,0.0003962309999678837,97,A09,cross-session,AdaBN
158,4,1,0.0003868809999403311,97,A09,cross-session,AdaBN
159,4,0,0.00042029200005799794,97,A09,cross-session,AdaBN
160,4,0,0.0003903989999116675,97,A09,cross-session,AdaBN
161,4,1,0.00041179899994858715,97,A09,cross-session,AdaBN
162,4,0,0.00044354600004226086,97,A09,cross-session,AdaBN
163,4,1,0.00042571400001634174,97,A09,cross-session,AdaBN
164,4,1,0.00038722699991922127,97,A09,cross-session,AdaBN
165,4,1,0.0004638970000314657,97,A09,cross-session,AdaBN
166,4,1,0.0005042530000309853,97,A09,cross-session,AdaBN
167,4,1,0.00042814300002191885,97,A09,cross-session,AdaBN
168,4,1,0.0003935209999781364,97,A09,cross-session,AdaBN
169,4,1,0.00042501600000832696,97,A09,cross-session,AdaBN
170,4,0,0.0004193789999362707,97,A09,cross-session,AdaBN
171,4,1,0.0004292890000670013,97,A09,cross-session,AdaBN
172,4,1,0.00038327200002186146,97,A09,cross-session,AdaBN
173,4,0,0.00041013600002770545,97,A09,cross-session,AdaBN
174,4,1,0.00040963400010696205,97,A09,cross-session,AdaBN
175,4,1,0.0004142799999726776,97,A09,cross-session,AdaBN
176,4,1,0.0004124060000094687,97,A09,cross-session,AdaBN
177,4,0,0.00043738700003359554,97,A09,cross-session,AdaBN
178,4,1,0.0003909529999646111,97,A09,cross-session,AdaBN
179,4,1,0.0004408959999864237,97,A09,cross-session,AdaBN
180,4,0,0.0004731459999902654,97,A09,cross-session,AdaBN
181,4,1,0.000531230999968102,97,A09,cross-session,AdaBN
182,4,0,0.0004000130001031721,97,A09,cross-session,AdaBN
183,4,1,0.0004641129999072291,97,A09,cross-session,AdaBN
184,4,1,0.0004041400000005524,97,A09,cross-session,AdaBN
185,4,0,0.0004222050000635136,97,A09,cross-session,AdaBN
186,4,1,0.00037985799997386493,97,A09,cross-session,AdaBN
187,4,1,0.000418916000057834,97,A09,cross-session,AdaBN
188,4,1,0.0003842319999876054,97,A09,cross-session,AdaBN
189,4,1,0.000407941000048595,97,A09,cross-session,AdaBN
190,4,1,0.00040577300001132244,97,A09,cross-session,AdaBN
191,4,1,0.0003995789999180488,97,A09,cross-session,AdaBN
192,4,1,0.0004768000000012762,97,A09,cross-session,AdaBN
193,4,1,0.00044369599993387965,97,A09,cross-session,AdaBN
194,4,1,0.00038868299998284783,97,A09,cross-session,AdaBN
195,4,1,0.00041871600001286424,97,A09,cross-session,AdaBN
196,4,1,0.0003928859999859924,97,A09,cross-session,AdaBN
197,4,1,0.00041794599997047044,97,A09,cross-session,AdaBN
198,4,0,0.00046231900000748283,97,A09,cross-session,AdaBN
199,4,1,0.0004241479999791409,97,A09,cross-session,AdaBN
200,4,1,0.00040504799994778296,97,A09,cross-session,AdaBN
201,4,1,0.0004245760000003429,97,A09,cross-session,AdaBN
202,4,1,0.00038333999998485524,97,A09,cross-session,AdaBN
203,4,1,0.0004163380000363759,97,A09,cross-session,AdaBN
204,4,0,0.00038488100005906745,97,A09,cross-session,AdaBN
205,4,1,0.00038661300004605437,97,A09,cross-session,AdaBN
206,4,1,0.00039440900002318813,97,A09,cross-session,AdaBN
207,4,0,0.0003850750000538028,97,A09,cross-session,AdaBN
208,4,0,0.00044700499995542486,97,A09,cross-session,AdaBN
209,4,1,0.0004923239999925499,97,A09,cross-session,AdaBN
210,4,1,0.0004670420000820741,97,A09,cross-session,AdaBN
211,4,0,0.00043143399989276077,97,A09,cross-session,AdaBN
212,4,1,0.00040489200000592973,97,A09,cross-session,AdaBN
213,4,1,0.00039765600001828716,97,A09,cross-session,AdaBN
214,4,0,0.00040385499994499696,97,A09,cross-session,AdaBN
215,4,1,0.00038974200003849546,97,A09,cross-session,AdaBN
216,4,1,0.0004504290000113542,97,A09,cross-session,AdaBN
217,4,0,0.0004048419999662656,97,A09,cross-session,AdaBN
218,4,0,0.0004011040000477806,97,A09,cross-session,AdaBN
219,4,0,0.00041270300005180616,97,A09,cross-session,AdaBN
220,4,1,0.0004093470000725574,97,A09,cross-session,AdaBN
221,4,1,0.00037964500006637536,97,A09,cross-session,AdaBN
222,4,1,0.00044599600005312823,97,A09,cross-session,AdaBN
223,4,1,0.0004959600000802311,97,A09,cross-session,AdaBN
224,4,1,0.00041511299991725537,97,A09,cross-session,AdaBN
225,4,1,0.00040967999996155413,97,A09,cross-session,AdaBN
226,4,1,0.00045279799996933434,97,A09,cross-session,AdaBN
227,4,1,0.0004057219999822337,97,A09,cross-session,AdaBN
228,4,1,0.000429532999987714,97,A09,cross-session,AdaBN
229,4,0,0.00039330799995696,97,A09,cross-session,AdaBN
230,4,0,0.00042240300001594733,97,A09,cross-session,AdaBN
231,4,1,0.0003904349999857004,97,A09,cross-session,AdaBN
232,4,1,0.0004036220000216417,97,A09,cross-session,AdaBN
233,4,1,0.0003869490000170117,97,A09,cross-session,AdaBN
234,4,0,0.0004126810000570913,97,A09,cross-session,AdaBN
235,4,1,0.000439117999917471,97,A09,cross-session,AdaBN
236,4,0,0.0004892480000080468,97,A09,cross-session,AdaBN
237,4,1,0.0005094809999945937,97,A09,cross-session,AdaBN
238,4,1,0.00043096499996408966,97,A09,cross-session,AdaBN
239,4,0,0.0003904369999645496,97,A09,cross-session,AdaBN
240,4,0,0.00042405300007430924,97,A09,cross-session,AdaBN
241,4,1,0.00039395200008129905,97,A09,cross-session,AdaBN
242,4,1,0.00040173399997911474,97,A09,cross-session,AdaBN
243,4,0,0.00040331500008505827,97,A09,cross-session,AdaBN
244,4,1,0.00039663400002609706,97,A09,cross-session,AdaBN
245,4,0,0.0003875939999034017,97,A09,cross-session,AdaBN
246,4,1,0.00039196699992771755,97,A09,cross-session,AdaBN
247,4,0,0.0003831830000535774,97,A09,cross-session,AdaBN
248,4,0,0.0003789069999129424,97,A09,cross-session,AdaBN
249,4,0,0.0003985959999681654,97,A09,cross-session,AdaBN
250,4,1,0.0004323140000224157,97,A09,cross-session,AdaBN
251,4,0,0.000533119000010629,97,A09,cross-session,AdaBN
252,4,0,0.00040687599994271295,97,A09,cross-session,AdaBN
253,4,1,0.0004154359999120061,97,A09,cross-session,AdaBN
254,4,1,0.00039663500001552165,97,A09,cross-session,AdaBN
255,4,1,0.00040908300002229225,97,A09,cross-session,AdaBN
256,4,0,0.00038618799999312614,97,A09,cross-session,AdaBN
257,4,1,0.00039898300008189835,97,A09,cross-session,AdaBN
258,4,1,0.0004192279999415405,97,A09,cross-session,AdaBN
259,4,0,0.00041738300001270545,97,A09,cross-session,AdaBN
260,4,0,0.0003915549999646828,97,A09,cross-session,AdaBN
261,4,1,0.0003847319999294996,97,A09,cross-session,AdaBN
262,4,1,0.00041813099994669756,97,A09,cross-session,AdaBN
263,4,0,0.0004005240000424237,97,A09,cross-session,AdaBN
264,4,1,0.0004100190000144721,97,A09,cross-session,AdaBN
265,4,1,0.0005345670000451719,97,A09,cross-session,AdaBN
266,4,0,0.0003984510000236696,97,A09,cross-session,AdaBN
267,4,1,0.00043777799999134004,97,A09,cross-session,AdaBN
268,4,1,0.0003836040000351204,97,A09,cross-session,AdaBN
269,4,1,0.00038625800004865596,97,A09,cross-session,AdaBN
270,4,0,0.0003723450000734374,97,A09,cross-session,AdaBN
271,4,1,0.00041668200003641687,97,A09,cross-session,AdaBN
272,4,1,0.0003772400000343623,97,A09,cross-session,AdaBN
273,4,0,0.00040733599996656267,97,A09,cross-session,AdaBN
274,4,1,0.0004306220000671601,97,A09,cross-session,AdaBN
275,4,0,0.00039406400003372255,97,A09,cross-session,AdaBN
276,4,0,0.0004053590000694385,97,A09,cross-session,AdaBN
277,4,1,0.0003893709999829298,97,A09,cross-session,AdaBN
278,4,1,0.00040591800006950507,97,A09,cross-session,AdaBN
279,4,1,0.00038763399993513303,97,A09,cross-session,AdaBN
280,4,1,0.00040709200004585,97,A09,cross-session,AdaBN
281,4,0,0.0003725620000523122,97,A09,cross-session,AdaBN
282,4,1,0.00040334599998459453,97,A09,cross-session,AdaBN
283,4,0,0.0003905350000650287,97,A09,cross-session,AdaBN
284,4,1,0.00041213300005438214,97,A09,cross-session,AdaBN
285,4,0,0.00039926700003434235,97,A09,cross-session,AdaBN
286,4,1,0.0004212839999127027,97,A09,cross-session,AdaBN
287,4,1,0.00039511400007086195,97,A09,cross-session,AdaBN
0,1,0,0.0005864639999799692,123,A01,cross-session,AdaBN
1,2,1,0.0004862600000024031,123,A01,cross-session,AdaBN
2,3,1,0.0004646280000315528,123,A01,cross-session,AdaBN
3,4,1,0.0005241939999223177,123,A01,cross-session,AdaBN
4,4,1,0.00048741399996288237,123,A01,cross-session,AdaBN
5,4,0,0.00041436300000441406,123,A01,cross-session,AdaBN
6,4,1,0.000445794999905047,123,A01,cross-session,AdaBN
7,4,0,0.0004150099999833401,123,A01,cross-session,AdaBN
8,4,1,0.0004844669999783946,123,A01,cross-session,AdaBN
9,4,1,0.00044162899996536,123,A01,cross-session,AdaBN
10,4,0,0.0004834080000364338,123,A01,cross-session,AdaBN
11,4,0,0.0004503999999769803,123,A01,cross-session,AdaBN
12,4,1,0.0004628469999943263,123,A01,cross-session,AdaBN
13,4,1,0.00045232900004066323,123,A01,cross-session,AdaBN
14,4,0,0.0004500119999875096,123,A01,cross-session,AdaBN
15,4,1,0.0004676490000292688,123,A01,cross-session,AdaBN
16,4,1,0.0004387070000575477,123,A01,cross-session,AdaBN
17,4,1,0.00043780600003628933,123,A01,cross-session,AdaBN
18,4,1,0.0004333279999855222,123,A01,cross-session,AdaBN
19,4,1,0.0004348179999169588,123,A01,cross-session,AdaBN
20,4,1,0.00042326899995259737,123,A01,cross-session,AdaBN
21,4,1,0.0004275659999848358,123,A01,cross-session,AdaBN
22,4,1,0.0004220419999683145,123,A01,cross-session,AdaBN
23,4,1,0.0004309529999773076,123,A01,cross-session,AdaBN
24,4,0,0.0004314679999879445,123,A01,cross-session,AdaBN
25,4,1,0.00043120500004079076,123,A01,cross-session,AdaBN
26,4,1,0.0004192239999838421,123,A01,cross-session,AdaBN
27,4,1,0.0004267540000455483,123,A01,cross-session,AdaBN
28,4,0,0.00042405400006373384,123,A01,cross-session,AdaBN
29,4,1,0.0004376199999569508,123,A01,cross-session,AdaBN
30,4,0,0.0004352930000095512,123,A01,cross-session,AdaBN
31,4,1,0.00043741800004681863,123,A01,cross-session,AdaBN
32,4,1,0.0004283690000193019,123,A01,cross-session,AdaBN
33,4,1,0.00044204199991781934,123,A01,cross-session,AdaBN
34,4,1,0.0004502140000113286,123,A01,cross-session,AdaBN
35,4,1,0.00045632799992745277,123,A01,cross-session,AdaBN
36,4,1,0.0004065010000431357,123,A01,cross-session,AdaBN
37,4,0,0.000374737000015557,123,A01,cross-session,AdaBN
38,4,1,0.0003826820000085718,123,A01,cross-session,AdaBN
39,4,0,0.0003653559999747813,123,A01,cross-session,AdaBN
40,4,1,0.00038120199997138116,123,A01,cross-session,AdaBN
41,4,1,0.00038620399993760657,123,A01,cross-session,AdaBN
42,4,1,0.00039413000001786713,123,A01,cross-session,AdaBN
43,4,0,0.0003646440000011353,123,A01,cross-session,AdaBN
44,4,1,0.0003761469999972178,123,A01,cross-session,AdaBN
45,4,0,0.00037956900007429795,123,A01,cross-session,AdaBN
46,4,1,0.0003722760000073322,123,A01,cross-session,AdaBN
47,4,0,0.000380718999963392,123,A01,cross-session,AdaBN
48,4,0,0.00038097600008768495,123,A01,cross-session,AdaBN
49,4,0,0.000390702999993664,123,A01,cross-session,AdaBN
50,4,1,0.00038274999997156556,123,A01,cross-session,AdaBN
51,4,1,0.0003886340000462951,123,A01,cross-session,AdaBN
52,4,1,0.00038403300004574703,123,A01,cross-session,AdaBN
53,4,1,0.00040233999993688485,123,A01,cross-session,AdaBN
54,4,0,0.00039859800006070145,123,A01,cross-session,AdaBN
55,4,0,0.00039902100002109364,123,A01,cross-session,AdaBN
56,4,1,0.00038533700001153193,123,A01,cross-session,AdaBN
57,4,1,0.0004259749999846463,123,A01,cross-session,AdaBN
58,4,1,0.0003932070000018939,123,A01,cross-session,AdaBN
59,4,1,0.00038956399998824054,123,A01,cross-session,AdaBN
60,4,0,0.00040638999996645,123,A01,cross-session,AdaBN
61,4,0,0.0004431510000131311,123,A01,cross-session,AdaBN
62,4,1,0.00041889900001024216,123,A01,cross-session,AdaBN
63,4,1,0.00041120899993529747,123,A01,cross-session,AdaBN
64,4,1,0.00041021599997748126,123,A01,cross-session,AdaBN
65,4,0,0.00039436199995179777,123,A01,cross-session,AdaBN
66,4,0,0.0004336800000146468,123,A01,cross-session,AdaBN
67,4,1,0.0003883519999590135,123,A01,cross-session,AdaBN
68,4,1,0.0004205259999707778,123,A01,cross-session,AdaBN
69,4,0,0.00039694999998118874,123,A01,cross-session,AdaBN
70,4,1,0.00039541399996778637,123,A01,cross-session,AdaBN
71,4,0,0.0003846289999955843,123,A01,cross-session,AdaBN
72,4,0,0.0004121919999988677,123,A01,cross-session,AdaBN
73,4,1,0.00041081899996697757,123,A01,cross-session,AdaBN
74,4,0,0.0004762749999827065,123,A01,cross-session,AdaBN
75,4,1,0.0004308270000592529,123,A01,cross-session,AdaBN
76,4,1,0.0004061380000166537,123,A01,cross-session,AdaBN
77,4,0,0.0004358910000519245,123,A01,cross-session,AdaBN
78,4,1,0.0003990929999417858,123,A01,cross-session,AdaBN
79,4,1,0.0003898950000120749,123,A01,cross-session,AdaBN
80,4,1,0.00039474599998357007,123,A01,cross-session,AdaBN
81,4,0,0.00038060099996073404,123,A01,cross-session,AdaBN
82,4,1,0.00038474400002996845,123,A01,cross-session,AdaBN
83,4,1,0.00039948899996034015,123,A01,cross-session,AdaBN
84,4,1,0.00039564700000482844,123,A01,cross-session,AdaBN
85,4,1,0.0004225710000582694,123,A01,cross-session,AdaBN
86,4,1,0.00040667199994004477,123,A01,cross-session,AdaBN
87,4,1,0.0004710319999503554,123,A01,cross-session,AdaBN
88,4,1,0.000406526999995549,123,A01,cross-session,AdaBN
89,4,0,0.00043464500004120055,123,A01,cross-session,AdaBN
90,4,1,0.00039818400000513066,123,A01,cross-session,AdaBN
91,4,1,0.0004334359999802473,123,A01,cross-session,AdaBN
92,4,1,0.0004193419999865,123,A01,cross-session,AdaBN
93,4,1,0.0004350860000386092,123,A01,cross-session,AdaBN
94,4,0,0.00040471700003763544,123,A01,cross-session,AdaBN
95,4,0,0.0004010129999869605,123,A01,cross-session,AdaBN
96,4,1,0.0003935130000627396,123,A01,cross-session,AdaBN
97,4,0,0.0004181020000260105,123,A01,cross-session,AdaBN
98,4,1,0.00038376499992409663,123,A01,cross-session,AdaBN
99,4,1,0.00038678900000377325,123,A01,cross-session,AdaBN
100,4,1,0.00039658099990447226,123,A01,cross-session,AdaBN
101,4,0,0.00041083100006744644,123,A01,cross-session,AdaBN
102,4,0,0.00042727899995043117,123,A01,cross-session,AdaBN
103,4,0,0.00042223899993132363,123,A01,cross-session,AdaBN
104,4,1,0.0003938029999517312,123,A01,cross-session,AdaBN
105,4,1,0.0003964469999573339,123,A01,cross-session,AdaBN
106,4,1,0.00038875400002780225,123,A01,cross-session,AdaBN
107,4,1,0.00037884300002133386,123,A01,cross-session,AdaBN
108,4,0,0.00043249800000921823,123,A01,cross-session,AdaBN
109,4,1,0.00038936699991154455,123,A01,cross-session,AdaBN
110,4,0,0.0004052680000086184,123,A01,cross-session,AdaBN
111,4,1,0.0003826859999662702,123,A01,cross-session,AdaBN
112,4,1,0.0004056950000403958,123,A01,cross-session,AdaBN
113,4,1,0.00038904699999875447,123,A01,cross-session,AdaBN
114,4,0,0.0004331150000780326,123,A01,cross-session,AdaBN
115,4,0,0.0003849680000485023,123,A01,cross-session,AdaBN
116,4,0,0.00040465200004291546,123,A01,cross-session,AdaBN
117,4,1,0.00044629999990775104,123,A01,cross-session,AdaBN
118,4,1,0.0003923349999013226,123,A01,cross-session,AdaBN
119,4,1,0.0003868320000037784,123,A01,cross-session,AdaBN
120,4,1,0.00038003700001354446,123,A01,cross-session,AdaBN
121,4,0,0.0003881129999854238,123,A01,cross-session,AdaBN
122,4,0,0.00038535399994543695,123,A01,cross-session,AdaBN
123,4,1,0.00041177700006755913,123,A01,cross-session,AdaBN
124,4,0,0.00039940999999998894,123,A01,cross-session,AdaBN
125,4,1,0.00041443699990395544,123,A01,cross-session,AdaBN
126,4,0,0.0004034119999687391,123,A01,cross-session,AdaBN
127,4,0,0.0004672769999842785,123,A01,cross-session,AdaBN
128,4,1,0.0004045009999344984,123,A01,cross-session,AdaBN
129,4,0,0.00044348799997351307,123,A01,cross-session,AdaBN
130,4,1,0.0003865329999825917,123,A01,cross-session,AdaBN
131,4,0,0.0004240380000055666,123,A01,cross-session,AdaBN
132,4,0,0.0003781420000450453,123,A01,cross-session,AdaBN
133,4,1,0.00041533600006005145,123,A01,cross-session,AdaBN
134,4,0,0.00038957499998559797,123,A01,cross-session,AdaBN
135,4,1,0.0004169000000047163,123,A01,cross-session,AdaBN
136,4,0,0.0004110260000516064,123,A01,cross-session,AdaBN
137,4,1,0.00042413500000293425,123,A01,cross-session,AdaBN
138,4,0,0.0003891689999591108,123,A01,cross-session,AdaBN
139,4,1,0.0003866880000487072,123,A01,cross-session,AdaBN
140,4,1,0.0003940430000284323,123,A01,cross-session,AdaBN
141,4,1,0.0003885339999669668,123,A01,cross-session,AdaBN
142,4,0,0.0004211299999496987,123,A01,cross-session,AdaBN
143,4,0,0.00037957200004257174,123,A01,cross-session,AdaBN
144,4,1,0.0004226830000106929,123,A01,cross-session,AdaBN
145,4,1,0.0003788709999525963,123,A01,cross-session,AdaBN
146,4,0,0.00041731700002856087,123,A01,cross-session,AdaBN
147,4,0,0.00038460500002202025,123,A01,cross-session,AdaBN
148,4,1,0.00039743400009228935,123,A01,cross-session,AdaBN
149,4,1,0.000410117999990689,123,A01,cross-session,AdaBN
150,4,1,0.000421453999933874,123,A01,cross-session,AdaBN
151,4,1,0.00039196099999116996,123,A01,cross-session,AdaBN
152,4,1,0.0004004139999551626,123,A01,cross-session,AdaBN
153,4,1,0.0004021859999738808,123,A01,cross-session,AdaBN
154,4,0,0.0003871200000276076,123,A01,cross-session,AdaBN
155,4,1,0.00042012200003682665,123,A01,cross-session,AdaBN
156,4,0,0.00039480500004174246,123,A01,cross-session,AdaBN
157,4,0,0.0004220050000185438,123,A01,cross-session,AdaBN
158,4,1,0.0003858960000115985,123,A01,cross-session,AdaBN
159,4,0,0.00042895000001408334,123,A01,cross-session,AdaBN
160,4,1,0.0003926189999674534,123,A01,cross-session,AdaBN
161,4,1,0.00040566900008798257,123,A01,cross-session,AdaBN
162,4,1,0.0003908119999778137,123,A01,cross-session,AdaBN
163,4,1,0.0004049009999107511,123,A01,cross-session,AdaBN
164,4,0,0.0003818599999476646,123,A01,cross-session,AdaBN
165,4,1,0.00040841700001692516,123,A01,cross-session,AdaBN
166,4,1,0.00039807200005270715,123,A01,cross-session,AdaBN
167,4,1,0.00038929899994855077,123,A01,cross-session,AdaBN
168,4,1,0.00039255199999388424,123,A01,cross-session,AdaBN
169,4,1,0.0003838579999637659,123,A01,cross-session,AdaBN
170,4,1,0.0004058019999320095,123,A01,cross-session,AdaBN
171,4,0,0.00038220300007196784,123,A01,cross-session,AdaBN
172,4,1,0.00042443199993158487,123,A01,cross-session,AdaBN
173,4,1,0.0004053769999927681,123,A01,cross-session,AdaBN
174,4,0,0.0004161089999570322,123,A01,cross-session,AdaBN
175,4,0,0.00042175199996563606,123,A01,cross-session,AdaBN
176,4,1,0.0003902930000094784,123,A01,cross-session,AdaBN
177,4,1,0.0004173959999889121,123,A01,cross-session,AdaBN
178,4,1,0.0003944349999756014,123,A01,cross-session,AdaBN
179,4,0,0.0004239680000637236,123,A01,cross-session,AdaBN
180,4,1,0.00040458000000853644,123,A01,cross-session,AdaBN
181,4,1,0.00039516799995453766,123,A01,cross-session,AdaBN
182,4,0,0.0003922629999806304,123,A01,cross-session,AdaBN
183,4,0,0.00038763700001709367,123,A01,cross-session,AdaBN
184,4,1,0.0004036440000163566,123,A01,cross-session,AdaBN
185,4,1,0.00038007099999504135,123,A01,cross-session,AdaBN
186,4,1,0.0003911709999329105,123,A01,cross-session,AdaBN
187,4,1,0.0003850790000115012,123,A01,cross-session,AdaBN
188,4,1,0.00037985200003731734,123,A01,cross-session,AdaBN
189,4,1,0.00039104300003600656,123,A01,cross-session,AdaBN
190,4,1,0.0003981679999469634,123,A01,cross-session,AdaBN
191,4,1,0.0004144199999700504,123,A01,cross-session,AdaBN
192,4,1,0.00038461299993741704,123,A01,cross-session,AdaBN
193,4,1,0.00042667100001381186,123,A01,cross-session,AdaBN
194,4,0,0.0004190219999600231,123,A01,cross-session,AdaBN
195,4,0,0.00039871999990737095,123,A01,cross-session,AdaBN
196,4,1,0.0004021749999765234,123,A01,cross-session,AdaBN
197,4,1,0.00046113899998090346,123,A01,cross-session,AdaBN
198,4,1,0.0004355929999064756,123,A01,cross-session,AdaBN
199,4,1,0.00039297000000715343,123,A01,cross-session,AdaBN
200,4,0,0.0004228860000239365,123,A01,cross-session,AdaBN
201,4,1,0.0004080980000935597,123,A01,cross-session,AdaBN
202,4,1,0.00039642499996261904,123,A01,cross-session,AdaBN
203,4,0,0.00041056700001718127,123,A01,cross-session,AdaBN
204,4,1,0.0004049210000403036,123,A01,cross-session,AdaBN
205,4,1,0.0004005679999181666,123,A01,cross-session,AdaBN
206,4,0,0.0003886380000039935,123,A01,cross-session,AdaBN
207,4,1,0.00040905100001964456,123,A01,cross-session,AdaBN
208,4,1,0.00042237599996042263,123,A01,cross-session,AdaBN
209,4,1,0.00040014300009261206,123,A01,cross-session,AdaBN
210,4,0,0.00039901700006339524,123,A01,cross-session,AdaBN
211,4,0,0.0003931420000071739,123,A01,cross-session,AdaBN
212,4,1,0.00041594000003897236,123,A01,cross-session,AdaBN
213,4,1,0.00039326299997810565,123,A01,cross-session,AdaBN
214,4,0,0.0004212479999523566,123,A01,cross-session,AdaBN
215,4,1,0.00038621999999577383,123,A01,cross-session,AdaBN
216,4,0,0.00039736700000503333,123,A01,cross-session,AdaBN
217,4,1,0.0004019299999526993,123,A01,cross-session,AdaBN
218,4,0,0.00038401799997700437,123,A01,cross-session,AdaBN
219,4,1,0.00040545600006680615,123,A01,cross-session,AdaBN
220,4,1,0.00038736099998004647,123,A01,cross-session,AdaBN
221,4,1,0.0004036289999476139,123,A01,cross-session,AdaBN
222,4,1,0.00041052300002775155,123,A01,cross-session,AdaBN
223,4,1,0.0006153120000362833,123,A01,cross-session,AdaBN
224,4,0,0.0004035790000216366,123,A01,cross-session,AdaBN
225,4,1,0.0004279170000245358,123,A01,cross-session,AdaBN
226,4,0,0.0004423350000024584,123,A01,cross-session,AdaBN
227,4,1,0.0004163099999914266,123,A01,cross-session,AdaBN
228,4,0,0.0003940509999438291,123,A01,cross-session,AdaBN
229,4,1,0.0003935549999596333,123,A01,cross-session,AdaBN
230,4,1,0.00038028300002679316,123,A01,cross-session,AdaBN
231,4,0,0.00040062700009002583,123,A01,cross-session,AdaBN
232,4,0,0.0003848719999268724,123,A01,cross-session,AdaBN
233,4,1,0.00039621799999167706,123,A01,cross-session,AdaBN
234,4,1,0.0003766080000104921,123,A01,cross-session,AdaBN
235,4,1,0.00039137499993557867,123,A01,cross-session,AdaBN
236,4,0,0.0003866670000434169,123,A01,cross-session,AdaBN
237,4,1,0.00038542699996924057,123,A01,cross-session,AdaBN
238,4,1,0.0003874950000408717,123,A01,cross-session,AdaBN
239,4,0,0.00038253999991866294,123,A01,cross-session,AdaBN
240,4,0,0.00039808099995752855,123,A01,cross-session,AdaBN
241,4,1,0.0003898369999433271,123,A01,cross-session,AdaBN
242,4,1,0.00041405299998587,123,A01,cross-session,AdaBN
243,4,1,0.0003841349999902377,123,A01,cross-session,AdaBN
244,4,1,0.0004025949999686418,123,A01,cross-session,AdaBN
245,4,1,0.0003858970000010231,123,A01,cross-session,AdaBN
246,4,1,0.00038865900000928377,123,A01,cross-session,AdaBN
247,4,1,0.00037359700002070895,123,A01,cross-session,AdaBN
248,4,1,0.00039332500000455184,123,A01,cross-session,AdaBN
249,4,1,0.00038388199993732997,123,A01,cross-session,AdaBN
250,4,1,0.0004176119999783623,123,A01,cross-session,AdaBN
251,4,0,0.00039119499990647455,123,A01,cross-session,AdaBN
252,4,1,0.00040272399996865715,123,A01,cross-session,AdaBN
253,4,1,0.00039488999993864127,123,A01,cross-session,AdaBN
254,4,1,0.0003781209999260682,123,A01,cross-session,AdaBN
255,4,1,0.00038784399998803565,123,A01,cross-session,AdaBN
256,4,1,0.0003997040000740526,123,A01,cross-session,AdaBN
257,4,1,0.00042543600000044535,123,A01,cross-session,AdaBN
258,4,1,0.0003828229999953692,123,A01,cross-session,AdaBN
259,4,1,0.00041379599997526384,123,A01,cross-session,AdaBN
260,4,0,0.0004019190000690287,123,A01,cross-session,AdaBN
261,4,1,0.000420474999941689,123,A01,cross-session,AdaBN
262,4,1,0.00040176700008487387,123,A01,cross-session,AdaBN
263,4,0,0.00040887000000111584,123,A01,cross-session,AdaBN
264,4,1,0.0004180299999916315,123,A01,cross-session,AdaBN
265,4,1,0.0003821550000111529,123,A01,cross-session,AdaBN
266,4,1,0.00040845599994554505,123,A01,cross-session,AdaBN
267,4,0,0.00040574500008006,123,A01,cross-session,AdaBN
268,4,1,0.00040701099999296275,123,A01,cross-session,AdaBN
269,4,0,0.0004285119999849485,123,A01,cross-session,AdaBN
270,4,1,0.0004141820000995722,123,A01,cross-session,AdaBN
271,4,1,0.0004021680000505512,123,A01,cross-session,AdaBN
272,4,1,0.0004064759999664602,123,A01,cross-session,AdaBN
273,4,0,0.0003839910000351665,123,A01,cross-session,AdaBN
274,4,1,0.0004041539999661836,123,A01,cross-session,AdaBN
275,4,0,0.00039522500003386085,123,A01,cross-session,AdaBN
276,4,1,0.00040288900004270545,123,A01,cross-session,AdaBN
277,4,0,0.00038819100007003726,123,A01,cross-session,AdaBN
278,4,0,0.0003948549999677198,123,A01,cross-session,AdaBN
279,4,1,0.0004038980000586889,123,A01,cross-session,AdaBN
280,4,1,0.00041397799998321716,123,A01,cross-session,AdaBN
281,4,0,0.0004291199999215678,123,A01,cross-session,AdaBN
282,4,0,0.0003813870000612951,123,A01,cross-session,AdaBN
283,4,0,0.00038460600001144485,123,A01,cross-session,AdaBN
284,4,0,0.00039979999996830884,123,A01,cross-session,AdaBN
285,4,1,0.000422560000060912,123,A01,cross-session,AdaBN
286,4,1,0.0004094790000408466,123,A01,cross-session,AdaBN
287,4,0,0.00042662700002438214,123,A01,cross-session,AdaBN
0,1,1,0.0011174060000485042,123,A02,cross-session,AdaBN
1,2,1,0.0008031039999423228,123,A02,cross-session,AdaBN
2,3,0,0.0006662040000264824,123,A02,cross-session,AdaBN
3,4,0,0.0005343619999393923,123,A02,cross-session,AdaBN
4,4,0,0.0004887529998995888,123,A02,cross-session,AdaBN
5,4,1,0.00048764699999992445,123,A02,cross-session,AdaBN
6,4,0,0.0007267560000627782,123,A02,cross-session,AdaBN
7,4,0,0.000723754999967241,123,A02,cross-session,AdaBN
8,4,1,0.0008406459999150684,123,A02,cross-session,AdaBN
9,4,0,0.0005188189999216775,123,A02,cross-session,AdaBN
10,4,0,0.0005454849999750877,123,A02,cross-session,AdaBN
11,4,0,0.000513881999950172,123,A02,cross-session,AdaBN
12,4,0,0.0004705819999344385,123,A02,cross-session,AdaBN
13,4,0,0.0004950159999452808,123,A02,cross-session,AdaBN
14,4,0,0.0004585789999964618,123,A02,cross-session,AdaBN
15,4,1,0.00047445100005916174,123,A02,cross-session,AdaBN
16,4,0,0.0004642000000103508,123,A02,cross-session,AdaBN
17,4,0,0.0005010980000861309,123,A02,cross-session,AdaBN
18,4,0,0.00046774800000548566,123,A02,cross-session,AdaBN
19,4,0,0.0004970879999746103,123,A02,cross-session,AdaBN
20,4,0,0.00047759699998550786,123,A02,cross-session,AdaBN
21,4,0,0.0004819020000468299,123,A02,cross-session,AdaBN
22,4,0,0.0005205660000910939,123,A02,cross-session,AdaBN
23,4,0,0.00046310899995205546,123,A02,cross-session,AdaBN
24,4,0,0.0004926179999529268,123,A02,cross-session,AdaBN
25,4,1,0.00043998600006034394,123,A02,cross-session,AdaBN
26,4,0,0.0004643529999839302,123,A02,cross-session,AdaBN
27,4,0,0.0004560800000490417,123,A02,cross-session,AdaBN
28,4,0,0.0004650900000342517,123,A02,cross-session,AdaBN
29,4,1,0.0004994040000383393,123,A02,cross-session,AdaBN
30,4,0,0.000471727999979521,123,A02,cross-session,AdaBN
31,4,1,0.0003955309999810197,123,A02,cross-session,AdaBN
32,4,1,0.0003937689999702343,123,A02,cross-session,AdaBN
33,4,1,0.00043041199990057066,123,A02,cross-session,AdaBN
34,4,0,0.0004113380000489997,123,A02,cross-session,AdaBN
35,4,1,0.00045920100001239916,123,A02,cross-session,AdaBN
36,4,0,0.0004091109999535547,123,A02,cross-session,AdaBN
37,4,0,0.0004145479999806412,123,A02,cross-session,AdaBN
38,4,0,0.0003914639999038627,123,A02,cross-session,AdaBN
39,4,0,0.0003843709999955536,123,A02,cross-session,AdaBN
40,4,1,0.00041266400000949943,123,A02,cross-session,AdaBN
41,4,0,0.0003852600000300299,123,A02,cross-session,AdaBN
42,4,1,0.0004039500000772023,123,A02,cross-session,AdaBN
43,4,0,0.00037170600000990817,123,A02,cross-session,AdaBN
44,4,0,0.00042057400003159273,123,A02,cross-session,AdaBN
45,4,1,0.0004389629999650424,123,A02,cross-session,AdaBN
46,4,0,0.0004129399999328598,123,A02,cross-session,AdaBN
47,4,0,0.00041119399998024164,123,A02,cross-session,AdaBN
48,4,0,0.0004073810000591038,123,A02,cross-session,AdaBN
49,4,0,0.0003853709999930288,123,A02,cross-session,AdaBN
50,4,0,0.00039677799998116825,123,A02,cross-session,AdaBN
51,4,0,0.0003699580000784408,123,A02,cross-session,AdaBN
52,4,1,0.00039112999991175457,123,A02,cross-session,AdaBN
53,4,1,0.00037963600004786713,123,A02,cross-session,AdaBN
54,4,0,0.00039816900005007483,123,A02,cross-session,AdaBN
55,4,0,0.0003878019999774551,123,A02,cross-session,AdaBN
56,4,1,0.00038661999997202656,123,A02,cross-session,AdaBN
57,4,0,0.00042286799998692004,123,A02,cross-session,AdaBN
58,4,1,0.00040275699996072944,123,A02,cross-session,AdaBN
59,4,1,0.00043133500003023073,123,A02,cross-session,AdaBN
60,4,1,0.00040805600008297915,123,A02,cross-session,AdaBN
61,4,0,0.0004167769999412485,123,A02,cross-session,AdaBN
62,4,0,0.0004010129999869605,123,A02,cross-session,AdaBN
63,4,1,0.0004160779999438091,123,A02,cross-session,AdaBN
64,4,1,0.0003990830000475398,123,A02,cross-session,AdaBN
65,4,1,0.00043514599997251935,123,A02,cross-session,AdaBN
66,4,0,0.00040128000000549946,123,A02,cross-session,AdaBN
67,4,0,0.0004059789999928398,123,A02,cross-session,AdaBN
68,4,0,0.0004007979999869349,123,A02,cross-session,AdaBN
69,4,1,0.00043338900002254377,123,A02,cross-session,AdaBN
70,4,0,0.0003904389999433988,123,A02,cross-session,AdaBN
71,4,0,0.0003924769999912314,123,A02,cross-session,AdaBN
72,4,0,0.0004092789999958768,123,A02,cross-session,AdaBN
73,4,0,0.000421865000021171,123,A02,cross-session,AdaBN
74,4,0,0.00040004200002385915,123,A02,cross-session,AdaBN
75,4,0,0.0004102579999880618,123,A02,cross-session,AdaBN
76,4,1,0.0004018600000108563,123,A02,cross-session,AdaBN
77,4,0,0.0003956329999255104,123,A02,cross-session,AdaBN
78,4,0,0.0004089659998953721,123,A02,cross-session,AdaBN
79,4,0,0.000397545999931026,123,A02,cross-session,AdaBN
80,4,1,0.00041942899997593486,123,A02,cross-session,AdaBN
81,4,0,0.00039212700005464285,123,A02,cross-session,AdaBN
82,4,1,0.00042698100003235595,123,A02,cross-session,AdaBN
83,4,0,0.0004031989999475627,123,A02,cross-session,AdaBN
84,4,0,0.00041013500003828085,123,A02,cross-session,AdaBN
85,4,1,0.000397447000068496,123,A02,cross-session,AdaBN
86,4,0,0.0004208430000289809,123,A02,cross-session,AdaBN
87,4,1,0.00039866700001311983,123,A02,cross-session,AdaBN
88,4,0,0.0004172520000338409,123,A02,cross-session,AdaBN
89,4,0,0.00040043199999217904,123,A02,cross-session,AdaBN
90,4,0,0.00041541899997810106,123,A02,cross-session,AdaBN
91,4,0,0.0004207389999919542,123,A02,cross-session,AdaBN
92,4,0,0.00042086700000254496,123,A02,cross-session,AdaBN
93,4,0,0.0004147009999542206,123,A02,cross-session,AdaBN
94,4,0,0.0004075489999877391,123,A02,cross-session,AdaBN
95,4,0,0.0004037820000348802,123,A02,cross-session,AdaBN
96,4,1,0.00039874399999462184,123,A02,cross-session,AdaBN
97,4,0,0.00039748099993630603,123,A02,cross-session,AdaBN
98,4,1,0.00040260800005853525,123,A02,cross-session,AdaBN
99,4,0,0.0004062560000193116,123,A02,cross-session,AdaBN
100,4,1,0.0003928630000018529,123,A02,cross-session,AdaBN
101,4,1,0.00041445400006523414,123,A02,cross-session,AdaBN
102,4,0,0.00039838600002894964,123,A02,cross-session,AdaBN
103,4,1,0.0004074549999586452,123,A02,cross-session,AdaBN
104,4,0,0.0003898310000067795,123,A02,cross-session,AdaBN
105,4,0,0.00041650100001788815,123,A02,cross-session,AdaBN
106,4,0,0.0004004119999763134,123,A02,cross-session,AdaBN
107,4,1,0.0004186089998938769,123,A02,cross-session,AdaBN
108,4,0,0.0003968110000869274,123,A02,cross-session,AdaBN
109,4,1,0.0003906630000756195,123,A02,cross-session,AdaBN
110,4,0,0.00038773400001446134,123,A02,cross-session,AdaBN
111,4,0,0.00040895099994031625,123,A02,cross-session,AdaBN
112,4,0,0.00039570800004185003,123,A02,cross-session,AdaBN
113,4,1,0.00038657499999317224,123,A02,cross-session,AdaBN
114,4,0,0.00040409600001112267,123,A02,cross-session,AdaBN
115,4,0,0.0003924039999674278,123,A02,cross-session,AdaBN
116,4,0,0.0004064930000140521,123,A02,cross-session,AdaBN
117,4,0,0.000383597999984886,123,A02,cross-session,AdaBN
118,4,0,0.0004169759999967937,123,A02,cross-session,AdaBN
119,4,0,0.0004036499999529042,123,A02,cross-session,AdaBN
120,4,1,0.0004218610000634726,123,A02,cross-session,AdaBN
121,4,1,0.00040191100003994507,123,A02,cross-session,AdaBN
122,4,0,0.000404213000024356,123,A02,cross-session,AdaBN
123,4,0,0.0003928500000256463,123,A02,cross-session,AdaBN
124,4,0,0.00040032000003975554,123,A02,cross-session,AdaBN
125,4,0,0.00040321599999515456,123,A02,cross-session,AdaBN
126,4,0,0.0003961250000656946,123,A02,cross-session,AdaBN
127,4,0,0.00039086699996460084,123,A02,cross-session,AdaBN
128,4,1,0.00040640100007749425,123,A02,cross-session,AdaBN
129,4,0,0.00039242599996214267,123,A02,cross-session,AdaBN
130,4,0,0.00038636200008568267,123,A02,cross-session,AdaBN
131,4,0,0.0003923619999568473,123,A02,cross-session,AdaBN
132,4,1,0.0004033789999766668,123,A02,cross-session,AdaBN
133,4,1,0.0004360699999779172,123,A02,cross-session,AdaBN
134,4,0,0.0004060879999769895,123,A02,cross-session,AdaBN
135,4,0,0.000412725000046521,123,A02,cross-session,AdaBN
136,4,0,0.00038681500006987335,123,A02,cross-session,AdaBN
137,4,0,0.00040753000007498486,123,A02,cross-session,AdaBN
138,4,1,0.0003913010000360373,123,A02,cross-session,AdaBN
139,4,0,0.00042410899993683415,123,A02,cross-session,AdaBN
140,4,1,0.0003902199999856748,123,A02,cross-session,AdaBN
141,4,1,0.00039945599996826786,123,A02,cross-session,AdaBN
142,4,1,0.00042574999997668783,123,A02,cross-session,AdaBN
143,4,0,0.0003930200000468176,123,A02,cross-session,AdaBN
144,4,0,0.0004248510000479655,123,A02,cross-session,AdaBN
145,4,0,0.0004026329999078371,123,A02,cross-session,AdaBN
146,4,0,0.00040265600000566337,123,A02,cross-session,AdaBN
147,4,0,0.0003932070000018939,123,A02,cross-session,AdaBN
148,4,1,0.00042175499993390986,123,A02,cross-session,AdaBN
149,4,1,0.00039813900002627634,123,A02,cross-session,AdaBN
150,4,0,0.00040202599996064237,123,A02,cross-session,AdaBN
151,4,1,0.0004037630000084391,123,A02,cross-session,AdaBN
152,4,1,0.00039600200000222685,123,A02,cross-session,AdaBN
153,4,0,0.00038725599995359516,123,A02,cross-session,AdaBN
154,4,0,0.0003996610000740475,123,A02,cross-session,AdaBN
155,4,0,0.00039747799996803224,123,A02,cross-session,AdaBN
156,4,0,0.0003976809999812758,123,A02,cross-session,AdaBN
157,4,0,0.0004168330000311471,123,A02,cross-session,AdaBN
158,4,0,0.0004069989998924939,123,A02,cross-session,AdaBN
159,4,0,0.00039153899990651553,123,A02,cross-session,AdaBN
160,4,1,0.0003848329999982525,123,A02,cross-session,AdaBN
161,4,0,0.0004048839999768461,123,A02,cross-session,AdaBN
162,4,1,0.0003968130000657766,123,A02,cross-session,AdaBN
163,4,1,0.0004045469999027773,123,A02,cross-session,AdaBN
164,4,0,0.00039492299993071356,123,A02,cross-session,AdaBN
165,4,0,0.00042330399992351886,123,A02,cross-session,AdaBN
166,4,0,0.00040972299996155925,123,A02,cross-session,AdaBN
167,4,0,0.0004186890000710264,123,A02,cross-session,AdaBN
168,4,0,0.0003997840000238284,123,A02,cross-session,AdaBN
169,4,0,0.0004021919999104284,123,A02,cross-session,AdaBN
170,4,0,0.00039504900007614197,123,A02,cross-session,AdaBN
171,4,1,0.0003965609998886066,123,A02,cross-session,AdaBN
172,4,0,0.0003843209999558894,123,A02,cross-session,AdaBN
173,4,1,0.00039603899995199754,123,A02,cross-session,AdaBN
174,4,0,0.0004191140000102678,123,A02,cross-session,AdaBN
175,4,1,0.00038419399993472325,123,A02,cross-session,AdaBN
176,4,0,0.00042178499995770835,123,A02,cross-session,AdaBN
177,4,1,0.00040060100002392574,123,A02,cross-session,AdaBN
178,4,0,0.0004126119999909861,123,A02,cross-session,AdaBN
179,4,0,0.0004110720000198853,123,A02,cross-session,AdaBN
180,4,0,0.0004164499999887994,123,A02,cross-session,AdaBN
181,4,0,0.00040387900003224786,123,A02,cross-session,AdaBN
182,4,1,0.0004382319999649553,123,A02,cross-session,AdaBN
183,4,1,0.0003963280000789382,123,A02,cross-session,AdaBN
184,4,0,0.0004298180000432694,123,A02,cross-session,AdaBN
185,4,0,0.00039990899995245854,123,A02,cross-session,AdaBN
186,4,0,0.00041062800005420286,123,A02,cross-session,AdaBN
187,4,0,0.00038859299991145235,123,A02,cross-session,AdaBN
188,4,0,0.00039527199999156437,123,A02,cross-session,AdaBN
189,4,0,0.0004367010000123628,123,A02,cross-session,AdaBN
190,4,0,0.0003968280000208324,123,A02,cross-session,AdaBN
191,4,0,0.0003950740000391306,123,A02,cross-session,AdaBN
192,4,0,0.00038854399997489963,123,A02,cross-session,AdaBN
193,4,1,0.0004316060000064681,123,A02,cross-session,AdaBN
194,4,1,0.00040423899997676926,123,A02,cross-session,AdaBN
195,4,0,0.00040715000000091095,123,A02,cross-session,AdaBN
196,4,0,0.00040131299999757175,123,A02,cross-session,AdaBN
197,4,0,0.0003987530000131301,123,A02,cross-session,AdaBN
198,4,1,0.0004137829999990572,123,A02,cross-session,AdaBN
199,4,1,0.00043440299998565024,123,A02,cross-session,AdaBN
200,4,0,0.0004000960000212217,123,A02,cross-session,AdaBN
201,4,0,0.00041481400000975555,123,A02,cross-session,AdaBN
202,4,1,0.0004333550000410469,123,A02,cross-session,AdaBN
203,4,0,0.0003998249999312975,123,A02,cross-session,AdaBN
204,4,0,0.0003841660000034608,123,A02,cross-session,AdaBN
205,4,1,0.0004500700000562574,123,A02,cross-session,AdaBN
206,4,0,0.00039617799995994574,123,A02,cross-session,AdaBN
207,4,1,0.0004071270000167715,123,A02,cross-session,AdaBN
208,4,0,0.00039685799993094406,123,A02,cross-session,AdaBN
209,4,0,0.000412027999914244,123,A02,cross-session,AdaBN
210,4,1,0.0003951869999809787,123,A02,cross-session,AdaBN
211,4,0,0.0003907050000862,123,A02,cross-session,AdaBN
212,4,1,0.00040343799992115237,123,A02,cross-session,AdaBN
213,4,0,0.0004049530000429513,123,A02,cross-session,AdaBN
214,4,1,0.0004102960000409439,123,A02,cross-session,AdaBN
215,4,0,0.00039166400006251934,123,A02,cross-session,AdaBN
216,4,0,0.0004003889999921739,123,A02,cross-session,AdaBN
217,4,0,0.0003956009999228627,123,A02,cross-session,AdaBN
218,4,1,0.00041348199999902135,123,A02,cross-session,AdaBN
219,4,1,0.00038397000002987625,123,A02,cross-session,AdaBN
220,4,1,0.00042336399997111585,123,A02,cross-session,AdaBN
221,4,0,0.00039582099998369813,123,A02,cross-session,AdaBN
222,4,1,0.0004261929999529457,123,A02,cross-session,AdaBN
223,4,0,0.0003954830000338916,123,A02,cross-session,AdaBN
224,4,0,0.00041612899997289787,123,A02,cross-session,AdaBN
225,4,0,0.0004052379999848199,123,A02,cross-session,AdaBN
226,4,0,0.0003993269999682525,123,A02,cross-session,AdaBN
227,4,0,0.00041197299992745684,123,A02,cross-session,AdaBN
228,4,0,0.00039315699996222975,123,A02,cross-session,AdaBN
229,4,1,0.0004097970000884743,123,A02,cross-session,AdaBN
230,4,1,0.00038950099997236975,123,A02,cross-session,AdaBN
231,4,0,0.00043039100000896724,123,A02,cross-session,AdaBN
232,4,1,0.00038752199998270953,123,A02,cross-session,AdaBN
233,4,0,0.00040317299999514944,123,A02,cross-session,AdaBN
234,4,0,0.00041467000005468435,123,A02,cross-session,AdaBN
235,4,1,0.00041896899995208514,123,A02,cross-session,AdaBN
236,4,0,0.0004026300000532501,123,A02,cross-session,AdaBN
237,4,0,0.0004033509999317175,123,A02,cross-session,AdaBN
238,4,1,0.00039157200001227466,123,A02,cross-session,AdaBN
239,4,1,0.00043010800004594785,123,A02,cross-session,AdaBN
240,4,0,0.00040243600005851476,123,A02,cross-session,AdaBN
241,4,0,0.0004010279999420163,123,A02,cross-session,AdaBN
242,4,0,0.00039454400007343793,123,A02,cross-session,AdaBN
243,4,0,0.0003981369999337403,123,A02,cross-session,AdaBN
244,4,0,0.000393954999935886,123,A02,cross-session,AdaBN
245,4,0,0.00038909500005956943,123,A02,cross-session,AdaBN
246,4,1,0.00038748500003293884,123,A02,cross-session,AdaBN
247,4,0,0.00038839500007270544,123,A02,cross-session,AdaBN
248,4,0,0.0004093259999535803,123,A02,cross-session,AdaBN
249,4,1,0.00038968699993802147,123,A02,cross-session,AdaBN
250,4,0,0.00043949200005499733,123,A02,cross-session,AdaBN
251,4,1,0.00046917200006646453,123,A02,cross-session,AdaBN
252,4,0,0.00043398399998295645,123,A02,cross-session,AdaBN
253,4,0,0.0004064009999638074,123,A02,cross-session,AdaBN
254,4,1,0.00043067199999313743,123,A02,cross-session,AdaBN
255,4,0,0.00040310999997927865,123,A02,cross-session,AdaBN
256,4,0,0.00042121299998143513,123,A02,cross-session,AdaBN
257,4,1,0.0003793829999949594,123,A02,cross-session,AdaBN
258,4,0,0.0003955580000365444,123,A02,cross-session,AdaBN
259,4,0,0.00038306199996895884,123,A02,cross-session,AdaBN
260,4,1,0.0004090319999932035,123,A02,cross-session,AdaBN
261,4,0,0.0004005170000027647,123,A02,cross-session,AdaBN
262,4,0,0.00038906800000404473,123,A02,cross-session,AdaBN
263,4,0,0.00039581700002599973,123,A02,cross-session,AdaBN
264,4,0,0.00039713299997856666,123,A02,cross-session,AdaBN
265,4,0,0.0004046469999821056,123,A02,cross-session,AdaBN
266,4,1,0.0003876860000673332,123,A02,cross-session,AdaBN
267,4,0,0.0004874909999443844,123,A02,cross-session,AdaBN
268,4,0,0.0004193319999785672,123,A02,cross-session,AdaBN
269,4,0,0.0004353819999778352,123,A02,cross-session,AdaBN
270,4,0,0.0003902110000808534,123,A02,cross-session,AdaBN
271,4,0,0.0004279130000668374,123,A02,cross-session,AdaBN
272,4,0,0.0003818790000877925,123,A02,cross-session,AdaBN
273,4,0,0.00041517499994370155,123,A02,cross-session,AdaBN
274,4,0,0.00037327300003653363,123,A02,cross-session,AdaBN
275,4,0,0.00040715599993745855,123,A02,cross-session,AdaBN
276,4,0,0.00039051999999628606,123,A02,cross-session,AdaBN
277,4,0,0.0004174379999994926,123,A02,cross-session,AdaBN
278,4,0,0.00040335400001367816,123,A02,cross-session,AdaBN
279,4,0,0.0004306900000301539,123,A02,cross-session,AdaBN
280,4,0,0.0004585130000123172,123,A02,cross-session,AdaBN
281,4,0,0.00041460799991455133,123,A02,cross-session,AdaBN
282,4,1,0.0004146989999753714,123,A02,cross-session,AdaBN
283,4,1,0.0004287980000299285,123,A02,cross-session,AdaBN
284,4,0,0.00040313800002422795,123,A02,cross-session,AdaBN
285,4,1,0.00041915299993888766,123,A02,cross-session,AdaBN
286,4,0,0.00038270999993983423,123,A02,cross-session,AdaBN
287,4,1,0.00037375099998371297,123,A02,cross-session,AdaBN
0,1,0,0.0005618060000642799,123,A03,cross-session,AdaBN
1,2,1,0.00048681299995223526,123,A03,cross-session,AdaBN
2,3,0,0.00046110599998883117,123,A03,cross-session,AdaBN
3,4,1,0.00048339199997826654,123,A03,cross-session,AdaBN
4,4,1,0.0004831290000311128,123,A03,cross-session,AdaBN
5,4,1,0.0004164860000628323,123,A03,cross-session,AdaBN
6,4,1,0.000414048000038747,123,A03,cross-session,AdaBN
7,4,0,0.0004643070000156513,123,A03,cross-session,AdaBN
8,4,1,0.00048807400003170187,123,A03,cross-session,AdaBN
9,4,0,0.00046317299995735084,123,A03,cross-session,AdaBN
10,4,1,0.0004635110000208442,123,A03,cross-session,AdaBN
11,4,0,0.00046692400007941615,123,A03,cross-session,AdaBN
12,4,1,0.0004782350000596125,123,A03,cross-session,AdaBN
13,4,0,0.0004463770000029399,123,A03,cross-session,AdaBN
14,4,1,0.00048187300001245603,123,A03,cross-session,AdaBN
15,4,1,0.0004432109999470413,123,A03,cross-session,AdaBN
16,4,1,0.00046518599992850795,123,A03,cross-session,AdaBN
17,4,1,0.0004253760000665352,123,A03,cross-session,AdaBN
18,4,0,0.0004833519999465352,123,A03,cross-session,AdaBN
19,4,1,0.00043668800003615615,123,A03,cross-session,AdaBN
20,4,0,0.00042181499998150684,123,A03,cross-session,AdaBN
21,4,1,0.0004344090000358847,123,A03,cross-session,AdaBN
22,4,1,0.00043641599995680735,123,A03,cross-session,AdaBN
23,4,1,0.00044535099993936456,123,A03,cross-session,AdaBN
24,4,0,0.0004261880000058227,123,A03,cross-session,AdaBN
25,4,1,0.0004374529999040533,123,A03,cross-session,AdaBN
26,4,1,0.00042299299991555017,123,A03,cross-session,AdaBN
27,4,0,0.00043922599991219613,123,A03,cross-session,AdaBN
28,4,0,0.00042638499996883183,123,A03,cross-session,AdaBN
29,4,0,0.0004346650000570662,123,A03,cross-session,AdaBN
30,4,1,0.0004347709999592553,123,A03,cross-session,AdaBN
31,4,1,0.00043483399997512606,123,A03,cross-session,AdaBN
32,4,1,0.00043003799999041803,123,A03,cross-session,AdaBN
33,4,1,0.0004276769999478347,123,A03,cross-session,AdaBN
34,4,1,0.0004418409999971118,123,A03,cross-session,AdaBN
35,4,1,0.000445347000095353,123,A03,cross-session,AdaBN
36,4,1,0.0004056960000298204,123,A03,cross-session,AdaBN
37,4,1,0.00043616599998586025,123,A03,cross-session,AdaBN
38,4,1,0.0004309380000222518,123,A03,cross-session,AdaBN
39,4,0,0.0004078749999507636,123,A03,cross-session,AdaBN
40,4,0,0.0004067129999612007,123,A03,cross-session,AdaBN
41,4,1,0.0003646350000963139,123,A03,cross-session,AdaBN
42,4,0,0.0003983789999892906,123,A03,cross-session,AdaBN
43,4,0,0.00037215700001524965,123,A03,cross-session,AdaBN
44,4,1,0.0004073169999401216,123,A03,cross-session,AdaBN
45,4,1,0.00039759999992838857,123,A03,cross-session,AdaBN
46,4,1,0.00044077999996261497,123,A03,cross-session,AdaBN
47,4,1,0.00041886700000759447,123,A03,cross-session,AdaBN
48,4,0,0.0004062570000087362,123,A03,cross-session,AdaBN
49,4,0,0.00038538299997981085,123,A03,cross-session,AdaBN
50,4,1,0.00039772399998128094,123,A03,cross-session,AdaBN
51,4,1,0.0003676060000543657,123,A03,cross-session,AdaBN
52,4,0,0.00037641799997345515,123,A03,cross-session,AdaBN
53,4,1,0.00038115400002425304,123,A03,cross-session,AdaBN
54,4,0,0.0003740310000921454,123,A03,cross-session,AdaBN
55,4,1,0.0004118839999591728,123,A03,cross-session,AdaBN
56,4,1,0.0003812450000850731,123,A03,cross-session,AdaBN
57,4,0,0.0004269260000455688,123,A03,cross-session,AdaBN
58,4,0,0.00039712199998120923,123,A03,cross-session,AdaBN
59,4,0,0.0004171540000470486,123,A03,cross-session,AdaBN
60,4,1,0.00037933299995529524,123,A03,cross-session,AdaBN
61,4,1,0.0004209030000765779,123,A03,cross-session,AdaBN
62,4,1,0.0003793730001007134,123,A03,cross-session,AdaBN
63,4,1,0.00041394300001229567,123,A03,cross-session,AdaBN
64,4,1,0.0003776989999551006,123,A03,cross-session,AdaBN
65,4,1,0.00046816500002933026,123,A03,cross-session,AdaBN
66,4,1,0.00043815800006541394,123,A03,cross-session,AdaBN
67,4,1,0.00041759900000215566,123,A03,cross-session,AdaBN
68,4,1,0.00040497399993455474,123,A03,cross-session,AdaBN
69,4,0,0.00039934200003699516,123,A03,cross-session,AdaBN
70,4,1,0.0003934160000653719,123,A03,cross-session,AdaBN
71,4,0,0.0003999279999788996,123,A03,cross-session,AdaBN
72,4,1,0.0004072429999268934,123,A03,cross-session,AdaBN
73,4,1,0.0003961229999731586,123,A03,cross-session,AdaBN
74,4,1,0.0004165830000602,123,A03,cross-session,AdaBN
75,4,1,0.0003957260000788665,123,A03,cross-session,AdaBN
76,4,1,0.0004025739999633515,123,A03,cross-session,AdaBN
77,4,1,0.00040053500003978115,123,A03,cross-session,AdaBN
78,4,1,0.00040522099993722804,123,A03,cross-session,AdaBN
79,4,1,0.00041698800009726256,123,A03,cross-session,AdaBN
80,4,1,0.00044066099997053243,123,A03,cross-session,AdaBN
81,4,0,0.00040059900004507654,123,A03,cross-session,AdaBN
82,4,1,0.0004210499999999229,123,A03,cross-session,AdaBN
83,4,1,0.00042885499999556487,123,A03,cross-session,AdaBN
84,4,1,0.00039720899997064407,123,A03,cross-session,AdaBN
85,4,0,0.00039216300001498894,123,A03,cross-session,AdaBN
86,4,1,0.00039776899996013526,123,A03,cross-session,AdaBN
87,4,1,0.00038637899990590086,123,A03,cross-session,AdaBN
88,4,1,0.0003928599999198923,123,A03,cross-session,AdaBN
89,4,0,0.000400501999934022,123,A03,cross-session,AdaBN
90,4,1,0.0003939179999861153,123,A03,cross-session,AdaBN
91,4,0,0.000482993999980863,123,A03,cross-session,AdaBN
92,4,1,0.0004185599999573242,123,A03,cross-session,AdaBN
93,4,1,0.0004166979999808973,123,A03,cross-session,AdaBN
94,4,0,0.00039268700004413404,123,A03,cross-session,AdaBN
95,4,1,0.0004000279999445411,123,A03,cross-session,AdaBN
96,4,1,0.0003873749999456777,123,A03,cross-session,AdaBN
97,4,1,0.00039774800006853184,123,A03,cross-session,AdaBN
98,4,0,0.00039061600000422914,123,A03,cross-session,AdaBN
99,4,1,0.0004163050000443036,123,A03,cross-session,AdaBN
100,4,1,0.00039527199999156437,123,A03,cross-session,AdaBN
101,4,0,0.00045762599995669007,123,A03,cross-session,AdaBN
102,4,1,0.00042523299998720177,123,A03,cross-session,AdaBN
103,4,0,0.00040102900004512776,123,A03,cross-session,AdaBN
104,4,1,0.0003916160000017044,123,A03,cross-session,AdaBN
105,4,1,0.0004044559999556441,123,A03,cross-session,AdaBN
106,4,0,0.00039522500003386085,123,A03,cross-session,AdaBN
107,4,0,0.0004345870000861396,123,A03,cross-session,AdaBN
108,4,0,0.000415827999972862,123,A03,cross-session,AdaBN
109,4,0,0.0004161250000151995,123,A03,cross-session,AdaBN
110,4,0,0.0004058289999875342,123,A03,cross-session,AdaBN
111,4,1,0.0004077940000115632,123,A03,cross-session,AdaBN
112,4,1,0.00040114000000812666,123,A03,cross-session,AdaBN
113,4,1,0.0003933939999569702,123,A03,cross-session,AdaBN
114,4,1,0.00039005500002531335,123,A03,cross-session,AdaBN
115,4,0,0.0004122630000438221,123,A03,cross-session,AdaBN
116,4,1,0.0004099380000752717,123,A03,cross-session,AdaBN
117,4,0,0.0004192369999600487,123,A03,cross-session,AdaBN
118,4,1,0.00040960400008316356,123,A03,cross-session,AdaBN
119,4,0,0.0004593959999965591,123,A03,cross-session,AdaBN
120,4,1,0.00047419699990314257,123,A03,cross-session,AdaBN
121,4,1,0.00041456200005995925,123,A03,cross-session,AdaBN
122,4,0,0.0004129019999936645,123,A03,cross-session,AdaBN
123,4,1,0.00040588199999547214,123,A03,cross-session,AdaBN
124,4,1,0.0004239390000293497,123,A03,cross-session,AdaBN
125,4,1,0.0003950320000285501,123,A03,cross-session,AdaBN
126,4,0,0.00040490200001386256,123,A03,cross-session,AdaBN
127,4,1,0.0003992299999708848,123,A03,cross-session,AdaBN
128,4,0,0.0004330859999299719,123,A03,cross-session,AdaBN
129,4,0,0.0004314049999720737,123,A03,cross-session,AdaBN
130,4,1,0.0004058560000430589,123,A03,cross-session,AdaBN
131,4,1,0.0003895909999300784,123,A03,cross-session,AdaBN
132,4,1,0.00039026900003591436,123,A03,cross-session,AdaBN
133,4,1,0.0003832979999742747,123,A03,cross-session,AdaBN
134,4,1,0.0003896319999512343,123,A03,cross-session,AdaBN
135,4,1,0.00039533000006031216,123,A03,cross-session,AdaBN
136,4,0,0.0003831530000297789,123,A03,cross-session,AdaBN
137,4,0,0.00039630700007364794,123,A03,cross-session,AdaBN
138,4,1,0.00039019700000153534,123,A03,cross-session,AdaBN
139,4,1,0.00042142899997088534,123,A03,cross-session,AdaBN
140,4,1,0.00043599200000699057,123,A03,cross-session,AdaBN
141,4,0,0.0004177790000312598,123,A03,cross-session,AdaBN
142,4,1,0.0003881380000620993,123,A03,cross-session,AdaBN
143,4,1,0.00038485200002469355,123,A03,cross-session,AdaBN
144,4,0,0.00039888200001314544,123,A03,cross-session,AdaBN
145,4,0,0.0003983479999760675,123,A03,cross-session,AdaBN
146,4,1,0.0003904559999909907,123,A03,cross-session,AdaBN
147,4,0,0.00040111099997375277,123,A03,cross-session,AdaBN
148,4,0,0.0004013699999632081,123,A03,cross-session,AdaBN
149,4,1,0.0003836690000298404,123,A03,cross-session,AdaBN
150,4,1,0.0004089170000725062,123,A03,cross-session,AdaBN
151,4,1,0.0003787619999684466,123,A03,cross-session,AdaBN
152,4,0,0.00038805999997748586,123,A03,cross-session,AdaBN
153,4,1,0.00037623100001837884,123,A03,cross-session,AdaBN
154,4,1,0.000387879000072644,123,A03,cross-session,AdaBN
155,4,1,0.00038435900000877155,123,A03,cross-session,AdaBN
156,4,1,0.00039115699996727926,123,A03,cross-session,AdaBN
157,4,1,0.00040142199998172146,123,A03,cross-session,AdaBN
158,4,0,0.00040380400002959504,123,A03,cross-session,AdaBN
159,4,1,0.00044379000007666036,123,A03,cross-session,AdaBN
160,4,1,0.000418690000060451,123,A03,cross-session,AdaBN
161,4,1,0.0003835690000641989,123,A03,cross-session,AdaBN
162,4,1,0.00038326700007473846,123,A03,cross-session,AdaBN
163,4,1,0.0003861049999613897,123,A03,cross-session,AdaBN
164,4,0,0.0003846590000193828,123,A03,cross-session,AdaBN
165,4,1,0.00040634000004047266,123,A03,cross-session,AdaBN
166,4,1,0.0003953390000788204,123,A03,cross-session,AdaBN
167,4,1,0.00040173899992623774,123,A03,cross-session,AdaBN
168,4,1,0.00038791600002241466,123,A03,cross-session,AdaBN
169,4,1,0.0004214069999761705,123,A03,cross-session,AdaBN
170,4,1,0.00046362600005522836,123,A03,cross-session,AdaBN
171,4,0,0.0004329719999986992,123,A03,cross-session,AdaBN
172,4,1,0.0003949649999412941,123,A03,cross-session,AdaBN
173,4,1,0.00041357000009156764,123,A03,cross-session,AdaBN
174,4,1,0.0004117680000490509,123,A03,cross-session,AdaBN
175,4,1,0.00039063499991698336,123,A03,cross-session,AdaBN
176,4,1,0.000417869999978393,123,A03,cross-session,AdaBN
177,4,1,0.00039473599997563724,123,A03,cross-session,AdaBN
178,4,1,0.000393161000033615,123,A03,cross-session,AdaBN
179,4,0,0.00040838000006715447,123,A03,cross-session,AdaBN
180,4,0,0.00039694800000233954,123,A03,cross-session,AdaBN
181,4,1,0.00041034299999864743,123,A03,cross-session,AdaBN
182,4,0,0.0004080579999481415,123,A03,cross-session,AdaBN
183,4,1,0.0004116059999432764,123,A03,cross-session,AdaBN
184,4,1,0.000476591000051485,123,A03,cross-session,AdaBN
185,4,1,0.00039283600006001507,123,A03,cross-session,AdaBN
186,4,0,0.0004072770000220771,123,A03,cross-session,AdaBN
187,4,1,0.0003904300000385774,123,A03,cross-session,AdaBN
188,4,0,0.0004105360000039582,123,A03,cross-session,AdaBN
189,4,1,0.00040117899993674655,123,A03,cross-session,AdaBN
190,4,1,0.0004035140000269166,123,A03,cross-session,AdaBN
191,4,1,0.0003991609999047796,123,A03,cross-session,AdaBN
192,4,0,0.00039760099991781317,123,A03,cross-session,AdaBN
193,4,1,0.0003963389999626088,123,A03,cross-session,AdaBN
194,4,1,0.00039149300005192345,123,A03,cross-session,AdaBN
195,4,0,0.00038894399995115236,123,A03,cross-session,AdaBN
196,4,0,0.00040820799995344714,123,A03,cross-session,AdaBN
197,4,1,0.0004404459999705068,123,A03,cross-session,AdaBN
198,4,0,0.00039810300006593025,123,A03,cross-session,AdaBN
199,4,1,0.00041355200005455117,123,A03,cross-session,AdaBN
200,4,1,0.0003946430000496548,123,A03,cross-session,AdaBN
201,4,1,0.0003925119999621529,123,A03,cross-session,AdaBN
202,4,1,0.00039305199993577844,123,A03,cross-session,AdaBN
203,4,1,0.00039166800002021773,123,A03,cross-session,AdaBN
204,4,1,0.00039466999999149266,123,A03,cross-session,AdaBN
205,4,1,0.0004111460000331135,123,A03,cross-session,AdaBN
206,4,0,0.0003892350000569422,123,A03,cross-session,AdaBN
207,4,1,0.00042711900005087955,123,A03,cross-session,AdaBN
208,4,0,0.0004470420000188824,123,A03,cross-session,AdaBN
209,4,0,0.00039047999996455474,123,A03,cross-session,AdaBN
210,4,1,0.00038428400000611873,123,A03,cross-session,AdaBN
211,4,1,0.00038696000001436914,123,A03,cross-session,AdaBN
212,4,1,0.0003836370000271927,123,A03,cross-session,AdaBN
213,4,1,0.00038130699999783246,123,A03,cross-session,AdaBN
214,4,1,0.0004243540000743451,123,A03,cross-session,AdaBN
215,4,0,0.000400205999994796,123,A03,cross-session,AdaBN
216,4,1,0.0004271369999742092,123,A03,cross-session,AdaBN
217,4,1,0.0003983459999972183,123,A03,cross-session,AdaBN
218,4,1,0.0004094979999536008,123,A03,cross-session,AdaBN
219,4,0,0.0003806869999607443,123,A03,cross-session,AdaBN
220,4,0,0.0003881390000515239,123,A03,cross-session,AdaBN
221,4,1,0.00037884500000018306,123,A03,cross-session,AdaBN
222,4,1,0.0004121299999724215,123,A03,cross-session,AdaBN
223,4,1,0.0003912749999699372,123,A03,cross-session,AdaBN
224,4,0,0.00042315399991821323,123,A03,cross-session,AdaBN
225,4,0,0.00044316000003163936,123,A03,cross-session,AdaBN
226,4,1,0.00040612700001929625,123,A03,cross-session,AdaBN
227,4,0,0.0003842769999664597,123,A03,cross-session,AdaBN
228,4,1,0.0003814989999000318,123,A03,cross-session,AdaBN
229,4,0,0.00038697299999057577,123,A03,cross-session,AdaBN
230,4,1,0.000392749999946318,123,A03,cross-session,AdaBN
231,4,1,0.0003859550000697709,123,A03,cross-session,AdaBN
232,4,0,0.0003816540000798341,123,A03,cross-session,AdaBN
233,4,1,0.0003929329999436959,123,A03,cross-session,AdaBN
234,4,1,0.0003844179999532571,123,A03,cross-session,AdaBN
235,4,1,0.0004370890000018335,123,A03,cross-session,AdaBN
236,4,1,0.00039469600005759276,123,A03,cross-session,AdaBN
237,4,1,0.0003943990000152553,123,A03,cross-session,AdaBN
238,4,1,0.00040398599992386153,123,A03,cross-session,AdaBN
239,4,0,0.00041055999997752224,123,A03,cross-session,AdaBN
240,4,0,0.00040669500003787107,123,A03,cross-session,AdaBN
241,4,1,0.00046103799991215055,123,A03,cross-session,AdaBN
242,4,1,0.00043979299994134635,123,A03,cross-session,AdaBN
243,4,1,0.0003912350000518927,123,A03,cross-session,AdaBN
244,4,1,0.000389444999996158,123,A03,cross-session,AdaBN
245,4,1,0.0003781509999498667,123,A03,cross-session,AdaBN
246,4,1,0.00039828399997077213,123,A03,cross-session,AdaBN
247,4,1,0.0003901510000332564,123,A03,cross-session,AdaBN
248,4,0,0.00039491600000474136,123,A03,cross-session,AdaBN
249,4,1,0.0003723939998963033,123,A03,cross-session,AdaBN
250,4,1,0.0004291440000088187,123,A03,cross-session,AdaBN
251,4,1,0.00038470900005904696,123,A03,cross-session,AdaBN
252,4,1,0.0004005539999525354,123,A03,cross-session,AdaBN
253,4,1,0.00039572200000748126,123,A03,cross-session,AdaBN
254,4,1,0.0004409619999705683,123,A03,cross-session,AdaBN
255,4,1,0.00040603399997962697,123,A03,cross-session,AdaBN
256,4,1,0.0004092149999905814,123,A03,cross-session,AdaBN
257,4,1,0.0004295819999242667,123,A03,cross-session,AdaBN
258,4,1,0.0003985790000342604,123,A03,cross-session,AdaBN
259,4,1,0.0004023430000188455,123,A03,cross-session,AdaBN
260,4,0,0.0003966470000023037,123,A03,cross-session,AdaBN
261,4,1,0.0004070229999797448,123,A03,cross-session,AdaBN
262,4,1,0.0004011120000768642,123,A03,cross-session,AdaBN
263,4,1,0.000389449999943281,123,A03,cross-session,AdaBN
264,4,0,0.0003820260000111375,123,A03,cross-session,AdaBN
265,4,1,0.0003887149999854955,123,A03,cross-session,AdaBN
266,4,1,0.0003819420001036633,123,A03,cross-session,AdaBN
267,4,0,0.00039112100000693317,123,A03,cross-session,AdaBN
268,4,1,0.00038439000002199464,123,A03,cross-session,AdaBN
269,4,1,0.0003842410000061136,123,A03,cross-session,AdaBN
270,4,1,0.0003801919999659731,123,A03,cross-session,AdaBN
271,4,1,0.0003920860000334869,123,A03,cross-session,AdaBN
272,4,1,0.00040149400001610047,123,A03,cross-session,AdaBN
273,4,1,0.00037830300004770834,123,A03,cross-session,AdaBN
274,4,1,0.00039508700001533725,123,A03,cross-session,AdaBN
275,4,1,0.00038491899999826273,123,A03,cross-session,AdaBN
276,4,1,0.0004292890000670013,123,A03,cross-session,AdaBN
277,4,0,0.0003894000000173037,123,A03,cross-session,AdaBN
278,4,1,0.00041042599991669704,123,A03,cross-session,AdaBN
279,4,1,0.0003957679999757602,123,A03,cross-session,AdaBN
280,4,1,0.0003932559999384466,123,A03,cross-session,AdaBN
281,4,0,0.0003767089999655582,123,A03,cross-session,AdaBN
282,4,0,0.0003812530000004699,123,A03,cross-session,AdaBN
283,4,0,0.0003934530000151426,123,A03,cross-session,AdaBN
284,4,1,0.0003964909999467636,123,A03,cross-session,AdaBN
285,4,0,0.00044034799998371454,123,A03,cross-session,AdaBN
286,4,1,0.00045930500004942587,123,A03,cross-session,AdaBN
287,4,1,0.0004696999999396212,123,A03,cross-session,AdaBN
0,1,1,0.0008005150000371941,123,A04,cross-session,AdaBN
1,2,0,0.0007769210000105886,123,A04,cross-session,AdaBN
2,3,1,0.0005605979999927513,123,A04,cross-session,AdaBN
3,4,1,0.0005033129999674202,123,A04,cross-session,AdaBN
4,4,0,0.0004934369999318733,123,A04,cross-session,AdaBN
5,4,1,0.00047647499991398945,123,A04,cross-session,AdaBN
6,4,1,0.0004770979999193514,123,A04,cross-session,AdaBN
7,4,0,0.0004434610000316752,123,A04,cross-session,AdaBN
8,4,1,0.0004815450000705823,123,A04,cross-session,AdaBN
9,4,0,0.0004536559999905876,123,A04,cross-session,AdaBN
10,4,1,0.0006334949999882156,123,A04,cross-session,AdaBN
11,4,0,0.0008113589999538817,123,A04,cross-session,AdaBN
12,4,0,0.0005556219999789391,123,A04,cross-session,AdaBN
13,4,0,0.0005149400000163951,123,A04,cross-session,AdaBN
14,4,1,0.0005001279999987673,123,A04,cross-session,AdaBN
15,4,0,0.0004539280000699364,123,A04,cross-session,AdaBN
16,4,0,0.00044062200004191254,123,A04,cross-session,AdaBN
17,4,0,0.00041577699994377326,123,A04,cross-session,AdaBN
18,4,1,0.00044157199999972363,123,A04,cross-session,AdaBN
19,4,0,0.00041080400001192174,123,A04,cross-session,AdaBN
20,4,0,0.0004523500000459535,123,A04,cross-session,AdaBN
21,4,0,0.00042196499998681247,123,A04,cross-session,AdaBN
22,4,1,0.0005923100000018167,123,A04,cross-session,AdaBN
23,4,1,0.000668381999958001,123,A04,cross-session,AdaBN
24,4,1,0.0005182369999374714,123,A04,cross-session,AdaBN
25,4,0,0.00048484699993878166,123,A04,cross-session,AdaBN
26,4,0,0.0004997999999432068,123,A04,cross-session,AdaBN
27,4,0,0.00048047000007045426,123,A04,cross-session,AdaBN
28,4,1,0.0005369509999582078,123,A04,cross-session,AdaBN
29,4,0,0.0004869660000395015,123,A04,cross-session,AdaBN
30,4,0,0.0004256619999978284,123,A04,cross-session,AdaBN
31,4,1,0.0003677750000861124,123,A04,cross-session,AdaBN
32,4,1,0.0003978320000896929,123,A04,cross-session,AdaBN
33,4,0,0.00037107599996488716,123,A04,cross-session,AdaBN
34,4,1,0.0004047740000032718,123,A04,cross-session,AdaBN
35,4,1,0.00039176600000701,123,A04,cross-session,AdaBN
36,4,1,0.0004842199999757213,123,A04,cross-session,AdaBN
37,4,0,0.0004953549999981988,123,A04,cross-session,AdaBN
38,4,1,0.00040933599996151315,123,A04,cross-session,AdaBN
39,4,1,0.00041175700005169347,123,A04,cross-session,AdaBN
40,4,1,0.00040434699997149437,123,A04,cross-session,AdaBN
41,4,0,0.0003623999999717853,123,A04,cross-session,AdaBN
42,4,1,0.0004209129999708239,123,A04,cross-session,AdaBN
43,4,0,0.0003677180000067892,123,A04,cross-session,AdaBN
44,4,1,0.000395340000068245,123,A04,cross-session,AdaBN
45,4,1,0.0003719709999359111,123,A04,cross-session,AdaBN
46,4,0,0.00036079599999538914,123,A04,cross-session,AdaBN
47,4,1,0.0004071419999718273,123,A04,cross-session,AdaBN
48,4,0,0.00040711999997711246,123,A04,cross-session,AdaBN
49,4,1,0.00043563400004131836,123,A04,cross-session,AdaBN
50,4,0,0.00037558099995749217,123,A04,cross-session,AdaBN
51,4,1,0.00040449700009048684,123,A04,cross-session,AdaBN
52,4,1,0.0006167989999994461,123,A04,cross-session,AdaBN
53,4,0,0.00042184699998415454,123,A04,cross-session,AdaBN
54,4,0,0.0004245119999950475,123,A04,cross-session,AdaBN
55,4,1,0.00040112800002134463,123,A04,cross-session,AdaBN
56,4,0,0.0003868879999799901,123,A04,cross-session,AdaBN
57,4,0,0.0004241420000425933,123,A04,cross-session,AdaBN
58,4,1,0.0004007000000001426,123,A04,cross-session,AdaBN
59,4,0,0.00041994700006853236,123,A04,cross-session,AdaBN
60,4,0,0.00039750200005528313,123,A04,cross-session,AdaBN
61,4,1,0.0004038140000375279,123,A04,cross-session,AdaBN
62,4,0,0.0003976369999918461,123,A04,cross-session,AdaBN
63,4,1,0.000427709999939907,123,A04,cross-session,AdaBN
64,4,1,0.0005741769999758617,123,A04,cross-session,AdaBN
65,4,1,0.0004249190000109593,123,A04,cross-session,AdaBN
66,4,1,0.00041865299999699346,123,A04,cross-session,AdaBN
67,4,0,0.00040835999993760197,123,A04,cross-session,AdaBN
68,4,1,0.0004105020000224613,123,A04,cross-session,AdaBN
69,4,1,0.00040243099999770493,123,A04,cross-session,AdaBN
70,4,1,0.0004055839999637101,123,A04,cross-session,AdaBN
71,4,1,0.00043324299997493654,123,A04,cross-session,AdaBN
72,4,1,0.00042800699998224445,123,A04,cross-session,AdaBN
73,4,0,0.00040840500003014313,123,A04,cross-session,AdaBN
74,4,1,0.0003980559999945399,123,A04,cross-session,AdaBN
75,4,1,0.0004229840000107288,123,A04,cross-session,AdaBN
76,4,1,0.00038533400004325813,123,A04,cross-session,AdaBN
77,4,1,0.0004181069999731335,123,A04,cross-session,AdaBN
78,4,0,0.0005862000000433909,123,A04,cross-session,AdaBN
79,4,1,0.0004407680000895198,123,A04,cross-session,AdaBN
80,4,1,0.0004029880000189223,123,A04,cross-session,AdaBN
81,4,0,0.00041641299992534186,123,A04,cross-session,AdaBN
82,4,0,0.0004012500000953878,123,A04,cross-session,AdaBN
83,4,0,0.0004218340000079479,123,A04,cross-session,AdaBN
84,4,0,0.0003877890000012485,123,A04,cross-session,AdaBN
85,4,0,0.000422779000018636,123,A04,cross-session,AdaBN
86,4,0,0.0003936630000680452,123,A04,cross-session,AdaBN
87,4,0,0.00040053700001863035,123,A04,cross-session,AdaBN
88,4,1,0.0004049090000535216,123,A04,cross-session,AdaBN
89,4,0,0.0004015539999500106,123,A04,cross-session,AdaBN
90,4,0,0.0003871269999535798,123,A04,cross-session,AdaBN
91,4,0,0.0004285879999770259,123,A04,cross-session,AdaBN
92,4,0,0.00039517800007615733,123,A04,cross-session,AdaBN
93,4,0,0.0004272209999953702,123,A04,cross-session,AdaBN
94,4,1,0.000548817999970197,123,A04,cross-session,AdaBN
95,4,0,0.0004141930000969296,123,A04,cross-session,AdaBN
96,4,0,0.00040876500008835137,123,A04,cross-session,AdaBN
97,4,1,0.00041614500003106514,123,A04,cross-session,AdaBN
98,4,1,0.00038971599997239537,123,A04,cross-session,AdaBN
99,4,0,0.00040999500004090805,123,A04,cross-session,AdaBN
100,4,1,0.0003938759999755348,123,A04,cross-session,AdaBN
101,4,1,0.0003881139999748484,123,A04,cross-session,AdaBN
102,4,0,0.0004116640000120242,123,A04,cross-session,AdaBN
103,4,1,0.0003989990000263788,123,A04,cross-session,AdaBN
104,4,1,0.00040851900007510267,123,A04,cross-session,AdaBN
105,4,1,0.00039940999999998894,123,A04,cross-session,AdaBN
106,4,1,0.0004093420000117476,123,A04,cross-session,AdaBN
107,4,0,0.0004247430000532404,123,A04,cross-session,AdaBN
108,4,1,0.0005450350000728577,123,A04,cross-session,AdaBN
109,4,0,0.00040566100005889894,123,A04,cross-session,AdaBN
110,4,0,0.0004031259999237591,123,A04,cross-session,AdaBN
111,4,1,0.0003881169999431222,123,A04,cross-session,AdaBN
112,4,0,0.0004208549999020761,123,A04,cross-session,AdaBN
113,4,1,0.00039498199998888595,123,A04,cross-session,AdaBN
114,4,1,0.00039696099997854617,123,A04,cross-session,AdaBN
115,4,1,0.00040236600000298495,123,A04,cross-session,AdaBN
116,4,1,0.0004022020000320481,123,A04,cross-session,AdaBN
117,4,0,0.0003805909999528012,123,A04,cross-session,AdaBN
118,4,0,0.00041552999994109996,123,A04,cross-session,AdaBN
119,4,0,0.00038378300007479993,123,A04,cross-session,AdaBN
120,4,0,0.0004099799999721654,123,A04,cross-session,AdaBN
121,4,1,0.00040204100002938503,123,A04,cross-session,AdaBN
122,4,1,0.0005831780000562503,123,A04,cross-session,AdaBN
123,4,1,0.00041671500002848916,123,A04,cross-session,AdaBN
124,4,1,0.0004168300000628733,123,A04,cross-session,AdaBN
125,4,0,0.00039150999998582847,123,A04,cross-session,AdaBN
126,4,1,0.0004198850000420862,123,A04,cross-session,AdaBN
127,4,1,0.00038158400002430426,123,A04,cross-session,AdaBN
128,4,1,0.000418969000065772,123,A04,cross-session,AdaBN
129,4,1,0.0003948580000496804,123,A04,cross-session,AdaBN
130,4,0,0.0003934200000230703,123,A04,cross-session,AdaBN
131,4,0,0.00039488799995979207,123,A04,cross-session,AdaBN
132,4,0,0.00037950800003727636,123,A04,cross-session,AdaBN
133,4,1,0.00039899599994441814,123,A04,cross-session,AdaBN
134,4,1,0.00040366799998992065,123,A04,cross-session,AdaBN
135,4,1,0.00040485300007730984,123,A04,cross-session,AdaBN
136,4,1,0.0005790559999923062,123,A04,cross-session,AdaBN
137,4,0,0.0004201430000421169,123,A04,cross-session,AdaBN
138,4,1,0.000397326999973302,123,A04,cross-session,AdaBN
139,4,1,0.00041639699998086144,123,A04,cross-session,AdaBN
140,4,1,0.00039895800000522286,123,A04,cross-session,AdaBN
141,4,1,0.00042344199994204246,123,A04,cross-session,AdaBN
142,4,0,0.0004124839999803953,123,A04,cross-session,AdaBN
143,4,1,0.00042404299995268957,123,A04,cross-session,AdaBN
144,4,1,0.0003901060000544021,123,A04,cross-session,AdaBN
145,4,1,0.00041418599994358374,123,A04,cross-session,AdaBN
146,4,1,0.00040564899995843007,123,A04,cross-session,AdaBN
147,4,1,0.00039799500007120514,123,A04,cross-session,AdaBN
148,4,0,0.00041692000002058194,123,A04,cross-session,AdaBN
149,4,0,0.0005835520000800898,123,A04,cross-session,AdaBN
150,4,0,0.0004650519999813696,123,A04,cross-session,AdaBN
151,4,1,0.00042258799999217445,123,A04,cross-session,AdaBN
152,4,0,0.00040380500001901964,123,A04,cross-session,AdaBN
153,4,0,0.00042642899995826156,123,A04,cross-session,AdaBN
154,4,1,0.0004166329999861773,123,A04,cross-session,AdaBN
155,4,1,0.00042649699992125534,123,A04,cross-session,AdaBN
156,4,0,0.0003926099999489452,123,A04,cross-session,AdaBN
157,4,0,0.0004286319999664556,123,A04,cross-session,AdaBN
158,4,0,0.0004071709998925144,123,A04,cross-session,AdaBN
159,4,1,0.0004115350000120088,123,A04,cross-session,AdaBN
160,4,0,0.0004072760000326525,123,A04,cross-session,AdaBN
161,4,0,0.00041434900003878283,123,A04,cross-session,AdaBN
162,4,0,0.00039783099998658145,123,A04,cross-session,AdaBN
163,4,0,0.0006208220000871734,123,A04,cross-session,AdaBN
164,4,1,0.0004199359999574881,123,A04,cross-session,AdaBN
165,4,1,0.0004234799999949246,123,A04,cross-session,AdaBN
166,4,0,0.00040982500001973676,123,A04,cross-session,AdaBN
167,4,1,0.0004261550000137504,123,A04,cross-session,AdaBN
168,4,1,0.00040373800004545046,123,A04,cross-session,AdaBN
169,4,1,0.0004150459999436862,123,A04,cross-session,AdaBN
170,4,0,0.00039153199998054333,123,A04,cross-session,AdaBN
171,4,1,0.00042173800000000483,123,A04,cross-session,AdaBN
172,4,0,0.00039022400005706004,123,A04,cross-session,AdaBN
173,4,1,0.00041020300000127463,123,A04,cross-session,AdaBN
174,4,0,0.0003901360000782006,123,A04,cross-session,AdaBN
175,4,1,0.00039797399995222804,123,A04,cross-session,AdaBN
176,4,1,0.00039216300001498894,123,A04,cross-session,AdaBN
177,4,0,0.00039480700002059166,123,A04,cross-session,AdaBN
178,4,0,0.0004067380000378762,123,A04,cross-session,AdaBN
179,4,1,0.0005963050000445946,123,A04,cross-session,AdaBN
180,4,1,0.00042842599998493824,123,A04,cross-session,AdaBN
181,4,0,0.00041597799997816765,123,A04,cross-session,AdaBN
182,4,0,0.0003910259999884147,123,A04,cross-session,AdaBN
183,4,1,0.0004039689999899565,123,A04,cross-session,AdaBN
184,4,0,0.00039030100003856205,123,A04,cross-session,AdaBN
185,4,0,0.00038686699997469987,123,A04,cross-session,AdaBN
186,4,0,0.00039323099997545796,123,A04,cross-session,AdaBN
187,4,1,0.00037887300004513236,123,A04,cross-session,AdaBN
188,4,1,0.00043014400000629394,123,A04,cross-session,AdaBN
189,4,1,0.00038442100003521773,123,A04,cross-session,AdaBN
190,4,0,0.00041243599991958035,123,A04,cross-session,AdaBN
191,4,0,0.00039478099995449156,123,A04,cross-session,AdaBN
192,4,0,0.0004054609999002423,123,A04,cross-session,AdaBN
193,4,1,0.0006237870001086776,123,A04,cross-session,AdaBN
194,4,1,0.0004243659999474403,123,A04,cross-session,AdaBN
195,4,0,0.0003900350000094477,123,A04,cross-session,AdaBN
196,4,0,0.0004202740000209815,123,A04,cross-session,AdaBN
197,4,0,0.0004472850000638573,123,A04,cross-session,AdaBN
198,4,0,0.0004521030000432802,123,A04,cross-session,AdaBN
199,4,0,0.00040413299996089336,123,A04,cross-session,AdaBN
200,4,0,0.0004500469999584311,123,A04,cross-session,AdaBN
201,4,0,0.00040758199997981137,123,A04,cross-session,AdaBN
202,4,0,0.00039603499999429914,123,A04,cross-session,AdaBN
203,4,0,0.00038161899999522575,123,A04,cross-session,AdaBN
204,4,0,0.00044221300004210207,123,A04,cross-session,AdaBN
205,4,1,0.000397810000094978,123,A04,cross-session,AdaBN
206,4,0,0.0005371559999503006,123,A04,cross-session,AdaBN
207,4,0,0.0004277700001011908,123,A04,cross-session,AdaBN
208,4,1,0.00043511199999102246,123,A04,cross-session,AdaBN
209,4,1,0.0003898769999750584,123,A04,cross-session,AdaBN
210,4,1,0.00041439300002821255,123,A04,cross-session,AdaBN
211,4,0,0.0003825200000164841,123,A04,cross-session,AdaBN
212,4,0,0.0004232430000001841,123,A04,cross-session,AdaBN
213,4,1,0.0004182159999572832,123,A04,cross-session,AdaBN
214,4,1,0.00040227399995274027,123,A04,cross-session,AdaBN
215,4,1,0.00039722300004996214,123,A04,cross-session,AdaBN
216,4,1,0.00043898199999148346,123,A04,cross-session,AdaBN
217,4,1,0.0003882899999325673,123,A04,cross-session,AdaBN
218,4,1,0.0003984169999284859,123,A04,cross-session,AdaBN
219,4,0,0.0003997879999815268,123,A04,cross-session,AdaBN
220,4,1,0.0005989809999391582,123,A04,cross-session,AdaBN
221,4,0,0.00044488399998954264,123,A04,cross-session,AdaBN
222,4,1,0.0004327930000727065,123,A04,cross-session,AdaBN
223,4,0,0.00041960299995480455,123,A04,cross-session,AdaBN
224,4,1,0.00042550800003482436,123,A04,cross-session,AdaBN
225,4,1,0.0003869160000249394,123,A04,cross-session,AdaBN
226,4,0,0.00040563599998222344,123,A04,cross-session,AdaBN
227,4,0,0.00039100399999369984,123,A04,cross-session,AdaBN
228,4,0,0.00040437500001644366,123,A04,cross-session,AdaBN
229,4,0,0.0003954589999466407,123,A04,cross-session,AdaBN
230,4,0,0.00040138500003195077,123,A04,cross-session,AdaBN
231,4,1,0.00038875600000665145,123,A04,cross-session,AdaBN
232,4,0,0.00039733300002353644,123,A04,cross-session,AdaBN
233,4,1,0.0004024989999606987,123,A04,cross-session,AdaBN
234,4,1,0.0003913409999540818,123,A04,cross-session,AdaBN
235,4,1,0.000420744000052764,123,A04,cross-session,AdaBN
236,4,1,0.00040138800000022457,123,A04,cross-session,AdaBN
237,4,0,0.00041176299998824106,123,A04,cross-session,AdaBN
238,4,1,0.00038999499997771636,123,A04,cross-session,AdaBN
239,4,0,0.00040869899999051995,123,A04,cross-session,AdaBN
240,4,1,0.00039002000005439186,123,A04,cross-session,AdaBN
241,4,1,0.0004112919999670339,123,A04,cross-session,AdaBN
242,4,0,0.00039335899998604873,123,A04,cross-session,AdaBN
243,4,1,0.00039437899999938963,123,A04,cross-session,AdaBN
244,4,0,0.000387749000083204,123,A04,cross-session,AdaBN
245,4,1,0.00041890599993621436,123,A04,cross-session,AdaBN
246,4,0,0.00039428299999144656,123,A04,cross-session,AdaBN
247,4,0,0.00039773799994691217,123,A04,cross-session,AdaBN
248,4,0,0.00040018100003180734,123,A04,cross-session,AdaBN
249,4,1,0.00039163400003872084,123,A04,cross-session,AdaBN
250,4,0,0.00040855700001429796,123,A04,cross-session,AdaBN
251,4,0,0.00038295499996365834,123,A04,cross-session,AdaBN
252,4,1,0.0003981959999919127,123,A04,cross-session,AdaBN
253,4,0,0.00038296499997159117,123,A04,cross-session,AdaBN
254,4,0,0.0003901760001099319,123,A04,cross-session,AdaBN
255,4,0,0.00037780800005293713,123,A04,cross-session,AdaBN
256,4,1,0.0003868390000434374,123,A04,cross-session,AdaBN
257,4,0,0.00039892600000257517,123,A04,cross-session,AdaBN
258,4,1,0.000390921999951388,123,A04,cross-session,AdaBN
259,4,0,0.00038886799995907495,123,A04,cross-session,AdaBN
260,4,1,0.00040215900003204297,123,A04,cross-session,AdaBN
261,4,1,0.00038795299997218535,123,A04,cross-session,AdaBN
262,4,0,0.00037705099998674996,123,A04,cross-session,AdaBN
263,4,0,0.00038717400002497016,123,A04,cross-session,AdaBN
264,4,1,0.0004093440001042836,123,A04,cross-session,AdaBN
265,4,1,0.0003977100000156497,123,A04,cross-session,AdaBN
266,4,0,0.0003833220000615256,123,A04,cross-session,AdaBN
267,4,0,0.0003854760000194801,123,A04,cross-session,AdaBN
268,4,1,0.00037824399998953595,123,A04,cross-session,AdaBN
269,4,0,0.00039462300003378914,123,A04,cross-session,AdaBN
270,4,0,0.00038836700002775615,123,A04,cross-session,AdaBN
271,4,1,0.00038382400009595585,123,A04,cross-session,AdaBN
272,4,0,0.0003941939999094757,123,A04,cross-session,AdaBN
273,4,1,0.00038109199999780685,123,A04,cross-session,AdaBN
274,4,0,0.00038610500007507653,123,A04,cross-session,AdaBN
275,4,0,0.00038170900006662123,123,A04,cross-session,AdaBN
276,4,0,0.0003846939999903043,123,A04,cross-session,AdaBN
277,4,1,0.00038827599996693607,123,A04,cross-session,AdaBN
278,4,0,0.0003877139999985957,123,A04,cross-session,AdaBN
279,4,0,0.0004135729999461546,123,A04,cross-session,AdaBN
280,4,0,0.00040167199995266856,123,A04,cross-session,AdaBN
281,4,1,0.00038228200003231905,123,A04,cross-session,AdaBN
282,4,0,0.0003968900000472786,123,A04,cross-session,AdaBN
283,4,0,0.00039860599997609825,123,A04,cross-session,AdaBN
284,4,0,0.0003819060000296304,123,A04,cross-session,AdaBN
285,4,0,0.00039219100005993823,123,A04,cross-session,AdaBN
286,4,0,0.00040197600003466505,123,A04,cross-session,AdaBN
287,4,1,0.0004440590000740485,123,A04,cross-session,AdaBN
0,1,0,0.0005613260000245646,123,A05,cross-session,AdaBN
1,2,0,0.0004895810000107303,123,A05,cross-session,AdaBN
2,3,1,0.0004585189999488648,123,A05,cross-session,AdaBN
3,4,1,0.0004721980000113035,123,A05,cross-session,AdaBN
4,4,0,0.0004694949999475284,123,A05,cross-session,AdaBN
5,4,1,0.00043727700006002124,123,A05,cross-session,AdaBN
6,4,0,0.0004004400000212627,123,A05,cross-session,AdaBN
7,4,1,0.0004774369999722694,123,A05,cross-session,AdaBN
8,4,1,0.0004787210000358755,123,A05,cross-session,AdaBN
9,4,0,0.00045807100002548395,123,A05,cross-session,AdaBN
10,4,0,0.0004688899999791829,123,A05,cross-session,AdaBN
11,4,0,0.00044902900003762625,123,A05,cross-session,AdaBN
12,4,0,0.00045931399995424727,123,A05,cross-session,AdaBN
13,4,0,0.0004451780000636063,123,A05,cross-session,AdaBN
14,4,1,0.00045356500004345435,123,A05,cross-session,AdaBN
15,4,0,0.00045132000002467976,123,A05,cross-session,AdaBN
16,4,1,0.00046357099995475437,123,A05,cross-session,AdaBN
17,4,0,0.0004341310000199883,123,A05,cross-session,AdaBN
18,4,0,0.0004702960000031453,123,A05,cross-session,AdaBN
19,4,1,0.00046042700000725745,123,A05,cross-session,AdaBN
20,4,0,0.00044389000004230184,123,A05,cross-session,AdaBN
21,4,0,0.00044720000005327165,123,A05,cross-session,AdaBN
22,4,0,0.000451548000000912,123,A05,cross-session,AdaBN
23,4,0,0.0004258290000507259,123,A05,cross-session,AdaBN
24,4,0,0.00045361399998000707,123,A05,cross-session,AdaBN
25,4,0,0.00042737199999010045,123,A05,cross-session,AdaBN
26,4,0,0.0004392390000020896,123,A05,cross-session,AdaBN
27,4,0,0.00042327700009536784,123,A05,cross-session,AdaBN
28,4,0,0.00045104599996648176,123,A05,cross-session,AdaBN
29,4,0,0.0004295969999930094,123,A05,cross-session,AdaBN
30,4,0,0.0004395250000470696,123,A05,cross-session,AdaBN
31,4,0,0.0004376830000865084,123,A05,cross-session,AdaBN
32,4,0,0.0004649400000289461,123,A05,cross-session,AdaBN
33,4,0,0.0004481429999714237,123,A05,cross-session,AdaBN
34,4,1,0.00044544799993673223,123,A05,cross-session,AdaBN
35,4,0,0.0004411449999679462,123,A05,cross-session,AdaBN
36,4,0,0.0004347369999777584,123,A05,cross-session,AdaBN
37,4,0,0.0004334739999194426,123,A05,cross-session,AdaBN
38,4,0,0.00039715900004466675,123,A05,cross-session,AdaBN
39,4,0,0.00036328500004856323,123,A05,cross-session,AdaBN
40,4,1,0.000412871999969866,123,A05,cross-session,AdaBN
41,4,0,0.00036699499992209894,123,A05,cross-session,AdaBN
42,4,0,0.0003849070000114807,123,A05,cross-session,AdaBN
43,4,0,0.00036598699989554007,123,A05,cross-session,AdaBN
44,4,1,0.00037339199991492933,123,A05,cross-session,AdaBN
45,4,1,0.00036081199993986957,123,A05,cross-session,AdaBN
46,4,0,0.00039445599998089165,123,A05,cross-session,AdaBN
47,4,1,0.0004305699999349599,123,A05,cross-session,AdaBN
48,4,0,0.00045011300005626254,123,A05,cross-session,AdaBN
49,4,0,0.0004052660000297692,123,A05,cross-session,AdaBN
50,4,0,0.00045113800001672644,123,A05,cross-session,AdaBN
51,4,0,0.0005070419999810838,123,A05,cross-session,AdaBN
52,4,0,0.0004420629999231096,123,A05,cross-session,AdaBN
53,4,0,0.00038649800001167023,123,A05,cross-session,AdaBN
54,4,0,0.0003904930000544482,123,A05,cross-session,AdaBN
55,4,1,0.000376293000044825,123,A05,cross-session,AdaBN
56,4,0,0.000387754000030327,123,A05,cross-session,AdaBN
57,4,0,0.00040683200006697007,123,A05,cross-session,AdaBN
58,4,1,0.00045618699994065537,123,A05,cross-session,AdaBN
59,4,0,0.00042009200001302816,123,A05,cross-session,AdaBN
60,4,0,0.00039128299999902083,123,A05,cross-session,AdaBN
61,4,0,0.0004261279999582257,123,A05,cross-session,AdaBN
62,4,1,0.00039556800004447723,123,A05,cross-session,AdaBN
63,4,0,0.0004515559999163088,123,A05,cross-session,AdaBN
64,4,0,0.00038283700007468724,123,A05,cross-session,AdaBN
65,4,0,0.0006372610000653367,123,A05,cross-session,AdaBN
66,4,0,0.00047439200000098936,123,A05,cross-session,AdaBN
67,4,0,0.0004014839998944808,123,A05,cross-session,AdaBN
68,4,0,0.00041630199996234296,123,A05,cross-session,AdaBN
69,4,1,0.00041776800003390235,123,A05,cross-session,AdaBN
70,4,0,0.0004096140000910964,123,A05,cross-session,AdaBN
71,4,1,0.0003802640000003521,123,A05,cross-session,AdaBN
72,4,0,0.0004109340000013617,123,A05,cross-session,AdaBN
73,4,1,0.00041914999997061386,123,A05,cross-session,AdaBN
74,4,0,0.000397812999949565,123,A05,cross-session,AdaBN
75,4,0,0.0004094920000170532,123,A05,cross-session,AdaBN
76,4,0,0.0004137680000440014,123,A05,cross-session,AdaBN
77,4,1,0.0004073100000141494,123,A05,cross-session,AdaBN
78,4,1,0.0005466000000069471,123,A05,cross-session,AdaBN
79,4,0,0.0004364339999938238,123,A05,cross-session,AdaBN
80,4,0,0.00040919100001701736,123,A05,cross-session,AdaBN
81,4,0,0.00042381100001875893,123,A05,cross-session,AdaBN
82,4,0,0.00040071099999750004,123,A05,cross-session,AdaBN
83,4,0,0.000399782999920717,123,A05,cross-session,AdaBN
84,4,0,0.0003920839999409509,123,A05,cross-session,AdaBN
85,4,0,0.0004106850000198392,123,A05,cross-session,AdaBN
86,4,0,0.0003979770000341887,123,A05,cross-session,AdaBN
87,4,1,0.00042783200001395016,123,A05,cross-session,AdaBN
88,4,1,0.00046759700001075544,123,A05,cross-session,AdaBN
89,4,0,0.0004412219999494482,123,A05,cross-session,AdaBN
90,4,0,0.00042125999993913865,123,A05,cross-session,AdaBN
91,4,0,0.0005397109999876193,123,A05,cross-session,AdaBN
92,4,0,0.0004489030000058847,123,A05,cross-session,AdaBN
93,4,0,0.0004195449999997436,123,A05,cross-session,AdaBN
94,4,0,0.00041776900002332695,123,A05,cross-session,AdaBN
95,4,0,0.00040360599996347446,123,A05,cross-session,AdaBN
96,4,0,0.00039099500008887844,123,A05,cross-session,AdaBN
97,4,1,0.00039982999999210733,123,A05,cross-session,AdaBN
98,4,1,0.0003884879999986879,123,A05,cross-session,AdaBN
99,4,0,0.0004280969999399531,123,A05,cross-session,AdaBN
100,4,0,0.0003886580000198592,123,A05,cross-session,AdaBN
101,4,1,0.0004136349999726008,123,A05,cross-session,AdaBN
102,4,0,0.00044368600003963365,123,A05,cross-session,AdaBN
103,4,0,0.00045540099995378114,123,A05,cross-session,AdaBN
104,4,0,0.00042330399992351886,123,A05,cross-session,AdaBN
105,4,0,0.00045477599996956997,123,A05,cross-session,AdaBN
106,4,0,0.0005151899999873422,123,A05,cross-session,AdaBN
107,4,0,0.0005017219999672307,123,A05,cross-session,AdaBN
108,4,0,0.00042219800002385455,123,A05,cross-session,AdaBN
109,4,1,0.0003963049999811119,123,A05,cross-session,AdaBN
110,4,0,0.00039962699997886375,123,A05,cross-session,AdaBN
111,4,1,0.000397254999938923,123,A05,cross-session,AdaBN
112,4,0,0.00039586000002600485,123,A05,cross-session,AdaBN
113,4,0,0.0004151849999516344,123,A05,cross-session,AdaBN
114,4,0,0.000400417999912861,123,A05,cross-session,AdaBN
115,4,1,0.0004751350001015453,123,A05,cross-session,AdaBN
116,4,1,0.00040836299990587577,123,A05,cross-session,AdaBN
117,4,0,0.0004145520000520264,123,A05,cross-session,AdaBN
118,4,0,0.0004079270000829638,123,A05,cross-session,AdaBN
119,4,1,0.00040974800003823475,123,A05,cross-session,AdaBN
120,4,0,0.0005785490000107529,123,A05,cross-session,AdaBN
121,4,0,0.0004278449999901568,123,A05,cross-session,AdaBN
122,4,0,0.0004425209999681101,123,A05,cross-session,AdaBN
123,4,0,0.0004016770000134784,123,A05,cross-session,AdaBN
124,4,0,0.000385574999995697,123,A05,cross-session,AdaBN
125,4,1,0.0004204929999787055,123,A05,cross-session,AdaBN
126,4,0,0.00041027600002507825,123,A05,cross-session,AdaBN
127,4,0,0.0004942779999055347,123,A05,cross-session,AdaBN
128,4,1,0.0004007720000345216,123,A05,cross-session,AdaBN
129,4,0,0.0004266890000508283,123,A05,cross-session,AdaBN
130,4,0,0.00038907499993001693,123,A05,cross-session,AdaBN
131,4,0,0.00040603399997962697,123,A05,cross-session,AdaBN
132,4,0,0.00045531600005688233,123,A05,cross-session,AdaBN
133,4,0,0.0005312170000024707,123,A05,cross-session,AdaBN
134,4,0,0.00043714900004943047,123,A05,cross-session,AdaBN
135,4,1,0.0003955939999968905,123,A05,cross-session,AdaBN
136,4,0,0.00040957900000648806,123,A05,cross-session,AdaBN
137,4,0,0.000404140999989977,123,A05,cross-session,AdaBN
138,4,1,0.0004340459998957158,123,A05,cross-session,AdaBN
139,4,1,0.00039188699997794174,123,A05,cross-session,AdaBN
140,4,0,0.00038220700002966623,123,A05,cross-session,AdaBN
141,4,0,0.0004579779999858147,123,A05,cross-session,AdaBN
142,4,0,0.0004299969999692621,123,A05,cross-session,AdaBN
143,4,1,0.0004120560000728801,123,A05,cross-session,AdaBN
144,4,0,0.0004133200000069337,123,A05,cross-session,AdaBN
145,4,0,0.00043259399990347447,123,A05,cross-session,AdaBN
146,4,0,0.0003933209999331666,123,A05,cross-session,AdaBN
147,4,0,0.00042053299989674997,123,A05,cross-session,AdaBN
148,4,1,0.0005926850000150807,123,A05,cross-session,AdaBN
149,4,1,0.00042029999997339473,123,A05,cross-session,AdaBN
150,4,0,0.0004231970000319052,123,A05,cross-session,AdaBN
151,4,0,0.0004147959999727391,123,A05,cross-session,AdaBN
152,4,0,0.00042360300005839235,123,A05,cross-session,AdaBN
153,4,1,0.00039627700004984945,123,A05,cross-session,AdaBN
154,4,1,0.00039427000001523993,123,A05,cross-session,AdaBN
155,4,0,0.0004010530000186918,123,A05,cross-session,AdaBN
156,4,0,0.00038316899997425935,123,A05,cross-session,AdaBN
157,4,0,0.00040083499993670557,123,A05,cross-session,AdaBN
158,4,1,0.0003858259999560687,123,A05,cross-session,AdaBN
159,4,0,0.0005145559999846228,123,A05,cross-session,AdaBN
160,4,0,0.0004174749999492633,123,A05,cross-session,AdaBN
161,4,1,0.00041534000001774984,123,A05,cross-session,AdaBN
162,4,0,0.00040200800003731274,123,A05,cross-session,AdaBN
163,4,0,0.00042301099995256664,123,A05,cross-session,AdaBN
164,4,1,0.00037415999997847393,123,A05,cross-session,AdaBN
165,4,0,0.0004060929999241125,123,A05,cross-session,AdaBN
166,4,0,0.0003893819999802872,123,A05,cross-session,AdaBN
167,4,0,0.0004347750000306405,123,A05,cross-session,AdaBN
168,4,1,0.0004221780000079889,123,A05,cross-session,AdaBN
169,4,0,0.00042540799995549605,123,A05,cross-session,AdaBN
170,4,1,0.000399850000007973,123,A05,cross-session,AdaBN
171,4,1,0.00042585899996083754,123,A05,cross-session,AdaBN
172,4,0,0.00043999100000746694,123,A05,cross-session,AdaBN
173,4,1,0.0004038329999502821,123,A05,cross-session,AdaBN
174,4,0,0.00040460800005348574,123,A05,cross-session,AdaBN
175,4,1,0.0003864430000248831,123,A05,cross-session,AdaBN
176,4,0,0.00038278599993191165,123,A05,cross-session,AdaBN
177,4,0,0.0004056950000403958,123,A05,cross-session,AdaBN
178,4,0,0.00039707299993096967,123,A05,cross-session,AdaBN
179,4,1,0.00038115300003482844,123,A05,cross-session,AdaBN
180,4,0,0.000421092999999928,123,A05,cross-session,AdaBN
181,4,1,0.00037595799994960544,123,A05,cross-session,AdaBN
182,4,1,0.00039174599999114434,123,A05,cross-session,AdaBN
183,4,0,0.0003830160000006799,123,A05,cross-session,AdaBN
184,4,1,0.0003951899999492525,123,A05,cross-session,AdaBN
185,4,0,0.000382897999998022,123,A05,cross-session,AdaBN
186,4,0,0.00044595199995001167,123,A05,cross-session,AdaBN
187,4,0,0.0004035559999238103,123,A05,cross-session,AdaBN
188,4,0,0.0004586869999911869,123,A05,cross-session,AdaBN
189,4,0,0.00044815299997935654,123,A05,cross-session,AdaBN
190,4,0,0.00041784600000482897,123,A05,cross-session,AdaBN
191,4,0,0.0004030540000030669,123,A05,cross-session,AdaBN
192,4,0,0.00041929399992568506,123,A05,cross-session,AdaBN
193,4,0,0.0004093200000170327,123,A05,cross-session,AdaBN
194,4,0,0.0004031270000268705,123,A05,cross-session,AdaBN
195,4,1,0.0004138179999699787,123,A05,cross-session,AdaBN
196,4,0,0.0004541829999880065,123,A05,cross-session,AdaBN
197,4,0,0.0003965750000816115,123,A05,cross-session,AdaBN
198,4,1,0.0003924669999832986,123,A05,cross-session,AdaBN
199,4,0,0.00040035799997895083,123,A05,cross-session,AdaBN
200,4,0,0.00041980200001034973,123,A05,cross-session,AdaBN
201,4,1,0.0003991939998968519,123,A05,cross-session,AdaBN
202,4,0,0.0003785069999366897,123,A05,cross-session,AdaBN
203,4,1,0.00046907700004794606,123,A05,cross-session,AdaBN
204,4,1,0.00040395700000317447,123,A05,cross-session,AdaBN
205,4,0,0.00041471299994100264,123,A05,cross-session,AdaBN
206,4,1,0.0004076630000326986,123,A05,cross-session,AdaBN
207,4,0,0.00041148000002522167,123,A05,cross-session,AdaBN
208,4,0,0.00038408599993999815,123,A05,cross-session,AdaBN
209,4,0,0.0003946020000284989,123,A05,cross-session,AdaBN
210,4,1,0.00039360300002044823,123,A05,cross-session,AdaBN
211,4,0,0.0004099750000250424,123,A05,cross-session,AdaBN
212,4,0,0.000388393999969594,123,A05,cross-session,AdaBN
213,4,1,0.0003949389999888808,123,A05,cross-session,AdaBN
214,4,0,0.0004101260000197726,123,A05,cross-session,AdaBN
215,4,0,0.00038988100004644366,123,A05,cross-session,AdaBN
216,4,1,0.0004725090000192722,123,A05,cross-session,AdaBN
217,4,1,0.0005190100000618258,123,A05,cross-session,AdaBN
218,4,0,0.0003971819999151194,123,A05,cross-session,AdaBN
219,4,1,0.0004163730000072974,123,A05,cross-session,AdaBN
220,4,0,0.0003955019999466458,123,A05,cross-session,AdaBN
221,4,0,0.00039821300003950455,123,A05,cross-session,AdaBN
222,4,0,0.0004212799999550043,123,A05,cross-session,AdaBN
223,4,0,0.00038570399999571237,123,A05,cross-session,AdaBN
224,4,1,0.00040388200000052166,123,A05,cross-session,AdaBN
225,4,0,0.00038903999995909544,123,A05,cross-session,AdaBN
226,4,1,0.00041892500007634226,123,A05,cross-session,AdaBN
227,4,0,0.00038197999992917175,123,A05,cross-session,AdaBN
228,4,0,0.0004095530000540748,123,A05,cross-session,AdaBN
229,4,0,0.00039142800005720346,123,A05,cross-session,AdaBN
230,4,0,0.00047544699998525175,123,A05,cross-session,AdaBN
231,4,0,0.00041041700001187564,123,A05,cross-session,AdaBN
232,4,0,0.00042332999998961895,123,A05,cross-session,AdaBN
233,4,0,0.00039234300004409306,123,A05,cross-session,AdaBN
234,4,0,0.00042265000001862063,123,A05,cross-session,AdaBN
235,4,0,0.0004028549999475217,123,A05,cross-session,AdaBN
236,4,0,0.0004119239999909041,123,A05,cross-session,AdaBN
237,4,0,0.0003852160000406002,123,A05,cross-session,AdaBN
238,4,0,0.00039242000002559507,123,A05,cross-session,AdaBN
239,4,1,0.0003884980000066207,123,A05,cross-session,AdaBN
240,4,0,0.0004004410000106873,123,A05,cross-session,AdaBN
241,4,1,0.0004175179999492684,123,A05,cross-session,AdaBN
242,4,0,0.00045127600003525004,123,A05,cross-session,AdaBN
243,4,0,0.0004677749999473235,123,A05,cross-session,AdaBN
244,4,1,0.0004515839999612581,123,A05,cross-session,AdaBN
245,4,0,0.00039166700003079313,123,A05,cross-session,AdaBN
246,4,0,0.0004153490000362581,123,A05,cross-session,AdaBN
247,4,0,0.0004163919999200516,123,A05,cross-session,AdaBN
248,4,1,0.00038865699991674774,123,A05,cross-session,AdaBN
249,4,1,0.0006027329999369613,123,A05,cross-session,AdaBN
250,4,0,0.0004412819999970452,123,A05,cross-session,AdaBN
251,4,1,0.00041946499993628095,123,A05,cross-session,AdaBN
252,4,1,0.00041414400004669005,123,A05,cross-session,AdaBN
253,4,1,0.0004187360000287299,123,A05,cross-session,AdaBN
254,4,0,0.00041512100006002584,123,A05,cross-session,AdaBN
255,4,0,0.00038477400005376694,123,A05,cross-session,AdaBN
256,4,0,0.0003950729999360192,123,A05,cross-session,AdaBN
257,4,0,0.00039386200000990357,123,A05,cross-session,AdaBN
258,4,0,0.00037701600001582847,123,A05,cross-session,AdaBN
259,4,1,0.0004085990000248785,123,A05,cross-session,AdaBN
260,4,1,0.00039544200001273566,123,A05,cross-session,AdaBN
261,4,1,0.0004388849999941158,123,A05,cross-session,AdaBN
262,4,1,0.0005464889999302613,123,A05,cross-session,AdaBN
263,4,0,0.00046094700007870415,123,A05,cross-session,AdaBN
264,4,0,0.00041552200002570316,123,A05,cross-session,AdaBN
265,4,1,0.0004084680000460139,123,A05,cross-session,AdaBN
266,4,0,0.0003823360000296816,123,A05,cross-session,AdaBN
267,4,0,0.00043669299998327915,123,A05,cross-session,AdaBN
268,4,0,0.0003856050000194955,123,A05,cross-session,AdaBN
269,4,0,0.0004123370000570503,123,A05,cross-session,AdaBN
270,4,0,0.0004265350000878243,123,A05,cross-session,AdaBN
271,4,0,0.00042344299993146706,123,A05,cross-session,AdaBN
272,4,0,0.0003968140000552012,123,A05,cross-session,AdaBN
273,4,1,0.0004282319999902029,123,A05,cross-session,AdaBN
274,4,0,0.0003843130000404926,123,A05,cross-session,AdaBN
275,4,1,0.00048037099998055055,123,A05,cross-session,AdaBN
276,4,0,0.0004563280000411396,123,A05,cross-session,AdaBN
277,4,0,0.000428542000008747,123,A05,cross-session,AdaBN
278,4,0,0.0003980530000262661,123,A05,cross-session,AdaBN
279,4,0,0.00042534199997135147,123,A05,cross-session,AdaBN
280,4,0,0.00038278299996363785,123,A05,cross-session,AdaBN
281,4,0,0.00041010699999333156,123,A05,cross-session,AdaBN
282,4,1,0.0003955679999307904,123,A05,cross-session,AdaBN
283,4,0,0.00040081800000280055,123,A05,cross-session,AdaBN
284,4,0,0.00038436499994531914,123,A05,cross-session,AdaBN
285,4,1,0.0004100160000461983,123,A05,cross-session,AdaBN
286,4,0,0.0004002529999524995,123,A05,cross-session,AdaBN
287,4,0,0.0003932849999728205,123,A05,cross-session,AdaBN
0,1,1,0.0005758949999972174,123,A06,cross-session,AdaBN
1,2,0,0.0004948650000642374,123,A06,cross-session,AdaBN
2,3,0,0.0004663879999498022,123,A06,cross-session,AdaBN
3,4,1,0.0006563160000041535,123,A06,cross-session,AdaBN
4,4,0,0.0005735999999387786,123,A06,cross-session,AdaBN
5,4,1,0.0004443469999841909,123,A06,cross-session,AdaBN
6,4,1,0.0004746669999349251,123,A06,cross-session,AdaBN
7,4,0,0.0004988350000303399,123,A06,cross-session,AdaBN
8,4,1,0.00046596499998941,123,A06,cross-session,AdaBN
9,4,1,0.0004591470000150366,123,A06,cross-session,AdaBN
10,4,1,0.0004688949999263059,123,A06,cross-session,AdaBN
11,4,0,0.0004471629999898141,123,A06,cross-session,AdaBN
12,4,1,0.0004644910000024538,123,A06,cross-session,AdaBN
13,4,1,0.000458503999993809,123,A06,cross-session,AdaBN
14,4,1,0.0004602029999887236,123,A06,cross-session,AdaBN
15,4,1,0.00048554199997852265,123,A06,cross-session,AdaBN
16,4,0,0.00047724000000926026,123,A06,cross-session,AdaBN
17,4,0,0.0006321649999563306,123,A06,cross-session,AdaBN
18,4,1,0.0004542149999906542,123,A06,cross-session,AdaBN
19,4,1,0.0004613270000390912,123,A06,cross-session,AdaBN
20,4,1,0.00042469899995012383,123,A06,cross-session,AdaBN
21,4,1,0.0004359310000836558,123,A06,cross-session,AdaBN
22,4,0,0.0004457579999552763,123,A06,cross-session,AdaBN
23,4,0,0.0004358280000360537,123,A06,cross-session,AdaBN
24,4,0,0.0004035750000639382,123,A06,cross-session,AdaBN
25,4,1,0.00044917399998212204,123,A06,cross-session,AdaBN
26,4,1,0.00043897500006551127,123,A06,cross-session,AdaBN
27,4,0,0.0004369959999621642,123,A06,cross-session,AdaBN
28,4,0,0.0004366940000863906,123,A06,cross-session,AdaBN
29,4,0,0.00045392499998797575,123,A06,cross-session,AdaBN
30,4,1,0.0007525219999706678,123,A06,cross-session,AdaBN
31,4,0,0.0005065540000259716,123,A06,cross-session,AdaBN
32,4,1,0.0004919869999184812,123,A06,cross-session,AdaBN
33,4,1,0.00045674099999359896,123,A06,cross-session,AdaBN
34,4,1,0.0004841109999915716,123,A06,cross-session,AdaBN
35,4,1,0.0005045709999649262,123,A06,cross-session,AdaBN
36,4,1,0.00041696599998886086,123,A06,cross-session,AdaBN
37,4,1,0.00037100499991993274,123,A06,cross-session,AdaBN
38,4,1,0.00042953400009082543,123,A06,cross-session,AdaBN
39,4,1,0.00044021399992288934,123,A06,cross-session,AdaBN
40,4,0,0.0003819949999979144,123,A06,cross-session,AdaBN
41,4,1,0.0003700290000097084,123,A06,cross-session,AdaBN
42,4,0,0.00038183699996352516,123,A06,cross-session,AdaBN
43,4,1,0.0003607700000429759,123,A06,cross-session,AdaBN
44,4,0,0.0003726759999835849,123,A06,cross-session,AdaBN
45,4,1,0.00036289900003794173,123,A06,cross-session,AdaBN
46,4,0,0.00038499200002206635,123,A06,cross-session,AdaBN
47,4,0,0.00039065600003596046,123,A06,cross-session,AdaBN
48,4,0,0.0003755579999733527,123,A06,cross-session,AdaBN
49,4,0,0.0003801999999950567,123,A06,cross-session,AdaBN
50,4,0,0.0003631350000432576,123,A06,cross-session,AdaBN
51,4,1,0.0004092519999403521,123,A06,cross-session,AdaBN
52,4,1,0.0003739329999916663,123,A06,cross-session,AdaBN
53,4,0,0.0003992530000687111,123,A06,cross-session,AdaBN
54,4,1,0.0004091029999244711,123,A06,cross-session,AdaBN
55,4,0,0.0004458989999420737,123,A06,cross-session,AdaBN
56,4,1,0.0003690779999487859,123,A06,cross-session,AdaBN
57,4,0,0.00038559799997983646,123,A06,cross-session,AdaBN
58,4,1,0.0004031160000295131,123,A06,cross-session,AdaBN
59,4,0,0.0003919990000440521,123,A06,cross-session,AdaBN
60,4,1,0.0003824479999821051,123,A06,cross-session,AdaBN
61,4,0,0.00037332199997308635,123,A06,cross-session,AdaBN
62,4,0,0.0004155029999992621,123,A06,cross-session,AdaBN
63,4,0,0.00038365200009593536,123,A06,cross-session,AdaBN
64,4,1,0.0004067859999850043,123,A06,cross-session,AdaBN
65,4,0,0.00039793899998130655,123,A06,cross-session,AdaBN
66,4,0,0.0003963749999229549,123,A06,cross-session,AdaBN
67,4,0,0.0003889800000251853,123,A06,cross-session,AdaBN
68,4,0,0.0003962409999758165,123,A06,cross-session,AdaBN
69,4,1,0.0003908850000016173,123,A06,cross-session,AdaBN
70,4,1,0.000397945000031541,123,A06,cross-session,AdaBN
71,4,0,0.0003893340000331591,123,A06,cross-session,AdaBN
72,4,1,0.00039473899994391104,123,A06,cross-session,AdaBN
73,4,0,0.0003896289999829605,123,A06,cross-session,AdaBN
74,4,0,0.0003908190000174727,123,A06,cross-session,AdaBN
75,4,0,0.00038632300004337594,123,A06,cross-session,AdaBN
76,4,1,0.0003820639999503328,123,A06,cross-session,AdaBN
77,4,0,0.00042136199999731616,123,A06,cross-session,AdaBN
78,4,0,0.0003912089999857926,123,A06,cross-session,AdaBN
79,4,1,0.0004095570000117732,123,A06,cross-session,AdaBN
80,4,1,0.00039361500000723026,123,A06,cross-session,AdaBN
81,4,1,0.0003934869999966395,123,A06,cross-session,AdaBN
82,4,1,0.0003827890000138723,123,A06,cross-session,AdaBN
83,4,0,0.0004027100000030259,123,A06,cross-session,AdaBN
84,4,1,0.00038925100000142265,123,A06,cross-session,AdaBN
85,4,0,0.0003875830000197311,123,A06,cross-session,AdaBN
86,4,1,0.00041155699989303685,123,A06,cross-session,AdaBN
87,4,0,0.0003896679999115804,123,A06,cross-session,AdaBN
88,4,1,0.00039157300000169926,123,A06,cross-session,AdaBN
89,4,0,0.0003984789999549321,123,A06,cross-session,AdaBN
90,4,0,0.00041042999998808227,123,A06,cross-session,AdaBN
91,4,0,0.00038541599997188314,123,A06,cross-session,AdaBN
92,4,0,0.0003915839999990567,123,A06,cross-session,AdaBN
93,4,1,0.00041541899997810106,123,A06,cross-session,AdaBN
94,4,0,0.0004039069999635103,123,A06,cross-session,AdaBN
95,4,1,0.0003885890000674408,123,A06,cross-session,AdaBN
96,4,1,0.00041301600003862404,123,A06,cross-session,AdaBN
97,4,1,0.0003849500000114858,123,A06,cross-session,AdaBN
98,4,0,0.00038626999992175115,123,A06,cross-session,AdaBN
99,4,0,0.00040683800000351766,123,A06,cross-session,AdaBN
100,4,1,0.00039441900003112096,123,A06,cross-session,AdaBN
101,4,1,0.0004020610000452507,123,A06,cross-session,AdaBN
102,4,1,0.0003926780000256258,123,A06,cross-session,AdaBN
103,4,0,0.0003939529999570368,123,A06,cross-session,AdaBN
104,4,0,0.00037887600001340616,123,A06,cross-session,AdaBN
105,4,1,0.0004012150000107795,123,A06,cross-session,AdaBN
106,4,1,0.00039290799998070725,123,A06,cross-session,AdaBN
107,4,0,0.00039087599998310907,123,A06,cross-session,AdaBN
108,4,1,0.0003799559999606572,123,A06,cross-session,AdaBN
109,4,1,0.00040386800003489043,123,A06,cross-session,AdaBN
110,4,0,0.00040184199997383985,123,A06,cross-session,AdaBN
111,4,1,0.00039975800007141515,123,A06,cross-session,AdaBN
112,4,0,0.0004082960000459934,123,A06,cross-session,AdaBN
113,4,1,0.0003905509998958223,123,A06,cross-session,AdaBN
114,4,1,0.00039595300006567413,123,A06,cross-session,AdaBN
115,4,1,0.0003912670000545404,123,A06,cross-session,AdaBN
116,4,0,0.00040252399992368737,123,A06,cross-session,AdaBN
117,4,0,0.00038455800006431673,123,A06,cross-session,AdaBN
118,4,1,0.00039112100000693317,123,A06,cross-session,AdaBN
119,4,1,0.0003981029999522434,123,A06,cross-session,AdaBN
120,4,0,0.0004075539999348621,123,A06,cross-session,AdaBN
121,4,0,0.0003902949999883276,123,A06,cross-session,AdaBN
122,4,0,0.00040475200000855693,123,A06,cross-session,AdaBN
123,4,0,0.0003871640000170373,123,A06,cross-session,AdaBN
124,4,1,0.000385437999966598,123,A06,cross-session,AdaBN
125,4,0,0.00039662900007897406,123,A06,cross-session,AdaBN
126,4,0,0.00037890900000547845,123,A06,cross-session,AdaBN
127,4,0,0.00041400700001759105,123,A06,cross-session,AdaBN
128,4,0,0.00038401299991619453,123,A06,cross-session,AdaBN
129,4,0,0.0003910689999884198,123,A06,cross-session,AdaBN
130,4,1,0.000384300000064286,123,A06,cross-session,AdaBN
131,4,0,0.0003872069999033556,123,A06,cross-session,AdaBN
132,4,0,0.0003790149999076675,123,A06,cross-session,AdaBN
133,4,1,0.0003769999999576612,123,A06,cross-session,AdaBN
134,4,0,0.00039027499997246196,123,A06,cross-session,AdaBN
135,4,1,0.00037803599991548253,123,A06,cross-session,AdaBN
136,4,0,0.0004042460000164283,123,A06,cross-session,AdaBN
137,4,0,0.00038126100002955354,123,A06,cross-session,AdaBN
138,4,1,0.00039501900005234347,123,A06,cross-session,AdaBN
139,4,1,0.00038284100003238564,123,A06,cross-session,AdaBN
140,4,0,0.000396901000044636,123,A06,cross-session,AdaBN
141,4,1,0.0003971360000605273,123,A06,cross-session,AdaBN
142,4,0,0.00039224299996476475,123,A06,cross-session,AdaBN
143,4,0,0.0003808669999898484,123,A06,cross-session,AdaBN
144,4,0,0.0003752179999310101,123,A06,cross-session,AdaBN
145,4,1,0.0003897899999856236,123,A06,cross-session,AdaBN
146,4,1,0.00037757100005819666,123,A06,cross-session,AdaBN
147,4,1,0.00039191000007576804,123,A06,cross-session,AdaBN
148,4,0,0.0003809359999422668,123,A06,cross-session,AdaBN
149,4,1,0.00039083499996195314,123,A06,cross-session,AdaBN
150,4,1,0.0003787530000636252,123,A06,cross-session,AdaBN
151,4,1,0.00038991799999621435,123,A06,cross-session,AdaBN
152,4,0,0.0003788889999896128,123,A06,cross-session,AdaBN
153,4,0,0.0003735619999361006,123,A06,cross-session,AdaBN
154,4,0,0.00038620699990588037,123,A06,cross-session,AdaBN
155,4,0,0.0003931620000230396,123,A06,cross-session,AdaBN
156,4,0,0.0003966159999890806,123,A06,cross-session,AdaBN
157,4,1,0.0003728130000126839,123,A06,cross-session,AdaBN
158,4,0,0.0003955359999281427,123,A06,cross-session,AdaBN
159,4,1,0.0003944759999967573,123,A06,cross-session,AdaBN
160,4,0,0.0004127570000491687,123,A06,cross-session,AdaBN
161,4,1,0.0003864179999482076,123,A06,cross-session,AdaBN
162,4,0,0.00040830700004335085,123,A06,cross-session,AdaBN
163,4,1,0.00041829899998901965,123,A06,cross-session,AdaBN
164,4,1,0.00038896800003840326,123,A06,cross-session,AdaBN
165,4,0,0.0004075230000353258,123,A06,cross-session,AdaBN
166,4,0,0.0003952829999889218,123,A06,cross-session,AdaBN
167,4,0,0.0004001319999815678,123,A06,cross-session,AdaBN
168,4,1,0.00038049299996600894,123,A06,cross-session,AdaBN
169,4,0,0.0003975690000288523,123,A06,cross-session,AdaBN
170,4,0,0.00038689899997734756,123,A06,cross-session,AdaBN
171,4,0,0.00039572200000748126,123,A06,cross-session,AdaBN
172,4,1,0.00039914299998145,123,A06,cross-session,AdaBN
173,4,1,0.00042548699991584726,123,A06,cross-session,AdaBN
174,4,1,0.0003870430000461056,123,A06,cross-session,AdaBN
175,4,0,0.0003944300000284784,123,A06,cross-session,AdaBN
176,4,1,0.0003943580001077862,123,A06,cross-session,AdaBN
177,4,1,0.00038426699995852687,123,A06,cross-session,AdaBN
178,4,1,0.0004075619999639457,123,A06,cross-session,AdaBN
179,4,0,0.00039678299992829125,123,A06,cross-session,AdaBN
180,4,0,0.0003964260000657305,123,A06,cross-session,AdaBN
181,4,1,0.00038347899999280344,123,A06,cross-session,AdaBN
182,4,0,0.00041344300007040147,123,A06,cross-session,AdaBN
183,4,1,0.000390014999993582,123,A06,cross-session,AdaBN
184,4,0,0.00039224499994361395,123,A06,cross-session,AdaBN
185,4,1,0.0003948529999888706,123,A06,cross-session,AdaBN
186,4,1,0.00038557800007765763,123,A06,cross-session,AdaBN
187,4,0,0.000387968000040928,123,A06,cross-session,AdaBN
188,4,0,0.00041252300002270204,123,A06,cross-session,AdaBN
189,4,1,0.00038469500009341573,123,A06,cross-session,AdaBN
190,4,0,0.0003806020000638455,123,A06,cross-session,AdaBN
191,4,1,0.00042564700004277256,123,A06,cross-session,AdaBN
192,4,0,0.0003803119999474802,123,A06,cross-session,AdaBN
193,4,0,0.0003997820000449792,123,A06,cross-session,AdaBN
194,4,0,0.0003873310000699348,123,A06,cross-session,AdaBN
195,4,1,0.00039420999996764294,123,A06,cross-session,AdaBN
196,4,1,0.0003830150000112553,123,A06,cross-session,AdaBN
197,4,0,0.00040222500001618755,123,A06,cross-session,AdaBN
198,4,1,0.0003926410000758551,123,A06,cross-session,AdaBN
199,4,1,0.00038597200000367593,123,A06,cross-session,AdaBN
200,4,0,0.0003925349999462924,123,A06,cross-session,AdaBN
201,4,0,0.0003854349999983242,123,A06,cross-session,AdaBN
202,4,0,0.00038935899999614776,123,A06,cross-session,AdaBN
203,4,1,0.00041267899996455526,123,A06,cross-session,AdaBN
204,4,1,0.00039414000002579996,123,A06,cross-session,AdaBN
205,4,0,0.0003833150000218666,123,A06,cross-session,AdaBN
206,4,0,0.0004022460000214778,123,A06,cross-session,AdaBN
207,4,1,0.0003783439999551774,123,A06,cross-session,AdaBN
208,4,0,0.00039638700002342375,123,A06,cross-session,AdaBN
209,4,0,0.000384940000003553,123,A06,cross-session,AdaBN
210,4,0,0.00039159900006779935,123,A06,cross-session,AdaBN
211,4,1,0.0003839590000325188,123,A06,cross-session,AdaBN
212,4,0,0.0004026500000691158,123,A06,cross-session,AdaBN
213,4,1,0.00039156700006515166,123,A06,cross-session,AdaBN
214,4,1,0.0003896969999459543,123,A06,cross-session,AdaBN
215,4,0,0.0004001260000450202,123,A06,cross-session,AdaBN
216,4,0,0.00038402199993470276,123,A06,cross-session,AdaBN
217,4,0,0.0003996760000291033,123,A06,cross-session,AdaBN
218,4,0,0.0003837310000562866,123,A06,cross-session,AdaBN
219,4,1,0.00038683699995090137,123,A06,cross-session,AdaBN
220,4,0,0.00037979299997914495,123,A06,cross-session,AdaBN
221,4,1,0.00038024299999506184,123,A06,cross-session,AdaBN
222,4,1,0.0003912309999805075,123,A06,cross-session,AdaBN
223,4,0,0.000378963000002841,123,A06,cross-session,AdaBN
224,4,1,0.00037750100000266684,123,A06,cross-session,AdaBN
225,4,0,0.00038463200007754494,123,A06,cross-session,AdaBN
226,4,1,0.0003905650000888272,123,A06,cross-session,AdaBN
227,4,0,0.0003993830000581511,123,A06,cross-session,AdaBN
228,4,1,0.0003894919999538615,123,A06,cross-session,AdaBN
229,4,1,0.0003825820000429303,123,A06,cross-session,AdaBN
230,4,0,0.0003852510000115217,123,A06,cross-session,AdaBN
231,4,0,0.00039815200000248296,123,A06,cross-session,AdaBN
232,4,1,0.0003823139999212799,123,A06,cross-session,AdaBN
233,4,0,0.0003865430001042114,123,A06,cross-session,AdaBN
234,4,0,0.0003848689999585986,123,A06,cross-session,AdaBN
235,4,1,0.0004024529999924198,123,A06,cross-session,AdaBN
236,4,0,0.00039171100002022285,123,A06,cross-session,AdaBN
237,4,1,0.00041847700003927457,123,A06,cross-session,AdaBN
238,4,1,0.00038270799996098503,123,A06,cross-session,AdaBN
239,4,1,0.0004040390000454863,123,A06,cross-session,AdaBN
240,4,0,0.00037921600005574874,123,A06,cross-session,AdaBN
241,4,1,0.0003885789999458211,123,A06,cross-session,AdaBN
242,4,1,0.0003923909999912212,123,A06,cross-session,AdaBN
243,4,0,0.00038890099995114724,123,A06,cross-session,AdaBN
244,4,1,0.00037999799997123773,123,A06,cross-session,AdaBN
245,4,0,0.0003949880000391204,123,A06,cross-session,AdaBN
246,4,0,0.00039290899997013184,123,A06,cross-session,AdaBN
247,4,1,0.00037662599993382173,123,A06,cross-session,AdaBN
248,4,1,0.0004054070000165666,123,A06,cross-session,AdaBN
249,4,1,0.0003847550000273259,123,A06,cross-session,AdaBN
250,4,0,0.00040338300004805205,123,A06,cross-session,AdaBN
251,4,0,0.000383730000066862,123,A06,cross-session,AdaBN
252,4,1,0.00038220600004024163,123,A06,cross-session,AdaBN
253,4,0,0.0003925020000679069,123,A06,cross-session,AdaBN
254,4,1,0.00041241100007027853,123,A06,cross-session,AdaBN
255,4,1,0.0003870599999800106,123,A06,cross-session,AdaBN
256,4,0,0.0003883100000621198,123,A06,cross-session,AdaBN
257,4,0,0.00038341799995578185,123,A06,cross-session,AdaBN
258,4,1,0.00038710499995886494,123,A06,cross-session,AdaBN
259,4,0,0.0003894779999882303,123,A06,cross-session,AdaBN
260,4,1,0.00040425400004551193,123,A06,cross-session,AdaBN
261,4,0,0.00039374000004954723,123,A06,cross-session,AdaBN
262,4,1,0.0003789880000795165,123,A06,cross-session,AdaBN
263,4,0,0.0004215440000052695,123,A06,cross-session,AdaBN
264,4,1,0.00038663500004076923,123,A06,cross-session,AdaBN
265,4,0,0.00038340800006153586,123,A06,cross-session,AdaBN
266,4,1,0.0003790250000292872,123,A06,cross-session,AdaBN
267,4,0,0.00039399599995704193,123,A06,cross-session,AdaBN
268,4,1,0.0003841600000669132,123,A06,cross-session,AdaBN
269,4,1,0.00037999799997123773,123,A06,cross-session,AdaBN
270,4,1,0.0003864459999931569,123,A06,cross-session,AdaBN
271,4,1,0.0003797849999500613,123,A06,cross-session,AdaBN
272,4,1,0.0003865950000090379,123,A06,cross-session,AdaBN
273,4,0,0.0003843459999188781,123,A06,cross-session,AdaBN
274,4,0,0.00040279199993165093,123,A06,cross-session,AdaBN
275,4,0,0.00038637199997992866,123,A06,cross-session,AdaBN
276,4,1,0.0003837010000324881,123,A06,cross-session,AdaBN
277,4,1,0.000387188999980026,123,A06,cross-session,AdaBN
278,4,0,0.00038278699992133625,123,A06,cross-session,AdaBN
279,4,0,0.00041013800000655465,123,A06,cross-session,AdaBN
280,4,1,0.0003927770000018427,123,A06,cross-session,AdaBN
281,4,1,0.0003929890000335945,123,A06,cross-session,AdaBN
282,4,0,0.0003900780000094528,123,A06,cross-session,AdaBN
283,4,0,0.00040064400002393086,123,A06,cross-session,AdaBN
284,4,0,0.0003854600000749997,123,A06,cross-session,AdaBN
285,4,1,0.0004017080000267015,123,A06,cross-session,AdaBN
286,4,1,0.0003878510000276947,123,A06,cross-session,AdaBN
287,4,0,0.00039103300002807373,123,A06,cross-session,AdaBN
0,1,1,0.0005617589999928896,123,A07,cross-session,AdaBN
1,2,0,0.00048590800008696533,123,A07,cross-session,AdaBN
2,3,1,0.00047843799995916925,123,A07,cross-session,AdaBN
3,4,0,0.0004905179999923348,123,A07,cross-session,AdaBN
4,4,1,0.0004727279999769962,123,A07,cross-session,AdaBN
5,4,1,0.00043964300004972756,123,A07,cross-session,AdaBN
6,4,1,0.0004378819999146799,123,A07,cross-session,AdaBN
7,4,1,0.0004118780000226252,123,A07,cross-session,AdaBN
8,4,0,0.00045758299995668494,123,A07,cross-session,AdaBN
9,4,1,0.00048051099997792335,123,A07,cross-session,AdaBN
10,4,1,0.00046746599991820403,123,A07,cross-session,AdaBN
11,4,1,0.00048226399997020053,123,A07,cross-session,AdaBN
12,4,1,0.0004639669999733087,123,A07,cross-session,AdaBN
13,4,0,0.0004787310000438083,123,A07,cross-session,AdaBN
14,4,1,0.00046003900001778675,123,A07,cross-session,AdaBN
15,4,0,0.00047818999996707134,123,A07,cross-session,AdaBN
16,4,0,0.0004568309999513076,123,A07,cross-session,AdaBN
17,4,1,0.0004303189999745882,123,A07,cross-session,AdaBN
18,4,0,0.000417651000020669,123,A07,cross-session,AdaBN
19,4,1,0.00043053699994288763,123,A07,cross-session,AdaBN
20,4,0,0.00040826500003277033,123,A07,cross-session,AdaBN
21,4,1,0.00043975200003387727,123,A07,cross-session,AdaBN
22,4,1,0.0004181809999863617,123,A07,cross-session,AdaBN
23,4,1,0.00043728400009968027,123,A07,cross-session,AdaBN
24,4,0,0.00044948599997951533,123,A07,cross-session,AdaBN
25,4,0,0.0004504529999849183,123,A07,cross-session,AdaBN
26,4,1,0.0004210250000369342,123,A07,cross-session,AdaBN
27,4,0,0.00043746500000452215,123,A07,cross-session,AdaBN
28,4,1,0.00042739400009850215,123,A07,cross-session,AdaBN
29,4,1,0.000457953000022826,123,A07,cross-session,AdaBN
30,4,1,0.0004580859999805398,123,A07,cross-session,AdaBN
31,4,0,0.0004438209999761966,123,A07,cross-session,AdaBN
32,4,0,0.00046324699997057905,123,A07,cross-session,AdaBN
33,4,0,0.0005813160000798234,123,A07,cross-session,AdaBN
34,4,1,0.00048764300004222605,123,A07,cross-session,AdaBN
35,4,0,0.00045896299991454725,123,A07,cross-session,AdaBN
36,4,0,0.00047384700008024083,123,A07,cross-session,AdaBN
37,4,1,0.0004850649999070811,123,A07,cross-session,AdaBN
38,4,0,0.00047428200002741505,123,A07,cross-session,AdaBN
39,4,0,0.00045262599996931385,123,A07,cross-session,AdaBN
40,4,1,0.0004392050000205927,123,A07,cross-session,AdaBN
41,4,0,0.0004711640000323314,123,A07,cross-session,AdaBN
42,4,1,0.00043014000004859554,123,A07,cross-session,AdaBN
43,4,0,0.00043155499997737934,123,A07,cross-session,AdaBN
44,4,1,0.0004151580000097965,123,A07,cross-session,AdaBN
45,4,0,0.0004246830000056434,123,A07,cross-session,AdaBN
46,4,0,0.0004138730000704527,123,A07,cross-session,AdaBN
47,4,1,0.00041148799994061847,123,A07,cross-session,AdaBN
48,4,0,0.0004290379999929428,123,A07,cross-session,AdaBN
49,4,0,0.0003899280000041472,123,A07,cross-session,AdaBN
50,4,0,0.0004098069999827203,123,A07,cross-session,AdaBN
51,4,0,0.0004131129999223049,123,A07,cross-session,AdaBN
52,4,0,0.00041663800004698714,123,A07,cross-session,AdaBN
53,4,1,0.0003992790000211244,123,A07,cross-session,AdaBN
54,4,1,0.00047126100002969906,123,A07,cross-session,AdaBN
55,4,0,0.0004714149999927031,123,A07,cross-session,AdaBN
56,4,0,0.0004624959999546263,123,A07,cross-session,AdaBN
57,4,0,0.00046725300001071446,123,A07,cross-session,AdaBN
58,4,1,0.0004478579999158683,123,A07,cross-session,AdaBN
59,4,1,0.00048366300006819074,123,A07,cross-session,AdaBN
60,4,1,0.00045459399996161665,123,A07,cross-session,AdaBN
61,4,0,0.00048145799996746064,123,A07,cross-session,AdaBN
62,4,0,0.00045451200003299164,123,A07,cross-session,AdaBN
63,4,1,0.00047049099998730526,123,A07,cross-session,AdaBN
64,4,1,0.00043935500002589833,123,A07,cross-session,AdaBN
65,4,1,0.00047466900002746115,123,A07,cross-session,AdaBN
66,4,0,0.000446408000016163,123,A07,cross-session,AdaBN
67,4,1,0.0004765170000382568,123,A07,cross-session,AdaBN
68,4,1,0.000483196000004682,123,A07,cross-session,AdaBN
69,4,0,0.0004816809999965699,123,A07,cross-session,AdaBN
70,4,1,0.00047954900003333023,123,A07,cross-session,AdaBN
71,4,0,0.00046229300005506957,123,A07,cross-session,AdaBN
72,4,0,0.0004556259999617396,123,A07,cross-session,AdaBN
73,4,1,0.00043754299997544877,123,A07,cross-session,AdaBN
74,4,1,0.00044674899993424333,123,A07,cross-session,AdaBN
75,4,1,0.0004251029999977618,123,A07,cross-session,AdaBN
76,4,1,0.00043914900004438095,123,A07,cross-session,AdaBN
77,4,1,0.00046348900002612936,123,A07,cross-session,AdaBN
78,4,1,0.0004819830000997172,123,A07,cross-session,AdaBN
79,4,0,0.00045255700001689547,123,A07,cross-session,AdaBN
80,4,0,0.0004731209999135899,123,A07,cross-session,AdaBN
81,4,0,0.00047389400003794435,123,A07,cross-session,AdaBN
82,4,0,0.0004954570000563763,123,A07,cross-session,AdaBN
83,4,1,0.0004802780000545681,123,A07,cross-session,AdaBN
84,4,0,0.00045452999995632126,123,A07,cross-session,AdaBN
85,4,0,0.0004191719999653287,123,A07,cross-session,AdaBN
86,4,1,0.00039711700003408623,123,A07,cross-session,AdaBN
87,4,0,0.0004363830000784219,123,A07,cross-session,AdaBN
88,4,0,0.0004066010000087772,123,A07,cross-session,AdaBN
89,4,0,0.00040742300006968435,123,A07,cross-session,AdaBN
90,4,1,0.00039306099995428667,123,A07,cross-session,AdaBN
91,4,0,0.00037384999995992985,123,A07,cross-session,AdaBN
92,4,0,0.00043974900006560347,123,A07,cross-session,AdaBN
93,4,0,0.00042043700000249373,123,A07,cross-session,AdaBN
94,4,1,0.0004199689999495604,123,A07,cross-session,AdaBN
95,4,0,0.0004140999999435735,123,A07,cross-session,AdaBN
96,4,1,0.0004208370000924333,123,A07,cross-session,AdaBN
97,4,0,0.00039869300007921993,123,A07,cross-session,AdaBN
98,4,0,0.0004164959999570783,123,A07,cross-session,AdaBN
99,4,1,0.0003975950000949524,123,A07,cross-session,AdaBN
100,4,1,0.00043831000004956877,123,A07,cross-session,AdaBN
101,4,1,0.0004027769999765951,123,A07,cross-session,AdaBN
102,4,0,0.0004136029999699531,123,A07,cross-session,AdaBN
103,4,0,0.00039654899990182457,123,A07,cross-session,AdaBN
104,4,0,0.0004189420000102473,123,A07,cross-session,AdaBN
105,4,0,0.00039901900004224444,123,A07,cross-session,AdaBN
106,4,1,0.00041104700005689665,123,A07,cross-session,AdaBN
107,4,0,0.00041453000005731155,123,A07,cross-session,AdaBN
108,4,0,0.0004129330000068876,123,A07,cross-session,AdaBN
109,4,0,0.00040451699999266566,123,A07,cross-session,AdaBN
110,4,0,0.0004372019999436816,123,A07,cross-session,AdaBN
111,4,0,0.00040990699994836177,123,A07,cross-session,AdaBN
112,4,0,0.0004102629999351848,123,A07,cross-session,AdaBN
113,4,1,0.0004149110000071232,123,A07,cross-session,AdaBN
114,4,0,0.0003777540000555746,123,A07,cross-session,AdaBN
115,4,0,0.00040712399993481085,123,A07,cross-session,AdaBN
116,4,1,0.0003652589999774136,123,A07,cross-session,AdaBN
117,4,0,0.00040429700004551705,123,A07,cross-session,AdaBN
118,4,0,0.00037459499992564815,123,A07,cross-session,AdaBN
119,4,0,0.0003862660000777396,123,A07,cross-session,AdaBN
120,4,0,0.0003948450000734738,123,A07,cross-session,AdaBN
121,4,0,0.0004103740000118705,123,A07,cross-session,AdaBN
122,4,1,0.0004048750000720247,123,A07,cross-session,AdaBN
123,4,0,0.00041204699994068505,123,A07,cross-session,AdaBN
124,4,1,0.00040503800005353696,123,A07,cross-session,AdaBN
125,4,1,0.00041146500007016584,123,A07,cross-session,AdaBN
126,4,1,0.0004119730000411437,123,A07,cross-session,AdaBN
127,4,1,0.00038471799996386835,123,A07,cross-session,AdaBN
128,4,1,0.0004057049999346418,123,A07,cross-session,AdaBN
129,4,1,0.00040985700002238445,123,A07,cross-session,AdaBN
130,4,0,0.0004055639999478444,123,A07,cross-session,AdaBN
131,4,0,0.0003858530000115934,123,A07,cross-session,AdaBN
132,4,1,0.0004153709999172861,123,A07,cross-session,AdaBN
133,4,0,0.0003927710000652951,123,A07,cross-session,AdaBN
134,4,1,0.0004256280000163315,123,A07,cross-session,AdaBN
135,4,1,0.0004002760000503258,123,A07,cross-session,AdaBN
136,4,0,0.00042210300000533607,123,A07,cross-session,AdaBN
137,4,0,0.0004020260000743292,123,A07,cross-session,AdaBN
138,4,0,0.00040758399995866057,123,A07,cross-session,AdaBN
139,4,1,0.00041298700000425015,123,A07,cross-session,AdaBN
140,4,0,0.00041066300002512435,123,A07,cross-session,AdaBN
141,4,1,0.0004040779999741062,123,A07,cross-session,AdaBN
142,4,1,0.0004130710000254112,123,A07,cross-session,AdaBN
143,4,1,0.00040992000003825524,123,A07,cross-session,AdaBN
144,4,0,0.0004083229999878313,123,A07,cross-session,AdaBN
145,4,1,0.00041230300007555343,123,A07,cross-session,AdaBN
146,4,0,0.0003982059999998455,123,A07,cross-session,AdaBN
147,4,1,0.0004107859999749053,123,A07,cross-session,AdaBN
148,4,1,0.00038957999993272097,123,A07,cross-session,AdaBN
149,4,1,0.0004171150000047419,123,A07,cross-session,AdaBN
150,4,1,0.0004297819999692365,123,A07,cross-session,AdaBN
151,4,1,0.0004249349999554397,123,A07,cross-session,AdaBN
152,4,0,0.0004191969999283174,123,A07,cross-session,AdaBN
153,4,0,0.0004199690000632472,123,A07,cross-session,AdaBN
154,4,0,0.000414202000001751,123,A07,cross-session,AdaBN
155,4,1,0.00043063700002221594,123,A07,cross-session,AdaBN
156,4,1,0.0004339710000067498,123,A07,cross-session,AdaBN
157,4,1,0.00044647499998973217,123,A07,cross-session,AdaBN
158,4,0,0.0004281530000298517,123,A07,cross-session,AdaBN
159,4,0,0.0004363329999250709,123,A07,cross-session,AdaBN
160,4,0,0.0004211680000025808,123,A07,cross-session,AdaBN
161,4,0,0.00041484899998067704,123,A07,cross-session,AdaBN
162,4,1,0.00039567700002862694,123,A07,cross-session,AdaBN
163,4,0,0.00041703699992012844,123,A07,cross-session,AdaBN
164,4,1,0.0004037470000639587,123,A07,cross-session,AdaBN
165,4,1,0.00041495999994367594,123,A07,cross-session,AdaBN
166,4,1,0.0004114309999749821,123,A07,cross-session,AdaBN
167,4,0,0.0004162129999940589,123,A07,cross-session,AdaBN
168,4,1,0.00040718299999298324,123,A07,cross-session,AdaBN
169,4,1,0.0004151489999912883,123,A07,cross-session,AdaBN
170,4,0,0.0004052980000324169,123,A07,cross-session,AdaBN
171,4,1,0.0004100979999748233,123,A07,cross-session,AdaBN
172,4,0,0.0003985040000316076,123,A07,cross-session,AdaBN
173,4,1,0.00043043699997724616,123,A07,cross-session,AdaBN
174,4,1,0.00040932800004611636,123,A07,cross-session,AdaBN
175,4,1,0.0004080050000538904,123,A07,cross-session,AdaBN
176,4,1,0.0004088760000513503,123,A07,cross-session,AdaBN
177,4,0,0.00040905299999849376,123,A07,cross-session,AdaBN
178,4,0,0.0004025299999739218,123,A07,cross-session,AdaBN
179,4,0,0.0004161030000204846,123,A07,cross-session,AdaBN
180,4,1,0.00041741600000477774,123,A07,cross-session,AdaBN
181,4,0,0.00040696999997180683,123,A07,cross-session,AdaBN
182,4,1,0.00041495799996482674,123,A07,cross-session,AdaBN
183,4,0,0.00040496400004030875,123,A07,cross-session,AdaBN
184,4,1,0.0004143090000070515,123,A07,cross-session,AdaBN
185,4,1,0.00039890800007924554,123,A07,cross-session,AdaBN
186,4,0,0.00042096399999991263,123,A07,cross-session,AdaBN
187,4,1,0.00040862200000901794,123,A07,cross-session,AdaBN
188,4,0,0.00042586600000049657,123,A07,cross-session,AdaBN
189,4,0,0.0004060169999320351,123,A07,cross-session,AdaBN
190,4,1,0.0004116600000543258,123,A07,cross-session,AdaBN
191,4,1,0.00040637300003254495,123,A07,cross-session,AdaBN
192,4,0,0.000421290000076624,123,A07,cross-session,AdaBN
193,4,1,0.00047710799992728425,123,A07,cross-session,AdaBN
194,4,1,0.0004360410000572301,123,A07,cross-session,AdaBN
195,4,0,0.000417287999994187,123,A07,cross-session,AdaBN
196,4,1,0.0004167429999597516,123,A07,cross-session,AdaBN
197,4,0,0.000402652000047965,123,A07,cross-session,AdaBN
198,4,1,0.000409762000003866,123,A07,cross-session,AdaBN
199,4,1,0.0004081619999851682,123,A07,cross-session,AdaBN
200,4,1,0.00042252599996572826,123,A07,cross-session,AdaBN
201,4,0,0.000398305999965487,123,A07,cross-session,AdaBN
202,4,0,0.0003982670000368671,123,A07,cross-session,AdaBN
203,4,0,0.0004118829999697482,123,A07,cross-session,AdaBN
204,4,0,0.0003958769999599099,123,A07,cross-session,AdaBN
205,4,1,0.0004375820000177555,123,A07,cross-session,AdaBN
206,4,1,0.00041730700002062804,123,A07,cross-session,AdaBN
207,4,1,0.0004467900000690861,123,A07,cross-session,AdaBN
208,4,0,0.00041609199990944035,123,A07,cross-session,AdaBN
209,4,0,0.00044238999998924555,123,A07,cross-session,AdaBN
210,4,1,0.00040426800001114316,123,A07,cross-session,AdaBN
211,4,1,0.0004241850000425984,123,A07,cross-session,AdaBN
212,4,1,0.00041240399991693266,123,A07,cross-session,AdaBN
213,4,0,0.000409138999998504,123,A07,cross-session,AdaBN
214,4,1,0.0003918720000228859,123,A07,cross-session,AdaBN
215,4,0,0.0004099840000435506,123,A07,cross-session,AdaBN
216,4,1,0.000389024000014615,123,A07,cross-session,AdaBN
217,4,0,0.0003983630000448102,123,A07,cross-session,AdaBN
218,4,0,0.00038455800006431673,123,A07,cross-session,AdaBN
219,4,0,0.00041938300000765594,123,A07,cross-session,AdaBN
220,4,0,0.0003824539999186527,123,A07,cross-session,AdaBN
221,4,0,0.00040334300001632073,123,A07,cross-session,AdaBN
222,4,1,0.0004218670000000202,123,A07,cross-session,AdaBN
223,4,1,0.0004592430000229797,123,A07,cross-session,AdaBN
224,4,1,0.0004096999999774198,123,A07,cross-session,AdaBN
225,4,1,0.0003991269999232827,123,A07,cross-session,AdaBN
226,4,1,0.00043312900004366384,123,A07,cross-session,AdaBN
227,4,1,0.0003988939999999275,123,A07,cross-session,AdaBN
228,4,1,0.0003965399999970032,123,A07,cross-session,AdaBN
229,4,1,0.00039423600003374304,123,A07,cross-session,AdaBN
230,4,1,0.00040849399999842717,123,A07,cross-session,AdaBN
231,4,0,0.0004005319999578205,123,A07,cross-session,AdaBN
232,4,0,0.00041320200000427576,123,A07,cross-session,AdaBN
233,4,0,0.00039718800007904065,123,A07,cross-session,AdaBN
234,4,0,0.00041769799997837254,123,A07,cross-session,AdaBN
235,4,1,0.00039428599995972036,123,A07,cross-session,AdaBN
236,4,0,0.00042208400009258185,123,A07,cross-session,AdaBN
237,4,0,0.0004043400000455222,123,A07,cross-session,AdaBN
238,4,0,0.00040553600001658197,123,A07,cross-session,AdaBN
239,4,0,0.00041383500001757056,123,A07,cross-session,AdaBN
240,4,1,0.000427846999969006,123,A07,cross-session,AdaBN
241,4,1,0.00040240999999241467,123,A07,cross-session,AdaBN
242,4,0,0.000400068999965697,123,A07,cross-session,AdaBN
243,4,1,0.0004089930000645836,123,A07,cross-session,AdaBN
244,4,1,0.0003871689999641603,123,A07,cross-session,AdaBN
245,4,0,0.0004031930000110151,123,A07,cross-session,AdaBN
246,4,1,0.00040127199997641583,123,A07,cross-session,AdaBN
247,4,0,0.0004103029999669161,123,A07,cross-session,AdaBN
248,4,1,0.00039445300001261785,123,A07,cross-session,AdaBN
249,4,0,0.0004145489999700658,123,A07,cross-session,AdaBN
250,4,1,0.00040166500002669636,123,A07,cross-session,AdaBN
251,4,0,0.00042287799999485287,123,A07,cross-session,AdaBN
252,4,1,0.00041474800002561096,123,A07,cross-session,AdaBN
253,4,1,0.00041316199997254444,123,A07,cross-session,AdaBN
254,4,0,0.00039661199991769536,123,A07,cross-session,AdaBN
255,4,1,0.0004288950000272962,123,A07,cross-session,AdaBN
256,4,1,0.0003956749999360909,123,A07,cross-session,AdaBN
257,4,0,0.00042407399996591266,123,A07,cross-session,AdaBN
258,4,0,0.0003869199999826378,123,A07,cross-session,AdaBN
259,4,0,0.00041549799993845227,123,A07,cross-session,AdaBN
260,4,1,0.0004142049999700248,123,A07,cross-session,AdaBN
261,4,0,0.0004080400000248119,123,A07,cross-session,AdaBN
262,4,1,0.0004208820000712876,123,A07,cross-session,AdaBN
263,4,0,0.0004150459999436862,123,A07,cross-session,AdaBN
264,4,0,0.00042818199995053874,123,A07,cross-session,AdaBN
265,4,1,0.00040627599992149044,123,A07,cross-session,AdaBN
266,4,1,0.0004254229999105519,123,A07,cross-session,AdaBN
267,4,1,0.0004144079999832684,123,A07,cross-session,AdaBN
268,4,1,0.0004130109999778142,123,A07,cross-session,AdaBN
269,4,1,0.0004287840000642973,123,A07,cross-session,AdaBN
270,4,0,0.00039903999993384787,123,A07,cross-session,AdaBN
271,4,1,0.00039205200005199003,123,A07,cross-session,AdaBN
272,4,0,0.00042211500010580494,123,A07,cross-session,AdaBN
273,4,1,0.0003903209999407409,123,A07,cross-session,AdaBN
274,4,1,0.0004696199999898454,123,A07,cross-session,AdaBN
275,4,1,0.0003898069999195286,123,A07,cross-session,AdaBN
276,4,0,0.00041931999999178515,123,A07,cross-session,AdaBN
277,4,1,0.0004051700000218261,123,A07,cross-session,AdaBN
278,4,1,0.0004055169999901409,123,A07,cross-session,AdaBN
279,4,0,0.0003964449999784847,123,A07,cross-session,AdaBN
280,4,0,0.0004193099999838523,123,A07,cross-session,AdaBN
281,4,0,0.0003962419999652411,123,A07,cross-session,AdaBN
282,4,1,0.0004143070000282023,123,A07,cross-session,AdaBN
283,4,0,0.0003995990000476013,123,A07,cross-session,AdaBN
284,4,1,0.00040411200006928993,123,A07,cross-session,AdaBN
285,4,0,0.00039530300000478746,123,A07,cross-session,AdaBN
286,4,1,0.00040538300004300254,123,A07,cross-session,AdaBN
287,4,0,0.00039209900000969355,123,A07,cross-session,AdaBN
0,1,0,0.0006415670000023965,123,A08,cross-session,AdaBN
1,2,1,0.0005168289999346598,123,A08,cross-session,AdaBN
2,3,1,0.0005046599999332102,123,A08,cross-session,AdaBN
3,4,1,0.00048216699997283285,123,A08,cross-session,AdaBN
4,4,1,0.00043754399996487336,123,A08,cross-session,AdaBN
5,4,1,0.00040837500000634464,123,A08,cross-session,AdaBN
6,4,1,0.00041868300002079195,123,A08,cross-session,AdaBN
7,4,0,0.0004830889999993815,123,A08,cross-session,AdaBN
8,4,1,0.0004258300000401505,123,A08,cross-session,AdaBN
9,4,0,0.0004405539999652319,123,A08,cross-session,AdaBN
10,4,1,0.0006170500000735046,123,A08,cross-session,AdaBN
11,4,1,0.0005210980000356358,123,A08,cross-session,AdaBN
12,4,1,0.00048750999997082545,123,A08,cross-session,AdaBN
13,4,1,0.00045050699998228083,123,A08,cross-session,AdaBN
14,4,0,0.000465479000013147,123,A08,cross-session,AdaBN
15,4,1,0.0004437769999867669,123,A08,cross-session,AdaBN
16,4,1,0.00045749900004921074,123,A08,cross-session,AdaBN
17,4,1,0.000426439999955619,123,A08,cross-session,AdaBN
18,4,1,0.00047277999999550957,123,A08,cross-session,AdaBN
19,4,0,0.00045334900005400414,123,A08,cross-session,AdaBN
20,4,0,0.0004648389999601932,123,A08,cross-session,AdaBN
21,4,1,0.00047164399995835993,123,A08,cross-session,AdaBN
22,4,1,0.0004933200000323268,123,A08,cross-session,AdaBN
23,4,0,0.0004929409999476775,123,A08,cross-session,AdaBN
24,4,0,0.000482633000046917,123,A08,cross-session,AdaBN
25,4,1,0.00047195600006944005,123,A08,cross-session,AdaBN
26,4,0,0.0004643129999521989,123,A08,cross-session,AdaBN
27,4,0,0.0004627260000233946,123,A08,cross-session,AdaBN
28,4,0,0.00044186299999182665,123,A08,cross-session,AdaBN
29,4,0,0.0004677659999288153,123,A08,cross-session,AdaBN
30,4,1,0.00044220000006589544,123,A08,cross-session,AdaBN
31,4,1,0.00046658899998419656,123,A08,cross-session,AdaBN
32,4,1,0.00044128099989393377,123,A08,cross-session,AdaBN
33,4,1,0.0004692320000003747,123,A08,cross-session,AdaBN
34,4,1,0.00044585900002402923,123,A08,cross-session,AdaBN
35,4,1,0.0004688299999315859,123,A08,cross-session,AdaBN
36,4,1,0.00046124499999677937,123,A08,cross-session,AdaBN
37,4,1,0.000498611000011806,123,A08,cross-session,AdaBN
38,4,1,0.0004923300000427844,123,A08,cross-session,AdaBN
39,4,0,0.0004542240000091624,123,A08,cross-session,AdaBN
40,4,0,0.0004580979999673218,123,A08,cross-session,AdaBN
41,4,1,0.0004264719999582667,123,A08,cross-session,AdaBN
42,4,1,0.0004026500000691158,123,A08,cross-session,AdaBN
43,4,0,0.0003900179999618558,123,A08,cross-session,AdaBN
44,4,1,0.00039983299996038113,123,A08,cross-session,AdaBN
45,4,0,0.0003830499999821768,123,A08,cross-session,AdaBN
46,4,1,0.0003994819999206811,123,A08,cross-session,AdaBN
47,4,0,0.0004087559999561563,123,A08,cross-session,AdaBN
48,4,0,0.0003681109999433829,123,A08,cross-session,AdaBN
49,4,1,0.00040188599996326957,123,A08,cross-session,AdaBN
50,4,1,0.0003931849998934922,123,A08,cross-session,AdaBN
51,4,1,0.0004082110000354078,123,A08,cross-session,AdaBN
52,4,1,0.0003940209999200306,123,A08,cross-session,AdaBN
53,4,1,0.0004025950000823286,123,A08,cross-session,AdaBN
54,4,1,0.0003732010000021546,123,A08,cross-session,AdaBN
55,4,0,0.00039620799998374423,123,A08,cross-session,AdaBN
56,4,0,0.00035929199998463446,123,A08,cross-session,AdaBN
57,4,1,0.0004184580000128335,123,A08,cross-session,AdaBN
58,4,1,0.0003676329999962036,123,A08,cross-session,AdaBN
59,4,0,0.0003615589999981239,123,A08,cross-session,AdaBN
60,4,0,0.0004108690000066417,123,A08,cross-session,AdaBN
61,4,1,0.0003919859999541586,123,A08,cross-session,AdaBN
62,4,1,0.00042603899998994166,123,A08,cross-session,AdaBN
63,4,1,0.0003755510000473805,123,A08,cross-session,AdaBN
64,4,1,0.0004005590000133452,123,A08,cross-session,AdaBN
65,4,1,0.00040620300001137366,123,A08,cross-session,AdaBN
66,4,1,0.0004018460000452251,123,A08,cross-session,AdaBN
67,4,0,0.00037633500005540554,123,A08,cross-session,AdaBN
68,4,1,0.0003804069999659987,123,A08,cross-session,AdaBN
69,4,1,0.0004014290000213805,123,A08,cross-session,AdaBN
70,4,1,0.0003714879999279219,123,A08,cross-session,AdaBN
71,4,1,0.00042435499995008286,123,A08,cross-session,AdaBN
72,4,1,0.0003756889999522173,123,A08,cross-session,AdaBN
73,4,1,0.0004069169999638689,123,A08,cross-session,AdaBN
74,4,1,0.00038527799995335954,123,A08,cross-session,AdaBN
75,4,1,0.00042567500008772186,123,A08,cross-session,AdaBN
76,4,1,0.00038679299996147165,123,A08,cross-session,AdaBN
77,4,1,0.0004081179999957385,123,A08,cross-session,AdaBN
78,4,1,0.00039723399993363273,123,A08,cross-session,AdaBN
79,4,1,0.00039737299994158093,123,A08,cross-session,AdaBN
80,4,1,0.00040271200009556196,123,A08,cross-session,AdaBN
81,4,0,0.00040391899995029235,123,A08,cross-session,AdaBN
82,4,1,0.00039010099999359227,123,A08,cross-session,AdaBN
83,4,0,0.0003895429999829503,123,A08,cross-session,AdaBN
84,4,1,0.000395568999920215,123,A08,cross-session,AdaBN
85,4,0,0.00038706200007254665,123,A08,cross-session,AdaBN
86,4,1,0.0004168039999967732,123,A08,cross-session,AdaBN
87,4,0,0.00039309699991463276,123,A08,cross-session,AdaBN
88,4,0,0.00040046300000540214,123,A08,cross-session,AdaBN
89,4,0,0.00039061799998307833,123,A08,cross-session,AdaBN
90,4,0,0.00039896099997349666,123,A08,cross-session,AdaBN
91,4,0,0.0003917530000308034,123,A08,cross-session,AdaBN
92,4,1,0.00041823499998372426,123,A08,cross-session,AdaBN
93,4,1,0.00040097499993407837,123,A08,cross-session,AdaBN
94,4,0,0.00039685000001554727,123,A08,cross-session,AdaBN
95,4,0,0.00040176699997118703,123,A08,cross-session,AdaBN
96,4,1,0.0004033699999581586,123,A08,cross-session,AdaBN
97,4,0,0.0004494439999689348,123,A08,cross-session,AdaBN
98,4,1,0.00040272299997923255,123,A08,cross-session,AdaBN
99,4,1,0.0003978060000235928,123,A08,cross-session,AdaBN
100,4,1,0.00044979900008002005,123,A08,cross-session,AdaBN
101,4,0,0.0004182420000233833,123,A08,cross-session,AdaBN
102,4,1,0.00041168200004904065,123,A08,cross-session,AdaBN
103,4,0,0.00042798099991614436,123,A08,cross-session,AdaBN
104,4,1,0.0003899899999169065,123,A08,cross-session,AdaBN
105,4,1,0.0004439179999735643,123,A08,cross-session,AdaBN
106,4,1,0.0004008729999895877,123,A08,cross-session,AdaBN
107,4,0,0.0004445160000159376,123,A08,cross-session,AdaBN
108,4,0,0.00039181400006782496,123,A08,cross-session,AdaBN
109,4,1,0.00040802299997722,123,A08,cross-session,AdaBN
110,4,0,0.00041303000000425527,123,A08,cross-session,AdaBN
111,4,0,0.00043005299994547386,123,A08,cross-session,AdaBN
112,4,1,0.0003935800000363088,123,A08,cross-session,AdaBN
113,4,1,0.00042768799994519213,123,A08,cross-session,AdaBN
114,4,1,0.00040378099993176875,123,A08,cross-session,AdaBN
115,4,1,0.0004025230000479496,123,A08,cross-session,AdaBN
116,4,1,0.00038581100000101287,123,A08,cross-session,AdaBN
117,4,1,0.0004191709999759041,123,A08,cross-session,AdaBN
118,4,1,0.0003891019999855416,123,A08,cross-session,AdaBN
119,4,1,0.0005314740000130769,123,A08,cross-session,AdaBN
120,4,0,0.0004524339999534277,123,A08,cross-session,AdaBN
121,4,1,0.00046004799992260814,123,A08,cross-session,AdaBN
122,4,1,0.0005397439999796916,123,A08,cross-session,AdaBN
123,4,1,0.0005817530000058468,123,A08,cross-session,AdaBN
124,4,1,0.0004560989999617959,123,A08,cross-session,AdaBN
125,4,0,0.00044878100004552834,123,A08,cross-session,AdaBN
126,4,1,0.00042263599993930256,123,A08,cross-session,AdaBN
127,4,1,0.00040239400004793424,123,A08,cross-session,AdaBN
128,4,0,0.0004034990000718608,123,A08,cross-session,AdaBN
129,4,1,0.0004197270000076969,123,A08,cross-session,AdaBN
130,4,0,0.00040887000000111584,123,A08,cross-session,AdaBN
131,4,0,0.0004001139999445513,123,A08,cross-session,AdaBN
132,4,1,0.0005019599999513957,123,A08,cross-session,AdaBN
133,4,0,0.0004669579999472262,123,A08,cross-session,AdaBN
134,4,1,0.00043099000004076515,123,A08,cross-session,AdaBN
135,4,1,0.00042420500005846407,123,A08,cross-session,AdaBN
136,4,1,0.0004053610000482877,123,A08,cross-session,AdaBN
137,4,1,0.0004138179999699787,123,A08,cross-session,AdaBN
138,4,0,0.0004093799999509429,123,A08,cross-session,AdaBN
139,4,1,0.0004063160000669086,123,A08,cross-session,AdaBN
140,4,0,0.00041783400001804694,123,A08,cross-session,AdaBN
141,4,0,0.0003987470000765825,123,A08,cross-session,AdaBN
142,4,1,0.00038812599996163044,123,A08,cross-session,AdaBN
143,4,1,0.0004641770000262113,123,A08,cross-session,AdaBN
144,4,0,0.00044111800002610835,123,A08,cross-session,AdaBN
145,4,1,0.0004890879999948083,123,A08,cross-session,AdaBN
146,4,1,0.0005619139999453182,123,A08,cross-session,AdaBN
147,4,0,0.00041031700004623417,123,A08,cross-session,AdaBN
148,4,1,0.00043105400004606054,123,A08,cross-session,AdaBN
149,4,1,0.0004022809999923993,123,A08,cross-session,AdaBN
150,4,1,0.00041074599994317396,123,A08,cross-session,AdaBN
151,4,1,0.0004010259999631671,123,A08,cross-session,AdaBN
152,4,0,0.0003988309999840567,123,A08,cross-session,AdaBN
153,4,1,0.0004019550000293748,123,A08,cross-session,AdaBN
154,4,1,0.000425027999995109,123,A08,cross-session,AdaBN
155,4,1,0.0004080899999507892,123,A08,cross-session,AdaBN
156,4,0,0.0003986250000025393,123,A08,cross-session,AdaBN
157,4,0,0.00040201599995270954,123,A08,cross-session,AdaBN
158,4,1,0.0003905280000253697,123,A08,cross-session,AdaBN
159,4,0,0.0004905219999500332,123,A08,cross-session,AdaBN
160,4,1,0.0004578730000730502,123,A08,cross-session,AdaBN
161,4,1,0.0004981839999800286,123,A08,cross-session,AdaBN
162,4,1,0.00041203900002528826,123,A08,cross-session,AdaBN
163,4,0,0.0004098960000646912,123,A08,cross-session,AdaBN
164,4,1,0.000413643999991109,123,A08,cross-session,AdaBN
165,4,1,0.0004202850000183389,123,A08,cross-session,AdaBN
166,4,0,0.0004065029999082981,123,A08,cross-session,AdaBN
167,4,1,0.0004200839999839445,123,A08,cross-session,AdaBN
168,4,0,0.0003900000000385262,123,A08,cross-session,AdaBN
169,4,1,0.00041161499996178463,123,A08,cross-session,AdaBN
170,4,0,0.0004092350000064471,123,A08,cross-session,AdaBN
171,4,0,0.0005015960000491759,123,A08,cross-session,AdaBN
172,4,1,0.00040537199993195827,123,A08,cross-session,AdaBN
173,4,1,0.0005110399999921356,123,A08,cross-session,AdaBN
174,4,1,0.0004231010000239621,123,A08,cross-session,AdaBN
175,4,1,0.0004171390000919928,123,A08,cross-session,AdaBN
176,4,1,0.00043680599992512725,123,A08,cross-session,AdaBN
177,4,1,0.0004401820000339285,123,A08,cross-session,AdaBN
178,4,0,0.0004109660000040094,123,A08,cross-session,AdaBN
179,4,0,0.0004354179999381813,123,A08,cross-session,AdaBN
180,4,1,0.000390633000051821,123,A08,cross-session,AdaBN
181,4,0,0.00041328599991174997,123,A08,cross-session,AdaBN
182,4,0,0.00039411099999142607,123,A08,cross-session,AdaBN
183,4,1,0.00043170499998268497,123,A08,cross-session,AdaBN
184,4,1,0.0004203480000342097,123,A08,cross-session,AdaBN
185,4,1,0.00042054999994434183,123,A08,cross-session,AdaBN
186,4,0,0.0003904650000094989,123,A08,cross-session,AdaBN
187,4,0,0.0004962450000220997,123,A08,cross-session,AdaBN
188,4,0,0.0004081959999666651,123,A08,cross-session,AdaBN
189,4,1,0.0004247460000215142,123,A08,cross-session,AdaBN
190,4,1,0.0004060400000298614,123,A08,cross-session,AdaBN
191,4,0,0.00042880600005901215,123,A08,cross-session,AdaBN
192,4,1,0.00040194600001086656,123,A08,cross-session,AdaBN
193,4,1,0.00041995499998392916,123,A08,cross-session,AdaBN
194,4,1,0.0003857880000168734,123,A08,cross-session,AdaBN
195,4,1,0.0004184590000022581,123,A08,cross-session,AdaBN
196,4,0,0.0003818909999608877,123,A08,cross-session,AdaBN
197,4,1,0.0004086129999905097,123,A08,cross-session,AdaBN
198,4,0,0.00039425399995707266,123,A08,cross-session,AdaBN
199,4,1,0.000399085000026389,123,A08,cross-session,AdaBN
200,4,1,0.00040416699994239025,123,A08,cross-session,AdaBN
201,4,0,0.00047731300003306387,123,A08,cross-session,AdaBN
202,4,1,0.00041653400000996044,123,A08,cross-session,AdaBN
203,4,1,0.0004361149999567715,123,A08,cross-session,AdaBN
204,4,1,0.0004080249999560692,123,A08,cross-session,AdaBN
205,4,1,0.00041119399998024164,123,A08,cross-session,AdaBN
206,4,0,0.0004050409999081239,123,A08,cross-session,AdaBN
207,4,1,0.00040648799995324225,123,A08,cross-session,AdaBN
208,4,1,0.0004005209999604631,123,A08,cross-session,AdaBN
209,4,0,0.00039442199999939476,123,A08,cross-session,AdaBN
210,4,1,0.00040592300001662807,123,A08,cross-session,AdaBN
211,4,0,0.0003835779999690203,123,A08,cross-session,AdaBN
212,4,1,0.00041874999999436113,123,A08,cross-session,AdaBN
213,4,1,0.00039409600003637024,123,A08,cross-session,AdaBN
214,4,1,0.00040936599998531165,123,A08,cross-session,AdaBN
215,4,1,0.0005076260000578259,123,A08,cross-session,AdaBN
216,4,1,0.0004915910000136137,123,A08,cross-session,AdaBN
217,4,0,0.0004019259999950009,123,A08,cross-session,AdaBN
218,4,0,0.0004439760000423121,123,A08,cross-session,AdaBN
219,4,0,0.00042302199994992407,123,A08,cross-session,AdaBN
220,4,1,0.0004110419999960868,123,A08,cross-session,AdaBN
221,4,1,0.0004029130000162695,123,A08,cross-session,AdaBN
222,4,1,0.00042174999998678686,123,A08,cross-session,AdaBN
223,4,1,0.00038197000003492576,123,A08,cross-session,AdaBN
224,4,0,0.0004049319999239742,123,A08,cross-session,AdaBN
225,4,0,0.0003878029999668797,123,A08,cross-session,AdaBN
226,4,1,0.0004273810000086087,123,A08,cross-session,AdaBN
227,4,0,0.00038429000005635316,123,A08,cross-session,AdaBN
228,4,0,0.0004097060000276542,123,A08,cross-session,AdaBN
229,4,1,0.0003990869998915514,123,A08,cross-session,AdaBN
230,4,1,0.00044608100006371387,123,A08,cross-session,AdaBN
231,4,1,0.0004893830000582966,123,A08,cross-session,AdaBN
232,4,0,0.0004068589998951211,123,A08,cross-session,AdaBN
233,4,0,0.00042987500000890577,123,A08,cross-session,AdaBN
234,4,1,0.00041577699994377326,123,A08,cross-session,AdaBN
235,4,1,0.00045194500000889093,123,A08,cross-session,AdaBN
236,4,1,0.0004902790000187451,123,A08,cross-session,AdaBN
237,4,1,0.0004259050000428033,123,A08,cross-session,AdaBN
238,4,1,0.0004136009999911039,123,A08,cross-session,AdaBN
239,4,1,0.0004165520000469769,123,A08,cross-session,AdaBN
240,4,1,0.0004199950000156605,123,A08,cross-session,AdaBN
241,4,1,0.0004049750000376662,123,A08,cross-session,AdaBN
242,4,1,0.0003848789999665314,123,A08,cross-session,AdaBN
243,4,1,0.00039566299994930887,123,A08,cross-session,AdaBN
244,4,1,0.0003687019999460972,123,A08,cross-session,AdaBN
245,4,1,0.0004064980000748619,123,A08,cross-session,AdaBN
246,4,0,0.0003868700000566605,123,A08,cross-session,AdaBN
247,4,0,0.0004221090000555705,123,A08,cross-session,AdaBN
248,4,0,0.0004723300000932795,123,A08,cross-session,AdaBN
249,4,1,0.00042371999995793885,123,A08,cross-session,AdaBN
250,4,0,0.0004214280000951476,123,A08,cross-session,AdaBN
251,4,0,0.00042586899996877037,123,A08,cross-session,AdaBN
252,4,1,0.0003948570000602558,123,A08,cross-session,AdaBN
253,4,1,0.0004023799999686162,123,A08,cross-session,AdaBN
254,4,0,0.0003768070000660373,123,A08,cross-session,AdaBN
255,4,0,0.00039671299998644827,123,A08,cross-session,AdaBN
256,4,1,0.0003830130000324061,123,A08,cross-session,AdaBN
257,4,1,0.0004298180000432694,123,A08,cross-session,AdaBN
258,4,1,0.00038778099997216486,123,A08,cross-session,AdaBN
259,4,1,0.0003811919999634483,123,A08,cross-session,AdaBN
260,4,1,0.00038091999999778636,123,A08,cross-session,AdaBN
261,4,0,0.0003830770000377015,123,A08,cross-session,AdaBN
262,4,1,0.00040695599989248876,123,A08,cross-session,AdaBN
263,4,0,0.00038502699999298784,123,A08,cross-session,AdaBN
264,4,0,0.00042250099988905276,123,A08,cross-session,AdaBN
265,4,1,0.00038496100000884326,123,A08,cross-session,AdaBN
266,4,0,0.00040642099997967307,123,A08,cross-session,AdaBN
267,4,1,0.0003914779999831808,123,A08,cross-session,AdaBN
268,4,1,0.0003977750000103697,123,A08,cross-session,AdaBN
269,4,1,0.0003936210000574647,123,A08,cross-session,AdaBN
270,4,1,0.00040770999999040214,123,A08,cross-session,AdaBN
271,4,1,0.0003932079999913185,123,A08,cross-session,AdaBN
272,4,0,0.0003954860000021654,123,A08,cross-session,AdaBN
273,4,1,0.00039600599995992525,123,A08,cross-session,AdaBN
274,4,1,0.0003990449999946577,123,A08,cross-session,AdaBN
275,4,1,0.00040033499999481137,123,A08,cross-session,AdaBN
276,4,0,0.0004089930000645836,123,A08,cross-session,AdaBN
277,4,0,0.0004085119999217568,123,A08,cross-session,AdaBN
278,4,0,0.00039580199995725707,123,A08,cross-session,AdaBN
279,4,0,0.0004292920000352751,123,A08,cross-session,AdaBN
280,4,1,0.00039269000001240784,123,A08,cross-session,AdaBN
281,4,0,0.00040349799996874935,123,A08,cross-session,AdaBN
282,4,0,0.00039630900005249714,123,A08,cross-session,AdaBN
283,4,1,0.0004155980000177806,123,A08,cross-session,AdaBN
284,4,1,0.0003860260000010385,123,A08,cross-session,AdaBN
285,4,0,0.000396412999975837,123,A08,cross-session,AdaBN
286,4,0,0.00038943699996707437,123,A08,cross-session,AdaBN
287,4,0,0.0003920909999806099,123,A08,cross-session,AdaBN
0,1,1,0.0005740249999917069,123,A09,cross-session,AdaBN
1,2,1,0.0005003539999961504,123,A09,cross-session,AdaBN
2,3,1,0.0005197630000566278,123,A09,cross-session,AdaBN
3,4,1,0.000814242000046761,123,A09,cross-session,AdaBN
4,4,1,0.0007388089999267322,123,A09,cross-session,AdaBN
5,4,1,0.0006889289999207904,123,A09,cross-session,AdaBN
6,4,1,0.0006507549999241746,123,A09,cross-session,AdaBN
7,4,0,0.0004798620000201481,123,A09,cross-session,AdaBN
8,4,0,0.0005228179999221538,123,A09,cross-session,AdaBN
9,4,1,0.0004652039999655244,123,A09,cross-session,AdaBN
10,4,1,0.0004820999999992637,123,A09,cross-session,AdaBN
11,4,0,0.00045627800000147545,123,A09,cross-session,AdaBN
12,4,1,0.00045659199997771793,123,A09,cross-session,AdaBN
13,4,1,0.0004698740000321777,123,A09,cross-session,AdaBN
14,4,1,0.00047466800003803655,123,A09,cross-session,AdaBN
15,4,0,0.0004682879999791112,123,A09,cross-session,AdaBN
16,4,1,0.00048236700001780264,123,A09,cross-session,AdaBN
17,4,1,0.00046827699998175376,123,A09,cross-session,AdaBN
18,4,1,0.0004583650000995476,123,A09,cross-session,AdaBN
19,4,1,0.0004848830000128146,123,A09,cross-session,AdaBN
20,4,0,0.00044639600002938096,123,A09,cross-session,AdaBN
21,4,1,0.0004847899999731453,123,A09,cross-session,AdaBN
22,4,1,0.0004535489999852871,123,A09,cross-session,AdaBN
23,4,1,0.00046073600003637694,123,A09,cross-session,AdaBN
24,4,1,0.00046113299993066903,123,A09,cross-session,AdaBN
25,4,1,0.00046021299999665644,123,A09,cross-session,AdaBN
26,4,1,0.00044464899997365137,123,A09,cross-session,AdaBN
27,4,1,0.0004461340000716518,123,A09,cross-session,AdaBN
28,4,1,0.0004577449999487726,123,A09,cross-session,AdaBN
29,4,1,0.00045586599992475385,123,A09,cross-session,AdaBN
30,4,1,0.0004960899999559842,123,A09,cross-session,AdaBN
31,4,1,0.000488259000007929,123,A09,cross-session,AdaBN
32,4,1,0.0004907579999553491,123,A09,cross-session,AdaBN
33,4,0,0.0006858589999865217,123,A09,cross-session,AdaBN
34,4,0,0.00041147499996441184,123,A09,cross-session,AdaBN
35,4,1,0.0003807870000400726,123,A09,cross-session,AdaBN
36,4,1,0.0003935450000653873,123,A09,cross-session,AdaBN
37,4,1,0.00037505000000237487,123,A09,cross-session,AdaBN
38,4,1,0.0004315710000355466,123,A09,cross-session,AdaBN
39,4,1,0.0003914899999699628,123,A09,cross-session,AdaBN
40,4,1,0.00043296100000134174,123,A09,cross-session,AdaBN
41,4,1,0.00037451000002874935,123,A09,cross-session,AdaBN
42,4,1,0.0003756859999839435,123,A09,cross-session,AdaBN
43,4,0,0.0003852280000273822,123,A09,cross-session,AdaBN
44,4,1,0.00038143900007980847,123,A09,cross-session,AdaBN
45,4,0,0.00037856599999486207,123,A09,cross-session,AdaBN
46,4,1,0.0003929090000838187,123,A09,cross-session,AdaBN
47,4,1,0.0003990909999629366,123,A09,cross-session,AdaBN
48,4,1,0.0003781100000423976,123,A09,cross-session,AdaBN
49,4,1,0.0003960249999863663,123,A09,cross-session,AdaBN
50,4,1,0.0003779099999974278,123,A09,cross-session,AdaBN
51,4,1,0.00039567100009207934,123,A09,cross-session,AdaBN
52,4,1,0.0003791519999367665,123,A09,cross-session,AdaBN
53,4,1,0.0003943379999782337,123,A09,cross-session,AdaBN
54,4,1,0.00038777399993250583,123,A09,cross-session,AdaBN
55,4,1,0.0004016100000399092,123,A09,cross-session,AdaBN
56,4,1,0.0003970459999891318,123,A09,cross-session,AdaBN
57,4,1,0.0004221519999418888,123,A09,cross-session,AdaBN
58,4,1,0.00042225600009260233,123,A09,cross-session,AdaBN
59,4,1,0.00042449599993688025,123,A09,cross-session,AdaBN
60,4,1,0.0004290529999479986,123,A09,cross-session,AdaBN
61,4,1,0.00042989400003534683,123,A09,cross-session,AdaBN
62,4,1,0.0004000369999630493,123,A09,cross-session,AdaBN
63,4,1,0.00041964499996538507,123,A09,cross-session,AdaBN
64,4,1,0.00040605399999549263,123,A09,cross-session,AdaBN
65,4,1,0.0004094959999747516,123,A09,cross-session,AdaBN
66,4,1,0.0004102970000303685,123,A09,cross-session,AdaBN
67,4,1,0.00040373199999521603,123,A09,cross-session,AdaBN
68,4,1,0.00041495799996482674,123,A09,cross-session,AdaBN
69,4,0,0.0004034439999713868,123,A09,cross-session,AdaBN
70,4,0,0.00041187199997239077,123,A09,cross-session,AdaBN
71,4,1,0.0004058360000271932,123,A09,cross-session,AdaBN
72,4,1,0.00041481400000975555,123,A09,cross-session,AdaBN
73,4,1,0.0004033010000057402,123,A09,cross-session,AdaBN
74,4,1,0.00040746999991370103,123,A09,cross-session,AdaBN
75,4,1,0.00040071299997634924,123,A09,cross-session,AdaBN
76,4,1,0.00040477800007465703,123,A09,cross-session,AdaBN
77,4,1,0.0004078360000221437,123,A09,cross-session,AdaBN
78,4,0,0.0004084139999349645,123,A09,cross-session,AdaBN
79,4,1,0.0004051590000244687,123,A09,cross-session,AdaBN
80,4,1,0.00040382900010627054,123,A09,cross-session,AdaBN
81,4,1,0.00039722799999708513,123,A09,cross-session,AdaBN
82,4,1,0.0004002970000556161,123,A09,cross-session,AdaBN
83,4,1,0.0004008079999948677,123,A09,cross-session,AdaBN
84,4,1,0.00039370400008920114,123,A09,cross-session,AdaBN
85,4,1,0.00039460099992538744,123,A09,cross-session,AdaBN
86,4,1,0.0004045980000455529,123,A09,cross-session,AdaBN
87,4,1,0.00041073600004892796,123,A09,cross-session,AdaBN
88,4,0,0.00041192800006228936,123,A09,cross-session,AdaBN
89,4,1,0.00041393499998321204,123,A09,cross-session,AdaBN
90,4,1,0.00040640899999289104,123,A09,cross-session,AdaBN
91,4,1,0.00041787800000747666,123,A09,cross-session,AdaBN
92,4,1,0.00040317200000572484,123,A09,cross-session,AdaBN
93,4,0,0.00042952499995863036,123,A09,cross-session,AdaBN
94,4,0,0.00040219200002411526,123,A09,cross-session,AdaBN
95,4,1,0.00043334400004368945,123,A09,cross-session,AdaBN
96,4,1,0.0004100879999668905,123,A09,cross-session,AdaBN
97,4,1,0.00043286699997224787,123,A09,cross-session,AdaBN
98,4,1,0.0003953460000047926,123,A09,cross-session,AdaBN
99,4,1,0.0004148240000176884,123,A09,cross-session,AdaBN
100,4,1,0.0004021409999950265,123,A09,cross-session,AdaBN
101,4,1,0.0004095949999509685,123,A09,cross-session,AdaBN
102,4,1,0.00040086000001338107,123,A09,cross-session,AdaBN
103,4,1,0.00044307800010301435,123,A09,cross-session,AdaBN
104,4,0,0.000409615000080521,123,A09,cross-session,AdaBN
105,4,1,0.00041491300009965926,123,A09,cross-session,AdaBN
106,4,1,0.0004042539999318251,123,A09,cross-session,AdaBN
107,4,1,0.00041263499997512554,123,A09,cross-session,AdaBN
108,4,0,0.00041293500009942363,123,A09,cross-session,AdaBN
109,4,1,0.0003982779999205377,123,A09,cross-session,AdaBN
110,4,1,0.0004527020000750781,123,A09,cross-session,AdaBN
111,4,1,0.00042069400001309987,123,A09,cross-session,AdaBN
112,4,1,0.000501692000057119,123,A09,cross-session,AdaBN
113,4,1,0.00041556499991202145,123,A09,cross-session,AdaBN
114,4,0,0.0004301989999930811,123,A09,cross-session,AdaBN
115,4,1,0.0004303429999481523,123,A09,cross-session,AdaBN
116,4,1,0.0004166029999623788,123,A09,cross-session,AdaBN
117,4,0,0.0004086740000275313,123,A09,cross-session,AdaBN
118,4,1,0.00042520299996340327,123,A09,cross-session,AdaBN
119,4,1,0.00042145800000525924,123,A09,cross-session,AdaBN
120,4,0,0.00042409700006373896,123,A09,cross-session,AdaBN
121,4,1,0.00040641999999024847,123,A09,cross-session,AdaBN
122,4,1,0.00040795699999307544,123,A09,cross-session,AdaBN
123,4,1,0.0003960180000603941,123,A09,cross-session,AdaBN
124,4,1,0.00043015799997192516,123,A09,cross-session,AdaBN
125,4,1,0.00039155300009952043,123,A09,cross-session,AdaBN
126,4,0,0.0004371280000441402,123,A09,cross-session,AdaBN
127,4,1,0.00040241499993953767,123,A09,cross-session,AdaBN
128,4,0,0.00043233099995632074,123,A09,cross-session,AdaBN
129,4,1,0.0004300719999719149,123,A09,cross-session,AdaBN
130,4,1,0.0004180960000894629,123,A09,cross-session,AdaBN
131,4,1,0.0003990110000131608,123,A09,cross-session,AdaBN
132,4,0,0.0004047280000349929,123,A09,cross-session,AdaBN
133,4,0,0.0004048419999662656,123,A09,cross-session,AdaBN
134,4,1,0.0004242960000055973,123,A09,cross-session,AdaBN
135,4,1,0.0003864469999825815,123,A09,cross-session,AdaBN
136,4,1,0.0004068020000431716,123,A09,cross-session,AdaBN
137,4,1,0.0004017109999949753,123,A09,cross-session,AdaBN
138,4,0,0.0004103359999589884,123,A09,cross-session,AdaBN
139,4,0,0.00047607900000912196,123,A09,cross-session,AdaBN
140,4,0,0.0004165240000020276,123,A09,cross-session,AdaBN
141,4,0,0.00039697900001556263,123,A09,cross-session,AdaBN
142,4,1,0.00040698299994801346,123,A09,cross-session,AdaBN
143,4,1,0.0004243429999633008,123,A09,cross-session,AdaBN
144,4,0,0.0004254110000374567,123,A09,cross-session,AdaBN
145,4,0,0.000427219000016521,123,A09,cross-session,AdaBN
146,4,1,0.00041287800002010044,123,A09,cross-session,AdaBN
147,4,1,0.00042352900004516414,123,A09,cross-session,AdaBN
148,4,1,0.0003927500000600048,123,A09,cross-session,AdaBN
149,4,1,0.0004084729999931369,123,A09,cross-session,AdaBN
150,4,1,0.00039972900003704126,123,A09,cross-session,AdaBN
151,4,1,0.0004465509999818096,123,A09,cross-session,AdaBN
152,4,1,0.00039874200001577265,123,A09,cross-session,AdaBN
153,4,0,0.00045146200000090175,123,A09,cross-session,AdaBN
154,4,1,0.00039804899995488086,123,A09,cross-session,AdaBN
155,4,1,0.0004359200000862984,123,A09,cross-session,AdaBN
156,4,1,0.00040825099995345226,123,A09,cross-session,AdaBN
157,4,0,0.0004122839999354255,123,A09,cross-session,AdaBN
158,4,1,0.0004166940000231989,123,A09,cross-session,AdaBN
159,4,0,0.00042586799997934577,123,A09,cross-session,AdaBN
160,4,0,0.00040149300002667587,123,A09,cross-session,AdaBN
161,4,1,0.0004108110000515808,123,A09,cross-session,AdaBN
162,4,0,0.000428400000032525,123,A09,cross-session,AdaBN
163,4,1,0.00042775899999014655,123,A09,cross-session,AdaBN
164,4,1,0.000386779999985265,123,A09,cross-session,AdaBN
165,4,1,0.0004200849999733691,123,A09,cross-session,AdaBN
166,4,1,0.0003950340000073993,123,A09,cross-session,AdaBN
167,4,1,0.0004161250000151995,123,A09,cross-session,AdaBN
168,4,1,0.00042714900007467804,123,A09,cross-session,AdaBN
169,4,0,0.0005080099999759113,123,A09,cross-session,AdaBN
170,4,0,0.0004044519999979457,123,A09,cross-session,AdaBN
171,4,1,0.00043662699999913457,123,A09,cross-session,AdaBN
172,4,1,0.00043885500008400413,123,A09,cross-session,AdaBN
173,4,1,0.00042356100004781183,123,A09,cross-session,AdaBN
174,4,1,0.0004233189999922615,123,A09,cross-session,AdaBN
175,4,1,0.00041035499998542946,123,A09,cross-session,AdaBN
176,4,1,0.00038983900003586314,123,A09,cross-session,AdaBN
177,4,0,0.00039752199995746196,123,A09,cross-session,AdaBN
178,4,1,0.0003954549999889423,123,A09,cross-session,AdaBN
179,4,1,0.00039895100007925066,123,A09,cross-session,AdaBN
180,4,1,0.0003902619999962553,123,A09,cross-session,AdaBN
181,4,0,0.0003877289999536515,123,A09,cross-session,AdaBN
182,4,0,0.0004282439999769849,123,A09,cross-session,AdaBN
183,4,1,0.00040503100001387793,123,A09,cross-session,AdaBN
184,4,1,0.0004224009999234113,123,A09,cross-session,AdaBN
185,4,0,0.0004106370000727111,123,A09,cross-session,AdaBN
186,4,1,0.0004492619999609815,123,A09,cross-session,AdaBN
187,4,1,0.00038412300000345567,123,A09,cross-session,AdaBN
188,4,1,0.0004020039999659275,123,A09,cross-session,AdaBN
189,4,1,0.0004008309999790072,123,A09,cross-session,AdaBN
190,4,1,0.0004031519999898592,123,A09,cross-session,AdaBN
191,4,1,0.00038520200007496896,123,A09,cross-session,AdaBN
192,4,1,0.0004160979999596748,123,A09,cross-session,AdaBN
193,4,1,0.0003898039999512548,123,A09,cross-session,AdaBN
194,4,1,0.00042026400001304864,123,A09,cross-session,AdaBN
195,4,1,0.00039005799999358715,123,A09,cross-session,AdaBN
196,4,1,0.00039664099995206925,123,A09,cross-session,AdaBN
197,4,1,0.0003959110000550936,123,A09,cross-session,AdaBN
198,4,1,0.00038204199995561794,123,A09,cross-session,AdaBN
199,4,1,0.00044323299994175613,123,A09,cross-session,AdaBN
200,4,1,0.0003916929999832064,123,A09,cross-session,AdaBN
201,4,1,0.00041189099999883183,123,A09,cross-session,AdaBN
202,4,1,0.00045342999999320455,123,A09,cross-session,AdaBN
203,4,1,0.00043591799999376235,123,A09,cross-session,AdaBN
204,4,0,0.000430863000019599,123,A09,cross-session,AdaBN
205,4,1,0.00043440399997507484,123,A09,cross-session,AdaBN
206,4,1,0.0004036199999291057,123,A09,cross-session,AdaBN
207,4,0,0.00042022900004212715,123,A09,cross-session,AdaBN
208,4,1,0.00041519900003095245,123,A09,cross-session,AdaBN
209,4,1,0.000442958999997245,123,A09,cross-session,AdaBN
210,4,1,0.00041255100006765133,123,A09,cross-session,AdaBN
211,4,1,0.0004079450000062934,123,A09,cross-session,AdaBN
212,4,1,0.000412034999953903,123,A09,cross-session,AdaBN
213,4,1,0.0004062979999162053,123,A09,cross-session,AdaBN
214,4,0,0.00038913700007014995,123,A09,cross-session,AdaBN
215,4,1,0.0003980359999786742,123,A09,cross-session,AdaBN
216,4,1,0.00041242700001475896,123,A09,cross-session,AdaBN
217,4,0,0.00045652899996184715,123,A09,cross-session,AdaBN
218,4,0,0.0004147560000546946,123,A09,cross-session,AdaBN
219,4,0,0.0004225310000265381,123,A09,cross-session,AdaBN
220,4,1,0.00039561500000218075,123,A09,cross-session,AdaBN
221,4,1,0.0004196910000473508,123,A09,cross-session,AdaBN
222,4,1,0.00041032399997220637,123,A09,cross-session,AdaBN
223,4,1,0.00041281599999365426,123,A09,cross-session,AdaBN
224,4,1,0.00042075700002897065,123,A09,cross-session,AdaBN
225,4,1,0.0003882489999114114,123,A09,cross-session,AdaBN
226,4,1,0.0004045270000005985,123,A09,cross-session,AdaBN
227,4,1,0.0003966909999917334,123,A09,cross-session,AdaBN
228,4,1,0.0004255239999793048,123,A09,cross-session,AdaBN
229,4,0,0.0003897630000437857,123,A09,cross-session,AdaBN
230,4,0,0.0004013049999684881,123,A09,cross-session,AdaBN
231,4,1,0.00038837199997487915,123,A09,cross-session,AdaBN
232,4,1,0.00041414500003611465,123,A09,cross-session,AdaBN
233,4,1,0.0003989699999920049,123,A09,cross-session,AdaBN
234,4,1,0.00038872699997227755,123,A09,cross-session,AdaBN
235,4,1,0.00038875699999607605,123,A09,cross-session,AdaBN
236,4,1,0.00040089699996315176,123,A09,cross-session,AdaBN
237,4,1,0.00038615699997990305,123,A09,cross-session,AdaBN
238,4,1,0.0004041879999476805,123,A09,cross-session,AdaBN
239,4,0,0.00038728699996681826,123,A09,cross-session,AdaBN
240,4,0,0.0003865900000619149,123,A09,cross-session,AdaBN
241,4,1,0.00044424999998682324,123,A09,cross-session,AdaBN
242,4,1,0.0003801249999924039,123,A09,cross-session,AdaBN
243,4,0,0.00039776299990990083,123,A09,cross-session,AdaBN
244,4,1,0.0003803299999844967,123,A09,cross-session,AdaBN
245,4,1,0.00038323699993725313,123,A09,cross-session,AdaBN
246,4,1,0.0003945360000443543,123,A09,cross-session,AdaBN
247,4,0,0.0004091789999165485,123,A09,cross-session,AdaBN
248,4,1,0.00042238899993662926,123,A09,cross-session,AdaBN
249,4,0,0.0004284330000245973,123,A09,cross-session,AdaBN
250,4,1,0.00042375499992886034,123,A09,cross-session,AdaBN
251,4,0,0.000403303999974014,123,A09,cross-session,AdaBN
252,4,0,0.00044394099995770375,123,A09,cross-session,AdaBN
253,4,1,0.0003974580000658534,123,A09,cross-session,AdaBN
254,4,1,0.0003805010001087794,123,A09,cross-session,AdaBN
255,4,1,0.00039320299993050867,123,A09,cross-session,AdaBN
256,4,0,0.0003999009999233749,123,A09,cross-session,AdaBN
257,4,1,0.00038450099998499354,123,A09,cross-session,AdaBN
258,4,1,0.00040845000000899745,123,A09,cross-session,AdaBN
259,4,0,0.0004226109999763139,123,A09,cross-session,AdaBN
260,4,0,0.0004012969999394045,123,A09,cross-session,AdaBN
261,4,1,0.0004049750000376662,123,A09,cross-session,AdaBN
262,4,1,0.00046848099998442194,123,A09,cross-session,AdaBN
263,4,0,0.0004001349999498416,123,A09,cross-session,AdaBN
264,4,1,0.00041835800004719204,123,A09,cross-session,AdaBN
265,4,1,0.0003947520000338045,123,A09,cross-session,AdaBN
266,4,0,0.00039840199997343007,123,A09,cross-session,AdaBN
267,4,1,0.0004122269999697892,123,A09,cross-session,AdaBN
268,4,0,0.00039927000000261614,123,A09,cross-session,AdaBN
269,4,1,0.0003955339999492935,123,A09,cross-session,AdaBN
270,4,0,0.00039477400002851937,123,A09,cross-session,AdaBN
271,4,1,0.0003863010000486611,123,A09,cross-session,AdaBN
272,4,1,0.0004205660000025091,123,A09,cross-session,AdaBN
273,4,1,0.00040604700006952044,123,A09,cross-session,AdaBN
274,4,1,0.0003901579999592286,123,A09,cross-session,AdaBN
275,4,0,0.0003860530000565632,123,A09,cross-session,AdaBN
276,4,0,0.0003882539999722212,123,A09,cross-session,AdaBN
277,4,1,0.0003981270000394943,123,A09,cross-session,AdaBN
278,4,1,0.000383532999990166,123,A09,cross-session,AdaBN
279,4,0,0.0004550999999537453,123,A09,cross-session,AdaBN
280,4,1,0.00039684999990186043,123,A09,cross-session,AdaBN
281,4,0,0.00039934400001584436,123,A09,cross-session,AdaBN
282,4,1,0.00037965799992889515,123,A09,cross-session,AdaBN
283,4,1,0.0003978139999389896,123,A09,cross-session,AdaBN
284,4,1,0.0003809389999105406,123,A09,cross-session,AdaBN
285,4,1,0.00039621600001282786,123,A09,cross-session,AdaBN
286,4,1,0.00039840499994170386,123,A09,cross-session,AdaBN
287,4,0,0.00038839400008328084,123,A09,cross-session,AdaBN
