trial_idx,buffer_trials,correct,step_time_sec,seed,subject,protocol,adaptation
0,1,0,0.10771614700001919,42,A01,cross-subject,AdaBN
1,2,0,0.0027136159999372467,42,A01,cross-subject,AdaBN
2,3,1,0.001974502999928518,42,A01,cross-subject,AdaBN
3,4,1,0.0017403209999429237,42,A01,cross-subject,AdaBN
4,5,1,0.0019358849999662198,42,A01,cross-subject,AdaBN
5,6,1,0.0017490879999968456,42,A01,cross-subject,AdaBN
6,7,1,0.007632009999952061,42,A01,cross-subject,AdaBN
7,8,0,0.0017982399999709742,42,A01,cross-subject,AdaBN
8,9,1,0.0018345920000228944,42,A01,cross-subject,AdaBN
9,10,0,0.001866245999963212,42,A01,cross-subject,AdaBN
10,11,1,0.0016379040000629175,42,A01,cross-subject,AdaBN
11,12,1,0.0018258689999584021,42,A01,cross-subject,AdaBN
12,13,1,0.001855879000004279,42,A01,cross-subject,AdaBN
13,14,0,0.001878101000102106,42,A01,cross-subject,AdaBN
14,15,1,0.0018601179999677697,42,A01,cross-subject,AdaBN
15,16,1,0.0017577570001776621,42,A01,cross-subject,AdaBN
16,16,0,0.0004217739999603509,42,A01,cross-subject,AdaBN
17,16,0,0.0005164809999769204,42,A01,cross-subject,AdaBN
18,16,0,0.000508686999864949,42,A01,cross-subject,AdaBN
19,16,0,0.0004228549998970266,42,A01,cross-subject,AdaBN
20,16,1,0.0003896419998454803,42,A01,cross-subject,AdaBN
21,16,0,0.00040422899996883643,42,A01,cross-subject,AdaBN
22,16,0,0.0004366059999938443,42,A01,cross-subject,AdaBN
23,16,0,0.00038684399987687357,42,A01,cross-subject,AdaBN
24,16,0,0.00037710700007664855,42,A01,cross-subject,AdaBN
25,16,1,0.00042148900001848233,42,A01,cross-subject,AdaBN
26,16,1,0.0004964790000485664,42,A01,cross-subject,AdaBN
27,16,1,0.00039773599996806297,42,A01,cross-subject,AdaBN
28,16,0,0.00039282399984585936,42,A01,cross-subject,AdaBN
29,16,0,0.00037700899997616943,42,A01,cross-subject,AdaBN
30,16,1,0.0004585230001339369,42,A01,cross-subject,AdaBN
31,16,1,0.00039006799988783314,42,A01,cross-subject,AdaBN
32,16,1,0.0003879819998928724,42,A01,cross-subject,AdaBN
33,16,0,0.000388377000035689,42,A01,cross-subject,AdaBN
34,16,0,0.0003788440001244453,42,A01,cross-subject,AdaBN
35,16,0,0.00046740499988118245,42,A01,cross-subject,AdaBN
36,16,1,0.0004523180000433058,42,A01,cross-subject,AdaBN
37,16,0,0.0003845060000458034,42,A01,cross-subject,AdaBN
38,16,0,0.0003920040001048619,42,A01,cross-subject,AdaBN
39,16,0,0.0003909069998826453,42,A01,cross-subject,AdaBN
40,16,1,0.0003917399999409099,42,A01,cross-subject,AdaBN
41,16,0,0.00038905999986127426,42,A01,cross-subject,AdaBN
42,16,1,0.0003834069998447376,42,A01,cross-subject,AdaBN
43,16,0,0.000384879999955956,42,A01,cross-subject,AdaBN
44,16,1,0.00037817999987055373,42,A01,cross-subject,AdaBN
45,16,1,0.0004414339998675132,42,A01,cross-subject,AdaBN
46,16,1,0.0004882600001110404,42,A01,cross-subject,AdaBN
47,16,1,0.00037826700008736225,42,A01,cross-subject,AdaBN
48,16,1,0.0003691140000228188,42,A01,cross-subject,AdaBN
49,16,1,0.00039946800006873673,42,A01,cross-subject,AdaBN
50,16,1,0.00040835599997990357,42,A01,cross-subject,AdaBN
51,16,1,0.0003728789999968285,42,A01,cross-subject,AdaBN
52,16,0,0.0003854340000088996,42,A01,cross-subject,AdaBN
53,16,1,0.00045864899993830477,42,A01,cross-subject,AdaBN
54,16,1,0.00046175300008144404,42,A01,cross-subject,AdaBN
55,16,0,0.000371915000187073,42,A01,cross-subject,AdaBN
56,16,1,0.0003729289999228058,42,A01,cross-subject,AdaBN
57,16,1,0.0004429269999945973,42,A01,cross-subject,AdaBN
58,16,0,0.0004175829999439884,42,A01,cross-subject,AdaBN
59,16,0,0.0003743849999864324,42,A01,cross-subject,AdaBN
60,16,0,0.0003814579999925627,42,A01,cross-subject,AdaBN
61,16,0,0.0004231709999658051,42,A01,cross-subject,AdaBN
62,16,1,0.00040461899993715633,42,A01,cross-subject,AdaBN
63,16,1,0.0004306480000195734,42,A01,cross-subject,AdaBN
64,16,0,0.00040135299991561624,42,A01,cross-subject,AdaBN
65,16,0,0.00044564500012711505,42,A01,cross-subject,AdaBN
66,16,0,0.0004126089997953386,42,A01,cross-subject,AdaBN
67,16,0,0.0003734479998911411,42,A01,cross-subject,AdaBN
68,16,0,0.0003855360000670771,42,A01,cross-subject,AdaBN
69,16,1,0.00042983399998774985,42,A01,cross-subject,AdaBN
70,16,1,0.00040110500003720517,42,A01,cross-subject,AdaBN
71,16,0,0.00036781200014956994,42,A01,cross-subject,AdaBN
72,16,0,0.00042425899982845294,42,A01,cross-subject,AdaBN
73,16,0,0.00045517700004893413,42,A01,cross-subject,AdaBN
74,16,1,0.00039796900000510504,42,A01,cross-subject,AdaBN
75,16,1,0.0003747700000076293,42,A01,cross-subject,AdaBN
76,16,1,0.00038668799993502034,42,A01,cross-subject,AdaBN
77,16,1,0.00040560699994784954,42,A01,cross-subject,AdaBN
78,16,0,0.00038585300012528023,42,A01,cross-subject,AdaBN
79,16,1,0.00037496200002351543,42,A01,cross-subject,AdaBN
80,16,0,0.00038534700001946476,42,A01,cross-subject,AdaBN
81,16,1,0.0003944569998566294,42,A01,cross-subject,AdaBN
82,16,1,0.0004744459999983519,42,A01,cross-subject,AdaBN
83,16,1,0.0004495670000324026,42,A01,cross-subject,AdaBN
84,16,1,0.0003957840001476143,42,A01,cross-subject,AdaBN
85,16,1,0.00041289700016022834,42,A01,cross-subject,AdaBN
86,16,0,0.0003805740000188962,42,A01,cross-subject,AdaBN
87,16,1,0.00038380099999812956,42,A01,cross-subject,AdaBN
88,16,1,0.0004068910000114556,42,A01,cross-subject,AdaBN
89,16,1,0.0003690630001074169,42,A01,cross-subject,AdaBN
90,16,1,0.00039918900006341573,42,A01,cross-subject,AdaBN
91,16,0,0.0004460169998310448,42,A01,cross-subject,AdaBN
92,16,0,0.0004747369998767681,42,A01,cross-subject,AdaBN
93,16,0,0.0003907549998984905,42,A01,cross-subject,AdaBN
94,16,0,0.0004378379999252502,42,A01,cross-subject,AdaBN
95,16,0,0.0003757510000923503,42,A01,cross-subject,AdaBN
96,16,1,0.00036809400012316473,42,A01,cross-subject,AdaBN
97,16,0,0.0003823370000191062,42,A01,cross-subject,AdaBN
98,16,0,0.0004258740000295802,42,A01,cross-subject,AdaBN
99,16,1,0.0003887689999828581,42,A01,cross-subject,AdaBN
100,16,0,0.00043558299989854277,42,A01,cross-subject,AdaBN
101,16,1,0.0003920300000572752,42,A01,cross-subject,AdaBN
102,16,1,0.00040284100009557733,42,A01,cross-subject,AdaBN
103,16,1,0.0003996099999312719,42,A01,cross-subject,AdaBN
104,16,0,0.0003775669999868114,42,A01,cross-subject,AdaBN
105,16,1,0.00039402900006280106,42,A01,cross-subject,AdaBN
106,16,1,0.00041024300003300596,42,A01,cross-subject,AdaBN
107,16,1,0.00042700899984993157,42,A01,cross-subject,AdaBN
108,16,0,0.00038773100004618755,42,A01,cross-subject,AdaBN
109,16,1,0.00044378400002642593,42,A01,cross-subject,AdaBN
110,16,0,0.0004668210001455009,42,A01,cross-subject,AdaBN
111,16,1,0.0003811290000612644,42,A01,cross-subject,AdaBN
112,16,1,0.000376079000034224,42,A01,cross-subject,AdaBN
113,16,1,0.0004174809998858109,42,A01,cross-subject,AdaBN
114,16,1,0.0003990870000052382,42,A01,cross-subject,AdaBN
115,16,1,0.0003666389998215891,42,A01,cross-subject,AdaBN
116,16,0,0.00036896599999636237,42,A01,cross-subject,AdaBN
117,16,0,0.00042081099991264637,42,A01,cross-subject,AdaBN
118,16,1,0.00038473400013572245,42,A01,cross-subject,AdaBN
119,16,0,0.0004463320001377724,42,A01,cross-subject,AdaBN
120,16,1,0.0004706849999820406,42,A01,cross-subject,AdaBN
121,16,0,0.00045746999990115,42,A01,cross-subject,AdaBN
122,16,1,0.00037445900011334743,42,A01,cross-subject,AdaBN
123,16,1,0.0003734940000867937,42,A01,cross-subject,AdaBN
124,16,0,0.0004686990000664082,42,A01,cross-subject,AdaBN
125,16,1,0.000486289000036777,42,A01,cross-subject,AdaBN
126,16,1,0.0003997219998836954,42,A01,cross-subject,AdaBN
127,16,0,0.0003847640000458341,42,A01,cross-subject,AdaBN
128,16,1,0.000420672000018385,42,A01,cross-subject,AdaBN
129,16,1,0.0004892249999102205,42,A01,cross-subject,AdaBN
130,16,0,0.00041786100018725847,42,A01,cross-subject,AdaBN
131,16,0,0.00037058200018691423,42,A01,cross-subject,AdaBN
132,16,1,0.0004891720000159694,42,A01,cross-subject,AdaBN
133,16,0,0.0005539429998862033,42,A01,cross-subject,AdaBN
134,16,1,0.0005502999999862368,42,A01,cross-subject,AdaBN
135,16,1,0.0004034889998365543,42,A01,cross-subject,AdaBN
136,16,1,0.0004300220000459376,42,A01,cross-subject,AdaBN
137,16,0,0.000458455999932994,42,A01,cross-subject,AdaBN
138,16,0,0.00042645899998206005,42,A01,cross-subject,AdaBN
139,16,0,0.0003690590001497185,42,A01,cross-subject,AdaBN
140,16,0,0.00043641199999910896,42,A01,cross-subject,AdaBN
141,16,0,0.0004826839999623189,42,A01,cross-subject,AdaBN
142,16,1,0.0003955549998408969,42,A01,cross-subject,AdaBN
143,16,1,0.0003873759999351023,42,A01,cross-subject,AdaBN
144,16,1,0.00041578800005481753,42,A01,cross-subject,AdaBN
145,16,1,0.0003902500000094733,42,A01,cross-subject,AdaBN
146,16,1,0.0003949550000470481,42,A01,cross-subject,AdaBN
147,16,1,0.000496484999985114,42,A01,cross-subject,AdaBN
148,16,0,0.0004337259999829257,42,A01,cross-subject,AdaBN
149,16,0,0.0004001610000159417,42,A01,cross-subject,AdaBN
150,16,1,0.0003862549999666953,42,A01,cross-subject,AdaBN
151,16,0,0.000377758000013273,42,A01,cross-subject,AdaBN
152,16,1,0.00037683100003960135,42,A01,cross-subject,AdaBN
153,16,1,0.0003811709998444712,42,A01,cross-subject,AdaBN
154,16,1,0.0003734370000074705,42,A01,cross-subject,AdaBN
155,16,1,0.00037621299998136237,42,A01,cross-subject,AdaBN
156,16,1,0.0004218170001877297,42,A01,cross-subject,AdaBN
157,16,1,0.00047309599995060125,42,A01,cross-subject,AdaBN
158,16,1,0.00040617299987388833,42,A01,cross-subject,AdaBN
159,16,1,0.0003925129999515775,42,A01,cross-subject,AdaBN
160,16,1,0.00037366200012911577,42,A01,cross-subject,AdaBN
161,16,0,0.00036967400001231,42,A01,cross-subject,AdaBN
162,16,1,0.0003757039999072731,42,A01,cross-subject,AdaBN
163,16,0,0.00038381699982892314,42,A01,cross-subject,AdaBN
164,16,1,0.00038403100006689783,42,A01,cross-subject,AdaBN
165,16,1,0.0003766999998333631,42,A01,cross-subject,AdaBN
166,16,1,0.00044558800004779187,42,A01,cross-subject,AdaBN
167,16,1,0.0004930829998102126,42,A01,cross-subject,AdaBN
168,16,0,0.00041162499996971746,42,A01,cross-subject,AdaBN
169,16,1,0.0003666190000330971,42,A01,cross-subject,AdaBN
170,16,1,0.00037733999988631695,42,A01,cross-subject,AdaBN
171,16,1,0.00037528000007114315,42,A01,cross-subject,AdaBN
172,16,0,0.0003743679999388405,42,A01,cross-subject,AdaBN
173,16,0,0.0003864400000566093,42,A01,cross-subject,AdaBN
174,16,1,0.00037377400008153927,42,A01,cross-subject,AdaBN
175,16,1,0.00048626200009493914,42,A01,cross-subject,AdaBN
176,16,0,0.00038966700003584265,42,A01,cross-subject,AdaBN
177,16,0,0.0004194489999918005,42,A01,cross-subject,AdaBN
178,16,0,0.00036720100001730316,42,A01,cross-subject,AdaBN
179,16,1,0.0004220000000714208,42,A01,cross-subject,AdaBN
180,16,1,0.0004186419998859492,42,A01,cross-subject,AdaBN
181,16,1,0.0004071829998792964,42,A01,cross-subject,AdaBN
182,16,0,0.0003895299998930568,42,A01,cross-subject,AdaBN
183,16,1,0.00037909299999228097,42,A01,cross-subject,AdaBN
184,16,1,0.0004044039999371307,42,A01,cross-subject,AdaBN
185,16,0,0.0005085889999918436,42,A01,cross-subject,AdaBN
186,16,1,0.0004771510000409762,42,A01,cross-subject,AdaBN
187,16,0,0.0004003280000688392,42,A01,cross-subject,AdaBN
188,16,1,0.00043762500013144745,42,A01,cross-subject,AdaBN
189,16,0,0.0005049960000178544,42,A01,cross-subject,AdaBN
190,16,1,0.0004389400000945898,42,A01,cross-subject,AdaBN
191,16,1,0.00038079900014054147,42,A01,cross-subject,AdaBN
192,16,1,0.0003867010000249138,42,A01,cross-subject,AdaBN
193,16,1,0.0004057200001170713,42,A01,cross-subject,AdaBN
194,16,1,0.0005091909999919153,42,A01,cross-subject,AdaBN
195,16,1,0.0005783669998891128,42,A01,cross-subject,AdaBN
196,16,1,0.00046053599999140715,42,A01,cross-subject,AdaBN
197,16,1,0.00046081699997557735,42,A01,cross-subject,AdaBN
198,16,0,0.0004656490000343183,42,A01,cross-subject,AdaBN
199,16,0,0.00037755500011371623,42,A01,cross-subject,AdaBN
200,16,0,0.0003906929998720443,42,A01,cross-subject,AdaBN
201,16,1,0.00043989100004182546,42,A01,cross-subject,AdaBN
202,16,1,0.00044494200005829043,42,A01,cross-subject,AdaBN
203,16,1,0.00046535599994967924,42,A01,cross-subject,AdaBN
204,16,0,0.0003928040000573674,42,A01,cross-subject,AdaBN
205,16,1,0.00040498199996363837,42,A01,cross-subject,AdaBN
206,16,1,0.0004708599999503349,42,A01,cross-subject,AdaBN
207,16,0,0.00038768300009905943,42,A01,cross-subject,AdaBN
208,16,1,0.0003815990000930469,42,A01,cross-subject,AdaBN
209,16,0,0.000374655000086932,42,A01,cross-subject,AdaBN
210,16,1,0.00039064000020516687,42,A01,cross-subject,AdaBN
211,16,0,0.00037220099989099253,42,A01,cross-subject,AdaBN
212,16,1,0.0003995970000687521,42,A01,cross-subject,AdaBN
213,16,1,0.00048679600013201707,42,A01,cross-subject,AdaBN
214,16,1,0.0003993200000422803,42,A01,cross-subject,AdaBN
215,16,0,0.0003656670000964368,42,A01,cross-subject,AdaBN
216,16,1,0.0003947130001051846,42,A01,cross-subject,AdaBN
217,16,1,0.000375511000129336,42,A01,cross-subject,AdaBN
218,16,1,0.0003759130001981248,42,A01,cross-subject,AdaBN
219,16,0,0.000405968999984907,42,A01,cross-subject,AdaBN
220,16,1,0.0003745400001662347,42,A01,cross-subject,AdaBN
221,16,1,0.0003996590000951983,42,A01,cross-subject,AdaBN
222,16,1,0.0003968309999891062,42,A01,cross-subject,AdaBN
223,16,0,0.0004444720000265079,42,A01,cross-subject,AdaBN
224,16,1,0.00041118600006484485,42,A01,cross-subject,AdaBN
225,16,1,0.0003741149998859328,42,A01,cross-subject,AdaBN
226,16,1,0.0003711110000494955,42,A01,cross-subject,AdaBN
227,16,1,0.00036760099987986905,42,A01,cross-subject,AdaBN
228,16,0,0.0003852810000353202,42,A01,cross-subject,AdaBN
229,16,0,0.00037164299988035054,42,A01,cross-subject,AdaBN
230,16,0,0.0003817320000507607,42,A01,cross-subject,AdaBN
231,16,1,0.00038468100001409766,42,A01,cross-subject,AdaBN
232,16,0,0.00041844099996524164,42,A01,cross-subject,AdaBN
233,16,1,0.000446626999973887,42,A01,cross-subject,AdaBN
234,16,1,0.0003766949998862401,42,A01,cross-subject,AdaBN
235,16,1,0.00039343399998870154,42,A01,cross-subject,AdaBN
236,16,1,0.00040837400001692004,42,A01,cross-subject,AdaBN
237,16,0,0.00036808100003327127,42,A01,cross-subject,AdaBN
238,16,0,0.0003801800000928779,42,A01,cross-subject,AdaBN
239,16,1,0.0004137649998483539,42,A01,cross-subject,AdaBN
240,16,0,0.00040328799991584674,42,A01,cross-subject,AdaBN
241,16,0,0.0004437909999523981,42,A01,cross-subject,AdaBN
242,16,1,0.0004006109998044849,42,A01,cross-subject,AdaBN
243,16,0,0.00038319699979183497,42,A01,cross-subject,AdaBN
244,16,1,0.0003665799999907904,42,A01,cross-subject,AdaBN
245,16,0,0.0003809539998655964,42,A01,cross-subject,AdaBN
246,16,1,0.0003673910000543401,42,A01,cross-subject,AdaBN
247,16,1,0.0003890299999511626,42,A01,cross-subject,AdaBN
248,16,0,0.0003723780000655097,42,A01,cross-subject,AdaBN
249,16,0,0.000385089000019434,42,A01,cross-subject,AdaBN
250,16,0,0.00040821000015967,42,A01,cross-subject,AdaBN
251,16,0,0.00045401400006994663,42,A01,cross-subject,AdaBN
252,16,0,0.00044895900009578327,42,A01,cross-subject,AdaBN
253,16,0,0.0003789709999182378,42,A01,cross-subject,AdaBN
254,16,0,0.00040162499999496504,42,A01,cross-subject,AdaBN
255,16,1,0.0003764260000025388,42,A01,cross-subject,AdaBN
256,16,0,0.00036604699994313705,42,A01,cross-subject,AdaBN
257,16,1,0.00041925900018213724,42,A01,cross-subject,AdaBN
258,16,1,0.00038483600019389996,42,A01,cross-subject,AdaBN
259,16,1,0.000372293999816975,42,A01,cross-subject,AdaBN
260,16,1,0.0005175219998818648,42,A01,cross-subject,AdaBN
261,16,1,0.0003927380000732228,42,A01,cross-subject,AdaBN
262,16,0,0.00038352399997165776,42,A01,cross-subject,AdaBN
263,16,0,0.00037682400011362915,42,A01,cross-subject,AdaBN
264,16,0,0.000385772000072393,42,A01,cross-subject,AdaBN
265,16,1,0.00040072499996313127,42,A01,cross-subject,AdaBN
266,16,0,0.0003846649999559304,42,A01,cross-subject,AdaBN
267,16,1,0.00037389999988590716,42,A01,cross-subject,AdaBN
268,16,1,0.0003799470000558358,42,A01,cross-subject,AdaBN
269,16,0,0.00041672099996503675,42,A01,cross-subject,AdaBN
270,16,0,0.0004576829999223264,42,A01,cross-subject,AdaBN
271,16,1,0.0003861679999772605,42,A01,cross-subject,AdaBN
272,16,1,0.00039647799985687016,42,A01,cross-subject,AdaBN
273,16,1,0.00040233999993688485,42,A01,cross-subject,AdaBN
274,16,1,0.0003656379999483761,42,A01,cross-subject,AdaBN
275,16,1,0.00046811000015622994,42,A01,cross-subject,AdaBN
276,16,1,0.0004068040000220208,42,A01,cross-subject,AdaBN
277,16,0,0.0003950699999677454,42,A01,cross-subject,AdaBN
278,16,0,0.00037505499994949787,42,A01,cross-subject,AdaBN
279,16,1,0.000456678000091415,42,A01,cross-subject,AdaBN
280,16,0,0.00047048200008248386,42,A01,cross-subject,AdaBN
281,16,1,0.0004727190000721748,42,A01,cross-subject,AdaBN
282,16,1,0.00036550100003296393,42,A01,cross-subject,AdaBN
283,16,0,0.00042060699979629135,42,A01,cross-subject,AdaBN
284,16,0,0.0004876660000263655,42,A01,cross-subject,AdaBN
285,16,1,0.0004271919999609963,42,A01,cross-subject,AdaBN
286,16,1,0.0005802659998153104,42,A01,cross-subject,AdaBN
287,16,1,0.0004897620001429459,42,A01,cross-subject,AdaBN
0,1,0,0.0023490510000101494,42,A02,cross-subject,AdaBN
1,2,0,0.0021083189999444585,42,A02,cross-subject,AdaBN
2,3,0,0.0020331339999302145,42,A02,cross-subject,AdaBN
3,4,0,0.001811764999956722,42,A02,cross-subject,AdaBN
4,5,0,0.001026027000079921,42,A02,cross-subject,AdaBN
5,6,0,0.0009083010002086667,42,A02,cross-subject,AdaBN
6,7,1,0.0009327889999894978,42,A02,cross-subject,AdaBN
7,8,0,0.0009222930000305496,42,A02,cross-subject,AdaBN
8,9,0,0.0008616599998276797,42,A02,cross-subject,AdaBN
9,10,1,0.0007444689999829279,42,A02,cross-subject,AdaBN
10,11,0,0.0007484390000627172,42,A02,cross-subject,AdaBN
11,12,0,0.0007734900000286871,42,A02,cross-subject,AdaBN
12,13,1,0.0007524489999468642,42,A02,cross-subject,AdaBN
13,14,0,0.0007681110000703484,42,A02,cross-subject,AdaBN
14,15,1,0.0007573180000690627,42,A02,cross-subject,AdaBN
15,16,1,0.0007402050000564486,42,A02,cross-subject,AdaBN
16,16,1,0.0007249259999753122,42,A02,cross-subject,AdaBN
17,16,0,0.0007924330000150803,42,A02,cross-subject,AdaBN
18,16,1,0.00065341399999852,42,A02,cross-subject,AdaBN
19,16,0,0.0005791859998680593,42,A02,cross-subject,AdaBN
20,16,1,0.000647352999976647,42,A02,cross-subject,AdaBN
21,16,1,0.0005701249999674474,42,A02,cross-subject,AdaBN
22,16,0,0.0005482990000018617,42,A02,cross-subject,AdaBN
23,16,1,0.0004569689999698312,42,A02,cross-subject,AdaBN
24,16,0,0.0005134869998073555,42,A02,cross-subject,AdaBN
25,16,0,0.0004402150000260008,42,A02,cross-subject,AdaBN
26,16,0,0.00044649200003732403,42,A02,cross-subject,AdaBN
27,16,0,0.0004139369998483744,42,A02,cross-subject,AdaBN
28,16,1,0.00045434300000124495,42,A02,cross-subject,AdaBN
29,16,0,0.0009642910001730343,42,A02,cross-subject,AdaBN
30,16,0,0.00062465499991049,42,A02,cross-subject,AdaBN
31,16,0,0.000586866000048758,42,A02,cross-subject,AdaBN
32,16,0,0.000531161000026259,42,A02,cross-subject,AdaBN
33,16,0,0.0005059589998381853,42,A02,cross-subject,AdaBN
34,16,1,0.0004955760000484588,42,A02,cross-subject,AdaBN
35,16,0,0.0005495880000125908,42,A02,cross-subject,AdaBN
36,16,0,0.0005253019999145181,42,A02,cross-subject,AdaBN
37,16,0,0.0005130240001562925,42,A02,cross-subject,AdaBN
38,16,0,0.0006312150001122063,42,A02,cross-subject,AdaBN
39,16,0,0.0006816630000230361,42,A02,cross-subject,AdaBN
40,16,0,0.0005326719999629859,42,A02,cross-subject,AdaBN
41,16,0,0.0006005499999446329,42,A02,cross-subject,AdaBN
42,16,0,0.0005946139999650768,42,A02,cross-subject,AdaBN
43,16,0,0.0004094930000064778,42,A02,cross-subject,AdaBN
44,16,0,0.0004309209998609731,42,A02,cross-subject,AdaBN
45,16,1,0.0003559599999789498,42,A02,cross-subject,AdaBN
46,16,1,0.00041970400002355746,42,A02,cross-subject,AdaBN
47,16,1,0.00036510500012809644,42,A02,cross-subject,AdaBN
48,16,1,0.00044864200003758015,42,A02,cross-subject,AdaBN
49,16,0,0.000418918999912421,42,A02,cross-subject,AdaBN
50,16,1,0.0005115669998758676,42,A02,cross-subject,AdaBN
51,16,1,0.0005037529999754042,42,A02,cross-subject,AdaBN
52,16,0,0.0004596730000230309,42,A02,cross-subject,AdaBN
53,16,0,0.0005759550001585012,42,A02,cross-subject,AdaBN
54,16,0,0.0005856950001543737,42,A02,cross-subject,AdaBN
55,16,0,0.0005757940000421513,42,A02,cross-subject,AdaBN
56,16,1,0.0005158650001249043,42,A02,cross-subject,AdaBN
57,16,0,0.00042031199996017676,42,A02,cross-subject,AdaBN
58,16,0,0.000490094000042518,42,A02,cross-subject,AdaBN
59,16,0,0.0003641720002178772,42,A02,cross-subject,AdaBN
60,16,0,0.00040074300000014773,42,A02,cross-subject,AdaBN
61,16,0,0.0003610879998632299,42,A02,cross-subject,AdaBN
62,16,0,0.0004944419999901584,42,A02,cross-subject,AdaBN
63,16,0,0.0004685419999077567,42,A02,cross-subject,AdaBN
64,16,0,0.00040119200002664,42,A02,cross-subject,AdaBN
65,16,0,0.0004797100000359933,42,A02,cross-subject,AdaBN
66,16,0,0.00039718100015306845,42,A02,cross-subject,AdaBN
67,16,0,0.0004201000001557986,42,A02,cross-subject,AdaBN
68,16,0,0.0003769779998492595,42,A02,cross-subject,AdaBN
69,16,1,0.0004332999999405729,42,A02,cross-subject,AdaBN
70,16,0,0.00036641000019699277,42,A02,cross-subject,AdaBN
71,16,0,0.0004434659999787982,42,A02,cross-subject,AdaBN
72,16,0,0.00036709400001200265,42,A02,cross-subject,AdaBN
73,16,0,0.0004821359998459229,42,A02,cross-subject,AdaBN
74,16,1,0.00037053200003356324,42,A02,cross-subject,AdaBN
75,16,0,0.00039232199992511596,42,A02,cross-subject,AdaBN
76,16,1,0.00039543299999422743,42,A02,cross-subject,AdaBN
77,16,0,0.0004093800000646297,42,A02,cross-subject,AdaBN
78,16,1,0.00046224100015024305,42,A02,cross-subject,AdaBN
79,16,1,0.0004249309999977413,42,A02,cross-subject,AdaBN
80,16,1,0.00044572499996320403,42,A02,cross-subject,AdaBN
81,16,0,0.00039364000008390576,42,A02,cross-subject,AdaBN
82,16,0,0.0003610439998738002,42,A02,cross-subject,AdaBN
83,16,0,0.0004316370000196912,42,A02,cross-subject,AdaBN
84,16,0,0.0003593779999846447,42,A02,cross-subject,AdaBN
85,16,0,0.0003923629999462719,42,A02,cross-subject,AdaBN
86,16,0,0.00040914000010161544,42,A02,cross-subject,AdaBN
87,16,1,0.0003859909998027433,42,A02,cross-subject,AdaBN
88,16,0,0.00046683100003974687,42,A02,cross-subject,AdaBN
89,16,0,0.00038468699995064526,42,A02,cross-subject,AdaBN
90,16,0,0.00044847399999525805,42,A02,cross-subject,AdaBN
91,16,0,0.0004002529999524995,42,A02,cross-subject,AdaBN
92,16,0,0.0003756400001293514,42,A02,cross-subject,AdaBN
93,16,0,0.0004099459999906685,42,A02,cross-subject,AdaBN
94,16,0,0.0003634259999216738,42,A02,cross-subject,AdaBN
95,16,0,0.0004112289998374763,42,A02,cross-subject,AdaBN
96,16,0,0.0004056880000007368,42,A02,cross-subject,AdaBN
97,16,0,0.0003813280000031227,42,A02,cross-subject,AdaBN
98,16,1,0.0004250389999924664,42,A02,cross-subject,AdaBN
99,16,0,0.000489735999963159,42,A02,cross-subject,AdaBN
100,16,1,0.00042277099987586553,42,A02,cross-subject,AdaBN
101,16,0,0.0005076320001080603,42,A02,cross-subject,AdaBN
102,16,1,0.0003878329998769914,42,A02,cross-subject,AdaBN
103,16,0,0.00039984699992601236,42,A02,cross-subject,AdaBN
104,16,0,0.00038583200011998997,42,A02,cross-subject,AdaBN
105,16,1,0.00036574500018105027,42,A02,cross-subject,AdaBN
106,16,0,0.00036493600009634974,42,A02,cross-subject,AdaBN
107,16,0,0.0003584480000426993,42,A02,cross-subject,AdaBN
108,16,0,0.00036119499986853043,42,A02,cross-subject,AdaBN
109,16,0,0.0003677249999327614,42,A02,cross-subject,AdaBN
110,16,0,0.0004336839999723452,42,A02,cross-subject,AdaBN
111,16,0,0.000441585999851668,42,A02,cross-subject,AdaBN
112,16,1,0.0004385009999623435,42,A02,cross-subject,AdaBN
113,16,1,0.0003696269998272328,42,A02,cross-subject,AdaBN
114,16,1,0.0004032500000903383,42,A02,cross-subject,AdaBN
115,16,0,0.0003592109999317472,42,A02,cross-subject,AdaBN
116,16,0,0.00039386000003105437,42,A02,cross-subject,AdaBN
117,16,0,0.0003926080000837828,42,A02,cross-subject,AdaBN
118,16,0,0.00036266600000089966,42,A02,cross-subject,AdaBN
119,16,1,0.00041524099992784613,42,A02,cross-subject,AdaBN
120,16,0,0.000388810000004014,42,A02,cross-subject,AdaBN
121,16,0,0.0004534750000857457,42,A02,cross-subject,AdaBN
122,16,0,0.000461399999949208,42,A02,cross-subject,AdaBN
123,16,1,0.0004104409999854397,42,A02,cross-subject,AdaBN
124,16,0,0.00039781399982530274,42,A02,cross-subject,AdaBN
125,16,0,0.0003815190000295843,42,A02,cross-subject,AdaBN
126,16,0,0.00036532300009639584,42,A02,cross-subject,AdaBN
127,16,0,0.0003850589998819487,42,A02,cross-subject,AdaBN
128,16,0,0.0003793420000874903,42,A02,cross-subject,AdaBN
129,16,1,0.00037174599992795265,42,A02,cross-subject,AdaBN
130,16,1,0.00036576999991666526,42,A02,cross-subject,AdaBN
131,16,0,0.00036592600008589216,42,A02,cross-subject,AdaBN
132,16,0,0.0004437000000052649,42,A02,cross-subject,AdaBN
133,16,0,0.0004256769998391974,42,A02,cross-subject,AdaBN
134,16,1,0.00039768999999978405,42,A02,cross-subject,AdaBN
135,16,0,0.0004179779998594313,42,A02,cross-subject,AdaBN
136,16,0,0.0003991020000739809,42,A02,cross-subject,AdaBN
137,16,0,0.00040598900000077265,42,A02,cross-subject,AdaBN
138,16,0,0.0004539110000223445,42,A02,cross-subject,AdaBN
139,16,0,0.0004079499999534164,42,A02,cross-subject,AdaBN
140,16,1,0.00038602299991907785,42,A02,cross-subject,AdaBN
141,16,0,0.0003979269999945245,42,A02,cross-subject,AdaBN
142,16,1,0.0003701759999330534,42,A02,cross-subject,AdaBN
143,16,0,0.0003757510000923503,42,A02,cross-subject,AdaBN
144,16,0,0.00045788099987476016,42,A02,cross-subject,AdaBN
145,16,0,0.0004473450001114543,42,A02,cross-subject,AdaBN
146,16,0,0.00045700800001213793,42,A02,cross-subject,AdaBN
147,16,0,0.0004011510000054841,42,A02,cross-subject,AdaBN
148,16,0,0.0003746029999547318,42,A02,cross-subject,AdaBN
149,16,1,0.00042210299989164923,42,A02,cross-subject,AdaBN
150,16,0,0.00038624399985565105,42,A02,cross-subject,AdaBN
151,16,0,0.0003665540000383771,42,A02,cross-subject,AdaBN
152,16,0,0.0004138949998377939,42,A02,cross-subject,AdaBN
153,16,0,0.00037041899986434146,42,A02,cross-subject,AdaBN
154,16,0,0.00043792299993583583,42,A02,cross-subject,AdaBN
155,16,1,0.00043851999998878455,42,A02,cross-subject,AdaBN
156,16,0,0.00044803600007981004,42,A02,cross-subject,AdaBN
157,16,0,0.00042866400008279015,42,A02,cross-subject,AdaBN
158,16,0,0.00036875699993288436,42,A02,cross-subject,AdaBN
159,16,1,0.00035687099989445414,42,A02,cross-subject,AdaBN
160,16,0,0.0003731990000233054,42,A02,cross-subject,AdaBN
161,16,1,0.00037871699987590546,42,A02,cross-subject,AdaBN
162,16,0,0.0003610460000800231,42,A02,cross-subject,AdaBN
163,16,1,0.00036886299994876026,42,A02,cross-subject,AdaBN
164,16,0,0.00036481799998000497,42,A02,cross-subject,AdaBN
165,16,0,0.0004396459999043145,42,A02,cross-subject,AdaBN
166,16,0,0.000457310999991023,42,A02,cross-subject,AdaBN
167,16,1,0.0003846089998660318,42,A02,cross-subject,AdaBN
168,16,0,0.0004133720001391339,42,A02,cross-subject,AdaBN
169,16,1,0.00041396400001758593,42,A02,cross-subject,AdaBN
170,16,0,0.0003955510001105722,42,A02,cross-subject,AdaBN
171,16,0,0.0004111719999855268,42,A02,cross-subject,AdaBN
172,16,1,0.0004114349999326805,42,A02,cross-subject,AdaBN
173,16,0,0.00037816299982296186,42,A02,cross-subject,AdaBN
174,16,0,0.00045882099993832526,42,A02,cross-subject,AdaBN
175,16,0,0.0005252820001260261,42,A02,cross-subject,AdaBN
176,16,0,0.00041562699993846763,42,A02,cross-subject,AdaBN
177,16,0,0.0004659749999973428,42,A02,cross-subject,AdaBN
178,16,0,0.0003867099999297352,42,A02,cross-subject,AdaBN
179,16,0,0.00036459700004343176,42,A02,cross-subject,AdaBN
180,16,1,0.00038749600003029627,42,A02,cross-subject,AdaBN
181,16,1,0.0003781389998493978,42,A02,cross-subject,AdaBN
182,16,0,0.000400369999852046,42,A02,cross-subject,AdaBN
183,16,0,0.0004073989998687466,42,A02,cross-subject,AdaBN
184,16,1,0.0003917300000466639,42,A02,cross-subject,AdaBN
185,16,0,0.0003736509997906978,42,A02,cross-subject,AdaBN
186,16,0,0.00040227499994216487,42,A02,cross-subject,AdaBN
187,16,0,0.00045141299983697536,42,A02,cross-subject,AdaBN
188,16,0,0.0004401910000524367,42,A02,cross-subject,AdaBN
189,16,0,0.0004367259998616646,42,A02,cross-subject,AdaBN
190,16,0,0.000369330000012269,42,A02,cross-subject,AdaBN
191,16,0,0.00036858099997516547,42,A02,cross-subject,AdaBN
192,16,0,0.00040686800002731616,42,A02,cross-subject,AdaBN
193,16,0,0.00036670899999080575,42,A02,cross-subject,AdaBN
194,16,0,0.00041395800008103834,42,A02,cross-subject,AdaBN
195,16,1,0.000385437999966598,42,A02,cross-subject,AdaBN
196,16,0,0.0003603190000376344,42,A02,cross-subject,AdaBN
197,16,0,0.0004421900000579626,42,A02,cross-subject,AdaBN
198,16,0,0.0004391679999571352,42,A02,cross-subject,AdaBN
199,16,1,0.00036688000000140164,42,A02,cross-subject,AdaBN
200,16,0,0.00040465000006406626,42,A02,cross-subject,AdaBN
201,16,1,0.0003666050001811527,42,A02,cross-subject,AdaBN
202,16,0,0.0003624409998792544,42,A02,cross-subject,AdaBN
203,16,0,0.0003743289998965338,42,A02,cross-subject,AdaBN
204,16,1,0.000367213000117772,42,A02,cross-subject,AdaBN
205,16,1,0.0003640739998900244,42,A02,cross-subject,AdaBN
206,16,0,0.00036876099989058275,42,A02,cross-subject,AdaBN
207,16,1,0.0003628299998581497,42,A02,cross-subject,AdaBN
208,16,1,0.0004290780000246741,42,A02,cross-subject,AdaBN
209,16,0,0.0004569239999909769,42,A02,cross-subject,AdaBN
210,16,1,0.0003636009998899681,42,A02,cross-subject,AdaBN
211,16,0,0.0003831199999240198,42,A02,cross-subject,AdaBN
212,16,1,0.0003679040000861278,42,A02,cross-subject,AdaBN
213,16,0,0.00036421100003281026,42,A02,cross-subject,AdaBN
214,16,0,0.00037394800006040896,42,A02,cross-subject,AdaBN
215,16,1,0.0003743610000128683,42,A02,cross-subject,AdaBN
216,16,0,0.000368125000022701,42,A02,cross-subject,AdaBN
217,16,0,0.0003800560000399855,42,A02,cross-subject,AdaBN
218,16,0,0.0004762660000778851,42,A02,cross-subject,AdaBN
219,16,0,0.0004469650000373804,42,A02,cross-subject,AdaBN
220,16,0,0.0004033980001167947,42,A02,cross-subject,AdaBN
221,16,1,0.0003739290000339679,42,A02,cross-subject,AdaBN
222,16,0,0.00037143700001252,42,A02,cross-subject,AdaBN
223,16,1,0.00037054199992780923,42,A02,cross-subject,AdaBN
224,16,0,0.0003718870000284369,42,A02,cross-subject,AdaBN
225,16,1,0.00036587999989023956,42,A02,cross-subject,AdaBN
226,16,0,0.0003689509999276197,42,A02,cross-subject,AdaBN
227,16,0,0.0003647400001227652,42,A02,cross-subject,AdaBN
228,16,0,0.0003693930000281398,42,A02,cross-subject,AdaBN
229,16,0,0.0004427530000157276,42,A02,cross-subject,AdaBN
230,16,0,0.0004621299999598705,42,A02,cross-subject,AdaBN
231,16,1,0.00038544900007764227,42,A02,cross-subject,AdaBN
232,16,1,0.0003657009999642469,42,A02,cross-subject,AdaBN
233,16,0,0.00038258700010374014,42,A02,cross-subject,AdaBN
234,16,0,0.00036707899994326,42,A02,cross-subject,AdaBN
235,16,0,0.0003879170001255261,42,A02,cross-subject,AdaBN
236,16,0,0.0003625869999268616,42,A02,cross-subject,AdaBN
237,16,0,0.0003739760002190451,42,A02,cross-subject,AdaBN
238,16,0,0.0003710330001922557,42,A02,cross-subject,AdaBN
239,16,0,0.0003722760000073322,42,A02,cross-subject,AdaBN
240,16,0,0.00040909299991653825,42,A02,cross-subject,AdaBN
241,16,0,0.000468990999934249,42,A02,cross-subject,AdaBN
242,16,0,0.00039858099989942275,42,A02,cross-subject,AdaBN
243,16,0,0.00040371000000050117,42,A02,cross-subject,AdaBN
244,16,1,0.00038773200003561215,42,A02,cross-subject,AdaBN
245,16,0,0.00036610799998015864,42,A02,cross-subject,AdaBN
246,16,0,0.00040787100010675204,42,A02,cross-subject,AdaBN
247,16,0,0.00037295800007086655,42,A02,cross-subject,AdaBN
248,16,0,0.00037701299993386783,42,A02,cross-subject,AdaBN
249,16,0,0.00042430400003468094,42,A02,cross-subject,AdaBN
250,16,1,0.00046774299994467583,42,A02,cross-subject,AdaBN
251,16,0,0.00045440500002769113,42,A02,cross-subject,AdaBN
252,16,0,0.00041367200014974514,42,A02,cross-subject,AdaBN
253,16,0,0.0003704830000970105,42,A02,cross-subject,AdaBN
254,16,0,0.00037595300000248244,42,A02,cross-subject,AdaBN
255,16,1,0.00037605500006065995,42,A02,cross-subject,AdaBN
256,16,1,0.0003788530000292667,42,A02,cross-subject,AdaBN
257,16,0,0.00037473899988071935,42,A02,cross-subject,AdaBN
258,16,0,0.00036960599982194253,42,A02,cross-subject,AdaBN
259,16,1,0.00036747400008607656,42,A02,cross-subject,AdaBN
260,16,0,0.0003729230002136319,42,A02,cross-subject,AdaBN
261,16,0,0.00046246100009739166,42,A02,cross-subject,AdaBN
262,16,0,0.000482140000030995,42,A02,cross-subject,AdaBN
263,16,1,0.00038442000004579313,42,A02,cross-subject,AdaBN
264,16,1,0.00038944700008869404,42,A02,cross-subject,AdaBN
265,16,0,0.00046225100004448905,42,A02,cross-subject,AdaBN
266,16,0,0.00040162499999496504,42,A02,cross-subject,AdaBN
267,16,0,0.00042978800001947093,42,A02,cross-subject,AdaBN
268,16,1,0.0003629319999163272,42,A02,cross-subject,AdaBN
269,16,0,0.0004351029999725142,42,A02,cross-subject,AdaBN
270,16,0,0.0003701050000017858,42,A02,cross-subject,AdaBN
271,16,0,0.0004135389999646577,42,A02,cross-subject,AdaBN
272,16,1,0.0004676480000398442,42,A02,cross-subject,AdaBN
273,16,0,0.0004794730000412528,42,A02,cross-subject,AdaBN
274,16,0,0.000404280000111612,42,A02,cross-subject,AdaBN
275,16,1,0.0004232199999023578,42,A02,cross-subject,AdaBN
276,16,1,0.00037401700001282734,42,A02,cross-subject,AdaBN
277,16,0,0.00042916699999295815,42,A02,cross-subject,AdaBN
278,16,1,0.00041333200010740256,42,A02,cross-subject,AdaBN
279,16,0,0.0003563180000583088,42,A02,cross-subject,AdaBN
280,16,0,0.00039111199998842494,42,A02,cross-subject,AdaBN
281,16,0,0.0004276390000086394,42,A02,cross-subject,AdaBN
282,16,0,0.0004176260001713672,42,A02,cross-subject,AdaBN
283,16,0,0.00045561100000668375,42,A02,cross-subject,AdaBN
284,16,0,0.00041767299990169704,42,A02,cross-subject,AdaBN
285,16,1,0.000364129999979923,42,A02,cross-subject,AdaBN
286,16,0,0.00042023900005006,42,A02,cross-subject,AdaBN
287,16,0,0.00040111199996317737,42,A02,cross-subject,AdaBN
0,1,0,0.001362867999887385,42,A03,cross-subject,AdaBN
1,2,1,0.0011715889997958584,42,A03,cross-subject,AdaBN
2,3,1,0.0011960059998727957,42,A03,cross-subject,AdaBN
3,4,1,0.0020334079999884125,42,A03,cross-subject,AdaBN
4,5,1,0.001192115000094418,42,A03,cross-subject,AdaBN
5,6,1,0.0010005880001244805,42,A03,cross-subject,AdaBN
6,7,1,0.0010540959999616462,42,A03,cross-subject,AdaBN
7,8,0,0.0009646419998716738,42,A03,cross-subject,AdaBN
8,9,1,0.0009169109998765634,42,A03,cross-subject,AdaBN
9,10,1,0.0009093979999761359,42,A03,cross-subject,AdaBN
10,11,1,0.0008661819999815634,42,A03,cross-subject,AdaBN
11,12,0,0.000863712999944255,42,A03,cross-subject,AdaBN
12,13,0,0.0008569330000227637,42,A03,cross-subject,AdaBN
13,14,1,0.0007849779999560269,42,A03,cross-subject,AdaBN
14,15,1,0.0007361159998708899,42,A03,cross-subject,AdaBN
15,16,1,0.0007444539999141853,42,A03,cross-subject,AdaBN
16,16,1,0.0007680530000016006,42,A03,cross-subject,AdaBN
17,16,0,0.0007467079999514681,42,A03,cross-subject,AdaBN
18,16,1,0.0008025649999581219,42,A03,cross-subject,AdaBN
19,16,1,0.000775200000134646,42,A03,cross-subject,AdaBN
20,16,0,0.0007898009998825728,42,A03,cross-subject,AdaBN
21,16,1,0.0005859420000433602,42,A03,cross-subject,AdaBN
22,16,1,0.00045489700005418854,42,A03,cross-subject,AdaBN
23,16,1,0.0006275690000165923,42,A03,cross-subject,AdaBN
24,16,0,0.000562939000019469,42,A03,cross-subject,AdaBN
25,16,0,0.00043508499993549776,42,A03,cross-subject,AdaBN
26,16,0,0.0005266880000363017,42,A03,cross-subject,AdaBN
27,16,1,0.0004342219999671215,42,A03,cross-subject,AdaBN
28,16,0,0.0005060870000761497,42,A03,cross-subject,AdaBN
29,16,0,0.0005638130000988895,42,A03,cross-subject,AdaBN
30,16,1,0.0006183220000366418,42,A03,cross-subject,AdaBN
31,16,1,0.0005484190000970557,42,A03,cross-subject,AdaBN
32,16,1,0.0007051729999147938,42,A03,cross-subject,AdaBN
33,16,1,0.0005526670001927414,42,A03,cross-subject,AdaBN
34,16,0,0.0010353180000493012,42,A03,cross-subject,AdaBN
35,16,1,0.0006073219999507273,42,A03,cross-subject,AdaBN
36,16,1,0.0007761639999444014,42,A03,cross-subject,AdaBN
37,16,1,0.0007199300000593212,42,A03,cross-subject,AdaBN
38,16,0,0.0007039129998247518,42,A03,cross-subject,AdaBN
39,16,0,0.000562809000030029,42,A03,cross-subject,AdaBN
40,16,0,0.0005650140001307591,42,A03,cross-subject,AdaBN
41,16,0,0.0006053760000668262,42,A03,cross-subject,AdaBN
42,16,0,0.0006214299999101058,42,A03,cross-subject,AdaBN
43,16,0,0.0006225790000371489,42,A03,cross-subject,AdaBN
44,16,1,0.0006848309999440971,42,A03,cross-subject,AdaBN
45,16,0,0.0007035420001102466,42,A03,cross-subject,AdaBN
46,16,0,0.0007490200000574987,42,A03,cross-subject,AdaBN
47,16,0,0.000767633000123169,42,A03,cross-subject,AdaBN
48,16,1,0.0007825079999292939,42,A03,cross-subject,AdaBN
49,16,0,0.0008629380001821119,42,A03,cross-subject,AdaBN
50,16,1,0.0008908330000849674,42,A03,cross-subject,AdaBN
51,16,1,0.0009427019999748154,42,A03,cross-subject,AdaBN
52,16,1,0.0010163869999360031,42,A03,cross-subject,AdaBN
53,16,1,0.0010965719998239365,42,A03,cross-subject,AdaBN
54,16,1,0.0011613490000854654,42,A03,cross-subject,AdaBN
55,16,1,0.0011991620001481351,42,A03,cross-subject,AdaBN
56,16,1,0.0012877950000529381,42,A03,cross-subject,AdaBN
57,16,0,0.0013826530000642379,42,A03,cross-subject,AdaBN
58,16,1,0.0015698479999173287,42,A03,cross-subject,AdaBN
59,16,1,0.001481483999896227,42,A03,cross-subject,AdaBN
60,16,1,0.0014623219999521098,42,A03,cross-subject,AdaBN
61,16,1,0.0013783590000002732,42,A03,cross-subject,AdaBN
62,16,1,0.0013260719999834691,42,A03,cross-subject,AdaBN
63,16,1,0.0012614560000656638,42,A03,cross-subject,AdaBN
64,16,1,0.0012480559998948593,42,A03,cross-subject,AdaBN
65,16,1,0.0012030589998630603,42,A03,cross-subject,AdaBN
66,16,1,0.0011183439999058464,42,A03,cross-subject,AdaBN
67,16,1,0.0011264730001130374,42,A03,cross-subject,AdaBN
68,16,1,0.001058281000041461,42,A03,cross-subject,AdaBN
69,16,1,0.0010136480000255688,42,A03,cross-subject,AdaBN
70,16,1,0.000982615000111764,42,A03,cross-subject,AdaBN
71,16,1,0.0009315889999470528,42,A03,cross-subject,AdaBN
72,16,1,0.0009180740000829246,42,A03,cross-subject,AdaBN
73,16,0,0.0008973070000592998,42,A03,cross-subject,AdaBN
74,16,0,0.0008540250000805827,42,A03,cross-subject,AdaBN
75,16,0,0.0008128070001021115,42,A03,cross-subject,AdaBN
76,16,0,0.0007785049999711191,42,A03,cross-subject,AdaBN
77,16,0,0.0007638940001015726,42,A03,cross-subject,AdaBN
78,16,1,0.0007520439999098016,42,A03,cross-subject,AdaBN
79,16,1,0.000716924000016661,42,A03,cross-subject,AdaBN
80,16,1,0.0007058780001898413,42,A03,cross-subject,AdaBN
81,16,0,0.0006862790000923269,42,A03,cross-subject,AdaBN
82,16,1,0.0006522010000935552,42,A03,cross-subject,AdaBN
83,16,1,0.000647860999833938,42,A03,cross-subject,AdaBN
84,16,0,0.0006411029999071616,42,A03,cross-subject,AdaBN
85,16,0,0.0006091140000989981,42,A03,cross-subject,AdaBN
86,16,1,0.0005666049999035749,42,A03,cross-subject,AdaBN
87,16,0,0.0005816729999423842,42,A03,cross-subject,AdaBN
88,16,1,0.0005528510000658571,42,A03,cross-subject,AdaBN
89,16,0,0.0005306169998675614,42,A03,cross-subject,AdaBN
90,16,1,0.0005251439999938157,42,A03,cross-subject,AdaBN
91,16,1,0.0004996229999960633,42,A03,cross-subject,AdaBN
92,16,1,0.0005125820000557724,42,A03,cross-subject,AdaBN
93,16,1,0.00048616000003676163,42,A03,cross-subject,AdaBN
94,16,0,0.0004764579998663976,42,A03,cross-subject,AdaBN
95,16,1,0.00047792100008337,42,A03,cross-subject,AdaBN
96,16,1,0.00044476800007942074,42,A03,cross-subject,AdaBN
97,16,1,0.00044146000004730013,42,A03,cross-subject,AdaBN
98,16,0,0.00041743199994925817,42,A03,cross-subject,AdaBN
99,16,1,0.00041528700012349873,42,A03,cross-subject,AdaBN
100,16,0,0.00039338199985650135,42,A03,cross-subject,AdaBN
101,16,0,0.0003904580000835267,42,A03,cross-subject,AdaBN
102,16,1,0.0003711570000177744,42,A03,cross-subject,AdaBN
103,16,0,0.00037026999984846043,42,A03,cross-subject,AdaBN
104,16,1,0.00041865200000756886,42,A03,cross-subject,AdaBN
105,16,1,0.00044554600003721134,42,A03,cross-subject,AdaBN
106,16,1,0.000440570000137086,42,A03,cross-subject,AdaBN
107,16,0,0.0003618680000272434,42,A03,cross-subject,AdaBN
108,16,0,0.0003829469999345747,42,A03,cross-subject,AdaBN
109,16,0,0.000352366000015536,42,A03,cross-subject,AdaBN
110,16,1,0.00041124299991679436,42,A03,cross-subject,AdaBN
111,16,1,0.00037317600003916596,42,A03,cross-subject,AdaBN
112,16,0,0.00041445900001235714,42,A03,cross-subject,AdaBN
113,16,1,0.0003633110000009765,42,A03,cross-subject,AdaBN
114,16,0,0.0003978170000209502,42,A03,cross-subject,AdaBN
115,16,0,0.0003612660000271717,42,A03,cross-subject,AdaBN
116,16,0,0.00039304699998865544,42,A03,cross-subject,AdaBN
117,16,0,0.00037959299993417517,42,A03,cross-subject,AdaBN
118,16,0,0.00042834200007746404,42,A03,cross-subject,AdaBN
119,16,0,0.00048511399995732063,42,A03,cross-subject,AdaBN
120,16,1,0.0003813250000348489,42,A03,cross-subject,AdaBN
121,16,1,0.0003938919999200152,42,A03,cross-subject,AdaBN
122,16,0,0.00036177700008011016,42,A03,cross-subject,AdaBN
123,16,1,0.0004142209998008184,42,A03,cross-subject,AdaBN
124,16,1,0.00037185199994382856,42,A03,cross-subject,AdaBN
125,16,0,0.00044498400006887096,42,A03,cross-subject,AdaBN
126,16,0,0.00036157299996375514,42,A03,cross-subject,AdaBN
127,16,0,0.00043072199991911475,42,A03,cross-subject,AdaBN
128,16,1,0.00036897899985888216,42,A03,cross-subject,AdaBN
129,16,0,0.00044083200009481516,42,A03,cross-subject,AdaBN
130,16,0,0.0004199709999284096,42,A03,cross-subject,AdaBN
131,16,1,0.000422350999997434,42,A03,cross-subject,AdaBN
132,16,1,0.00039110300008360355,42,A03,cross-subject,AdaBN
133,16,1,0.0003606440000112343,42,A03,cross-subject,AdaBN
134,16,1,0.00036990200010222907,42,A03,cross-subject,AdaBN
135,16,1,0.0003764190000765666,42,A03,cross-subject,AdaBN
136,16,0,0.00037466300000232877,42,A03,cross-subject,AdaBN
137,16,1,0.0003692919999593869,42,A03,cross-subject,AdaBN
138,16,1,0.0003609830000641523,42,A03,cross-subject,AdaBN
139,16,1,0.0003677180000067892,42,A03,cross-subject,AdaBN
140,16,1,0.00036359900013849256,42,A03,cross-subject,AdaBN
141,16,0,0.0003786320000926935,42,A03,cross-subject,AdaBN
142,16,0,0.0004819590001261531,42,A03,cross-subject,AdaBN
143,16,1,0.00041285999986939714,42,A03,cross-subject,AdaBN
144,16,1,0.00037400899987005687,42,A03,cross-subject,AdaBN
145,16,0,0.0003725639999174746,42,A03,cross-subject,AdaBN
146,16,0,0.0003664700000172161,42,A03,cross-subject,AdaBN
147,16,0,0.0004090059999271034,42,A03,cross-subject,AdaBN
148,16,0,0.00036701399994854,42,A03,cross-subject,AdaBN
149,16,0,0.0003672250002182409,42,A03,cross-subject,AdaBN
150,16,0,0.00036689199987449683,42,A03,cross-subject,AdaBN
151,16,1,0.0003657039999325207,42,A03,cross-subject,AdaBN
152,16,0,0.00037084600012349256,42,A03,cross-subject,AdaBN
153,16,1,0.0003971109999838518,42,A03,cross-subject,AdaBN
154,16,0,0.0004434130000845471,42,A03,cross-subject,AdaBN
155,16,1,0.00044939099984731,42,A03,cross-subject,AdaBN
156,16,1,0.00036460999990595155,42,A03,cross-subject,AdaBN
157,16,1,0.0003836649998447683,42,A03,cross-subject,AdaBN
158,16,1,0.0003672390000701853,42,A03,cross-subject,AdaBN
159,16,0,0.00036769100006495137,42,A03,cross-subject,AdaBN
160,16,1,0.00042142099982811487,42,A03,cross-subject,AdaBN
161,16,0,0.00036394599987943366,42,A03,cross-subject,AdaBN
162,16,1,0.0004188450000128796,42,A03,cross-subject,AdaBN
163,16,0,0.000407397999879322,42,A03,cross-subject,AdaBN
164,16,0,0.00044793300003220793,42,A03,cross-subject,AdaBN
165,16,1,0.00044295199995758594,42,A03,cross-subject,AdaBN
166,16,0,0.0004185120001238829,42,A03,cross-subject,AdaBN
167,16,0,0.00036527100019156933,42,A03,cross-subject,AdaBN
168,16,0,0.000411532000043735,42,A03,cross-subject,AdaBN
169,16,1,0.0003605379999953584,42,A03,cross-subject,AdaBN
170,16,1,0.00037439800007632584,42,A03,cross-subject,AdaBN
171,16,1,0.00039104300003600656,42,A03,cross-subject,AdaBN
172,16,0,0.000370171999975355,42,A03,cross-subject,AdaBN
173,16,1,0.0003796660000716656,42,A03,cross-subject,AdaBN
174,16,1,0.00038204499992389174,42,A03,cross-subject,AdaBN
175,16,1,0.0003756579999389942,42,A03,cross-subject,AdaBN
176,16,0,0.0004507640001065738,42,A03,cross-subject,AdaBN
177,16,1,0.0004464040000584646,42,A03,cross-subject,AdaBN
178,16,1,0.0003741559999070887,42,A03,cross-subject,AdaBN
179,16,1,0.00041152599987981375,42,A03,cross-subject,AdaBN
180,16,1,0.0003722660001130862,42,A03,cross-subject,AdaBN
181,16,1,0.00039973599996301346,42,A03,cross-subject,AdaBN
182,16,0,0.0003943970000364061,42,A03,cross-subject,AdaBN
183,16,1,0.00036174299998492643,42,A03,cross-subject,AdaBN
184,16,0,0.0003740879999440949,42,A03,cross-subject,AdaBN
185,16,1,0.0003926730000785028,42,A03,cross-subject,AdaBN
186,16,1,0.0004171269999915239,42,A03,cross-subject,AdaBN
187,16,0,0.00043485100013640476,42,A03,cross-subject,AdaBN
188,16,0,0.00038391800012504973,42,A03,cross-subject,AdaBN
189,16,0,0.0003693440000915871,42,A03,cross-subject,AdaBN
190,16,1,0.00038905700012037414,42,A03,cross-subject,AdaBN
191,16,1,0.00037280099991221505,42,A03,cross-subject,AdaBN
192,16,1,0.0003748209999230312,42,A03,cross-subject,AdaBN
193,16,1,0.00037035700006526895,42,A03,cross-subject,AdaBN
194,16,1,0.0003603870000006282,42,A03,cross-subject,AdaBN
195,16,0,0.0003624119999585673,42,A03,cross-subject,AdaBN
196,16,0,0.0003619310000431142,42,A03,cross-subject,AdaBN
197,16,1,0.0003910839998297888,42,A03,cross-subject,AdaBN
198,16,0,0.0004894629998943856,42,A03,cross-subject,AdaBN
199,16,0,0.0003966730000684038,42,A03,cross-subject,AdaBN
200,16,0,0.0004150800000388699,42,A03,cross-subject,AdaBN
201,16,0,0.0003883000001678738,42,A03,cross-subject,AdaBN
202,16,1,0.00035859399986293283,42,A03,cross-subject,AdaBN
203,16,1,0.0003757560000394733,42,A03,cross-subject,AdaBN
204,16,1,0.00039825899989409663,42,A03,cross-subject,AdaBN
205,16,1,0.0003594439999687893,42,A03,cross-subject,AdaBN
206,16,1,0.0003929480001261254,42,A03,cross-subject,AdaBN
207,16,1,0.00044481600002654886,42,A03,cross-subject,AdaBN
208,16,1,0.00042696599984992645,42,A03,cross-subject,AdaBN
209,16,0,0.0003967180000472581,42,A03,cross-subject,AdaBN
210,16,0,0.00038513899994541134,42,A03,cross-subject,AdaBN
211,16,0,0.0003701180000916793,42,A03,cross-subject,AdaBN
212,16,0,0.00038612399998783076,42,A03,cross-subject,AdaBN
213,16,1,0.00036902800002280856,42,A03,cross-subject,AdaBN
214,16,1,0.0003694430001814908,42,A03,cross-subject,AdaBN
215,16,0,0.0003713240000706719,42,A03,cross-subject,AdaBN
216,16,1,0.0003581580001537077,42,A03,cross-subject,AdaBN
217,16,1,0.0003637400000116031,42,A03,cross-subject,AdaBN
218,16,1,0.0003815640000084386,42,A03,cross-subject,AdaBN
219,16,1,0.00043079399983980693,42,A03,cross-subject,AdaBN
220,16,1,0.00045372499994300597,42,A03,cross-subject,AdaBN
221,16,0,0.00039010499995129067,42,A03,cross-subject,AdaBN
222,16,1,0.0003686800000650692,42,A03,cross-subject,AdaBN
223,16,0,0.00037064000002828834,42,A03,cross-subject,AdaBN
224,16,1,0.00037472799999704876,42,A03,cross-subject,AdaBN
225,16,0,0.00036908200013385795,42,A03,cross-subject,AdaBN
226,16,1,0.00036931599993295094,42,A03,cross-subject,AdaBN
227,16,0,0.0003639000001385284,42,A03,cross-subject,AdaBN
228,16,1,0.0003813579999132344,42,A03,cross-subject,AdaBN
229,16,0,0.0003759839999020187,42,A03,cross-subject,AdaBN
230,16,1,0.00046605500006080547,42,A03,cross-subject,AdaBN
231,16,1,0.00044089400012126134,42,A03,cross-subject,AdaBN
232,16,0,0.0004783680001310131,42,A03,cross-subject,AdaBN
233,16,0,0.0004206130001875863,42,A03,cross-subject,AdaBN
234,16,0,0.0003844899999876361,42,A03,cross-subject,AdaBN
235,16,1,0.00042999999982384907,42,A03,cross-subject,AdaBN
236,16,1,0.00037788099984936707,42,A03,cross-subject,AdaBN
237,16,0,0.0005511700001079589,42,A03,cross-subject,AdaBN
238,16,1,0.00039463300004172197,42,A03,cross-subject,AdaBN
239,16,1,0.000382539000156612,42,A03,cross-subject,AdaBN
240,16,0,0.0004351810000571277,42,A03,cross-subject,AdaBN
241,16,1,0.0004790529999354476,42,A03,cross-subject,AdaBN
242,16,0,0.00040798600002744934,42,A03,cross-subject,AdaBN
243,16,1,0.0004148630000599951,42,A03,cross-subject,AdaBN
244,16,1,0.00041649899981166527,42,A03,cross-subject,AdaBN
245,16,0,0.00037251999992804485,42,A03,cross-subject,AdaBN
246,16,1,0.0004298110000036104,42,A03,cross-subject,AdaBN
247,16,0,0.00038907099997231853,42,A03,cross-subject,AdaBN
248,16,0,0.00039542100012113224,42,A03,cross-subject,AdaBN
249,16,1,0.00039465100007873843,42,A03,cross-subject,AdaBN
250,16,1,0.00048128899993571395,42,A03,cross-subject,AdaBN
251,16,1,0.00040448499999001797,42,A03,cross-subject,AdaBN
252,16,0,0.00039728600017951976,42,A03,cross-subject,AdaBN
253,16,1,0.0003725389999544859,42,A03,cross-subject,AdaBN
254,16,1,0.00036185299995850073,42,A03,cross-subject,AdaBN
255,16,1,0.00040980599987960886,42,A03,cross-subject,AdaBN
256,16,1,0.00037301799989108986,42,A03,cross-subject,AdaBN
257,16,1,0.0003708389999701467,42,A03,cross-subject,AdaBN
258,16,1,0.00039875799984656624,42,A03,cross-subject,AdaBN
259,16,1,0.0003761880000183737,42,A03,cross-subject,AdaBN
260,16,0,0.0003886459999193903,42,A03,cross-subject,AdaBN
261,16,0,0.0005071440000392613,42,A03,cross-subject,AdaBN
262,16,1,0.00036324399980003363,42,A03,cross-subject,AdaBN
263,16,0,0.00039818000004743226,42,A03,cross-subject,AdaBN
264,16,0,0.0004176160000497475,42,A03,cross-subject,AdaBN
265,16,1,0.00036144499995316437,42,A03,cross-subject,AdaBN
266,16,1,0.0003872209999826737,42,A03,cross-subject,AdaBN
267,16,0,0.00037339899995458836,42,A03,cross-subject,AdaBN
268,16,1,0.00037740499988103693,42,A03,cross-subject,AdaBN
269,16,1,0.0003719920000548882,42,A03,cross-subject,AdaBN
270,16,0,0.0003677329998481582,42,A03,cross-subject,AdaBN
271,16,1,0.0004189629999018507,42,A03,cross-subject,AdaBN
272,16,0,0.0004497929999160988,42,A03,cross-subject,AdaBN
273,16,1,0.00038922299995647336,42,A03,cross-subject,AdaBN
274,16,0,0.00036792999981116736,42,A03,cross-subject,AdaBN
275,16,1,0.00037008100002822175,42,A03,cross-subject,AdaBN
276,16,1,0.00037308399987523444,42,A03,cross-subject,AdaBN
277,16,1,0.00037648700003956037,42,A03,cross-subject,AdaBN
278,16,1,0.00037129299994376197,42,A03,cross-subject,AdaBN
279,16,1,0.0003772350000872393,42,A03,cross-subject,AdaBN
280,16,1,0.0003962120001688163,42,A03,cross-subject,AdaBN
281,16,0,0.00038120699991850415,42,A03,cross-subject,AdaBN
282,16,1,0.00042262400006620737,42,A03,cross-subject,AdaBN
283,16,1,0.00044000999992022116,42,A03,cross-subject,AdaBN
284,16,0,0.0004145259999859263,42,A03,cross-subject,AdaBN
285,16,0,0.0003760489998967387,42,A03,cross-subject,AdaBN
286,16,0,0.00038530999995600723,42,A03,cross-subject,AdaBN
287,16,1,0.00040349699997932476,42,A03,cross-subject,AdaBN
0,1,0,0.0010896849998971447,42,A04,cross-subject,AdaBN
1,2,0,0.0010118349998720078,42,A04,cross-subject,AdaBN
2,3,0,0.0012757899999087385,42,A04,cross-subject,AdaBN
3,4,0,0.0013037170001553022,42,A04,cross-subject,AdaBN
4,5,1,0.0020718079999824113,42,A04,cross-subject,AdaBN
5,6,0,0.0020637640000131796,42,A04,cross-subject,AdaBN
6,7,0,0.002017906999981278,42,A04,cross-subject,AdaBN
7,8,0,0.001884530999859635,42,A04,cross-subject,AdaBN
8,9,0,0.001969981000002008,42,A04,cross-subject,AdaBN
9,10,1,0.0012058760000854818,42,A04,cross-subject,AdaBN
10,11,1,0.0008518370000274444,42,A04,cross-subject,AdaBN
11,12,1,0.0008021449998523167,42,A04,cross-subject,AdaBN
12,13,1,0.000785769000003711,42,A04,cross-subject,AdaBN
13,14,0,0.0008155159998750605,42,A04,cross-subject,AdaBN
14,15,1,0.0008020289999421948,42,A04,cross-subject,AdaBN
15,16,1,0.0008020220000162226,42,A04,cross-subject,AdaBN
16,16,0,0.0007835900000827678,42,A04,cross-subject,AdaBN
17,16,0,0.0007340740000927326,42,A04,cross-subject,AdaBN
18,16,0,0.00047514299990325526,42,A04,cross-subject,AdaBN
19,16,1,0.0006249570001273241,42,A04,cross-subject,AdaBN
20,16,1,0.0005392390000906744,42,A04,cross-subject,AdaBN
21,16,1,0.00046915200005059887,42,A04,cross-subject,AdaBN
22,16,0,0.0005293589999837423,42,A04,cross-subject,AdaBN
23,16,0,0.00043204000007790455,42,A04,cross-subject,AdaBN
24,16,0,0.0004901869999685005,42,A04,cross-subject,AdaBN
25,16,0,0.0005486120001023664,42,A04,cross-subject,AdaBN
26,16,1,0.0005520880001768091,42,A04,cross-subject,AdaBN
27,16,1,0.0005877199998849392,42,A04,cross-subject,AdaBN
28,16,0,0.0005550959999709448,42,A04,cross-subject,AdaBN
29,16,1,0.0006145649999780289,42,A04,cross-subject,AdaBN
30,16,1,0.0006331789998057502,42,A04,cross-subject,AdaBN
31,16,1,0.0005840480000642856,42,A04,cross-subject,AdaBN
32,16,0,0.00042690500004027854,42,A04,cross-subject,AdaBN
33,16,1,0.0005892430001495086,42,A04,cross-subject,AdaBN
34,16,1,0.0006505089997972391,42,A04,cross-subject,AdaBN
35,16,1,0.0005732309998620622,42,A04,cross-subject,AdaBN
36,16,0,0.0005370819999370724,42,A04,cross-subject,AdaBN
37,16,1,0.00046646000009786803,42,A04,cross-subject,AdaBN
38,16,0,0.0004768610001519846,42,A04,cross-subject,AdaBN
39,16,0,0.0004887939999207447,42,A04,cross-subject,AdaBN
40,16,0,0.00045307899995350454,42,A04,cross-subject,AdaBN
41,16,0,0.0004904900001747592,42,A04,cross-subject,AdaBN
42,16,0,0.0005098819999602711,42,A04,cross-subject,AdaBN
43,16,0,0.0005240259999936825,42,A04,cross-subject,AdaBN
44,16,1,0.0005397369998263457,42,A04,cross-subject,AdaBN
45,16,1,0.0005637699998715107,42,A04,cross-subject,AdaBN
46,16,1,0.0005849960000432475,42,A04,cross-subject,AdaBN
47,16,0,0.0006355370001074334,42,A04,cross-subject,AdaBN
48,16,0,0.0006427319999602332,42,A04,cross-subject,AdaBN
49,16,0,0.0006689580000056594,42,A04,cross-subject,AdaBN
50,16,0,0.000710319000063464,42,A04,cross-subject,AdaBN
51,16,0,0.0007761249999020947,42,A04,cross-subject,AdaBN
52,16,0,0.0012359439999727329,42,A04,cross-subject,AdaBN
53,16,0,0.0009281740001370054,42,A04,cross-subject,AdaBN
54,16,0,0.0008388030000787694,42,A04,cross-subject,AdaBN
55,16,1,0.0008103990001018246,42,A04,cross-subject,AdaBN
56,16,1,0.0007703999999648659,42,A04,cross-subject,AdaBN
57,16,0,0.0007976130000315607,42,A04,cross-subject,AdaBN
58,16,1,0.0007680100000015955,42,A04,cross-subject,AdaBN
59,16,1,0.0007273329999861744,42,A04,cross-subject,AdaBN
60,16,0,0.0007238119999328774,42,A04,cross-subject,AdaBN
61,16,1,0.0007138119999581249,42,A04,cross-subject,AdaBN
62,16,0,0.0006580130000202189,42,A04,cross-subject,AdaBN
63,16,0,0.0006700870001168369,42,A04,cross-subject,AdaBN
64,16,0,0.0006657809999524034,42,A04,cross-subject,AdaBN
65,16,0,0.000637464999954318,42,A04,cross-subject,AdaBN
66,16,0,0.0006335000000490254,42,A04,cross-subject,AdaBN
67,16,1,0.0006206449997989694,42,A04,cross-subject,AdaBN
68,16,0,0.0005897360001654306,42,A04,cross-subject,AdaBN
69,16,0,0.0005877060000329948,42,A04,cross-subject,AdaBN
70,16,0,0.0005737450001106481,42,A04,cross-subject,AdaBN
71,16,0,0.0005631879998873046,42,A04,cross-subject,AdaBN
72,16,1,0.0005513060000339465,42,A04,cross-subject,AdaBN
73,16,0,0.0005627010000353039,42,A04,cross-subject,AdaBN
74,16,0,0.0005376870001327916,42,A04,cross-subject,AdaBN
75,16,0,0.0005130700001245714,42,A04,cross-subject,AdaBN
76,16,1,0.000510964000113745,42,A04,cross-subject,AdaBN
77,16,1,0.0005055940000602277,42,A04,cross-subject,AdaBN
78,16,0,0.00047929700008353393,42,A04,cross-subject,AdaBN
79,16,0,0.00047939000000951637,42,A04,cross-subject,AdaBN
80,16,1,0.0004594039999119559,42,A04,cross-subject,AdaBN
81,16,0,0.0004717939998499787,42,A04,cross-subject,AdaBN
82,16,1,0.0004489469999953144,42,A04,cross-subject,AdaBN
83,16,1,0.0004392509999888716,42,A04,cross-subject,AdaBN
84,16,0,0.00043170999992980796,42,A04,cross-subject,AdaBN
85,16,0,0.00041284600001745275,42,A04,cross-subject,AdaBN
86,16,0,0.00040704599996388424,42,A04,cross-subject,AdaBN
87,16,0,0.00045206700019662094,42,A04,cross-subject,AdaBN
88,16,1,0.00040615100010654714,42,A04,cross-subject,AdaBN
89,16,1,0.0004342820000147185,42,A04,cross-subject,AdaBN
90,16,0,0.0003753809999125224,42,A04,cross-subject,AdaBN
91,16,1,0.0003944049999518029,42,A04,cross-subject,AdaBN
92,16,1,0.00036060900015399966,42,A04,cross-subject,AdaBN
93,16,0,0.00040099400007420627,42,A04,cross-subject,AdaBN
94,16,1,0.00043651900000440946,42,A04,cross-subject,AdaBN
95,16,0,0.00035917100012738956,42,A04,cross-subject,AdaBN
96,16,0,0.00046651899992866674,42,A04,cross-subject,AdaBN
97,16,0,0.00039780099996278295,42,A04,cross-subject,AdaBN
98,16,0,0.0004143720000229223,42,A04,cross-subject,AdaBN
99,16,0,0.000362975000143706,42,A04,cross-subject,AdaBN
100,16,0,0.0003596069998366147,42,A04,cross-subject,AdaBN
101,16,1,0.0003844479999770556,42,A04,cross-subject,AdaBN
102,16,0,0.00044039700014764094,42,A04,cross-subject,AdaBN
103,16,0,0.00044763400001102127,42,A04,cross-subject,AdaBN
104,16,0,0.00044467099996836623,42,A04,cross-subject,AdaBN
105,16,1,0.00038951599981373874,42,A04,cross-subject,AdaBN
106,16,0,0.0004279650001990376,42,A04,cross-subject,AdaBN
107,16,0,0.0004273090000879165,42,A04,cross-subject,AdaBN
108,16,1,0.0004445010001745686,42,A04,cross-subject,AdaBN
109,16,0,0.0003913990001365164,42,A04,cross-subject,AdaBN
110,16,1,0.00039863199981482467,42,A04,cross-subject,AdaBN
111,16,0,0.00040705199990043184,42,A04,cross-subject,AdaBN
112,16,1,0.000382270000045537,42,A04,cross-subject,AdaBN
113,16,0,0.00039547599999423255,42,A04,cross-subject,AdaBN
114,16,0,0.00036516599993774435,42,A04,cross-subject,AdaBN
115,16,0,0.0003666860000066663,42,A04,cross-subject,AdaBN
116,16,0,0.0004823060000944679,42,A04,cross-subject,AdaBN
117,16,1,0.00044366499992065656,42,A04,cross-subject,AdaBN
118,16,1,0.0004297609998502594,42,A04,cross-subject,AdaBN
119,16,1,0.0004322780000620696,42,A04,cross-subject,AdaBN
120,16,0,0.0004385990000628226,42,A04,cross-subject,AdaBN
121,16,1,0.00045412600002237014,42,A04,cross-subject,AdaBN
122,16,0,0.00043327799994585803,42,A04,cross-subject,AdaBN
123,16,1,0.00038424800004577264,42,A04,cross-subject,AdaBN
124,16,0,0.00038996599982965563,42,A04,cross-subject,AdaBN
125,16,0,0.0003686770000967954,42,A04,cross-subject,AdaBN
126,16,0,0.0004490500000429165,42,A04,cross-subject,AdaBN
127,16,0,0.00037377900002866227,42,A04,cross-subject,AdaBN
128,16,0,0.00036437900007513235,42,A04,cross-subject,AdaBN
129,16,0,0.0005091719999654742,42,A04,cross-subject,AdaBN
130,16,0,0.0003984289999152679,42,A04,cross-subject,AdaBN
131,16,0,0.000469762999955492,42,A04,cross-subject,AdaBN
132,16,1,0.0004632719999335677,42,A04,cross-subject,AdaBN
133,16,0,0.00039024099987727823,42,A04,cross-subject,AdaBN
134,16,1,0.00037517800001296564,42,A04,cross-subject,AdaBN
135,16,0,0.00041561100010767404,42,A04,cross-subject,AdaBN
136,16,0,0.00036678099991149793,42,A04,cross-subject,AdaBN
137,16,1,0.000375660999907268,42,A04,cross-subject,AdaBN
138,16,0,0.00037178700017648225,42,A04,cross-subject,AdaBN
139,16,1,0.00039178999986688723,42,A04,cross-subject,AdaBN
140,16,1,0.0003860589999931108,42,A04,cross-subject,AdaBN
141,16,1,0.0003639589999693271,42,A04,cross-subject,AdaBN
142,16,1,0.00036609299991141597,42,A04,cross-subject,AdaBN
143,16,1,0.0003738630000498233,42,A04,cross-subject,AdaBN
144,16,0,0.0003616520000377932,42,A04,cross-subject,AdaBN
145,16,1,0.0003645309998319135,42,A04,cross-subject,AdaBN
146,16,0,0.0003634560000591591,42,A04,cross-subject,AdaBN
147,16,1,0.0003587050000533054,42,A04,cross-subject,AdaBN
148,16,0,0.00036481500001173117,42,A04,cross-subject,AdaBN
149,16,1,0.00039823899987823097,42,A04,cross-subject,AdaBN
150,16,0,0.00035801000012725126,42,A04,cross-subject,AdaBN
151,16,0,0.0004053659999954107,42,A04,cross-subject,AdaBN
152,16,1,0.00038419599991357245,42,A04,cross-subject,AdaBN
153,16,1,0.00038175899999259855,42,A04,cross-subject,AdaBN
154,16,0,0.0005286580001211405,42,A04,cross-subject,AdaBN
155,16,0,0.00040123500002664514,42,A04,cross-subject,AdaBN
156,16,0,0.000364478999927087,42,A04,cross-subject,AdaBN
157,16,1,0.00040980099993248587,42,A04,cross-subject,AdaBN
158,16,0,0.0003596530000322673,42,A04,cross-subject,AdaBN
159,16,0,0.0003624849998686841,42,A04,cross-subject,AdaBN
160,16,0,0.0004598040000018955,42,A04,cross-subject,AdaBN
161,16,0,0.0004139759998906811,42,A04,cross-subject,AdaBN
162,16,0,0.00041767299990169704,42,A04,cross-subject,AdaBN
163,16,0,0.00044200599995747325,42,A04,cross-subject,AdaBN
164,16,1,0.0003540229999998701,42,A04,cross-subject,AdaBN
165,16,1,0.00038130300004013407,42,A04,cross-subject,AdaBN
166,16,1,0.0004005900000265683,42,A04,cross-subject,AdaBN
167,16,0,0.00036333299999569135,42,A04,cross-subject,AdaBN
168,16,0,0.0004050800000641175,42,A04,cross-subject,AdaBN
169,16,1,0.0004125970001496171,42,A04,cross-subject,AdaBN
170,16,1,0.00036427000009098265,42,A04,cross-subject,AdaBN
171,16,0,0.00043349399993530824,42,A04,cross-subject,AdaBN
172,16,0,0.0004067439999744238,42,A04,cross-subject,AdaBN
173,16,0,0.0003634239999428246,42,A04,cross-subject,AdaBN
174,16,1,0.0004180809999070334,42,A04,cross-subject,AdaBN
175,16,0,0.00039159300013125176,42,A04,cross-subject,AdaBN
176,16,0,0.0003664640000806685,42,A04,cross-subject,AdaBN
177,16,0,0.0004187419999652775,42,A04,cross-subject,AdaBN
178,16,1,0.0003860529998291895,42,A04,cross-subject,AdaBN
179,16,1,0.00036843199995928444,42,A04,cross-subject,AdaBN
180,16,1,0.0004137440000704373,42,A04,cross-subject,AdaBN
181,16,0,0.000367213000117772,42,A04,cross-subject,AdaBN
182,16,0,0.00036583199994311144,42,A04,cross-subject,AdaBN
183,16,0,0.0004339449999406497,42,A04,cross-subject,AdaBN
184,16,0,0.0003598210000745894,42,A04,cross-subject,AdaBN
185,16,0,0.0003629879997788521,42,A04,cross-subject,AdaBN
186,16,1,0.0004206820001400047,42,A04,cross-subject,AdaBN
187,16,0,0.00036235599986866873,42,A04,cross-subject,AdaBN
188,16,0,0.0003684910000174568,42,A04,cross-subject,AdaBN
189,16,0,0.00037859700000808516,42,A04,cross-subject,AdaBN
190,16,1,0.0003722120000020368,42,A04,cross-subject,AdaBN
191,16,0,0.00036742300017067464,42,A04,cross-subject,AdaBN
192,16,0,0.00036117000013291545,42,A04,cross-subject,AdaBN
193,16,0,0.00039692899986221164,42,A04,cross-subject,AdaBN
194,16,1,0.00036088700016989606,42,A04,cross-subject,AdaBN
195,16,0,0.0003668900001230213,42,A04,cross-subject,AdaBN
196,16,0,0.00036683299981632445,42,A04,cross-subject,AdaBN
197,16,0,0.0003616330000113521,42,A04,cross-subject,AdaBN
198,16,1,0.00038734000008844305,42,A04,cross-subject,AdaBN
199,16,0,0.00037532900000769587,42,A04,cross-subject,AdaBN
200,16,1,0.00036477499997999985,42,A04,cross-subject,AdaBN
201,16,1,0.0003718760001447663,42,A04,cross-subject,AdaBN
202,16,0,0.00036671499992735335,42,A04,cross-subject,AdaBN
203,16,0,0.0004566370000702591,42,A04,cross-subject,AdaBN
204,16,0,0.00039829499996812956,42,A04,cross-subject,AdaBN
205,16,1,0.0003700819997902727,42,A04,cross-subject,AdaBN
206,16,0,0.0003579480001008051,42,A04,cross-subject,AdaBN
207,16,0,0.00037460500016095466,42,A04,cross-subject,AdaBN
208,16,1,0.00036459300008573337,42,A04,cross-subject,AdaBN
209,16,0,0.00036746500018125516,42,A04,cross-subject,AdaBN
210,16,0,0.00035807499989459757,42,A04,cross-subject,AdaBN
211,16,0,0.0003678389998640341,42,A04,cross-subject,AdaBN
212,16,0,0.0003626370000802126,42,A04,cross-subject,AdaBN
213,16,0,0.00037451200000759854,42,A04,cross-subject,AdaBN
214,16,0,0.00036161200000606186,42,A04,cross-subject,AdaBN
215,16,1,0.00044835200014858856,42,A04,cross-subject,AdaBN
216,16,1,0.0005691970000043511,42,A04,cross-subject,AdaBN
217,16,1,0.0004537170000276092,42,A04,cross-subject,AdaBN
218,16,1,0.0004210329998386442,42,A04,cross-subject,AdaBN
219,16,1,0.0003820130000349309,42,A04,cross-subject,AdaBN
220,16,0,0.0004343350001363433,42,A04,cross-subject,AdaBN
221,16,0,0.00040046399999482674,42,A04,cross-subject,AdaBN
222,16,0,0.0003652379998584365,42,A04,cross-subject,AdaBN
223,16,0,0.00037357599990173185,42,A04,cross-subject,AdaBN
224,16,0,0.0004142709999541694,42,A04,cross-subject,AdaBN
225,16,1,0.0004353890001311811,42,A04,cross-subject,AdaBN
226,16,1,0.0004086120000010851,42,A04,cross-subject,AdaBN
227,16,1,0.0004145160000916803,42,A04,cross-subject,AdaBN
228,16,0,0.0003685470001073554,42,A04,cross-subject,AdaBN
229,16,1,0.00038932699999350007,42,A04,cross-subject,AdaBN
230,16,1,0.00039896600014799333,42,A04,cross-subject,AdaBN
231,16,0,0.0003808270000718039,42,A04,cross-subject,AdaBN
232,16,0,0.00041152199992211536,42,A04,cross-subject,AdaBN
233,16,1,0.0003903970000465051,42,A04,cross-subject,AdaBN
234,16,1,0.0003678790001231391,42,A04,cross-subject,AdaBN
235,16,1,0.0004533080000328482,42,A04,cross-subject,AdaBN
236,16,0,0.00046734899979128386,42,A04,cross-subject,AdaBN
237,16,0,0.0003652880000117875,42,A04,cross-subject,AdaBN
238,16,1,0.0003638630000750709,42,A04,cross-subject,AdaBN
239,16,0,0.0003706179998061998,42,A04,cross-subject,AdaBN
240,16,0,0.0003589860000374756,42,A04,cross-subject,AdaBN
241,16,0,0.00036948299998584844,42,A04,cross-subject,AdaBN
242,16,0,0.000366251999821543,42,A04,cross-subject,AdaBN
243,16,0,0.00036295099994276825,42,A04,cross-subject,AdaBN
244,16,0,0.0003755360000923247,42,A04,cross-subject,AdaBN
245,16,1,0.0003670680000595894,42,A04,cross-subject,AdaBN
246,16,0,0.00044964099993194395,42,A04,cross-subject,AdaBN
247,16,0,0.0004394889999730367,42,A04,cross-subject,AdaBN
248,16,1,0.00036638999995375343,42,A04,cross-subject,AdaBN
249,16,0,0.0003817280000930623,42,A04,cross-subject,AdaBN
250,16,0,0.0003905280000253697,42,A04,cross-subject,AdaBN
251,16,1,0.00036212800000612333,42,A04,cross-subject,AdaBN
252,16,1,0.0003665700000965444,42,A04,cross-subject,AdaBN
253,16,1,0.00037412500000755244,42,A04,cross-subject,AdaBN
254,16,0,0.00035873599995284167,42,A04,cross-subject,AdaBN
255,16,0,0.00037850299986530445,42,A04,cross-subject,AdaBN
256,16,0,0.0003671360000225832,42,A04,cross-subject,AdaBN
257,16,1,0.0004402550000577321,42,A04,cross-subject,AdaBN
258,16,0,0.00039630500009479874,42,A04,cross-subject,AdaBN
259,16,1,0.000372483000091961,42,A04,cross-subject,AdaBN
260,16,0,0.0003602130000217585,42,A04,cross-subject,AdaBN
261,16,1,0.0003787790001297253,42,A04,cross-subject,AdaBN
262,16,1,0.00036986300005992234,42,A04,cross-subject,AdaBN
263,16,1,0.000368144999811193,42,A04,cross-subject,AdaBN
264,16,0,0.00037024900007054384,42,A04,cross-subject,AdaBN
265,16,0,0.000378804000092714,42,A04,cross-subject,AdaBN
266,16,1,0.0003580449999844859,42,A04,cross-subject,AdaBN
267,16,0,0.0003881039999669156,42,A04,cross-subject,AdaBN
268,16,1,0.00046877899990249716,42,A04,cross-subject,AdaBN
269,16,0,0.00043519699988792127,42,A04,cross-subject,AdaBN
270,16,0,0.0003829019999557204,42,A04,cross-subject,AdaBN
271,16,1,0.000374381000028734,42,A04,cross-subject,AdaBN
272,16,1,0.0003609949999372475,42,A04,cross-subject,AdaBN
273,16,1,0.00041433399997004017,42,A04,cross-subject,AdaBN
274,16,0,0.0003701210000599531,42,A04,cross-subject,AdaBN
275,16,1,0.000361590000011347,42,A04,cross-subject,AdaBN
276,16,0,0.00038894599993000156,42,A04,cross-subject,AdaBN
277,16,1,0.00041174099987983936,42,A04,cross-subject,AdaBN
278,16,1,0.00043447799998830305,42,A04,cross-subject,AdaBN
279,16,1,0.0004316849999668193,42,A04,cross-subject,AdaBN
280,16,0,0.0003646310001386155,42,A04,cross-subject,AdaBN
281,16,0,0.0003635299999587005,42,A04,cross-subject,AdaBN
282,16,0,0.0003790819998812367,42,A04,cross-subject,AdaBN
283,16,0,0.00036537699998007156,42,A04,cross-subject,AdaBN
284,16,0,0.0003645249998953659,42,A04,cross-subject,AdaBN
285,16,0,0.00037572799988083716,42,A04,cross-subject,AdaBN
286,16,0,0.0003733319999810192,42,A04,cross-subject,AdaBN
287,16,0,0.00037201600002845225,42,A04,cross-subject,AdaBN
0,1,1,0.0010895090001667995,42,A05,cross-subject,AdaBN
1,2,0,0.0009656400000039866,42,A05,cross-subject,AdaBN
2,3,0,0.0013388040001700574,42,A05,cross-subject,AdaBN
3,4,1,0.0009820899999795074,42,A05,cross-subject,AdaBN
4,5,0,0.0015605309999955352,42,A05,cross-subject,AdaBN
5,6,0,0.0021639849999246508,42,A05,cross-subject,AdaBN
6,7,0,0.0020321259999036556,42,A05,cross-subject,AdaBN
7,8,0,0.0019221899999593006,42,A05,cross-subject,AdaBN
8,9,1,0.001964467999869157,42,A05,cross-subject,AdaBN
9,10,0,0.001904560999946625,42,A05,cross-subject,AdaBN
10,11,1,0.001630708999982744,42,A05,cross-subject,AdaBN
11,12,0,0.0016790390000096522,42,A05,cross-subject,AdaBN
12,13,0,0.001594180000211054,42,A05,cross-subject,AdaBN
13,14,1,0.0016424929999629967,42,A05,cross-subject,AdaBN
14,15,0,0.0013323519999630662,42,A05,cross-subject,AdaBN
15,16,0,0.0010880209999868384,42,A05,cross-subject,AdaBN
16,16,0,0.0010347140000703803,42,A05,cross-subject,AdaBN
17,16,0,0.0010262710000006336,42,A05,cross-subject,AdaBN
18,16,0,0.0010308809999060031,42,A05,cross-subject,AdaBN
19,16,0,0.0010289580000062415,42,A05,cross-subject,AdaBN
20,16,1,0.0010708180000165157,42,A05,cross-subject,AdaBN
21,16,0,0.0011690129999806231,42,A05,cross-subject,AdaBN
22,16,1,0.0011405669999930979,42,A05,cross-subject,AdaBN
23,16,1,0.0010548870000093302,42,A05,cross-subject,AdaBN
24,16,0,0.0009895719999803987,42,A05,cross-subject,AdaBN
25,16,0,0.0008229309999023826,42,A05,cross-subject,AdaBN
26,16,0,0.00046224600009736605,42,A05,cross-subject,AdaBN
27,16,0,0.0005342529998415557,42,A05,cross-subject,AdaBN
28,16,0,0.0004465229999368603,42,A05,cross-subject,AdaBN
29,16,1,0.0005290060000788799,42,A05,cross-subject,AdaBN
30,16,0,0.0005189589999190503,42,A05,cross-subject,AdaBN
31,16,1,0.0003937369999675866,42,A05,cross-subject,AdaBN
32,16,1,0.00041771099995457917,42,A05,cross-subject,AdaBN
33,16,0,0.00038872200002515456,42,A05,cross-subject,AdaBN
34,16,0,0.0004135459998906299,42,A05,cross-subject,AdaBN
35,16,1,0.00037545200007116364,42,A05,cross-subject,AdaBN
36,16,0,0.0003958750000947475,42,A05,cross-subject,AdaBN
37,16,1,0.00046456800009764265,42,A05,cross-subject,AdaBN
38,16,1,0.0005496809999385732,42,A05,cross-subject,AdaBN
39,16,0,0.0004933740001433762,42,A05,cross-subject,AdaBN
40,16,0,0.0004903389999526553,42,A05,cross-subject,AdaBN
41,16,0,0.0004392129999359895,42,A05,cross-subject,AdaBN
42,16,1,0.0004877640001268446,42,A05,cross-subject,AdaBN
43,16,0,0.00045776000001751527,42,A05,cross-subject,AdaBN
44,16,0,0.0004519890001120075,42,A05,cross-subject,AdaBN
45,16,0,0.000496634000000995,42,A05,cross-subject,AdaBN
46,16,0,0.00044016800006829726,42,A05,cross-subject,AdaBN
47,16,0,0.00042474999986552575,42,A05,cross-subject,AdaBN
48,16,1,0.00039255799993043183,42,A05,cross-subject,AdaBN
49,16,0,0.00042130000019824365,42,A05,cross-subject,AdaBN
50,16,0,0.0003596589999688149,42,A05,cross-subject,AdaBN
51,16,0,0.0004062870000325347,42,A05,cross-subject,AdaBN
52,16,0,0.0003592100001696963,42,A05,cross-subject,AdaBN
53,16,0,0.00048106999997798994,42,A05,cross-subject,AdaBN
54,16,0,0.0004115340000225842,42,A05,cross-subject,AdaBN
55,16,0,0.00043847300003108103,42,A05,cross-subject,AdaBN
56,16,0,0.0003681829998640751,42,A05,cross-subject,AdaBN
57,16,0,0.0004364880001048732,42,A05,cross-subject,AdaBN
58,16,0,0.0003928559999621939,42,A05,cross-subject,AdaBN
59,16,0,0.00045982599999661034,42,A05,cross-subject,AdaBN
60,16,1,0.0003773599999021826,42,A05,cross-subject,AdaBN
61,16,0,0.00042048299997077265,42,A05,cross-subject,AdaBN
62,16,0,0.0003746059999230056,42,A05,cross-subject,AdaBN
63,16,0,0.0004530449998583208,42,A05,cross-subject,AdaBN
64,16,0,0.00036255999998502375,42,A05,cross-subject,AdaBN
65,16,0,0.00044222099995749886,42,A05,cross-subject,AdaBN
66,16,0,0.0004297539999242872,42,A05,cross-subject,AdaBN
67,16,1,0.0004575269999804732,42,A05,cross-subject,AdaBN
68,16,0,0.00037050600008115,42,A05,cross-subject,AdaBN
69,16,0,0.00040188499997384497,42,A05,cross-subject,AdaBN
70,16,0,0.00038801400000920694,42,A05,cross-subject,AdaBN
71,16,1,0.00037052799984849116,42,A05,cross-subject,AdaBN
72,16,0,0.0004027579998364672,42,A05,cross-subject,AdaBN
73,16,0,0.00040522399990550184,42,A05,cross-subject,AdaBN
74,16,0,0.0004093919999377249,42,A05,cross-subject,AdaBN
75,16,1,0.00036819800016019144,42,A05,cross-subject,AdaBN
76,16,1,0.0004228150000926689,42,A05,cross-subject,AdaBN
77,16,0,0.00037223399999675166,42,A05,cross-subject,AdaBN
78,16,0,0.0004468419999739126,42,A05,cross-subject,AdaBN
79,16,0,0.0004572000000280241,42,A05,cross-subject,AdaBN
80,16,0,0.0004093989998636971,42,A05,cross-subject,AdaBN
81,16,0,0.0004276570000456559,42,A05,cross-subject,AdaBN
82,16,0,0.00036168899987387704,42,A05,cross-subject,AdaBN
83,16,1,0.00040643600004841574,42,A05,cross-subject,AdaBN
84,16,0,0.0003764510001929011,42,A05,cross-subject,AdaBN
85,16,0,0.0003836030000456958,42,A05,cross-subject,AdaBN
86,16,0,0.00037826799984941317,42,A05,cross-subject,AdaBN
87,16,1,0.0003798539999024797,42,A05,cross-subject,AdaBN
88,16,0,0.0003869429999667773,42,A05,cross-subject,AdaBN
89,16,0,0.0003697760000704875,42,A05,cross-subject,AdaBN
90,16,0,0.00038735599991923664,42,A05,cross-subject,AdaBN
91,16,1,0.0004027159998258867,42,A05,cross-subject,AdaBN
92,16,0,0.0004869430001690489,42,A05,cross-subject,AdaBN
93,16,0,0.00040565700010120054,42,A05,cross-subject,AdaBN
94,16,0,0.00039209400006257056,42,A05,cross-subject,AdaBN
95,16,1,0.00041786200017668307,42,A05,cross-subject,AdaBN
96,16,0,0.0003969409999626805,42,A05,cross-subject,AdaBN
97,16,0,0.00042674599990277784,42,A05,cross-subject,AdaBN
98,16,0,0.0003575959999579936,42,A05,cross-subject,AdaBN
99,16,1,0.0004023579999739013,42,A05,cross-subject,AdaBN
100,16,0,0.00037484800009224273,42,A05,cross-subject,AdaBN
101,16,0,0.000419192999970619,42,A05,cross-subject,AdaBN
102,16,0,0.00045831600004930806,42,A05,cross-subject,AdaBN
103,16,0,0.00047476000008828123,42,A05,cross-subject,AdaBN
104,16,1,0.00042027399990729464,42,A05,cross-subject,AdaBN
105,16,0,0.00039886199988359294,42,A05,cross-subject,AdaBN
106,16,1,0.00036133200001131627,42,A05,cross-subject,AdaBN
107,16,0,0.0004442969998308399,42,A05,cross-subject,AdaBN
108,16,1,0.0003926939998564194,42,A05,cross-subject,AdaBN
109,16,0,0.0003814729998339317,42,A05,cross-subject,AdaBN
110,16,0,0.00040852600000107486,42,A05,cross-subject,AdaBN
111,16,0,0.0003715489999649435,42,A05,cross-subject,AdaBN
112,16,0,0.00037539799996011425,42,A05,cross-subject,AdaBN
113,16,0,0.00043774499999926775,42,A05,cross-subject,AdaBN
114,16,0,0.00043193999999857624,42,A05,cross-subject,AdaBN
115,16,0,0.00043503200004124665,42,A05,cross-subject,AdaBN
116,16,0,0.00040104700019583106,42,A05,cross-subject,AdaBN
117,16,0,0.0003971569999521307,42,A05,cross-subject,AdaBN
118,16,0,0.00037233600005492917,42,A05,cross-subject,AdaBN
119,16,0,0.0003634769998370757,42,A05,cross-subject,AdaBN
120,16,1,0.0003667470000436879,42,A05,cross-subject,AdaBN
121,16,1,0.00037235399986457196,42,A05,cross-subject,AdaBN
122,16,1,0.0003625439999268565,42,A05,cross-subject,AdaBN
123,16,0,0.0003702809999595047,42,A05,cross-subject,AdaBN
124,16,0,0.00042104399994968844,42,A05,cross-subject,AdaBN
125,16,0,0.0003970509999362548,42,A05,cross-subject,AdaBN
126,16,0,0.0004935760000535083,42,A05,cross-subject,AdaBN
127,16,1,0.00040781199982120597,42,A05,cross-subject,AdaBN
128,16,0,0.00038141999993968057,42,A05,cross-subject,AdaBN
129,16,1,0.00043740599994634977,42,A05,cross-subject,AdaBN
130,16,0,0.00036768500012840377,42,A05,cross-subject,AdaBN
131,16,1,0.0004286850000880804,42,A05,cross-subject,AdaBN
132,16,0,0.0004722449998553202,42,A05,cross-subject,AdaBN
133,16,1,0.0003717689999120921,42,A05,cross-subject,AdaBN
134,16,0,0.0004219579998334666,42,A05,cross-subject,AdaBN
135,16,0,0.00045693800007029495,42,A05,cross-subject,AdaBN
136,16,0,0.00041405699994356837,42,A05,cross-subject,AdaBN
137,16,1,0.0004277680000086548,42,A05,cross-subject,AdaBN
138,16,0,0.0004049720000693924,42,A05,cross-subject,AdaBN
139,16,0,0.00038606500015703205,42,A05,cross-subject,AdaBN
140,16,0,0.00048665200006325904,42,A05,cross-subject,AdaBN
141,16,1,0.00041290699982710066,42,A05,cross-subject,AdaBN
142,16,0,0.0003943890001210093,42,A05,cross-subject,AdaBN
143,16,1,0.0004044430002068111,42,A05,cross-subject,AdaBN
144,16,1,0.00039955900001586997,42,A05,cross-subject,AdaBN
145,16,1,0.0003849740000987367,42,A05,cross-subject,AdaBN
146,16,0,0.000474344999929599,42,A05,cross-subject,AdaBN
147,16,0,0.0004355609999038279,42,A05,cross-subject,AdaBN
148,16,1,0.00038196900004550116,42,A05,cross-subject,AdaBN
149,16,1,0.0004192489998331439,42,A05,cross-subject,AdaBN
150,16,0,0.0003668509998533409,42,A05,cross-subject,AdaBN
151,16,0,0.0003778609998335014,42,A05,cross-subject,AdaBN
152,16,0,0.00040007500001593144,42,A05,cross-subject,AdaBN
153,16,1,0.0003659110000171495,42,A05,cross-subject,AdaBN
154,16,0,0.00041882300001816475,42,A05,cross-subject,AdaBN
155,16,1,0.0003982329999416834,42,A05,cross-subject,AdaBN
156,16,1,0.00037200800011305546,42,A05,cross-subject,AdaBN
157,16,1,0.000441138000041974,42,A05,cross-subject,AdaBN
158,16,0,0.0004464049998205155,42,A05,cross-subject,AdaBN
159,16,1,0.000380237999934252,42,A05,cross-subject,AdaBN
160,16,0,0.0004095529998267011,42,A05,cross-subject,AdaBN
161,16,0,0.0003884269999616663,42,A05,cross-subject,AdaBN
162,16,0,0.00037028800011285057,42,A05,cross-subject,AdaBN
163,16,0,0.00041555899997547385,42,A05,cross-subject,AdaBN
164,16,1,0.0003766790000554465,42,A05,cross-subject,AdaBN
165,16,0,0.00036575100011759787,42,A05,cross-subject,AdaBN
166,16,0,0.00041101900001194736,42,A05,cross-subject,AdaBN
167,16,0,0.00037323700007618754,42,A05,cross-subject,AdaBN
168,16,0,0.00040820899994287174,42,A05,cross-subject,AdaBN
169,16,0,0.0005238389999249193,42,A05,cross-subject,AdaBN
170,16,1,0.0003770349999285827,42,A05,cross-subject,AdaBN
171,16,0,0.0004049450001275545,42,A05,cross-subject,AdaBN
172,16,0,0.00041051800008062855,42,A05,cross-subject,AdaBN
173,16,0,0.0003780859999551467,42,A05,cross-subject,AdaBN
174,16,0,0.00041804600004979875,42,A05,cross-subject,AdaBN
175,16,0,0.00046989299994493194,42,A05,cross-subject,AdaBN
176,16,0,0.000383102000114377,42,A05,cross-subject,AdaBN
177,16,0,0.0004144350000387931,42,A05,cross-subject,AdaBN
178,16,0,0.00047437299986086146,42,A05,cross-subject,AdaBN
179,16,0,0.0003840920001039194,42,A05,cross-subject,AdaBN
180,16,0,0.00038302300004033896,42,A05,cross-subject,AdaBN
181,16,0,0.00037395799995465495,42,A05,cross-subject,AdaBN
182,16,0,0.0003842660000827891,42,A05,cross-subject,AdaBN
183,16,0,0.0004162199998063443,42,A05,cross-subject,AdaBN
184,16,1,0.00037794800005030993,42,A05,cross-subject,AdaBN
185,16,1,0.0003831859999081644,42,A05,cross-subject,AdaBN
186,16,1,0.0003703239999595098,42,A05,cross-subject,AdaBN
187,16,0,0.00037269199992806534,42,A05,cross-subject,AdaBN
188,16,0,0.0004214590001083707,42,A05,cross-subject,AdaBN
189,16,0,0.00047990000007303024,42,A05,cross-subject,AdaBN
190,16,0,0.0003866049999032839,42,A05,cross-subject,AdaBN
191,16,0,0.0003915239999514597,42,A05,cross-subject,AdaBN
192,16,0,0.0003877620001730975,42,A05,cross-subject,AdaBN
193,16,0,0.00036449100002755586,42,A05,cross-subject,AdaBN
194,16,0,0.0003682720000597328,42,A05,cross-subject,AdaBN
195,16,0,0.0003720960000919149,42,A05,cross-subject,AdaBN
196,16,0,0.00036145299986856116,42,A05,cross-subject,AdaBN
197,16,0,0.0003700500001286855,42,A05,cross-subject,AdaBN
198,16,0,0.00036715199985337676,42,A05,cross-subject,AdaBN
199,16,0,0.00047934400004123745,42,A05,cross-subject,AdaBN
200,16,0,0.0004771520000304008,42,A05,cross-subject,AdaBN
201,16,1,0.0004278869998870505,42,A05,cross-subject,AdaBN
202,16,0,0.0003655089999483607,42,A05,cross-subject,AdaBN
203,16,0,0.00036948199999642384,42,A05,cross-subject,AdaBN
204,16,1,0.0003736619999017421,42,A05,cross-subject,AdaBN
205,16,0,0.00036553900008584606,42,A05,cross-subject,AdaBN
206,16,0,0.00043707999998332525,42,A05,cross-subject,AdaBN
207,16,1,0.0003762490000553953,42,A05,cross-subject,AdaBN
208,16,1,0.00037056800010759616,42,A05,cross-subject,AdaBN
209,16,0,0.0003702379999594996,42,A05,cross-subject,AdaBN
210,16,1,0.00039878600000520237,42,A05,cross-subject,AdaBN
211,16,1,0.00046539999993910897,42,A05,cross-subject,AdaBN
212,16,1,0.00039925499982018664,42,A05,cross-subject,AdaBN
213,16,0,0.0003919610001048568,42,A05,cross-subject,AdaBN
214,16,1,0.0003710070000124688,42,A05,cross-subject,AdaBN
215,16,0,0.00039835300003687735,42,A05,cross-subject,AdaBN
216,16,0,0.00041124500012301723,42,A05,cross-subject,AdaBN
217,16,1,0.00036322699997981545,42,A05,cross-subject,AdaBN
218,16,1,0.00042251500008205767,42,A05,cross-subject,AdaBN
219,16,1,0.00040659600017534103,42,A05,cross-subject,AdaBN
220,16,0,0.0004304520000459888,42,A05,cross-subject,AdaBN
221,16,1,0.0004627389998859144,42,A05,cross-subject,AdaBN
222,16,0,0.00041245100010200986,42,A05,cross-subject,AdaBN
223,16,1,0.0003730970001925016,42,A05,cross-subject,AdaBN
224,16,0,0.0004112770000119781,42,A05,cross-subject,AdaBN
225,16,0,0.00041251300012845604,42,A05,cross-subject,AdaBN
226,16,0,0.00037688499992327706,42,A05,cross-subject,AdaBN
227,16,0,0.00038734099985049397,42,A05,cross-subject,AdaBN
228,16,0,0.0003858180000406719,42,A05,cross-subject,AdaBN
229,16,0,0.00037887300004513236,42,A05,cross-subject,AdaBN
230,16,0,0.0004169040000761015,42,A05,cross-subject,AdaBN
231,16,0,0.0004273259999081347,42,A05,cross-subject,AdaBN
232,16,1,0.00039365399993585015,42,A05,cross-subject,AdaBN
233,16,1,0.00042977499992957746,42,A05,cross-subject,AdaBN
234,16,0,0.0003888549999828683,42,A05,cross-subject,AdaBN
235,16,0,0.0003755919999548496,42,A05,cross-subject,AdaBN
236,16,0,0.00042446900010872923,42,A05,cross-subject,AdaBN
237,16,1,0.0004542039998796099,42,A05,cross-subject,AdaBN
238,16,0,0.00041423299990128726,42,A05,cross-subject,AdaBN
239,16,1,0.0004546049999589741,42,A05,cross-subject,AdaBN
240,16,1,0.0003861010000036913,42,A05,cross-subject,AdaBN
241,16,0,0.00040803000001687906,42,A05,cross-subject,AdaBN
242,16,0,0.00045322200003283797,42,A05,cross-subject,AdaBN
243,16,0,0.0003989980000369542,42,A05,cross-subject,AdaBN
244,16,0,0.00037078700006532017,42,A05,cross-subject,AdaBN
245,16,0,0.00041246099999625585,42,A05,cross-subject,AdaBN
246,16,0,0.000393452000025718,42,A05,cross-subject,AdaBN
247,16,0,0.0003777510000873008,42,A05,cross-subject,AdaBN
248,16,0,0.00041871700000228884,42,A05,cross-subject,AdaBN
249,16,1,0.0003922319999674073,42,A05,cross-subject,AdaBN
250,16,0,0.00037324100003388594,42,A05,cross-subject,AdaBN
251,16,1,0.0003970640000261483,42,A05,cross-subject,AdaBN
252,16,0,0.0004200779999337101,42,A05,cross-subject,AdaBN
253,16,1,0.00042656499999793596,42,A05,cross-subject,AdaBN
254,16,1,0.0004070259999480186,42,A05,cross-subject,AdaBN
255,16,0,0.0003708990000177437,42,A05,cross-subject,AdaBN
256,16,1,0.00036177600009068556,42,A05,cross-subject,AdaBN
257,16,0,0.0003667910000331176,42,A05,cross-subject,AdaBN
258,16,0,0.000369176000049265,42,A05,cross-subject,AdaBN
259,16,0,0.000359822000064014,42,A05,cross-subject,AdaBN
260,16,0,0.0003622589999849879,42,A05,cross-subject,AdaBN
261,16,0,0.00037435199988067325,42,A05,cross-subject,AdaBN
262,16,1,0.0003652450000117824,42,A05,cross-subject,AdaBN
263,16,0,0.00041999499990197364,42,A05,cross-subject,AdaBN
264,16,0,0.00047078199986572145,42,A05,cross-subject,AdaBN
265,16,0,0.00036527899987959245,42,A05,cross-subject,AdaBN
266,16,1,0.0004418739999891841,42,A05,cross-subject,AdaBN
267,16,0,0.000406168000154139,42,A05,cross-subject,AdaBN
268,16,1,0.0003667329999643698,42,A05,cross-subject,AdaBN
269,16,1,0.00042093699994438794,42,A05,cross-subject,AdaBN
270,16,1,0.00040643600004841574,42,A05,cross-subject,AdaBN
271,16,1,0.00036593200002243975,42,A05,cross-subject,AdaBN
272,16,0,0.0004380029999992985,42,A05,cross-subject,AdaBN
273,16,0,0.00046711699997104006,42,A05,cross-subject,AdaBN
274,16,1,0.00036981499988542055,42,A05,cross-subject,AdaBN
275,16,1,0.00039955900001586997,42,A05,cross-subject,AdaBN
276,16,1,0.0003992470001321635,42,A05,cross-subject,AdaBN
277,16,0,0.00037528600000769075,42,A05,cross-subject,AdaBN
278,16,0,0.0003983740000421676,42,A05,cross-subject,AdaBN
279,16,0,0.00038678000009895186,42,A05,cross-subject,AdaBN
280,16,1,0.0003592729999581934,42,A05,cross-subject,AdaBN
281,16,1,0.00038270699997156044,42,A05,cross-subject,AdaBN
282,16,0,0.0003867109999191598,42,A05,cross-subject,AdaBN
283,16,0,0.00042558099994494114,42,A05,cross-subject,AdaBN
284,16,0,0.00045909699997537246,42,A05,cross-subject,AdaBN
285,16,0,0.0003984830000263173,42,A05,cross-subject,AdaBN
286,16,0,0.00036830700014434115,42,A05,cross-subject,AdaBN
287,16,0,0.00036952300001757976,42,A05,cross-subject,AdaBN
0,1,0,0.0011910770001577475,42,A06,cross-subject,AdaBN
1,2,0,0.0009644859999298205,42,A06,cross-subject,AdaBN
2,3,0,0.0014536599999246391,42,A06,cross-subject,AdaBN
3,4,0,0.0021269710000524356,42,A06,cross-subject,AdaBN
4,5,0,0.0020903279998947255,42,A06,cross-subject,AdaBN
5,6,1,0.00201830100013467,42,A06,cross-subject,AdaBN
6,7,0,0.001966255000070305,42,A06,cross-subject,AdaBN
7,8,0,0.0019088589999682881,42,A06,cross-subject,AdaBN
8,9,0,0.0019562089998999,42,A06,cross-subject,AdaBN
9,10,0,0.0017402029998265789,42,A06,cross-subject,AdaBN
10,11,0,0.0016519330001756316,42,A06,cross-subject,AdaBN
11,12,0,0.0017415449999589327,42,A06,cross-subject,AdaBN
12,13,0,0.0017858259998320136,42,A06,cross-subject,AdaBN
13,14,0,0.001522997999927611,42,A06,cross-subject,AdaBN
14,15,1,0.0006722499999796128,42,A06,cross-subject,AdaBN
15,16,0,0.0005382910001117125,42,A06,cross-subject,AdaBN
16,16,1,0.0005061409999598254,42,A06,cross-subject,AdaBN
17,16,1,0.0005449689999750262,42,A06,cross-subject,AdaBN
18,16,0,0.0004944310001064878,42,A06,cross-subject,AdaBN
19,16,1,0.00046602499992332014,42,A06,cross-subject,AdaBN
20,16,0,0.00043806700000459387,42,A06,cross-subject,AdaBN
21,16,0,0.00042016699990199413,42,A06,cross-subject,AdaBN
22,16,0,0.00043435100019451056,42,A06,cross-subject,AdaBN
23,16,0,0.00039994999997361447,42,A06,cross-subject,AdaBN
24,16,0,0.00042523399997662636,42,A06,cross-subject,AdaBN
25,16,0,0.0003814659999079595,42,A06,cross-subject,AdaBN
26,16,1,0.0004224340000291704,42,A06,cross-subject,AdaBN
27,16,0,0.00038584799995078356,42,A06,cross-subject,AdaBN
28,16,1,0.00041965599984905566,42,A06,cross-subject,AdaBN
29,16,1,0.0005023019998589007,42,A06,cross-subject,AdaBN
30,16,0,0.0004966090000380063,42,A06,cross-subject,AdaBN
31,16,1,0.00048228600007860223,42,A06,cross-subject,AdaBN
32,16,0,0.0005035480000969983,42,A06,cross-subject,AdaBN
33,16,0,0.0005435020000277291,42,A06,cross-subject,AdaBN
34,16,1,0.00047536400006720214,42,A06,cross-subject,AdaBN
35,16,0,0.0005038130000230012,42,A06,cross-subject,AdaBN
36,16,0,0.000452250000080312,42,A06,cross-subject,AdaBN
37,16,0,0.00045683299981646996,42,A06,cross-subject,AdaBN
38,16,1,0.000474320000193984,42,A06,cross-subject,AdaBN
39,16,0,0.00047064500017768296,42,A06,cross-subject,AdaBN
40,16,1,0.0005176080001092487,42,A06,cross-subject,AdaBN
41,16,0,0.0005157680000138498,42,A06,cross-subject,AdaBN
42,16,0,0.0007393949999823235,42,A06,cross-subject,AdaBN
43,16,1,0.0007486340000468772,42,A06,cross-subject,AdaBN
44,16,0,0.0005977370001346571,42,A06,cross-subject,AdaBN
45,16,1,0.0006107320000410255,42,A06,cross-subject,AdaBN
46,16,1,0.0006941510000615381,42,A06,cross-subject,AdaBN
47,16,1,0.0007052319999729662,42,A06,cross-subject,AdaBN
48,16,1,0.0007540199999311881,42,A06,cross-subject,AdaBN
49,16,0,0.0008017249999738851,42,A06,cross-subject,AdaBN
50,16,0,0.0008212420000290876,42,A06,cross-subject,AdaBN
51,16,0,0.0008623849998912192,42,A06,cross-subject,AdaBN
52,16,1,0.0009140859999661188,42,A06,cross-subject,AdaBN
53,16,0,0.0009970090000024356,42,A06,cross-subject,AdaBN
54,16,0,0.0010092790000726382,42,A06,cross-subject,AdaBN
55,16,1,0.0010241429999950924,42,A06,cross-subject,AdaBN
56,16,0,0.000992546000134098,42,A06,cross-subject,AdaBN
57,16,1,0.0009572200001457531,42,A06,cross-subject,AdaBN
58,16,0,0.0009366350000163948,42,A06,cross-subject,AdaBN
59,16,1,0.0009351490000426566,42,A06,cross-subject,AdaBN
60,16,0,0.000876369000025079,42,A06,cross-subject,AdaBN
61,16,1,0.0008775660000992502,42,A06,cross-subject,AdaBN
62,16,0,0.0008460799999738811,42,A06,cross-subject,AdaBN
63,16,0,0.0008066220000273461,42,A06,cross-subject,AdaBN
64,16,0,0.0007971499999257503,42,A06,cross-subject,AdaBN
65,16,1,0.0007832000001144479,42,A06,cross-subject,AdaBN
66,16,1,0.0007735280000815692,42,A06,cross-subject,AdaBN
67,16,0,0.0007367099999555649,42,A06,cross-subject,AdaBN
68,16,0,0.0007373199998710334,42,A06,cross-subject,AdaBN
69,16,0,0.0007060549999096111,42,A06,cross-subject,AdaBN
70,16,0,0.0006807050001498283,42,A06,cross-subject,AdaBN
71,16,0,0.0008781190001627692,42,A06,cross-subject,AdaBN
72,16,1,0.0007065760000841692,42,A06,cross-subject,AdaBN
73,16,1,0.000682935999975598,42,A06,cross-subject,AdaBN
74,16,0,0.000752232999957414,42,A06,cross-subject,AdaBN
75,16,0,0.0008116060000702419,42,A06,cross-subject,AdaBN
76,16,0,0.0008426459999100189,42,A06,cross-subject,AdaBN
77,16,0,0.0009192610000354762,42,A06,cross-subject,AdaBN
78,16,0,0.0009655290000409877,42,A06,cross-subject,AdaBN
79,16,0,0.0010281780000696017,42,A06,cross-subject,AdaBN
80,16,0,0.0011238029999276478,42,A06,cross-subject,AdaBN
81,16,1,0.0011438439998983085,42,A06,cross-subject,AdaBN
82,16,0,0.0012411119998887443,42,A06,cross-subject,AdaBN
83,16,1,0.001410606999797892,42,A06,cross-subject,AdaBN
84,16,0,0.00144974199997705,42,A06,cross-subject,AdaBN
85,16,0,0.0013433309998163168,42,A06,cross-subject,AdaBN
86,16,0,0.0013533420001294871,42,A06,cross-subject,AdaBN
87,16,1,0.0012427619999471062,42,A06,cross-subject,AdaBN
88,16,1,0.0013672669999778009,42,A06,cross-subject,AdaBN
89,16,1,0.0011991289998150023,42,A06,cross-subject,AdaBN
90,16,0,0.0011581149999528861,42,A06,cross-subject,AdaBN
91,16,0,0.001184839999950782,42,A06,cross-subject,AdaBN
92,16,1,0.0010769010000331036,42,A06,cross-subject,AdaBN
93,16,0,0.0011054849999254657,42,A06,cross-subject,AdaBN
94,16,0,0.001029106000032698,42,A06,cross-subject,AdaBN
95,16,1,0.0009944669998276368,42,A06,cross-subject,AdaBN
96,16,0,0.0009753889999046805,42,A06,cross-subject,AdaBN
97,16,0,0.0009490960001130588,42,A06,cross-subject,AdaBN
98,16,0,0.0009365850000904175,42,A06,cross-subject,AdaBN
99,16,0,0.0008800690000043687,42,A06,cross-subject,AdaBN
100,16,0,0.0008376369999041344,42,A06,cross-subject,AdaBN
101,16,0,0.0008428989999629266,42,A06,cross-subject,AdaBN
102,16,0,0.0007886850000886625,42,A06,cross-subject,AdaBN
103,16,1,0.0007818219999080611,42,A06,cross-subject,AdaBN
104,16,0,0.0007489049999094277,42,A06,cross-subject,AdaBN
105,16,0,0.000725645000102304,42,A06,cross-subject,AdaBN
106,16,0,0.0006975879998663004,42,A06,cross-subject,AdaBN
107,16,1,0.000691926000172316,42,A06,cross-subject,AdaBN
108,16,1,0.0006761689999166265,42,A06,cross-subject,AdaBN
109,16,1,0.000663470999825222,42,A06,cross-subject,AdaBN
110,16,1,0.0006386339998698531,42,A06,cross-subject,AdaBN
111,16,0,0.0006291979998422903,42,A06,cross-subject,AdaBN
112,16,1,0.0006053930001144181,42,A06,cross-subject,AdaBN
113,16,1,0.0005712570000468986,42,A06,cross-subject,AdaBN
114,16,0,0.0005918009999277274,42,A06,cross-subject,AdaBN
115,16,1,0.0005504289999862522,42,A06,cross-subject,AdaBN
116,16,0,0.0005408409999745345,42,A06,cross-subject,AdaBN
117,16,1,0.0005415339999217395,42,A06,cross-subject,AdaBN
118,16,1,0.0005101070000819163,42,A06,cross-subject,AdaBN
119,16,0,0.0005054240000390564,42,A06,cross-subject,AdaBN
120,16,0,0.0005124540000451816,42,A06,cross-subject,AdaBN
121,16,0,0.00047591299994564906,42,A06,cross-subject,AdaBN
122,16,0,0.00047399000004588743,42,A06,cross-subject,AdaBN
123,16,0,0.00045272800002749136,42,A06,cross-subject,AdaBN
124,16,0,0.00044293900009506615,42,A06,cross-subject,AdaBN
125,16,1,0.00042794899991349666,42,A06,cross-subject,AdaBN
126,16,0,0.00042391000010866264,42,A06,cross-subject,AdaBN
127,16,0,0.00040902000000642147,42,A06,cross-subject,AdaBN
128,16,1,0.00040378099993176875,42,A06,cross-subject,AdaBN
129,16,0,0.00040073500008475094,42,A06,cross-subject,AdaBN
130,16,0,0.00040953199982141086,42,A06,cross-subject,AdaBN
131,16,0,0.0004581880000387173,42,A06,cross-subject,AdaBN
132,16,0,0.00036830300018664275,42,A06,cross-subject,AdaBN
133,16,0,0.00038723100010429334,42,A06,cross-subject,AdaBN
134,16,1,0.00036133899993728846,42,A06,cross-subject,AdaBN
135,16,0,0.0003976559999046003,42,A06,cross-subject,AdaBN
136,16,0,0.000359418000016376,42,A06,cross-subject,AdaBN
137,16,1,0.0003979339999204967,42,A06,cross-subject,AdaBN
138,16,0,0.0003629740001542814,42,A06,cross-subject,AdaBN
139,16,0,0.00040908400001171685,42,A06,cross-subject,AdaBN
140,16,1,0.0005181530000299972,42,A06,cross-subject,AdaBN
141,16,1,0.0003945690000364266,42,A06,cross-subject,AdaBN
142,16,0,0.0004004229999736708,42,A06,cross-subject,AdaBN
143,16,0,0.0004452579998996953,42,A06,cross-subject,AdaBN
144,16,1,0.0004509770001277502,42,A06,cross-subject,AdaBN
145,16,1,0.00036421899994820706,42,A06,cross-subject,AdaBN
146,16,0,0.0004129200001443678,42,A06,cross-subject,AdaBN
147,16,0,0.0003942370001368545,42,A06,cross-subject,AdaBN
148,16,0,0.0003715529999226419,42,A06,cross-subject,AdaBN
149,16,1,0.00038491299983434146,42,A06,cross-subject,AdaBN
150,16,0,0.00037153899984332384,42,A06,cross-subject,AdaBN
151,16,1,0.0003962149999097164,42,A06,cross-subject,AdaBN
152,16,1,0.00039192200006255007,42,A06,cross-subject,AdaBN
153,16,0,0.0003988170001321123,42,A06,cross-subject,AdaBN
154,16,0,0.00036262300000089454,42,A06,cross-subject,AdaBN
155,16,1,0.00039015800007291546,42,A06,cross-subject,AdaBN
156,16,1,0.00041787600002862746,42,A06,cross-subject,AdaBN
157,16,1,0.0004816659998141404,42,A06,cross-subject,AdaBN
158,16,1,0.0004555349999009195,42,A06,cross-subject,AdaBN
159,16,0,0.000379391000024043,42,A06,cross-subject,AdaBN
160,16,0,0.0003977680000843975,42,A06,cross-subject,AdaBN
161,16,0,0.00036881799996990594,42,A06,cross-subject,AdaBN
162,16,1,0.0004035120000480674,42,A06,cross-subject,AdaBN
163,16,0,0.00037418399983835116,42,A06,cross-subject,AdaBN
164,16,0,0.0003957339999942633,42,A06,cross-subject,AdaBN
165,16,0,0.00038376299994524743,42,A06,cross-subject,AdaBN
166,16,1,0.0003889189999881637,42,A06,cross-subject,AdaBN
167,16,0,0.0003677180000067892,42,A06,cross-subject,AdaBN
168,16,1,0.00043341900004634226,42,A06,cross-subject,AdaBN
169,16,0,0.00046562700003960344,42,A06,cross-subject,AdaBN
170,16,1,0.0003963799999837647,42,A06,cross-subject,AdaBN
171,16,1,0.0004037890000745392,42,A06,cross-subject,AdaBN
172,16,0,0.00037056400014989777,42,A06,cross-subject,AdaBN
173,16,0,0.00039863699998932134,42,A06,cross-subject,AdaBN
174,16,1,0.00037927499988654745,42,A06,cross-subject,AdaBN
175,16,0,0.0003865860001042165,42,A06,cross-subject,AdaBN
176,16,0,0.0003661929999907443,42,A06,cross-subject,AdaBN
177,16,0,0.00038281699994513474,42,A06,cross-subject,AdaBN
178,16,0,0.00038972199990894296,42,A06,cross-subject,AdaBN
179,16,0,0.00037236299999676703,42,A06,cross-subject,AdaBN
180,16,0,0.0003797930000928318,42,A06,cross-subject,AdaBN
181,16,1,0.00042700599988165777,42,A06,cross-subject,AdaBN
182,16,0,0.0004277970001567155,42,A06,cross-subject,AdaBN
183,16,0,0.0003634169997894787,42,A06,cross-subject,AdaBN
184,16,0,0.0004221630001666199,42,A06,cross-subject,AdaBN
185,16,0,0.0003667519999908109,42,A06,cross-subject,AdaBN
186,16,1,0.0003815610000401648,42,A06,cross-subject,AdaBN
187,16,1,0.0003786330000821181,42,A06,cross-subject,AdaBN
188,16,0,0.00036666699998022523,42,A06,cross-subject,AdaBN
189,16,0,0.00036947900002815004,42,A06,cross-subject,AdaBN
190,16,1,0.00036720900016007363,42,A06,cross-subject,AdaBN
191,16,0,0.0003677509998851747,42,A06,cross-subject,AdaBN
192,16,1,0.0003821530001459905,42,A06,cross-subject,AdaBN
193,16,1,0.00038307899990286387,42,A06,cross-subject,AdaBN
194,16,0,0.0004253720001088368,42,A06,cross-subject,AdaBN
195,16,1,0.0005001330000595772,42,A06,cross-subject,AdaBN
196,16,1,0.00037312199992811657,42,A06,cross-subject,AdaBN
197,16,0,0.00038608499994552403,42,A06,cross-subject,AdaBN
198,16,1,0.00037278700006027066,42,A06,cross-subject,AdaBN
199,16,1,0.0003779579999445559,42,A06,cross-subject,AdaBN
200,16,1,0.0004452499999842985,42,A06,cross-subject,AdaBN
201,16,0,0.00037141799998607894,42,A06,cross-subject,AdaBN
202,16,1,0.00042430500002410554,42,A06,cross-subject,AdaBN
203,16,1,0.0003761629998280114,42,A06,cross-subject,AdaBN
204,16,0,0.0004298009998819907,42,A06,cross-subject,AdaBN
205,16,1,0.00044677000005322043,42,A06,cross-subject,AdaBN
206,16,1,0.0004351630000201112,42,A06,cross-subject,AdaBN
207,16,1,0.00039336000008916017,42,A06,cross-subject,AdaBN
208,16,0,0.0003804119999131217,42,A06,cross-subject,AdaBN
209,16,0,0.00038170600009834743,42,A06,cross-subject,AdaBN
210,16,0,0.0003677340000649565,42,A06,cross-subject,AdaBN
211,16,0,0.00037274800001796393,42,A06,cross-subject,AdaBN
212,16,0,0.00037035300010757055,42,A06,cross-subject,AdaBN
213,16,1,0.00036661499984802504,42,A06,cross-subject,AdaBN
214,16,1,0.0003839860000880435,42,A06,cross-subject,AdaBN
215,16,1,0.00036477899993769825,42,A06,cross-subject,AdaBN
216,16,1,0.00036870600001748244,42,A06,cross-subject,AdaBN
217,16,0,0.00044100500008426025,42,A06,cross-subject,AdaBN
218,16,0,0.0004612779998751648,42,A06,cross-subject,AdaBN
219,16,0,0.00041301999999632244,42,A06,cross-subject,AdaBN
220,16,1,0.00036517199987429194,42,A06,cross-subject,AdaBN
221,16,0,0.000382140999818148,42,A06,cross-subject,AdaBN
222,16,1,0.00038275600013548683,42,A06,cross-subject,AdaBN
223,16,0,0.00038010599996596284,42,A06,cross-subject,AdaBN
224,16,1,0.0003718670000125712,42,A06,cross-subject,AdaBN
225,16,0,0.00040061499998955696,42,A06,cross-subject,AdaBN
226,16,1,0.000369185999943511,42,A06,cross-subject,AdaBN
227,16,0,0.00037395799995465495,42,A06,cross-subject,AdaBN
228,16,1,0.0004693099999713013,42,A06,cross-subject,AdaBN
229,16,0,0.0003936279999834369,42,A06,cross-subject,AdaBN
230,16,0,0.00042901099982373125,42,A06,cross-subject,AdaBN
231,16,0,0.0003862500000195723,42,A06,cross-subject,AdaBN
232,16,0,0.00040027100021688966,42,A06,cross-subject,AdaBN
233,16,1,0.00044304200014266826,42,A06,cross-subject,AdaBN
234,16,1,0.0004003639999154984,42,A06,cross-subject,AdaBN
235,16,0,0.0003933909999886964,42,A06,cross-subject,AdaBN
236,16,0,0.00042191500006083515,42,A06,cross-subject,AdaBN
237,16,0,0.00038069700008236396,42,A06,cross-subject,AdaBN
238,16,1,0.0004335660000833741,42,A06,cross-subject,AdaBN
239,16,1,0.0004263309999714693,42,A06,cross-subject,AdaBN
240,16,1,0.00038308900002448354,42,A06,cross-subject,AdaBN
241,16,0,0.0004054700000324374,42,A06,cross-subject,AdaBN
242,16,1,0.00040881000018089253,42,A06,cross-subject,AdaBN
243,16,1,0.0004193330000816786,42,A06,cross-subject,AdaBN
244,16,0,0.0003748080000605114,42,A06,cross-subject,AdaBN
245,16,0,0.0003931369999463641,42,A06,cross-subject,AdaBN
246,16,1,0.0004046930000640714,42,A06,cross-subject,AdaBN
247,16,1,0.0003724509999756265,42,A06,cross-subject,AdaBN
248,16,0,0.0004256429999713873,42,A06,cross-subject,AdaBN
249,16,0,0.000492573999963497,42,A06,cross-subject,AdaBN
250,16,0,0.00037495300011869404,42,A06,cross-subject,AdaBN
251,16,1,0.000367073999996137,42,A06,cross-subject,AdaBN
252,16,1,0.00036577600008058653,42,A06,cross-subject,AdaBN
253,16,0,0.00037080199990668916,42,A06,cross-subject,AdaBN
254,16,0,0.00037229300005492405,42,A06,cross-subject,AdaBN
255,16,0,0.0003805090000241762,42,A06,cross-subject,AdaBN
256,16,0,0.00036222599987922877,42,A06,cross-subject,AdaBN
257,16,1,0.0003671160000067175,42,A06,cross-subject,AdaBN
258,16,1,0.0003754700001081801,42,A06,cross-subject,AdaBN
259,16,1,0.000466703999791207,42,A06,cross-subject,AdaBN
260,16,1,0.00041642800010777137,42,A06,cross-subject,AdaBN
261,16,1,0.00040925099983724067,42,A06,cross-subject,AdaBN
262,16,1,0.00036625600000661507,42,A06,cross-subject,AdaBN
263,16,0,0.0004024929999104643,42,A06,cross-subject,AdaBN
264,16,1,0.000444250999862561,42,A06,cross-subject,AdaBN
265,16,0,0.0004326239998135861,42,A06,cross-subject,AdaBN
266,16,1,0.00041706399997565313,42,A06,cross-subject,AdaBN
267,16,1,0.0004040630001327372,42,A06,cross-subject,AdaBN
268,16,0,0.00039956899991011596,42,A06,cross-subject,AdaBN
269,16,0,0.0004333619999670191,42,A06,cross-subject,AdaBN
270,16,0,0.00045517800003835873,42,A06,cross-subject,AdaBN
271,16,0,0.0004309150001517992,42,A06,cross-subject,AdaBN
272,16,1,0.000368064999975104,42,A06,cross-subject,AdaBN
273,16,1,0.00037130800001250464,42,A06,cross-subject,AdaBN
274,16,1,0.00042463999989195145,42,A06,cross-subject,AdaBN
275,16,0,0.00036652500011769007,42,A06,cross-subject,AdaBN
276,16,0,0.00037703300017710717,42,A06,cross-subject,AdaBN
277,16,0,0.00042381100001875893,42,A06,cross-subject,AdaBN
278,16,0,0.00037078800005474477,42,A06,cross-subject,AdaBN
279,16,1,0.0003717179999966902,42,A06,cross-subject,AdaBN
280,16,1,0.00046080000015535916,42,A06,cross-subject,AdaBN
281,16,1,0.00039540900002066337,42,A06,cross-subject,AdaBN
282,16,1,0.00036156400005893374,42,A06,cross-subject,AdaBN
283,16,0,0.00041407200001231104,42,A06,cross-subject,AdaBN
284,16,0,0.00039425899990419566,42,A06,cross-subject,AdaBN
285,16,1,0.00036832799992225773,42,A06,cross-subject,AdaBN
286,16,0,0.00039490800008934457,42,A06,cross-subject,AdaBN
287,16,0,0.00040251299992632994,42,A06,cross-subject,AdaBN
0,1,0,0.0011887420000675775,42,A07,cross-subject,AdaBN
1,2,1,0.0010234760000003007,42,A07,cross-subject,AdaBN
2,3,0,0.0010937250001461507,42,A07,cross-subject,AdaBN
3,4,1,0.0013063320000128442,42,A07,cross-subject,AdaBN
4,5,1,0.002283117999922979,42,A07,cross-subject,AdaBN
5,6,1,0.0020881680000002234,42,A07,cross-subject,AdaBN
6,7,1,0.00198939100005191,42,A07,cross-subject,AdaBN
7,8,0,0.0020095840000067255,42,A07,cross-subject,AdaBN
8,9,1,0.0019934790000206704,42,A07,cross-subject,AdaBN
9,10,1,0.0017342799999369163,42,A07,cross-subject,AdaBN
10,11,0,0.0017195039999933215,42,A07,cross-subject,AdaBN
11,12,0,0.0017169190000458912,42,A07,cross-subject,AdaBN
12,13,0,0.0016329489999407087,42,A07,cross-subject,AdaBN
13,14,0,0.0016305009999086906,42,A07,cross-subject,AdaBN
14,15,0,0.0013422419999642443,42,A07,cross-subject,AdaBN
15,16,0,0.0011999880000530538,42,A07,cross-subject,AdaBN
16,16,1,0.0010617759999149712,42,A07,cross-subject,AdaBN
17,16,0,0.0010343330000068818,42,A07,cross-subject,AdaBN
18,16,1,0.0010350950001338788,42,A07,cross-subject,AdaBN
19,16,0,0.0010554959999353741,42,A07,cross-subject,AdaBN
20,16,0,0.0011075830000208953,42,A07,cross-subject,AdaBN
21,16,0,0.0013110630000028323,42,A07,cross-subject,AdaBN
22,16,0,0.0010839510000550945,42,A07,cross-subject,AdaBN
23,16,1,0.0008507750001172099,42,A07,cross-subject,AdaBN
24,16,1,0.00045848400009163015,42,A07,cross-subject,AdaBN
25,16,0,0.00039817400011088466,42,A07,cross-subject,AdaBN
26,16,0,0.00046400800010815146,42,A07,cross-subject,AdaBN
27,16,1,0.0005904160000227421,42,A07,cross-subject,AdaBN
28,16,1,0.0006492929999240005,42,A07,cross-subject,AdaBN
29,16,1,0.0006099229999563249,42,A07,cross-subject,AdaBN
30,16,0,0.0005490309999913734,42,A07,cross-subject,AdaBN
31,16,0,0.0005330380001851154,42,A07,cross-subject,AdaBN
32,16,1,0.0005908590001126868,42,A07,cross-subject,AdaBN
33,16,1,0.0006296870001278876,42,A07,cross-subject,AdaBN
34,16,0,0.0006347039998217952,42,A07,cross-subject,AdaBN
35,16,0,0.0006948070001726592,42,A07,cross-subject,AdaBN
36,16,1,0.0007377429999451124,42,A07,cross-subject,AdaBN
37,16,1,0.0007469709998986218,42,A07,cross-subject,AdaBN
38,16,1,0.0008026299999528419,42,A07,cross-subject,AdaBN
39,16,1,0.0009131839999554359,42,A07,cross-subject,AdaBN
40,16,1,0.0008909079999739333,42,A07,cross-subject,AdaBN
41,16,0,0.0009718500000417407,42,A07,cross-subject,AdaBN
42,16,0,0.0010367659999701573,42,A07,cross-subject,AdaBN
43,16,0,0.0010874990000502294,42,A07,cross-subject,AdaBN
44,16,1,0.0011806529998921178,42,A07,cross-subject,AdaBN
45,16,1,0.0012367230001473217,42,A07,cross-subject,AdaBN
46,16,0,0.0013639750000038475,42,A07,cross-subject,AdaBN
47,16,0,0.0014732789998106455,42,A07,cross-subject,AdaBN
48,16,0,0.0015673269999751938,42,A07,cross-subject,AdaBN
49,16,0,0.0015712790000179666,42,A07,cross-subject,AdaBN
50,16,1,0.0015867090000938333,42,A07,cross-subject,AdaBN
51,16,1,0.0014860500000395405,42,A07,cross-subject,AdaBN
52,16,0,0.001420941999867864,42,A07,cross-subject,AdaBN
53,16,0,0.0013501389998964441,42,A07,cross-subject,AdaBN
54,16,0,0.0012570740000228398,42,A07,cross-subject,AdaBN
55,16,0,0.0012744379998821387,42,A07,cross-subject,AdaBN
56,16,1,0.0011741610001081426,42,A07,cross-subject,AdaBN
57,16,0,0.0011133609998523752,42,A07,cross-subject,AdaBN
58,16,0,0.0011048349999782658,42,A07,cross-subject,AdaBN
59,16,0,0.0010612239998408768,42,A07,cross-subject,AdaBN
60,16,1,0.0010183780000261322,42,A07,cross-subject,AdaBN
61,16,0,0.0009694069999568455,42,A07,cross-subject,AdaBN
62,16,1,0.0009396230000220385,42,A07,cross-subject,AdaBN
63,16,1,0.0009146249999503198,42,A07,cross-subject,AdaBN
64,16,1,0.000885434000110763,42,A07,cross-subject,AdaBN
65,16,0,0.0008406360000208224,42,A07,cross-subject,AdaBN
66,16,1,0.000841692999983934,42,A07,cross-subject,AdaBN
67,16,0,0.0008002800000213028,42,A07,cross-subject,AdaBN
68,16,1,0.0007793319998654624,42,A07,cross-subject,AdaBN
69,16,1,0.0007679499999539985,42,A07,cross-subject,AdaBN
70,16,1,0.0007189290001861082,42,A07,cross-subject,AdaBN
71,16,0,0.0006931430000349792,42,A07,cross-subject,AdaBN
72,16,0,0.0006882259999656526,42,A07,cross-subject,AdaBN
73,16,0,0.0006495000000086293,42,A07,cross-subject,AdaBN
74,16,0,0.0006279890001223976,42,A07,cross-subject,AdaBN
75,16,1,0.0006061000001409411,42,A07,cross-subject,AdaBN
76,16,1,0.0006062980000933749,42,A07,cross-subject,AdaBN
77,16,1,0.000576126999931148,42,A07,cross-subject,AdaBN
78,16,0,0.0005605750000086118,42,A07,cross-subject,AdaBN
79,16,0,0.0005684590000782919,42,A07,cross-subject,AdaBN
80,16,0,0.000532933999920715,42,A07,cross-subject,AdaBN
81,16,1,0.0005357590000585333,42,A07,cross-subject,AdaBN
82,16,0,0.0005148269999608601,42,A07,cross-subject,AdaBN
83,16,0,0.0004799949999778619,42,A07,cross-subject,AdaBN
84,16,0,0.0004806550000466814,42,A07,cross-subject,AdaBN
85,16,0,0.00047651500017309445,42,A07,cross-subject,AdaBN
86,16,0,0.00045091800006957783,42,A07,cross-subject,AdaBN
87,16,1,0.0004555999998956395,42,A07,cross-subject,AdaBN
88,16,0,0.00044907999995302816,42,A07,cross-subject,AdaBN
89,16,0,0.0006378959999437939,42,A07,cross-subject,AdaBN
90,16,1,0.000534384000047794,42,A07,cross-subject,AdaBN
91,16,0,0.00043707500003620225,42,A07,cross-subject,AdaBN
92,16,1,0.0004606249999596912,42,A07,cross-subject,AdaBN
93,16,1,0.0004920230001062009,42,A07,cross-subject,AdaBN
94,16,0,0.000491559000010966,42,A07,cross-subject,AdaBN
95,16,0,0.0005081230001451331,42,A07,cross-subject,AdaBN
96,16,0,0.0005448000001706532,42,A07,cross-subject,AdaBN
97,16,0,0.0006300330001067778,42,A07,cross-subject,AdaBN
98,16,0,0.0006287799999427079,42,A07,cross-subject,AdaBN
99,16,1,0.0007241959999646497,42,A07,cross-subject,AdaBN
100,16,0,0.0007403060001252015,42,A07,cross-subject,AdaBN
101,16,0,0.0007963489999838202,42,A07,cross-subject,AdaBN
102,16,0,0.0008762330000990914,42,A07,cross-subject,AdaBN
103,16,0,0.0009140930001194647,42,A07,cross-subject,AdaBN
104,16,1,0.0009828560000642028,42,A07,cross-subject,AdaBN
105,16,1,0.0010760739999113866,42,A07,cross-subject,AdaBN
106,16,0,0.0011842979999983072,42,A07,cross-subject,AdaBN
107,16,0,0.0012756930000250577,42,A07,cross-subject,AdaBN
108,16,1,0.0013996750001297187,42,A07,cross-subject,AdaBN
109,16,0,0.0015926210000998253,42,A07,cross-subject,AdaBN
110,16,0,0.0016735699998662312,42,A07,cross-subject,AdaBN
111,16,0,0.0018060910001622688,42,A07,cross-subject,AdaBN
112,16,0,0.0017783270000109042,42,A07,cross-subject,AdaBN
113,16,1,0.0017495909999070136,42,A07,cross-subject,AdaBN
114,16,0,0.001644192999947336,42,A07,cross-subject,AdaBN
115,16,1,0.0016130079998220026,42,A07,cross-subject,AdaBN
116,16,0,0.001561481999942771,42,A07,cross-subject,AdaBN
117,16,0,0.0014902760001405113,42,A07,cross-subject,AdaBN
118,16,1,0.0014043510000192327,42,A07,cross-subject,AdaBN
119,16,1,0.0014061560000300233,42,A07,cross-subject,AdaBN
120,16,1,0.0013024530001075618,42,A07,cross-subject,AdaBN
121,16,1,0.0012537659999907191,42,A07,cross-subject,AdaBN
122,16,1,0.001233353000088755,42,A07,cross-subject,AdaBN
123,16,0,0.0011927660000310425,42,A07,cross-subject,AdaBN
124,16,0,0.0011660299999221024,42,A07,cross-subject,AdaBN
125,16,1,0.0010560260000147537,42,A07,cross-subject,AdaBN
126,16,0,0.0010424010001770512,42,A07,cross-subject,AdaBN
127,16,0,0.001021450000052937,42,A07,cross-subject,AdaBN
128,16,1,0.0009634689999984403,42,A07,cross-subject,AdaBN
129,16,0,0.0009088260001135495,42,A07,cross-subject,AdaBN
130,16,1,0.0009230309999566089,42,A07,cross-subject,AdaBN
131,16,0,0.0008800909999990836,42,A07,cross-subject,AdaBN
132,16,0,0.0008255499999449967,42,A07,cross-subject,AdaBN
133,16,1,0.0008094289999007742,42,A07,cross-subject,AdaBN
134,16,1,0.0007872500000303262,42,A07,cross-subject,AdaBN
135,16,0,0.0007475500001419277,42,A07,cross-subject,AdaBN
136,16,1,0.0007474209999145387,42,A07,cross-subject,AdaBN
137,16,1,0.000718194000000949,42,A07,cross-subject,AdaBN
138,16,1,0.0006986500000039086,42,A07,cross-subject,AdaBN
139,16,1,0.0007075150001583097,42,A07,cross-subject,AdaBN
140,16,0,0.0006442050000714517,42,A07,cross-subject,AdaBN
141,16,1,0.0006291090001013799,42,A07,cross-subject,AdaBN
142,16,0,0.0006219130000317818,42,A07,cross-subject,AdaBN
143,16,0,0.0005816850000428531,42,A07,cross-subject,AdaBN
144,16,0,0.0005608490000668098,42,A07,cross-subject,AdaBN
145,16,1,0.0005677239998931327,42,A07,cross-subject,AdaBN
146,16,1,0.0005375870000534633,42,A07,cross-subject,AdaBN
147,16,0,0.0005232940000041708,42,A07,cross-subject,AdaBN
148,16,0,0.0005120499999975436,42,A07,cross-subject,AdaBN
149,16,0,0.0005182999998396554,42,A07,cross-subject,AdaBN
150,16,0,0.00048326999990422337,42,A07,cross-subject,AdaBN
151,16,1,0.0004736580001463153,42,A07,cross-subject,AdaBN
152,16,1,0.0004636500000287924,42,A07,cross-subject,AdaBN
153,16,0,0.0004440640000211715,42,A07,cross-subject,AdaBN
154,16,0,0.0004543180000382563,42,A07,cross-subject,AdaBN
155,16,1,0.00042076299996551825,42,A07,cross-subject,AdaBN
156,16,0,0.00041512000007060124,42,A07,cross-subject,AdaBN
157,16,1,0.0003879660000620788,42,A07,cross-subject,AdaBN
158,16,1,0.0004005770001640485,42,A07,cross-subject,AdaBN
159,16,0,0.00038701100015714474,42,A07,cross-subject,AdaBN
160,16,0,0.00037971699998706754,42,A07,cross-subject,AdaBN
161,16,0,0.00044210999999449996,42,A07,cross-subject,AdaBN
162,16,0,0.0004527799999323179,42,A07,cross-subject,AdaBN
163,16,1,0.00036616899978980655,42,A07,cross-subject,AdaBN
164,16,0,0.0003795650000029127,42,A07,cross-subject,AdaBN
165,16,0,0.0003707739999754267,42,A07,cross-subject,AdaBN
166,16,1,0.00036887600003865373,42,A07,cross-subject,AdaBN
167,16,0,0.0003888569999617175,42,A07,cross-subject,AdaBN
168,16,1,0.00036051500001121894,42,A07,cross-subject,AdaBN
169,16,1,0.00038673200015182374,42,A07,cross-subject,AdaBN
170,16,1,0.00037120100000720413,42,A07,cross-subject,AdaBN
171,16,1,0.00042561500004012487,42,A07,cross-subject,AdaBN
172,16,0,0.0004400330001317343,42,A07,cross-subject,AdaBN
173,16,0,0.0004603830000178277,42,A07,cross-subject,AdaBN
174,16,0,0.0004238960000293446,42,A07,cross-subject,AdaBN
175,16,1,0.00037180699996497424,42,A07,cross-subject,AdaBN
176,16,0,0.00036997300003349665,42,A07,cross-subject,AdaBN
177,16,0,0.0003616310000325029,42,A07,cross-subject,AdaBN
178,16,0,0.0003805589999501535,42,A07,cross-subject,AdaBN
179,16,0,0.00037112800009708735,42,A07,cross-subject,AdaBN
180,16,0,0.0003681180000967288,42,A07,cross-subject,AdaBN
181,16,1,0.0003669729999273841,42,A07,cross-subject,AdaBN
182,16,1,0.0003824900002200593,42,A07,cross-subject,AdaBN
183,16,1,0.0003689619998112903,42,A07,cross-subject,AdaBN
184,16,0,0.00035724600002140505,42,A07,cross-subject,AdaBN
185,16,0,0.0004381589999411517,42,A07,cross-subject,AdaBN
186,16,0,0.00040572999978394364,42,A07,cross-subject,AdaBN
187,16,0,0.0004919739999422745,42,A07,cross-subject,AdaBN
188,16,1,0.000369404999901235,42,A07,cross-subject,AdaBN
189,16,1,0.000377632999970956,42,A07,cross-subject,AdaBN
190,16,0,0.0003748540000287903,42,A07,cross-subject,AdaBN
191,16,1,0.0003762069998174411,42,A07,cross-subject,AdaBN
192,16,0,0.0003959050000048592,42,A07,cross-subject,AdaBN
193,16,0,0.00037971999995534134,42,A07,cross-subject,AdaBN
194,16,0,0.00039508200006821426,42,A07,cross-subject,AdaBN
195,16,1,0.0003804719999607187,42,A07,cross-subject,AdaBN
196,16,0,0.0004499250001117616,42,A07,cross-subject,AdaBN
197,16,1,0.00042435399996065826,42,A07,cross-subject,AdaBN
198,16,1,0.0004954829998951027,42,A07,cross-subject,AdaBN
199,16,0,0.0004016390000742831,42,A07,cross-subject,AdaBN
200,16,1,0.00036781500011784374,42,A07,cross-subject,AdaBN
201,16,0,0.00039214400021592155,42,A07,cross-subject,AdaBN
202,16,0,0.00037482300012925407,42,A07,cross-subject,AdaBN
203,16,0,0.0004018790000372974,42,A07,cross-subject,AdaBN
204,16,0,0.00037632500016115955,42,A07,cross-subject,AdaBN
205,16,0,0.0003827749999345542,42,A07,cross-subject,AdaBN
206,16,1,0.00040655099996911304,42,A07,cross-subject,AdaBN
207,16,1,0.000371511999901486,42,A07,cross-subject,AdaBN
208,16,0,0.000395219999973051,42,A07,cross-subject,AdaBN
209,16,0,0.0004814270000679244,42,A07,cross-subject,AdaBN
210,16,0,0.00041682699998091266,42,A07,cross-subject,AdaBN
211,16,0,0.0004003859999102133,42,A07,cross-subject,AdaBN
212,16,1,0.00037756000006083923,42,A07,cross-subject,AdaBN
213,16,0,0.0003593829999317677,42,A07,cross-subject,AdaBN
214,16,1,0.0004012609999790584,42,A07,cross-subject,AdaBN
215,16,0,0.00036573399984263233,42,A07,cross-subject,AdaBN
216,16,1,0.00039071600008355745,42,A07,cross-subject,AdaBN
217,16,0,0.0003926830002001225,42,A07,cross-subject,AdaBN
218,16,1,0.0003629109999110369,42,A07,cross-subject,AdaBN
219,16,0,0.0003734360000180459,42,A07,cross-subject,AdaBN
220,16,0,0.0004519369999798073,42,A07,cross-subject,AdaBN
221,16,1,0.0004596109999965847,42,A07,cross-subject,AdaBN
222,16,1,0.00043055199989794346,42,A07,cross-subject,AdaBN
223,16,1,0.0003877069998452498,42,A07,cross-subject,AdaBN
224,16,1,0.000367129000096611,42,A07,cross-subject,AdaBN
225,16,1,0.0003672420000384591,42,A07,cross-subject,AdaBN
226,16,0,0.00037821799992343585,42,A07,cross-subject,AdaBN
227,16,0,0.00036951400011275837,42,A07,cross-subject,AdaBN
228,16,0,0.00036769700000149896,42,A07,cross-subject,AdaBN
229,16,0,0.00036701399994854,42,A07,cross-subject,AdaBN
230,16,0,0.00036428599992177624,42,A07,cross-subject,AdaBN
231,16,0,0.00043365199985601066,42,A07,cross-subject,AdaBN
232,16,0,0.0004422560000421072,42,A07,cross-subject,AdaBN
233,16,0,0.0004135460001180036,42,A07,cross-subject,AdaBN
234,16,0,0.00036998299992774264,42,A07,cross-subject,AdaBN
235,16,0,0.0003795019999870419,42,A07,cross-subject,AdaBN
236,16,1,0.0003988700000263634,42,A07,cross-subject,AdaBN
237,16,0,0.00037274300007084094,42,A07,cross-subject,AdaBN
238,16,0,0.0003680160000385513,42,A07,cross-subject,AdaBN
239,16,1,0.0003891860001203895,42,A07,cross-subject,AdaBN
240,16,1,0.0003701690000070812,42,A07,cross-subject,AdaBN
241,16,0,0.0004460140000901447,42,A07,cross-subject,AdaBN
242,16,0,0.0004718059999504476,42,A07,cross-subject,AdaBN
243,16,1,0.00037329700012378453,42,A07,cross-subject,AdaBN
244,16,0,0.00036804199999096454,42,A07,cross-subject,AdaBN
245,16,0,0.0003713880000759673,42,A07,cross-subject,AdaBN
246,16,1,0.00036730800002260366,42,A07,cross-subject,AdaBN
247,16,1,0.0003650020000804943,42,A07,cross-subject,AdaBN
248,16,1,0.00036892100001750805,42,A07,cross-subject,AdaBN
249,16,1,0.0003796780001721345,42,A07,cross-subject,AdaBN
250,16,0,0.000368502999890552,42,A07,cross-subject,AdaBN
251,16,0,0.00036941799999112845,42,A07,cross-subject,AdaBN
252,16,1,0.0004699710000295454,42,A07,cross-subject,AdaBN
253,16,1,0.00043215799996687565,42,A07,cross-subject,AdaBN
254,16,0,0.00039385800005220517,42,A07,cross-subject,AdaBN
255,16,0,0.00037721800003964745,42,A07,cross-subject,AdaBN
256,16,0,0.00036417499995877733,42,A07,cross-subject,AdaBN
257,16,0,0.0003913119999197079,42,A07,cross-subject,AdaBN
258,16,0,0.0003800120000505558,42,A07,cross-subject,AdaBN
259,16,1,0.00038761500013606565,42,A07,cross-subject,AdaBN
260,16,1,0.0003694399999858433,42,A07,cross-subject,AdaBN
261,16,0,0.0003667859998586209,42,A07,cross-subject,AdaBN
262,16,0,0.00036737999994329584,42,A07,cross-subject,AdaBN
263,16,1,0.00044763599998987047,42,A07,cross-subject,AdaBN
264,16,0,0.00045219399999041343,42,A07,cross-subject,AdaBN
265,16,1,0.00037169199981690326,42,A07,cross-subject,AdaBN
266,16,1,0.00037832300017726084,42,A07,cross-subject,AdaBN
267,16,0,0.00038064600016696204,42,A07,cross-subject,AdaBN
268,16,0,0.0003650339999694552,42,A07,cross-subject,AdaBN
269,16,0,0.0004050600000482518,42,A07,cross-subject,AdaBN
270,16,0,0.000397540999983903,42,A07,cross-subject,AdaBN
271,16,0,0.0003718709999702696,42,A07,cross-subject,AdaBN
272,16,0,0.00043612200011011737,42,A07,cross-subject,AdaBN
273,16,1,0.0005319499998677202,42,A07,cross-subject,AdaBN
274,16,0,0.00040943299995888083,42,A07,cross-subject,AdaBN
275,16,0,0.00045036100004836044,42,A07,cross-subject,AdaBN
276,16,0,0.000413713999932952,42,A07,cross-subject,AdaBN
277,16,1,0.00038629100004072825,42,A07,cross-subject,AdaBN
278,16,1,0.0005000450000807177,42,A07,cross-subject,AdaBN
279,16,0,0.0004459619999579445,42,A07,cross-subject,AdaBN
280,16,0,0.0004684650000399415,42,A07,cross-subject,AdaBN
281,16,1,0.0004862380001213751,42,A07,cross-subject,AdaBN
282,16,1,0.0004563160000543576,42,A07,cross-subject,AdaBN
283,16,0,0.0005171249999875727,42,A07,cross-subject,AdaBN
284,16,0,0.0005264060000627069,42,A07,cross-subject,AdaBN
285,16,0,0.0005021859999487788,42,A07,cross-subject,AdaBN
286,16,0,0.0004689630000029865,42,A07,cross-subject,AdaBN
287,16,1,0.0005101770000237593,42,A07,cross-subject,AdaBN
0,1,0,0.0011554999998679705,42,A08,cross-subject,AdaBN
1,2,1,0.0009519510001609888,42,A08,cross-subject,AdaBN
2,3,1,0.0009225199999036704,42,A08,cross-subject,AdaBN
3,4,0,0.0009312199999840232,42,A08,cross-subject,AdaBN
4,5,1,0.0007308940000712028,42,A08,cross-subject,AdaBN
5,6,0,0.0012742219998926885,42,A08,cross-subject,AdaBN
6,7,1,0.0012773910000305477,42,A08,cross-subject,AdaBN
7,8,0,0.001258131999975376,42,A08,cross-subject,AdaBN
8,9,1,0.0026013660001353855,42,A08,cross-subject,AdaBN
9,10,1,0.0020562989998325065,42,A08,cross-subject,AdaBN
10,11,0,0.0018297569999958796,42,A08,cross-subject,AdaBN
11,12,1,0.0015969040000527457,42,A08,cross-subject,AdaBN
12,13,1,0.0016156860001501627,42,A08,cross-subject,AdaBN
13,14,1,0.0016171659999599797,42,A08,cross-subject,AdaBN
14,15,1,0.0016295489999720303,42,A08,cross-subject,AdaBN
15,16,1,0.0016349949999039382,42,A08,cross-subject,AdaBN
16,16,1,0.0015966639998623577,42,A08,cross-subject,AdaBN
17,16,1,0.0014056490001621569,42,A08,cross-subject,AdaBN
18,16,0,0.0011175239999374753,42,A08,cross-subject,AdaBN
19,16,1,0.0010563610001099732,42,A08,cross-subject,AdaBN
20,16,1,0.0010656120000476221,42,A08,cross-subject,AdaBN
21,16,1,0.0011205400001017551,42,A08,cross-subject,AdaBN
22,16,1,0.001111855000090145,42,A08,cross-subject,AdaBN
23,16,1,0.0011259269999754906,42,A08,cross-subject,AdaBN
24,16,1,0.0012701130001460115,42,A08,cross-subject,AdaBN
25,16,1,0.0011939040000470413,42,A08,cross-subject,AdaBN
26,16,1,0.0013106920000609534,42,A08,cross-subject,AdaBN
27,16,0,0.0013110639999922569,42,A08,cross-subject,AdaBN
28,16,1,0.001511108999920907,42,A08,cross-subject,AdaBN
29,16,1,0.001678529999935563,42,A08,cross-subject,AdaBN
30,16,1,0.0019241600000441395,42,A08,cross-subject,AdaBN
31,16,1,0.0021768080000583723,42,A08,cross-subject,AdaBN
32,16,1,0.0011174539999956323,42,A08,cross-subject,AdaBN
33,16,1,0.0008605519999491662,42,A08,cross-subject,AdaBN
34,16,1,0.0007838409999294527,42,A08,cross-subject,AdaBN
35,16,1,0.0007638100000804116,42,A08,cross-subject,AdaBN
36,16,1,0.00102292400015358,42,A08,cross-subject,AdaBN
37,16,0,0.0008084349999535334,42,A08,cross-subject,AdaBN
38,16,1,0.0006943440000668488,42,A08,cross-subject,AdaBN
39,16,0,0.0006383910001659387,42,A08,cross-subject,AdaBN
40,16,1,0.0006488809999609657,42,A08,cross-subject,AdaBN
41,16,0,0.0006417409999812662,42,A08,cross-subject,AdaBN
42,16,1,0.0006395420000444574,42,A08,cross-subject,AdaBN
43,16,1,0.000688275000129579,42,A08,cross-subject,AdaBN
44,16,1,0.0007200759998795547,42,A08,cross-subject,AdaBN
45,16,0,0.0007837379998818506,42,A08,cross-subject,AdaBN
46,16,1,0.0008298079999349284,42,A08,cross-subject,AdaBN
47,16,0,0.0008992900000066584,42,A08,cross-subject,AdaBN
48,16,0,0.0009462210000492632,42,A08,cross-subject,AdaBN
49,16,0,0.001002431999950204,42,A08,cross-subject,AdaBN
50,16,1,0.0011054649999096,42,A08,cross-subject,AdaBN
51,16,1,0.0011269050000919378,42,A08,cross-subject,AdaBN
52,16,1,0.0012532910000118136,42,A08,cross-subject,AdaBN
53,16,1,0.001422060000095371,42,A08,cross-subject,AdaBN
54,16,0,0.0014592889999676117,42,A08,cross-subject,AdaBN
55,16,1,0.0015948489999573212,42,A08,cross-subject,AdaBN
56,16,0,0.0017716669999572332,42,A08,cross-subject,AdaBN
57,16,1,0.001914249000037671,42,A08,cross-subject,AdaBN
58,16,0,0.002058913999917422,42,A08,cross-subject,AdaBN
59,16,1,0.002126751999867338,42,A08,cross-subject,AdaBN
60,16,0,0.0021198399999775575,42,A08,cross-subject,AdaBN
61,16,1,0.0019483979999677103,42,A08,cross-subject,AdaBN
62,16,0,0.0018859369999972841,42,A08,cross-subject,AdaBN
63,16,1,0.0018198060001850536,42,A08,cross-subject,AdaBN
64,16,1,0.0017351139999846055,42,A08,cross-subject,AdaBN
65,16,1,0.001690731999815398,42,A08,cross-subject,AdaBN
66,16,0,0.001579468000045381,42,A08,cross-subject,AdaBN
67,16,0,0.001448541000172554,42,A08,cross-subject,AdaBN
68,16,1,0.0014225300001271535,42,A08,cross-subject,AdaBN
69,16,1,0.0013476679998802865,42,A08,cross-subject,AdaBN
70,16,0,0.001249811999969097,42,A08,cross-subject,AdaBN
71,16,0,0.0012460440000268136,42,A08,cross-subject,AdaBN
72,16,1,0.0012073360001068068,42,A08,cross-subject,AdaBN
73,16,1,0.0011286550000022544,42,A08,cross-subject,AdaBN
74,16,1,0.0010607629999412893,42,A08,cross-subject,AdaBN
75,16,1,0.0010074010001517308,42,A08,cross-subject,AdaBN
76,16,1,0.0009551089999604301,42,A08,cross-subject,AdaBN
77,16,0,0.0009242050000466406,42,A08,cross-subject,AdaBN
78,16,1,0.0009102640001401596,42,A08,cross-subject,AdaBN
79,16,1,0.0008936890001223219,42,A08,cross-subject,AdaBN
80,16,1,0.0008114930001283938,42,A08,cross-subject,AdaBN
81,16,1,0.0007827160000033473,42,A08,cross-subject,AdaBN
82,16,1,0.000745512999856146,42,A08,cross-subject,AdaBN
83,16,0,0.0007405659998767078,42,A08,cross-subject,AdaBN
84,16,0,0.0007257010001922026,42,A08,cross-subject,AdaBN
85,16,0,0.0007455810000465135,42,A08,cross-subject,AdaBN
86,16,1,0.0006839780000973406,42,A08,cross-subject,AdaBN
87,16,0,0.0006267500000376458,42,A08,cross-subject,AdaBN
88,16,1,0.0006075720000353613,42,A08,cross-subject,AdaBN
89,16,1,0.0006027999997968436,42,A08,cross-subject,AdaBN
90,16,1,0.0005794530000002851,42,A08,cross-subject,AdaBN
91,16,0,0.000549878000128956,42,A08,cross-subject,AdaBN
92,16,1,0.0005393300000378076,42,A08,cross-subject,AdaBN
93,16,1,0.0005228269999406621,42,A08,cross-subject,AdaBN
94,16,0,0.0005103060000237747,42,A08,cross-subject,AdaBN
95,16,1,0.0005010489999222045,42,A08,cross-subject,AdaBN
96,16,1,0.00047796099988772767,42,A08,cross-subject,AdaBN
97,16,1,0.00046525199991265254,42,A08,cross-subject,AdaBN
98,16,0,0.00044195999998919433,42,A08,cross-subject,AdaBN
99,16,1,0.0004532709999693907,42,A08,cross-subject,AdaBN
100,16,1,0.00045444300008057326,42,A08,cross-subject,AdaBN
101,16,0,0.0004356670001470775,42,A08,cross-subject,AdaBN
102,16,1,0.0004092369999852963,42,A08,cross-subject,AdaBN
103,16,1,0.0004099420000329701,42,A08,cross-subject,AdaBN
104,16,1,0.00037595100002363324,42,A08,cross-subject,AdaBN
105,16,1,0.000380507000045327,42,A08,cross-subject,AdaBN
106,16,0,0.0003549570001268876,42,A08,cross-subject,AdaBN
107,16,0,0.00037405500006570946,42,A08,cross-subject,AdaBN
108,16,0,0.0003569989999050449,42,A08,cross-subject,AdaBN
109,16,1,0.0003705920000811602,42,A08,cross-subject,AdaBN
110,16,0,0.0004565720000755391,42,A08,cross-subject,AdaBN
111,16,1,0.0005242659999566968,42,A08,cross-subject,AdaBN
112,16,1,0.00040705199990043184,42,A08,cross-subject,AdaBN
113,16,1,0.00047674200004621525,42,A08,cross-subject,AdaBN
114,16,1,0.00044759699994756375,42,A08,cross-subject,AdaBN
115,16,0,0.0004526459999851795,42,A08,cross-subject,AdaBN
116,16,1,0.0003721460000178922,42,A08,cross-subject,AdaBN
117,16,1,0.00045572799990623025,42,A08,cross-subject,AdaBN
118,16,0,0.0004206680000606866,42,A08,cross-subject,AdaBN
119,16,1,0.0004307639999296953,42,A08,cross-subject,AdaBN
120,16,0,0.00035431800006335834,42,A08,cross-subject,AdaBN
121,16,1,0.00041517699992255075,42,A08,cross-subject,AdaBN
122,16,0,0.0003644179998900654,42,A08,cross-subject,AdaBN
123,16,0,0.00041445100009696034,42,A08,cross-subject,AdaBN
124,16,0,0.0003682710000703082,42,A08,cross-subject,AdaBN
125,16,0,0.0004055859999425593,42,A08,cross-subject,AdaBN
126,16,1,0.0004116679999697226,42,A08,cross-subject,AdaBN
127,16,1,0.0004437879999841243,42,A08,cross-subject,AdaBN
128,16,0,0.00047265900002457784,42,A08,cross-subject,AdaBN
129,16,0,0.000379800000018804,42,A08,cross-subject,AdaBN
130,16,0,0.0004051779999372229,42,A08,cross-subject,AdaBN
131,16,0,0.0003838770001038938,42,A08,cross-subject,AdaBN
132,16,1,0.0004010740001376689,42,A08,cross-subject,AdaBN
133,16,1,0.00036980699997002375,42,A08,cross-subject,AdaBN
134,16,1,0.00040271200009556196,42,A08,cross-subject,AdaBN
135,16,1,0.00040371700015384704,42,A08,cross-subject,AdaBN
136,16,1,0.00040409799998997187,42,A08,cross-subject,AdaBN
137,16,1,0.000369106000107422,42,A08,cross-subject,AdaBN
138,16,1,0.00039288899984057934,42,A08,cross-subject,AdaBN
139,16,1,0.00036720000002787856,42,A08,cross-subject,AdaBN
140,16,1,0.00039451600014217547,42,A08,cross-subject,AdaBN
141,16,1,0.00043348000008336385,42,A08,cross-subject,AdaBN
142,16,0,0.0004647299999760435,42,A08,cross-subject,AdaBN
143,16,1,0.0003699049998431292,42,A08,cross-subject,AdaBN
144,16,1,0.00040732000002208224,42,A08,cross-subject,AdaBN
145,16,1,0.0003678679997847212,42,A08,cross-subject,AdaBN
146,16,0,0.00042102900010831945,42,A08,cross-subject,AdaBN
147,16,1,0.00036565000004884496,42,A08,cross-subject,AdaBN
148,16,0,0.00036897900008625584,42,A08,cross-subject,AdaBN
149,16,0,0.0004070339998634154,42,A08,cross-subject,AdaBN
150,16,0,0.00036819000001742097,42,A08,cross-subject,AdaBN
151,16,0,0.00036848599984296015,42,A08,cross-subject,AdaBN
152,16,1,0.00036603100011234346,42,A08,cross-subject,AdaBN
153,16,1,0.00041239799998038507,42,A08,cross-subject,AdaBN
154,16,1,0.0004709550000825402,42,A08,cross-subject,AdaBN
155,16,0,0.0003686590000597789,42,A08,cross-subject,AdaBN
156,16,0,0.00036509100004877837,42,A08,cross-subject,AdaBN
157,16,1,0.00036295499990046665,42,A08,cross-subject,AdaBN
158,16,1,0.0003683980000914744,42,A08,cross-subject,AdaBN
159,16,0,0.0003800659999342315,42,A08,cross-subject,AdaBN
160,16,0,0.00036356600003273343,42,A08,cross-subject,AdaBN
161,16,0,0.00037156400003368617,42,A08,cross-subject,AdaBN
162,16,1,0.0003741159998753574,42,A08,cross-subject,AdaBN
163,16,1,0.000374753999949462,42,A08,cross-subject,AdaBN
164,16,1,0.00038524999990841025,42,A08,cross-subject,AdaBN
165,16,1,0.00042413999995005724,42,A08,cross-subject,AdaBN
166,16,0,0.00046159099997566955,42,A08,cross-subject,AdaBN
167,16,0,0.000372009999864531,42,A08,cross-subject,AdaBN
168,16,1,0.00040914800001701224,42,A08,cross-subject,AdaBN
169,16,0,0.000404299999900104,42,A08,cross-subject,AdaBN
170,16,1,0.0004200129999389901,42,A08,cross-subject,AdaBN
171,16,0,0.00042042500012939854,42,A08,cross-subject,AdaBN
172,16,0,0.0003749689999494876,42,A08,cross-subject,AdaBN
173,16,0,0.0003850020000299992,42,A08,cross-subject,AdaBN
174,16,0,0.0003924630000256002,42,A08,cross-subject,AdaBN
175,16,1,0.00045190999981059576,42,A08,cross-subject,AdaBN
176,16,1,0.00042944100005115615,42,A08,cross-subject,AdaBN
177,16,1,0.00037656499989680015,42,A08,cross-subject,AdaBN
178,16,1,0.00036565799996424175,42,A08,cross-subject,AdaBN
179,16,1,0.0003665269998691656,42,A08,cross-subject,AdaBN
180,16,1,0.0003772529998968821,42,A08,cross-subject,AdaBN
181,16,1,0.0003640869999799179,42,A08,cross-subject,AdaBN
182,16,1,0.0004055190001963638,42,A08,cross-subject,AdaBN
183,16,0,0.000356106000026557,42,A08,cross-subject,AdaBN
184,16,0,0.00037749399984932097,42,A08,cross-subject,AdaBN
185,16,0,0.00036703799992210406,42,A08,cross-subject,AdaBN
186,16,0,0.00045611899986397475,42,A08,cross-subject,AdaBN
187,16,0,0.00044090200003665814,42,A08,cross-subject,AdaBN
188,16,1,0.0003972250001424982,42,A08,cross-subject,AdaBN
189,16,1,0.0003649650000170368,42,A08,cross-subject,AdaBN
190,16,0,0.00036737300001732365,42,A08,cross-subject,AdaBN
191,16,1,0.0003655830000752758,42,A08,cross-subject,AdaBN
192,16,1,0.000377846999981557,42,A08,cross-subject,AdaBN
193,16,1,0.00036747200010722736,42,A08,cross-subject,AdaBN
194,16,1,0.0003751619999547984,42,A08,cross-subject,AdaBN
195,16,1,0.0003599340000164375,42,A08,cross-subject,AdaBN
196,16,1,0.0003659569999854284,42,A08,cross-subject,AdaBN
197,16,0,0.0003628659999321826,42,A08,cross-subject,AdaBN
198,16,0,0.0004569580000861606,42,A08,cross-subject,AdaBN
199,16,1,0.0003720560000601836,42,A08,cross-subject,AdaBN
200,16,1,0.00037014999998064013,42,A08,cross-subject,AdaBN
201,16,0,0.00035991200002172263,42,A08,cross-subject,AdaBN
202,16,1,0.00036378699996930663,42,A08,cross-subject,AdaBN
203,16,1,0.0003634770000644494,42,A08,cross-subject,AdaBN
204,16,1,0.0003557860000000801,42,A08,cross-subject,AdaBN
205,16,1,0.0003673009998692578,42,A08,cross-subject,AdaBN
206,16,1,0.00036887500004922913,42,A08,cross-subject,AdaBN
207,16,0,0.00035706700009541237,42,A08,cross-subject,AdaBN
208,16,0,0.00045466999995369406,42,A08,cross-subject,AdaBN
209,16,1,0.00042988700010937464,42,A08,cross-subject,AdaBN
210,16,1,0.0003560900001957634,42,A08,cross-subject,AdaBN
211,16,0,0.00047524900014650484,42,A08,cross-subject,AdaBN
212,16,1,0.0004247619999659946,42,A08,cross-subject,AdaBN
213,16,1,0.00043602100004136446,42,A08,cross-subject,AdaBN
214,16,0,0.0004059610000695102,42,A08,cross-subject,AdaBN
215,16,0,0.00038564199985557934,42,A08,cross-subject,AdaBN
216,16,1,0.0004062339999109099,42,A08,cross-subject,AdaBN
217,16,1,0.00037595200001305784,42,A08,cross-subject,AdaBN
218,16,1,0.0004196879999653902,42,A08,cross-subject,AdaBN
219,16,1,0.0003833850000773964,42,A08,cross-subject,AdaBN
220,16,0,0.000390144999983022,42,A08,cross-subject,AdaBN
221,16,1,0.00039768700003151025,42,A08,cross-subject,AdaBN
222,16,1,0.00036278700008551823,42,A08,cross-subject,AdaBN
223,16,1,0.0003820269998868753,42,A08,cross-subject,AdaBN
224,16,0,0.00038048500005061214,42,A08,cross-subject,AdaBN
225,16,0,0.00042950199986080406,42,A08,cross-subject,AdaBN
226,16,1,0.0004018279998945218,42,A08,cross-subject,AdaBN
227,16,1,0.0003928910000468022,42,A08,cross-subject,AdaBN
228,16,1,0.0004333059998771205,42,A08,cross-subject,AdaBN
229,16,0,0.0003974409999045747,42,A08,cross-subject,AdaBN
230,16,0,0.00039889999993647507,42,A08,cross-subject,AdaBN
231,16,1,0.0003667370001494419,42,A08,cross-subject,AdaBN
232,16,0,0.0003930159998617455,42,A08,cross-subject,AdaBN
233,16,1,0.00039767700013726426,42,A08,cross-subject,AdaBN
234,16,0,0.00035769400005847274,42,A08,cross-subject,AdaBN
235,16,1,0.00039542400008940604,42,A08,cross-subject,AdaBN
236,16,0,0.000401601000021401,42,A08,cross-subject,AdaBN
237,16,1,0.0003607070000271051,42,A08,cross-subject,AdaBN
238,16,0,0.0004157139999279025,42,A08,cross-subject,AdaBN
239,16,0,0.0004215530000237777,42,A08,cross-subject,AdaBN
240,16,1,0.000357785000005606,42,A08,cross-subject,AdaBN
241,16,1,0.0003612219998103683,42,A08,cross-subject,AdaBN
242,16,1,0.0004105920002075436,42,A08,cross-subject,AdaBN
243,16,1,0.0003673569999591564,42,A08,cross-subject,AdaBN
244,16,1,0.00037300200006029627,42,A08,cross-subject,AdaBN
245,16,1,0.00038832800009913626,42,A08,cross-subject,AdaBN
246,16,0,0.00035675599997375684,42,A08,cross-subject,AdaBN
247,16,0,0.0003657770000700111,42,A08,cross-subject,AdaBN
248,16,0,0.0003873570001360349,42,A08,cross-subject,AdaBN
249,16,0,0.0003714340000442462,42,A08,cross-subject,AdaBN
250,16,0,0.0004232240000874299,42,A08,cross-subject,AdaBN
251,16,1,0.00039254500006791204,42,A08,cross-subject,AdaBN
252,16,1,0.00036310700011199515,42,A08,cross-subject,AdaBN
253,16,1,0.00036764700007552165,42,A08,cross-subject,AdaBN
254,16,0,0.0003620170000431244,42,A08,cross-subject,AdaBN
255,16,0,0.00037400899987005687,42,A08,cross-subject,AdaBN
256,16,1,0.0003682779999962804,42,A08,cross-subject,AdaBN
257,16,1,0.00036571800001183874,42,A08,cross-subject,AdaBN
258,16,1,0.00039996300006350793,42,A08,cross-subject,AdaBN
259,16,1,0.0003717869999491086,42,A08,cross-subject,AdaBN
260,16,0,0.0004549289999431494,42,A08,cross-subject,AdaBN
261,16,0,0.00038678100008837646,42,A08,cross-subject,AdaBN
262,16,0,0.0003722829999333044,42,A08,cross-subject,AdaBN
263,16,0,0.0003697120000651921,42,A08,cross-subject,AdaBN
264,16,0,0.00037261300008140097,42,A08,cross-subject,AdaBN
265,16,1,0.0003683619997900678,42,A08,cross-subject,AdaBN
266,16,1,0.00036351299991110864,42,A08,cross-subject,AdaBN
267,16,0,0.0003583409998100251,42,A08,cross-subject,AdaBN
268,16,1,0.0003636250000909058,42,A08,cross-subject,AdaBN
269,16,0,0.00036610100005418644,42,A08,cross-subject,AdaBN
270,16,1,0.00041196000006493705,42,A08,cross-subject,AdaBN
271,16,1,0.0004572020000068733,42,A08,cross-subject,AdaBN
272,16,1,0.00043725199998334574,42,A08,cross-subject,AdaBN
273,16,0,0.00041306699995402596,42,A08,cross-subject,AdaBN
274,16,0,0.0004184079998594825,42,A08,cross-subject,AdaBN
275,16,0,0.00040665000005901675,42,A08,cross-subject,AdaBN
276,16,0,0.0003953850000470993,42,A08,cross-subject,AdaBN
277,16,1,0.00037783699985993735,42,A08,cross-subject,AdaBN
278,16,0,0.0003712160000759468,42,A08,cross-subject,AdaBN
279,16,1,0.00036294100004852226,42,A08,cross-subject,AdaBN
280,16,1,0.0003671160000067175,42,A08,cross-subject,AdaBN
281,16,1,0.0004562980000173411,42,A08,cross-subject,AdaBN
282,16,0,0.00040990799993778637,42,A08,cross-subject,AdaBN
283,16,0,0.0003678430000491062,42,A08,cross-subject,AdaBN
284,16,0,0.00039625899989914615,42,A08,cross-subject,AdaBN
285,16,0,0.00035552300005292636,42,A08,cross-subject,AdaBN
286,16,1,0.00037742600011370087,42,A08,cross-subject,AdaBN
287,16,0,0.0003905840001152683,42,A08,cross-subject,AdaBN
0,1,1,0.0013420989998849109,42,A09,cross-subject,AdaBN
1,2,0,0.001116273999969053,42,A09,cross-subject,AdaBN
2,3,0,0.001217255000028672,42,A09,cross-subject,AdaBN
3,4,1,0.002317925000170362,42,A09,cross-subject,AdaBN
4,5,1,0.0020378090000576776,42,A09,cross-subject,AdaBN
5,6,1,0.0019810190001408046,42,A09,cross-subject,AdaBN
6,7,0,0.0020359259999622736,42,A09,cross-subject,AdaBN
7,8,0,0.0020051129999956174,42,A09,cross-subject,AdaBN
8,9,0,0.0017118000000664324,42,A09,cross-subject,AdaBN
9,10,1,0.0016520870001386356,42,A09,cross-subject,AdaBN
10,11,1,0.0016511300000274787,42,A09,cross-subject,AdaBN
11,12,1,0.0015836430000035762,42,A09,cross-subject,AdaBN
12,13,1,0.0015366960001301777,42,A09,cross-subject,AdaBN
13,14,1,0.0014012809999712772,42,A09,cross-subject,AdaBN
14,15,1,0.0012634839999918768,42,A09,cross-subject,AdaBN
15,16,0,0.0013177369999084476,42,A09,cross-subject,AdaBN
16,16,0,0.0010446469998441898,42,A09,cross-subject,AdaBN
17,16,0,0.0012328949999300676,42,A09,cross-subject,AdaBN
18,16,0,0.0013850089999323245,42,A09,cross-subject,AdaBN
19,16,1,0.001206385000159571,42,A09,cross-subject,AdaBN
20,16,0,0.001374532999989242,42,A09,cross-subject,AdaBN
21,16,1,0.0007149149998895155,42,A09,cross-subject,AdaBN
22,16,0,0.0005443729999115021,42,A09,cross-subject,AdaBN
23,16,0,0.0005524210000658059,42,A09,cross-subject,AdaBN
24,16,1,0.0005911999999170803,42,A09,cross-subject,AdaBN
25,16,1,0.0006109849998665595,42,A09,cross-subject,AdaBN
26,16,1,0.0006850390000181505,42,A09,cross-subject,AdaBN
27,16,1,0.0007161690000430099,42,A09,cross-subject,AdaBN
28,16,1,0.0007222140000067157,42,A09,cross-subject,AdaBN
29,16,0,0.000717881000127818,42,A09,cross-subject,AdaBN
30,16,1,0.0007534800001849362,42,A09,cross-subject,AdaBN
31,16,1,0.0009251430001313565,42,A09,cross-subject,AdaBN
32,16,1,0.0008807980000256066,42,A09,cross-subject,AdaBN
33,16,1,0.0009183699999084638,42,A09,cross-subject,AdaBN
34,16,1,0.0009896829999433976,42,A09,cross-subject,AdaBN
35,16,1,0.000993458000039027,42,A09,cross-subject,AdaBN
36,16,0,0.001069894000011118,42,A09,cross-subject,AdaBN
37,16,1,0.0011473290001049463,42,A09,cross-subject,AdaBN
38,16,0,0.0012178570000287436,42,A09,cross-subject,AdaBN
39,16,1,0.0013099559998863697,42,A09,cross-subject,AdaBN
40,16,1,0.0015303420000236656,42,A09,cross-subject,AdaBN
41,16,0,0.0015489170000364538,42,A09,cross-subject,AdaBN
42,16,1,0.0015922850000151811,42,A09,cross-subject,AdaBN
43,16,0,0.0016117590000703785,42,A09,cross-subject,AdaBN
44,16,1,0.001496785000199452,42,A09,cross-subject,AdaBN
45,16,1,0.0014345330000651302,42,A09,cross-subject,AdaBN
46,16,1,0.0014240210000480147,42,A09,cross-subject,AdaBN
47,16,0,0.0013693989999410405,42,A09,cross-subject,AdaBN
48,16,0,0.0012928349999583588,42,A09,cross-subject,AdaBN
49,16,1,0.0012274860000616172,42,A09,cross-subject,AdaBN
50,16,1,0.0011555309999948804,42,A09,cross-subject,AdaBN
51,16,1,0.0011484690000997944,42,A09,cross-subject,AdaBN
52,16,1,0.0011101730001428223,42,A09,cross-subject,AdaBN
53,16,1,0.0010559320000993466,42,A09,cross-subject,AdaBN
54,16,1,0.0010293020000062825,42,A09,cross-subject,AdaBN
55,16,1,0.0009597589998975309,42,A09,cross-subject,AdaBN
56,16,1,0.0009195709999403334,42,A09,cross-subject,AdaBN
57,16,1,0.0008961460000591615,42,A09,cross-subject,AdaBN
58,16,0,0.0008858190001319599,42,A09,cross-subject,AdaBN
59,16,0,0.0008333040000252367,42,A09,cross-subject,AdaBN
60,16,1,0.0008096110000224144,42,A09,cross-subject,AdaBN
61,16,1,0.0007850350000353501,42,A09,cross-subject,AdaBN
62,16,0,0.0007665119999273884,42,A09,cross-subject,AdaBN
63,16,0,0.0007504870000047958,42,A09,cross-subject,AdaBN
64,16,1,0.000720361000048797,42,A09,cross-subject,AdaBN
65,16,0,0.0006786930000544089,42,A09,cross-subject,AdaBN
66,16,1,0.0006768690000171773,42,A09,cross-subject,AdaBN
67,16,1,0.000639357999943968,42,A09,cross-subject,AdaBN
68,16,1,0.000628519999963828,42,A09,cross-subject,AdaBN
69,16,0,0.0006317990000752616,42,A09,cross-subject,AdaBN
70,16,0,0.0006045389998234896,42,A09,cross-subject,AdaBN
71,16,1,0.0005788280000160739,42,A09,cross-subject,AdaBN
72,16,0,0.0005523949998860189,42,A09,cross-subject,AdaBN
73,16,0,0.0005553139999392442,42,A09,cross-subject,AdaBN
74,16,0,0.0005214420000356768,42,A09,cross-subject,AdaBN
75,16,1,0.0005180809998819313,42,A09,cross-subject,AdaBN
76,16,0,0.0005085000000235596,42,A09,cross-subject,AdaBN
77,16,1,0.0004835869999624265,42,A09,cross-subject,AdaBN
78,16,1,0.0004915710001114348,42,A09,cross-subject,AdaBN
79,16,1,0.0004855150000366848,42,A09,cross-subject,AdaBN
80,16,0,0.00047186500000861997,42,A09,cross-subject,AdaBN
81,16,1,0.0004878949998783355,42,A09,cross-subject,AdaBN
82,16,0,0.0004823140000098647,42,A09,cross-subject,AdaBN
83,16,1,0.0004170130000602512,42,A09,cross-subject,AdaBN
84,16,1,0.00040006199992603797,42,A09,cross-subject,AdaBN
85,16,1,0.00044194199995217787,42,A09,cross-subject,AdaBN
86,16,1,0.0004009290000794863,42,A09,cross-subject,AdaBN
87,16,1,0.0004353880001417565,42,A09,cross-subject,AdaBN
88,16,1,0.00038623399996140506,42,A09,cross-subject,AdaBN
89,16,1,0.00040565900008004974,42,A09,cross-subject,AdaBN
90,16,1,0.0003608040001381596,42,A09,cross-subject,AdaBN
91,16,1,0.0004209149999496731,42,A09,cross-subject,AdaBN
92,16,0,0.000458083000012266,42,A09,cross-subject,AdaBN
93,16,1,0.00046823699995002244,42,A09,cross-subject,AdaBN
94,16,1,0.00037694399998144945,42,A09,cross-subject,AdaBN
95,16,0,0.00048178399993048515,42,A09,cross-subject,AdaBN
96,16,1,0.00039208000021062617,42,A09,cross-subject,AdaBN
97,16,1,0.00044116700019003474,42,A09,cross-subject,AdaBN
98,16,1,0.00036372399995343585,42,A09,cross-subject,AdaBN
99,16,1,0.00047482099989792914,42,A09,cross-subject,AdaBN
100,16,1,0.000410322000107044,42,A09,cross-subject,AdaBN
101,16,1,0.0003889999998136773,42,A09,cross-subject,AdaBN
102,16,1,0.0003892699999141769,42,A09,cross-subject,AdaBN
103,16,1,0.0003657879999536817,42,A09,cross-subject,AdaBN
104,16,1,0.0004263270000137709,42,A09,cross-subject,AdaBN
105,16,1,0.00044804499998463143,42,A09,cross-subject,AdaBN
106,16,1,0.00048185199989347893,42,A09,cross-subject,AdaBN
107,16,0,0.0003566190000583447,42,A09,cross-subject,AdaBN
108,16,1,0.00041361700004927116,42,A09,cross-subject,AdaBN
109,16,1,0.00036953399990125035,42,A09,cross-subject,AdaBN
110,16,1,0.00041344700002809986,42,A09,cross-subject,AdaBN
111,16,1,0.0003799109999818029,42,A09,cross-subject,AdaBN
112,16,1,0.00042199099993922573,42,A09,cross-subject,AdaBN
113,16,1,0.0004419679999045911,42,A09,cross-subject,AdaBN
114,16,1,0.00045141800001147203,42,A09,cross-subject,AdaBN
115,16,1,0.00046035600007598987,42,A09,cross-subject,AdaBN
116,16,1,0.0003890170000886428,42,A09,cross-subject,AdaBN
117,16,0,0.0004201869999178598,42,A09,cross-subject,AdaBN
118,16,0,0.00044459600007940026,42,A09,cross-subject,AdaBN
119,16,1,0.00045903499994892627,42,A09,cross-subject,AdaBN
120,16,1,0.00039642399997319444,42,A09,cross-subject,AdaBN
121,16,1,0.00041627099994911987,42,A09,cross-subject,AdaBN
122,16,0,0.0004540790000646666,42,A09,cross-subject,AdaBN
123,16,0,0.00037513099982788844,42,A09,cross-subject,AdaBN
124,16,1,0.0004115360000014334,42,A09,cross-subject,AdaBN
125,16,1,0.0003886539998347871,42,A09,cross-subject,AdaBN
126,16,1,0.0003822219998710352,42,A09,cross-subject,AdaBN
127,16,1,0.0004358379999302997,42,A09,cross-subject,AdaBN
128,16,0,0.0004038110000692541,42,A09,cross-subject,AdaBN
129,16,0,0.0004666459999498329,42,A09,cross-subject,AdaBN
130,16,1,0.00045677000002797286,42,A09,cross-subject,AdaBN
131,16,0,0.00039620300003662123,42,A09,cross-subject,AdaBN
132,16,1,0.0004194450000341021,42,A09,cross-subject,AdaBN
133,16,1,0.00041937700007110834,42,A09,cross-subject,AdaBN
134,16,0,0.00037720800014540146,42,A09,cross-subject,AdaBN
135,16,1,0.0004050120001011237,42,A09,cross-subject,AdaBN
136,16,0,0.00039919000005284033,42,A09,cross-subject,AdaBN
137,16,1,0.00040399299996352056,42,A09,cross-subject,AdaBN
138,16,1,0.00037272899999152287,42,A09,cross-subject,AdaBN
139,16,1,0.0004391620000205876,42,A09,cross-subject,AdaBN
140,16,1,0.0004343519999565615,42,A09,cross-subject,AdaBN
141,16,1,0.00046031900001253234,42,A09,cross-subject,AdaBN
142,16,1,0.0004286629998659919,42,A09,cross-subject,AdaBN
143,16,1,0.0003695529999276914,42,A09,cross-subject,AdaBN
144,16,1,0.0003700049999224575,42,A09,cross-subject,AdaBN
145,16,1,0.0004070049999427283,42,A09,cross-subject,AdaBN
146,16,1,0.0003814510000665905,42,A09,cross-subject,AdaBN
147,16,1,0.0003878110001096502,42,A09,cross-subject,AdaBN
148,16,1,0.000377070000013191,42,A09,cross-subject,AdaBN
149,16,1,0.0003756309999971563,42,A09,cross-subject,AdaBN
150,16,1,0.0003948959999888757,42,A09,cross-subject,AdaBN
151,16,1,0.0003787499999816646,42,A09,cross-subject,AdaBN
152,16,1,0.00040354600014325115,42,A09,cross-subject,AdaBN
153,16,0,0.000482623000152671,42,A09,cross-subject,AdaBN
154,16,1,0.0003927239999939047,42,A09,cross-subject,AdaBN
155,16,1,0.0004178570000021864,42,A09,cross-subject,AdaBN
156,16,1,0.0003915270001471072,42,A09,cross-subject,AdaBN
157,16,1,0.00037710600008722395,42,A09,cross-subject,AdaBN
158,16,1,0.000403926999979376,42,A09,cross-subject,AdaBN
159,16,1,0.0003907020000042394,42,A09,cross-subject,AdaBN
160,16,1,0.0003934609999305394,42,A09,cross-subject,AdaBN
161,16,0,0.00044191099982526794,42,A09,cross-subject,AdaBN
162,16,1,0.00044322899998405774,42,A09,cross-subject,AdaBN
163,16,0,0.0004375510000045324,42,A09,cross-subject,AdaBN
164,16,0,0.00041602199985391053,42,A09,cross-subject,AdaBN
165,16,1,0.0003658380001070327,42,A09,cross-subject,AdaBN
166,16,1,0.00037259099985931243,42,A09,cross-subject,AdaBN
167,16,1,0.0003665599999749247,42,A09,cross-subject,AdaBN
168,16,1,0.00036681599999610626,42,A09,cross-subject,AdaBN
169,16,0,0.0003660299998955452,42,A09,cross-subject,AdaBN
170,16,1,0.00037478799981727207,42,A09,cross-subject,AdaBN
171,16,0,0.0003608969998367684,42,A09,cross-subject,AdaBN
172,16,1,0.00037648900001840957,42,A09,cross-subject,AdaBN
173,16,0,0.0003927459999886196,42,A09,cross-subject,AdaBN
174,16,0,0.0004386040000099456,42,A09,cross-subject,AdaBN
175,16,0,0.00047773799997230526,42,A09,cross-subject,AdaBN
176,16,1,0.00036278800007494283,42,A09,cross-subject,AdaBN
177,16,1,0.0003848670000934362,42,A09,cross-subject,AdaBN
178,16,0,0.00039868599992587406,42,A09,cross-subject,AdaBN
179,16,1,0.00036690800016003777,42,A09,cross-subject,AdaBN
180,16,1,0.00040359800004807767,42,A09,cross-subject,AdaBN
181,16,1,0.00039148700011537585,42,A09,cross-subject,AdaBN
182,16,1,0.0003609300001699012,42,A09,cross-subject,AdaBN
183,16,1,0.0004427439998835325,42,A09,cross-subject,AdaBN
184,16,0,0.00045255700001689547,42,A09,cross-subject,AdaBN
185,16,1,0.0003937290000521898,42,A09,cross-subject,AdaBN
186,16,0,0.0004066179999426822,42,A09,cross-subject,AdaBN
187,16,0,0.00040266199994221097,42,A09,cross-subject,AdaBN
188,16,1,0.0003826649999609799,42,A09,cross-subject,AdaBN
189,16,1,0.0003861469999719702,42,A09,cross-subject,AdaBN
190,16,0,0.0003848219998872082,42,A09,cross-subject,AdaBN
191,16,0,0.0003606330001275637,42,A09,cross-subject,AdaBN
192,16,1,0.0004109280000648141,42,A09,cross-subject,AdaBN
193,16,1,0.0003690400001232774,42,A09,cross-subject,AdaBN
194,16,0,0.0003922579999198206,42,A09,cross-subject,AdaBN
195,16,1,0.00043979499992019555,42,A09,cross-subject,AdaBN
196,16,1,0.00043293099997754325,42,A09,cross-subject,AdaBN
197,16,1,0.00036498000008577947,42,A09,cross-subject,AdaBN
198,16,0,0.0003989429999364802,42,A09,cross-subject,AdaBN
199,16,1,0.0003644119999535178,42,A09,cross-subject,AdaBN
200,16,1,0.0003801889999976993,42,A09,cross-subject,AdaBN
201,16,1,0.00036885899999106186,42,A09,cross-subject,AdaBN
202,16,1,0.00037236100001791783,42,A09,cross-subject,AdaBN
203,16,0,0.00036477899993769825,42,A09,cross-subject,AdaBN
204,16,1,0.0003735860000233515,42,A09,cross-subject,AdaBN
205,16,1,0.0003704449998167547,42,A09,cross-subject,AdaBN
206,16,1,0.0004465160000108881,42,A09,cross-subject,AdaBN
207,16,0,0.0004909120000320399,42,A09,cross-subject,AdaBN
208,16,1,0.0003674550000596355,42,A09,cross-subject,AdaBN
209,16,1,0.00042325899994466454,42,A09,cross-subject,AdaBN
210,16,1,0.0004023819999474654,42,A09,cross-subject,AdaBN
211,16,1,0.0003705619999436749,42,A09,cross-subject,AdaBN
212,16,1,0.00041080599999077094,42,A09,cross-subject,AdaBN
213,16,1,0.0003928950000045006,42,A09,cross-subject,AdaBN
214,16,1,0.0003881960001308471,42,A09,cross-subject,AdaBN
215,16,0,0.00043609299996205664,42,A09,cross-subject,AdaBN
216,16,1,0.0003657770000700111,42,A09,cross-subject,AdaBN
217,16,1,0.0005780569999842555,42,A09,cross-subject,AdaBN
218,16,1,0.0005103999999391817,42,A09,cross-subject,AdaBN
219,16,0,0.0004088890000275569,42,A09,cross-subject,AdaBN
220,16,0,0.00040161500010071904,42,A09,cross-subject,AdaBN
221,16,1,0.0004247020001457713,42,A09,cross-subject,AdaBN
222,16,1,0.0003705029998855025,42,A09,cross-subject,AdaBN
223,16,0,0.00041139500012832286,42,A09,cross-subject,AdaBN
224,16,1,0.0004280949999611039,42,A09,cross-subject,AdaBN
225,16,1,0.00037261900001794857,42,A09,cross-subject,AdaBN
226,16,0,0.0004148580001128721,42,A09,cross-subject,AdaBN
227,16,0,0.0004922079999687412,42,A09,cross-subject,AdaBN
228,16,0,0.00039800800004741177,42,A09,cross-subject,AdaBN
229,16,1,0.00040819900004862575,42,A09,cross-subject,AdaBN
230,16,0,0.0004440379998413846,42,A09,cross-subject,AdaBN
231,16,1,0.00038232399992921273,42,A09,cross-subject,AdaBN
232,16,1,0.0004166979999808973,42,A09,cross-subject,AdaBN
233,16,0,0.00042229500013490906,42,A09,cross-subject,AdaBN
234,16,0,0.00037664800015591027,42,A09,cross-subject,AdaBN
235,16,0,0.0003818430000137596,42,A09,cross-subject,AdaBN
236,16,1,0.00040670999987924006,42,A09,cross-subject,AdaBN
237,16,0,0.0004471699999157863,42,A09,cross-subject,AdaBN
238,16,0,0.0004887170000529295,42,A09,cross-subject,AdaBN
239,16,1,0.0004483259999688016,42,A09,cross-subject,AdaBN
240,16,1,0.0003625279998686892,42,A09,cross-subject,AdaBN
241,16,1,0.000380069000129879,42,A09,cross-subject,AdaBN
242,16,0,0.00039890199991532427,42,A09,cross-subject,AdaBN
243,16,1,0.0003698410000652075,42,A09,cross-subject,AdaBN
244,16,1,0.0003930039999886503,42,A09,cross-subject,AdaBN
245,16,0,0.0003931930000362627,42,A09,cross-subject,AdaBN
246,16,0,0.0003690060000280937,42,A09,cross-subject,AdaBN
247,16,1,0.00042201600012958806,42,A09,cross-subject,AdaBN
248,16,1,0.0004487109999899985,42,A09,cross-subject,AdaBN
249,16,1,0.00038491999998768733,42,A09,cross-subject,AdaBN
250,16,0,0.00039780399993105675,42,A09,cross-subject,AdaBN
251,16,1,0.00038092199997663556,42,A09,cross-subject,AdaBN
252,16,0,0.0003697199999805889,42,A09,cross-subject,AdaBN
253,16,0,0.0004288590000669501,42,A09,cross-subject,AdaBN
254,16,0,0.00041760500016607693,42,A09,cross-subject,AdaBN
255,16,1,0.0003825430001143104,42,A09,cross-subject,AdaBN
256,16,1,0.0004173709999122366,42,A09,cross-subject,AdaBN
257,16,1,0.00036577599985321285,42,A09,cross-subject,AdaBN
258,16,1,0.0004240430000663764,42,A09,cross-subject,AdaBN
259,16,1,0.0004964929999005108,42,A09,cross-subject,AdaBN
260,16,0,0.0004026460001114174,42,A09,cross-subject,AdaBN
261,16,0,0.0003742110000075627,42,A09,cross-subject,AdaBN
262,16,0,0.0004142540001339512,42,A09,cross-subject,AdaBN
263,16,0,0.00036664499998551037,42,A09,cross-subject,AdaBN
264,16,0,0.0004161449999173783,42,A09,cross-subject,AdaBN
265,16,1,0.00040110999998432817,42,A09,cross-subject,AdaBN
266,16,0,0.000356613999883848,42,A09,cross-subject,AdaBN
267,16,0,0.0003796810001404083,42,A09,cross-subject,AdaBN
268,16,1,0.0003848170001674589,42,A09,cross-subject,AdaBN
269,16,1,0.00041496599988022354,42,A09,cross-subject,AdaBN
270,16,1,0.00043968599993604585,42,A09,cross-subject,AdaBN
271,16,0,0.0004551310000806552,42,A09,cross-subject,AdaBN
272,16,1,0.00036172299996906077,42,A09,cross-subject,AdaBN
273,16,0,0.00039889799995762587,42,A09,cross-subject,AdaBN
274,16,1,0.00037250900004437426,42,A09,cross-subject,AdaBN
275,16,0,0.00036775900002794515,42,A09,cross-subject,AdaBN
276,16,0,0.00038512000014634395,42,A09,cross-subject,AdaBN
277,16,1,0.0003923439999198308,42,A09,cross-subject,AdaBN
278,16,1,0.00036937400000169873,42,A09,cross-subject,AdaBN
279,16,1,0.00045299700013856636,42,A09,cross-subject,AdaBN
280,16,1,0.00046591399996032123,42,A09,cross-subject,AdaBN
281,16,0,0.00038080900003478746,42,A09,cross-subject,AdaBN
282,16,1,0.00037572799988083716,42,A09,cross-subject,AdaBN
283,16,1,0.00037947999999232707,42,A09,cross-subject,AdaBN
284,16,0,0.00036605999980565684,42,A09,cross-subject,AdaBN
285,16,1,0.0003753539999706845,42,A09,cross-subject,AdaBN
286,16,1,0.00037427899997055647,42,A09,cross-subject,AdaBN
287,16,0,0.00036422099992705625,42,A09,cross-subject,AdaBN
0,1,0,0.0010989869999775692,97,A01,cross-subject,AdaBN
1,2,0,0.0009775200001058693,97,A01,cross-subject,AdaBN
2,3,1,0.0009319690000211267,97,A01,cross-subject,AdaBN
3,4,1,0.0012990010000066832,97,A01,cross-subject,AdaBN
4,5,1,0.0020941780001066945,97,A01,cross-subject,AdaBN
5,6,1,0.0021107509999183094,97,A01,cross-subject,AdaBN
6,7,0,0.002069540999855235,97,A01,cross-subject,AdaBN
7,8,0,0.0020429390001481806,97,A01,cross-subject,AdaBN
8,9,1,0.0020587109997904918,97,A01,cross-subject,AdaBN
9,10,0,0.0017492290000973298,97,A01,cross-subject,AdaBN
10,11,1,0.0015925580000839545,97,A01,cross-subject,AdaBN
11,12,1,0.001630285000146614,97,A01,cross-subject,AdaBN
12,13,1,0.0016705419998288562,97,A01,cross-subject,AdaBN
13,14,0,0.001611825999816574,97,A01,cross-subject,AdaBN
14,15,1,0.001567603000012241,97,A01,cross-subject,AdaBN
15,16,1,0.001474881000149253,97,A01,cross-subject,AdaBN
16,16,1,0.0009887639998851228,97,A01,cross-subject,AdaBN
17,16,1,0.00048111000000972126,97,A01,cross-subject,AdaBN
18,16,0,0.0004616179999175074,97,A01,cross-subject,AdaBN
19,16,0,0.0005281969999941794,97,A01,cross-subject,AdaBN
20,16,1,0.0004343320001680695,97,A01,cross-subject,AdaBN
21,16,0,0.0004693619998761278,97,A01,cross-subject,AdaBN
22,16,0,0.00041031099999599974,97,A01,cross-subject,AdaBN
23,16,0,0.0004777730000569136,97,A01,cross-subject,AdaBN
24,16,0,0.0005870360000699293,97,A01,cross-subject,AdaBN
25,16,1,0.0005197780001253705,97,A01,cross-subject,AdaBN
26,16,1,0.0005381739999847923,97,A01,cross-subject,AdaBN
27,16,1,0.0005309350001425628,97,A01,cross-subject,AdaBN
28,16,0,0.0004987569998320396,97,A01,cross-subject,AdaBN
29,16,0,0.00048129699985111074,97,A01,cross-subject,AdaBN
30,16,0,0.0004244900001140195,97,A01,cross-subject,AdaBN
31,16,1,0.0005508260001079179,97,A01,cross-subject,AdaBN
32,16,0,0.0004172009998910653,97,A01,cross-subject,AdaBN
33,16,0,0.0005231220000041503,97,A01,cross-subject,AdaBN
34,16,0,0.0006542370001625386,97,A01,cross-subject,AdaBN
35,16,0,0.0007945340000787837,97,A01,cross-subject,AdaBN
36,16,1,0.0005444639998586354,97,A01,cross-subject,AdaBN
37,16,0,0.0006859749998966436,97,A01,cross-subject,AdaBN
38,16,0,0.0006363069999224535,97,A01,cross-subject,AdaBN
39,16,0,0.0005466689999593655,97,A01,cross-subject,AdaBN
40,16,1,0.0005683550000412652,97,A01,cross-subject,AdaBN
41,16,0,0.0006058249998659448,97,A01,cross-subject,AdaBN
42,16,1,0.0006262800000058633,97,A01,cross-subject,AdaBN
43,16,0,0.000677355999869178,97,A01,cross-subject,AdaBN
44,16,1,0.0007102649999524147,97,A01,cross-subject,AdaBN
45,16,1,0.0007309229999918898,97,A01,cross-subject,AdaBN
46,16,0,0.0007744439999441965,97,A01,cross-subject,AdaBN
47,16,1,0.000845404000074268,97,A01,cross-subject,AdaBN
48,16,1,0.0008682079999289272,97,A01,cross-subject,AdaBN
49,16,1,0.0008776690001468523,97,A01,cross-subject,AdaBN
50,16,0,0.0009755849998782651,97,A01,cross-subject,AdaBN
51,16,1,0.0010372010001447052,97,A01,cross-subject,AdaBN
52,16,0,0.0011318699998810189,97,A01,cross-subject,AdaBN
53,16,0,0.001171122999949148,97,A01,cross-subject,AdaBN
54,16,1,0.0010714930001540779,97,A01,cross-subject,AdaBN
55,16,0,0.001028790000191293,97,A01,cross-subject,AdaBN
56,16,1,0.0010410350000711333,97,A01,cross-subject,AdaBN
57,16,1,0.001004637999812985,97,A01,cross-subject,AdaBN
58,16,0,0.0009569840001404373,97,A01,cross-subject,AdaBN
59,16,0,0.0009418849999747181,97,A01,cross-subject,AdaBN
60,16,0,0.0009119269998336677,97,A01,cross-subject,AdaBN
61,16,0,0.0009036139999807347,97,A01,cross-subject,AdaBN
62,16,1,0.000873778999903152,97,A01,cross-subject,AdaBN
63,16,1,0.0008323370000198338,97,A01,cross-subject,AdaBN
64,16,0,0.0008246249999501742,97,A01,cross-subject,AdaBN
65,16,1,0.0010484839999662654,97,A01,cross-subject,AdaBN
66,16,1,0.0009765029999471153,97,A01,cross-subject,AdaBN
67,16,0,0.0008543500000541826,97,A01,cross-subject,AdaBN
68,16,0,0.0008627830000023096,97,A01,cross-subject,AdaBN
69,16,0,0.0009106760001031944,97,A01,cross-subject,AdaBN
70,16,1,0.0010140669999145757,97,A01,cross-subject,AdaBN
71,16,0,0.0010723069999585277,97,A01,cross-subject,AdaBN
72,16,0,0.0011684109999805514,97,A01,cross-subject,AdaBN
73,16,0,0.0012787070002104883,97,A01,cross-subject,AdaBN
74,16,1,0.0013588260001142771,97,A01,cross-subject,AdaBN
75,16,1,0.0014958119998027541,97,A01,cross-subject,AdaBN
76,16,1,0.0015438599998560676,97,A01,cross-subject,AdaBN
77,16,1,0.001466198000116492,97,A01,cross-subject,AdaBN
78,16,0,0.0014794119999805844,97,A01,cross-subject,AdaBN
79,16,0,0.0013512619998437003,97,A01,cross-subject,AdaBN
80,16,0,0.0013489350001236744,97,A01,cross-subject,AdaBN
81,16,1,0.0012514400000327441,97,A01,cross-subject,AdaBN
82,16,1,0.001240508999899248,97,A01,cross-subject,AdaBN
83,16,1,0.001192338999999265,97,A01,cross-subject,AdaBN
84,16,1,0.0011559430001852888,97,A01,cross-subject,AdaBN
85,16,1,0.0011094630001480255,97,A01,cross-subject,AdaBN
86,16,1,0.0010512859998925705,97,A01,cross-subject,AdaBN
87,16,1,0.0010493600000245351,97,A01,cross-subject,AdaBN
88,16,0,0.000993022999864479,97,A01,cross-subject,AdaBN
89,16,1,0.0009937459999491693,97,A01,cross-subject,AdaBN
90,16,1,0.0009301150000737834,97,A01,cross-subject,AdaBN
91,16,0,0.000926166999988709,97,A01,cross-subject,AdaBN
92,16,0,0.0008799820000149339,97,A01,cross-subject,AdaBN
93,16,0,0.0008742600000459788,97,A01,cross-subject,AdaBN
94,16,0,0.0008345749999989494,97,A01,cross-subject,AdaBN
95,16,0,0.0008031429999846296,97,A01,cross-subject,AdaBN
96,16,1,0.0007858819999455591,97,A01,cross-subject,AdaBN
97,16,0,0.0007604120000905823,97,A01,cross-subject,AdaBN
98,16,0,0.0007386770000721299,97,A01,cross-subject,AdaBN
99,16,0,0.0007096419999470527,97,A01,cross-subject,AdaBN
100,16,0,0.0006641180000315217,97,A01,cross-subject,AdaBN
101,16,1,0.0006739989999005047,97,A01,cross-subject,AdaBN
102,16,1,0.0006552489999194222,97,A01,cross-subject,AdaBN
103,16,1,0.0006266569998842897,97,A01,cross-subject,AdaBN
104,16,0,0.0006249179998576437,97,A01,cross-subject,AdaBN
105,16,1,0.0006044809999821155,97,A01,cross-subject,AdaBN
106,16,1,0.0005908269999963522,97,A01,cross-subject,AdaBN
107,16,1,0.0005760899998676905,97,A01,cross-subject,AdaBN
108,16,1,0.0005633970001781563,97,A01,cross-subject,AdaBN
109,16,1,0.0005449539999062836,97,A01,cross-subject,AdaBN
110,16,1,0.0005258819999198749,97,A01,cross-subject,AdaBN
111,16,1,0.0005221290000463341,97,A01,cross-subject,AdaBN
112,16,0,0.0004980460000751918,97,A01,cross-subject,AdaBN
113,16,1,0.0004916979999052273,97,A01,cross-subject,AdaBN
114,16,1,0.00046939999992900994,97,A01,cross-subject,AdaBN
115,16,1,0.00046546199996555515,97,A01,cross-subject,AdaBN
116,16,0,0.00044725799989464576,97,A01,cross-subject,AdaBN
117,16,0,0.0004520879999745375,97,A01,cross-subject,AdaBN
118,16,1,0.0004500469999584311,97,A01,cross-subject,AdaBN
119,16,0,0.0004328290001467394,97,A01,cross-subject,AdaBN
120,16,1,0.0004448520001005818,97,A01,cross-subject,AdaBN
121,16,1,0.00039503600009993534,97,A01,cross-subject,AdaBN
122,16,1,0.00040057100000012724,97,A01,cross-subject,AdaBN
123,16,1,0.00037595999992845464,97,A01,cross-subject,AdaBN
124,16,1,0.0004295989999718586,97,A01,cross-subject,AdaBN
125,16,0,0.00036548299999594747,97,A01,cross-subject,AdaBN
126,16,1,0.00038251700016189716,97,A01,cross-subject,AdaBN
127,16,0,0.00035979899985250086,97,A01,cross-subject,AdaBN
128,16,1,0.0003904109998984495,97,A01,cross-subject,AdaBN
129,16,1,0.0003564950000054523,97,A01,cross-subject,AdaBN
130,16,0,0.0003703499999119231,97,A01,cross-subject,AdaBN
131,16,0,0.0003642530000433908,97,A01,cross-subject,AdaBN
132,16,1,0.00040327300007447775,97,A01,cross-subject,AdaBN
133,16,0,0.0004332090002208133,97,A01,cross-subject,AdaBN
134,16,0,0.00045350400000643276,97,A01,cross-subject,AdaBN
135,16,1,0.00036505100001704704,97,A01,cross-subject,AdaBN
136,16,1,0.00041604300008657447,97,A01,cross-subject,AdaBN
137,16,0,0.000361590000011347,97,A01,cross-subject,AdaBN
138,16,0,0.0003946239999095269,97,A01,cross-subject,AdaBN
139,16,0,0.0003841109999029868,97,A01,cross-subject,AdaBN
140,16,0,0.0003840509998553898,97,A01,cross-subject,AdaBN
141,16,1,0.0003856570001516957,97,A01,cross-subject,AdaBN
142,16,1,0.0003984780000791943,97,A01,cross-subject,AdaBN
143,16,1,0.0003867990001253929,97,A01,cross-subject,AdaBN
144,16,1,0.0003629819998423045,97,A01,cross-subject,AdaBN
145,16,1,0.0003852810000353202,97,A01,cross-subject,AdaBN
146,16,1,0.00040042499995252,97,A01,cross-subject,AdaBN
147,16,1,0.0004673799999181938,97,A01,cross-subject,AdaBN
148,16,0,0.000413908000155061,97,A01,cross-subject,AdaBN
149,16,0,0.00047150000000328873,97,A01,cross-subject,AdaBN
150,16,1,0.0003732169998329482,97,A01,cross-subject,AdaBN
151,16,0,0.00037146399995435786,97,A01,cross-subject,AdaBN
152,16,1,0.0004182459999810817,97,A01,cross-subject,AdaBN
153,16,1,0.00036306000015429163,97,A01,cross-subject,AdaBN
154,16,1,0.0004087209999852348,97,A01,cross-subject,AdaBN
155,16,0,0.0003874200001519057,97,A01,cross-subject,AdaBN
156,16,1,0.000545859000112614,97,A01,cross-subject,AdaBN
157,16,1,0.0004731230001198128,97,A01,cross-subject,AdaBN
158,16,1,0.00045230299997456314,97,A01,cross-subject,AdaBN
159,16,1,0.0004459470001165755,97,A01,cross-subject,AdaBN
160,16,1,0.00039216899995153653,97,A01,cross-subject,AdaBN
161,16,0,0.0003744789999018394,97,A01,cross-subject,AdaBN
162,16,1,0.0004405919999044272,97,A01,cross-subject,AdaBN
163,16,0,0.0003739940000286879,97,A01,cross-subject,AdaBN
164,16,1,0.0003927840000415017,97,A01,cross-subject,AdaBN
165,16,1,0.00040073700006360014,97,A01,cross-subject,AdaBN
166,16,1,0.00038110299988147744,97,A01,cross-subject,AdaBN
167,16,1,0.0003947860000153014,97,A01,cross-subject,AdaBN
168,16,0,0.000364738000143916,97,A01,cross-subject,AdaBN
169,16,1,0.0004211719999602792,97,A01,cross-subject,AdaBN
170,16,1,0.0004316890001518914,97,A01,cross-subject,AdaBN
171,16,1,0.0004167980000602256,97,A01,cross-subject,AdaBN
172,16,0,0.0004625599999599217,97,A01,cross-subject,AdaBN
173,16,1,0.00036555999986376264,97,A01,cross-subject,AdaBN
174,16,1,0.0004180399998858775,97,A01,cross-subject,AdaBN
175,16,1,0.0003745210001397936,97,A01,cross-subject,AdaBN
176,16,0,0.0003682229998958064,97,A01,cross-subject,AdaBN
177,16,0,0.00041357199984304316,97,A01,cross-subject,AdaBN
178,16,0,0.00038042799997128895,97,A01,cross-subject,AdaBN
179,16,1,0.00042690999998740153,97,A01,cross-subject,AdaBN
180,16,1,0.0003702409999277734,97,A01,cross-subject,AdaBN
181,16,1,0.0004147040001498681,97,A01,cross-subject,AdaBN
182,16,0,0.0004505360000166547,97,A01,cross-subject,AdaBN
183,16,1,0.0004441300000053161,97,A01,cross-subject,AdaBN
184,16,0,0.0005044199999701959,97,A01,cross-subject,AdaBN
185,16,0,0.00041483800009700644,97,A01,cross-subject,AdaBN
186,16,1,0.0003708750000441796,97,A01,cross-subject,AdaBN
187,16,1,0.0004112569999961124,97,A01,cross-subject,AdaBN
188,16,1,0.00037014500003351714,97,A01,cross-subject,AdaBN
189,16,1,0.0004067970000960486,97,A01,cross-subject,AdaBN
190,16,1,0.0003715549999014911,97,A01,cross-subject,AdaBN
191,16,1,0.0003725470000972564,97,A01,cross-subject,AdaBN
192,16,0,0.00047707800013085944,97,A01,cross-subject,AdaBN
193,16,1,0.00044842300007985614,97,A01,cross-subject,AdaBN
194,16,1,0.0004124429999592394,97,A01,cross-subject,AdaBN
195,16,1,0.0003674459999274404,97,A01,cross-subject,AdaBN
196,16,1,0.00036936299989065446,97,A01,cross-subject,AdaBN
197,16,1,0.0003915849999884813,97,A01,cross-subject,AdaBN
198,16,0,0.00036848200011263543,97,A01,cross-subject,AdaBN
199,16,0,0.0003722679998645617,97,A01,cross-subject,AdaBN
200,16,0,0.00036443500016503094,97,A01,cross-subject,AdaBN
201,16,1,0.0003686820000439184,97,A01,cross-subject,AdaBN
202,16,1,0.0003782930000397755,97,A01,cross-subject,AdaBN
203,16,1,0.0003664490000119258,97,A01,cross-subject,AdaBN
204,16,1,0.00038650400006190466,97,A01,cross-subject,AdaBN
205,16,1,0.00044327199998406286,97,A01,cross-subject,AdaBN
206,16,0,0.00046967100001893414,97,A01,cross-subject,AdaBN
207,16,1,0.00038081799993960885,97,A01,cross-subject,AdaBN
208,16,1,0.0003726659999756521,97,A01,cross-subject,AdaBN
209,16,1,0.00037003700003879203,97,A01,cross-subject,AdaBN
210,16,0,0.00036393899995346146,97,A01,cross-subject,AdaBN
211,16,0,0.0003852170000300248,97,A01,cross-subject,AdaBN
212,16,1,0.0003777990000344289,97,A01,cross-subject,AdaBN
213,16,1,0.0003679089998058771,97,A01,cross-subject,AdaBN
214,16,0,0.0004243200000928482,97,A01,cross-subject,AdaBN
215,16,0,0.0004163010000866052,97,A01,cross-subject,AdaBN
216,16,1,0.00043990900007884193,97,A01,cross-subject,AdaBN
217,16,1,0.000439259999893693,97,A01,cross-subject,AdaBN
218,16,1,0.0003738580001027003,97,A01,cross-subject,AdaBN
219,16,1,0.00038744900007259275,97,A01,cross-subject,AdaBN
220,16,1,0.0003827689999980066,97,A01,cross-subject,AdaBN
221,16,1,0.00037988600001881423,97,A01,cross-subject,AdaBN
222,16,1,0.0003683970001020498,97,A01,cross-subject,AdaBN
223,16,0,0.00037427799998113187,97,A01,cross-subject,AdaBN
224,16,1,0.0003794239999024285,97,A01,cross-subject,AdaBN
225,16,1,0.0003721709999808809,97,A01,cross-subject,AdaBN
226,16,1,0.0003644230000645621,97,A01,cross-subject,AdaBN
227,16,1,0.0004496629999266588,97,A01,cross-subject,AdaBN
228,16,1,0.0004819329999463662,97,A01,cross-subject,AdaBN
229,16,0,0.00041212400014956074,97,A01,cross-subject,AdaBN
230,16,0,0.0003796870000769559,97,A01,cross-subject,AdaBN
231,16,1,0.0003921340000943019,97,A01,cross-subject,AdaBN
232,16,0,0.00036310600012257055,97,A01,cross-subject,AdaBN
233,16,0,0.000400420000005397,97,A01,cross-subject,AdaBN
234,16,0,0.0003983340000104363,97,A01,cross-subject,AdaBN
235,16,0,0.0003785839999181917,97,A01,cross-subject,AdaBN
236,16,1,0.00042851299986068625,97,A01,cross-subject,AdaBN
237,16,0,0.00046441000017694023,97,A01,cross-subject,AdaBN
238,16,0,0.0004126669998640864,97,A01,cross-subject,AdaBN
239,16,1,0.0003897500000675791,97,A01,cross-subject,AdaBN
240,16,0,0.00038170300013007363,97,A01,cross-subject,AdaBN
241,16,0,0.000367446999916865,97,A01,cross-subject,AdaBN
242,16,1,0.0003660150000541762,97,A01,cross-subject,AdaBN
243,16,0,0.0003679470000861329,97,A01,cross-subject,AdaBN
244,16,0,0.00036776299998564355,97,A01,cross-subject,AdaBN
245,16,0,0.0003739930000392633,97,A01,cross-subject,AdaBN
246,16,1,0.0003752990000975842,97,A01,cross-subject,AdaBN
247,16,1,0.0003697979998378287,97,A01,cross-subject,AdaBN
248,16,0,0.0004253810000136582,97,A01,cross-subject,AdaBN
249,16,0,0.0004600560000653786,97,A01,cross-subject,AdaBN
250,16,0,0.00042286999996576924,97,A01,cross-subject,AdaBN
251,16,0,0.00038459099982901535,97,A01,cross-subject,AdaBN
252,16,1,0.0003545660001691431,97,A01,cross-subject,AdaBN
253,16,1,0.00041139400013889826,97,A01,cross-subject,AdaBN
254,16,0,0.00040279799986819853,97,A01,cross-subject,AdaBN
255,16,1,0.00037693400008720346,97,A01,cross-subject,AdaBN
256,16,0,0.0004391479999412695,97,A01,cross-subject,AdaBN
257,16,1,0.00038613899982919975,97,A01,cross-subject,AdaBN
258,16,1,0.00040698099996916426,97,A01,cross-subject,AdaBN
259,16,1,0.00044220900008440367,97,A01,cross-subject,AdaBN
260,16,1,0.00039088900007300253,97,A01,cross-subject,AdaBN
261,16,1,0.00036615099998016376,97,A01,cross-subject,AdaBN
262,16,0,0.00039698499995211023,97,A01,cross-subject,AdaBN
263,16,0,0.0004020930000478984,97,A01,cross-subject,AdaBN
264,16,1,0.00036631500006478745,97,A01,cross-subject,AdaBN
265,16,1,0.00037688399993385246,97,A01,cross-subject,AdaBN
266,16,0,0.00038513399999828835,97,A01,cross-subject,AdaBN
267,16,1,0.00036476200011748006,97,A01,cross-subject,AdaBN
268,16,1,0.000391968000030829,97,A01,cross-subject,AdaBN
269,16,0,0.0005023940000228322,97,A01,cross-subject,AdaBN
270,16,0,0.00040465000006406626,97,A01,cross-subject,AdaBN
271,16,1,0.0003844940001727082,97,A01,cross-subject,AdaBN
272,16,1,0.0004029040001114481,97,A01,cross-subject,AdaBN
273,16,1,0.0003743839999970078,97,A01,cross-subject,AdaBN
274,16,1,0.000377065000066068,97,A01,cross-subject,AdaBN
275,16,0,0.000420792000113579,97,A01,cross-subject,AdaBN
276,16,1,0.00037181399989094643,97,A01,cross-subject,AdaBN
277,16,0,0.0004019909999897209,97,A01,cross-subject,AdaBN
278,16,0,0.00039006199995128554,97,A01,cross-subject,AdaBN
279,16,1,0.00039045099993018084,97,A01,cross-subject,AdaBN
280,16,0,0.0004321189999245689,97,A01,cross-subject,AdaBN
281,16,0,0.0004394979998778581,97,A01,cross-subject,AdaBN
282,16,1,0.0003750800001398602,97,A01,cross-subject,AdaBN
283,16,1,0.00036698400003842835,97,A01,cross-subject,AdaBN
284,16,0,0.00041064899983211944,97,A01,cross-subject,AdaBN
285,16,1,0.0003927939999357477,97,A01,cross-subject,AdaBN
286,16,1,0.0003732010000021546,97,A01,cross-subject,AdaBN
287,16,1,0.00041808800006037927,97,A01,cross-subject,AdaBN
0,1,0,0.0011638389999006904,97,A02,cross-subject,AdaBN
1,2,1,0.0009494419998645753,97,A02,cross-subject,AdaBN
2,3,1,0.0009823549999055103,97,A02,cross-subject,AdaBN
3,4,0,0.0013046770000073593,97,A02,cross-subject,AdaBN
4,5,0,0.0011384179999822663,97,A02,cross-subject,AdaBN
5,6,0,0.0011704830001235678,97,A02,cross-subject,AdaBN
6,7,1,0.001262602999986484,97,A02,cross-subject,AdaBN
7,8,0,0.001218717000028846,97,A02,cross-subject,AdaBN
8,9,0,0.0011872439999933704,97,A02,cross-subject,AdaBN
9,10,0,0.0012150739999015059,97,A02,cross-subject,AdaBN
10,11,0,0.0011741760001768853,97,A02,cross-subject,AdaBN
11,12,0,0.0011310889999549545,97,A02,cross-subject,AdaBN
12,13,1,0.001095701999929588,97,A02,cross-subject,AdaBN
13,14,0,0.0010103229999458563,97,A02,cross-subject,AdaBN
14,15,1,0.0016083109999271983,97,A02,cross-subject,AdaBN
15,16,0,0.001769380000041565,97,A02,cross-subject,AdaBN
16,16,1,0.0017654890000358137,97,A02,cross-subject,AdaBN
17,16,0,0.0017108019999341195,97,A02,cross-subject,AdaBN
18,16,1,0.0013755639999999403,97,A02,cross-subject,AdaBN
19,16,0,0.0012609279999651335,97,A02,cross-subject,AdaBN
20,16,0,0.0011632859998371714,97,A02,cross-subject,AdaBN
21,16,0,0.0005549059999339079,97,A02,cross-subject,AdaBN
22,16,0,0.0004580759998589201,97,A02,cross-subject,AdaBN
23,16,1,0.0003988139999364648,97,A02,cross-subject,AdaBN
24,16,0,0.0004014119999737886,97,A02,cross-subject,AdaBN
25,16,0,0.00041412799987483595,97,A02,cross-subject,AdaBN
26,16,0,0.00038762100007261324,97,A02,cross-subject,AdaBN
27,16,0,0.00039488799984610523,97,A02,cross-subject,AdaBN
28,16,1,0.00042596399998728884,97,A02,cross-subject,AdaBN
29,16,0,0.0004733480000140844,97,A02,cross-subject,AdaBN
30,16,0,0.0004320719999668654,97,A02,cross-subject,AdaBN
31,16,0,0.0004373409999516298,97,A02,cross-subject,AdaBN
32,16,0,0.0004984150000382215,97,A02,cross-subject,AdaBN
33,16,0,0.0004349999999249121,97,A02,cross-subject,AdaBN
34,16,1,0.00045616200009135355,97,A02,cross-subject,AdaBN
35,16,0,0.00044416199989427696,97,A02,cross-subject,AdaBN
36,16,0,0.0005570150001403817,97,A02,cross-subject,AdaBN
37,16,0,0.00042105099987566064,97,A02,cross-subject,AdaBN
38,16,0,0.0004960119999850576,97,A02,cross-subject,AdaBN
39,16,0,0.00048410299996248796,97,A02,cross-subject,AdaBN
40,16,0,0.0005217150001044502,97,A02,cross-subject,AdaBN
41,16,0,0.0004737960000511521,97,A02,cross-subject,AdaBN
42,16,0,0.0004796480000095471,97,A02,cross-subject,AdaBN
43,16,0,0.0005050689999279712,97,A02,cross-subject,AdaBN
44,16,0,0.0005326769999101089,97,A02,cross-subject,AdaBN
45,16,1,0.0005525189999389113,97,A02,cross-subject,AdaBN
46,16,0,0.000582098999984737,97,A02,cross-subject,AdaBN
47,16,1,0.0006188859999838314,97,A02,cross-subject,AdaBN
48,16,0,0.0006763670000964339,97,A02,cross-subject,AdaBN
49,16,0,0.0006756560001122125,97,A02,cross-subject,AdaBN
50,16,1,0.0006993090000833035,97,A02,cross-subject,AdaBN
51,16,1,0.0007497149999835528,97,A02,cross-subject,AdaBN
52,16,0,0.0007889470000463916,97,A02,cross-subject,AdaBN
53,16,0,0.0008745119998820883,97,A02,cross-subject,AdaBN
54,16,0,0.0009006569998746272,97,A02,cross-subject,AdaBN
55,16,0,0.00096139100014625,97,A02,cross-subject,AdaBN
56,16,1,0.0010420660000818316,97,A02,cross-subject,AdaBN
57,16,1,0.0011060599999836995,97,A02,cross-subject,AdaBN
58,16,0,0.0011139950001961552,97,A02,cross-subject,AdaBN
59,16,0,0.001155057999994824,97,A02,cross-subject,AdaBN
60,16,0,0.0010977509998610913,97,A02,cross-subject,AdaBN
61,16,0,0.001068070999963311,97,A02,cross-subject,AdaBN
62,16,1,0.00106400599997869,97,A02,cross-subject,AdaBN
63,16,0,0.0009961450000446348,97,A02,cross-subject,AdaBN
64,16,1,0.0009601770000244869,97,A02,cross-subject,AdaBN
65,16,0,0.0009461619999910909,97,A02,cross-subject,AdaBN
66,16,0,0.0008973520000381541,97,A02,cross-subject,AdaBN
67,16,0,0.0008767009999246511,97,A02,cross-subject,AdaBN
68,16,0,0.0008990750000066328,97,A02,cross-subject,AdaBN
69,16,1,0.0008498499998950138,97,A02,cross-subject,AdaBN
70,16,0,0.0008198219998121203,97,A02,cross-subject,AdaBN
71,16,0,0.0008034939999106427,97,A02,cross-subject,AdaBN
72,16,0,0.0007595199999741453,97,A02,cross-subject,AdaBN
73,16,0,0.0007453649998296896,97,A02,cross-subject,AdaBN
74,16,1,0.0007549409999683121,97,A02,cross-subject,AdaBN
75,16,0,0.0007298280002032698,97,A02,cross-subject,AdaBN
76,16,0,0.0007145649999529269,97,A02,cross-subject,AdaBN
77,16,0,0.0006753580000804504,97,A02,cross-subject,AdaBN
78,16,0,0.0006588339999780146,97,A02,cross-subject,AdaBN
79,16,1,0.0006821930001024157,97,A02,cross-subject,AdaBN
80,16,1,0.0006361700000070414,97,A02,cross-subject,AdaBN
81,16,0,0.0006114899999829504,97,A02,cross-subject,AdaBN
82,16,0,0.000592369000059989,97,A02,cross-subject,AdaBN
83,16,0,0.0005806209999263956,97,A02,cross-subject,AdaBN
84,16,1,0.0005626449999454053,97,A02,cross-subject,AdaBN
85,16,1,0.0005489440000019385,97,A02,cross-subject,AdaBN
86,16,0,0.0005515190000551229,97,A02,cross-subject,AdaBN
87,16,0,0.0005211459999827639,97,A02,cross-subject,AdaBN
88,16,0,0.0005303650000314519,97,A02,cross-subject,AdaBN
89,16,0,0.0008383970000522822,97,A02,cross-subject,AdaBN
90,16,0,0.0005620130000352219,97,A02,cross-subject,AdaBN
91,16,0,0.0005119019999710872,97,A02,cross-subject,AdaBN
92,16,0,0.0005255730000044423,97,A02,cross-subject,AdaBN
93,16,0,0.0005602670000826038,97,A02,cross-subject,AdaBN
94,16,0,0.00060121599995,97,A02,cross-subject,AdaBN
95,16,0,0.0006257749998894724,97,A02,cross-subject,AdaBN
96,16,1,0.0006723010001223884,97,A02,cross-subject,AdaBN
97,16,0,0.0007060479999836389,97,A02,cross-subject,AdaBN
98,16,1,0.0007559749999472842,97,A02,cross-subject,AdaBN
99,16,0,0.0007756050001717085,97,A02,cross-subject,AdaBN
100,16,1,0.0008593019999807439,97,A02,cross-subject,AdaBN
101,16,1,0.0009220379999987927,97,A02,cross-subject,AdaBN
102,16,1,0.0010041380000984645,97,A02,cross-subject,AdaBN
103,16,0,0.001108901999941736,97,A02,cross-subject,AdaBN
104,16,0,0.001159570999789139,97,A02,cross-subject,AdaBN
105,16,1,0.001270617999807655,97,A02,cross-subject,AdaBN
106,16,0,0.0013865729999906762,97,A02,cross-subject,AdaBN
107,16,0,0.0015052559999730875,97,A02,cross-subject,AdaBN
108,16,0,0.0016848400000526453,97,A02,cross-subject,AdaBN
109,16,1,0.0016866939999999886,97,A02,cross-subject,AdaBN
110,16,0,0.001516246000164756,97,A02,cross-subject,AdaBN
111,16,0,0.0019087179998678039,97,A02,cross-subject,AdaBN
112,16,1,0.0015200729999378382,97,A02,cross-subject,AdaBN
113,16,1,0.0015379750000192871,97,A02,cross-subject,AdaBN
114,16,0,0.0013958179999917775,97,A02,cross-subject,AdaBN
115,16,0,0.001312790999918434,97,A02,cross-subject,AdaBN
116,16,1,0.0012875509999048518,97,A02,cross-subject,AdaBN
117,16,1,0.0011962019998463802,97,A02,cross-subject,AdaBN
118,16,0,0.0011091920000581013,97,A02,cross-subject,AdaBN
119,16,1,0.0011337510002249473,97,A02,cross-subject,AdaBN
120,16,1,0.0010594799998671078,97,A02,cross-subject,AdaBN
121,16,0,0.0010553280001204257,97,A02,cross-subject,AdaBN
122,16,0,0.000998128999981418,97,A02,cross-subject,AdaBN
123,16,1,0.0009571309999500954,97,A02,cross-subject,AdaBN
124,16,0,0.0009470780000810919,97,A02,cross-subject,AdaBN
125,16,1,0.0008982819999800995,97,A02,cross-subject,AdaBN
126,16,0,0.0008583549999912066,97,A02,cross-subject,AdaBN
127,16,0,0.0008559360001072491,97,A02,cross-subject,AdaBN
128,16,0,0.0008161559999280144,97,A02,cross-subject,AdaBN
129,16,1,0.0008151060001182486,97,A02,cross-subject,AdaBN
130,16,1,0.0007601279999107646,97,A02,cross-subject,AdaBN
131,16,0,0.0007375459999821032,97,A02,cross-subject,AdaBN
132,16,0,0.00072296100006497,97,A02,cross-subject,AdaBN
133,16,0,0.0007067809999625752,97,A02,cross-subject,AdaBN
134,16,1,0.0006748840000909695,97,A02,cross-subject,AdaBN
135,16,1,0.000663470999825222,97,A02,cross-subject,AdaBN
136,16,0,0.0006403300001238676,97,A02,cross-subject,AdaBN
137,16,0,0.0006109339999511576,97,A02,cross-subject,AdaBN
138,16,0,0.0006084449998979835,97,A02,cross-subject,AdaBN
139,16,0,0.0005991619998440001,97,A02,cross-subject,AdaBN
140,16,1,0.0005498070001976885,97,A02,cross-subject,AdaBN
141,16,0,0.0005546439999761787,97,A02,cross-subject,AdaBN
142,16,0,0.0005393709998315899,97,A02,cross-subject,AdaBN
143,16,0,0.0005140709999977844,97,A02,cross-subject,AdaBN
144,16,0,0.0005139090001193836,97,A02,cross-subject,AdaBN
145,16,0,0.000512323000066317,97,A02,cross-subject,AdaBN
146,16,0,0.0004771549999986746,97,A02,cross-subject,AdaBN
147,16,1,0.00047199499999805994,97,A02,cross-subject,AdaBN
148,16,0,0.00045196699988991895,97,A02,cross-subject,AdaBN
149,16,1,0.0004538799998954346,97,A02,cross-subject,AdaBN
150,16,0,0.0004449549999208102,97,A02,cross-subject,AdaBN
151,16,0,0.00043641899992508115,97,A02,cross-subject,AdaBN
152,16,0,0.00040309900009560806,97,A02,cross-subject,AdaBN
153,16,0,0.0003994930000317254,97,A02,cross-subject,AdaBN
154,16,1,0.00039724399994156556,97,A02,cross-subject,AdaBN
155,16,1,0.0003829479999239993,97,A02,cross-subject,AdaBN
156,16,1,0.0003940130000046338,97,A02,cross-subject,AdaBN
157,16,0,0.0003611340000588825,97,A02,cross-subject,AdaBN
158,16,0,0.000364911999895412,97,A02,cross-subject,AdaBN
159,16,1,0.00036272600004849664,97,A02,cross-subject,AdaBN
160,16,0,0.0003682970000227215,97,A02,cross-subject,AdaBN
161,16,0,0.00043563100007304456,97,A02,cross-subject,AdaBN
162,16,0,0.00046959500014054356,97,A02,cross-subject,AdaBN
163,16,1,0.0003855400000247755,97,A02,cross-subject,AdaBN
164,16,0,0.00038739999990866636,97,A02,cross-subject,AdaBN
165,16,0,0.00036996700009694905,97,A02,cross-subject,AdaBN
166,16,0,0.00037539200002356665,97,A02,cross-subject,AdaBN
167,16,1,0.00037483500000234926,97,A02,cross-subject,AdaBN
168,16,0,0.0003566779998891434,97,A02,cross-subject,AdaBN
169,16,1,0.00038415199992414273,97,A02,cross-subject,AdaBN
170,16,0,0.0003807299999607494,97,A02,cross-subject,AdaBN
171,16,0,0.0004076230000009673,97,A02,cross-subject,AdaBN
172,16,1,0.0003870400000778318,97,A02,cross-subject,AdaBN
173,16,0,0.00047775099983482505,97,A02,cross-subject,AdaBN
174,16,0,0.00042921600015688455,97,A02,cross-subject,AdaBN
175,16,1,0.0003982749999522639,97,A02,cross-subject,AdaBN
176,16,0,0.000376805999849239,97,A02,cross-subject,AdaBN
177,16,0,0.0003743560000657453,97,A02,cross-subject,AdaBN
178,16,0,0.0003875960001096246,97,A02,cross-subject,AdaBN
179,16,0,0.0003721030000178871,97,A02,cross-subject,AdaBN
180,16,1,0.00037086099996486155,97,A02,cross-subject,AdaBN
181,16,1,0.0003780829999868729,97,A02,cross-subject,AdaBN
182,16,0,0.00037334399985411437,97,A02,cross-subject,AdaBN
183,16,0,0.0003614780000589235,97,A02,cross-subject,AdaBN
184,16,1,0.00037058699990666355,97,A02,cross-subject,AdaBN
185,16,0,0.00036776799993276654,97,A02,cross-subject,AdaBN
186,16,0,0.00043685800005732744,97,A02,cross-subject,AdaBN
187,16,0,0.00046434700016106945,97,A02,cross-subject,AdaBN
188,16,0,0.0004100030000699917,97,A02,cross-subject,AdaBN
189,16,0,0.0003819880000719422,97,A02,cross-subject,AdaBN
190,16,0,0.000370008000118105,97,A02,cross-subject,AdaBN
191,16,0,0.0003868349999720522,97,A02,cross-subject,AdaBN
192,16,1,0.00041523999993842153,97,A02,cross-subject,AdaBN
193,16,0,0.0004047549998631439,97,A02,cross-subject,AdaBN
194,16,0,0.00040212899989455764,97,A02,cross-subject,AdaBN
195,16,1,0.0003678599998693244,97,A02,cross-subject,AdaBN
196,16,0,0.00039353800002572825,97,A02,cross-subject,AdaBN
197,16,0,0.0003747360001398192,97,A02,cross-subject,AdaBN
198,16,0,0.0004344579999724374,97,A02,cross-subject,AdaBN
199,16,1,0.0004887059999418852,97,A02,cross-subject,AdaBN
200,16,0,0.0004089880001174606,97,A02,cross-subject,AdaBN
201,16,0,0.0003820030001406849,97,A02,cross-subject,AdaBN
202,16,0,0.0004205170000659564,97,A02,cross-subject,AdaBN
203,16,0,0.0003686889999698906,97,A02,cross-subject,AdaBN
204,16,0,0.00037705200020354823,97,A02,cross-subject,AdaBN
205,16,1,0.00040969899987430836,97,A02,cross-subject,AdaBN
206,16,0,0.0003715489999649435,97,A02,cross-subject,AdaBN
207,16,1,0.0004400400000577065,97,A02,cross-subject,AdaBN
208,16,1,0.0004917599999316735,97,A02,cross-subject,AdaBN
209,16,0,0.0003984859999945911,97,A02,cross-subject,AdaBN
210,16,0,0.0003832899999451911,97,A02,cross-subject,AdaBN
211,16,0,0.0003879910000250675,97,A02,cross-subject,AdaBN
212,16,1,0.0003673280000384693,97,A02,cross-subject,AdaBN
213,16,0,0.00038307799991343927,97,A02,cross-subject,AdaBN
214,16,0,0.0003786929999023414,97,A02,cross-subject,AdaBN
215,16,1,0.0003681650000544323,97,A02,cross-subject,AdaBN
216,16,0,0.0003822259998287336,97,A02,cross-subject,AdaBN
217,16,0,0.0003910269999778393,97,A02,cross-subject,AdaBN
218,16,0,0.0003871460000937077,97,A02,cross-subject,AdaBN
219,16,0,0.0004198920000817452,97,A02,cross-subject,AdaBN
220,16,0,0.00039946699985193845,97,A02,cross-subject,AdaBN
221,16,1,0.0003660200000012992,97,A02,cross-subject,AdaBN
222,16,0,0.00036019000003761903,97,A02,cross-subject,AdaBN
223,16,1,0.00036267599989514565,97,A02,cross-subject,AdaBN
224,16,0,0.0003731550000338757,97,A02,cross-subject,AdaBN
225,16,0,0.00036725500012835255,97,A02,cross-subject,AdaBN
226,16,0,0.000369618999911836,97,A02,cross-subject,AdaBN
227,16,1,0.00037482900006580167,97,A02,cross-subject,AdaBN
228,16,0,0.0003738670000075217,97,A02,cross-subject,AdaBN
229,16,0,0.0004316209999615239,97,A02,cross-subject,AdaBN
230,16,0,0.00044481100007942587,97,A02,cross-subject,AdaBN
231,16,0,0.00038790500002505723,97,A02,cross-subject,AdaBN
232,16,0,0.00038529900007233664,97,A02,cross-subject,AdaBN
233,16,0,0.0003696539999964443,97,A02,cross-subject,AdaBN
234,16,0,0.0003624339999532822,97,A02,cross-subject,AdaBN
235,16,0,0.0003931139999622246,97,A02,cross-subject,AdaBN
236,16,0,0.0003677869999592076,97,A02,cross-subject,AdaBN
237,16,1,0.0003631949998634809,97,A02,cross-subject,AdaBN
238,16,0,0.00037936700005047896,97,A02,cross-subject,AdaBN
239,16,0,0.0003632949999428092,97,A02,cross-subject,AdaBN
240,16,1,0.0004184189999705268,97,A02,cross-subject,AdaBN
241,16,0,0.00044105200004196377,97,A02,cross-subject,AdaBN
242,16,0,0.00038114000017230865,97,A02,cross-subject,AdaBN
243,16,0,0.0003808270000718039,97,A02,cross-subject,AdaBN
244,16,1,0.000401694999936808,97,A02,cross-subject,AdaBN
245,16,0,0.00036704999979519926,97,A02,cross-subject,AdaBN
246,16,0,0.00036748599995917175,97,A02,cross-subject,AdaBN
247,16,1,0.00039725499982523615,97,A02,cross-subject,AdaBN
248,16,0,0.000364259999969363,97,A02,cross-subject,AdaBN
249,16,0,0.00040781400002742885,97,A02,cross-subject,AdaBN
250,16,1,0.0004565379999803554,97,A02,cross-subject,AdaBN
251,16,0,0.00037462599993887125,97,A02,cross-subject,AdaBN
252,16,0,0.00037219199998617114,97,A02,cross-subject,AdaBN
253,16,0,0.0003928850001102546,97,A02,cross-subject,AdaBN
254,16,0,0.0003636490000644699,97,A02,cross-subject,AdaBN
255,16,1,0.0003707790001499234,97,A02,cross-subject,AdaBN
256,16,1,0.0003702259998590307,97,A02,cross-subject,AdaBN
257,16,0,0.00036218499985807284,97,A02,cross-subject,AdaBN
258,16,0,0.00036525099994833,97,A02,cross-subject,AdaBN
259,16,1,0.0003716080000231159,97,A02,cross-subject,AdaBN
260,16,0,0.00043835799988301005,97,A02,cross-subject,AdaBN
261,16,1,0.0004652200000236917,97,A02,cross-subject,AdaBN
262,16,0,0.0004538270000011835,97,A02,cross-subject,AdaBN
263,16,1,0.00043676699988282053,97,A02,cross-subject,AdaBN
264,16,1,0.0003779700000450248,97,A02,cross-subject,AdaBN
265,16,0,0.00040560499996900035,97,A02,cross-subject,AdaBN
266,16,0,0.00038524699994013645,97,A02,cross-subject,AdaBN
267,16,0,0.00037711100003434694,97,A02,cross-subject,AdaBN
268,16,0,0.00042097899995496846,97,A02,cross-subject,AdaBN
269,16,0,0.00040990599995893717,97,A02,cross-subject,AdaBN
270,16,0,0.00041640499989625823,97,A02,cross-subject,AdaBN
271,16,0,0.00040956499992717,97,A02,cross-subject,AdaBN
272,16,1,0.0004253279998920334,97,A02,cross-subject,AdaBN
273,16,0,0.000365181000006487,97,A02,cross-subject,AdaBN
274,16,1,0.00041744600002857624,97,A02,cross-subject,AdaBN
275,16,0,0.00040959199986900785,97,A02,cross-subject,AdaBN
276,16,1,0.00037196300013420114,97,A02,cross-subject,AdaBN
277,16,0,0.00040619900005367526,97,A02,cross-subject,AdaBN
278,16,1,0.0004026240001167025,97,A02,cross-subject,AdaBN
279,16,0,0.00037662499994439713,97,A02,cross-subject,AdaBN
280,16,0,0.00038689999996677216,97,A02,cross-subject,AdaBN
281,16,0,0.0005026080000334332,97,A02,cross-subject,AdaBN
282,16,0,0.000452399999858244,97,A02,cross-subject,AdaBN
283,16,0,0.0003677869999592076,97,A02,cross-subject,AdaBN
284,16,0,0.0004129399999328598,97,A02,cross-subject,AdaBN
285,16,0,0.00039442000002054556,97,A02,cross-subject,AdaBN
286,16,0,0.0003888720000304602,97,A02,cross-subject,AdaBN
287,16,0,0.0003708720000759058,97,A02,cross-subject,AdaBN
0,1,0,0.0015280749998964893,97,A03,cross-subject,AdaBN
1,2,1,0.001316739999992933,97,A03,cross-subject,AdaBN
2,3,1,0.0013682640001206892,97,A03,cross-subject,AdaBN
3,4,0,0.002053126999953747,97,A03,cross-subject,AdaBN
4,5,1,0.0020643530001507315,97,A03,cross-subject,AdaBN
5,6,1,0.001964219999990746,97,A03,cross-subject,AdaBN
6,7,1,0.0020830759999626025,97,A03,cross-subject,AdaBN
7,8,0,0.001975455999854603,97,A03,cross-subject,AdaBN
8,9,1,0.0017676060001576843,97,A03,cross-subject,AdaBN
9,10,1,0.001715481000019281,97,A03,cross-subject,AdaBN
10,11,1,0.0016200149998439883,97,A03,cross-subject,AdaBN
11,12,0,0.0016228590000082477,97,A03,cross-subject,AdaBN
12,13,1,0.001532541999949899,97,A03,cross-subject,AdaBN
13,14,1,0.0013503200000286597,97,A03,cross-subject,AdaBN
14,15,1,0.0011353120000876515,97,A03,cross-subject,AdaBN
15,16,0,0.00106650499992611,97,A03,cross-subject,AdaBN
16,16,1,0.0010323899998638808,97,A03,cross-subject,AdaBN
17,16,0,0.0010388339999281015,97,A03,cross-subject,AdaBN
18,16,1,0.0010714679999637156,97,A03,cross-subject,AdaBN
19,16,0,0.0010356429997955274,97,A03,cross-subject,AdaBN
20,16,0,0.000817664999885892,97,A03,cross-subject,AdaBN
21,16,1,0.0004948390001118241,97,A03,cross-subject,AdaBN
22,16,1,0.0005276829999729671,97,A03,cross-subject,AdaBN
23,16,1,0.000485303000004933,97,A03,cross-subject,AdaBN
24,16,0,0.0005964899999071349,97,A03,cross-subject,AdaBN
25,16,0,0.0005012920000808663,97,A03,cross-subject,AdaBN
26,16,0,0.0004553750000013679,97,A03,cross-subject,AdaBN
27,16,0,0.0004912950000743876,97,A03,cross-subject,AdaBN
28,16,0,0.0004946459998791397,97,A03,cross-subject,AdaBN
29,16,0,0.0005227270000887074,97,A03,cross-subject,AdaBN
30,16,1,0.0005489840000336699,97,A03,cross-subject,AdaBN
31,16,1,0.0005783280000741797,97,A03,cross-subject,AdaBN
32,16,1,0.0006620920000841579,97,A03,cross-subject,AdaBN
33,16,1,0.0006697040000744892,97,A03,cross-subject,AdaBN
34,16,0,0.0007321129999127152,97,A03,cross-subject,AdaBN
35,16,1,0.0007101989999682701,97,A03,cross-subject,AdaBN
36,16,1,0.0007744920001186983,97,A03,cross-subject,AdaBN
37,16,1,0.0008040289999371453,97,A03,cross-subject,AdaBN
38,16,1,0.0008326269999088254,97,A03,cross-subject,AdaBN
39,16,0,0.0008813350000309583,97,A03,cross-subject,AdaBN
40,16,0,0.0009519470002032904,97,A03,cross-subject,AdaBN
41,16,0,0.0015335410000716365,97,A03,cross-subject,AdaBN
42,16,0,0.001121380000085992,97,A03,cross-subject,AdaBN
43,16,0,0.0011872009999933653,97,A03,cross-subject,AdaBN
44,16,1,0.0012223429998812207,97,A03,cross-subject,AdaBN
45,16,1,0.0013796480000110023,97,A03,cross-subject,AdaBN
46,16,0,0.0015373769999769138,97,A03,cross-subject,AdaBN
47,16,0,0.0015789909998602525,97,A03,cross-subject,AdaBN
48,16,1,0.0017122250001193606,97,A03,cross-subject,AdaBN
49,16,0,0.0018047739999929036,97,A03,cross-subject,AdaBN
50,16,1,0.0019153020000430843,97,A03,cross-subject,AdaBN
51,16,1,0.0021072899999126093,97,A03,cross-subject,AdaBN
52,16,1,0.002212714999814125,97,A03,cross-subject,AdaBN
53,16,1,0.002430180999908771,97,A03,cross-subject,AdaBN
54,16,1,0.002381340000056298,97,A03,cross-subject,AdaBN
55,16,1,0.00237793800010877,97,A03,cross-subject,AdaBN
56,16,1,0.002385967999998684,97,A03,cross-subject,AdaBN
57,16,0,0.0021304680001321685,97,A03,cross-subject,AdaBN
58,16,1,0.0020766720001574868,97,A03,cross-subject,AdaBN
59,16,1,0.002050589000191394,97,A03,cross-subject,AdaBN
60,16,1,0.00182316800010085,97,A03,cross-subject,AdaBN
61,16,1,0.001787912000054348,97,A03,cross-subject,AdaBN
62,16,1,0.0016565400001127273,97,A03,cross-subject,AdaBN
63,16,1,0.0015255480000178068,97,A03,cross-subject,AdaBN
64,16,1,0.0014322350000384176,97,A03,cross-subject,AdaBN
65,16,1,0.0013908989999436017,97,A03,cross-subject,AdaBN
66,16,0,0.001331907999883697,97,A03,cross-subject,AdaBN
67,16,1,0.001230265000003783,97,A03,cross-subject,AdaBN
68,16,1,0.0011410079998768197,97,A03,cross-subject,AdaBN
69,16,1,0.0011494840000523254,97,A03,cross-subject,AdaBN
70,16,1,0.0010498930000721884,97,A03,cross-subject,AdaBN
71,16,0,0.0009906810000757105,97,A03,cross-subject,AdaBN
72,16,1,0.0009538140000131534,97,A03,cross-subject,AdaBN
73,16,1,0.0008983870000065508,97,A03,cross-subject,AdaBN
74,16,0,0.0008566310000333033,97,A03,cross-subject,AdaBN
75,16,1,0.0008219420001296385,97,A03,cross-subject,AdaBN
76,16,0,0.0008044170001539896,97,A03,cross-subject,AdaBN
77,16,0,0.0007861939998292655,97,A03,cross-subject,AdaBN
78,16,1,0.000718170000027385,97,A03,cross-subject,AdaBN
79,16,1,0.0006953380000140896,97,A03,cross-subject,AdaBN
80,16,1,0.000666972000090027,97,A03,cross-subject,AdaBN
81,16,0,0.0006473030000506697,97,A03,cross-subject,AdaBN
82,16,0,0.0006500199999663892,97,A03,cross-subject,AdaBN
83,16,1,0.0006040640000719577,97,A03,cross-subject,AdaBN
84,16,0,0.0005757679998623644,97,A03,cross-subject,AdaBN
85,16,0,0.0005621400000563881,97,A03,cross-subject,AdaBN
86,16,1,0.0005274269999517855,97,A03,cross-subject,AdaBN
87,16,1,0.0005259689999093098,97,A03,cross-subject,AdaBN
88,16,1,0.0005146829998921021,97,A03,cross-subject,AdaBN
89,16,0,0.0004970659999798954,97,A03,cross-subject,AdaBN
90,16,1,0.000478330000078131,97,A03,cross-subject,AdaBN
91,16,0,0.00045816900001227623,97,A03,cross-subject,AdaBN
92,16,1,0.0004509279999638238,97,A03,cross-subject,AdaBN
93,16,1,0.00044112899990977894,97,A03,cross-subject,AdaBN
94,16,0,0.0004283690000193019,97,A03,cross-subject,AdaBN
95,16,1,0.00040405399977316847,97,A03,cross-subject,AdaBN
96,16,1,0.00041019599984792876,97,A03,cross-subject,AdaBN
97,16,0,0.00038679399995089625,97,A03,cross-subject,AdaBN
98,16,0,0.00038155199990796973,97,A03,cross-subject,AdaBN
99,16,1,0.00036521599986372166,97,A03,cross-subject,AdaBN
100,16,0,0.00037770900007672026,97,A03,cross-subject,AdaBN
101,16,0,0.0004215020001083758,97,A03,cross-subject,AdaBN
102,16,1,0.00037372500014498655,97,A03,cross-subject,AdaBN
103,16,0,0.00036127700013821595,97,A03,cross-subject,AdaBN
104,16,1,0.000372283999922729,97,A03,cross-subject,AdaBN
105,16,1,0.00036418399986359873,97,A03,cross-subject,AdaBN
106,16,1,0.00036665399989033176,97,A03,cross-subject,AdaBN
107,16,0,0.0004028529999686725,97,A03,cross-subject,AdaBN
108,16,1,0.00038270999993983423,97,A03,cross-subject,AdaBN
109,16,0,0.00037831700001333957,97,A03,cross-subject,AdaBN
110,16,0,0.0003862109999772656,97,A03,cross-subject,AdaBN
111,16,1,0.0003806789998179738,97,A03,cross-subject,AdaBN
112,16,1,0.0003869790000408102,97,A03,cross-subject,AdaBN
113,16,1,0.00037091700005476014,97,A03,cross-subject,AdaBN
114,16,1,0.0003953999998884683,97,A03,cross-subject,AdaBN
115,16,0,0.0003637560000697704,97,A03,cross-subject,AdaBN
116,16,0,0.00044764400013264094,97,A03,cross-subject,AdaBN
117,16,1,0.0003906920001099934,97,A03,cross-subject,AdaBN
118,16,1,0.0003876470000250265,97,A03,cross-subject,AdaBN
119,16,0,0.0003689609998218657,97,A03,cross-subject,AdaBN
120,16,1,0.00037817299994458153,97,A03,cross-subject,AdaBN
121,16,1,0.0003684020000491728,97,A03,cross-subject,AdaBN
122,16,0,0.0003842250000616332,97,A03,cross-subject,AdaBN
123,16,1,0.00036930500004928035,97,A03,cross-subject,AdaBN
124,16,1,0.0003644819998953608,97,A03,cross-subject,AdaBN
125,16,0,0.0003619700000854209,97,A03,cross-subject,AdaBN
126,16,0,0.0003583739999157842,97,A03,cross-subject,AdaBN
127,16,0,0.000378190999981598,97,A03,cross-subject,AdaBN
128,16,0,0.0004440800000793388,97,A03,cross-subject,AdaBN
129,16,1,0.00041473200008113054,97,A03,cross-subject,AdaBN
130,16,0,0.00037067200014462287,97,A03,cross-subject,AdaBN
131,16,1,0.0003619139999955223,97,A03,cross-subject,AdaBN
132,16,1,0.00036612099984267843,97,A03,cross-subject,AdaBN
133,16,1,0.0003751820001980377,97,A03,cross-subject,AdaBN
134,16,1,0.00036670800000138115,97,A03,cross-subject,AdaBN
135,16,1,0.0003734960000656429,97,A03,cross-subject,AdaBN
136,16,1,0.0003790650000610185,97,A03,cross-subject,AdaBN
137,16,1,0.00038185700009307766,97,A03,cross-subject,AdaBN
138,16,1,0.00037123300012353866,97,A03,cross-subject,AdaBN
139,16,1,0.00036046200011696783,97,A03,cross-subject,AdaBN
140,16,1,0.0004567760001918941,97,A03,cross-subject,AdaBN
141,16,0,0.0004269690000455739,97,A03,cross-subject,AdaBN
142,16,0,0.0003705479998643568,97,A03,cross-subject,AdaBN
143,16,0,0.0004000310000265017,97,A03,cross-subject,AdaBN
144,16,1,0.00036571900000126334,97,A03,cross-subject,AdaBN
145,16,1,0.0003820160000032047,97,A03,cross-subject,AdaBN
146,16,1,0.000383047000013903,97,A03,cross-subject,AdaBN
147,16,0,0.00039592300004187564,97,A03,cross-subject,AdaBN
148,16,0,0.0003632400000697089,97,A03,cross-subject,AdaBN
149,16,0,0.0003638719999798923,97,A03,cross-subject,AdaBN
150,16,0,0.00036593100003301515,97,A03,cross-subject,AdaBN
151,16,0,0.00038098400000308175,97,A03,cross-subject,AdaBN
152,16,0,0.00044181600014781,97,A03,cross-subject,AdaBN
153,16,1,0.00045742400016024476,97,A03,cross-subject,AdaBN
154,16,1,0.0004094339999483054,97,A03,cross-subject,AdaBN
155,16,1,0.0003677319998587336,97,A03,cross-subject,AdaBN
156,16,0,0.00039336999998340616,97,A03,cross-subject,AdaBN
157,16,1,0.0003918990000784106,97,A03,cross-subject,AdaBN
158,16,1,0.0003666279999379185,97,A03,cross-subject,AdaBN
159,16,0,0.000389745999882507,97,A03,cross-subject,AdaBN
160,16,1,0.00037206899992270337,97,A03,cross-subject,AdaBN
161,16,0,0.0004008739999790123,97,A03,cross-subject,AdaBN
162,16,1,0.00037986799998179777,97,A03,cross-subject,AdaBN
163,16,0,0.00039410099998349324,97,A03,cross-subject,AdaBN
164,16,0,0.0003798109999024746,97,A03,cross-subject,AdaBN
165,16,1,0.00045502599982683023,97,A03,cross-subject,AdaBN
166,16,0,0.00045283999997991486,97,A03,cross-subject,AdaBN
167,16,1,0.0003699450001022342,97,A03,cross-subject,AdaBN
168,16,1,0.0004026459998840437,97,A03,cross-subject,AdaBN
169,16,1,0.0003608800000165502,97,A03,cross-subject,AdaBN
170,16,1,0.0004065059999902587,97,A03,cross-subject,AdaBN
171,16,1,0.00035884599992641597,97,A03,cross-subject,AdaBN
172,16,1,0.0004600590000336524,97,A03,cross-subject,AdaBN
173,16,1,0.00046762100009800633,97,A03,cross-subject,AdaBN
174,16,1,0.00040101500007949653,97,A03,cross-subject,AdaBN
175,16,1,0.00041704099999151367,97,A03,cross-subject,AdaBN
176,16,0,0.000391196000009586,97,A03,cross-subject,AdaBN
177,16,1,0.0005543490001400642,97,A03,cross-subject,AdaBN
178,16,1,0.00047177900000860973,97,A03,cross-subject,AdaBN
179,16,0,0.00043453600005705084,97,A03,cross-subject,AdaBN
180,16,1,0.000398313000005146,97,A03,cross-subject,AdaBN
181,16,1,0.00041399300016564666,97,A03,cross-subject,AdaBN
182,16,1,0.00041970000006585906,97,A03,cross-subject,AdaBN
183,16,1,0.0003692319999117899,97,A03,cross-subject,AdaBN
184,16,0,0.0004064109998580534,97,A03,cross-subject,AdaBN
185,16,0,0.00036627700001190533,97,A03,cross-subject,AdaBN
186,16,0,0.0004149169999436708,97,A03,cross-subject,AdaBN
187,16,0,0.0003865940000196133,97,A03,cross-subject,AdaBN
188,16,0,0.00036852400012321596,97,A03,cross-subject,AdaBN
189,16,1,0.0004636470000605186,97,A03,cross-subject,AdaBN
190,16,1,0.00042839999991883815,97,A03,cross-subject,AdaBN
191,16,1,0.00044733400000041,97,A03,cross-subject,AdaBN
192,16,1,0.00039324299996224,97,A03,cross-subject,AdaBN
193,16,1,0.00040332700018552714,97,A03,cross-subject,AdaBN
194,16,1,0.00038102700000308687,97,A03,cross-subject,AdaBN
195,16,0,0.0003809570000612439,97,A03,cross-subject,AdaBN
196,16,0,0.0003955009999572212,97,A03,cross-subject,AdaBN
197,16,1,0.0003705039998749271,97,A03,cross-subject,AdaBN
198,16,0,0.0004093760001069313,97,A03,cross-subject,AdaBN
199,16,1,0.0003692190000492701,97,A03,cross-subject,AdaBN
200,16,1,0.0003629500001807173,97,A03,cross-subject,AdaBN
201,16,0,0.0003615410000747943,97,A03,cross-subject,AdaBN
202,16,1,0.00044201599985171924,97,A03,cross-subject,AdaBN
203,16,1,0.00047961100017346325,97,A03,cross-subject,AdaBN
204,16,1,0.00036958999999114894,97,A03,cross-subject,AdaBN
205,16,1,0.0003899829998772475,97,A03,cross-subject,AdaBN
206,16,0,0.000373837999859461,97,A03,cross-subject,AdaBN
207,16,1,0.0004005840000900207,97,A03,cross-subject,AdaBN
208,16,0,0.0003633759999956965,97,A03,cross-subject,AdaBN
209,16,0,0.00039515399998890643,97,A03,cross-subject,AdaBN
210,16,0,0.0003648540000540379,97,A03,cross-subject,AdaBN
211,16,0,0.00039796600003683125,97,A03,cross-subject,AdaBN
212,16,0,0.0003836779999346618,97,A03,cross-subject,AdaBN
213,16,1,0.0003674489998957142,97,A03,cross-subject,AdaBN
214,16,1,0.0004185379998489225,97,A03,cross-subject,AdaBN
215,16,0,0.00045866099981139996,97,A03,cross-subject,AdaBN
216,16,1,0.0004253929998867534,97,A03,cross-subject,AdaBN
217,16,1,0.00037479200000234414,97,A03,cross-subject,AdaBN
218,16,1,0.00038191800013009924,97,A03,cross-subject,AdaBN
219,16,1,0.00039939500015861995,97,A03,cross-subject,AdaBN
220,16,0,0.0003806669999448786,97,A03,cross-subject,AdaBN
221,16,0,0.00042303600002924213,97,A03,cross-subject,AdaBN
222,16,1,0.00037037399988548714,97,A03,cross-subject,AdaBN
223,16,0,0.0004029730000638665,97,A03,cross-subject,AdaBN
224,16,1,0.00036339700000098674,97,A03,cross-subject,AdaBN
225,16,0,0.00039796500004740665,97,A03,cross-subject,AdaBN
226,16,1,0.00038370499987649964,97,A03,cross-subject,AdaBN
227,16,0,0.0004487829999106907,97,A03,cross-subject,AdaBN
228,16,1,0.00045384800000647374,97,A03,cross-subject,AdaBN
229,16,0,0.00037694100001317565,97,A03,cross-subject,AdaBN
230,16,1,0.0003671000001759239,97,A03,cross-subject,AdaBN
231,16,1,0.0003870830000778369,97,A03,cross-subject,AdaBN
232,16,0,0.00039182699993034475,97,A03,cross-subject,AdaBN
233,16,0,0.00037512399990191625,97,A03,cross-subject,AdaBN
234,16,0,0.00039308700002038677,97,A03,cross-subject,AdaBN
235,16,0,0.00038706899999851885,97,A03,cross-subject,AdaBN
236,16,1,0.0003688909998800227,97,A03,cross-subject,AdaBN
237,16,1,0.0003828210001302068,97,A03,cross-subject,AdaBN
238,16,1,0.0004554709998956241,97,A03,cross-subject,AdaBN
239,16,0,0.00039287300000978576,97,A03,cross-subject,AdaBN
240,16,0,0.00041340400002809474,97,A03,cross-subject,AdaBN
241,16,1,0.0003668449999167933,97,A03,cross-subject,AdaBN
242,16,0,0.0003690070000175183,97,A03,cross-subject,AdaBN
243,16,1,0.00039670799992563843,97,A03,cross-subject,AdaBN
244,16,1,0.0003745989999970334,97,A03,cross-subject,AdaBN
245,16,0,0.00038014599999769416,97,A03,cross-subject,AdaBN
246,16,1,0.0003925290000097448,97,A03,cross-subject,AdaBN
247,16,0,0.00042923299997710274,97,A03,cross-subject,AdaBN
248,16,0,0.0004117280000173196,97,A03,cross-subject,AdaBN
249,16,1,0.000409569999874293,97,A03,cross-subject,AdaBN
250,16,1,0.0003666660002181743,97,A03,cross-subject,AdaBN
251,16,1,0.00036726199982695107,97,A03,cross-subject,AdaBN
252,16,1,0.0003779909998229414,97,A03,cross-subject,AdaBN
253,16,1,0.0003663139998479892,97,A03,cross-subject,AdaBN
254,16,1,0.00036094200004299637,97,A03,cross-subject,AdaBN
255,16,0,0.0003719379999438388,97,A03,cross-subject,AdaBN
256,16,1,0.0003622020001330384,97,A03,cross-subject,AdaBN
257,16,1,0.0003758729999390198,97,A03,cross-subject,AdaBN
258,16,1,0.0004632690001926676,97,A03,cross-subject,AdaBN
259,16,1,0.00036543300006997015,97,A03,cross-subject,AdaBN
260,16,1,0.00040638399991621554,97,A03,cross-subject,AdaBN
261,16,0,0.00037129399993318657,97,A03,cross-subject,AdaBN
262,16,1,0.0003694990000440157,97,A03,cross-subject,AdaBN
263,16,0,0.0003724300001977099,97,A03,cross-subject,AdaBN
264,16,1,0.00037326500000745,97,A03,cross-subject,AdaBN
265,16,0,0.0003635170000961807,97,A03,cross-subject,AdaBN
266,16,1,0.00038816799997221096,97,A03,cross-subject,AdaBN
267,16,0,0.00036527699990074325,97,A03,cross-subject,AdaBN
268,16,1,0.0004291449999982433,97,A03,cross-subject,AdaBN
269,16,1,0.00038468200000352226,97,A03,cross-subject,AdaBN
270,16,0,0.00036454800010687904,97,A03,cross-subject,AdaBN
271,16,0,0.00036890600017613906,97,A03,cross-subject,AdaBN
272,16,1,0.0003635220000433037,97,A03,cross-subject,AdaBN
273,16,1,0.00037484400013454433,97,A03,cross-subject,AdaBN
274,16,0,0.00036105499998484447,97,A03,cross-subject,AdaBN
275,16,1,0.00036427100008040725,97,A03,cross-subject,AdaBN
276,16,0,0.00036167200005365885,97,A03,cross-subject,AdaBN
277,16,0,0.00037865100011913455,97,A03,cross-subject,AdaBN
278,16,0,0.00041510699998070777,97,A03,cross-subject,AdaBN
279,16,1,0.00039940999999998894,97,A03,cross-subject,AdaBN
280,16,1,0.00036494000005404814,97,A03,cross-subject,AdaBN
281,16,0,0.00037008899994361855,97,A03,cross-subject,AdaBN
282,16,0,0.00039761600010024267,97,A03,cross-subject,AdaBN
283,16,0,0.0003672259999802918,97,A03,cross-subject,AdaBN
284,16,0,0.0003703219999806606,97,A03,cross-subject,AdaBN
285,16,0,0.00036960099987481954,97,A03,cross-subject,AdaBN
286,16,1,0.00035929799992118205,97,A03,cross-subject,AdaBN
287,16,1,0.00036554500002239365,97,A03,cross-subject,AdaBN
0,1,0,0.0013072209999336337,97,A04,cross-subject,AdaBN
1,2,0,0.001154615000132253,97,A04,cross-subject,AdaBN
2,3,0,0.0012055929998950887,97,A04,cross-subject,AdaBN
3,4,0,0.0019022989999939455,97,A04,cross-subject,AdaBN
4,5,0,0.001985020999882181,97,A04,cross-subject,AdaBN
5,6,0,0.001838867000060418,97,A04,cross-subject,AdaBN
6,7,1,0.0019137499998578278,97,A04,cross-subject,AdaBN
7,8,0,0.001967763000038758,97,A04,cross-subject,AdaBN
8,9,0,0.0017438849999962258,97,A04,cross-subject,AdaBN
9,10,0,0.001629881000098976,97,A04,cross-subject,AdaBN
10,11,1,0.0016477089998261363,97,A04,cross-subject,AdaBN
11,12,0,0.001630615000067337,97,A04,cross-subject,AdaBN
12,13,0,0.001596047000020917,97,A04,cross-subject,AdaBN
13,14,0,0.0014672970000901842,97,A04,cross-subject,AdaBN
14,15,1,0.0016262940000615345,97,A04,cross-subject,AdaBN
15,16,0,0.0006168089998936921,97,A04,cross-subject,AdaBN
16,16,0,0.0004342959998666629,97,A04,cross-subject,AdaBN
17,16,1,0.0004832049999095034,97,A04,cross-subject,AdaBN
18,16,0,0.0004605030001130217,97,A04,cross-subject,AdaBN
19,16,1,0.00042276899989701633,97,A04,cross-subject,AdaBN
20,16,1,0.00046285899998110835,97,A04,cross-subject,AdaBN
21,16,1,0.0004428080001162016,97,A04,cross-subject,AdaBN
22,16,0,0.0005072649998965062,97,A04,cross-subject,AdaBN
23,16,1,0.0005837250000695349,97,A04,cross-subject,AdaBN
24,16,0,0.0005333189999419119,97,A04,cross-subject,AdaBN
25,16,0,0.0005204879998927936,97,A04,cross-subject,AdaBN
26,16,1,0.0006263489999582816,97,A04,cross-subject,AdaBN
27,16,0,0.0004988170001070102,97,A04,cross-subject,AdaBN
28,16,1,0.0004746550000618299,97,A04,cross-subject,AdaBN
29,16,0,0.0005139630000030593,97,A04,cross-subject,AdaBN
30,16,0,0.0005225900001732953,97,A04,cross-subject,AdaBN
31,16,0,0.0005354709999210172,97,A04,cross-subject,AdaBN
32,16,0,0.0005826579999848036,97,A04,cross-subject,AdaBN
33,16,1,0.0006184050000683783,97,A04,cross-subject,AdaBN
34,16,1,0.0006411559998014127,97,A04,cross-subject,AdaBN
35,16,1,0.000656762000062372,97,A04,cross-subject,AdaBN
36,16,0,0.0006857159999071882,97,A04,cross-subject,AdaBN
37,16,1,0.0007259930000600434,97,A04,cross-subject,AdaBN
38,16,1,0.0007813129998339718,97,A04,cross-subject,AdaBN
39,16,0,0.0008226689999446535,97,A04,cross-subject,AdaBN
40,16,0,0.0008712659998764138,97,A04,cross-subject,AdaBN
41,16,0,0.0009272639999835519,97,A04,cross-subject,AdaBN
42,16,0,0.0009787499998310523,97,A04,cross-subject,AdaBN
43,16,1,0.0010040399999979854,97,A04,cross-subject,AdaBN
44,16,1,0.0010331959999803075,97,A04,cross-subject,AdaBN
45,16,0,0.0009835299999849667,97,A04,cross-subject,AdaBN
46,16,1,0.000970355999925232,97,A04,cross-subject,AdaBN
47,16,0,0.0009651700001995778,97,A04,cross-subject,AdaBN
48,16,1,0.0009127570001510321,97,A04,cross-subject,AdaBN
49,16,0,0.0009072880000076111,97,A04,cross-subject,AdaBN
50,16,1,0.0008611690000179806,97,A04,cross-subject,AdaBN
51,16,0,0.0008280540000669134,97,A04,cross-subject,AdaBN
52,16,0,0.0008252299999185198,97,A04,cross-subject,AdaBN
53,16,0,0.0008307310001782753,97,A04,cross-subject,AdaBN
54,16,0,0.0007684170000175072,97,A04,cross-subject,AdaBN
55,16,1,0.0008001369999419694,97,A04,cross-subject,AdaBN
56,16,0,0.0007531180001478788,97,A04,cross-subject,AdaBN
57,16,0,0.0007095290000052046,97,A04,cross-subject,AdaBN
58,16,0,0.0007147889998577739,97,A04,cross-subject,AdaBN
59,16,1,0.0006880839998757438,97,A04,cross-subject,AdaBN
60,16,0,0.0006990970000515517,97,A04,cross-subject,AdaBN
61,16,1,0.0006665290000000823,97,A04,cross-subject,AdaBN
62,16,1,0.0006349379998482618,97,A04,cross-subject,AdaBN
63,16,1,0.0006142610000097193,97,A04,cross-subject,AdaBN
64,16,0,0.0005936819998169085,97,A04,cross-subject,AdaBN
65,16,0,0.0005863339999905293,97,A04,cross-subject,AdaBN
66,16,0,0.0005629990000670659,97,A04,cross-subject,AdaBN
67,16,1,0.0005447959999855811,97,A04,cross-subject,AdaBN
68,16,0,0.0008232899999711663,97,A04,cross-subject,AdaBN
69,16,1,0.0006102739998823381,97,A04,cross-subject,AdaBN
70,16,0,0.0005592539998815482,97,A04,cross-subject,AdaBN
71,16,0,0.0005925479999859817,97,A04,cross-subject,AdaBN
72,16,1,0.0006249699999898439,97,A04,cross-subject,AdaBN
73,16,0,0.0006641520001267054,97,A04,cross-subject,AdaBN
74,16,0,0.0006970790000195848,97,A04,cross-subject,AdaBN
75,16,0,0.0007696519999171869,97,A04,cross-subject,AdaBN
76,16,1,0.0008165140000073734,97,A04,cross-subject,AdaBN
77,16,1,0.0008709380001619138,97,A04,cross-subject,AdaBN
78,16,0,0.000988727000049039,97,A04,cross-subject,AdaBN
79,16,0,0.0010293450000062876,97,A04,cross-subject,AdaBN
80,16,0,0.0010954530000617524,97,A04,cross-subject,AdaBN
81,16,1,0.0011772860000291985,97,A04,cross-subject,AdaBN
82,16,1,0.0012955499998952291,97,A04,cross-subject,AdaBN
83,16,0,0.0013640049999139592,97,A04,cross-subject,AdaBN
84,16,0,0.0016032660000746546,97,A04,cross-subject,AdaBN
85,16,1,0.0014937900000404625,97,A04,cross-subject,AdaBN
86,16,0,0.001404502000013963,97,A04,cross-subject,AdaBN
87,16,0,0.0014393989999916812,97,A04,cross-subject,AdaBN
88,16,1,0.0013506540001344547,97,A04,cross-subject,AdaBN
89,16,1,0.0012695220000296104,97,A04,cross-subject,AdaBN
90,16,0,0.0012259939999239577,97,A04,cross-subject,AdaBN
91,16,1,0.0012015190000056464,97,A04,cross-subject,AdaBN
92,16,1,0.0011672640000597312,97,A04,cross-subject,AdaBN
93,16,1,0.0011656270000912627,97,A04,cross-subject,AdaBN
94,16,1,0.0010930050000297342,97,A04,cross-subject,AdaBN
95,16,0,0.001062127000068358,97,A04,cross-subject,AdaBN
96,16,1,0.0009954100000868493,97,A04,cross-subject,AdaBN
97,16,0,0.0009942009999122092,97,A04,cross-subject,AdaBN
98,16,0,0.0009637499999826105,97,A04,cross-subject,AdaBN
99,16,1,0.0009363870001379837,97,A04,cross-subject,AdaBN
100,16,0,0.0008940109999002743,97,A04,cross-subject,AdaBN
101,16,0,0.0008740499999930762,97,A04,cross-subject,AdaBN
102,16,0,0.0008458940001219162,97,A04,cross-subject,AdaBN
103,16,1,0.0008175020000180666,97,A04,cross-subject,AdaBN
104,16,1,0.0007767049999074516,97,A04,cross-subject,AdaBN
105,16,0,0.0007639990001280239,97,A04,cross-subject,AdaBN
106,16,0,0.0007561050001640979,97,A04,cross-subject,AdaBN
107,16,0,0.0007155120001698378,97,A04,cross-subject,AdaBN
108,16,1,0.0007160400000429945,97,A04,cross-subject,AdaBN
109,16,0,0.0006665799999154842,97,A04,cross-subject,AdaBN
110,16,1,0.0006573769999249635,97,A04,cross-subject,AdaBN
111,16,1,0.0006436779999603459,97,A04,cross-subject,AdaBN
112,16,1,0.0006415430000288325,97,A04,cross-subject,AdaBN
113,16,1,0.0006004790000133653,97,A04,cross-subject,AdaBN
114,16,0,0.0006133540000519133,97,A04,cross-subject,AdaBN
115,16,0,0.0005783169999631355,97,A04,cross-subject,AdaBN
116,16,0,0.000542836000022362,97,A04,cross-subject,AdaBN
117,16,0,0.0005639199998768163,97,A04,cross-subject,AdaBN
118,16,0,0.0005386979999002506,97,A04,cross-subject,AdaBN
119,16,0,0.0005156939998869348,97,A04,cross-subject,AdaBN
120,16,0,0.0005327540000052977,97,A04,cross-subject,AdaBN
121,16,1,0.00048641500006851857,97,A04,cross-subject,AdaBN
122,16,0,0.0005065599998488324,97,A04,cross-subject,AdaBN
123,16,0,0.0004679570001826505,97,A04,cross-subject,AdaBN
124,16,0,0.00046304099987537484,97,A04,cross-subject,AdaBN
125,16,0,0.0004649249999602034,97,A04,cross-subject,AdaBN
126,16,0,0.00043906700011575595,97,A04,cross-subject,AdaBN
127,16,0,0.00043247200005680497,97,A04,cross-subject,AdaBN
128,16,0,0.0004149379999489611,97,A04,cross-subject,AdaBN
129,16,1,0.0004234870000345836,97,A04,cross-subject,AdaBN
130,16,0,0.0004306839998662326,97,A04,cross-subject,AdaBN
131,16,0,0.000597797999944305,97,A04,cross-subject,AdaBN
132,16,1,0.0004256649999661022,97,A04,cross-subject,AdaBN
133,16,0,0.00038077299996075453,97,A04,cross-subject,AdaBN
134,16,1,0.00035407900008976867,97,A04,cross-subject,AdaBN
135,16,0,0.00037583200014523754,97,A04,cross-subject,AdaBN
136,16,0,0.00041195600010723865,97,A04,cross-subject,AdaBN
137,16,0,0.00035550900020098197,97,A04,cross-subject,AdaBN
138,16,0,0.0003775220000079571,97,A04,cross-subject,AdaBN
139,16,0,0.0003709320001235028,97,A04,cross-subject,AdaBN
140,16,1,0.00037881999992350757,97,A04,cross-subject,AdaBN
141,16,1,0.00035308100018482946,97,A04,cross-subject,AdaBN
142,16,0,0.00040857700014385046,97,A04,cross-subject,AdaBN
143,16,1,0.00041710200002853526,97,A04,cross-subject,AdaBN
144,16,0,0.0004889560000265192,97,A04,cross-subject,AdaBN
145,16,0,0.00038595099999838567,97,A04,cross-subject,AdaBN
146,16,0,0.000421718000097826,97,A04,cross-subject,AdaBN
147,16,1,0.0003552360001322086,97,A04,cross-subject,AdaBN
148,16,1,0.00037864300020373776,97,A04,cross-subject,AdaBN
149,16,1,0.0003779209998810984,97,A04,cross-subject,AdaBN
150,16,0,0.0003586990001167578,97,A04,cross-subject,AdaBN
151,16,1,0.00039477499990425713,97,A04,cross-subject,AdaBN
152,16,1,0.0003752049999548035,97,A04,cross-subject,AdaBN
153,16,1,0.0003921989998616482,97,A04,cross-subject,AdaBN
154,16,0,0.00038120399995023035,97,A04,cross-subject,AdaBN
155,16,0,0.0004133719999117602,97,A04,cross-subject,AdaBN
156,16,0,0.00041605499995966966,97,A04,cross-subject,AdaBN
157,16,1,0.0004222219999974186,97,A04,cross-subject,AdaBN
158,16,1,0.0003647450000698882,97,A04,cross-subject,AdaBN
159,16,0,0.0003816759999608621,97,A04,cross-subject,AdaBN
160,16,0,0.00037163899992265215,97,A04,cross-subject,AdaBN
161,16,0,0.00038657699997202144,97,A04,cross-subject,AdaBN
162,16,0,0.00037539200002356665,97,A04,cross-subject,AdaBN
163,16,0,0.0003671030001441977,97,A04,cross-subject,AdaBN
164,16,0,0.0003769120000924886,97,A04,cross-subject,AdaBN
165,16,1,0.00035846099990521907,97,A04,cross-subject,AdaBN
166,16,1,0.0003717170000072656,97,A04,cross-subject,AdaBN
167,16,0,0.00038785199990343244,97,A04,cross-subject,AdaBN
168,16,0,0.00045811299992237764,97,A04,cross-subject,AdaBN
169,16,0,0.0004103700000541721,97,A04,cross-subject,AdaBN
170,16,1,0.0003603789998578577,97,A04,cross-subject,AdaBN
171,16,0,0.00039037800002006406,97,A04,cross-subject,AdaBN
172,16,1,0.00036096799999540963,97,A04,cross-subject,AdaBN
173,16,0,0.0003908020000835677,97,A04,cross-subject,AdaBN
174,16,1,0.00037096599999131286,97,A04,cross-subject,AdaBN
175,16,0,0.00036432299998523376,97,A04,cross-subject,AdaBN
176,16,0,0.00037688299994442787,97,A04,cross-subject,AdaBN
177,16,0,0.0003668459999062179,97,A04,cross-subject,AdaBN
178,16,1,0.00036721299989039835,97,A04,cross-subject,AdaBN
179,16,0,0.00039016100004118925,97,A04,cross-subject,AdaBN
180,16,0,0.0004302390000248124,97,A04,cross-subject,AdaBN
181,16,1,0.0004032850001749466,97,A04,cross-subject,AdaBN
182,16,0,0.00036766299990631524,97,A04,cross-subject,AdaBN
183,16,0,0.0003619280000748404,97,A04,cross-subject,AdaBN
184,16,0,0.00037378399997578526,97,A04,cross-subject,AdaBN
185,16,0,0.00037861299983887875,97,A04,cross-subject,AdaBN
186,16,1,0.0003676809999433317,97,A04,cross-subject,AdaBN
187,16,0,0.0003690529999857972,97,A04,cross-subject,AdaBN
188,16,0,0.00036625100005949207,97,A04,cross-subject,AdaBN
189,16,0,0.0003704469997956039,97,A04,cross-subject,AdaBN
190,16,1,0.00043006099986087065,97,A04,cross-subject,AdaBN
191,16,0,0.00043459200014694943,97,A04,cross-subject,AdaBN
192,16,0,0.0004695979998814437,97,A04,cross-subject,AdaBN
193,16,0,0.0003994379999312514,97,A04,cross-subject,AdaBN
194,16,0,0.0003961570000683423,97,A04,cross-subject,AdaBN
195,16,0,0.00036310500013314595,97,A04,cross-subject,AdaBN
196,16,0,0.0003651999998055544,97,A04,cross-subject,AdaBN
197,16,1,0.00037778699993396003,97,A04,cross-subject,AdaBN
198,16,1,0.000356863000206431,97,A04,cross-subject,AdaBN
199,16,0,0.0003676909998375777,97,A04,cross-subject,AdaBN
200,16,1,0.00036537599999064696,97,A04,cross-subject,AdaBN
201,16,0,0.00037004000000706583,97,A04,cross-subject,AdaBN
202,16,0,0.0004003240001111408,97,A04,cross-subject,AdaBN
203,16,0,0.000444291000121666,97,A04,cross-subject,AdaBN
204,16,0,0.00040091099981509615,97,A04,cross-subject,AdaBN
205,16,0,0.000441924999904586,97,A04,cross-subject,AdaBN
206,16,0,0.0003968949999944016,97,A04,cross-subject,AdaBN
207,16,0,0.00035707600000023376,97,A04,cross-subject,AdaBN
208,16,1,0.0003880889998981729,97,A04,cross-subject,AdaBN
209,16,0,0.0003930249999939406,97,A04,cross-subject,AdaBN
210,16,0,0.00036326999997982057,97,A04,cross-subject,AdaBN
211,16,0,0.00040039000009528536,97,A04,cross-subject,AdaBN
212,16,0,0.0004662040000766865,97,A04,cross-subject,AdaBN
213,16,0,0.0004103339999801392,97,A04,cross-subject,AdaBN
214,16,0,0.0003946189999624039,97,A04,cross-subject,AdaBN
215,16,1,0.00038865900000928377,97,A04,cross-subject,AdaBN
216,16,1,0.00035873399997399247,97,A04,cross-subject,AdaBN
217,16,1,0.00038302200005091436,97,A04,cross-subject,AdaBN
218,16,1,0.0003868660000989621,97,A04,cross-subject,AdaBN
219,16,1,0.0003588229999422765,97,A04,cross-subject,AdaBN
220,16,1,0.00041129200008072075,97,A04,cross-subject,AdaBN
221,16,0,0.00042036200011352776,97,A04,cross-subject,AdaBN
222,16,0,0.000385274000109348,97,A04,cross-subject,AdaBN
223,16,0,0.0004322409999986121,97,A04,cross-subject,AdaBN
224,16,1,0.00041224000005968264,97,A04,cross-subject,AdaBN
225,16,1,0.00036037000018041,97,A04,cross-subject,AdaBN
226,16,1,0.0003585689998999442,97,A04,cross-subject,AdaBN
227,16,1,0.0003635320001649234,97,A04,cross-subject,AdaBN
228,16,0,0.00035803299988401704,97,A04,cross-subject,AdaBN
229,16,1,0.00036128900001131115,97,A04,cross-subject,AdaBN
230,16,0,0.00036851600020781916,97,A04,cross-subject,AdaBN
231,16,1,0.0003644130001703161,97,A04,cross-subject,AdaBN
232,16,0,0.0003640789998371474,97,A04,cross-subject,AdaBN
233,16,1,0.0004445829999895068,97,A04,cross-subject,AdaBN
234,16,1,0.00044986099987909256,97,A04,cross-subject,AdaBN
235,16,1,0.0004076879999956873,97,A04,cross-subject,AdaBN
236,16,1,0.00040892300012274063,97,A04,cross-subject,AdaBN
237,16,0,0.0003581749999739259,97,A04,cross-subject,AdaBN
238,16,1,0.00037252100014484313,97,A04,cross-subject,AdaBN
239,16,0,0.00040267299982588156,97,A04,cross-subject,AdaBN
240,16,0,0.0003656730000329844,97,A04,cross-subject,AdaBN
241,16,0,0.0003677409999909287,97,A04,cross-subject,AdaBN
242,16,0,0.00039807500002098095,97,A04,cross-subject,AdaBN
243,16,1,0.00044205400013197504,97,A04,cross-subject,AdaBN
244,16,0,0.0004034700000374869,97,A04,cross-subject,AdaBN
245,16,1,0.0004122230000120908,97,A04,cross-subject,AdaBN
246,16,0,0.00036338600011731614,97,A04,cross-subject,AdaBN
247,16,0,0.0003727180001078523,97,A04,cross-subject,AdaBN
248,16,1,0.00036991799993302266,97,A04,cross-subject,AdaBN
249,16,0,0.00038557600009880844,97,A04,cross-subject,AdaBN
250,16,0,0.00037367100003393716,97,A04,cross-subject,AdaBN
251,16,0,0.0003719390001606371,97,A04,cross-subject,AdaBN
252,16,1,0.0003608120000535564,97,A04,cross-subject,AdaBN
253,16,1,0.0003837239999029407,97,A04,cross-subject,AdaBN
254,16,0,0.0004928129999370867,97,A04,cross-subject,AdaBN
255,16,0,0.00041650399998616194,97,A04,cross-subject,AdaBN
256,16,1,0.0003824499999609543,97,A04,cross-subject,AdaBN
257,16,1,0.00037251100002322346,97,A04,cross-subject,AdaBN
258,16,0,0.00039579600002070947,97,A04,cross-subject,AdaBN
259,16,1,0.0003611300001011841,97,A04,cross-subject,AdaBN
260,16,0,0.00040074799994727073,97,A04,cross-subject,AdaBN
261,16,1,0.0003867140001148073,97,A04,cross-subject,AdaBN
262,16,1,0.0003567050000583549,97,A04,cross-subject,AdaBN
263,16,1,0.0004320369998822571,97,A04,cross-subject,AdaBN
264,16,1,0.00048239100010505354,97,A04,cross-subject,AdaBN
265,16,0,0.00042146300006606907,97,A04,cross-subject,AdaBN
266,16,1,0.00043431200015220384,97,A04,cross-subject,AdaBN
267,16,0,0.00040848999992704194,97,A04,cross-subject,AdaBN
268,16,1,0.00035868400004801515,97,A04,cross-subject,AdaBN
269,16,0,0.0003697370000281808,97,A04,cross-subject,AdaBN
270,16,0,0.0004207389999919542,97,A04,cross-subject,AdaBN
271,16,1,0.00036321600009614485,97,A04,cross-subject,AdaBN
272,16,0,0.0003711019999173004,97,A04,cross-subject,AdaBN
273,16,1,0.00039632499988329073,97,A04,cross-subject,AdaBN
274,16,0,0.00046114399992802646,97,A04,cross-subject,AdaBN
275,16,1,0.0004233260001456074,97,A04,cross-subject,AdaBN
276,16,1,0.0004560240001865168,97,A04,cross-subject,AdaBN
277,16,1,0.0003793559999394347,97,A04,cross-subject,AdaBN
278,16,1,0.00036171400006423937,97,A04,cross-subject,AdaBN
279,16,1,0.00040316800004802644,97,A04,cross-subject,AdaBN
280,16,1,0.00041632900001786766,97,A04,cross-subject,AdaBN
281,16,0,0.00036913899998580746,97,A04,cross-subject,AdaBN
282,16,0,0.0003710070000124688,97,A04,cross-subject,AdaBN
283,16,0,0.0003742110000075627,97,A04,cross-subject,AdaBN
284,16,1,0.0003569979999156203,97,A04,cross-subject,AdaBN
285,16,0,0.0004229300000133662,97,A04,cross-subject,AdaBN
286,16,0,0.000488451000137502,97,A04,cross-subject,AdaBN
287,16,0,0.0003625330000431859,97,A04,cross-subject,AdaBN
0,1,1,0.0013139229999978852,97,A05,cross-subject,AdaBN
1,2,0,0.001196952000100282,97,A05,cross-subject,AdaBN
2,3,0,0.0011634140000751358,97,A05,cross-subject,AdaBN
3,4,0,0.002430350999929942,97,A05,cross-subject,AdaBN
4,5,0,0.0019479000000046653,97,A05,cross-subject,AdaBN
5,6,0,0.0019347820000348293,97,A05,cross-subject,AdaBN
6,7,0,0.0019796389999555686,97,A05,cross-subject,AdaBN
7,8,0,0.001959068000132902,97,A05,cross-subject,AdaBN
8,9,1,0.0016916780000428844,97,A05,cross-subject,AdaBN
9,10,0,0.0016691280000031838,97,A05,cross-subject,AdaBN
10,11,1,0.0016015060000427184,97,A05,cross-subject,AdaBN
11,12,0,0.0016357229999357514,97,A05,cross-subject,AdaBN
12,13,0,0.0017437760000120761,97,A05,cross-subject,AdaBN
13,14,1,0.001796349999949598,97,A05,cross-subject,AdaBN
14,15,1,0.0016318830000727758,97,A05,cross-subject,AdaBN
15,16,0,0.0012037320000217733,97,A05,cross-subject,AdaBN
16,16,1,0.0011507300000630494,97,A05,cross-subject,AdaBN
17,16,0,0.0008073139999851264,97,A05,cross-subject,AdaBN
18,16,0,0.0006350780001866951,97,A05,cross-subject,AdaBN
19,16,0,0.0005466330001127062,97,A05,cross-subject,AdaBN
20,16,1,0.0005537289998756023,97,A05,cross-subject,AdaBN
21,16,1,0.0004775520001203404,97,A05,cross-subject,AdaBN
22,16,1,0.0005709330000627233,97,A05,cross-subject,AdaBN
23,16,1,0.0005189070000142237,97,A05,cross-subject,AdaBN
24,16,1,0.0005636829998820758,97,A05,cross-subject,AdaBN
25,16,0,0.000585945000011634,97,A05,cross-subject,AdaBN
26,16,0,0.0005632760000935377,97,A05,cross-subject,AdaBN
27,16,1,0.0005764259999523347,97,A05,cross-subject,AdaBN
28,16,0,0.000624226999889288,97,A05,cross-subject,AdaBN
29,16,0,0.0006392469999809691,97,A05,cross-subject,AdaBN
30,16,0,0.0006713459999900806,97,A05,cross-subject,AdaBN
31,16,1,0.0007236419999117061,97,A05,cross-subject,AdaBN
32,16,1,0.0007872569999562984,97,A05,cross-subject,AdaBN
33,16,0,0.0008215240000026824,97,A05,cross-subject,AdaBN
34,16,0,0.0008452639999632083,97,A05,cross-subject,AdaBN
35,16,0,0.0008783109999512817,97,A05,cross-subject,AdaBN
36,16,0,0.000969391000126052,97,A05,cross-subject,AdaBN
37,16,1,0.0010118800000782358,97,A05,cross-subject,AdaBN
38,16,1,0.001102398000057292,97,A05,cross-subject,AdaBN
39,16,0,0.0011363929997969535,97,A05,cross-subject,AdaBN
40,16,0,0.0011558239998521458,97,A05,cross-subject,AdaBN
41,16,0,0.0012270859999716777,97,A05,cross-subject,AdaBN
42,16,1,0.0011836650000986992,97,A05,cross-subject,AdaBN
43,16,0,0.001147233999972741,97,A05,cross-subject,AdaBN
44,16,0,0.0011762690000978182,97,A05,cross-subject,AdaBN
45,16,0,0.00108411399992292,97,A05,cross-subject,AdaBN
46,16,1,0.0010077790000195819,97,A05,cross-subject,AdaBN
47,16,0,0.0010060009999506292,97,A05,cross-subject,AdaBN
48,16,1,0.0009571960001721891,97,A05,cross-subject,AdaBN
49,16,1,0.0009468480000123236,97,A05,cross-subject,AdaBN
50,16,0,0.000976099999888902,97,A05,cross-subject,AdaBN
51,16,1,0.0009027979999700619,97,A05,cross-subject,AdaBN
52,16,1,0.0008772549999775947,97,A05,cross-subject,AdaBN
53,16,0,0.0008727120000457944,97,A05,cross-subject,AdaBN
54,16,0,0.0008216789999551111,97,A05,cross-subject,AdaBN
55,16,0,0.0008212049999656301,97,A05,cross-subject,AdaBN
56,16,1,0.0007678099998429389,97,A05,cross-subject,AdaBN
57,16,0,0.0007603300000482704,97,A05,cross-subject,AdaBN
58,16,0,0.0007264430000759603,97,A05,cross-subject,AdaBN
59,16,0,0.0006947580000087328,97,A05,cross-subject,AdaBN
60,16,1,0.0006651169999258855,97,A05,cross-subject,AdaBN
61,16,0,0.0006283249999796681,97,A05,cross-subject,AdaBN
62,16,0,0.0006552649999775895,97,A05,cross-subject,AdaBN
63,16,0,0.0006367870000758558,97,A05,cross-subject,AdaBN
64,16,0,0.0006180420000418962,97,A05,cross-subject,AdaBN
65,16,0,0.0005954270000074757,97,A05,cross-subject,AdaBN
66,16,1,0.0005721879999782686,97,A05,cross-subject,AdaBN
67,16,1,0.0005533430000923545,97,A05,cross-subject,AdaBN
68,16,0,0.0005501990001448576,97,A05,cross-subject,AdaBN
69,16,0,0.0005277379998460674,97,A05,cross-subject,AdaBN
70,16,0,0.0005078290000710695,97,A05,cross-subject,AdaBN
71,16,1,0.0005246430000624969,97,A05,cross-subject,AdaBN
72,16,0,0.0004942269999901328,97,A05,cross-subject,AdaBN
73,16,0,0.0004868989999522455,97,A05,cross-subject,AdaBN
74,16,0,0.00047214799997163936,97,A05,cross-subject,AdaBN
75,16,1,0.00044909799999004463,97,A05,cross-subject,AdaBN
76,16,1,0.0004544150001493108,97,A05,cross-subject,AdaBN
77,16,1,0.00043568999990384327,97,A05,cross-subject,AdaBN
78,16,1,0.00044050699989384157,97,A05,cross-subject,AdaBN
79,16,0,0.00041199600013897,97,A05,cross-subject,AdaBN
80,16,0,0.0004341670000940212,97,A05,cross-subject,AdaBN
81,16,0,0.0004094529999747465,97,A05,cross-subject,AdaBN
82,16,0,0.0007719449999967765,97,A05,cross-subject,AdaBN
83,16,0,0.0004757199999403383,97,A05,cross-subject,AdaBN
84,16,0,0.00039442499996766855,97,A05,cross-subject,AdaBN
85,16,1,0.00043979999986731855,97,A05,cross-subject,AdaBN
86,16,1,0.000436212000067826,97,A05,cross-subject,AdaBN
87,16,1,0.00047161199995571224,97,A05,cross-subject,AdaBN
88,16,0,0.0004911230000743672,97,A05,cross-subject,AdaBN
89,16,0,0.0005347410001377284,97,A05,cross-subject,AdaBN
90,16,0,0.0005471839999700023,97,A05,cross-subject,AdaBN
91,16,0,0.0005840310000166937,97,A05,cross-subject,AdaBN
92,16,0,0.0006223959999260842,97,A05,cross-subject,AdaBN
93,16,0,0.0006541109999034234,97,A05,cross-subject,AdaBN
94,16,0,0.0006957870000405819,97,A05,cross-subject,AdaBN
95,16,1,0.0007775909998599673,97,A05,cross-subject,AdaBN
96,16,0,0.0007976169999892591,97,A05,cross-subject,AdaBN
97,16,0,0.0008508850000907842,97,A05,cross-subject,AdaBN
98,16,0,0.0009465089999594056,97,A05,cross-subject,AdaBN
99,16,0,0.0010101079999458307,97,A05,cross-subject,AdaBN
100,16,0,0.0010705859999688982,97,A05,cross-subject,AdaBN
101,16,0,0.001214517999869713,97,A05,cross-subject,AdaBN
102,16,0,0.0012931979999848409,97,A05,cross-subject,AdaBN
103,16,0,0.0013822539999637229,97,A05,cross-subject,AdaBN
104,16,1,0.0014802919999965525,97,A05,cross-subject,AdaBN
105,16,1,0.0016608810001343954,97,A05,cross-subject,AdaBN
106,16,1,0.0017785620000267954,97,A05,cross-subject,AdaBN
107,16,1,0.0019462660000044707,97,A05,cross-subject,AdaBN
108,16,1,0.002167173000088951,97,A05,cross-subject,AdaBN
109,16,0,0.0021055029999388353,97,A05,cross-subject,AdaBN
110,16,0,0.0019581480000852025,97,A05,cross-subject,AdaBN
111,16,0,0.0020077340000170807,97,A05,cross-subject,AdaBN
112,16,0,0.001794144000086817,97,A05,cross-subject,AdaBN
113,16,0,0.0017660589999195508,97,A05,cross-subject,AdaBN
114,16,0,0.0016707209999822226,97,A05,cross-subject,AdaBN
115,16,1,0.0016078730000117503,97,A05,cross-subject,AdaBN
116,16,0,0.0016667509999024333,97,A05,cross-subject,AdaBN
117,16,0,0.001496316000157094,97,A05,cross-subject,AdaBN
118,16,0,0.0014076510001359566,97,A05,cross-subject,AdaBN
119,16,0,0.0013557519998812495,97,A05,cross-subject,AdaBN
120,16,0,0.0012615079999704903,97,A05,cross-subject,AdaBN
121,16,1,0.001191653999967457,97,A05,cross-subject,AdaBN
122,16,1,0.001145033000057083,97,A05,cross-subject,AdaBN
123,16,0,0.0011143929998524982,97,A05,cross-subject,AdaBN
124,16,1,0.0010430160000396427,97,A05,cross-subject,AdaBN
125,16,0,0.0010109639999882347,97,A05,cross-subject,AdaBN
126,16,0,0.0009707470001103502,97,A05,cross-subject,AdaBN
127,16,1,0.0009393990001171915,97,A05,cross-subject,AdaBN
128,16,1,0.0009296729999732634,97,A05,cross-subject,AdaBN
129,16,0,0.0008843989999149926,97,A05,cross-subject,AdaBN
130,16,0,0.0008401979998780007,97,A05,cross-subject,AdaBN
131,16,1,0.0007997579998573201,97,A05,cross-subject,AdaBN
132,16,1,0.0007670459999644663,97,A05,cross-subject,AdaBN
133,16,1,0.0007480100000520906,97,A05,cross-subject,AdaBN
134,16,0,0.0007340310000927275,97,A05,cross-subject,AdaBN
135,16,0,0.0006704159998207615,97,A05,cross-subject,AdaBN
136,16,0,0.0006865180000659166,97,A05,cross-subject,AdaBN
137,16,1,0.0006643490000897145,97,A05,cross-subject,AdaBN
138,16,0,0.0006222879999313591,97,A05,cross-subject,AdaBN
139,16,0,0.000601285000129792,97,A05,cross-subject,AdaBN
140,16,0,0.0005991549999180279,97,A05,cross-subject,AdaBN
141,16,1,0.0005599569999503728,97,A05,cross-subject,AdaBN
142,16,0,0.0005321149999417685,97,A05,cross-subject,AdaBN
143,16,0,0.0005379869999160292,97,A05,cross-subject,AdaBN
144,16,0,0.0004974979999587958,97,A05,cross-subject,AdaBN
145,16,1,0.0005113069998969877,97,A05,cross-subject,AdaBN
146,16,0,0.0004957160001595184,97,A05,cross-subject,AdaBN
147,16,0,0.0004649949999020464,97,A05,cross-subject,AdaBN
148,16,1,0.0004663179997805855,97,A05,cross-subject,AdaBN
149,16,1,0.0004391589998249401,97,A05,cross-subject,AdaBN
150,16,0,0.00043099799995616195,97,A05,cross-subject,AdaBN
151,16,1,0.00041761299985410005,97,A05,cross-subject,AdaBN
152,16,0,0.0006567190000623668,97,A05,cross-subject,AdaBN
153,16,1,0.0004386069999782194,97,A05,cross-subject,AdaBN
154,16,0,0.00044179199994687224,97,A05,cross-subject,AdaBN
155,16,0,0.000374878999991779,97,A05,cross-subject,AdaBN
156,16,0,0.00041584599989619164,97,A05,cross-subject,AdaBN
157,16,0,0.00035736799986807455,97,A05,cross-subject,AdaBN
158,16,0,0.0003704880000441335,97,A05,cross-subject,AdaBN
159,16,1,0.00036593799995898735,97,A05,cross-subject,AdaBN
160,16,0,0.00041767799984882004,97,A05,cross-subject,AdaBN
161,16,0,0.0004456859999208973,97,A05,cross-subject,AdaBN
162,16,0,0.00044426599993130367,97,A05,cross-subject,AdaBN
163,16,0,0.00037311400001271977,97,A05,cross-subject,AdaBN
164,16,1,0.0004028040000321198,97,A05,cross-subject,AdaBN
165,16,0,0.00041175199999088363,97,A05,cross-subject,AdaBN
166,16,0,0.00039062099995135213,97,A05,cross-subject,AdaBN
167,16,0,0.00042115899987038574,97,A05,cross-subject,AdaBN
168,16,0,0.00036105300000599527,97,A05,cross-subject,AdaBN
169,16,0,0.0004205220000130794,97,A05,cross-subject,AdaBN
170,16,1,0.00035613500017461774,97,A05,cross-subject,AdaBN
171,16,0,0.0004472769999210868,97,A05,cross-subject,AdaBN
172,16,0,0.0003779190001296229,97,A05,cross-subject,AdaBN
173,16,0,0.0005282659999465977,97,A05,cross-subject,AdaBN
174,16,0,0.000469758000008369,97,A05,cross-subject,AdaBN
175,16,1,0.00039122099997257465,97,A05,cross-subject,AdaBN
176,16,0,0.0004043510000428796,97,A05,cross-subject,AdaBN
177,16,0,0.0004425390000051266,97,A05,cross-subject,AdaBN
178,16,0,0.000419750999981261,97,A05,cross-subject,AdaBN
179,16,1,0.0003616480000800948,97,A05,cross-subject,AdaBN
180,16,0,0.00045549900005426025,97,A05,cross-subject,AdaBN
181,16,1,0.000366905000191764,97,A05,cross-subject,AdaBN
182,16,0,0.00042423900003996096,97,A05,cross-subject,AdaBN
183,16,0,0.00036443099997995887,97,A05,cross-subject,AdaBN
184,16,1,0.0004447499998150306,97,A05,cross-subject,AdaBN
185,16,1,0.0004279319998659048,97,A05,cross-subject,AdaBN
186,16,0,0.0004740049998872564,97,A05,cross-subject,AdaBN
187,16,1,0.000424611999960689,97,A05,cross-subject,AdaBN
188,16,1,0.00038081200000306126,97,A05,cross-subject,AdaBN
189,16,0,0.000400405000164028,97,A05,cross-subject,AdaBN
190,16,0,0.0003768550000131654,97,A05,cross-subject,AdaBN
191,16,0,0.0003923530000520259,97,A05,cross-subject,AdaBN
192,16,0,0.0003700699999171775,97,A05,cross-subject,AdaBN
193,16,0,0.00041456600001765764,97,A05,cross-subject,AdaBN
194,16,0,0.00037450000013450335,97,A05,cross-subject,AdaBN
195,16,1,0.00041727600000740495,97,A05,cross-subject,AdaBN
196,16,0,0.00036411699989002955,97,A05,cross-subject,AdaBN
197,16,1,0.00039857799993114895,97,A05,cross-subject,AdaBN
198,16,0,0.0003801909999765485,97,A05,cross-subject,AdaBN
199,16,0,0.0004016820000742882,97,A05,cross-subject,AdaBN
200,16,0,0.0004299830000036309,97,A05,cross-subject,AdaBN
201,16,0,0.0004421250000632426,97,A05,cross-subject,AdaBN
202,16,0,0.0004252659998655872,97,A05,cross-subject,AdaBN
203,16,0,0.00036316000000624626,97,A05,cross-subject,AdaBN
204,16,0,0.0003989349997937097,97,A05,cross-subject,AdaBN
205,16,0,0.00040073799982565106,97,A05,cross-subject,AdaBN
206,16,1,0.0004065779999109509,97,A05,cross-subject,AdaBN
207,16,0,0.0003656810001757549,97,A05,cross-subject,AdaBN
208,16,1,0.00045068800000080955,97,A05,cross-subject,AdaBN
209,16,0,0.00037496499999178923,97,A05,cross-subject,AdaBN
210,16,0,0.0004155330000230606,97,A05,cross-subject,AdaBN
211,16,1,0.00039432199992006645,97,A05,cross-subject,AdaBN
212,16,1,0.00043286200002512487,97,A05,cross-subject,AdaBN
213,16,0,0.00040129499984686845,97,A05,cross-subject,AdaBN
214,16,0,0.000364120000085677,97,A05,cross-subject,AdaBN
215,16,0,0.000374190999991697,97,A05,cross-subject,AdaBN
216,16,0,0.00036354999997456616,97,A05,cross-subject,AdaBN
217,16,1,0.00036969100005990185,97,A05,cross-subject,AdaBN
218,16,0,0.0003661720002128277,97,A05,cross-subject,AdaBN
219,16,1,0.0003690380001444282,97,A05,cross-subject,AdaBN
220,16,0,0.00037764900002912327,97,A05,cross-subject,AdaBN
221,16,1,0.0003806830000030459,97,A05,cross-subject,AdaBN
222,16,0,0.00036227800001142896,97,A05,cross-subject,AdaBN
223,16,1,0.00045235000015964033,97,A05,cross-subject,AdaBN
224,16,1,0.00045019300000603835,97,A05,cross-subject,AdaBN
225,16,0,0.0004496609999478096,97,A05,cross-subject,AdaBN
226,16,0,0.00042729500000859844,97,A05,cross-subject,AdaBN
227,16,1,0.00041239000006498827,97,A05,cross-subject,AdaBN
228,16,0,0.0003721729999597301,97,A05,cross-subject,AdaBN
229,16,1,0.00040173799993681314,97,A05,cross-subject,AdaBN
230,16,0,0.0003890829998454137,97,A05,cross-subject,AdaBN
231,16,0,0.00039607100006833207,97,A05,cross-subject,AdaBN
232,16,1,0.00039101299989852123,97,A05,cross-subject,AdaBN
233,16,1,0.0003602530000534898,97,A05,cross-subject,AdaBN
234,16,0,0.00044405700009519933,97,A05,cross-subject,AdaBN
235,16,0,0.00040753999996923085,97,A05,cross-subject,AdaBN
236,16,0,0.0003986169999734557,97,A05,cross-subject,AdaBN
237,16,0,0.0004027039999527915,97,A05,cross-subject,AdaBN
238,16,0,0.0004461779999473947,97,A05,cross-subject,AdaBN
239,16,1,0.0003668480001124408,97,A05,cross-subject,AdaBN
240,16,0,0.0003837169999769685,97,A05,cross-subject,AdaBN
241,16,0,0.0003891349999776139,97,A05,cross-subject,AdaBN
242,16,0,0.00036648299987973587,97,A05,cross-subject,AdaBN
243,16,0,0.00036964299988540006,97,A05,cross-subject,AdaBN
244,16,1,0.0003836519999822485,97,A05,cross-subject,AdaBN
245,16,0,0.00036057199986316846,97,A05,cross-subject,AdaBN
246,16,0,0.0004072740000538033,97,A05,cross-subject,AdaBN
247,16,0,0.0003639770000063436,97,A05,cross-subject,AdaBN
248,16,0,0.00037395200001810736,97,A05,cross-subject,AdaBN
249,16,0,0.00045141999999032123,97,A05,cross-subject,AdaBN
250,16,0,0.0004539859999113105,97,A05,cross-subject,AdaBN
251,16,0,0.000431868999839935,97,A05,cross-subject,AdaBN
252,16,1,0.00037074800002301345,97,A05,cross-subject,AdaBN
253,16,0,0.0003703219999806606,97,A05,cross-subject,AdaBN
254,16,1,0.0003745489998436824,97,A05,cross-subject,AdaBN
255,16,0,0.00036248900005375617,97,A05,cross-subject,AdaBN
256,16,1,0.0003580980001061107,97,A05,cross-subject,AdaBN
257,16,0,0.0003653539999959321,97,A05,cross-subject,AdaBN
258,16,0,0.0003669739999168087,97,A05,cross-subject,AdaBN
259,16,0,0.0003632030000062514,97,A05,cross-subject,AdaBN
260,16,0,0.0004294860000300105,97,A05,cross-subject,AdaBN
261,16,0,0.00044820499988418305,97,A05,cross-subject,AdaBN
262,16,1,0.00041488400006528536,97,A05,cross-subject,AdaBN
263,16,0,0.0003754199999548291,97,A05,cross-subject,AdaBN
264,16,0,0.00038052700006119267,97,A05,cross-subject,AdaBN
265,16,0,0.0003645250001227396,97,A05,cross-subject,AdaBN
266,16,0,0.0003790220000610134,97,A05,cross-subject,AdaBN
267,16,0,0.0003759060000447789,97,A05,cross-subject,AdaBN
268,16,0,0.0003608819999953994,97,A05,cross-subject,AdaBN
269,16,1,0.0003730389998963801,97,A05,cross-subject,AdaBN
270,16,0,0.00036559299996952177,97,A05,cross-subject,AdaBN
271,16,1,0.00038889400002517505,97,A05,cross-subject,AdaBN
272,16,1,0.000447827000016332,97,A05,cross-subject,AdaBN
273,16,0,0.0004604320001817541,97,A05,cross-subject,AdaBN
274,16,1,0.00036853500000688655,97,A05,cross-subject,AdaBN
275,16,0,0.00038114599988148257,97,A05,cross-subject,AdaBN
276,16,0,0.0004183040000498295,97,A05,cross-subject,AdaBN
277,16,0,0.000375018000113414,97,A05,cross-subject,AdaBN
278,16,1,0.0003610310000112804,97,A05,cross-subject,AdaBN
279,16,0,0.00041118900003311865,97,A05,cross-subject,AdaBN
280,16,0,0.0003710070000124688,97,A05,cross-subject,AdaBN
281,16,0,0.0004136420000122598,97,A05,cross-subject,AdaBN
282,16,1,0.00044565999996848404,97,A05,cross-subject,AdaBN
283,16,0,0.00037976500016156933,97,A05,cross-subject,AdaBN
284,16,1,0.00035592099993664306,97,A05,cross-subject,AdaBN
285,16,1,0.00036742700012837304,97,A05,cross-subject,AdaBN
286,16,0,0.00036637899984270916,97,A05,cross-subject,AdaBN
287,16,0,0.0003603610000482149,97,A05,cross-subject,AdaBN
0,1,0,0.0011058059999413672,97,A06,cross-subject,AdaBN
1,2,0,0.0009471549999489071,97,A06,cross-subject,AdaBN
2,3,0,0.0009668420000252809,97,A06,cross-subject,AdaBN
3,4,0,0.0012328640000305313,97,A06,cross-subject,AdaBN
4,5,1,0.0012090819998320512,97,A06,cross-subject,AdaBN
5,6,1,0.001170401000081256,97,A06,cross-subject,AdaBN
6,7,0,0.00125848099992254,97,A06,cross-subject,AdaBN
7,8,1,0.0012639819999549218,97,A06,cross-subject,AdaBN
8,9,0,0.00119071500012069,97,A06,cross-subject,AdaBN
9,10,0,0.001754631000039808,97,A06,cross-subject,AdaBN
10,11,0,0.0019522079999205744,97,A06,cross-subject,AdaBN
11,12,0,0.0017488609998963511,97,A06,cross-subject,AdaBN
12,13,0,0.0016429380000317906,97,A06,cross-subject,AdaBN
13,14,0,0.00167695699997239,97,A06,cross-subject,AdaBN
14,15,1,0.0017429910001283133,97,A06,cross-subject,AdaBN
15,16,1,0.001669721999860485,97,A06,cross-subject,AdaBN
16,16,1,0.0016725530001622246,97,A06,cross-subject,AdaBN
17,16,1,0.0011224909999327792,97,A06,cross-subject,AdaBN
18,16,0,0.0006987669999034551,97,A06,cross-subject,AdaBN
19,16,1,0.0004687129999183526,97,A06,cross-subject,AdaBN
20,16,0,0.000429035000024669,97,A06,cross-subject,AdaBN
21,16,0,0.00047762300005160796,97,A06,cross-subject,AdaBN
22,16,0,0.0004357800000889256,97,A06,cross-subject,AdaBN
23,16,0,0.0004800419999355654,97,A06,cross-subject,AdaBN
24,16,0,0.00043354300009923463,97,A06,cross-subject,AdaBN
25,16,1,0.00043995500004712085,97,A06,cross-subject,AdaBN
26,16,1,0.0004219300001295778,97,A06,cross-subject,AdaBN
27,16,0,0.0005068020000180695,97,A06,cross-subject,AdaBN
28,16,1,0.0005550580001454364,97,A06,cross-subject,AdaBN
29,16,1,0.0005172620001303585,97,A06,cross-subject,AdaBN
30,16,0,0.000540012000101342,97,A06,cross-subject,AdaBN
31,16,1,0.0006528380001782352,97,A06,cross-subject,AdaBN
32,16,0,0.0005500750000919652,97,A06,cross-subject,AdaBN
33,16,0,0.0005914989999382669,97,A06,cross-subject,AdaBN
34,16,1,0.000483754000015324,97,A06,cross-subject,AdaBN
35,16,0,0.00040228599982583546,97,A06,cross-subject,AdaBN
36,16,0,0.0004147669999383652,97,A06,cross-subject,AdaBN
37,16,0,0.0004044789998260967,97,A06,cross-subject,AdaBN
38,16,1,0.00043802199979836587,97,A06,cross-subject,AdaBN
39,16,1,0.0004486210000322899,97,A06,cross-subject,AdaBN
40,16,1,0.0005292789999202796,97,A06,cross-subject,AdaBN
41,16,0,0.0005133509998813679,97,A06,cross-subject,AdaBN
42,16,0,0.0005505530000391445,97,A06,cross-subject,AdaBN
43,16,1,0.0007223369998428097,97,A06,cross-subject,AdaBN
44,16,0,0.0006440970000767265,97,A06,cross-subject,AdaBN
45,16,0,0.0006085720001465234,97,A06,cross-subject,AdaBN
46,16,1,0.0006577730000572046,97,A06,cross-subject,AdaBN
47,16,1,0.0006997660000251926,97,A06,cross-subject,AdaBN
48,16,0,0.0007381949999398785,97,A06,cross-subject,AdaBN
49,16,0,0.0007779239999763377,97,A06,cross-subject,AdaBN
50,16,0,0.000792462999925192,97,A06,cross-subject,AdaBN
51,16,0,0.0008363689998986956,97,A06,cross-subject,AdaBN
52,16,1,0.0008521080001173686,97,A06,cross-subject,AdaBN
53,16,1,0.0008441269999366341,97,A06,cross-subject,AdaBN
54,16,0,0.0007822829998076486,97,A06,cross-subject,AdaBN
55,16,1,0.0007998229998520401,97,A06,cross-subject,AdaBN
56,16,0,0.0007535939998888352,97,A06,cross-subject,AdaBN
57,16,1,0.0007269520001500496,97,A06,cross-subject,AdaBN
58,16,0,0.0007330180001190456,97,A06,cross-subject,AdaBN
59,16,0,0.0007034719999410299,97,A06,cross-subject,AdaBN
60,16,0,0.0006696069999634346,97,A06,cross-subject,AdaBN
61,16,0,0.0006544740001572791,97,A06,cross-subject,AdaBN
62,16,0,0.0006602660000680771,97,A06,cross-subject,AdaBN
63,16,1,0.0006603859999358974,97,A06,cross-subject,AdaBN
64,16,0,0.000619161000031454,97,A06,cross-subject,AdaBN
65,16,0,0.0006005589998494543,97,A06,cross-subject,AdaBN
66,16,0,0.000608979999924486,97,A06,cross-subject,AdaBN
67,16,0,0.0005808710000110295,97,A06,cross-subject,AdaBN
68,16,0,0.0005640340000354627,97,A06,cross-subject,AdaBN
69,16,0,0.0005670040000040899,97,A06,cross-subject,AdaBN
70,16,0,0.0005458329999328271,97,A06,cross-subject,AdaBN
71,16,0,0.0005338060000212863,97,A06,cross-subject,AdaBN
72,16,1,0.0005273910001051263,97,A06,cross-subject,AdaBN
73,16,0,0.000494969999863315,97,A06,cross-subject,AdaBN
74,16,0,0.0004956269999638607,97,A06,cross-subject,AdaBN
75,16,0,0.0004991920000065875,97,A06,cross-subject,AdaBN
76,16,0,0.00045932200009701774,97,A06,cross-subject,AdaBN
77,16,0,0.0004559689998586691,97,A06,cross-subject,AdaBN
78,16,0,0.000459567000007155,97,A06,cross-subject,AdaBN
79,16,0,0.00043631599987747904,97,A06,cross-subject,AdaBN
80,16,0,0.0004439049998836708,97,A06,cross-subject,AdaBN
81,16,1,0.0004169750000073691,97,A06,cross-subject,AdaBN
82,16,1,0.0003988129999470402,97,A06,cross-subject,AdaBN
83,16,1,0.00041257499992752855,97,A06,cross-subject,AdaBN
84,16,1,0.00040140400005839183,97,A06,cross-subject,AdaBN
85,16,0,0.0003983280000738887,97,A06,cross-subject,AdaBN
86,16,0,0.0003671279998798127,97,A06,cross-subject,AdaBN
87,16,1,0.00035907699998460885,97,A06,cross-subject,AdaBN
88,16,1,0.00036543400005939475,97,A06,cross-subject,AdaBN
89,16,1,0.000381349000008413,97,A06,cross-subject,AdaBN
90,16,0,0.00045169499981057015,97,A06,cross-subject,AdaBN
91,16,1,0.00042433900011928927,97,A06,cross-subject,AdaBN
92,16,1,0.0004240169998865895,97,A06,cross-subject,AdaBN
93,16,0,0.0003700649999700545,97,A06,cross-subject,AdaBN
94,16,1,0.0003591679999317421,97,A06,cross-subject,AdaBN
95,16,0,0.00036687400006485404,97,A06,cross-subject,AdaBN
96,16,0,0.0003675079999538866,97,A06,cross-subject,AdaBN
97,16,0,0.00038152499996613187,97,A06,cross-subject,AdaBN
98,16,0,0.0003650339999694552,97,A06,cross-subject,AdaBN
99,16,1,0.00037306400008674245,97,A06,cross-subject,AdaBN
100,16,0,0.0003679100000226754,97,A06,cross-subject,AdaBN
101,16,0,0.00036268599978939164,97,A06,cross-subject,AdaBN
102,16,0,0.0004042020000269986,97,A06,cross-subject,AdaBN
103,16,0,0.00044283900001573784,97,A06,cross-subject,AdaBN
104,16,1,0.0003774649999286339,97,A06,cross-subject,AdaBN
105,16,1,0.00039372099990941933,97,A06,cross-subject,AdaBN
106,16,0,0.000374749000002339,97,A06,cross-subject,AdaBN
107,16,1,0.00045184999999037245,97,A06,cross-subject,AdaBN
108,16,1,0.0003808629999184632,97,A06,cross-subject,AdaBN
109,16,1,0.00040099000011650787,97,A06,cross-subject,AdaBN
110,16,1,0.0003918590000466793,97,A06,cross-subject,AdaBN
111,16,1,0.0003738309999334888,97,A06,cross-subject,AdaBN
112,16,1,0.00041085299994847446,97,A06,cross-subject,AdaBN
113,16,1,0.0004120870000861032,97,A06,cross-subject,AdaBN
114,16,0,0.0004042499999741267,97,A06,cross-subject,AdaBN
115,16,1,0.00038949200006754836,97,A06,cross-subject,AdaBN
116,16,0,0.0003726000002188812,97,A06,cross-subject,AdaBN
117,16,0,0.00036809299990636646,97,A06,cross-subject,AdaBN
118,16,1,0.00036001699982080027,97,A06,cross-subject,AdaBN
119,16,0,0.0003731629999492725,97,A06,cross-subject,AdaBN
120,16,0,0.0003678370001125586,97,A06,cross-subject,AdaBN
121,16,0,0.0003646810000645928,97,A06,cross-subject,AdaBN
122,16,0,0.00037521900003412156,97,A06,cross-subject,AdaBN
123,16,0,0.00036488399996414955,97,A06,cross-subject,AdaBN
124,16,0,0.0004051720000006753,97,A06,cross-subject,AdaBN
125,16,0,0.0004367259998616646,97,A06,cross-subject,AdaBN
126,16,0,0.0004489089999424323,97,A06,cross-subject,AdaBN
127,16,0,0.0004070119998687005,97,A06,cross-subject,AdaBN
128,16,1,0.0003664020000542223,97,A06,cross-subject,AdaBN
129,16,0,0.00039109400017878215,97,A06,cross-subject,AdaBN
130,16,0,0.0003688499998588668,97,A06,cross-subject,AdaBN
131,16,0,0.0003672549999009789,97,A06,cross-subject,AdaBN
132,16,0,0.0003650329999800306,97,A06,cross-subject,AdaBN
133,16,0,0.0003685709998535458,97,A06,cross-subject,AdaBN
134,16,1,0.0003673489998163859,97,A06,cross-subject,AdaBN
135,16,0,0.00037172700012888527,97,A06,cross-subject,AdaBN
136,16,0,0.0003986560000157624,97,A06,cross-subject,AdaBN
137,16,1,0.0004376159999992524,97,A06,cross-subject,AdaBN
138,16,0,0.00040178899985221506,97,A06,cross-subject,AdaBN
139,16,0,0.00036438500001167995,97,A06,cross-subject,AdaBN
140,16,1,0.00037209399988569203,97,A06,cross-subject,AdaBN
141,16,1,0.00039177199982987077,97,A06,cross-subject,AdaBN
142,16,0,0.00037336099990170624,97,A06,cross-subject,AdaBN
143,16,0,0.00038390700001400546,97,A06,cross-subject,AdaBN
144,16,0,0.00038375300005100144,97,A06,cross-subject,AdaBN
145,16,0,0.0003651950000858051,97,A06,cross-subject,AdaBN
146,16,0,0.00045881599999120226,97,A06,cross-subject,AdaBN
147,16,1,0.00047553700005664723,97,A06,cross-subject,AdaBN
148,16,0,0.00035874900004273513,97,A06,cross-subject,AdaBN
149,16,1,0.0004200600001240673,97,A06,cross-subject,AdaBN
150,16,1,0.0003873209998346283,97,A06,cross-subject,AdaBN
151,16,1,0.0003659169999536971,97,A06,cross-subject,AdaBN
152,16,1,0.0004087820000222564,97,A06,cross-subject,AdaBN
153,16,0,0.00036962400008633267,97,A06,cross-subject,AdaBN
154,16,0,0.0003695139998853847,97,A06,cross-subject,AdaBN
155,16,1,0.0003979619998517592,97,A06,cross-subject,AdaBN
156,16,1,0.0003605420001804305,97,A06,cross-subject,AdaBN
157,16,1,0.00044703000003210036,97,A06,cross-subject,AdaBN
158,16,1,0.00046114999986457406,97,A06,cross-subject,AdaBN
159,16,0,0.00038014799997654336,97,A06,cross-subject,AdaBN
160,16,1,0.00039596900001015456,97,A06,cross-subject,AdaBN
161,16,0,0.0003848230001040065,97,A06,cross-subject,AdaBN
162,16,1,0.00038137199999255245,97,A06,cross-subject,AdaBN
163,16,0,0.0003809890001775784,97,A06,cross-subject,AdaBN
164,16,0,0.00038805899998806126,97,A06,cross-subject,AdaBN
165,16,1,0.0003586139998787985,97,A06,cross-subject,AdaBN
166,16,1,0.00039248400003089046,97,A06,cross-subject,AdaBN
167,16,0,0.00037195499999143067,97,A06,cross-subject,AdaBN
168,16,0,0.0004948349999267521,97,A06,cross-subject,AdaBN
169,16,0,0.00043519400014702114,97,A06,cross-subject,AdaBN
170,16,1,0.00039465899999413523,97,A06,cross-subject,AdaBN
171,16,1,0.00037106800004949037,97,A06,cross-subject,AdaBN
172,16,0,0.00039337299995167996,97,A06,cross-subject,AdaBN
173,16,0,0.0003734309998435492,97,A06,cross-subject,AdaBN
174,16,1,0.0003684570001496468,97,A06,cross-subject,AdaBN
175,16,0,0.00038877900010447775,97,A06,cross-subject,AdaBN
176,16,0,0.00039153000011538097,97,A06,cross-subject,AdaBN
177,16,0,0.0003752609998173284,97,A06,cross-subject,AdaBN
178,16,0,0.00043994700013172405,97,A06,cross-subject,AdaBN
179,16,0,0.0004529210000328021,97,A06,cross-subject,AdaBN
180,16,1,0.0004325190000145085,97,A06,cross-subject,AdaBN
181,16,1,0.0003691659999276453,97,A06,cross-subject,AdaBN
182,16,1,0.0003675170000860817,97,A06,cross-subject,AdaBN
183,16,0,0.0003757520000817749,97,A06,cross-subject,AdaBN
184,16,0,0.00037910299988652696,97,A06,cross-subject,AdaBN
185,16,0,0.0003676279998217069,97,A06,cross-subject,AdaBN
186,16,0,0.00036128599981566367,97,A06,cross-subject,AdaBN
187,16,1,0.0003727669998170313,97,A06,cross-subject,AdaBN
188,16,0,0.00036284099996919394,97,A06,cross-subject,AdaBN
189,16,0,0.00038274000007731956,97,A06,cross-subject,AdaBN
190,16,0,0.0004820190001737501,97,A06,cross-subject,AdaBN
191,16,0,0.000424542000018846,97,A06,cross-subject,AdaBN
192,16,1,0.00041484400003355404,97,A06,cross-subject,AdaBN
193,16,1,0.0003723800000443589,97,A06,cross-subject,AdaBN
194,16,0,0.0003625519998422533,97,A06,cross-subject,AdaBN
195,16,0,0.0003646390000540123,97,A06,cross-subject,AdaBN
196,16,1,0.0003818350000983628,97,A06,cross-subject,AdaBN
197,16,0,0.00036378799995873123,97,A06,cross-subject,AdaBN
198,16,0,0.00040028900002653245,97,A06,cross-subject,AdaBN
199,16,1,0.0003655149998849083,97,A06,cross-subject,AdaBN
200,16,1,0.0004127659999539901,97,A06,cross-subject,AdaBN
201,16,0,0.0004692370000611845,97,A06,cross-subject,AdaBN
202,16,0,0.00043260500001451874,97,A06,cross-subject,AdaBN
203,16,1,0.0003781870000238996,97,A06,cross-subject,AdaBN
204,16,0,0.0003990039999735018,97,A06,cross-subject,AdaBN
205,16,1,0.00036698100007015455,97,A06,cross-subject,AdaBN
206,16,1,0.00038170900006662123,97,A06,cross-subject,AdaBN
207,16,1,0.00039248600000973966,97,A06,cross-subject,AdaBN
208,16,0,0.00036792299988519517,97,A06,cross-subject,AdaBN
209,16,0,0.00037366900005508796,97,A06,cross-subject,AdaBN
210,16,1,0.00046757899986005214,97,A06,cross-subject,AdaBN
211,16,0,0.00044703999992634635,97,A06,cross-subject,AdaBN
212,16,0,0.0003832080001302529,97,A06,cross-subject,AdaBN
213,16,1,0.000393731000031039,97,A06,cross-subject,AdaBN
214,16,1,0.00037167799996495887,97,A06,cross-subject,AdaBN
215,16,1,0.0003848910000670003,97,A06,cross-subject,AdaBN
216,16,0,0.0003729390000444255,97,A06,cross-subject,AdaBN
217,16,0,0.0003690149999329151,97,A06,cross-subject,AdaBN
218,16,0,0.00036543900000651774,97,A06,cross-subject,AdaBN
219,16,1,0.00036832699993283313,97,A06,cross-subject,AdaBN
220,16,1,0.00037102100009178685,97,A06,cross-subject,AdaBN
221,16,0,0.00047642499998801213,97,A06,cross-subject,AdaBN
222,16,1,0.00044559499997376406,97,A06,cross-subject,AdaBN
223,16,0,0.00036388100011208735,97,A06,cross-subject,AdaBN
224,16,1,0.00040162499999496504,97,A06,cross-subject,AdaBN
225,16,0,0.00036235399988981953,97,A06,cross-subject,AdaBN
226,16,0,0.00037318299996513815,97,A06,cross-subject,AdaBN
227,16,0,0.00039225600016834505,97,A06,cross-subject,AdaBN
228,16,1,0.0003719009998803813,97,A06,cross-subject,AdaBN
229,16,0,0.00037602399993375,97,A06,cross-subject,AdaBN
230,16,0,0.00039814199999455013,97,A06,cross-subject,AdaBN
231,16,0,0.00038242200002969184,97,A06,cross-subject,AdaBN
232,16,0,0.0004556140002023312,97,A06,cross-subject,AdaBN
233,16,1,0.000457589999996344,97,A06,cross-subject,AdaBN
234,16,1,0.00037527800009229395,97,A06,cross-subject,AdaBN
235,16,0,0.00038445300015155226,97,A06,cross-subject,AdaBN
236,16,0,0.00036836100002801686,97,A06,cross-subject,AdaBN
237,16,0,0.0003698350001286599,97,A06,cross-subject,AdaBN
238,16,1,0.00036602400018637127,97,A06,cross-subject,AdaBN
239,16,0,0.0003719019998698059,97,A06,cross-subject,AdaBN
240,16,1,0.0003674009999485861,97,A06,cross-subject,AdaBN
241,16,0,0.00035985399995297485,97,A06,cross-subject,AdaBN
242,16,1,0.0003674500001125125,97,A06,cross-subject,AdaBN
243,16,0,0.00046103700015009963,97,A06,cross-subject,AdaBN
244,16,0,0.0004345639999883133,97,A06,cross-subject,AdaBN
245,16,0,0.00038791399992987863,97,A06,cross-subject,AdaBN
246,16,0,0.000364199999921766,97,A06,cross-subject,AdaBN
247,16,1,0.0004388359998301894,97,A06,cross-subject,AdaBN
248,16,0,0.00036892899993290484,97,A06,cross-subject,AdaBN
249,16,0,0.0003724039997905493,97,A06,cross-subject,AdaBN
250,16,0,0.0004064009999638074,97,A06,cross-subject,AdaBN
251,16,0,0.00037341300003390643,97,A06,cross-subject,AdaBN
252,16,1,0.000362859999995635,97,A06,cross-subject,AdaBN
253,16,0,0.00041643800000201736,97,A06,cross-subject,AdaBN
254,16,0,0.00046727900007681455,97,A06,cross-subject,AdaBN
255,16,0,0.000370511000028273,97,A06,cross-subject,AdaBN
256,16,0,0.00043548700000428653,97,A06,cross-subject,AdaBN
257,16,1,0.00036553900008584606,97,A06,cross-subject,AdaBN
258,16,1,0.0003611360000377317,97,A06,cross-subject,AdaBN
259,16,0,0.0004237169998759782,97,A06,cross-subject,AdaBN
260,16,1,0.00038557199991373636,97,A06,cross-subject,AdaBN
261,16,1,0.0003629139998793107,97,A06,cross-subject,AdaBN
262,16,1,0.0004112690000965813,97,A06,cross-subject,AdaBN
263,16,0,0.0003821570001036889,97,A06,cross-subject,AdaBN
264,16,1,0.00045345099988480797,97,A06,cross-subject,AdaBN
265,16,0,0.00045555100018646044,97,A06,cross-subject,AdaBN
266,16,1,0.0004330679998929554,97,A06,cross-subject,AdaBN
267,16,1,0.00037262700016071904,97,A06,cross-subject,AdaBN
268,16,0,0.00039182999989861855,97,A06,cross-subject,AdaBN
269,16,1,0.0003889780000463361,97,A06,cross-subject,AdaBN
270,16,0,0.0003765930000554363,97,A06,cross-subject,AdaBN
271,16,0,0.0003996590000951983,97,A06,cross-subject,AdaBN
272,16,0,0.0004000290000476525,97,A06,cross-subject,AdaBN
273,16,1,0.00042840899982365954,97,A06,cross-subject,AdaBN
274,16,1,0.0004531590000169672,97,A06,cross-subject,AdaBN
275,16,0,0.00041834199987533793,97,A06,cross-subject,AdaBN
276,16,1,0.0003832249999504711,97,A06,cross-subject,AdaBN
277,16,0,0.00037743100006082386,97,A06,cross-subject,AdaBN
278,16,1,0.0004035300000850839,97,A06,cross-subject,AdaBN
279,16,0,0.00037688399993385246,97,A06,cross-subject,AdaBN
280,16,1,0.0003809719999026129,97,A06,cross-subject,AdaBN
281,16,0,0.00039227499996741244,97,A06,cross-subject,AdaBN
282,16,1,0.00037655000005543116,97,A06,cross-subject,AdaBN
283,16,0,0.00037300899998626846,97,A06,cross-subject,AdaBN
284,16,0,0.00043509400006769283,97,A06,cross-subject,AdaBN
285,16,1,0.00047160000008261704,97,A06,cross-subject,AdaBN
286,16,0,0.00037130999999135383,97,A06,cross-subject,AdaBN
287,16,0,0.0004006460001164669,97,A06,cross-subject,AdaBN
0,1,0,0.0016092050000224845,97,A07,cross-subject,AdaBN
1,2,1,0.0010079030000724742,97,A07,cross-subject,AdaBN
2,3,1,0.0009282440000788483,97,A07,cross-subject,AdaBN
3,4,1,0.0009016609999434877,97,A07,cross-subject,AdaBN
4,5,1,0.000908599000013055,97,A07,cross-subject,AdaBN
5,6,1,0.0009467209999911574,97,A07,cross-subject,AdaBN
6,7,1,0.0009597929999927146,97,A07,cross-subject,AdaBN
7,8,0,0.0009417759999905684,97,A07,cross-subject,AdaBN
8,9,1,0.000929339999856893,97,A07,cross-subject,AdaBN
9,10,0,0.0009257670001261431,97,A07,cross-subject,AdaBN
10,11,0,0.0009090169999126374,97,A07,cross-subject,AdaBN
11,12,0,0.0008171659999334224,97,A07,cross-subject,AdaBN
12,13,0,0.0007931979998829775,97,A07,cross-subject,AdaBN
13,14,0,0.0007706600001711195,97,A07,cross-subject,AdaBN
14,15,1,0.0007465710000360559,97,A07,cross-subject,AdaBN
15,16,0,0.0007609990000219113,97,A07,cross-subject,AdaBN
16,16,1,0.0007369580000613496,97,A07,cross-subject,AdaBN
17,16,0,0.0007568620001165982,97,A07,cross-subject,AdaBN
18,16,0,0.000756182000031913,97,A07,cross-subject,AdaBN
19,16,0,0.0007623290000537963,97,A07,cross-subject,AdaBN
20,16,1,0.0007558070001323358,97,A07,cross-subject,AdaBN
21,16,1,0.0007706040000812209,97,A07,cross-subject,AdaBN
22,16,0,0.00073726000005081,97,A07,cross-subject,AdaBN
23,16,1,0.00048808600013217074,97,A07,cross-subject,AdaBN
24,16,0,0.0007257060001393256,97,A07,cross-subject,AdaBN
25,16,0,0.0005338660000688833,97,A07,cross-subject,AdaBN
26,16,0,0.00047358400001940026,97,A07,cross-subject,AdaBN
27,16,1,0.0005085099999178055,97,A07,cross-subject,AdaBN
28,16,1,0.0004932469998948363,97,A07,cross-subject,AdaBN
29,16,1,0.0004030360000797373,97,A07,cross-subject,AdaBN
30,16,1,0.00047414300001946685,97,A07,cross-subject,AdaBN
31,16,0,0.00040089899994200096,97,A07,cross-subject,AdaBN
32,16,1,0.0004694609999660315,97,A07,cross-subject,AdaBN
33,16,1,0.0004485059998842189,97,A07,cross-subject,AdaBN
34,16,1,0.000441765999994459,97,A07,cross-subject,AdaBN
35,16,0,0.0004009120000318944,97,A07,cross-subject,AdaBN
36,16,0,0.00041661899990685924,97,A07,cross-subject,AdaBN
37,16,1,0.0004314220000196656,97,A07,cross-subject,AdaBN
38,16,1,0.0004273580000244692,97,A07,cross-subject,AdaBN
39,16,0,0.0005684309999196557,97,A07,cross-subject,AdaBN
40,16,0,0.0005001090000860131,97,A07,cross-subject,AdaBN
41,16,0,0.0005024590000175522,97,A07,cross-subject,AdaBN
42,16,0,0.0005841799998052011,97,A07,cross-subject,AdaBN
43,16,0,0.000544500000160042,97,A07,cross-subject,AdaBN
44,16,1,0.0005088759999125614,97,A07,cross-subject,AdaBN
45,16,1,0.00043492700001479534,97,A07,cross-subject,AdaBN
46,16,0,0.00045992800005478784,97,A07,cross-subject,AdaBN
47,16,0,0.0003816210000877618,97,A07,cross-subject,AdaBN
48,16,0,0.00047342699986074877,97,A07,cross-subject,AdaBN
49,16,0,0.0005378329999530251,97,A07,cross-subject,AdaBN
50,16,1,0.000460553000038999,97,A07,cross-subject,AdaBN
51,16,1,0.0004950019999796496,97,A07,cross-subject,AdaBN
52,16,0,0.00045179500011727214,97,A07,cross-subject,AdaBN
53,16,0,0.0004840100000365055,97,A07,cross-subject,AdaBN
54,16,0,0.00038861300004100485,97,A07,cross-subject,AdaBN
55,16,0,0.00039814399997339933,97,A07,cross-subject,AdaBN
56,16,1,0.00044420700010050496,97,A07,cross-subject,AdaBN
57,16,0,0.0003790030000345723,97,A07,cross-subject,AdaBN
58,16,0,0.0004236680001667992,97,A07,cross-subject,AdaBN
59,16,1,0.0003886089998559328,97,A07,cross-subject,AdaBN
60,16,1,0.0004747349998979189,97,A07,cross-subject,AdaBN
61,16,1,0.0006590590000996599,97,A07,cross-subject,AdaBN
62,16,1,0.000752312000031452,97,A07,cross-subject,AdaBN
63,16,1,0.0006052859998817439,97,A07,cross-subject,AdaBN
64,16,0,0.000541999000006399,97,A07,cross-subject,AdaBN
65,16,0,0.00047635300006731995,97,A07,cross-subject,AdaBN
66,16,1,0.00036892399998578185,97,A07,cross-subject,AdaBN
67,16,0,0.00040870999987419054,97,A07,cross-subject,AdaBN
68,16,1,0.0003882500000145228,97,A07,cross-subject,AdaBN
69,16,1,0.00037726699997620017,97,A07,cross-subject,AdaBN
70,16,0,0.00043564499992498895,97,A07,cross-subject,AdaBN
71,16,0,0.00039537299994663044,97,A07,cross-subject,AdaBN
72,16,1,0.00045277700019141776,97,A07,cross-subject,AdaBN
73,16,0,0.00047901599987199006,97,A07,cross-subject,AdaBN
74,16,0,0.0003888539999934437,97,A07,cross-subject,AdaBN
75,16,1,0.000881145999983346,97,A07,cross-subject,AdaBN
76,16,1,0.0005229299999882642,97,A07,cross-subject,AdaBN
77,16,1,0.0005155799999556621,97,A07,cross-subject,AdaBN
78,16,0,0.0005418289999852277,97,A07,cross-subject,AdaBN
79,16,0,0.0005862570001227141,97,A07,cross-subject,AdaBN
80,16,1,0.0005944120000549447,97,A07,cross-subject,AdaBN
81,16,0,0.0006025570000929292,97,A07,cross-subject,AdaBN
82,16,0,0.0006511050000881369,97,A07,cross-subject,AdaBN
83,16,1,0.000682089000065389,97,A07,cross-subject,AdaBN
84,16,0,0.000698750000083237,97,A07,cross-subject,AdaBN
85,16,0,0.0007285970000339148,97,A07,cross-subject,AdaBN
86,16,1,0.0008023059999686666,97,A07,cross-subject,AdaBN
87,16,1,0.0008246390000294923,97,A07,cross-subject,AdaBN
88,16,0,0.0009025819999806117,97,A07,cross-subject,AdaBN
89,16,1,0.000873862999924313,97,A07,cross-subject,AdaBN
90,16,1,0.0008647550000659976,97,A07,cross-subject,AdaBN
91,16,0,0.000900291000107245,97,A07,cross-subject,AdaBN
92,16,1,0.0009327410000423697,97,A07,cross-subject,AdaBN
93,16,1,0.0010235700001430814,97,A07,cross-subject,AdaBN
94,16,0,0.0010734879999745317,97,A07,cross-subject,AdaBN
95,16,0,0.0010008570000081818,97,A07,cross-subject,AdaBN
96,16,0,0.0010079080000195972,97,A07,cross-subject,AdaBN
97,16,0,0.000954079999928581,97,A07,cross-subject,AdaBN
98,16,0,0.0009434220000912319,97,A07,cross-subject,AdaBN
99,16,1,0.0009225810001680657,97,A07,cross-subject,AdaBN
100,16,0,0.0009040400000230875,97,A07,cross-subject,AdaBN
101,16,0,0.0008653639999920415,97,A07,cross-subject,AdaBN
102,16,0,0.0008245930000612134,97,A07,cross-subject,AdaBN
103,16,0,0.0008325999999669875,97,A07,cross-subject,AdaBN
104,16,1,0.0008058050000272488,97,A07,cross-subject,AdaBN
105,16,1,0.0007679920001919527,97,A07,cross-subject,AdaBN
106,16,0,0.0007593819998419349,97,A07,cross-subject,AdaBN
107,16,0,0.0007675259998904949,97,A07,cross-subject,AdaBN
108,16,1,0.0007279509998170397,97,A07,cross-subject,AdaBN
109,16,1,0.0007029599998986669,97,A07,cross-subject,AdaBN
110,16,0,0.0006895520000398392,97,A07,cross-subject,AdaBN
111,16,0,0.0007082740000896592,97,A07,cross-subject,AdaBN
112,16,0,0.0006670239999948535,97,A07,cross-subject,AdaBN
113,16,0,0.0006508049998501519,97,A07,cross-subject,AdaBN
114,16,1,0.0006274319998738065,97,A07,cross-subject,AdaBN
115,16,0,0.0006127209999249317,97,A07,cross-subject,AdaBN
116,16,0,0.0006129299999884097,97,A07,cross-subject,AdaBN
117,16,0,0.0005867029999535589,97,A07,cross-subject,AdaBN
118,16,0,0.0005768040000475594,97,A07,cross-subject,AdaBN
119,16,1,0.0005708270000468474,97,A07,cross-subject,AdaBN
120,16,1,0.000535747999947489,97,A07,cross-subject,AdaBN
121,16,1,0.0005456499998217623,97,A07,cross-subject,AdaBN
122,16,0,0.0005458660000385862,97,A07,cross-subject,AdaBN
123,16,1,0.0005143270000189659,97,A07,cross-subject,AdaBN
124,16,0,0.0005310369999733666,97,A07,cross-subject,AdaBN
125,16,0,0.0005023440000968549,97,A07,cross-subject,AdaBN
126,16,0,0.0004720020001514058,97,A07,cross-subject,AdaBN
127,16,0,0.0005054889998064027,97,A07,cross-subject,AdaBN
128,16,0,0.00046839400010867394,97,A07,cross-subject,AdaBN
129,16,0,0.00045721199990111927,97,A07,cross-subject,AdaBN
130,16,1,0.0004818719999093446,97,A07,cross-subject,AdaBN
131,16,0,0.00041407000003346184,97,A07,cross-subject,AdaBN
132,16,0,0.00045766500011268363,97,A07,cross-subject,AdaBN
133,16,1,0.00044809099995291035,97,A07,cross-subject,AdaBN
134,16,1,0.00039807400003155635,97,A07,cross-subject,AdaBN
135,16,0,0.00045185899989519385,97,A07,cross-subject,AdaBN
136,16,0,0.00036825500001214095,97,A07,cross-subject,AdaBN
137,16,0,0.00039973100001589046,97,A07,cross-subject,AdaBN
138,16,1,0.0004124800000226969,97,A07,cross-subject,AdaBN
139,16,1,0.00035875799994755653,97,A07,cross-subject,AdaBN
140,16,0,0.0004686069999024767,97,A07,cross-subject,AdaBN
141,16,0,0.0004947639999954845,97,A07,cross-subject,AdaBN
142,16,1,0.0004565310000543832,97,A07,cross-subject,AdaBN
143,16,0,0.0004589550001128373,97,A07,cross-subject,AdaBN
144,16,0,0.00040655299994796223,97,A07,cross-subject,AdaBN
145,16,0,0.00040245300010610663,97,A07,cross-subject,AdaBN
146,16,1,0.0003986219999205787,97,A07,cross-subject,AdaBN
147,16,0,0.0004176320001079148,97,A07,cross-subject,AdaBN
148,16,0,0.00045975100010764436,97,A07,cross-subject,AdaBN
149,16,0,0.000386642999956166,97,A07,cross-subject,AdaBN
150,16,0,0.0004274779998922895,97,A07,cross-subject,AdaBN
151,16,1,0.00040439199983666185,97,A07,cross-subject,AdaBN
152,16,0,0.0003754189999654045,97,A07,cross-subject,AdaBN
153,16,1,0.0004373449999093282,97,A07,cross-subject,AdaBN
154,16,0,0.00041284200005975435,97,A07,cross-subject,AdaBN
155,16,0,0.0004509359998792206,97,A07,cross-subject,AdaBN
156,16,0,0.0004177009998329595,97,A07,cross-subject,AdaBN
157,16,1,0.0004007679999631364,97,A07,cross-subject,AdaBN
158,16,0,0.00043366299996705493,97,A07,cross-subject,AdaBN
159,16,0,0.000367292999953861,97,A07,cross-subject,AdaBN
160,16,1,0.0003770920000079059,97,A07,cross-subject,AdaBN
161,16,0,0.0004015780000372615,97,A07,cross-subject,AdaBN
162,16,0,0.00037621899991790997,97,A07,cross-subject,AdaBN
163,16,1,0.00042639299999791547,97,A07,cross-subject,AdaBN
164,16,0,0.0003677680001601402,97,A07,cross-subject,AdaBN
165,16,1,0.00037881599996580917,97,A07,cross-subject,AdaBN
166,16,0,0.0003823389999979554,97,A07,cross-subject,AdaBN
167,16,0,0.0004221639999286708,97,A07,cross-subject,AdaBN
168,16,0,0.0004339679999247892,97,A07,cross-subject,AdaBN
169,16,1,0.00040087800016408437,97,A07,cross-subject,AdaBN
170,16,1,0.00041416800013394095,97,A07,cross-subject,AdaBN
171,16,0,0.0004102709999642684,97,A07,cross-subject,AdaBN
172,16,0,0.0003677720001178386,97,A07,cross-subject,AdaBN
173,16,1,0.0004234900000028574,97,A07,cross-subject,AdaBN
174,16,1,0.00039359100014735304,97,A07,cross-subject,AdaBN
175,16,0,0.00036660299997492984,97,A07,cross-subject,AdaBN
176,16,0,0.00040211200007433945,97,A07,cross-subject,AdaBN
177,16,1,0.0003852739998819743,97,A07,cross-subject,AdaBN
178,16,1,0.0004536470000857662,97,A07,cross-subject,AdaBN
179,16,0,0.00043785299999399285,97,A07,cross-subject,AdaBN
180,16,0,0.00041457499992247904,97,A07,cross-subject,AdaBN
181,16,1,0.0004365639999832638,97,A07,cross-subject,AdaBN
182,16,1,0.00036575900003299466,97,A07,cross-subject,AdaBN
183,16,1,0.00043459599987727415,97,A07,cross-subject,AdaBN
184,16,0,0.0003865240000777703,97,A07,cross-subject,AdaBN
185,16,1,0.00036848500008090923,97,A07,cross-subject,AdaBN
186,16,0,0.00043148200006726256,97,A07,cross-subject,AdaBN
187,16,0,0.00037440999994942104,97,A07,cross-subject,AdaBN
188,16,0,0.00041451499987488205,97,A07,cross-subject,AdaBN
189,16,1,0.00047624700005144405,97,A07,cross-subject,AdaBN
190,16,0,0.00043264400005682546,97,A07,cross-subject,AdaBN
191,16,0,0.00043485400010467856,97,A07,cross-subject,AdaBN
192,16,0,0.00037369399979070295,97,A07,cross-subject,AdaBN
193,16,0,0.00037480499986486393,97,A07,cross-subject,AdaBN
194,16,0,0.0003651960000752297,97,A07,cross-subject,AdaBN
195,16,1,0.00037483300002350006,97,A07,cross-subject,AdaBN
196,16,0,0.00037705599993387295,97,A07,cross-subject,AdaBN
197,16,0,0.00036677999992207333,97,A07,cross-subject,AdaBN
198,16,0,0.0003724969999439054,97,A07,cross-subject,AdaBN
199,16,0,0.00041643100007604517,97,A07,cross-subject,AdaBN
200,16,1,0.0004295660000934731,97,A07,cross-subject,AdaBN
201,16,0,0.0003745989999970334,97,A07,cross-subject,AdaBN
202,16,0,0.0003674549998322618,97,A07,cross-subject,AdaBN
203,16,0,0.00036017599995830096,97,A07,cross-subject,AdaBN
204,16,1,0.0003662359999907494,97,A07,cross-subject,AdaBN
205,16,0,0.0003718719999596942,97,A07,cross-subject,AdaBN
206,16,0,0.00036726600001202314,97,A07,cross-subject,AdaBN
207,16,1,0.00037036100002296735,97,A07,cross-subject,AdaBN
208,16,1,0.00036819600018134224,97,A07,cross-subject,AdaBN
209,16,1,0.0003692759999012196,97,A07,cross-subject,AdaBN
210,16,0,0.000369000999853597,97,A07,cross-subject,AdaBN
211,16,0,0.00039685199999439646,97,A07,cross-subject,AdaBN
212,16,1,0.00043100899983983254,97,A07,cross-subject,AdaBN
213,16,1,0.00040638399991621554,97,A07,cross-subject,AdaBN
214,16,1,0.00037329800011320913,97,A07,cross-subject,AdaBN
215,16,0,0.0003963429999203072,97,A07,cross-subject,AdaBN
216,16,1,0.00037954999993417005,97,A07,cross-subject,AdaBN
217,16,0,0.00036757700013367867,97,A07,cross-subject,AdaBN
218,16,1,0.00040538799999012554,97,A07,cross-subject,AdaBN
219,16,0,0.0003642530000433908,97,A07,cross-subject,AdaBN
220,16,0,0.0003720940001130657,97,A07,cross-subject,AdaBN
221,16,1,0.00043691599989870156,97,A07,cross-subject,AdaBN
222,16,1,0.00044687200011139794,97,A07,cross-subject,AdaBN
223,16,1,0.0003838160000668722,97,A07,cross-subject,AdaBN
224,16,1,0.0004186630001186131,97,A07,cross-subject,AdaBN
225,16,0,0.0004056830000536138,97,A07,cross-subject,AdaBN
226,16,0,0.0003743570000551699,97,A07,cross-subject,AdaBN
227,16,1,0.0004046730000482057,97,A07,cross-subject,AdaBN
228,16,1,0.00036655000008067873,97,A07,cross-subject,AdaBN
229,16,0,0.00039513599995188997,97,A07,cross-subject,AdaBN
230,16,0,0.00038337599994520133,97,A07,cross-subject,AdaBN
231,16,1,0.00036404800016498484,97,A07,cross-subject,AdaBN
232,16,1,0.0004513310000220372,97,A07,cross-subject,AdaBN
233,16,0,0.0004254310001670092,97,A07,cross-subject,AdaBN
234,16,0,0.0003659610001705005,97,A07,cross-subject,AdaBN
235,16,0,0.00039603200002602534,97,A07,cross-subject,AdaBN
236,16,1,0.0003682859999116772,97,A07,cross-subject,AdaBN
237,16,0,0.0003725400001712842,97,A07,cross-subject,AdaBN
238,16,0,0.0003672469999855821,97,A07,cross-subject,AdaBN
239,16,1,0.000382056000034936,97,A07,cross-subject,AdaBN
240,16,0,0.0003728789999968285,97,A07,cross-subject,AdaBN
241,16,1,0.0003701600001022598,97,A07,cross-subject,AdaBN
242,16,0,0.0004099949999272212,97,A07,cross-subject,AdaBN
243,16,1,0.0004075019999163487,97,A07,cross-subject,AdaBN
244,16,0,0.0004071170001225255,97,A07,cross-subject,AdaBN
245,16,0,0.0003748619999441871,97,A07,cross-subject,AdaBN
246,16,1,0.0003629909999744996,97,A07,cross-subject,AdaBN
247,16,0,0.00037947700002405327,97,A07,cross-subject,AdaBN
248,16,0,0.0004058560000430589,97,A07,cross-subject,AdaBN
249,16,0,0.00038452600006166904,97,A07,cross-subject,AdaBN
250,16,0,0.00039365399993585015,97,A07,cross-subject,AdaBN
251,16,1,0.00039027899993016035,97,A07,cross-subject,AdaBN
252,16,1,0.00037158500003897643,97,A07,cross-subject,AdaBN
253,16,0,0.00039895899999464746,97,A07,cross-subject,AdaBN
254,16,0,0.0004420160000790929,97,A07,cross-subject,AdaBN
255,16,0,0.00039840799990997766,97,A07,cross-subject,AdaBN
256,16,0,0.0004137030000492814,97,A07,cross-subject,AdaBN
257,16,1,0.0003696799999488576,97,A07,cross-subject,AdaBN
258,16,0,0.00037406499995995546,97,A07,cross-subject,AdaBN
259,16,0,0.0003855440002098476,97,A07,cross-subject,AdaBN
260,16,1,0.0003670129999591154,97,A07,cross-subject,AdaBN
261,16,0,0.0003669449999961216,97,A07,cross-subject,AdaBN
262,16,0,0.0003820719998657296,97,A07,cross-subject,AdaBN
263,16,0,0.00037142799988032493,97,A07,cross-subject,AdaBN
264,16,0,0.0004694259998814232,97,A07,cross-subject,AdaBN
265,16,1,0.0003939030000310595,97,A07,cross-subject,AdaBN
266,16,0,0.0003655799998796283,97,A07,cross-subject,AdaBN
267,16,0,0.00036559399995894637,97,A07,cross-subject,AdaBN
268,16,0,0.00037007000014455116,97,A07,cross-subject,AdaBN
269,16,0,0.00036897000018143444,97,A07,cross-subject,AdaBN
270,16,0,0.0003629880000062258,97,A07,cross-subject,AdaBN
271,16,1,0.000368339000033302,97,A07,cross-subject,AdaBN
272,16,0,0.00036566899984791235,97,A07,cross-subject,AdaBN
273,16,1,0.00037911100002929743,97,A07,cross-subject,AdaBN
274,16,0,0.0004637050001292664,97,A07,cross-subject,AdaBN
275,16,0,0.00037992400007169636,97,A07,cross-subject,AdaBN
276,16,0,0.00036770299993804656,97,A07,cross-subject,AdaBN
277,16,0,0.00038795099999333615,97,A07,cross-subject,AdaBN
278,16,1,0.0003850970001622045,97,A07,cross-subject,AdaBN
279,16,0,0.0003882540001995949,97,A07,cross-subject,AdaBN
280,16,0,0.00036250499988454976,97,A07,cross-subject,AdaBN
281,16,1,0.00037394700007098436,97,A07,cross-subject,AdaBN
282,16,1,0.00036509799997475056,97,A07,cross-subject,AdaBN
283,16,0,0.00036642600002778636,97,A07,cross-subject,AdaBN
284,16,0,0.0004787059999671328,97,A07,cross-subject,AdaBN
285,16,0,0.00043851000009453855,97,A07,cross-subject,AdaBN
286,16,0,0.0003837770000245655,97,A07,cross-subject,AdaBN
287,16,1,0.0004046230001222284,97,A07,cross-subject,AdaBN
0,1,1,0.001556399000037345,97,A08,cross-subject,AdaBN
1,2,1,0.0010626780001530278,97,A08,cross-subject,AdaBN
2,3,1,0.0013397239999903832,97,A08,cross-subject,AdaBN
3,4,0,0.0011011919998509256,97,A08,cross-subject,AdaBN
4,5,1,0.0009167709999928775,97,A08,cross-subject,AdaBN
5,6,0,0.0008748939999350114,97,A08,cross-subject,AdaBN
6,7,1,0.0008745180000460095,97,A08,cross-subject,AdaBN
7,8,0,0.0009259369999199407,97,A08,cross-subject,AdaBN
8,9,1,0.0009330789998784894,97,A08,cross-subject,AdaBN
9,10,1,0.0009233400000994152,97,A08,cross-subject,AdaBN
10,11,0,0.0008643589999337564,97,A08,cross-subject,AdaBN
11,12,1,0.0007777440000609204,97,A08,cross-subject,AdaBN
12,13,1,0.0007721480001237069,97,A08,cross-subject,AdaBN
13,14,1,0.0007916979998299212,97,A08,cross-subject,AdaBN
14,15,1,0.0007762549998915347,97,A08,cross-subject,AdaBN
15,16,1,0.000765572000091197,97,A08,cross-subject,AdaBN
16,16,0,0.0008276479998130526,97,A08,cross-subject,AdaBN
17,16,1,0.0008092290001968649,97,A08,cross-subject,AdaBN
18,16,1,0.0007707340000706608,97,A08,cross-subject,AdaBN
19,16,1,0.0008061380001436191,97,A08,cross-subject,AdaBN
20,16,0,0.0008133250000810222,97,A08,cross-subject,AdaBN
21,16,1,0.0007937749999200605,97,A08,cross-subject,AdaBN
22,16,1,0.0006328029999167484,97,A08,cross-subject,AdaBN
23,16,1,0.0004925900000216643,97,A08,cross-subject,AdaBN
24,16,0,0.0006352770001285535,97,A08,cross-subject,AdaBN
25,16,1,0.0006393920000391518,97,A08,cross-subject,AdaBN
26,16,1,0.0004723520000879944,97,A08,cross-subject,AdaBN
27,16,0,0.0004971829998794419,97,A08,cross-subject,AdaBN
28,16,1,0.0004338280000411032,97,A08,cross-subject,AdaBN
29,16,1,0.0004628270000921475,97,A08,cross-subject,AdaBN
30,16,1,0.00043923599992012896,97,A08,cross-subject,AdaBN
31,16,1,0.0005709330000627233,97,A08,cross-subject,AdaBN
32,16,1,0.0006339390001812717,97,A08,cross-subject,AdaBN
33,16,1,0.0005335200000899931,97,A08,cross-subject,AdaBN
34,16,1,0.0005892020001283527,97,A08,cross-subject,AdaBN
35,16,0,0.0006299530000433151,97,A08,cross-subject,AdaBN
36,16,1,0.000521095000067362,97,A08,cross-subject,AdaBN
37,16,0,0.0005275349999465107,97,A08,cross-subject,AdaBN
38,16,1,0.0005555370000820403,97,A08,cross-subject,AdaBN
39,16,0,0.0005374039999423985,97,A08,cross-subject,AdaBN
40,16,1,0.0006107540000357403,97,A08,cross-subject,AdaBN
41,16,0,0.0006319999999959691,97,A08,cross-subject,AdaBN
42,16,1,0.0006484859998181491,97,A08,cross-subject,AdaBN
43,16,0,0.000676735000070039,97,A08,cross-subject,AdaBN
44,16,1,0.0007192630000645295,97,A08,cross-subject,AdaBN
45,16,0,0.000778974000013477,97,A08,cross-subject,AdaBN
46,16,1,0.0007941110000047047,97,A08,cross-subject,AdaBN
47,16,0,0.0008515719998740678,97,A08,cross-subject,AdaBN
48,16,0,0.0009520969999812223,97,A08,cross-subject,AdaBN
49,16,0,0.0009602220000033412,97,A08,cross-subject,AdaBN
50,16,1,0.0009785299998839037,97,A08,cross-subject,AdaBN
51,16,1,0.0009383589999742981,97,A08,cross-subject,AdaBN
52,16,1,0.0008891640000001644,97,A08,cross-subject,AdaBN
53,16,1,0.0009494270000232063,97,A08,cross-subject,AdaBN
54,16,0,0.0008822059999147314,97,A08,cross-subject,AdaBN
55,16,0,0.0008453220000319561,97,A08,cross-subject,AdaBN
56,16,0,0.0008327870000357507,97,A08,cross-subject,AdaBN
57,16,0,0.0007780919997912861,97,A08,cross-subject,AdaBN
58,16,1,0.0007709120000072289,97,A08,cross-subject,AdaBN
59,16,0,0.000756530999979077,97,A08,cross-subject,AdaBN
60,16,1,0.000722068999948533,97,A08,cross-subject,AdaBN
61,16,1,0.0007384939999610651,97,A08,cross-subject,AdaBN
62,16,0,0.0010266760000376962,97,A08,cross-subject,AdaBN
63,16,1,0.000755135999952472,97,A08,cross-subject,AdaBN
64,16,1,0.0006819909999649099,97,A08,cross-subject,AdaBN
65,16,1,0.000695517000167456,97,A08,cross-subject,AdaBN
66,16,0,0.0007331560000238824,97,A08,cross-subject,AdaBN
67,16,0,0.0008050120000007155,97,A08,cross-subject,AdaBN
68,16,1,0.0008489479998843308,97,A08,cross-subject,AdaBN
69,16,1,0.0008907199999157456,97,A08,cross-subject,AdaBN
70,16,0,0.0009682089998932497,97,A08,cross-subject,AdaBN
71,16,0,0.0010249629999634635,97,A08,cross-subject,AdaBN
72,16,1,0.001066805000164095,97,A08,cross-subject,AdaBN
73,16,1,0.0011609759999373637,97,A08,cross-subject,AdaBN
74,16,1,0.0012382759998672555,97,A08,cross-subject,AdaBN
75,16,1,0.001185611999972025,97,A08,cross-subject,AdaBN
76,16,0,0.0011624090000168508,97,A08,cross-subject,AdaBN
77,16,0,0.0011355280000771018,97,A08,cross-subject,AdaBN
78,16,1,0.001115148000053523,97,A08,cross-subject,AdaBN
79,16,0,0.001070047999974122,97,A08,cross-subject,AdaBN
80,16,1,0.001031451000017114,97,A08,cross-subject,AdaBN
81,16,0,0.0009995509999498609,97,A08,cross-subject,AdaBN
82,16,1,0.0009933020000971737,97,A08,cross-subject,AdaBN
83,16,0,0.000971875999994154,97,A08,cross-subject,AdaBN
84,16,0,0.000905616000181908,97,A08,cross-subject,AdaBN
85,16,1,0.0008951450001859484,97,A08,cross-subject,AdaBN
86,16,1,0.0008624960000815918,97,A08,cross-subject,AdaBN
87,16,0,0.000832519000141474,97,A08,cross-subject,AdaBN
88,16,1,0.0008513919999586506,97,A08,cross-subject,AdaBN
89,16,1,0.000799072000063461,97,A08,cross-subject,AdaBN
90,16,1,0.0007649730000593991,97,A08,cross-subject,AdaBN
91,16,0,0.0007728470000074594,97,A08,cross-subject,AdaBN
92,16,1,0.0007501090001369448,97,A08,cross-subject,AdaBN
93,16,1,0.0007060140001158288,97,A08,cross-subject,AdaBN
94,16,0,0.0007005319998825144,97,A08,cross-subject,AdaBN
95,16,0,0.0006828580001183582,97,A08,cross-subject,AdaBN
96,16,1,0.0006558430000040971,97,A08,cross-subject,AdaBN
97,16,1,0.0006590729999516043,97,A08,cross-subject,AdaBN
98,16,1,0.0006543389999933424,97,A08,cross-subject,AdaBN
99,16,1,0.0005966160001662502,97,A08,cross-subject,AdaBN
100,16,1,0.0005937420000918792,97,A08,cross-subject,AdaBN
101,16,0,0.0006002459999763232,97,A08,cross-subject,AdaBN
102,16,1,0.0005731860001105815,97,A08,cross-subject,AdaBN
103,16,0,0.0005570170001192309,97,A08,cross-subject,AdaBN
104,16,1,0.0005526340000869823,97,A08,cross-subject,AdaBN
105,16,1,0.0005430799999430747,97,A08,cross-subject,AdaBN
106,16,0,0.0005165290001514222,97,A08,cross-subject,AdaBN
107,16,0,0.00052755500018975,97,A08,cross-subject,AdaBN
108,16,0,0.0005011709999962477,97,A08,cross-subject,AdaBN
109,16,1,0.0004943669998738187,97,A08,cross-subject,AdaBN
110,16,0,0.00047691199984001287,97,A08,cross-subject,AdaBN
111,16,1,0.00047353200011457375,97,A08,cross-subject,AdaBN
112,16,1,0.00044780600001104176,97,A08,cross-subject,AdaBN
113,16,1,0.000469190000103481,97,A08,cross-subject,AdaBN
114,16,1,0.00043957299999419774,97,A08,cross-subject,AdaBN
115,16,0,0.00042236099989167997,97,A08,cross-subject,AdaBN
116,16,1,0.00042574700000841403,97,A08,cross-subject,AdaBN
117,16,1,0.00039969399995243293,97,A08,cross-subject,AdaBN
118,16,0,0.0004102109999166714,97,A08,cross-subject,AdaBN
119,16,0,0.000372817000197756,97,A08,cross-subject,AdaBN
120,16,1,0.00039712799980407,97,A08,cross-subject,AdaBN
121,16,1,0.0003672249999908672,97,A08,cross-subject,AdaBN
122,16,0,0.00036489599983724474,97,A08,cross-subject,AdaBN
123,16,1,0.0004213499998968473,97,A08,cross-subject,AdaBN
124,16,0,0.00042160199996033043,97,A08,cross-subject,AdaBN
125,16,1,0.000439170999925409,97,A08,cross-subject,AdaBN
126,16,1,0.0004013819998363033,97,A08,cross-subject,AdaBN
127,16,1,0.00041345100021317194,97,A08,cross-subject,AdaBN
128,16,0,0.00039244100003088533,97,A08,cross-subject,AdaBN
129,16,0,0.00038185600010365306,97,A08,cross-subject,AdaBN
130,16,0,0.00037286599990693503,97,A08,cross-subject,AdaBN
131,16,0,0.00037206599995442957,97,A08,cross-subject,AdaBN
132,16,1,0.00039740400006849086,97,A08,cross-subject,AdaBN
133,16,1,0.00039155600006779423,97,A08,cross-subject,AdaBN
134,16,1,0.000400499999841486,97,A08,cross-subject,AdaBN
135,16,1,0.0003683509999063972,97,A08,cross-subject,AdaBN
136,16,1,0.0004171479999968142,97,A08,cross-subject,AdaBN
137,16,0,0.00046024800008126476,97,A08,cross-subject,AdaBN
138,16,1,0.0004172709998329083,97,A08,cross-subject,AdaBN
139,16,0,0.00041191300010723353,97,A08,cross-subject,AdaBN
140,16,1,0.00036354200005916937,97,A08,cross-subject,AdaBN
141,16,0,0.00040769700012788235,97,A08,cross-subject,AdaBN
142,16,1,0.0003693959999964136,97,A08,cross-subject,AdaBN
143,16,1,0.000385911000194028,97,A08,cross-subject,AdaBN
144,16,1,0.0003601979999530158,97,A08,cross-subject,AdaBN
145,16,1,0.00037174399994910345,97,A08,cross-subject,AdaBN
146,16,0,0.00037528999996538914,97,A08,cross-subject,AdaBN
147,16,1,0.0003826770000614488,97,A08,cross-subject,AdaBN
148,16,1,0.00045130600005904853,97,A08,cross-subject,AdaBN
149,16,0,0.00043570699995143514,97,A08,cross-subject,AdaBN
150,16,1,0.0004431400000157737,97,A08,cross-subject,AdaBN
151,16,1,0.00043089899986625824,97,A08,cross-subject,AdaBN
152,16,1,0.0004047519998948701,97,A08,cross-subject,AdaBN
153,16,1,0.00036804199999096454,97,A08,cross-subject,AdaBN
154,16,1,0.0004183500000181084,97,A08,cross-subject,AdaBN
155,16,0,0.00039205500002026383,97,A08,cross-subject,AdaBN
156,16,0,0.00039818799996282905,97,A08,cross-subject,AdaBN
157,16,1,0.0004180449998330005,97,A08,cross-subject,AdaBN
158,16,1,0.0003679669998746249,97,A08,cross-subject,AdaBN
159,16,0,0.00045350000004873436,97,A08,cross-subject,AdaBN
160,16,0,0.00038624200010417553,97,A08,cross-subject,AdaBN
161,16,0,0.00043575100016823853,97,A08,cross-subject,AdaBN
162,16,1,0.00044594399992092804,97,A08,cross-subject,AdaBN
163,16,1,0.00042054000005009584,97,A08,cross-subject,AdaBN
164,16,1,0.0003757009999389993,97,A08,cross-subject,AdaBN
165,16,1,0.00036691600007543457,97,A08,cross-subject,AdaBN
166,16,0,0.0004257090001829056,97,A08,cross-subject,AdaBN
167,16,0,0.000372144000039043,97,A08,cross-subject,AdaBN
168,16,1,0.0004185880000022735,97,A08,cross-subject,AdaBN
169,16,0,0.00036576299999069306,97,A08,cross-subject,AdaBN
170,16,1,0.00039723100007904577,97,A08,cross-subject,AdaBN
171,16,0,0.00039054300009411236,97,A08,cross-subject,AdaBN
172,16,1,0.00041473100009170594,97,A08,cross-subject,AdaBN
173,16,0,0.0004377079999358102,97,A08,cross-subject,AdaBN
174,16,1,0.00045218699983706756,97,A08,cross-subject,AdaBN
175,16,1,0.00046462499994959217,97,A08,cross-subject,AdaBN
176,16,1,0.00036643799990088155,97,A08,cross-subject,AdaBN
177,16,1,0.0004126520000227174,97,A08,cross-subject,AdaBN
178,16,1,0.0005059460002030391,97,A08,cross-subject,AdaBN
179,16,1,0.00038159999985509785,97,A08,cross-subject,AdaBN
180,16,1,0.0003881459999774961,97,A08,cross-subject,AdaBN
181,16,1,0.0003666949999114877,97,A08,cross-subject,AdaBN
182,16,1,0.0004017969999949855,97,A08,cross-subject,AdaBN
183,16,0,0.00037356600000748585,97,A08,cross-subject,AdaBN
184,16,1,0.0003964119998727256,97,A08,cross-subject,AdaBN
185,16,0,0.000365743999964252,97,A08,cross-subject,AdaBN
186,16,0,0.00045550599998023245,97,A08,cross-subject,AdaBN
187,16,1,0.00041980600008173496,97,A08,cross-subject,AdaBN
188,16,1,0.000439031000041723,97,A08,cross-subject,AdaBN
189,16,1,0.0004088220000539877,97,A08,cross-subject,AdaBN
190,16,1,0.0003604710000217892,97,A08,cross-subject,AdaBN
191,16,1,0.0004382580000310554,97,A08,cross-subject,AdaBN
192,16,1,0.0003793490000134625,97,A08,cross-subject,AdaBN
193,16,1,0.00038022499984435854,97,A08,cross-subject,AdaBN
194,16,1,0.00041500400016047934,97,A08,cross-subject,AdaBN
195,16,1,0.0003567479998309864,97,A08,cross-subject,AdaBN
196,16,0,0.0004467779999686172,97,A08,cross-subject,AdaBN
197,16,0,0.0004764840000461845,97,A08,cross-subject,AdaBN
198,16,1,0.00044635600011133647,97,A08,cross-subject,AdaBN
199,16,1,0.0004183689998171758,97,A08,cross-subject,AdaBN
200,16,1,0.0003905289997874206,97,A08,cross-subject,AdaBN
201,16,0,0.0003733050000391813,97,A08,cross-subject,AdaBN
202,16,0,0.0004047989998525736,97,A08,cross-subject,AdaBN
203,16,1,0.00039984100021683844,97,A08,cross-subject,AdaBN
204,16,0,0.0003616469998632965,97,A08,cross-subject,AdaBN
205,16,1,0.00039818000004743226,97,A08,cross-subject,AdaBN
206,16,0,0.00038469300011456653,97,A08,cross-subject,AdaBN
207,16,0,0.0004605100000389939,97,A08,cross-subject,AdaBN
208,16,0,0.00047579700003552716,97,A08,cross-subject,AdaBN
209,16,1,0.00045384300005935074,97,A08,cross-subject,AdaBN
210,16,1,0.00040942400005405943,97,A08,cross-subject,AdaBN
211,16,0,0.0004056120001223462,97,A08,cross-subject,AdaBN
212,16,0,0.00040449300013278844,97,A08,cross-subject,AdaBN
213,16,0,0.00039984899990486156,97,A08,cross-subject,AdaBN
214,16,1,0.0003745419999177102,97,A08,cross-subject,AdaBN
215,16,0,0.0004177539999545843,97,A08,cross-subject,AdaBN
216,16,1,0.00037156999997023377,97,A08,cross-subject,AdaBN
217,16,1,0.00037112100017111516,97,A08,cross-subject,AdaBN
218,16,0,0.00036107099981563806,97,A08,cross-subject,AdaBN
219,16,1,0.0004320259999985865,97,A08,cross-subject,AdaBN
220,16,0,0.00040426800001114316,97,A08,cross-subject,AdaBN
221,16,0,0.0004405469999255729,97,A08,cross-subject,AdaBN
222,16,0,0.00039762599999448867,97,A08,cross-subject,AdaBN
223,16,1,0.0003658609998637985,97,A08,cross-subject,AdaBN
224,16,0,0.000367906000064977,97,A08,cross-subject,AdaBN
225,16,0,0.0003770729999814648,97,A08,cross-subject,AdaBN
226,16,0,0.00038020900001356495,97,A08,cross-subject,AdaBN
227,16,1,0.00042739900004562514,97,A08,cross-subject,AdaBN
228,16,1,0.00037284199993337097,97,A08,cross-subject,AdaBN
229,16,0,0.0004505460001382744,97,A08,cross-subject,AdaBN
230,16,0,0.0004279760000827082,97,A08,cross-subject,AdaBN
231,16,1,0.00043000699997719494,97,A08,cross-subject,AdaBN
232,16,0,0.00036764900005437084,97,A08,cross-subject,AdaBN
233,16,0,0.00044592699987333617,97,A08,cross-subject,AdaBN
234,16,1,0.0003967830000419781,97,A08,cross-subject,AdaBN
235,16,1,0.0003731109998170723,97,A08,cross-subject,AdaBN
236,16,1,0.00040376000015385216,97,A08,cross-subject,AdaBN
237,16,0,0.000415960000054838,97,A08,cross-subject,AdaBN
238,16,1,0.00036523299991131353,97,A08,cross-subject,AdaBN
239,16,0,0.0005007249999380292,97,A08,cross-subject,AdaBN
240,16,1,0.0004274319999240106,97,A08,cross-subject,AdaBN
241,16,1,0.000425383999981932,97,A08,cross-subject,AdaBN
242,16,1,0.0004189470000710571,97,A08,cross-subject,AdaBN
243,16,1,0.0004067320001013286,97,A08,cross-subject,AdaBN
244,16,1,0.0004118889999062958,97,A08,cross-subject,AdaBN
245,16,1,0.0003886320000674459,97,A08,cross-subject,AdaBN
246,16,0,0.0003743239999494108,97,A08,cross-subject,AdaBN
247,16,0,0.00036244900002202485,97,A08,cross-subject,AdaBN
248,16,0,0.0003620859999955428,97,A08,cross-subject,AdaBN
249,16,1,0.00038479199997709657,97,A08,cross-subject,AdaBN
250,16,0,0.00038324799993461056,97,A08,cross-subject,AdaBN
251,16,1,0.00045804899991708226,97,A08,cross-subject,AdaBN
252,16,1,0.0004530900000645488,97,A08,cross-subject,AdaBN
253,16,1,0.0004293299998607836,97,A08,cross-subject,AdaBN
254,16,0,0.0003846639999665058,97,A08,cross-subject,AdaBN
255,16,0,0.00039065900000423426,97,A08,cross-subject,AdaBN
256,16,0,0.0003623210000114341,97,A08,cross-subject,AdaBN
257,16,1,0.00040876200000639074,97,A08,cross-subject,AdaBN
258,16,0,0.0003993979998995201,97,A08,cross-subject,AdaBN
259,16,1,0.0003692949999276607,97,A08,cross-subject,AdaBN
260,16,1,0.00036622099992200674,97,A08,cross-subject,AdaBN
261,16,0,0.0004695830000400747,97,A08,cross-subject,AdaBN
262,16,0,0.0004159279999385035,97,A08,cross-subject,AdaBN
263,16,0,0.0004352200000994344,97,A08,cross-subject,AdaBN
264,16,1,0.00044575600009011396,97,A08,cross-subject,AdaBN
265,16,1,0.0003795059999447403,97,A08,cross-subject,AdaBN
266,16,1,0.0003812270001617435,97,A08,cross-subject,AdaBN
267,16,0,0.00042832400004044757,97,A08,cross-subject,AdaBN
268,16,1,0.00036440499980017194,97,A08,cross-subject,AdaBN
269,16,1,0.00039504899996245513,97,A08,cross-subject,AdaBN
270,16,0,0.00042463799991310225,97,A08,cross-subject,AdaBN
271,16,1,0.0004070679999585991,97,A08,cross-subject,AdaBN
272,16,1,0.0004555339999114949,97,A08,cross-subject,AdaBN
273,16,0,0.0004224429999339918,97,A08,cross-subject,AdaBN
274,16,0,0.00038486099992951495,97,A08,cross-subject,AdaBN
275,16,0,0.00036394000017025974,97,A08,cross-subject,AdaBN
276,16,0,0.0003935059999093937,97,A08,cross-subject,AdaBN
277,16,0,0.0003783019999445969,97,A08,cross-subject,AdaBN
278,16,0,0.00036417100000107894,97,A08,cross-subject,AdaBN
279,16,0,0.00039189099993564014,97,A08,cross-subject,AdaBN
280,16,1,0.0004114800001389085,97,A08,cross-subject,AdaBN
281,16,1,0.0004036249999899155,97,A08,cross-subject,AdaBN
282,16,0,0.00044211400017957203,97,A08,cross-subject,AdaBN
283,16,0,0.0003736490000392223,97,A08,cross-subject,AdaBN
284,16,0,0.000371153000060076,97,A08,cross-subject,AdaBN
285,16,1,0.0003876689997923677,97,A08,cross-subject,AdaBN
286,16,1,0.000376148999976067,97,A08,cross-subject,AdaBN
287,16,0,0.000363906000075076,97,A08,cross-subject,AdaBN
0,1,1,0.001366578999977719,97,A09,cross-subject,AdaBN
1,2,0,0.0011761449998175522,97,A09,cross-subject,AdaBN
2,3,0,0.0011476150000362395,97,A09,cross-subject,AdaBN
3,4,0,0.0011377060000086203,97,A09,cross-subject,AdaBN
4,5,1,0.0018908239999291254,97,A09,cross-subject,AdaBN
5,6,1,0.0021645629999511584,97,A09,cross-subject,AdaBN
6,7,0,0.0020606860000498273,97,A09,cross-subject,AdaBN
7,8,0,0.0020266849999188707,97,A09,cross-subject,AdaBN
8,9,0,0.0019433370000569994,97,A09,cross-subject,AdaBN
9,10,1,0.0016789839999091782,97,A09,cross-subject,AdaBN
10,11,1,0.0016949690000274131,97,A09,cross-subject,AdaBN
11,12,1,0.0017293939999944996,97,A09,cross-subject,AdaBN
12,13,1,0.0016352650000044378,97,A09,cross-subject,AdaBN
13,14,0,0.001668632000018988,97,A09,cross-subject,AdaBN
14,15,1,0.0018041970001831942,97,A09,cross-subject,AdaBN
15,16,1,0.0012293249999402178,97,A09,cross-subject,AdaBN
16,16,0,0.0011801039997862972,97,A09,cross-subject,AdaBN
17,16,0,0.001162136999937502,97,A09,cross-subject,AdaBN
18,16,0,0.0014507079999930284,97,A09,cross-subject,AdaBN
19,16,1,0.0012630429998807813,97,A09,cross-subject,AdaBN
20,16,0,0.0013829760000589886,97,A09,cross-subject,AdaBN
21,16,1,0.0013461470000493136,97,A09,cross-subject,AdaBN
22,16,0,0.0007625900000221009,97,A09,cross-subject,AdaBN
23,16,0,0.0007460010001523187,97,A09,cross-subject,AdaBN
24,16,1,0.0008723790001567977,97,A09,cross-subject,AdaBN
25,16,1,0.0008246370000506431,97,A09,cross-subject,AdaBN
26,16,1,0.0008828370000628638,97,A09,cross-subject,AdaBN
27,16,1,0.0009298930001477856,97,A09,cross-subject,AdaBN
28,16,1,0.000977210999963063,97,A09,cross-subject,AdaBN
29,16,0,0.0010442029999921942,97,A09,cross-subject,AdaBN
30,16,1,0.001119102000075145,97,A09,cross-subject,AdaBN
31,16,1,0.0011239139998906467,97,A09,cross-subject,AdaBN
32,16,1,0.0016283810000459198,97,A09,cross-subject,AdaBN
33,16,1,0.0013890939999328111,97,A09,cross-subject,AdaBN
34,16,1,0.0018141880000257515,97,A09,cross-subject,AdaBN
35,16,1,0.001478659999975207,97,A09,cross-subject,AdaBN
36,16,0,0.0014579679998405481,97,A09,cross-subject,AdaBN
37,16,1,0.0015840989999560406,97,A09,cross-subject,AdaBN
38,16,0,0.0017640630001096724,97,A09,cross-subject,AdaBN
39,16,0,0.0018549569999777304,97,A09,cross-subject,AdaBN
40,16,1,0.001923052000165626,97,A09,cross-subject,AdaBN
41,16,0,0.0022906920000878017,97,A09,cross-subject,AdaBN
42,16,1,0.0023955030001161504,97,A09,cross-subject,AdaBN
43,16,0,0.0026563599999462895,97,A09,cross-subject,AdaBN
44,16,1,0.00240225300012753,97,A09,cross-subject,AdaBN
45,16,1,0.0023704540001290297,97,A09,cross-subject,AdaBN
46,16,1,0.002484711000079187,97,A09,cross-subject,AdaBN
47,16,0,0.0024592170000232727,97,A09,cross-subject,AdaBN
48,16,0,0.002360953000106747,97,A09,cross-subject,AdaBN
49,16,1,0.0022659840001324483,97,A09,cross-subject,AdaBN
50,16,1,0.0021046969998224085,97,A09,cross-subject,AdaBN
51,16,0,0.0019643660000383534,97,A09,cross-subject,AdaBN
52,16,1,0.0018640670000422688,97,A09,cross-subject,AdaBN
53,16,1,0.0017731279999679828,97,A09,cross-subject,AdaBN
54,16,1,0.0016268529998342274,97,A09,cross-subject,AdaBN
55,16,1,0.0015806529997917096,97,A09,cross-subject,AdaBN
56,16,0,0.001482549000002109,97,A09,cross-subject,AdaBN
57,16,1,0.001330791000100362,97,A09,cross-subject,AdaBN
58,16,0,0.0012877740000476479,97,A09,cross-subject,AdaBN
59,16,1,0.001221534000023894,97,A09,cross-subject,AdaBN
60,16,1,0.001207198999964021,97,A09,cross-subject,AdaBN
61,16,1,0.0010921820000930893,97,A09,cross-subject,AdaBN
62,16,0,0.0010271680000641936,97,A09,cross-subject,AdaBN
63,16,1,0.0009733879999203054,97,A09,cross-subject,AdaBN
64,16,1,0.0009598980000191659,97,A09,cross-subject,AdaBN
65,16,0,0.0009068709998700797,97,A09,cross-subject,AdaBN
66,16,1,0.0008368250000785338,97,A09,cross-subject,AdaBN
67,16,1,0.0007994509999207366,97,A09,cross-subject,AdaBN
68,16,1,0.0007830230001673044,97,A09,cross-subject,AdaBN
69,16,0,0.0007582570001432032,97,A09,cross-subject,AdaBN
70,16,1,0.0007244360001550376,97,A09,cross-subject,AdaBN
71,16,1,0.0006936749998658343,97,A09,cross-subject,AdaBN
72,16,0,0.0006357749998642248,97,A09,cross-subject,AdaBN
73,16,0,0.0006328849999590602,97,A09,cross-subject,AdaBN
74,16,0,0.0005925240000124177,97,A09,cross-subject,AdaBN
75,16,1,0.0005801890001748689,97,A09,cross-subject,AdaBN
76,16,1,0.0005655319998822961,97,A09,cross-subject,AdaBN
77,16,1,0.0005571280000822298,97,A09,cross-subject,AdaBN
78,16,1,0.0005163089999768999,97,A09,cross-subject,AdaBN
79,16,1,0.0005286880000312522,97,A09,cross-subject,AdaBN
80,16,0,0.0004895100000794628,97,A09,cross-subject,AdaBN
81,16,0,0.00046207700006561936,97,A09,cross-subject,AdaBN
82,16,0,0.0004661430000396649,97,A09,cross-subject,AdaBN
83,16,1,0.00046655300002385047,97,A09,cross-subject,AdaBN
84,16,1,0.000448002000212,97,A09,cross-subject,AdaBN
85,16,1,0.0004322240001783939,97,A09,cross-subject,AdaBN
86,16,0,0.0004118780000226252,97,A09,cross-subject,AdaBN
87,16,1,0.00039011500007291033,97,A09,cross-subject,AdaBN
88,16,1,0.00040191199991568283,97,A09,cross-subject,AdaBN
89,16,1,0.00037972599989188893,97,A09,cross-subject,AdaBN
90,16,1,0.00045450700008586864,97,A09,cross-subject,AdaBN
91,16,1,0.0004365749998669344,97,A09,cross-subject,AdaBN
92,16,1,0.0004341310000199883,97,A09,cross-subject,AdaBN
93,16,0,0.00037937499996587576,97,A09,cross-subject,AdaBN
94,16,1,0.00039583800003129,97,A09,cross-subject,AdaBN
95,16,1,0.00039785800004210614,97,A09,cross-subject,AdaBN
96,16,1,0.00037483599999177386,97,A09,cross-subject,AdaBN
97,16,1,0.00035575599986259476,97,A09,cross-subject,AdaBN
98,16,1,0.00036714100019707985,97,A09,cross-subject,AdaBN
99,16,0,0.0003677910001442797,97,A09,cross-subject,AdaBN
100,16,1,0.00036644699980570294,97,A09,cross-subject,AdaBN
101,16,1,0.00037158600002840103,97,A09,cross-subject,AdaBN
102,16,1,0.00040300999989995034,97,A09,cross-subject,AdaBN
103,16,1,0.00044693199993162125,97,A09,cross-subject,AdaBN
104,16,1,0.00044699499994749203,97,A09,cross-subject,AdaBN
105,16,1,0.00038905399992472667,97,A09,cross-subject,AdaBN
106,16,1,0.0003683599998112186,97,A09,cross-subject,AdaBN
107,16,0,0.00036179799985802674,97,A09,cross-subject,AdaBN
108,16,1,0.00036355800011733663,97,A09,cross-subject,AdaBN
109,16,1,0.0003839529999822844,97,A09,cross-subject,AdaBN
110,16,1,0.0003735469999810448,97,A09,cross-subject,AdaBN
111,16,1,0.0003821580000931135,97,A09,cross-subject,AdaBN
112,16,1,0.0003697899999224319,97,A09,cross-subject,AdaBN
113,16,1,0.0003698870000334864,97,A09,cross-subject,AdaBN
114,16,1,0.0004095100000540697,97,A09,cross-subject,AdaBN
115,16,1,0.00037312299991754116,97,A09,cross-subject,AdaBN
116,16,1,0.00036627800000132993,97,A09,cross-subject,AdaBN
117,16,1,0.00045174100000622275,97,A09,cross-subject,AdaBN
118,16,1,0.0004536469998583925,97,A09,cross-subject,AdaBN
119,16,1,0.0004114150001441885,97,A09,cross-subject,AdaBN
120,16,1,0.0004366069999832689,97,A09,cross-subject,AdaBN
121,16,1,0.0003727630000867066,97,A09,cross-subject,AdaBN
122,16,0,0.0003879209998558508,97,A09,cross-subject,AdaBN
123,16,0,0.00037074100009704125,97,A09,cross-subject,AdaBN
124,16,0,0.00038596400008827914,97,A09,cross-subject,AdaBN
125,16,0,0.00039204999984576716,97,A09,cross-subject,AdaBN
126,16,1,0.00037024000016572245,97,A09,cross-subject,AdaBN
127,16,0,0.00040688099988983595,97,A09,cross-subject,AdaBN
128,16,0,0.0004411439999785216,97,A09,cross-subject,AdaBN
129,16,1,0.00048620600000504055,97,A09,cross-subject,AdaBN
130,16,1,0.00039685699994151946,97,A09,cross-subject,AdaBN
131,16,0,0.0003790709999975661,97,A09,cross-subject,AdaBN
132,16,1,0.0003812710001511732,97,A09,cross-subject,AdaBN
133,16,0,0.0003661660000489064,97,A09,cross-subject,AdaBN
134,16,0,0.00038896099999874423,97,A09,cross-subject,AdaBN
135,16,1,0.0003717600000072707,97,A09,cross-subject,AdaBN
136,16,0,0.00036962900003345567,97,A09,cross-subject,AdaBN
137,16,1,0.00036456399993767263,97,A09,cross-subject,AdaBN
138,16,1,0.00037040699999124627,97,A09,cross-subject,AdaBN
139,16,1,0.0003678470000068046,97,A09,cross-subject,AdaBN
140,16,1,0.0003780909999022697,97,A09,cross-subject,AdaBN
141,16,1,0.0004602359999807959,97,A09,cross-subject,AdaBN
142,16,0,0.000417648999928133,97,A09,cross-subject,AdaBN
143,16,1,0.00044262300002628763,97,A09,cross-subject,AdaBN
144,16,1,0.0003695650000281603,97,A09,cross-subject,AdaBN
145,16,1,0.0003643029999693681,97,A09,cross-subject,AdaBN
146,16,1,0.00036174000001665263,97,A09,cross-subject,AdaBN
147,16,1,0.00036742599991157476,97,A09,cross-subject,AdaBN
148,16,1,0.0003763540000818466,97,A09,cross-subject,AdaBN
149,16,1,0.0003766389997963415,97,A09,cross-subject,AdaBN
150,16,0,0.0003748219999124558,97,A09,cross-subject,AdaBN
151,16,1,0.00036691000013888697,97,A09,cross-subject,AdaBN
152,16,1,0.00038165699993442104,97,A09,cross-subject,AdaBN
153,16,0,0.0003712269999596174,97,A09,cross-subject,AdaBN
154,16,1,0.00048730299999988347,97,A09,cross-subject,AdaBN
155,16,1,0.0005540629999813973,97,A09,cross-subject,AdaBN
156,16,1,0.0005147330000454531,97,A09,cross-subject,AdaBN
157,16,1,0.00052313200012577,97,A09,cross-subject,AdaBN
158,16,1,0.0004861840000103257,97,A09,cross-subject,AdaBN
159,16,1,0.0004227729998547147,97,A09,cross-subject,AdaBN
160,16,1,0.0003699490000599326,97,A09,cross-subject,AdaBN
161,16,0,0.0004129750000174681,97,A09,cross-subject,AdaBN
162,16,1,0.00045308999983717513,97,A09,cross-subject,AdaBN
163,16,0,0.00038816400001451257,97,A09,cross-subject,AdaBN
164,16,0,0.00040371499994762416,97,A09,cross-subject,AdaBN
165,16,1,0.0004306369999085291,97,A09,cross-subject,AdaBN
166,16,1,0.00042602400003488583,97,A09,cross-subject,AdaBN
167,16,1,0.0003680639999856794,97,A09,cross-subject,AdaBN
168,16,1,0.0004047970001010981,97,A09,cross-subject,AdaBN
169,16,0,0.00037677499994970276,97,A09,cross-subject,AdaBN
170,16,1,0.00037689400005547213,97,A09,cross-subject,AdaBN
171,16,0,0.00038492599992423493,97,A09,cross-subject,AdaBN
172,16,1,0.00038729400012016413,97,A09,cross-subject,AdaBN
173,16,0,0.00037822399985998345,97,A09,cross-subject,AdaBN
174,16,0,0.00035537700000531913,97,A09,cross-subject,AdaBN
175,16,0,0.00038286699987111206,97,A09,cross-subject,AdaBN
176,16,1,0.00037944199993944494,97,A09,cross-subject,AdaBN
177,16,1,0.0003864899999825866,97,A09,cross-subject,AdaBN
178,16,0,0.0004540820000329404,97,A09,cross-subject,AdaBN
179,16,0,0.0004162059999543999,97,A09,cross-subject,AdaBN
180,16,1,0.0003936949999570061,97,A09,cross-subject,AdaBN
181,16,1,0.00035786400007964403,97,A09,cross-subject,AdaBN
182,16,1,0.0004016619998310489,97,A09,cross-subject,AdaBN
183,16,1,0.0003684060000068712,97,A09,cross-subject,AdaBN
184,16,0,0.0003778430000238586,97,A09,cross-subject,AdaBN
185,16,0,0.00038585099991905736,97,A09,cross-subject,AdaBN
186,16,0,0.0003788649999023619,97,A09,cross-subject,AdaBN
187,16,1,0.000373190000118484,97,A09,cross-subject,AdaBN
188,16,1,0.0003676939998058515,97,A09,cross-subject,AdaBN
189,16,1,0.00037162900002840615,97,A09,cross-subject,AdaBN
190,16,0,0.0003771190001771174,97,A09,cross-subject,AdaBN
191,16,0,0.000429090000125143,97,A09,cross-subject,AdaBN
192,16,1,0.00040737199992690876,97,A09,cross-subject,AdaBN
193,16,1,0.00037224200013952213,97,A09,cross-subject,AdaBN
194,16,0,0.0003702660001181357,97,A09,cross-subject,AdaBN
195,16,1,0.00041644600014478783,97,A09,cross-subject,AdaBN
196,16,0,0.0003806289998919965,97,A09,cross-subject,AdaBN
197,16,1,0.00037301900010788813,97,A09,cross-subject,AdaBN
198,16,1,0.000375884999812115,97,A09,cross-subject,AdaBN
199,16,1,0.0003633000001173059,97,A09,cross-subject,AdaBN
200,16,1,0.0003777539998282009,97,A09,cross-subject,AdaBN
201,16,1,0.0003983330000210117,97,A09,cross-subject,AdaBN
202,16,1,0.00037158700001782563,97,A09,cross-subject,AdaBN
203,16,0,0.0004245479999553936,97,A09,cross-subject,AdaBN
204,16,1,0.0004116050001812255,97,A09,cross-subject,AdaBN
205,16,1,0.00040178600011131493,97,A09,cross-subject,AdaBN
206,16,1,0.0003802450000875979,97,A09,cross-subject,AdaBN
207,16,1,0.0003787850000662729,97,A09,cross-subject,AdaBN
208,16,1,0.0003678420000596816,97,A09,cross-subject,AdaBN
209,16,1,0.0003717780000442872,97,A09,cross-subject,AdaBN
210,16,1,0.0004036999998788815,97,A09,cross-subject,AdaBN
211,16,1,0.00037588899999718706,97,A09,cross-subject,AdaBN
212,16,1,0.000371939999922688,97,A09,cross-subject,AdaBN
213,16,1,0.00037195400000200607,97,A09,cross-subject,AdaBN
214,16,1,0.0003753599999072321,97,A09,cross-subject,AdaBN
215,16,0,0.0003592240000216407,97,A09,cross-subject,AdaBN
216,16,1,0.0004126020000967401,97,A09,cross-subject,AdaBN
217,16,1,0.00044714399996337306,97,A09,cross-subject,AdaBN
218,16,1,0.0003890959999353072,97,A09,cross-subject,AdaBN
219,16,0,0.0003693329999805428,97,A09,cross-subject,AdaBN
220,16,1,0.0004370900001049449,97,A09,cross-subject,AdaBN
221,16,1,0.00040862700006982777,97,A09,cross-subject,AdaBN
222,16,1,0.0003721569999015628,97,A09,cross-subject,AdaBN
223,16,0,0.0004542480000964133,97,A09,cross-subject,AdaBN
224,16,1,0.00037372600013441115,97,A09,cross-subject,AdaBN
225,16,1,0.0003875369998240785,97,A09,cross-subject,AdaBN
226,16,0,0.0004020479998416704,97,A09,cross-subject,AdaBN
227,16,0,0.0004388949998883618,97,A09,cross-subject,AdaBN
228,16,0,0.00046230899988586316,97,A09,cross-subject,AdaBN
229,16,0,0.0003869939998821792,97,A09,cross-subject,AdaBN
230,16,1,0.0003835930001514498,97,A09,cross-subject,AdaBN
231,16,1,0.0004132510000545153,97,A09,cross-subject,AdaBN
232,16,1,0.0003731560000233003,97,A09,cross-subject,AdaBN
233,16,0,0.00036953999983779795,97,A09,cross-subject,AdaBN
234,16,0,0.00042280899992874765,97,A09,cross-subject,AdaBN
235,16,0,0.0003900839999460004,97,A09,cross-subject,AdaBN
236,16,1,0.0003751310000552621,97,A09,cross-subject,AdaBN
237,16,0,0.0004004400000212627,97,A09,cross-subject,AdaBN
238,16,0,0.00044360900005813164,97,A09,cross-subject,AdaBN
239,16,1,0.0004725949997919088,97,A09,cross-subject,AdaBN
240,16,1,0.00039204000017889484,97,A09,cross-subject,AdaBN
241,16,1,0.0003674029999274353,97,A09,cross-subject,AdaBN
242,16,0,0.0003759379999337398,97,A09,cross-subject,AdaBN
243,16,0,0.0003854270000829274,97,A09,cross-subject,AdaBN
244,16,1,0.00039093500004128146,97,A09,cross-subject,AdaBN
245,16,0,0.0003959440000471659,97,A09,cross-subject,AdaBN
246,16,0,0.00038285400000859227,97,A09,cross-subject,AdaBN
247,16,1,0.00037183400013418577,97,A09,cross-subject,AdaBN
248,16,1,0.00037815799987583887,97,A09,cross-subject,AdaBN
249,16,1,0.00044771799980480864,97,A09,cross-subject,AdaBN
250,16,1,0.0004492789998948865,97,A09,cross-subject,AdaBN
251,16,1,0.00039187400011542195,97,A09,cross-subject,AdaBN
252,16,0,0.0003607690000535513,97,A09,cross-subject,AdaBN
253,16,0,0.00036271999988457537,97,A09,cross-subject,AdaBN
254,16,0,0.0004324179999457556,97,A09,cross-subject,AdaBN
255,16,1,0.00037238900017655396,97,A09,cross-subject,AdaBN
256,16,1,0.00038130799998725706,97,A09,cross-subject,AdaBN
257,16,1,0.0004211379998650955,97,A09,cross-subject,AdaBN
258,16,0,0.00039269600006264227,97,A09,cross-subject,AdaBN
259,16,1,0.00048183600006268534,97,A09,cross-subject,AdaBN
260,16,0,0.00043354900003578223,97,A09,cross-subject,AdaBN
261,16,1,0.000363980999964042,97,A09,cross-subject,AdaBN
262,16,0,0.00042135600006076857,97,A09,cross-subject,AdaBN
263,16,0,0.0004268870000032621,97,A09,cross-subject,AdaBN
264,16,0,0.0003690149999329151,97,A09,cross-subject,AdaBN
265,16,1,0.0003950559998884273,97,A09,cross-subject,AdaBN
266,16,0,0.00040555200007474923,97,A09,cross-subject,AdaBN
267,16,0,0.0003629679999903601,97,A09,cross-subject,AdaBN
268,16,1,0.0004028649998417677,97,A09,cross-subject,AdaBN
269,16,1,0.0004306929999984277,97,A09,cross-subject,AdaBN
270,16,1,0.00046141999996507366,97,A09,cross-subject,AdaBN
271,16,0,0.00038706800000909425,97,A09,cross-subject,AdaBN
272,16,0,0.00040410099995824567,97,A09,cross-subject,AdaBN
273,16,0,0.0003658549999272509,97,A09,cross-subject,AdaBN
274,16,0,0.0004054099999848404,97,A09,cross-subject,AdaBN
275,16,0,0.00039711600015834847,97,A09,cross-subject,AdaBN
276,16,0,0.00036830500016549195,97,A09,cross-subject,AdaBN
277,16,1,0.0004081209999640123,97,A09,cross-subject,AdaBN
278,16,1,0.00038478800001939817,97,A09,cross-subject,AdaBN
279,16,1,0.00036476500008575385,97,A09,cross-subject,AdaBN
280,16,1,0.0004518800001278578,97,A09,cross-subject,AdaBN
281,16,1,0.00048184100000980834,97,A09,cross-subject,AdaBN
282,16,1,0.00037334700004976185,97,A09,cross-subject,AdaBN
283,16,1,0.00039382299996759684,97,A09,cross-subject,AdaBN
284,16,0,0.0003747599998860096,97,A09,cross-subject,AdaBN
285,16,1,0.0003665780000119412,97,A09,cross-subject,AdaBN
286,16,1,0.0003595460000269668,97,A09,cross-subject,AdaBN
287,16,0,0.00037269099993864074,97,A09,cross-subject,AdaBN
0,1,0,0.001153718000068693,123,A01,cross-subject,AdaBN
1,2,1,0.001221642000018619,123,A01,cross-subject,AdaBN
2,3,0,0.0013816840000799857,123,A01,cross-subject,AdaBN
3,4,1,0.0018792309999753343,123,A01,cross-subject,AdaBN
4,5,1,0.002167825000015,123,A01,cross-subject,AdaBN
5,6,0,0.002110554999944725,123,A01,cross-subject,AdaBN
6,7,1,0.0020821579998937523,123,A01,cross-subject,AdaBN
7,8,0,0.0020610530000340077,123,A01,cross-subject,AdaBN
8,9,1,0.001962177999985215,123,A01,cross-subject,AdaBN
9,10,0,0.0017420920000859041,123,A01,cross-subject,AdaBN
10,11,0,0.0017650529998718412,123,A01,cross-subject,AdaBN
11,12,1,0.0017792940000163071,123,A01,cross-subject,AdaBN
12,13,1,0.0017134280001300795,123,A01,cross-subject,AdaBN
13,14,0,0.0017589730000509007,123,A01,cross-subject,AdaBN
14,15,1,0.0018491680000352062,123,A01,cross-subject,AdaBN
15,16,1,0.00143428599994877,123,A01,cross-subject,AdaBN
16,16,1,0.0014158300000417512,123,A01,cross-subject,AdaBN
17,16,0,0.0012125079999805166,123,A01,cross-subject,AdaBN
18,16,1,0.00120643399986875,123,A01,cross-subject,AdaBN
19,16,0,0.0015278620001026866,123,A01,cross-subject,AdaBN
20,16,0,0.0008938109999689914,123,A01,cross-subject,AdaBN
21,16,0,0.0005360950001431775,123,A01,cross-subject,AdaBN
22,16,0,0.0005220489999828715,123,A01,cross-subject,AdaBN
23,16,0,0.0007850750000670814,123,A01,cross-subject,AdaBN
24,16,1,0.0006933569998182065,123,A01,cross-subject,AdaBN
25,16,1,0.0006477169999925536,123,A01,cross-subject,AdaBN
26,16,1,0.0006378299999596493,123,A01,cross-subject,AdaBN
27,16,1,0.000691192999966006,123,A01,cross-subject,AdaBN
28,16,0,0.00067268999987391,123,A01,cross-subject,AdaBN
29,16,0,0.0004334529999141523,123,A01,cross-subject,AdaBN
30,16,0,0.0005260120001366886,123,A01,cross-subject,AdaBN
31,16,1,0.00048449399992023245,123,A01,cross-subject,AdaBN
32,16,0,0.0003580320001219661,123,A01,cross-subject,AdaBN
33,16,0,0.00042739299988170387,123,A01,cross-subject,AdaBN
34,16,0,0.000469534000103522,123,A01,cross-subject,AdaBN
35,16,0,0.0004667480000080104,123,A01,cross-subject,AdaBN
36,16,1,0.0005400019999797223,123,A01,cross-subject,AdaBN
37,16,0,0.0005089119999865943,123,A01,cross-subject,AdaBN
38,16,0,0.0004976539999006491,123,A01,cross-subject,AdaBN
39,16,0,0.00047602099994037417,123,A01,cross-subject,AdaBN
40,16,1,0.0004625930000656808,123,A01,cross-subject,AdaBN
41,16,0,0.0004964190000009694,123,A01,cross-subject,AdaBN
42,16,1,0.0005092330000024958,123,A01,cross-subject,AdaBN
43,16,1,0.0005370250000851229,123,A01,cross-subject,AdaBN
44,16,1,0.0005575520001457335,123,A01,cross-subject,AdaBN
45,16,1,0.0005974699997750577,123,A01,cross-subject,AdaBN
46,16,1,0.0006369230000018433,123,A01,cross-subject,AdaBN
47,16,1,0.0006767669999589998,123,A01,cross-subject,AdaBN
48,16,1,0.00073296699997627,123,A01,cross-subject,AdaBN
49,16,0,0.0006914260000030481,123,A01,cross-subject,AdaBN
50,16,0,0.0007487079999464186,123,A01,cross-subject,AdaBN
51,16,1,0.0007879950001097313,123,A01,cross-subject,AdaBN
52,16,1,0.0008551559999432357,123,A01,cross-subject,AdaBN
53,16,0,0.000904998000123669,123,A01,cross-subject,AdaBN
54,16,1,0.0009801559999687015,123,A01,cross-subject,AdaBN
55,16,0,0.0010690100000374514,123,A01,cross-subject,AdaBN
56,16,0,0.0010542310001255828,123,A01,cross-subject,AdaBN
57,16,0,0.0010876119999920775,123,A01,cross-subject,AdaBN
58,16,1,0.0011336300001403288,123,A01,cross-subject,AdaBN
59,16,0,0.0011189800000011019,123,A01,cross-subject,AdaBN
60,16,0,0.0011060539998197783,123,A01,cross-subject,AdaBN
61,16,0,0.001060736999988876,123,A01,cross-subject,AdaBN
62,16,1,0.0010078420000354527,123,A01,cross-subject,AdaBN
63,16,0,0.0009883449999961158,123,A01,cross-subject,AdaBN
64,16,0,0.0009750429999257904,123,A01,cross-subject,AdaBN
65,16,0,0.0009138560001247242,123,A01,cross-subject,AdaBN
66,16,0,0.0009223540000675712,123,A01,cross-subject,AdaBN
67,16,0,0.0008870389999628969,123,A01,cross-subject,AdaBN
68,16,0,0.0008465999999316409,123,A01,cross-subject,AdaBN
69,16,1,0.0008422020000580233,123,A01,cross-subject,AdaBN
70,16,1,0.0008246320001035201,123,A01,cross-subject,AdaBN
71,16,0,0.0007800880000559118,123,A01,cross-subject,AdaBN
72,16,1,0.0007526230001531076,123,A01,cross-subject,AdaBN
73,16,0,0.0007341089999499673,123,A01,cross-subject,AdaBN
74,16,1,0.0007178140001542488,123,A01,cross-subject,AdaBN
75,16,1,0.000704132999999274,123,A01,cross-subject,AdaBN
76,16,1,0.0006536910000249918,123,A01,cross-subject,AdaBN
77,16,1,0.0006494880001355341,123,A01,cross-subject,AdaBN
78,16,0,0.0006796669999857841,123,A01,cross-subject,AdaBN
79,16,1,0.00063732099988556,123,A01,cross-subject,AdaBN
80,16,0,0.000606425999876592,123,A01,cross-subject,AdaBN
81,16,1,0.0006078209999031969,123,A01,cross-subject,AdaBN
82,16,1,0.0005983579999337962,123,A01,cross-subject,AdaBN
83,16,1,0.0005576000000928616,123,A01,cross-subject,AdaBN
84,16,1,0.0005523909999283205,123,A01,cross-subject,AdaBN
85,16,1,0.0005443000000013853,123,A01,cross-subject,AdaBN
86,16,1,0.000510266999981468,123,A01,cross-subject,AdaBN
87,16,0,0.0005116699999234697,123,A01,cross-subject,AdaBN
88,16,0,0.0005071680000128254,123,A01,cross-subject,AdaBN
89,16,1,0.000525133999872196,123,A01,cross-subject,AdaBN
90,16,1,0.0004850810000789352,123,A01,cross-subject,AdaBN
91,16,0,0.00046585499990214885,123,A01,cross-subject,AdaBN
92,16,0,0.0004746679999243497,123,A01,cross-subject,AdaBN
93,16,0,0.00045051699999021366,123,A01,cross-subject,AdaBN
94,16,0,0.00045915500004412024,123,A01,cross-subject,AdaBN
95,16,0,0.0004504589999214659,123,A01,cross-subject,AdaBN
96,16,0,0.00041594599997551995,123,A01,cross-subject,AdaBN
97,16,0,0.0004279770000721328,123,A01,cross-subject,AdaBN
98,16,0,0.00041219199988518085,123,A01,cross-subject,AdaBN
99,16,1,0.0004048649998367182,123,A01,cross-subject,AdaBN
100,16,0,0.0003726689999439259,123,A01,cross-subject,AdaBN
101,16,1,0.0003873640000620071,123,A01,cross-subject,AdaBN
102,16,1,0.00035663499988913827,123,A01,cross-subject,AdaBN
103,16,1,0.00037452899982781673,123,A01,cross-subject,AdaBN
104,16,0,0.0003694470001391892,123,A01,cross-subject,AdaBN
105,16,1,0.0003638139999111445,123,A01,cross-subject,AdaBN
106,16,1,0.00046496899994963314,123,A01,cross-subject,AdaBN
107,16,0,0.00044321600012153795,123,A01,cross-subject,AdaBN
108,16,1,0.00042340699997112097,123,A01,cross-subject,AdaBN
109,16,0,0.0003620859999955428,123,A01,cross-subject,AdaBN
110,16,1,0.0003925819999039959,123,A01,cross-subject,AdaBN
111,16,1,0.0003605999997944309,123,A01,cross-subject,AdaBN
112,16,1,0.0003895390000252519,123,A01,cross-subject,AdaBN
113,16,1,0.0003696670000863378,123,A01,cross-subject,AdaBN
114,16,1,0.00035780300004262244,123,A01,cross-subject,AdaBN
115,16,1,0.00038219999987632036,123,A01,cross-subject,AdaBN
116,16,0,0.00036349900005916425,123,A01,cross-subject,AdaBN
117,16,0,0.00038839700005155464,123,A01,cross-subject,AdaBN
118,16,0,0.0003600929999265645,123,A01,cross-subject,AdaBN
119,16,0,0.0004538010000487702,123,A01,cross-subject,AdaBN
120,16,1,0.000465558999849236,123,A01,cross-subject,AdaBN
121,16,1,0.00039608899987797486,123,A01,cross-subject,AdaBN
122,16,0,0.00038623699992967886,123,A01,cross-subject,AdaBN
123,16,1,0.0003827789998922526,123,A01,cross-subject,AdaBN
124,16,0,0.00036550300001181313,123,A01,cross-subject,AdaBN
125,16,0,0.00038832900008856086,123,A01,cross-subject,AdaBN
126,16,1,0.00036854800009678,123,A01,cross-subject,AdaBN
127,16,0,0.0003954979999889474,123,A01,cross-subject,AdaBN
128,16,1,0.0003627500000220607,123,A01,cross-subject,AdaBN
129,16,1,0.0003770839998651354,123,A01,cross-subject,AdaBN
130,16,1,0.00046903600014047697,123,A01,cross-subject,AdaBN
131,16,0,0.0004398290000153793,123,A01,cross-subject,AdaBN
132,16,0,0.00037599799998133676,123,A01,cross-subject,AdaBN
133,16,0,0.0003629319999163272,123,A01,cross-subject,AdaBN
134,16,1,0.00037955599987071764,123,A01,cross-subject,AdaBN
135,16,1,0.00036880400011796155,123,A01,cross-subject,AdaBN
136,16,1,0.0003608609999901091,123,A01,cross-subject,AdaBN
137,16,0,0.00038285100004031847,123,A01,cross-subject,AdaBN
138,16,0,0.0003663410000172007,123,A01,cross-subject,AdaBN
139,16,0,0.00035846700006914034,123,A01,cross-subject,AdaBN
140,16,0,0.00041654500000731787,123,A01,cross-subject,AdaBN
141,16,0,0.0003646140000910236,123,A01,cross-subject,AdaBN
142,16,1,0.00047292700014622824,123,A01,cross-subject,AdaBN
143,16,1,0.00046251999992819037,123,A01,cross-subject,AdaBN
144,16,0,0.00038872400000400376,123,A01,cross-subject,AdaBN
145,16,1,0.00039065100008883746,123,A01,cross-subject,AdaBN
146,16,1,0.00035613999989436707,123,A01,cross-subject,AdaBN
147,16,0,0.0004039100001591578,123,A01,cross-subject,AdaBN
148,16,0,0.0003682750000280066,123,A01,cross-subject,AdaBN
149,16,0,0.00036997600000177044,123,A01,cross-subject,AdaBN
150,16,0,0.00037948699991829926,123,A01,cross-subject,AdaBN
151,16,0,0.00036482200016507704,123,A01,cross-subject,AdaBN
152,16,1,0.0003822839998974814,123,A01,cross-subject,AdaBN
153,16,1,0.000374251000039294,123,A01,cross-subject,AdaBN
154,16,1,0.00043071100003544416,123,A01,cross-subject,AdaBN
155,16,1,0.0004839090001951263,123,A01,cross-subject,AdaBN
156,16,1,0.00037178600018705765,123,A01,cross-subject,AdaBN
157,16,0,0.00036654299992733286,123,A01,cross-subject,AdaBN
158,16,1,0.00040604600008009584,123,A01,cross-subject,AdaBN
159,16,1,0.000361161999990145,123,A01,cross-subject,AdaBN
160,16,1,0.000382279999939783,123,A01,cross-subject,AdaBN
161,16,0,0.00039409500004694564,123,A01,cross-subject,AdaBN
162,16,1,0.00036096300004828663,123,A01,cross-subject,AdaBN
163,16,0,0.0004039670000111073,123,A01,cross-subject,AdaBN
164,16,1,0.0003906350000306702,123,A01,cross-subject,AdaBN
165,16,1,0.0004221889998916595,123,A01,cross-subject,AdaBN
166,16,1,0.00044531499997901847,123,A01,cross-subject,AdaBN
167,16,1,0.0004006479998679424,123,A01,cross-subject,AdaBN
168,16,1,0.00036680400012301106,123,A01,cross-subject,AdaBN
169,16,1,0.00040122700011124834,123,A01,cross-subject,AdaBN
170,16,1,0.0003829449999557255,123,A01,cross-subject,AdaBN
171,16,1,0.00036597999996956787,123,A01,cross-subject,AdaBN
172,16,0,0.0004123310000068159,123,A01,cross-subject,AdaBN
173,16,0,0.0003658169998743688,123,A01,cross-subject,AdaBN
174,16,1,0.00038552299997718364,123,A01,cross-subject,AdaBN
175,16,1,0.0004944879999584373,123,A01,cross-subject,AdaBN
176,16,0,0.00043486699996719835,123,A01,cross-subject,AdaBN
177,16,0,0.0004087750000962842,123,A01,cross-subject,AdaBN
178,16,0,0.0005116620000080729,123,A01,cross-subject,AdaBN
179,16,1,0.0004906760000267241,123,A01,cross-subject,AdaBN
180,16,1,0.00041323200002807425,123,A01,cross-subject,AdaBN
181,16,1,0.0004202760001135175,123,A01,cross-subject,AdaBN
182,16,1,0.00044808699999521195,123,A01,cross-subject,AdaBN
183,16,1,0.0004159630000231118,123,A01,cross-subject,AdaBN
184,16,1,0.00040139599991562136,123,A01,cross-subject,AdaBN
185,16,0,0.00037156899998080917,123,A01,cross-subject,AdaBN
186,16,1,0.0004480029999740509,123,A01,cross-subject,AdaBN
187,16,1,0.00048654300007910933,123,A01,cross-subject,AdaBN
188,16,1,0.0004144399999859161,123,A01,cross-subject,AdaBN
189,16,0,0.0004373710000891151,123,A01,cross-subject,AdaBN
190,16,1,0.00042186200016658404,123,A01,cross-subject,AdaBN
191,16,0,0.000389642000072854,123,A01,cross-subject,AdaBN
192,16,1,0.00046119800003907585,123,A01,cross-subject,AdaBN
193,16,1,0.00041209099981642794,123,A01,cross-subject,AdaBN
194,16,1,0.0003651260001333867,123,A01,cross-subject,AdaBN
195,16,1,0.00039543399998365203,123,A01,cross-subject,AdaBN
196,16,1,0.0003843979998237046,123,A01,cross-subject,AdaBN
197,16,1,0.00047636799990868894,123,A01,cross-subject,AdaBN
198,16,1,0.0004118279998692742,123,A01,cross-subject,AdaBN
199,16,1,0.00046295399988594,123,A01,cross-subject,AdaBN
200,16,1,0.00036682599989035225,123,A01,cross-subject,AdaBN
201,16,1,0.0003917290000572393,123,A01,cross-subject,AdaBN
202,16,1,0.00038689799998792296,123,A01,cross-subject,AdaBN
203,16,0,0.00035685200009538676,123,A01,cross-subject,AdaBN
204,16,0,0.0003991460000634106,123,A01,cross-subject,AdaBN
205,16,1,0.0004171299999597977,123,A01,cross-subject,AdaBN
206,16,0,0.0003718200000548677,123,A01,cross-subject,AdaBN
207,16,1,0.00045194200015430397,123,A01,cross-subject,AdaBN
208,16,1,0.0004384999999729189,123,A01,cross-subject,AdaBN
209,16,0,0.00042623600006663764,123,A01,cross-subject,AdaBN
210,16,0,0.00039266399994630774,123,A01,cross-subject,AdaBN
211,16,0,0.00037710500009779935,123,A01,cross-subject,AdaBN
212,16,1,0.00036155800012238615,123,A01,cross-subject,AdaBN
213,16,0,0.00039527499984615133,123,A01,cross-subject,AdaBN
214,16,0,0.0003611419999742793,123,A01,cross-subject,AdaBN
215,16,0,0.00035679500001606357,123,A01,cross-subject,AdaBN
216,16,0,0.0004190929998912907,123,A01,cross-subject,AdaBN
217,16,0,0.0004379399999834277,123,A01,cross-subject,AdaBN
218,16,1,0.0004140500000175962,123,A01,cross-subject,AdaBN
219,16,0,0.0004049770000165154,123,A01,cross-subject,AdaBN
220,16,0,0.0003618119999373448,123,A01,cross-subject,AdaBN
221,16,1,0.0003722779999861814,123,A01,cross-subject,AdaBN
222,16,1,0.00039681299995208974,123,A01,cross-subject,AdaBN
223,16,0,0.00036001600005874934,123,A01,cross-subject,AdaBN
224,16,1,0.0003654779998214508,123,A01,cross-subject,AdaBN
225,16,1,0.0003912540000783338,123,A01,cross-subject,AdaBN
226,16,1,0.0003658529999484017,123,A01,cross-subject,AdaBN
227,16,1,0.0004182370000762603,123,A01,cross-subject,AdaBN
228,16,1,0.0004590190001181327,123,A01,cross-subject,AdaBN
229,16,0,0.0003652380000858102,123,A01,cross-subject,AdaBN
230,16,0,0.00037500200005524675,123,A01,cross-subject,AdaBN
231,16,1,0.0003688260001126764,123,A01,cross-subject,AdaBN
232,16,0,0.00039375599999402766,123,A01,cross-subject,AdaBN
233,16,1,0.0003832649999822024,123,A01,cross-subject,AdaBN
234,16,0,0.00039178399993033963,123,A01,cross-subject,AdaBN
235,16,0,0.0003785280000556668,123,A01,cross-subject,AdaBN
236,16,1,0.00036229700003787,123,A01,cross-subject,AdaBN
237,16,0,0.0003642920000856975,123,A01,cross-subject,AdaBN
238,16,0,0.00041717799990692583,123,A01,cross-subject,AdaBN
239,16,1,0.00047215399990818696,123,A01,cross-subject,AdaBN
240,16,0,0.00041704699992806127,123,A01,cross-subject,AdaBN
241,16,0,0.000358775999984573,123,A01,cross-subject,AdaBN
242,16,1,0.00037518299996008864,123,A01,cross-subject,AdaBN
243,16,0,0.00037965399997119675,123,A01,cross-subject,AdaBN
244,16,1,0.00036313199984761013,123,A01,cross-subject,AdaBN
245,16,0,0.0003982279999945604,123,A01,cross-subject,AdaBN
246,16,0,0.00038203300005079655,123,A01,cross-subject,AdaBN
247,16,0,0.0003653090000170778,123,A01,cross-subject,AdaBN
248,16,0,0.0003695739999329817,123,A01,cross-subject,AdaBN
249,16,0,0.00048666299994692963,123,A01,cross-subject,AdaBN
250,16,0,0.00040647300011187326,123,A01,cross-subject,AdaBN
251,16,0,0.0003834999999980937,123,A01,cross-subject,AdaBN
252,16,1,0.000389697000173328,123,A01,cross-subject,AdaBN
253,16,0,0.00036869800010208564,123,A01,cross-subject,AdaBN
254,16,0,0.0003823990000455524,123,A01,cross-subject,AdaBN
255,16,1,0.0003641490000063641,123,A01,cross-subject,AdaBN
256,16,1,0.00036991299998589966,123,A01,cross-subject,AdaBN
257,16,0,0.0003666939999220631,123,A01,cross-subject,AdaBN
258,16,1,0.00041118599983747117,123,A01,cross-subject,AdaBN
259,16,1,0.0003786110000874032,123,A01,cross-subject,AdaBN
260,16,0,0.0004372570001578424,123,A01,cross-subject,AdaBN
261,16,1,0.0004350659999090567,123,A01,cross-subject,AdaBN
262,16,0,0.00036366099993756507,123,A01,cross-subject,AdaBN
263,16,1,0.00037361899990173697,123,A01,cross-subject,AdaBN
264,16,0,0.00040117799994732195,123,A01,cross-subject,AdaBN
265,16,1,0.0003703329998643312,123,A01,cross-subject,AdaBN
266,16,1,0.00037075199998071184,123,A01,cross-subject,AdaBN
267,16,1,0.00039664099995206925,123,A01,cross-subject,AdaBN
268,16,1,0.0003551710001374886,123,A01,cross-subject,AdaBN
269,16,1,0.00044322500002635934,123,A01,cross-subject,AdaBN
270,16,0,0.0004706409999926109,123,A01,cross-subject,AdaBN
271,16,1,0.00036737000004904985,123,A01,cross-subject,AdaBN
272,16,1,0.0003726049999386305,123,A01,cross-subject,AdaBN
273,16,1,0.00037351200012381014,123,A01,cross-subject,AdaBN
274,16,0,0.00036614800001188996,123,A01,cross-subject,AdaBN
275,16,1,0.0003614859999743203,123,A01,cross-subject,AdaBN
276,16,1,0.0003719260000707436,123,A01,cross-subject,AdaBN
277,16,0,0.00037025500000709144,123,A01,cross-subject,AdaBN
278,16,0,0.0003590329999951791,123,A01,cross-subject,AdaBN
279,16,1,0.0003723999998328509,123,A01,cross-subject,AdaBN
280,16,0,0.0005039580000811839,123,A01,cross-subject,AdaBN
281,16,0,0.00045178900018072454,123,A01,cross-subject,AdaBN
282,16,1,0.00042523000001892797,123,A01,cross-subject,AdaBN
283,16,0,0.0004646659999707481,123,A01,cross-subject,AdaBN
284,16,0,0.0003977000001214037,123,A01,cross-subject,AdaBN
285,16,0,0.0004116550001072028,123,A01,cross-subject,AdaBN
286,16,1,0.00041014299995367764,123,A01,cross-subject,AdaBN
287,16,1,0.00039878500001577777,123,A01,cross-subject,AdaBN
0,1,0,0.0013840330000221002,123,A02,cross-subject,AdaBN
1,2,0,0.0011879189999035589,123,A02,cross-subject,AdaBN
2,3,0,0.0011262599998644873,123,A02,cross-subject,AdaBN
3,4,1,0.0009037560000706435,123,A02,cross-subject,AdaBN
4,5,0,0.0010012640000240935,123,A02,cross-subject,AdaBN
5,6,0,0.0011557389998415601,123,A02,cross-subject,AdaBN
6,7,1,0.001229141999829153,123,A02,cross-subject,AdaBN
7,8,0,0.0011605380000219156,123,A02,cross-subject,AdaBN
8,9,0,0.001156262999984392,123,A02,cross-subject,AdaBN
9,10,1,0.0011822110000139219,123,A02,cross-subject,AdaBN
10,11,0,0.001135684999781006,123,A02,cross-subject,AdaBN
11,12,0,0.0011451660000147967,123,A02,cross-subject,AdaBN
12,13,1,0.0009971079998649657,123,A02,cross-subject,AdaBN
13,14,0,0.0009406799999851501,123,A02,cross-subject,AdaBN
14,15,0,0.0007553970001481503,123,A02,cross-subject,AdaBN
15,16,0,0.0007915640001101565,123,A02,cross-subject,AdaBN
16,16,1,0.0008300129998133343,123,A02,cross-subject,AdaBN
17,16,0,0.0008086699999694247,123,A02,cross-subject,AdaBN
18,16,1,0.0007817749999503576,123,A02,cross-subject,AdaBN
19,16,0,0.0007841060000828293,123,A02,cross-subject,AdaBN
20,16,1,0.0007777749999604566,123,A02,cross-subject,AdaBN
21,16,0,0.0007490640000469284,123,A02,cross-subject,AdaBN
22,16,0,0.0007715470001130598,123,A02,cross-subject,AdaBN
23,16,0,0.0007970029998887185,123,A02,cross-subject,AdaBN
24,16,0,0.0008029369998894254,123,A02,cross-subject,AdaBN
25,16,0,0.0007691739999700076,123,A02,cross-subject,AdaBN
26,16,0,0.0007963570001265907,123,A02,cross-subject,AdaBN
27,16,0,0.0007704360000388988,123,A02,cross-subject,AdaBN
28,16,0,0.00044792200014853734,123,A02,cross-subject,AdaBN
29,16,0,0.0005936130000918638,123,A02,cross-subject,AdaBN
30,16,0,0.0005443019999802345,123,A02,cross-subject,AdaBN
31,16,0,0.00048046400002021983,123,A02,cross-subject,AdaBN
32,16,0,0.0005537259999073285,123,A02,cross-subject,AdaBN
33,16,0,0.0004916769998999371,123,A02,cross-subject,AdaBN
34,16,1,0.00046069899985923257,123,A02,cross-subject,AdaBN
35,16,0,0.0005128640000293672,123,A02,cross-subject,AdaBN
36,16,0,0.0004602499998327403,123,A02,cross-subject,AdaBN
37,16,0,0.0005083840001134377,123,A02,cross-subject,AdaBN
38,16,0,0.0005576900000505702,123,A02,cross-subject,AdaBN
39,16,0,0.0004503750001276785,123,A02,cross-subject,AdaBN
40,16,0,0.0004950360000748333,123,A02,cross-subject,AdaBN
41,16,0,0.0004612870000073599,123,A02,cross-subject,AdaBN
42,16,0,0.0005352289999791537,123,A02,cross-subject,AdaBN
43,16,1,0.0005039610000494577,123,A02,cross-subject,AdaBN
44,16,0,0.0006394260001343355,123,A02,cross-subject,AdaBN
45,16,1,0.0006407270000181597,123,A02,cross-subject,AdaBN
46,16,1,0.0005045450000125129,123,A02,cross-subject,AdaBN
47,16,1,0.0005343400000583642,123,A02,cross-subject,AdaBN
48,16,0,0.00046303499993882724,123,A02,cross-subject,AdaBN
49,16,0,0.00037261100010255177,123,A02,cross-subject,AdaBN
50,16,1,0.0005086210001081781,123,A02,cross-subject,AdaBN
51,16,0,0.00036614300006476697,123,A02,cross-subject,AdaBN
52,16,0,0.0004386620000786934,123,A02,cross-subject,AdaBN
53,16,0,0.00038456700008282496,123,A02,cross-subject,AdaBN
54,16,1,0.0004732380000405101,123,A02,cross-subject,AdaBN
55,16,0,0.0005241860001206078,123,A02,cross-subject,AdaBN
56,16,1,0.00041434600007050904,123,A02,cross-subject,AdaBN
57,16,0,0.0007183049999639479,123,A02,cross-subject,AdaBN
58,16,0,0.0006876909999391501,123,A02,cross-subject,AdaBN
59,16,0,0.0007053699998778029,123,A02,cross-subject,AdaBN
60,16,0,0.0005042929999490298,123,A02,cross-subject,AdaBN
61,16,0,0.00045584300005430123,123,A02,cross-subject,AdaBN
62,16,0,0.00035963599998467544,123,A02,cross-subject,AdaBN
63,16,0,0.0004198290000658744,123,A02,cross-subject,AdaBN
64,16,0,0.0003981570000632928,123,A02,cross-subject,AdaBN
65,16,1,0.00040096300017467,123,A02,cross-subject,AdaBN
66,16,0,0.0004865859998517408,123,A02,cross-subject,AdaBN
67,16,0,0.00045842600002288236,123,A02,cross-subject,AdaBN
68,16,0,0.0004290349997972953,123,A02,cross-subject,AdaBN
69,16,1,0.0003906340000412456,123,A02,cross-subject,AdaBN
70,16,0,0.000442129000020941,123,A02,cross-subject,AdaBN
71,16,1,0.0004256139998233266,123,A02,cross-subject,AdaBN
72,16,0,0.00039747400001033384,123,A02,cross-subject,AdaBN
73,16,0,0.00043734800010497565,123,A02,cross-subject,AdaBN
74,16,1,0.00037654400011888356,123,A02,cross-subject,AdaBN
75,16,0,0.00041147999991153483,123,A02,cross-subject,AdaBN
76,16,1,0.0003963489998568548,123,A02,cross-subject,AdaBN
77,16,0,0.0003893640000569576,123,A02,cross-subject,AdaBN
78,16,0,0.00045070699979987694,123,A02,cross-subject,AdaBN
79,16,1,0.00044273200001043733,123,A02,cross-subject,AdaBN
80,16,0,0.00038691499980814115,123,A02,cross-subject,AdaBN
81,16,1,0.0003882219998558867,123,A02,cross-subject,AdaBN
82,16,0,0.0003716450000865734,123,A02,cross-subject,AdaBN
83,16,0,0.0004208329999073612,123,A02,cross-subject,AdaBN
84,16,0,0.0003668320000542735,123,A02,cross-subject,AdaBN
85,16,0,0.00039089099982447806,123,A02,cross-subject,AdaBN
86,16,0,0.00041776100010793016,123,A02,cross-subject,AdaBN
87,16,0,0.0003706180000335735,123,A02,cross-subject,AdaBN
88,16,0,0.00037470900019798137,123,A02,cross-subject,AdaBN
89,16,0,0.00036687800002255244,123,A02,cross-subject,AdaBN
90,16,0,0.0004114979999485513,123,A02,cross-subject,AdaBN
91,16,0,0.00046902099984436063,123,A02,cross-subject,AdaBN
92,16,0,0.00036886900011268153,123,A02,cross-subject,AdaBN
93,16,0,0.0003899540001839341,123,A02,cross-subject,AdaBN
94,16,0,0.00037048299986963684,123,A02,cross-subject,AdaBN
95,16,0,0.00037820300008206686,123,A02,cross-subject,AdaBN
96,16,0,0.0003709989998696983,123,A02,cross-subject,AdaBN
97,16,0,0.00036875199998576136,123,A02,cross-subject,AdaBN
98,16,1,0.00036876100011795643,123,A02,cross-subject,AdaBN
99,16,0,0.0003804049999871495,123,A02,cross-subject,AdaBN
100,16,1,0.00041666900006021024,123,A02,cross-subject,AdaBN
101,16,0,0.0004750209998292121,123,A02,cross-subject,AdaBN
102,16,0,0.00039109900012590515,123,A02,cross-subject,AdaBN
103,16,0,0.0004312419998768746,123,A02,cross-subject,AdaBN
104,16,0,0.00041483400013930805,123,A02,cross-subject,AdaBN
105,16,1,0.0003690779999487859,123,A02,cross-subject,AdaBN
106,16,0,0.0004266949999873759,123,A02,cross-subject,AdaBN
107,16,0,0.000385418000178106,123,A02,cross-subject,AdaBN
108,16,0,0.00036383500014380843,123,A02,cross-subject,AdaBN
109,16,0,0.00044521900008476223,123,A02,cross-subject,AdaBN
110,16,0,0.0003661259997898014,123,A02,cross-subject,AdaBN
111,16,0,0.0003736549999757699,123,A02,cross-subject,AdaBN
112,16,1,0.0004745730000195181,123,A02,cross-subject,AdaBN
113,16,0,0.0004335109999829001,123,A02,cross-subject,AdaBN
114,16,1,0.0003943180001897417,123,A02,cross-subject,AdaBN
115,16,0,0.0004142460002185544,123,A02,cross-subject,AdaBN
116,16,0,0.0003747719999864785,123,A02,cross-subject,AdaBN
117,16,0,0.00041695400000207883,123,A02,cross-subject,AdaBN
118,16,1,0.00037704600003962696,123,A02,cross-subject,AdaBN
119,16,1,0.0003766880001876416,123,A02,cross-subject,AdaBN
120,16,0,0.00043192999987695657,123,A02,cross-subject,AdaBN
121,16,0,0.00037964000011925236,123,A02,cross-subject,AdaBN
122,16,0,0.00036986199984312407,123,A02,cross-subject,AdaBN
123,16,1,0.00043648299993037654,123,A02,cross-subject,AdaBN
124,16,0,0.00040928800012807187,123,A02,cross-subject,AdaBN
125,16,0,0.00041920700004993705,123,A02,cross-subject,AdaBN
126,16,0,0.0004265459999714949,123,A02,cross-subject,AdaBN
127,16,0,0.0003699490000599326,123,A02,cross-subject,AdaBN
128,16,0,0.0004013719999420573,123,A02,cross-subject,AdaBN
129,16,1,0.00040533499986850074,123,A02,cross-subject,AdaBN
130,16,1,0.000369176000049265,123,A02,cross-subject,AdaBN
131,16,0,0.0004221690001031675,123,A02,cross-subject,AdaBN
132,16,0,0.00039015400011521706,123,A02,cross-subject,AdaBN
133,16,1,0.0004507779999585182,123,A02,cross-subject,AdaBN
134,16,1,0.00041600400004426774,123,A02,cross-subject,AdaBN
135,16,1,0.00037003900001764123,123,A02,cross-subject,AdaBN
136,16,0,0.0003724910000073578,123,A02,cross-subject,AdaBN
137,16,0,0.0003863750000618893,123,A02,cross-subject,AdaBN
138,16,0,0.00036350100003801344,123,A02,cross-subject,AdaBN
139,16,0,0.0004032480001114891,123,A02,cross-subject,AdaBN
140,16,0,0.0003960639999149862,123,A02,cross-subject,AdaBN
141,16,0,0.0003651270001228113,123,A02,cross-subject,AdaBN
142,16,0,0.00037922299998172093,123,A02,cross-subject,AdaBN
143,16,0,0.0003745340000023134,123,A02,cross-subject,AdaBN
144,16,1,0.0004374619998088747,123,A02,cross-subject,AdaBN
145,16,1,0.00045301000000108615,123,A02,cross-subject,AdaBN
146,16,0,0.0003972800000155985,123,A02,cross-subject,AdaBN
147,16,0,0.0003676859998904547,123,A02,cross-subject,AdaBN
148,16,0,0.0003777540000555746,123,A02,cross-subject,AdaBN
149,16,1,0.00037855400000808004,123,A02,cross-subject,AdaBN
150,16,0,0.0003710000000864966,123,A02,cross-subject,AdaBN
151,16,0,0.0003795190000346338,123,A02,cross-subject,AdaBN
152,16,0,0.00036266100005377666,123,A02,cross-subject,AdaBN
153,16,0,0.0003774010001507122,123,A02,cross-subject,AdaBN
154,16,1,0.0003732019999915792,123,A02,cross-subject,AdaBN
155,16,0,0.0004573569999593019,123,A02,cross-subject,AdaBN
156,16,0,0.0004524749999745836,123,A02,cross-subject,AdaBN
157,16,0,0.0004092179999588552,123,A02,cross-subject,AdaBN
158,16,0,0.0003721470000073168,123,A02,cross-subject,AdaBN
159,16,1,0.00037065799983793113,123,A02,cross-subject,AdaBN
160,16,0,0.00036870899998575624,123,A02,cross-subject,AdaBN
161,16,1,0.00036288000001150067,123,A02,cross-subject,AdaBN
162,16,0,0.000381349000008413,123,A02,cross-subject,AdaBN
163,16,1,0.0003800869999395218,123,A02,cross-subject,AdaBN
164,16,0,0.0003717800000231364,123,A02,cross-subject,AdaBN
165,16,0,0.00037406799992822926,123,A02,cross-subject,AdaBN
166,16,0,0.0004596249998485291,123,A02,cross-subject,AdaBN
167,16,1,0.0004933729999265779,123,A02,cross-subject,AdaBN
168,16,0,0.0004476690000956296,123,A02,cross-subject,AdaBN
169,16,1,0.00038385500010917895,123,A02,cross-subject,AdaBN
170,16,0,0.00040886900001169124,123,A02,cross-subject,AdaBN
171,16,1,0.00041411100005461776,123,A02,cross-subject,AdaBN
172,16,1,0.00042522700005065417,123,A02,cross-subject,AdaBN
173,16,0,0.00039337299995167996,123,A02,cross-subject,AdaBN
174,16,0,0.00041938200001823134,123,A02,cross-subject,AdaBN
175,16,0,0.0004085010000380862,123,A02,cross-subject,AdaBN
176,16,0,0.0004361070000413747,123,A02,cross-subject,AdaBN
177,16,0,0.00047316399991359503,123,A02,cross-subject,AdaBN
178,16,0,0.0004429620000792056,123,A02,cross-subject,AdaBN
179,16,0,0.000385279000056471,123,A02,cross-subject,AdaBN
180,16,0,0.00044973000012760167,123,A02,cross-subject,AdaBN
181,16,0,0.00039425900013156934,123,A02,cross-subject,AdaBN
182,16,0,0.0004031569999369822,123,A02,cross-subject,AdaBN
183,16,0,0.00041417600004933774,123,A02,cross-subject,AdaBN
184,16,1,0.0003747599998860096,123,A02,cross-subject,AdaBN
185,16,0,0.00036787099998036865,123,A02,cross-subject,AdaBN
186,16,0,0.0004352999999355234,123,A02,cross-subject,AdaBN
187,16,0,0.00046844400003465125,123,A02,cross-subject,AdaBN
188,16,0,0.00038805999997748586,123,A02,cross-subject,AdaBN
189,16,0,0.0004437089999100863,123,A02,cross-subject,AdaBN
190,16,0,0.0003743249999388354,123,A02,cross-subject,AdaBN
191,16,0,0.0003784059999816236,123,A02,cross-subject,AdaBN
192,16,1,0.0004389399998672161,123,A02,cross-subject,AdaBN
193,16,0,0.0003738869997960137,123,A02,cross-subject,AdaBN
194,16,0,0.0004221010001401737,123,A02,cross-subject,AdaBN
195,16,0,0.00041588499993849837,123,A02,cross-subject,AdaBN
196,16,0,0.0003690169999117643,123,A02,cross-subject,AdaBN
197,16,0,0.00042220699992867594,123,A02,cross-subject,AdaBN
198,16,0,0.000531389999878229,123,A02,cross-subject,AdaBN
199,16,1,0.0003840030001356354,123,A02,cross-subject,AdaBN
200,16,0,0.00041704800014485954,123,A02,cross-subject,AdaBN
201,16,0,0.0004070289999162924,123,A02,cross-subject,AdaBN
202,16,0,0.0003615840000747994,123,A02,cross-subject,AdaBN
203,16,0,0.0003913440000360424,123,A02,cross-subject,AdaBN
204,16,1,0.0004138760000387265,123,A02,cross-subject,AdaBN
205,16,1,0.00036156100009065995,123,A02,cross-subject,AdaBN
206,16,0,0.00042358300015621353,123,A02,cross-subject,AdaBN
207,16,1,0.00047624500007259485,123,A02,cross-subject,AdaBN
208,16,0,0.0004305160000512842,123,A02,cross-subject,AdaBN
209,16,1,0.00039579700001013407,123,A02,cross-subject,AdaBN
210,16,0,0.0004186509997907706,123,A02,cross-subject,AdaBN
211,16,0,0.00038225599996621895,123,A02,cross-subject,AdaBN
212,16,1,0.00043270600008327165,123,A02,cross-subject,AdaBN
213,16,0,0.0004056919999584352,123,A02,cross-subject,AdaBN
214,16,0,0.00041097999996964063,123,A02,cross-subject,AdaBN
215,16,1,0.0003907909999725234,123,A02,cross-subject,AdaBN
216,16,0,0.0003915830000096321,123,A02,cross-subject,AdaBN
217,16,0,0.00043275700022604724,123,A02,cross-subject,AdaBN
218,16,0,0.00045379199991657515,123,A02,cross-subject,AdaBN
219,16,0,0.0004488300000957679,123,A02,cross-subject,AdaBN
220,16,0,0.000376841000161221,123,A02,cross-subject,AdaBN
221,16,0,0.00038390600002458086,123,A02,cross-subject,AdaBN
222,16,0,0.0003893169998718804,123,A02,cross-subject,AdaBN
223,16,1,0.00036689199987449683,123,A02,cross-subject,AdaBN
224,16,0,0.00036715700002787344,123,A02,cross-subject,AdaBN
225,16,0,0.000377070000013191,123,A02,cross-subject,AdaBN
226,16,0,0.00036245199999029865,123,A02,cross-subject,AdaBN
227,16,1,0.00036670500003310735,123,A02,cross-subject,AdaBN
228,16,0,0.0003716090000125405,123,A02,cross-subject,AdaBN
229,16,0,0.00045670600002267747,123,A02,cross-subject,AdaBN
230,16,0,0.00047939399996721477,123,A02,cross-subject,AdaBN
231,16,0,0.0003778749999128195,123,A02,cross-subject,AdaBN
232,16,0,0.0003692729999329458,123,A02,cross-subject,AdaBN
233,16,0,0.0004225940001560957,123,A02,cross-subject,AdaBN
234,16,0,0.00037661400006072654,123,A02,cross-subject,AdaBN
235,16,0,0.00039686300010544073,123,A02,cross-subject,AdaBN
236,16,0,0.00039795900011085905,123,A02,cross-subject,AdaBN
237,16,1,0.00037119800003893033,123,A02,cross-subject,AdaBN
238,16,0,0.00039487599997301004,123,A02,cross-subject,AdaBN
239,16,0,0.00038475299993478984,123,A02,cross-subject,AdaBN
240,16,1,0.00043534900009944977,123,A02,cross-subject,AdaBN
241,16,0,0.00044157199999972363,123,A02,cross-subject,AdaBN
242,16,0,0.0004025830000955466,123,A02,cross-subject,AdaBN
243,16,0,0.00040733299988460203,123,A02,cross-subject,AdaBN
244,16,1,0.0004185369998594979,123,A02,cross-subject,AdaBN
245,16,0,0.0003970119998939481,123,A02,cross-subject,AdaBN
246,16,0,0.0003662829999484529,123,A02,cross-subject,AdaBN
247,16,0,0.00041706699994392693,123,A02,cross-subject,AdaBN
248,16,0,0.00038849800012030755,123,A02,cross-subject,AdaBN
249,16,0,0.00037217900012365135,123,A02,cross-subject,AdaBN
250,16,1,0.00042160799989687803,123,A02,cross-subject,AdaBN
251,16,0,0.0004659759999867674,123,A02,cross-subject,AdaBN
252,16,0,0.00038425100001404644,123,A02,cross-subject,AdaBN
253,16,0,0.0004179679999651853,123,A02,cross-subject,AdaBN
254,16,0,0.00037557399991783313,123,A02,cross-subject,AdaBN
255,16,1,0.00037594600007651024,123,A02,cross-subject,AdaBN
256,16,1,0.00040088100013235817,123,A02,cross-subject,AdaBN
257,16,0,0.0003737229999387637,123,A02,cross-subject,AdaBN
258,16,0,0.00037174099998082966,123,A02,cross-subject,AdaBN
259,16,0,0.00040537899985793047,123,A02,cross-subject,AdaBN
260,16,0,0.000453655000001163,123,A02,cross-subject,AdaBN
261,16,0,0.0004373279998617363,123,A02,cross-subject,AdaBN
262,16,1,0.00043336999988241587,123,A02,cross-subject,AdaBN
263,16,0,0.00043059500012532226,123,A02,cross-subject,AdaBN
264,16,1,0.0003763040001558693,123,A02,cross-subject,AdaBN
265,16,0,0.0003886019999299606,123,A02,cross-subject,AdaBN
266,16,0,0.00037158200007070263,123,A02,cross-subject,AdaBN
267,16,0,0.00036334699984763574,123,A02,cross-subject,AdaBN
268,16,0,0.00042369400011921243,123,A02,cross-subject,AdaBN
269,16,0,0.0003760399999919173,123,A02,cross-subject,AdaBN
270,16,0,0.00042589300005602126,123,A02,cross-subject,AdaBN
271,16,0,0.0005391639999743347,123,A02,cross-subject,AdaBN
272,16,1,0.000439440000036484,123,A02,cross-subject,AdaBN
273,16,0,0.00039193299994622066,123,A02,cross-subject,AdaBN
274,16,0,0.0004370999999991909,123,A02,cross-subject,AdaBN
275,16,1,0.00039514900004178344,123,A02,cross-subject,AdaBN
276,16,0,0.0003789039999446686,123,A02,cross-subject,AdaBN
277,16,0,0.00040819800005920115,123,A02,cross-subject,AdaBN
278,16,0,0.00039814000001570093,123,A02,cross-subject,AdaBN
279,16,0,0.0003951300000153424,123,A02,cross-subject,AdaBN
280,16,0,0.0004267650001565926,123,A02,cross-subject,AdaBN
281,16,0,0.00046928799997658643,123,A02,cross-subject,AdaBN
282,16,0,0.0003956259999995382,123,A02,cross-subject,AdaBN
283,16,0,0.0004319679999298387,123,A02,cross-subject,AdaBN
284,16,0,0.00039974099991013645,123,A02,cross-subject,AdaBN
285,16,0,0.0003657380000277044,123,A02,cross-subject,AdaBN
286,16,0,0.0004098409999642172,123,A02,cross-subject,AdaBN
287,16,0,0.00039635799998904986,123,A02,cross-subject,AdaBN
0,1,1,0.001381462000153988,123,A03,cross-subject,AdaBN
1,2,1,0.0011757990000660357,123,A03,cross-subject,AdaBN
2,3,0,0.0011643029999959253,123,A03,cross-subject,AdaBN
3,4,1,0.002062156999954823,123,A03,cross-subject,AdaBN
4,5,0,0.0021009279998907004,123,A03,cross-subject,AdaBN
5,6,1,0.0019876960000146937,123,A03,cross-subject,AdaBN
6,7,1,0.0019315020001613448,123,A03,cross-subject,AdaBN
7,8,1,0.0019249150000177906,123,A03,cross-subject,AdaBN
8,9,0,0.0016628159999072523,123,A03,cross-subject,AdaBN
9,10,1,0.0015788339999289747,123,A03,cross-subject,AdaBN
10,11,1,0.001536156999918603,123,A03,cross-subject,AdaBN
11,12,0,0.001563598000075217,123,A03,cross-subject,AdaBN
12,13,0,0.0015449540001100104,123,A03,cross-subject,AdaBN
13,14,1,0.0015432939999300288,123,A03,cross-subject,AdaBN
14,15,1,0.0017549819999658212,123,A03,cross-subject,AdaBN
15,16,1,0.0014950699999189965,123,A03,cross-subject,AdaBN
16,16,1,0.001079476000086288,123,A03,cross-subject,AdaBN
17,16,0,0.0010380229998645518,123,A03,cross-subject,AdaBN
18,16,1,0.0010642710001320665,123,A03,cross-subject,AdaBN
19,16,1,0.0011895840000306634,123,A03,cross-subject,AdaBN
20,16,0,0.0013309420000950922,123,A03,cross-subject,AdaBN
21,16,0,0.0015434460001415573,123,A03,cross-subject,AdaBN
22,16,1,0.000729501000023447,123,A03,cross-subject,AdaBN
23,16,1,0.000652069000125266,123,A03,cross-subject,AdaBN
24,16,0,0.0006685870000637806,123,A03,cross-subject,AdaBN
25,16,0,0.0007062009999572183,123,A03,cross-subject,AdaBN
26,16,0,0.0007489170000098966,123,A03,cross-subject,AdaBN
27,16,1,0.0007801629999448778,123,A03,cross-subject,AdaBN
28,16,0,0.0008246350000717939,123,A03,cross-subject,AdaBN
29,16,0,0.000875154000141265,123,A03,cross-subject,AdaBN
30,16,1,0.000911408999854757,123,A03,cross-subject,AdaBN
31,16,1,0.0009805219999634573,123,A03,cross-subject,AdaBN
32,16,1,0.0011613970000325935,123,A03,cross-subject,AdaBN
33,16,1,0.0011193180000645953,123,A03,cross-subject,AdaBN
34,16,1,0.0011850939999931143,123,A03,cross-subject,AdaBN
35,16,1,0.0012859399998887966,123,A03,cross-subject,AdaBN
36,16,1,0.0013548399999763205,123,A03,cross-subject,AdaBN
37,16,1,0.0015624719999323133,123,A03,cross-subject,AdaBN
38,16,0,0.00161552299982759,123,A03,cross-subject,AdaBN
39,16,1,0.0016843099999732658,123,A03,cross-subject,AdaBN
40,16,0,0.0018651939999472233,123,A03,cross-subject,AdaBN
41,16,0,0.0020416120000845694,123,A03,cross-subject,AdaBN
42,16,1,0.0019674739999118174,123,A03,cross-subject,AdaBN
43,16,0,0.001804527999865968,123,A03,cross-subject,AdaBN
44,16,1,0.0018598869999095768,123,A03,cross-subject,AdaBN
45,16,1,0.001691209999989951,123,A03,cross-subject,AdaBN
46,16,0,0.0020601369999440067,123,A03,cross-subject,AdaBN
47,16,0,0.001975592000007964,123,A03,cross-subject,AdaBN
48,16,1,0.0020932310001171572,123,A03,cross-subject,AdaBN
49,16,0,0.0023888249997980893,123,A03,cross-subject,AdaBN
50,16,1,0.0023731750000024476,123,A03,cross-subject,AdaBN
51,16,1,0.002348472999983642,123,A03,cross-subject,AdaBN
52,16,1,0.002508235999812314,123,A03,cross-subject,AdaBN
53,16,1,0.002392389000078765,123,A03,cross-subject,AdaBN
54,16,1,0.002394838000100208,123,A03,cross-subject,AdaBN
55,16,1,0.0024293619999298244,123,A03,cross-subject,AdaBN
56,16,0,0.002314258000069458,123,A03,cross-subject,AdaBN
57,16,0,0.002368918999991365,123,A03,cross-subject,AdaBN
58,16,1,0.0023705000000973087,123,A03,cross-subject,AdaBN
59,16,1,0.0023508989997935714,123,A03,cross-subject,AdaBN
60,16,1,0.00231510999992679,123,A03,cross-subject,AdaBN
61,16,1,0.002366596000001664,123,A03,cross-subject,AdaBN
62,16,1,0.002332953999939491,123,A03,cross-subject,AdaBN
63,16,1,0.002373765000129424,123,A03,cross-subject,AdaBN
64,16,1,0.00233475000004546,123,A03,cross-subject,AdaBN
65,16,1,0.0023603670001648425,123,A03,cross-subject,AdaBN
66,16,0,0.0022818510001343384,123,A03,cross-subject,AdaBN
67,16,1,0.0020655630000874226,123,A03,cross-subject,AdaBN
68,16,1,0.0021110709999447863,123,A03,cross-subject,AdaBN
69,16,1,0.0018201160000899108,123,A03,cross-subject,AdaBN
70,16,1,0.0016827289998673223,123,A03,cross-subject,AdaBN
71,16,0,0.0015663419999327743,123,A03,cross-subject,AdaBN
72,16,1,0.0014675279999210034,123,A03,cross-subject,AdaBN
73,16,1,0.0013581480000084412,123,A03,cross-subject,AdaBN
74,16,0,0.0012803859999621636,123,A03,cross-subject,AdaBN
75,16,1,0.0012386840000999655,123,A03,cross-subject,AdaBN
76,16,0,0.0011343339999712043,123,A03,cross-subject,AdaBN
77,16,0,0.0010226480001165328,123,A03,cross-subject,AdaBN
78,16,1,0.0009850199999164033,123,A03,cross-subject,AdaBN
79,16,1,0.0009453380000650213,123,A03,cross-subject,AdaBN
80,16,1,0.0008710580000297341,123,A03,cross-subject,AdaBN
81,16,0,0.000847470000053363,123,A03,cross-subject,AdaBN
82,16,1,0.0008154080001077091,123,A03,cross-subject,AdaBN
83,16,1,0.0007698550000441173,123,A03,cross-subject,AdaBN
84,16,0,0.0007564730001377029,123,A03,cross-subject,AdaBN
85,16,0,0.0006946890000563144,123,A03,cross-subject,AdaBN
86,16,1,0.0006499829999029316,123,A03,cross-subject,AdaBN
87,16,0,0.0006321959999695537,123,A03,cross-subject,AdaBN
88,16,1,0.0006129289999989851,123,A03,cross-subject,AdaBN
89,16,0,0.0005754979999892385,123,A03,cross-subject,AdaBN
90,16,1,0.0005445140000119864,123,A03,cross-subject,AdaBN
91,16,0,0.0005550550001771626,123,A03,cross-subject,AdaBN
92,16,1,0.0005224899998665933,123,A03,cross-subject,AdaBN
93,16,1,0.0005056210000020656,123,A03,cross-subject,AdaBN
94,16,0,0.0004934549999688898,123,A03,cross-subject,AdaBN
95,16,1,0.0004573490000439051,123,A03,cross-subject,AdaBN
96,16,1,0.0004616169999280828,123,A03,cross-subject,AdaBN
97,16,1,0.00043453199987197877,123,A03,cross-subject,AdaBN
98,16,0,0.00043281900002511975,123,A03,cross-subject,AdaBN
99,16,1,0.00042153200001848745,123,A03,cross-subject,AdaBN
100,16,1,0.0004154260000177601,123,A03,cross-subject,AdaBN
101,16,0,0.0003721069999755855,123,A03,cross-subject,AdaBN
102,16,1,0.00039231499999914377,123,A03,cross-subject,AdaBN
103,16,0,0.0003632460000062565,123,A03,cross-subject,AdaBN
104,16,1,0.00036460799992710236,123,A03,cross-subject,AdaBN
105,16,1,0.000415322999970158,123,A03,cross-subject,AdaBN
106,16,1,0.00035657500006891496,123,A03,cross-subject,AdaBN
107,16,0,0.0004371219999939058,123,A03,cross-subject,AdaBN
108,16,1,0.0004572489999645768,123,A03,cross-subject,AdaBN
109,16,0,0.0004469479999897885,123,A03,cross-subject,AdaBN
110,16,1,0.0003643719999217865,123,A03,cross-subject,AdaBN
111,16,0,0.0003822950000085257,123,A03,cross-subject,AdaBN
112,16,0,0.0003556110000317858,123,A03,cross-subject,AdaBN
113,16,1,0.00044118799996795133,123,A03,cross-subject,AdaBN
114,16,0,0.00039451800012102467,123,A03,cross-subject,AdaBN
115,16,1,0.0003650409998954274,123,A03,cross-subject,AdaBN
116,16,0,0.00036689399985334603,123,A03,cross-subject,AdaBN
117,16,0,0.00037174700014475093,123,A03,cross-subject,AdaBN
118,16,1,0.00038099699986560154,123,A03,cross-subject,AdaBN
119,16,0,0.0004130529998747079,123,A03,cross-subject,AdaBN
120,16,1,0.00038761200016779185,123,A03,cross-subject,AdaBN
121,16,1,0.0004154279999966093,123,A03,cross-subject,AdaBN
122,16,0,0.0004849289998674067,123,A03,cross-subject,AdaBN
123,16,0,0.0003712049999649025,123,A03,cross-subject,AdaBN
124,16,1,0.0003811219999079185,123,A03,cross-subject,AdaBN
125,16,0,0.00038318200017783965,123,A03,cross-subject,AdaBN
126,16,0,0.00043806300004689547,123,A03,cross-subject,AdaBN
127,16,0,0.000403741999889462,123,A03,cross-subject,AdaBN
128,16,1,0.000451776999852882,123,A03,cross-subject,AdaBN
129,16,0,0.0003640809998159966,123,A03,cross-subject,AdaBN
130,16,1,0.00041175499995915743,123,A03,cross-subject,AdaBN
131,16,1,0.00036609500011763885,123,A03,cross-subject,AdaBN
132,16,1,0.0003895410000041011,123,A03,cross-subject,AdaBN
133,16,0,0.0003642579999905138,123,A03,cross-subject,AdaBN
134,16,1,0.0005328140000528947,123,A03,cross-subject,AdaBN
135,16,1,0.0004451730001164833,123,A03,cross-subject,AdaBN
136,16,0,0.0004434530001162784,123,A03,cross-subject,AdaBN
137,16,0,0.0003667329999643698,123,A03,cross-subject,AdaBN
138,16,1,0.0003894839999247779,123,A03,cross-subject,AdaBN
139,16,1,0.0003766939998968155,123,A03,cross-subject,AdaBN
140,16,1,0.00038961800009928993,123,A03,cross-subject,AdaBN
141,16,0,0.0003841170000669081,123,A03,cross-subject,AdaBN
142,16,0,0.000379191999854811,123,A03,cross-subject,AdaBN
143,16,1,0.0003972649999468558,123,A03,cross-subject,AdaBN
144,16,1,0.00038375099984477856,123,A03,cross-subject,AdaBN
145,16,1,0.00041438800008108956,123,A03,cross-subject,AdaBN
146,16,1,0.00037744400015071733,123,A03,cross-subject,AdaBN
147,16,0,0.0004059450000113429,123,A03,cross-subject,AdaBN
148,16,0,0.00045156400005907926,123,A03,cross-subject,AdaBN
149,16,0,0.0004649239999707788,123,A03,cross-subject,AdaBN
150,16,0,0.00037267400011842255,123,A03,cross-subject,AdaBN
151,16,1,0.00041665899993859057,123,A03,cross-subject,AdaBN
152,16,0,0.0003764570001294487,123,A03,cross-subject,AdaBN
153,16,1,0.00043435700013105816,123,A03,cross-subject,AdaBN
154,16,1,0.0003656900000805763,123,A03,cross-subject,AdaBN
155,16,1,0.0004154829998697096,123,A03,cross-subject,AdaBN
156,16,1,0.00036975100010749884,123,A03,cross-subject,AdaBN
157,16,1,0.0003941349998513033,123,A03,cross-subject,AdaBN
158,16,1,0.00036284099996919394,123,A03,cross-subject,AdaBN
159,16,1,0.00039671499985161063,123,A03,cross-subject,AdaBN
160,16,1,0.00036522099981084466,123,A03,cross-subject,AdaBN
161,16,1,0.0004528859999481938,123,A03,cross-subject,AdaBN
162,16,1,0.0005261479998353025,123,A03,cross-subject,AdaBN
163,16,0,0.00041742799999155977,123,A03,cross-subject,AdaBN
164,16,0,0.0004034199998841359,123,A03,cross-subject,AdaBN
165,16,1,0.00036930500004928035,123,A03,cross-subject,AdaBN
166,16,0,0.00039558200001010846,123,A03,cross-subject,AdaBN
167,16,0,0.00039741399996273685,123,A03,cross-subject,AdaBN
168,16,1,0.0003970679999838467,123,A03,cross-subject,AdaBN
169,16,1,0.000374246000092171,123,A03,cross-subject,AdaBN
170,16,1,0.0003970440000102826,123,A03,cross-subject,AdaBN
171,16,1,0.0003932399999939662,123,A03,cross-subject,AdaBN
172,16,1,0.0004019419998257945,123,A03,cross-subject,AdaBN
173,16,1,0.00037090599994371587,123,A03,cross-subject,AdaBN
174,16,1,0.0004413279998516373,123,A03,cross-subject,AdaBN
175,16,1,0.0004288169998289959,123,A03,cross-subject,AdaBN
176,16,0,0.0004197529999601102,123,A03,cross-subject,AdaBN
177,16,1,0.00036172499994790996,123,A03,cross-subject,AdaBN
178,16,0,0.00041838499987534306,123,A03,cross-subject,AdaBN
179,16,1,0.00037368399989645695,123,A03,cross-subject,AdaBN
180,16,1,0.000394572999994125,123,A03,cross-subject,AdaBN
181,16,1,0.00036871299994345463,123,A03,cross-subject,AdaBN
182,16,0,0.0004040439998789225,123,A03,cross-subject,AdaBN
183,16,1,0.0003679080000438262,123,A03,cross-subject,AdaBN
184,16,0,0.00037793599994984106,123,A03,cross-subject,AdaBN
185,16,1,0.0003676000001178181,123,A03,cross-subject,AdaBN
186,16,1,0.0003837770000245655,123,A03,cross-subject,AdaBN
187,16,0,0.00037534400007643853,123,A03,cross-subject,AdaBN
188,16,1,0.000466809000045032,123,A03,cross-subject,AdaBN
189,16,1,0.0005050320000918873,123,A03,cross-subject,AdaBN
190,16,1,0.000393192999808889,123,A03,cross-subject,AdaBN
191,16,1,0.00040927100008048,123,A03,cross-subject,AdaBN
192,16,1,0.0003702730000441079,123,A03,cross-subject,AdaBN
193,16,1,0.00037457500002346933,123,A03,cross-subject,AdaBN
194,16,1,0.000369729000112784,123,A03,cross-subject,AdaBN
195,16,1,0.00036016600006405497,123,A03,cross-subject,AdaBN
196,16,0,0.00037617599991790485,123,A03,cross-subject,AdaBN
197,16,1,0.0003620360000695655,123,A03,cross-subject,AdaBN
198,16,1,0.0003653649998796027,123,A03,cross-subject,AdaBN
199,16,0,0.0003721049999967363,123,A03,cross-subject,AdaBN
200,16,1,0.00044472499985204195,123,A03,cross-subject,AdaBN
201,16,0,0.0004676890000610001,123,A03,cross-subject,AdaBN
202,16,1,0.00041666800007078564,123,A03,cross-subject,AdaBN
203,16,1,0.00036875500018140883,123,A03,cross-subject,AdaBN
204,16,1,0.0003956100001687446,123,A03,cross-subject,AdaBN
205,16,1,0.00036067499991077057,123,A03,cross-subject,AdaBN
206,16,0,0.0003790040000239969,123,A03,cross-subject,AdaBN
207,16,1,0.00038364100009857793,123,A03,cross-subject,AdaBN
208,16,0,0.0003596579999793903,123,A03,cross-subject,AdaBN
209,16,0,0.0004218879998916236,123,A03,cross-subject,AdaBN
210,16,0,0.00046074400006546057,123,A03,cross-subject,AdaBN
211,16,1,0.00037439600009747664,123,A03,cross-subject,AdaBN
212,16,0,0.00039260099993043696,123,A03,cross-subject,AdaBN
213,16,1,0.0003773070000079315,123,A03,cross-subject,AdaBN
214,16,1,0.0003635909999957221,123,A03,cross-subject,AdaBN
215,16,0,0.0004071079999903304,123,A03,cross-subject,AdaBN
216,16,1,0.00036244300008547725,123,A03,cross-subject,AdaBN
217,16,1,0.00037042100007056433,123,A03,cross-subject,AdaBN
218,16,1,0.00039880099984657136,123,A03,cross-subject,AdaBN
219,16,1,0.00036378100003275904,123,A03,cross-subject,AdaBN
220,16,1,0.0004637590000129421,123,A03,cross-subject,AdaBN
221,16,0,0.00045317500007513445,123,A03,cross-subject,AdaBN
222,16,0,0.0003878780000832194,123,A03,cross-subject,AdaBN
223,16,0,0.00038485599998239195,123,A03,cross-subject,AdaBN
224,16,0,0.0003676290000385052,123,A03,cross-subject,AdaBN
225,16,0,0.0003772980001031101,123,A03,cross-subject,AdaBN
226,16,1,0.00036678500009657,123,A03,cross-subject,AdaBN
227,16,0,0.0003715000000283908,123,A03,cross-subject,AdaBN
228,16,1,0.0003594909999264928,123,A03,cross-subject,AdaBN
229,16,1,0.00037340299991228676,123,A03,cross-subject,AdaBN
230,16,1,0.0003692379998483375,123,A03,cross-subject,AdaBN
231,16,1,0.000405899000043064,123,A03,cross-subject,AdaBN
232,16,1,0.000447841999857701,123,A03,cross-subject,AdaBN
233,16,0,0.0004083879998688644,123,A03,cross-subject,AdaBN
234,16,0,0.00035873699994226627,123,A03,cross-subject,AdaBN
235,16,0,0.0003804699999818695,123,A03,cross-subject,AdaBN
236,16,1,0.00036909799996465154,123,A03,cross-subject,AdaBN
237,16,0,0.00036069599991606083,123,A03,cross-subject,AdaBN
238,16,1,0.0003618159998950432,123,A03,cross-subject,AdaBN
239,16,0,0.0003809439999713504,123,A03,cross-subject,AdaBN
240,16,0,0.0003683429999910004,123,A03,cross-subject,AdaBN
241,16,1,0.00040256100010083173,123,A03,cross-subject,AdaBN
242,16,0,0.00045726899998044246,123,A03,cross-subject,AdaBN
243,16,1,0.00043846400012625963,123,A03,cross-subject,AdaBN
244,16,0,0.00038958699997238,123,A03,cross-subject,AdaBN
245,16,1,0.0004069159999744443,123,A03,cross-subject,AdaBN
246,16,1,0.0003731589999915741,123,A03,cross-subject,AdaBN
247,16,0,0.0003642340000169497,123,A03,cross-subject,AdaBN
248,16,0,0.00038965800013102125,123,A03,cross-subject,AdaBN
249,16,1,0.00036731599993800046,123,A03,cross-subject,AdaBN
250,16,1,0.00035907799997403345,123,A03,cross-subject,AdaBN
251,16,1,0.0004257690000031289,123,A03,cross-subject,AdaBN
252,16,1,0.0003795019999870419,123,A03,cross-subject,AdaBN
253,16,1,0.00043967999999949825,123,A03,cross-subject,AdaBN
254,16,1,0.00044251199983591505,123,A03,cross-subject,AdaBN
255,16,0,0.0003883110000515444,123,A03,cross-subject,AdaBN
256,16,1,0.000360199999931865,123,A03,cross-subject,AdaBN
257,16,1,0.00042894900002465874,123,A03,cross-subject,AdaBN
258,16,1,0.000391140999909112,123,A03,cross-subject,AdaBN
259,16,1,0.0003587839998999698,123,A03,cross-subject,AdaBN
260,16,0,0.0003971990001900849,123,A03,cross-subject,AdaBN
261,16,0,0.0003896959999565297,123,A03,cross-subject,AdaBN
262,16,1,0.00044376100004228647,123,A03,cross-subject,AdaBN
263,16,0,0.00043962699987787346,123,A03,cross-subject,AdaBN
264,16,0,0.0004057850001117913,123,A03,cross-subject,AdaBN
265,16,1,0.0003692899999805377,123,A03,cross-subject,AdaBN
266,16,1,0.00039050999998835323,123,A03,cross-subject,AdaBN
267,16,0,0.0003983720000633184,123,A03,cross-subject,AdaBN
268,16,1,0.00036609999983738817,123,A03,cross-subject,AdaBN
269,16,1,0.00037167799996495887,123,A03,cross-subject,AdaBN
270,16,0,0.0004121019999274722,123,A03,cross-subject,AdaBN
271,16,1,0.0003629830000591028,123,A03,cross-subject,AdaBN
272,16,1,0.00042716500001915847,123,A03,cross-subject,AdaBN
273,16,1,0.0004517040001701389,123,A03,cross-subject,AdaBN
274,16,0,0.00043519900009414414,123,A03,cross-subject,AdaBN
275,16,1,0.00039209700003084436,123,A03,cross-subject,AdaBN
276,16,1,0.00041728399992280174,123,A03,cross-subject,AdaBN
277,16,0,0.0003897599999618251,123,A03,cross-subject,AdaBN
278,16,1,0.0003615430000536435,123,A03,cross-subject,AdaBN
279,16,1,0.00037700600000789564,123,A03,cross-subject,AdaBN
280,16,1,0.00037549100011347036,123,A03,cross-subject,AdaBN
281,16,0,0.0003645879999112367,123,A03,cross-subject,AdaBN
282,16,0,0.00040769600013845775,123,A03,cross-subject,AdaBN
283,16,0,0.00043936399993071973,123,A03,cross-subject,AdaBN
284,16,1,0.0004670260000239068,123,A03,cross-subject,AdaBN
285,16,0,0.0003870850000566861,123,A03,cross-subject,AdaBN
286,16,1,0.0003827459997864935,123,A03,cross-subject,AdaBN
287,16,1,0.00037042699977973825,123,A03,cross-subject,AdaBN
0,1,0,0.0013443140001072607,123,A04,cross-subject,AdaBN
1,2,0,0.0011759879998862743,123,A04,cross-subject,AdaBN
2,3,0,0.001162127000043256,123,A04,cross-subject,AdaBN
3,4,0,0.0020565899999382964,123,A04,cross-subject,AdaBN
4,5,0,0.002086060000010548,123,A04,cross-subject,AdaBN
5,6,0,0.0019423779999669932,123,A04,cross-subject,AdaBN
6,7,0,0.0019478900001104194,123,A04,cross-subject,AdaBN
7,8,0,0.002001890000201456,123,A04,cross-subject,AdaBN
8,9,0,0.0017250310002054903,123,A04,cross-subject,AdaBN
9,10,1,0.001592516999835425,123,A04,cross-subject,AdaBN
10,11,1,0.001545710999835137,123,A04,cross-subject,AdaBN
11,12,0,0.0015841730000829557,123,A04,cross-subject,AdaBN
12,13,0,0.0016602580001290335,123,A04,cross-subject,AdaBN
13,14,1,0.0015604230000008101,123,A04,cross-subject,AdaBN
14,15,0,0.0015121399999316054,123,A04,cross-subject,AdaBN
15,16,1,0.0014081059998716228,123,A04,cross-subject,AdaBN
16,16,0,0.0015598970001065027,123,A04,cross-subject,AdaBN
17,16,0,0.0007066939999731403,123,A04,cross-subject,AdaBN
18,16,0,0.0005176360000405111,123,A04,cross-subject,AdaBN
19,16,1,0.0005552990000978753,123,A04,cross-subject,AdaBN
20,16,0,0.0005355099999633239,123,A04,cross-subject,AdaBN
21,16,1,0.0005125060001773818,123,A04,cross-subject,AdaBN
22,16,1,0.000576465999984066,123,A04,cross-subject,AdaBN
23,16,0,0.000455403000160004,123,A04,cross-subject,AdaBN
24,16,0,0.0005777100000159408,123,A04,cross-subject,AdaBN
25,16,0,0.0005857850001120823,123,A04,cross-subject,AdaBN
26,16,0,0.0005286919999889506,123,A04,cross-subject,AdaBN
27,16,1,0.0005533589999231481,123,A04,cross-subject,AdaBN
28,16,1,0.0005187550000300689,123,A04,cross-subject,AdaBN
29,16,1,0.0005004120000648982,123,A04,cross-subject,AdaBN
30,16,0,0.0005346240000108082,123,A04,cross-subject,AdaBN
31,16,0,0.0005567890000293119,123,A04,cross-subject,AdaBN
32,16,0,0.0005881029999272869,123,A04,cross-subject,AdaBN
33,16,0,0.000687597000023743,123,A04,cross-subject,AdaBN
34,16,0,0.0006509070001357031,123,A04,cross-subject,AdaBN
35,16,1,0.0006952400001409842,123,A04,cross-subject,AdaBN
36,16,0,0.000699895000025208,123,A04,cross-subject,AdaBN
37,16,1,0.0007323929999074608,123,A04,cross-subject,AdaBN
38,16,1,0.0008030929998312786,123,A04,cross-subject,AdaBN
39,16,0,0.0008329540000886482,123,A04,cross-subject,AdaBN
40,16,0,0.0008661599999868486,123,A04,cross-subject,AdaBN
41,16,0,0.0010198659999787196,123,A04,cross-subject,AdaBN
42,16,0,0.0011238750000757136,123,A04,cross-subject,AdaBN
43,16,0,0.0010161749999042513,123,A04,cross-subject,AdaBN
44,16,1,0.0011004850000517763,123,A04,cross-subject,AdaBN
45,16,1,0.001132073999997374,123,A04,cross-subject,AdaBN
46,16,0,0.0012607830001343245,123,A04,cross-subject,AdaBN
47,16,0,0.0013866549998056144,123,A04,cross-subject,AdaBN
48,16,0,0.0014483580000614893,123,A04,cross-subject,AdaBN
49,16,0,0.0014368629999808036,123,A04,cross-subject,AdaBN
50,16,1,0.0017483120000179042,123,A04,cross-subject,AdaBN
51,16,0,0.001641729999846575,123,A04,cross-subject,AdaBN
52,16,1,0.0017083990001083293,123,A04,cross-subject,AdaBN
53,16,0,0.0019061309999415244,123,A04,cross-subject,AdaBN
54,16,1,0.002122912999993787,123,A04,cross-subject,AdaBN
55,16,1,0.00234299299995655,123,A04,cross-subject,AdaBN
56,16,1,0.0023383449999982986,123,A04,cross-subject,AdaBN
57,16,1,0.0023215090000121563,123,A04,cross-subject,AdaBN
58,16,1,0.002372744000012972,123,A04,cross-subject,AdaBN
59,16,1,0.0023440889999619685,123,A04,cross-subject,AdaBN
60,16,0,0.002340174999972078,123,A04,cross-subject,AdaBN
61,16,1,0.0023462399999516492,123,A04,cross-subject,AdaBN
62,16,1,0.0023780889998761268,123,A04,cross-subject,AdaBN
63,16,1,0.0023531709998678707,123,A04,cross-subject,AdaBN
64,16,0,0.002361559000064517,123,A04,cross-subject,AdaBN
65,16,0,0.0023806239998975798,123,A04,cross-subject,AdaBN
66,16,0,0.0023133669999424455,123,A04,cross-subject,AdaBN
67,16,1,0.0024997699999858014,123,A04,cross-subject,AdaBN
68,16,0,0.002105248999896503,123,A04,cross-subject,AdaBN
69,16,1,0.0019459869999991497,123,A04,cross-subject,AdaBN
70,16,0,0.0018836010001450632,123,A04,cross-subject,AdaBN
71,16,0,0.0017303859999628912,123,A04,cross-subject,AdaBN
72,16,1,0.0016899679999369255,123,A04,cross-subject,AdaBN
73,16,0,0.001538471000003483,123,A04,cross-subject,AdaBN
74,16,0,0.0014324549999855662,123,A04,cross-subject,AdaBN
75,16,0,0.0013203039998188615,123,A04,cross-subject,AdaBN
76,16,1,0.0012302220000037778,123,A04,cross-subject,AdaBN
77,16,1,0.0011912580000625894,123,A04,cross-subject,AdaBN
78,16,0,0.001127121000081388,123,A04,cross-subject,AdaBN
79,16,0,0.0010494979999293719,123,A04,cross-subject,AdaBN
80,16,0,0.0010013359999447857,123,A04,cross-subject,AdaBN
81,16,0,0.0009330679999948188,123,A04,cross-subject,AdaBN
82,16,1,0.000887983999973585,123,A04,cross-subject,AdaBN
83,16,1,0.0008572229999117553,123,A04,cross-subject,AdaBN
84,16,0,0.0008365910000520671,123,A04,cross-subject,AdaBN
85,16,0,0.0007723799999439507,123,A04,cross-subject,AdaBN
86,16,1,0.0007362430001194298,123,A04,cross-subject,AdaBN
87,16,0,0.0007137250001960638,123,A04,cross-subject,AdaBN
88,16,0,0.0006860789999336703,123,A04,cross-subject,AdaBN
89,16,1,0.0006696779998947022,123,A04,cross-subject,AdaBN
90,16,1,0.0006383900001765141,123,A04,cross-subject,AdaBN
91,16,0,0.000607505999823843,123,A04,cross-subject,AdaBN
92,16,1,0.0005840960000114137,123,A04,cross-subject,AdaBN
93,16,0,0.0005600330000561371,123,A04,cross-subject,AdaBN
94,16,0,0.0005592840000190336,123,A04,cross-subject,AdaBN
95,16,0,0.0005161819999557338,123,A04,cross-subject,AdaBN
96,16,0,0.0005045390000759653,123,A04,cross-subject,AdaBN
97,16,0,0.00048127900004146795,123,A04,cross-subject,AdaBN
98,16,0,0.0004625120000127936,123,A04,cross-subject,AdaBN
99,16,1,0.00044697399994220177,123,A04,cross-subject,AdaBN
100,16,0,0.0004374410000309581,123,A04,cross-subject,AdaBN
101,16,1,0.0004070029999638791,123,A04,cross-subject,AdaBN
102,16,0,0.0004049809999742138,123,A04,cross-subject,AdaBN
103,16,1,0.000390019999940705,123,A04,cross-subject,AdaBN
104,16,0,0.0003920269998616277,123,A04,cross-subject,AdaBN
105,16,1,0.0003643610000381159,123,A04,cross-subject,AdaBN
106,16,0,0.00036001600005874934,123,A04,cross-subject,AdaBN
107,16,0,0.00036290200000621553,123,A04,cross-subject,AdaBN
108,16,0,0.000401062999799251,123,A04,cross-subject,AdaBN
109,16,0,0.00044738499991581193,123,A04,cross-subject,AdaBN
110,16,1,0.0004382780000469211,123,A04,cross-subject,AdaBN
111,16,0,0.00041976600005000364,123,A04,cross-subject,AdaBN
112,16,1,0.0003767400000924681,123,A04,cross-subject,AdaBN
113,16,0,0.00039579700001013407,123,A04,cross-subject,AdaBN
114,16,0,0.00036621000003833615,123,A04,cross-subject,AdaBN
115,16,0,0.00036625799998546427,123,A04,cross-subject,AdaBN
116,16,0,0.0003675010000279144,123,A04,cross-subject,AdaBN
117,16,0,0.0003672349998851132,123,A04,cross-subject,AdaBN
118,16,0,0.00037561299996013986,123,A04,cross-subject,AdaBN
119,16,0,0.00036156600003778294,123,A04,cross-subject,AdaBN
120,16,0,0.00036803500006499235,123,A04,cross-subject,AdaBN
121,16,1,0.00036652100015999167,123,A04,cross-subject,AdaBN
122,16,0,0.00037428400014505314,123,A04,cross-subject,AdaBN
123,16,0,0.00037627999995493155,123,A04,cross-subject,AdaBN
124,16,0,0.0004718410000350559,123,A04,cross-subject,AdaBN
125,16,0,0.0004662000001189881,123,A04,cross-subject,AdaBN
126,16,0,0.0004067429999849992,123,A04,cross-subject,AdaBN
127,16,0,0.0003868929998134263,123,A04,cross-subject,AdaBN
128,16,0,0.0003853409998555435,123,A04,cross-subject,AdaBN
129,16,0,0.0003631820000009611,123,A04,cross-subject,AdaBN
130,16,0,0.00039675299990449275,123,A04,cross-subject,AdaBN
131,16,0,0.00037538200012932066,123,A04,cross-subject,AdaBN
132,16,1,0.0004149779999806924,123,A04,cross-subject,AdaBN
133,16,0,0.0003930709999622195,123,A04,cross-subject,AdaBN
134,16,1,0.0004274890000033338,123,A04,cross-subject,AdaBN
135,16,0,0.0003768550000131654,123,A04,cross-subject,AdaBN
136,16,0,0.00047951200008355954,123,A04,cross-subject,AdaBN
137,16,1,0.00043872700007341336,123,A04,cross-subject,AdaBN
138,16,0,0.0003777970000555797,123,A04,cross-subject,AdaBN
139,16,0,0.0003665120000277966,123,A04,cross-subject,AdaBN
140,16,1,0.00039530600020043494,123,A04,cross-subject,AdaBN
141,16,1,0.0003685500000756292,123,A04,cross-subject,AdaBN
142,16,0,0.0003888480000568961,123,A04,cross-subject,AdaBN
143,16,1,0.0003723889999491803,123,A04,cross-subject,AdaBN
144,16,1,0.000385149000067031,123,A04,cross-subject,AdaBN
145,16,0,0.00038219700013542024,123,A04,cross-subject,AdaBN
146,16,0,0.0004168839998328622,123,A04,cross-subject,AdaBN
147,16,0,0.00041407699995943403,123,A04,cross-subject,AdaBN
148,16,1,0.0003707179998855281,123,A04,cross-subject,AdaBN
149,16,1,0.0004708520000349381,123,A04,cross-subject,AdaBN
150,16,0,0.00047254300011445594,123,A04,cross-subject,AdaBN
151,16,1,0.0003868169999350357,123,A04,cross-subject,AdaBN
152,16,1,0.0004182310001397127,123,A04,cross-subject,AdaBN
153,16,1,0.00037118800014468434,123,A04,cross-subject,AdaBN
154,16,0,0.00041832299984889687,123,A04,cross-subject,AdaBN
155,16,0,0.00038573599999836006,123,A04,cross-subject,AdaBN
156,16,0,0.00036084099997424346,123,A04,cross-subject,AdaBN
157,16,1,0.000409615000080521,123,A04,cross-subject,AdaBN
158,16,1,0.0003591659999528929,123,A04,cross-subject,AdaBN
159,16,0,0.0004476260000956245,123,A04,cross-subject,AdaBN
160,16,0,0.0004485570000269945,123,A04,cross-subject,AdaBN
161,16,1,0.0003891989999829093,123,A04,cross-subject,AdaBN
162,16,1,0.00038325800005623023,123,A04,cross-subject,AdaBN
163,16,0,0.000364966999995886,123,A04,cross-subject,AdaBN
164,16,0,0.000362347000191221,123,A04,cross-subject,AdaBN
165,16,1,0.00036626700011765934,123,A04,cross-subject,AdaBN
166,16,1,0.0003754080000817339,123,A04,cross-subject,AdaBN
167,16,0,0.0003728780000074039,123,A04,cross-subject,AdaBN
168,16,0,0.0003630230000908341,123,A04,cross-subject,AdaBN
169,16,1,0.00036533100001179264,123,A04,cross-subject,AdaBN
170,16,1,0.0003743729998859635,123,A04,cross-subject,AdaBN
171,16,0,0.00043491899987202487,123,A04,cross-subject,AdaBN
172,16,1,0.0004681970001456648,123,A04,cross-subject,AdaBN
173,16,0,0.0004039859998101747,123,A04,cross-subject,AdaBN
174,16,1,0.00036593300001186435,123,A04,cross-subject,AdaBN
175,16,0,0.0003959629998462333,123,A04,cross-subject,AdaBN
176,16,0,0.0003626800000802177,123,A04,cross-subject,AdaBN
177,16,0,0.00036199400005898497,123,A04,cross-subject,AdaBN
178,16,1,0.00041964599995480967,123,A04,cross-subject,AdaBN
179,16,0,0.00036545199986903754,123,A04,cross-subject,AdaBN
180,16,1,0.000391619000083665,123,A04,cross-subject,AdaBN
181,16,0,0.0003879789999245986,123,A04,cross-subject,AdaBN
182,16,0,0.0003896579999036476,123,A04,cross-subject,AdaBN
183,16,0,0.0004392099999677157,123,A04,cross-subject,AdaBN
184,16,1,0.0004317519999403885,123,A04,cross-subject,AdaBN
185,16,0,0.0003693369999382412,123,A04,cross-subject,AdaBN
186,16,0,0.0003767999999126914,123,A04,cross-subject,AdaBN
187,16,0,0.00037025300002824224,123,A04,cross-subject,AdaBN
188,16,0,0.0003627049998158327,123,A04,cross-subject,AdaBN
189,16,0,0.00036266500001147506,123,A04,cross-subject,AdaBN
190,16,0,0.0003636850001385028,123,A04,cross-subject,AdaBN
191,16,0,0.00035408100006861787,123,A04,cross-subject,AdaBN
192,16,0,0.0003787509999710892,123,A04,cross-subject,AdaBN
193,16,0,0.0004119339998851501,123,A04,cross-subject,AdaBN
194,16,0,0.0004288709999400453,123,A04,cross-subject,AdaBN
195,16,0,0.00038376099996639823,123,A04,cross-subject,AdaBN
196,16,0,0.00037808600018252037,123,A04,cross-subject,AdaBN
197,16,0,0.0003621800001383235,123,A04,cross-subject,AdaBN
198,16,0,0.00036730500005432987,123,A04,cross-subject,AdaBN
199,16,0,0.00038246600001912157,123,A04,cross-subject,AdaBN
200,16,0,0.00035989599996355537,123,A04,cross-subject,AdaBN
201,16,1,0.00037544499991781777,123,A04,cross-subject,AdaBN
202,16,0,0.0004057920000377635,123,A04,cross-subject,AdaBN
203,16,0,0.0004068040000220208,123,A04,cross-subject,AdaBN
204,16,0,0.00038971200001469697,123,A04,cross-subject,AdaBN
205,16,0,0.0004267209999397892,123,A04,cross-subject,AdaBN
206,16,0,0.0003950600000734994,123,A04,cross-subject,AdaBN
207,16,0,0.0003713419998803147,123,A04,cross-subject,AdaBN
208,16,0,0.0003862030000618688,123,A04,cross-subject,AdaBN
209,16,0,0.0003620160000536998,123,A04,cross-subject,AdaBN
210,16,0,0.00036289200011196954,123,A04,cross-subject,AdaBN
211,16,0,0.0003858899999613641,123,A04,cross-subject,AdaBN
212,16,0,0.000357650000069043,123,A04,cross-subject,AdaBN
213,16,1,0.0004266549999556446,123,A04,cross-subject,AdaBN
214,16,0,0.0004500420000113081,123,A04,cross-subject,AdaBN
215,16,0,0.00038972099991951836,123,A04,cross-subject,AdaBN
216,16,1,0.0003620969998792134,123,A04,cross-subject,AdaBN
217,16,1,0.0003602609999688866,123,A04,cross-subject,AdaBN
218,16,0,0.0003590490000533464,123,A04,cross-subject,AdaBN
219,16,0,0.0003640750001068227,123,A04,cross-subject,AdaBN
220,16,0,0.0003626939999321621,123,A04,cross-subject,AdaBN
221,16,0,0.0003701210000599531,123,A04,cross-subject,AdaBN
222,16,0,0.0003695510001762159,123,A04,cross-subject,AdaBN
223,16,1,0.00036421799995878246,123,A04,cross-subject,AdaBN
224,16,1,0.0004452929999843036,123,A04,cross-subject,AdaBN
225,16,1,0.0004693650000717753,123,A04,cross-subject,AdaBN
226,16,0,0.00042639699995561386,123,A04,cross-subject,AdaBN
227,16,1,0.00037042300004941353,123,A04,cross-subject,AdaBN
228,16,0,0.0003600990000904858,123,A04,cross-subject,AdaBN
229,16,1,0.0004295940000247356,123,A04,cross-subject,AdaBN
230,16,1,0.0003572309999526624,123,A04,cross-subject,AdaBN
231,16,1,0.0003879690000303526,123,A04,cross-subject,AdaBN
232,16,0,0.00043244099992989504,123,A04,cross-subject,AdaBN
233,16,0,0.0003707099999701313,123,A04,cross-subject,AdaBN
234,16,1,0.0003707239998220757,123,A04,cross-subject,AdaBN
235,16,1,0.0004899849998309946,123,A04,cross-subject,AdaBN
236,16,0,0.00043303600000399456,123,A04,cross-subject,AdaBN
237,16,1,0.00036221999994268117,123,A04,cross-subject,AdaBN
238,16,1,0.0004023040000902256,123,A04,cross-subject,AdaBN
239,16,0,0.0003921879999779776,123,A04,cross-subject,AdaBN
240,16,0,0.0003606049999689276,123,A04,cross-subject,AdaBN
241,16,0,0.0004003249998731917,123,A04,cross-subject,AdaBN
242,16,0,0.00038480800003526383,123,A04,cross-subject,AdaBN
243,16,1,0.000357720000010886,123,A04,cross-subject,AdaBN
244,16,0,0.00038745699998798955,123,A04,cross-subject,AdaBN
245,16,1,0.0004538069999853178,123,A04,cross-subject,AdaBN
246,16,1,0.0004742339999666001,123,A04,cross-subject,AdaBN
247,16,0,0.00043272499988233903,123,A04,cross-subject,AdaBN
248,16,1,0.0003811819999555155,123,A04,cross-subject,AdaBN
249,16,0,0.00040345599995816883,123,A04,cross-subject,AdaBN
250,16,0,0.000372995999896375,123,A04,cross-subject,AdaBN
251,16,0,0.0003902959999777522,123,A04,cross-subject,AdaBN
252,16,0,0.0003570540000055189,123,A04,cross-subject,AdaBN
253,16,1,0.00036703699993267946,123,A04,cross-subject,AdaBN
254,16,0,0.00041064899983211944,123,A04,cross-subject,AdaBN
255,16,0,0.0004470159999527823,123,A04,cross-subject,AdaBN
256,16,1,0.0003920739998193312,123,A04,cross-subject,AdaBN
257,16,1,0.00041368699999111413,123,A04,cross-subject,AdaBN
258,16,0,0.0003671380000014324,123,A04,cross-subject,AdaBN
259,16,1,0.00036338499990051787,123,A04,cross-subject,AdaBN
260,16,0,0.00042081700007656764,123,A04,cross-subject,AdaBN
261,16,1,0.0003613720000430476,123,A04,cross-subject,AdaBN
262,16,1,0.00036705499996969593,123,A04,cross-subject,AdaBN
263,16,1,0.0003942750001897366,123,A04,cross-subject,AdaBN
264,16,0,0.0003638990001491038,123,A04,cross-subject,AdaBN
265,16,0,0.00043382199987718195,123,A04,cross-subject,AdaBN
266,16,1,0.00044366300016918103,123,A04,cross-subject,AdaBN
267,16,0,0.00039586399998370325,123,A04,cross-subject,AdaBN
268,16,1,0.0003613090000271768,123,A04,cross-subject,AdaBN
269,16,0,0.0003968999999415246,123,A04,cross-subject,AdaBN
270,16,0,0.00038186599999789905,123,A04,cross-subject,AdaBN
271,16,1,0.00036510400013867184,123,A04,cross-subject,AdaBN
272,16,0,0.00038296699995044037,123,A04,cross-subject,AdaBN
273,16,1,0.00039398200010509754,123,A04,cross-subject,AdaBN
274,16,0,0.0003606620000482508,123,A04,cross-subject,AdaBN
275,16,0,0.00042160799989687803,123,A04,cross-subject,AdaBN
276,16,1,0.000422341000103188,123,A04,cross-subject,AdaBN
277,16,1,0.0003773529999762104,123,A04,cross-subject,AdaBN
278,16,0,0.0003601450000587647,123,A04,cross-subject,AdaBN
279,16,1,0.0003611529998579499,123,A04,cross-subject,AdaBN
280,16,0,0.00036661199987975124,123,A04,cross-subject,AdaBN
281,16,0,0.0003625899998951354,123,A04,cross-subject,AdaBN
282,16,1,0.0003660140000647516,123,A04,cross-subject,AdaBN
283,16,0,0.0003591480001432501,123,A04,cross-subject,AdaBN
284,16,0,0.0003638030000274739,123,A04,cross-subject,AdaBN
285,16,1,0.00036471200019150274,123,A04,cross-subject,AdaBN
286,16,0,0.00043206099985582114,123,A04,cross-subject,AdaBN
287,16,0,0.00042916999996123195,123,A04,cross-subject,AdaBN
0,1,1,0.001324220000014975,123,A05,cross-subject,AdaBN
1,2,0,0.0011969879999469413,123,A05,cross-subject,AdaBN
2,3,0,0.0012059369998951297,123,A05,cross-subject,AdaBN
3,4,1,0.002027763999876697,123,A05,cross-subject,AdaBN
4,5,0,0.0020714979998501803,123,A05,cross-subject,AdaBN
5,6,0,0.0019923199999993813,123,A05,cross-subject,AdaBN
6,7,1,0.002041467000026387,123,A05,cross-subject,AdaBN
7,8,0,0.0019524510000792361,123,A05,cross-subject,AdaBN
8,9,1,0.0016935630001171376,123,A05,cross-subject,AdaBN
9,10,0,0.001707322999891403,123,A05,cross-subject,AdaBN
10,11,0,0.0015767610000239074,123,A05,cross-subject,AdaBN
11,12,0,0.0015304959999866696,123,A05,cross-subject,AdaBN
12,13,0,0.001568757000086407,123,A05,cross-subject,AdaBN
13,14,1,0.0016230310000082682,123,A05,cross-subject,AdaBN
14,15,0,0.001770781999994142,123,A05,cross-subject,AdaBN
15,16,0,0.0022910220000085246,123,A05,cross-subject,AdaBN
16,16,0,0.0014905570001246815,123,A05,cross-subject,AdaBN
17,16,0,0.000980522999952882,123,A05,cross-subject,AdaBN
18,16,0,0.0005626470001516282,123,A05,cross-subject,AdaBN
19,16,0,0.0007912400001259812,123,A05,cross-subject,AdaBN
20,16,1,0.0005657179999616346,123,A05,cross-subject,AdaBN
21,16,0,0.0006210700000792713,123,A05,cross-subject,AdaBN
22,16,1,0.000590890000012223,123,A05,cross-subject,AdaBN
23,16,0,0.0006108400000357506,123,A05,cross-subject,AdaBN
24,16,0,0.0005680829999619164,123,A05,cross-subject,AdaBN
25,16,0,0.0007250930000282096,123,A05,cross-subject,AdaBN
26,16,0,0.0006380530001024454,123,A05,cross-subject,AdaBN
27,16,0,0.0006562050000411546,123,A05,cross-subject,AdaBN
28,16,0,0.0006580530000519502,123,A05,cross-subject,AdaBN
29,16,1,0.0007215999999061751,123,A05,cross-subject,AdaBN
30,16,1,0.0007611230000748037,123,A05,cross-subject,AdaBN
31,16,1,0.0007863340001676988,123,A05,cross-subject,AdaBN
32,16,1,0.0008031830000163609,123,A05,cross-subject,AdaBN
33,16,0,0.0008445029998256359,123,A05,cross-subject,AdaBN
34,16,0,0.0009033510000335809,123,A05,cross-subject,AdaBN
35,16,0,0.0009292080001159775,123,A05,cross-subject,AdaBN
36,16,1,0.0009630279998873448,123,A05,cross-subject,AdaBN
37,16,0,0.0010344340000756347,123,A05,cross-subject,AdaBN
38,16,1,0.0010763789998691209,123,A05,cross-subject,AdaBN
39,16,1,0.0010675900000478578,123,A05,cross-subject,AdaBN
40,16,0,0.0011821010000403476,123,A05,cross-subject,AdaBN
41,16,0,0.0012997779999750492,123,A05,cross-subject,AdaBN
42,16,1,0.00136689199985085,123,A05,cross-subject,AdaBN
43,16,0,0.0014866770000026008,123,A05,cross-subject,AdaBN
44,16,0,0.0015535019999788346,123,A05,cross-subject,AdaBN
45,16,0,0.0014536180001414323,123,A05,cross-subject,AdaBN
46,16,0,0.0014562000001205888,123,A05,cross-subject,AdaBN
47,16,1,0.0013396179999745073,123,A05,cross-subject,AdaBN
48,16,1,0.0013580740001088998,123,A05,cross-subject,AdaBN
49,16,0,0.0012505800000326417,123,A05,cross-subject,AdaBN
50,16,0,0.0011995699999260978,123,A05,cross-subject,AdaBN
51,16,0,0.0011449650000940892,123,A05,cross-subject,AdaBN
52,16,0,0.001109962000100495,123,A05,cross-subject,AdaBN
53,16,0,0.0011096299999735493,123,A05,cross-subject,AdaBN
54,16,0,0.0010485200000402983,123,A05,cross-subject,AdaBN
55,16,0,0.000996770000028846,123,A05,cross-subject,AdaBN
56,16,0,0.000979700000016237,123,A05,cross-subject,AdaBN
57,16,0,0.0009578919998602942,123,A05,cross-subject,AdaBN
58,16,0,0.0008918680000533641,123,A05,cross-subject,AdaBN
59,16,0,0.0008764140000039333,123,A05,cross-subject,AdaBN
60,16,1,0.0008526300000539777,123,A05,cross-subject,AdaBN
61,16,0,0.0008057350000854058,123,A05,cross-subject,AdaBN
62,16,0,0.00078023499986557,123,A05,cross-subject,AdaBN
63,16,0,0.0007678750000650325,123,A05,cross-subject,AdaBN
64,16,0,0.0007510989998991136,123,A05,cross-subject,AdaBN
65,16,0,0.0007366530001036153,123,A05,cross-subject,AdaBN
66,16,0,0.0006979999998293351,123,A05,cross-subject,AdaBN
67,16,1,0.0006683419999262696,123,A05,cross-subject,AdaBN
68,16,0,0.0006801959998483653,123,A05,cross-subject,AdaBN
69,16,0,0.0006462930000452616,123,A05,cross-subject,AdaBN
70,16,0,0.0006234190000213857,123,A05,cross-subject,AdaBN
71,16,0,0.000598206999939066,123,A05,cross-subject,AdaBN
72,16,0,0.0006120409998402465,123,A05,cross-subject,AdaBN
73,16,0,0.0005732999998144805,123,A05,cross-subject,AdaBN
74,16,0,0.0005438439998215472,123,A05,cross-subject,AdaBN
75,16,1,0.0005388340000536118,123,A05,cross-subject,AdaBN
76,16,0,0.0005039659999965806,123,A05,cross-subject,AdaBN
77,16,1,0.0005132129999765311,123,A05,cross-subject,AdaBN
78,16,1,0.0005165190000298026,123,A05,cross-subject,AdaBN
79,16,0,0.00048698599994168035,123,A05,cross-subject,AdaBN
80,16,0,0.0004902609998680418,123,A05,cross-subject,AdaBN
81,16,0,0.0004533160001756187,123,A05,cross-subject,AdaBN
82,16,0,0.0004592290001710353,123,A05,cross-subject,AdaBN
83,16,0,0.00045975400007591816,123,A05,cross-subject,AdaBN
84,16,0,0.00043436300006760575,123,A05,cross-subject,AdaBN
85,16,0,0.00040201100000558654,123,A05,cross-subject,AdaBN
86,16,1,0.0004237069999817322,123,A05,cross-subject,AdaBN
87,16,1,0.0003815219999978581,123,A05,cross-subject,AdaBN
88,16,0,0.0004191250000076252,123,A05,cross-subject,AdaBN
89,16,0,0.000423620999981722,123,A05,cross-subject,AdaBN
90,16,1,0.00044896899999002926,123,A05,cross-subject,AdaBN
91,16,0,0.0004391400000258727,123,A05,cross-subject,AdaBN
92,16,0,0.0004752790000566165,123,A05,cross-subject,AdaBN
93,16,0,0.0003609709999636834,123,A05,cross-subject,AdaBN
94,16,0,0.00039995100019041274,123,A05,cross-subject,AdaBN
95,16,1,0.00036885500003336347,123,A05,cross-subject,AdaBN
96,16,0,0.0003895090001151402,123,A05,cross-subject,AdaBN
97,16,0,0.00036251000005904643,123,A05,cross-subject,AdaBN
98,16,0,0.0003605019999213255,123,A05,cross-subject,AdaBN
99,16,0,0.00036532099989017297,123,A05,cross-subject,AdaBN
100,16,0,0.00036824600010731956,123,A05,cross-subject,AdaBN
101,16,0,0.000371651000023121,123,A05,cross-subject,AdaBN
102,16,0,0.00043579800012594205,123,A05,cross-subject,AdaBN
103,16,0,0.00045859600004405365,123,A05,cross-subject,AdaBN
104,16,1,0.00041794799994931964,123,A05,cross-subject,AdaBN
105,16,1,0.0003736520000074961,123,A05,cross-subject,AdaBN
106,16,0,0.00036913500002810906,123,A05,cross-subject,AdaBN
107,16,1,0.00037195400000200607,123,A05,cross-subject,AdaBN
108,16,1,0.00036765000004379544,123,A05,cross-subject,AdaBN
109,16,0,0.0003757659999337193,123,A05,cross-subject,AdaBN
110,16,0,0.0003685649999169982,123,A05,cross-subject,AdaBN
111,16,0,0.00037158200007070263,123,A05,cross-subject,AdaBN
112,16,0,0.0003583190000426839,123,A05,cross-subject,AdaBN
113,16,0,0.0003687299999910465,123,A05,cross-subject,AdaBN
114,16,0,0.00036327200018604344,123,A05,cross-subject,AdaBN
115,16,0,0.00036914100019203033,123,A05,cross-subject,AdaBN
116,16,0,0.00042904700012513786,123,A05,cross-subject,AdaBN
117,16,0,0.0004626580000604008,123,A05,cross-subject,AdaBN
118,16,0,0.0004367710000678926,123,A05,cross-subject,AdaBN
119,16,0,0.00040587100011180155,123,A05,cross-subject,AdaBN
120,16,1,0.0003568459999314655,123,A05,cross-subject,AdaBN
121,16,1,0.0004075570000168227,123,A05,cross-subject,AdaBN
122,16,0,0.00036797600000681996,123,A05,cross-subject,AdaBN
123,16,0,0.00038967699993008864,123,A05,cross-subject,AdaBN
124,16,0,0.00036792399987461977,123,A05,cross-subject,AdaBN
125,16,1,0.0003693039998324821,123,A05,cross-subject,AdaBN
126,16,0,0.0003890400000727823,123,A05,cross-subject,AdaBN
127,16,1,0.00036255700001674995,123,A05,cross-subject,AdaBN
128,16,0,0.0004424050000579882,123,A05,cross-subject,AdaBN
129,16,0,0.00043685400009962905,123,A05,cross-subject,AdaBN
130,16,0,0.00036586800001714437,123,A05,cross-subject,AdaBN
131,16,1,0.0003924559998722543,123,A05,cross-subject,AdaBN
132,16,0,0.00036090399999011424,123,A05,cross-subject,AdaBN
133,16,1,0.00036626000019168714,123,A05,cross-subject,AdaBN
134,16,0,0.0003746610000234796,123,A05,cross-subject,AdaBN
135,16,0,0.00036432699994293216,123,A05,cross-subject,AdaBN
136,16,0,0.00037767399999211193,123,A05,cross-subject,AdaBN
137,16,1,0.0003687150001496775,123,A05,cross-subject,AdaBN
138,16,0,0.0003676740000173595,123,A05,cross-subject,AdaBN
139,16,0,0.0003697710001233645,123,A05,cross-subject,AdaBN
140,16,0,0.00043436400005703035,123,A05,cross-subject,AdaBN
141,16,1,0.000466539999933957,123,A05,cross-subject,AdaBN
142,16,0,0.0003889649999564426,123,A05,cross-subject,AdaBN
143,16,0,0.00041832599981717067,123,A05,cross-subject,AdaBN
144,16,1,0.0003714380000019446,123,A05,cross-subject,AdaBN
145,16,1,0.00037434799992297485,123,A05,cross-subject,AdaBN
146,16,0,0.00042391399983898737,123,A05,cross-subject,AdaBN
147,16,0,0.00037123100014468946,123,A05,cross-subject,AdaBN
148,16,0,0.00038298899994515523,123,A05,cross-subject,AdaBN
149,16,1,0.0003660209999907238,123,A05,cross-subject,AdaBN
150,16,0,0.0003666379998321645,123,A05,cross-subject,AdaBN
151,16,1,0.00046817399993415165,123,A05,cross-subject,AdaBN
152,16,0,0.000416294000160633,123,A05,cross-subject,AdaBN
153,16,1,0.0003958810000312951,123,A05,cross-subject,AdaBN
154,16,0,0.00037593900015053805,123,A05,cross-subject,AdaBN
155,16,0,0.00036356500004330883,123,A05,cross-subject,AdaBN
156,16,0,0.00037472500002877496,123,A05,cross-subject,AdaBN
157,16,1,0.00037008399999649555,123,A05,cross-subject,AdaBN
158,16,0,0.000361330999794518,123,A05,cross-subject,AdaBN
159,16,0,0.0003919769999356504,123,A05,cross-subject,AdaBN
160,16,0,0.0003605979998155817,123,A05,cross-subject,AdaBN
161,16,0,0.0003661910000118951,123,A05,cross-subject,AdaBN
162,16,0,0.0003658129999166704,123,A05,cross-subject,AdaBN
163,16,0,0.00042391700003463484,123,A05,cross-subject,AdaBN
164,16,1,0.00043194399995627464,123,A05,cross-subject,AdaBN
165,16,0,0.00036947500007045164,123,A05,cross-subject,AdaBN
166,16,0,0.00038158000006660586,123,A05,cross-subject,AdaBN
167,16,0,0.0003731469998911052,123,A05,cross-subject,AdaBN
168,16,0,0.00036265599987928,123,A05,cross-subject,AdaBN
169,16,1,0.0003646919999482634,123,A05,cross-subject,AdaBN
170,16,1,0.000372916000060286,123,A05,cross-subject,AdaBN
171,16,0,0.00037107000002833956,123,A05,cross-subject,AdaBN
172,16,0,0.00038031799999771465,123,A05,cross-subject,AdaBN
173,16,0,0.0004679730000134441,123,A05,cross-subject,AdaBN
174,16,0,0.0004008540001905203,123,A05,cross-subject,AdaBN
175,16,1,0.0003952419999677659,123,A05,cross-subject,AdaBN
176,16,0,0.0003809370000453782,123,A05,cross-subject,AdaBN
177,16,0,0.0003674639999644569,123,A05,cross-subject,AdaBN
178,16,0,0.00039680700001554214,123,A05,cross-subject,AdaBN
179,16,0,0.0003919849998510472,123,A05,cross-subject,AdaBN
180,16,0,0.0003611459999319777,123,A05,cross-subject,AdaBN
181,16,1,0.00039785800004210614,123,A05,cross-subject,AdaBN
182,16,0,0.0003822240000772581,123,A05,cross-subject,AdaBN
183,16,0,0.000372786999832897,123,A05,cross-subject,AdaBN
184,16,0,0.0004375940000045375,123,A05,cross-subject,AdaBN
185,16,1,0.000456901999996262,123,A05,cross-subject,AdaBN
186,16,0,0.0003717720001077396,123,A05,cross-subject,AdaBN
187,16,0,0.0003693430001021625,123,A05,cross-subject,AdaBN
188,16,0,0.0003750120001768664,123,A05,cross-subject,AdaBN
189,16,0,0.00042301700000280107,123,A05,cross-subject,AdaBN
190,16,1,0.00041815200006567466,123,A05,cross-subject,AdaBN
191,16,0,0.00037610300000778807,123,A05,cross-subject,AdaBN
192,16,0,0.0003829419999874517,123,A05,cross-subject,AdaBN
193,16,0,0.0003775220000079571,123,A05,cross-subject,AdaBN
194,16,0,0.0003999989999101672,123,A05,cross-subject,AdaBN
195,16,1,0.00042304099997636513,123,A05,cross-subject,AdaBN
196,16,1,0.0004520909999428113,123,A05,cross-subject,AdaBN
197,16,1,0.00039016100004118925,123,A05,cross-subject,AdaBN
198,16,0,0.00036409200015441456,123,A05,cross-subject,AdaBN
199,16,0,0.0003773010000713839,123,A05,cross-subject,AdaBN
200,16,0,0.00038562400004593655,123,A05,cross-subject,AdaBN
201,16,0,0.00036068899999008863,123,A05,cross-subject,AdaBN
202,16,0,0.00037283700021362165,123,A05,cross-subject,AdaBN
203,16,0,0.00038150799991854,123,A05,cross-subject,AdaBN
204,16,1,0.0004168229997958406,123,A05,cross-subject,AdaBN
205,16,1,0.00046657899997626373,123,A05,cross-subject,AdaBN
206,16,1,0.000417230000039126,123,A05,cross-subject,AdaBN
207,16,1,0.00037135999991733115,123,A05,cross-subject,AdaBN
208,16,0,0.0003820219999397523,123,A05,cross-subject,AdaBN
209,16,0,0.00038379900001928036,123,A05,cross-subject,AdaBN
210,16,0,0.00037561799990726286,123,A05,cross-subject,AdaBN
211,16,0,0.00040289000003213005,123,A05,cross-subject,AdaBN
212,16,1,0.0003833370001302683,123,A05,cross-subject,AdaBN
213,16,1,0.0003692939999382361,123,A05,cross-subject,AdaBN
214,16,1,0.0003841590000774886,123,A05,cross-subject,AdaBN
215,16,0,0.0004483810000692756,123,A05,cross-subject,AdaBN
216,16,0,0.00044809799987888255,123,A05,cross-subject,AdaBN
217,16,1,0.0004302129998450255,123,A05,cross-subject,AdaBN
218,16,1,0.00038152799993440567,123,A05,cross-subject,AdaBN
219,16,1,0.00036755399992216553,123,A05,cross-subject,AdaBN
220,16,0,0.00038700100003552507,123,A05,cross-subject,AdaBN
221,16,0,0.00038890399991942104,123,A05,cross-subject,AdaBN
222,16,1,0.0003710149999278656,123,A05,cross-subject,AdaBN
223,16,1,0.00036572699991666013,123,A05,cross-subject,AdaBN
224,16,0,0.00036470999998527986,123,A05,cross-subject,AdaBN
225,16,0,0.000369399999954112,123,A05,cross-subject,AdaBN
226,16,0,0.00041634199988038745,123,A05,cross-subject,AdaBN
227,16,0,0.00044582000009540934,123,A05,cross-subject,AdaBN
228,16,0,0.000382344999934503,123,A05,cross-subject,AdaBN
229,16,0,0.0004180209998594364,123,A05,cross-subject,AdaBN
230,16,0,0.0003639819999534666,123,A05,cross-subject,AdaBN
231,16,1,0.0003646860000117158,123,A05,cross-subject,AdaBN
232,16,1,0.00039858999980424414,123,A05,cross-subject,AdaBN
233,16,0,0.00036747700005435036,123,A05,cross-subject,AdaBN
234,16,0,0.00037327200016079587,123,A05,cross-subject,AdaBN
235,16,0,0.0004187800000181596,123,A05,cross-subject,AdaBN
236,16,0,0.00044160700008433196,123,A05,cross-subject,AdaBN
237,16,0,0.00047468899992964,123,A05,cross-subject,AdaBN
238,16,1,0.00041241200005970313,123,A05,cross-subject,AdaBN
239,16,1,0.00036925199992765556,123,A05,cross-subject,AdaBN
240,16,1,0.00036151099993730895,123,A05,cross-subject,AdaBN
241,16,0,0.0003664769999431883,123,A05,cross-subject,AdaBN
242,16,0,0.00036250500011192344,123,A05,cross-subject,AdaBN
243,16,0,0.0003612739999425685,123,A05,cross-subject,AdaBN
244,16,0,0.0003738820000762644,123,A05,cross-subject,AdaBN
245,16,0,0.0003692160000809963,123,A05,cross-subject,AdaBN
246,16,0,0.0003609289999531029,123,A05,cross-subject,AdaBN
247,16,0,0.0004352979999566742,123,A05,cross-subject,AdaBN
248,16,0,0.00044896500003233086,123,A05,cross-subject,AdaBN
249,16,0,0.00037558299982265453,123,A05,cross-subject,AdaBN
250,16,0,0.0003706669999701262,123,A05,cross-subject,AdaBN
251,16,1,0.00036598800011233834,123,A05,cross-subject,AdaBN
252,16,1,0.0003627440000855131,123,A05,cross-subject,AdaBN
253,16,1,0.0003726049999386305,123,A05,cross-subject,AdaBN
254,16,1,0.00036428199996407784,123,A05,cross-subject,AdaBN
255,16,0,0.00036664799995378416,123,A05,cross-subject,AdaBN
256,16,0,0.00038435799979197327,123,A05,cross-subject,AdaBN
257,16,0,0.00041672899988043355,123,A05,cross-subject,AdaBN
258,16,0,0.0003910790001100395,123,A05,cross-subject,AdaBN
259,16,0,0.00037314099995455763,123,A05,cross-subject,AdaBN
260,16,1,0.00036604299998543866,123,A05,cross-subject,AdaBN
261,16,0,0.000363692000064475,123,A05,cross-subject,AdaBN
262,16,1,0.0003652499999589054,123,A05,cross-subject,AdaBN
263,16,0,0.00036891900003865885,123,A05,cross-subject,AdaBN
264,16,0,0.0003701109999383334,123,A05,cross-subject,AdaBN
265,16,0,0.0003568859999631968,123,A05,cross-subject,AdaBN
266,16,0,0.00039581900000484893,123,A05,cross-subject,AdaBN
267,16,0,0.0003745059998436773,123,A05,cross-subject,AdaBN
268,16,1,0.00043557699996199517,123,A05,cross-subject,AdaBN
269,16,1,0.00045195999996394676,123,A05,cross-subject,AdaBN
270,16,0,0.0003967630000261124,123,A05,cross-subject,AdaBN
271,16,0,0.0003742279998277809,123,A05,cross-subject,AdaBN
272,16,0,0.0003697969998484041,123,A05,cross-subject,AdaBN
273,16,0,0.0003667510000013863,123,A05,cross-subject,AdaBN
274,16,1,0.00036601800002245,123,A05,cross-subject,AdaBN
275,16,0,0.00037157199994908297,123,A05,cross-subject,AdaBN
276,16,1,0.0003678519999539276,123,A05,cross-subject,AdaBN
277,16,0,0.00038143400001899863,123,A05,cross-subject,AdaBN
278,16,1,0.00036738399990099424,123,A05,cross-subject,AdaBN
279,16,0,0.00045057500005896145,123,A05,cross-subject,AdaBN
280,16,1,0.00044586300009541446,123,A05,cross-subject,AdaBN
281,16,0,0.0004064059999109304,123,A05,cross-subject,AdaBN
282,16,1,0.00038054599986026005,123,A05,cross-subject,AdaBN
283,16,0,0.0003701109999383334,123,A05,cross-subject,AdaBN
284,16,0,0.0003724919999967824,123,A05,cross-subject,AdaBN
285,16,0,0.00036705299999084673,123,A05,cross-subject,AdaBN
286,16,1,0.000374027000134447,123,A05,cross-subject,AdaBN
287,16,0,0.0003941600000416656,123,A05,cross-subject,AdaBN
0,1,0,0.0013434079999115056,123,A06,cross-subject,AdaBN
1,2,0,0.0011621400001331494,123,A06,cross-subject,AdaBN
2,3,0,0.0011404919998767582,123,A06,cross-subject,AdaBN
3,4,0,0.0011182169998846803,123,A06,cross-subject,AdaBN
4,5,1,0.001115999000148804,123,A06,cross-subject,AdaBN
5,6,1,0.0010897919999024452,123,A06,cross-subject,AdaBN
6,7,0,0.0011819170001672319,123,A06,cross-subject,AdaBN
7,8,0,0.0019684520000282646,123,A06,cross-subject,AdaBN
8,9,0,0.00209234900012234,123,A06,cross-subject,AdaBN
9,10,0,0.0019815900000139663,123,A06,cross-subject,AdaBN
10,11,0,0.0017062039999018452,123,A06,cross-subject,AdaBN
11,12,0,0.0016501909999533382,123,A06,cross-subject,AdaBN
12,13,0,0.0017440889998852072,123,A06,cross-subject,AdaBN
13,14,0,0.001658315999975457,123,A06,cross-subject,AdaBN
14,15,1,0.001682250000158092,123,A06,cross-subject,AdaBN
15,16,1,0.001773120000052586,123,A06,cross-subject,AdaBN
16,16,1,0.0018225020000954828,123,A06,cross-subject,AdaBN
17,16,1,0.0019474759999411617,123,A06,cross-subject,AdaBN
18,16,0,0.0009289949998674274,123,A06,cross-subject,AdaBN
19,16,1,0.0005867400000170164,123,A06,cross-subject,AdaBN
20,16,0,0.0005055499998434243,123,A06,cross-subject,AdaBN
21,16,1,0.00055039099993337,123,A06,cross-subject,AdaBN
22,16,0,0.0005366110001432389,123,A06,cross-subject,AdaBN
23,16,0,0.0004872269998941192,123,A06,cross-subject,AdaBN
24,16,0,0.0005135439998866786,123,A06,cross-subject,AdaBN
25,16,0,0.0005765200000951154,123,A06,cross-subject,AdaBN
26,16,1,0.0005063420001079066,123,A06,cross-subject,AdaBN
27,16,0,0.0004986999999800901,123,A06,cross-subject,AdaBN
28,16,1,0.0004796030000306928,123,A06,cross-subject,AdaBN
29,16,1,0.0005419300000539806,123,A06,cross-subject,AdaBN
30,16,0,0.0005235070000253472,123,A06,cross-subject,AdaBN
31,16,1,0.0005469630000334291,123,A06,cross-subject,AdaBN
32,16,1,0.0005607709999821964,123,A06,cross-subject,AdaBN
33,16,0,0.0006056699999135162,123,A06,cross-subject,AdaBN
34,16,1,0.0006180290001793765,123,A06,cross-subject,AdaBN
35,16,0,0.0006732159999955911,123,A06,cross-subject,AdaBN
36,16,0,0.0007067630001529324,123,A06,cross-subject,AdaBN
37,16,0,0.0007370939999873372,123,A06,cross-subject,AdaBN
38,16,1,0.0008011060001535952,123,A06,cross-subject,AdaBN
39,16,1,0.0008181039997907646,123,A06,cross-subject,AdaBN
40,16,1,0.0008313940002153686,123,A06,cross-subject,AdaBN
41,16,0,0.0008946979999109317,123,A06,cross-subject,AdaBN
42,16,0,0.0008934640000006766,123,A06,cross-subject,AdaBN
43,16,0,0.0008551240000542748,123,A06,cross-subject,AdaBN
44,16,0,0.0008440720000635338,123,A06,cross-subject,AdaBN
45,16,1,0.0008369249999304884,123,A06,cross-subject,AdaBN
46,16,1,0.0008050579999689944,123,A06,cross-subject,AdaBN
47,16,1,0.0007910970000466477,123,A06,cross-subject,AdaBN
48,16,1,0.0007719320001342567,123,A06,cross-subject,AdaBN
49,16,1,0.0007434059998558951,123,A06,cross-subject,AdaBN
50,16,0,0.000728789000049801,123,A06,cross-subject,AdaBN
51,16,0,0.0007315809998544864,123,A06,cross-subject,AdaBN
52,16,1,0.0006958000001304754,123,A06,cross-subject,AdaBN
53,16,1,0.0007130399999368819,123,A06,cross-subject,AdaBN
54,16,1,0.0006759890000012092,123,A06,cross-subject,AdaBN
55,16,1,0.000896262000196657,123,A06,cross-subject,AdaBN
56,16,0,0.0007345700000769284,123,A06,cross-subject,AdaBN
57,16,1,0.0006672909998997056,123,A06,cross-subject,AdaBN
58,16,0,0.0006895010001244373,123,A06,cross-subject,AdaBN
59,16,0,0.0007653290001599089,123,A06,cross-subject,AdaBN
60,16,0,0.0007621269999162905,123,A06,cross-subject,AdaBN
61,16,1,0.0008382860000892833,123,A06,cross-subject,AdaBN
62,16,0,0.0008994100001018523,123,A06,cross-subject,AdaBN
63,16,0,0.0009552080000503338,123,A06,cross-subject,AdaBN
64,16,0,0.0010072479999507777,123,A06,cross-subject,AdaBN
65,16,0,0.0010976829998980975,123,A06,cross-subject,AdaBN
66,16,1,0.001206609000064418,123,A06,cross-subject,AdaBN
67,16,0,0.0013104580000344868,123,A06,cross-subject,AdaBN
68,16,0,0.001427335000016683,123,A06,cross-subject,AdaBN
69,16,0,0.0015775589999975637,123,A06,cross-subject,AdaBN
70,16,0,0.0017247140001472872,123,A06,cross-subject,AdaBN
71,16,1,0.0018436190000556962,123,A06,cross-subject,AdaBN
72,16,1,0.001982139999881838,123,A06,cross-subject,AdaBN
73,16,0,0.002273025000022244,123,A06,cross-subject,AdaBN
74,16,0,0.002434810999830006,123,A06,cross-subject,AdaBN
75,16,0,0.0023427539999829605,123,A06,cross-subject,AdaBN
76,16,0,0.002283062000060454,123,A06,cross-subject,AdaBN
77,16,0,0.0021431709999433224,123,A06,cross-subject,AdaBN
78,16,0,0.002086256999973557,123,A06,cross-subject,AdaBN
79,16,0,0.0019298380000236648,123,A06,cross-subject,AdaBN
80,16,0,0.0018835599998965336,123,A06,cross-subject,AdaBN
81,16,0,0.0017777470000055473,123,A06,cross-subject,AdaBN
82,16,1,0.0016309210000144958,123,A06,cross-subject,AdaBN
83,16,1,0.0016131759998643247,123,A06,cross-subject,AdaBN
84,16,0,0.0014957899998080393,123,A06,cross-subject,AdaBN
85,16,0,0.001413014000036128,123,A06,cross-subject,AdaBN
86,16,0,0.0013585320000402135,123,A06,cross-subject,AdaBN
87,16,1,0.001277092000009361,123,A06,cross-subject,AdaBN
88,16,1,0.0012079579998953704,123,A06,cross-subject,AdaBN
89,16,1,0.001186896000035631,123,A06,cross-subject,AdaBN
90,16,0,0.0010887239998282894,123,A06,cross-subject,AdaBN
91,16,1,0.0010482590000719938,123,A06,cross-subject,AdaBN
92,16,1,0.0010226340000372147,123,A06,cross-subject,AdaBN
93,16,0,0.0009505660000286298,123,A06,cross-subject,AdaBN
94,16,1,0.0009114010001667339,123,A06,cross-subject,AdaBN
95,16,1,0.0009051669999280421,123,A06,cross-subject,AdaBN
96,16,1,0.0008608680000179447,123,A06,cross-subject,AdaBN
97,16,0,0.0008168040001237387,123,A06,cross-subject,AdaBN
98,16,0,0.0007803160001458309,123,A06,cross-subject,AdaBN
99,16,0,0.000721715000054246,123,A06,cross-subject,AdaBN
100,16,0,0.0007090080000580201,123,A06,cross-subject,AdaBN
101,16,0,0.000685494999970615,123,A06,cross-subject,AdaBN
102,16,0,0.0006418109999231092,123,A06,cross-subject,AdaBN
103,16,1,0.0006264549999741575,123,A06,cross-subject,AdaBN
104,16,1,0.0006127519998244679,123,A06,cross-subject,AdaBN
105,16,1,0.0005822800001169526,123,A06,cross-subject,AdaBN
106,16,0,0.000558669000156442,123,A06,cross-subject,AdaBN
107,16,0,0.000540296000053786,123,A06,cross-subject,AdaBN
108,16,1,0.0005232999999407184,123,A06,cross-subject,AdaBN
109,16,1,0.0005168290001620335,123,A06,cross-subject,AdaBN
110,16,1,0.0005026160001762037,123,A06,cross-subject,AdaBN
111,16,1,0.00047917599999891536,123,A06,cross-subject,AdaBN
112,16,1,0.00048422400004710653,123,A06,cross-subject,AdaBN
113,16,1,0.00044880500013277924,123,A06,cross-subject,AdaBN
114,16,0,0.00043480599993017677,123,A06,cross-subject,AdaBN
115,16,0,0.0004335639998771512,123,A06,cross-subject,AdaBN
116,16,0,0.0004147130000546895,123,A06,cross-subject,AdaBN
117,16,1,0.00039917899994179606,123,A06,cross-subject,AdaBN
118,16,1,0.0003982200000791636,123,A06,cross-subject,AdaBN
119,16,0,0.0003787910000028205,123,A06,cross-subject,AdaBN
120,16,0,0.0004045080002015311,123,A06,cross-subject,AdaBN
121,16,0,0.0003720459999385639,123,A06,cross-subject,AdaBN
122,16,0,0.0003568509998785885,123,A06,cross-subject,AdaBN
123,16,0,0.000369065999848317,123,A06,cross-subject,AdaBN
124,16,1,0.00036545999978443433,123,A06,cross-subject,AdaBN
125,16,0,0.000366525999879741,123,A06,cross-subject,AdaBN
126,16,0,0.0004589779998696031,123,A06,cross-subject,AdaBN
127,16,0,0.0004638929999600805,123,A06,cross-subject,AdaBN
128,16,1,0.0004177529999651597,123,A06,cross-subject,AdaBN
129,16,1,0.0003668059998744866,123,A06,cross-subject,AdaBN
130,16,0,0.0003645310000592872,123,A06,cross-subject,AdaBN
131,16,0,0.00037500300004467135,123,A06,cross-subject,AdaBN
132,16,0,0.0003652860000329383,123,A06,cross-subject,AdaBN
133,16,0,0.00037185700011832523,123,A06,cross-subject,AdaBN
134,16,1,0.00036227600003257976,123,A06,cross-subject,AdaBN
135,16,0,0.0003797270001086872,123,A06,cross-subject,AdaBN
136,16,0,0.00036957900010747835,123,A06,cross-subject,AdaBN
137,16,1,0.0003755489999548445,123,A06,cross-subject,AdaBN
138,16,0,0.00037075399995956104,123,A06,cross-subject,AdaBN
139,16,0,0.00037230899988571764,123,A06,cross-subject,AdaBN
140,16,1,0.00045157099998505146,123,A06,cross-subject,AdaBN
141,16,0,0.0004978609999852779,123,A06,cross-subject,AdaBN
142,16,0,0.00038430800009336963,123,A06,cross-subject,AdaBN
143,16,1,0.0003816359999291308,123,A06,cross-subject,AdaBN
144,16,1,0.000358482000137883,123,A06,cross-subject,AdaBN
145,16,1,0.00038839099988763337,123,A06,cross-subject,AdaBN
146,16,0,0.00035979400013275153,123,A06,cross-subject,AdaBN
147,16,1,0.00037964400007695076,123,A06,cross-subject,AdaBN
148,16,0,0.0003627589999268821,123,A06,cross-subject,AdaBN
149,16,1,0.00037384300003395765,123,A06,cross-subject,AdaBN
150,16,1,0.0003681279999909748,123,A06,cross-subject,AdaBN
151,16,1,0.0003619110000272485,123,A06,cross-subject,AdaBN
152,16,1,0.0003643019999799435,123,A06,cross-subject,AdaBN
153,16,0,0.0003909090000888682,123,A06,cross-subject,AdaBN
154,16,0,0.0004530539999905159,123,A06,cross-subject,AdaBN
155,16,1,0.0004483449999952427,123,A06,cross-subject,AdaBN
156,16,1,0.00039991699986785534,123,A06,cross-subject,AdaBN
157,16,1,0.00037855999994462763,123,A06,cross-subject,AdaBN
158,16,1,0.000376810999796362,123,A06,cross-subject,AdaBN
159,16,0,0.0003679669998746249,123,A06,cross-subject,AdaBN
160,16,0,0.0003869340000619559,123,A06,cross-subject,AdaBN
161,16,0,0.0003604989999530517,123,A06,cross-subject,AdaBN
162,16,1,0.0003896480000094016,123,A06,cross-subject,AdaBN
163,16,0,0.0003639849999217404,123,A06,cross-subject,AdaBN
164,16,0,0.000401326999963203,123,A06,cross-subject,AdaBN
165,16,0,0.00040511299994250294,123,A06,cross-subject,AdaBN
166,16,1,0.0004171790001237241,123,A06,cross-subject,AdaBN
167,16,0,0.000395080999851416,123,A06,cross-subject,AdaBN
168,16,1,0.00036532699982672057,123,A06,cross-subject,AdaBN
169,16,0,0.0003676779999750579,123,A06,cross-subject,AdaBN
170,16,1,0.00037012900020272355,123,A06,cross-subject,AdaBN
171,16,1,0.0003660899999431422,123,A06,cross-subject,AdaBN
172,16,0,0.0003682890001073247,123,A06,cross-subject,AdaBN
173,16,0,0.0003699460000916588,123,A06,cross-subject,AdaBN
174,16,1,0.00036111300005359226,123,A06,cross-subject,AdaBN
175,16,0,0.00036470300005930767,123,A06,cross-subject,AdaBN
176,16,0,0.00036610300003303564,123,A06,cross-subject,AdaBN
177,16,0,0.00043198499997743056,123,A06,cross-subject,AdaBN
178,16,0,0.0004679129999658471,123,A06,cross-subject,AdaBN
179,16,0,0.00037102800001775904,123,A06,cross-subject,AdaBN
180,16,0,0.0003609880000112753,123,A06,cross-subject,AdaBN
181,16,1,0.0003693379999276658,123,A06,cross-subject,AdaBN
182,16,1,0.0003557939999154769,123,A06,cross-subject,AdaBN
183,16,0,0.00038569799994547793,123,A06,cross-subject,AdaBN
184,16,0,0.00045162999981585017,123,A06,cross-subject,AdaBN
185,16,0,0.0004102730001704913,123,A06,cross-subject,AdaBN
186,16,0,0.00040819200012265355,123,A06,cross-subject,AdaBN
187,16,1,0.0004659140001876949,123,A06,cross-subject,AdaBN
188,16,0,0.00046425799996541173,123,A06,cross-subject,AdaBN
189,16,0,0.0005040839998855517,123,A06,cross-subject,AdaBN
190,16,0,0.0005069159999493422,123,A06,cross-subject,AdaBN
191,16,0,0.0004937769999742159,123,A06,cross-subject,AdaBN
192,16,1,0.0004948640000748128,123,A06,cross-subject,AdaBN
193,16,1,0.00042303000009269454,123,A06,cross-subject,AdaBN
194,16,0,0.0005266339999252523,123,A06,cross-subject,AdaBN
195,16,1,0.0004945719999795983,123,A06,cross-subject,AdaBN
196,16,1,0.00043923899988840276,123,A06,cross-subject,AdaBN
197,16,0,0.0004952120000325522,123,A06,cross-subject,AdaBN
198,16,0,0.0006136290000995359,123,A06,cross-subject,AdaBN
199,16,0,0.0005480639999859704,123,A06,cross-subject,AdaBN
200,16,1,0.0005588650001300266,123,A06,cross-subject,AdaBN
201,16,0,0.0005700350000097387,123,A06,cross-subject,AdaBN
202,16,1,0.0006234909999420779,123,A06,cross-subject,AdaBN
203,16,1,0.0006839999998646817,123,A06,cross-subject,AdaBN
204,16,0,0.0005447099999855709,123,A06,cross-subject,AdaBN
205,16,1,0.0005564739999499579,123,A06,cross-subject,AdaBN
206,16,1,0.0005003629999009718,123,A06,cross-subject,AdaBN
207,16,1,0.00045059499984745344,123,A06,cross-subject,AdaBN
208,16,0,0.0005440999998427287,123,A06,cross-subject,AdaBN
209,16,0,0.000526439000168466,123,A06,cross-subject,AdaBN
210,16,1,0.00037780800016662397,123,A06,cross-subject,AdaBN
211,16,1,0.00048287699996762967,123,A06,cross-subject,AdaBN
212,16,1,0.0005024029999276536,123,A06,cross-subject,AdaBN
213,16,1,0.0003766280001400446,123,A06,cross-subject,AdaBN
214,16,1,0.0004007620000265888,123,A06,cross-subject,AdaBN
215,16,1,0.0005253899998933775,123,A06,cross-subject,AdaBN
216,16,0,0.00036531999990074837,123,A06,cross-subject,AdaBN
217,16,0,0.0003905780001787207,123,A06,cross-subject,AdaBN
218,16,1,0.0005377350000799197,123,A06,cross-subject,AdaBN
219,16,1,0.00048283000000992615,123,A06,cross-subject,AdaBN
220,16,1,0.0003852030001780804,123,A06,cross-subject,AdaBN
221,16,0,0.0004517229999692063,123,A06,cross-subject,AdaBN
222,16,1,0.0004159860000072513,123,A06,cross-subject,AdaBN
223,16,0,0.00037283999995452177,123,A06,cross-subject,AdaBN
224,16,1,0.0004474380000374367,123,A06,cross-subject,AdaBN
225,16,0,0.00042561899999782327,123,A06,cross-subject,AdaBN
226,16,0,0.00037008399999649555,123,A06,cross-subject,AdaBN
227,16,0,0.00048553900001024886,123,A06,cross-subject,AdaBN
228,16,1,0.0004694659999131545,123,A06,cross-subject,AdaBN
229,16,0,0.0003824940001777577,123,A06,cross-subject,AdaBN
230,16,0,0.00042445600001883577,123,A06,cross-subject,AdaBN
231,16,1,0.0004525520000697725,123,A06,cross-subject,AdaBN
232,16,0,0.00035575299989432096,123,A06,cross-subject,AdaBN
233,16,0,0.0003796830001192575,123,A06,cross-subject,AdaBN
234,16,1,0.0004426999998941028,123,A06,cross-subject,AdaBN
235,16,0,0.00038352999990820535,123,A06,cross-subject,AdaBN
236,16,1,0.00041728299993337714,123,A06,cross-subject,AdaBN
237,16,0,0.0004734609999559325,123,A06,cross-subject,AdaBN
238,16,1,0.00045996300013939617,123,A06,cross-subject,AdaBN
239,16,1,0.0004537570000593405,123,A06,cross-subject,AdaBN
240,16,1,0.00043640900003083516,123,A06,cross-subject,AdaBN
241,16,0,0.00039007599980322993,123,A06,cross-subject,AdaBN
242,16,0,0.0004109330000119371,123,A06,cross-subject,AdaBN
243,16,0,0.00044139400006315554,123,A06,cross-subject,AdaBN
244,16,0,0.00038153800005602534,123,A06,cross-subject,AdaBN
245,16,0,0.0003741410000657197,123,A06,cross-subject,AdaBN
246,16,0,0.00042175699991275906,123,A06,cross-subject,AdaBN
247,16,1,0.00038786199979767844,123,A06,cross-subject,AdaBN
248,16,0,0.00043272399989291443,123,A06,cross-subject,AdaBN
249,16,0,0.0005197789998874214,123,A06,cross-subject,AdaBN
250,16,0,0.00040233499998976185,123,A06,cross-subject,AdaBN
251,16,1,0.00037048199988021224,123,A06,cross-subject,AdaBN
252,16,1,0.0004185800000868767,123,A06,cross-subject,AdaBN
253,16,0,0.00039763999984643306,123,A06,cross-subject,AdaBN
254,16,0,0.0003816309999820078,123,A06,cross-subject,AdaBN
255,16,0,0.00041848800015031884,123,A06,cross-subject,AdaBN
256,16,0,0.0003978439999627881,123,A06,cross-subject,AdaBN
257,16,1,0.0003708449999066943,123,A06,cross-subject,AdaBN
258,16,1,0.00039696900012131664,123,A06,cross-subject,AdaBN
259,16,1,0.0004620069998964027,123,A06,cross-subject,AdaBN
260,16,1,0.0003892689999247523,123,A06,cross-subject,AdaBN
261,16,1,0.00036162200012768153,123,A06,cross-subject,AdaBN
262,16,0,0.0003785090000292257,123,A06,cross-subject,AdaBN
263,16,0,0.0003742440001133218,123,A06,cross-subject,AdaBN
264,16,1,0.00038380599994525255,123,A06,cross-subject,AdaBN
265,16,1,0.0003678489999856538,123,A06,cross-subject,AdaBN
266,16,0,0.00036295099994276825,123,A06,cross-subject,AdaBN
267,16,1,0.00036754799998561793,123,A06,cross-subject,AdaBN
268,16,0,0.0003745290000551904,123,A06,cross-subject,AdaBN
269,16,0,0.0004511160000220116,123,A06,cross-subject,AdaBN
270,16,0,0.0003673930000331893,123,A06,cross-subject,AdaBN
271,16,0,0.0003718730001764925,123,A06,cross-subject,AdaBN
272,16,0,0.0003648560000328871,123,A06,cross-subject,AdaBN
273,16,0,0.0003644240000539867,123,A06,cross-subject,AdaBN
274,16,1,0.00036404000002221437,123,A06,cross-subject,AdaBN
275,16,0,0.00037737999991804827,123,A06,cross-subject,AdaBN
276,16,1,0.0003618200000801153,123,A06,cross-subject,AdaBN
277,16,0,0.0003759319999971922,123,A06,cross-subject,AdaBN
278,16,1,0.000360120999857827,123,A06,cross-subject,AdaBN
279,16,1,0.0004659280000396393,123,A06,cross-subject,AdaBN
280,16,1,0.00047448999998778163,123,A06,cross-subject,AdaBN
281,16,1,0.00037236499997561623,123,A06,cross-subject,AdaBN
282,16,1,0.000388699999803066,123,A06,cross-subject,AdaBN
283,16,0,0.00037804499993399077,123,A06,cross-subject,AdaBN
284,16,0,0.0004072690001066803,123,A06,cross-subject,AdaBN
285,16,1,0.00043470800005707133,123,A06,cross-subject,AdaBN
286,16,0,0.0004395390001263877,123,A06,cross-subject,AdaBN
287,16,0,0.0003745389999494364,123,A06,cross-subject,AdaBN
0,1,1,0.0013919309999437246,123,A07,cross-subject,AdaBN
1,2,1,0.0011736349999864615,123,A07,cross-subject,AdaBN
2,3,0,0.0011513310000736965,123,A07,cross-subject,AdaBN
3,4,1,0.0024121250000916916,123,A07,cross-subject,AdaBN
4,5,1,0.0020719419999295496,123,A07,cross-subject,AdaBN
5,6,1,0.0019413550000990654,123,A07,cross-subject,AdaBN
6,7,1,0.0020611840000128723,123,A07,cross-subject,AdaBN
7,8,1,0.0020368689999941125,123,A07,cross-subject,AdaBN
8,9,0,0.0016220550000980438,123,A07,cross-subject,AdaBN
9,10,1,0.0016018690000692004,123,A07,cross-subject,AdaBN
10,11,0,0.001644389999910345,123,A07,cross-subject,AdaBN
11,12,0,0.0016293910000513279,123,A07,cross-subject,AdaBN
12,13,0,0.0015865570001096785,123,A07,cross-subject,AdaBN
13,14,1,0.0016599929999756569,123,A07,cross-subject,AdaBN
14,15,0,0.0019760049999604234,123,A07,cross-subject,AdaBN
15,16,0,0.001953302999936568,123,A07,cross-subject,AdaBN
16,16,1,0.0012204930001189496,123,A07,cross-subject,AdaBN
17,16,0,0.0012601460000496445,123,A07,cross-subject,AdaBN
18,16,1,0.0012885859998732485,123,A07,cross-subject,AdaBN
19,16,0,0.0006673949999367323,123,A07,cross-subject,AdaBN
20,16,1,0.0006630880000102479,123,A07,cross-subject,AdaBN
21,16,1,0.0005952450001132092,123,A07,cross-subject,AdaBN
22,16,0,0.000600210000129664,123,A07,cross-subject,AdaBN
23,16,1,0.0006149559999357734,123,A07,cross-subject,AdaBN
24,16,0,0.0006221769999683602,123,A07,cross-subject,AdaBN
25,16,0,0.0006902790000822279,123,A07,cross-subject,AdaBN
26,16,0,0.0007167080000272108,123,A07,cross-subject,AdaBN
27,16,1,0.0007676729999275267,123,A07,cross-subject,AdaBN
28,16,1,0.0008303049999085488,123,A07,cross-subject,AdaBN
29,16,1,0.0008681430001615809,123,A07,cross-subject,AdaBN
30,16,1,0.0009183299998767325,123,A07,cross-subject,AdaBN
31,16,0,0.0009903460002078646,123,A07,cross-subject,AdaBN
32,16,1,0.0010015039999871078,123,A07,cross-subject,AdaBN
33,16,1,0.001056299999845578,123,A07,cross-subject,AdaBN
34,16,0,0.0012302249999720516,123,A07,cross-subject,AdaBN
35,16,0,0.0012243840001247008,123,A07,cross-subject,AdaBN
36,16,0,0.0019871629999670404,123,A07,cross-subject,AdaBN
37,16,1,0.0016347719999885157,123,A07,cross-subject,AdaBN
38,16,1,0.0017310470000211353,123,A07,cross-subject,AdaBN
39,16,0,0.0018380389999492763,123,A07,cross-subject,AdaBN
40,16,0,0.0020144320001236338,123,A07,cross-subject,AdaBN
41,16,0,0.0021382519998951466,123,A07,cross-subject,AdaBN
42,16,0,0.0023088640000423766,123,A07,cross-subject,AdaBN
43,16,0,0.002368809000017791,123,A07,cross-subject,AdaBN
44,16,1,0.002385000999993281,123,A07,cross-subject,AdaBN
45,16,1,0.002407296999990649,123,A07,cross-subject,AdaBN
46,16,1,0.0023800970000138477,123,A07,cross-subject,AdaBN
47,16,1,0.0023416550000092684,123,A07,cross-subject,AdaBN
48,16,0,0.002372111000113364,123,A07,cross-subject,AdaBN
49,16,0,0.002103759999954491,123,A07,cross-subject,AdaBN
50,16,1,0.002009172000043691,123,A07,cross-subject,AdaBN
51,16,1,0.0019341279999025573,123,A07,cross-subject,AdaBN
52,16,0,0.0018476469999768597,123,A07,cross-subject,AdaBN
53,16,0,0.0018008020001616387,123,A07,cross-subject,AdaBN
54,16,0,0.0016874369998731709,123,A07,cross-subject,AdaBN
55,16,0,0.0015579920000163838,123,A07,cross-subject,AdaBN
56,16,1,0.001517643999932261,123,A07,cross-subject,AdaBN
57,16,1,0.0013784610000584507,123,A07,cross-subject,AdaBN
58,16,0,0.0012771209999300481,123,A07,cross-subject,AdaBN
59,16,0,0.0012548250001600536,123,A07,cross-subject,AdaBN
60,16,1,0.0011395510000511422,123,A07,cross-subject,AdaBN
61,16,0,0.0010701260000587354,123,A07,cross-subject,AdaBN
62,16,1,0.001072128000032535,123,A07,cross-subject,AdaBN
63,16,1,0.0009798670000691345,123,A07,cross-subject,AdaBN
64,16,1,0.0009481859999596054,123,A07,cross-subject,AdaBN
65,16,0,0.0009013989999857586,123,A07,cross-subject,AdaBN
66,16,1,0.0009237169999778416,123,A07,cross-subject,AdaBN
67,16,0,0.0008323960000780062,123,A07,cross-subject,AdaBN
68,16,1,0.0008030849999158818,123,A07,cross-subject,AdaBN
69,16,1,0.0007594369999424089,123,A07,cross-subject,AdaBN
70,16,0,0.0007204050000382267,123,A07,cross-subject,AdaBN
71,16,0,0.0007001320000199485,123,A07,cross-subject,AdaBN
72,16,1,0.000680843999816716,123,A07,cross-subject,AdaBN
73,16,0,0.0006388189999597671,123,A07,cross-subject,AdaBN
74,16,0,0.0006076370000300813,123,A07,cross-subject,AdaBN
75,16,1,0.0006041130000085104,123,A07,cross-subject,AdaBN
76,16,1,0.0005797150001853879,123,A07,cross-subject,AdaBN
77,16,1,0.0005421189998742193,123,A07,cross-subject,AdaBN
78,16,0,0.0005625560002044949,123,A07,cross-subject,AdaBN
79,16,0,0.0005291540001053363,123,A07,cross-subject,AdaBN
80,16,0,0.0004892759998256224,123,A07,cross-subject,AdaBN
81,16,0,0.0005103859998598637,123,A07,cross-subject,AdaBN
82,16,0,0.00046746199996050564,123,A07,cross-subject,AdaBN
83,16,1,0.0004675950001455931,123,A07,cross-subject,AdaBN
84,16,0,0.00044858899991595536,123,A07,cross-subject,AdaBN
85,16,0,0.0004334469999776047,123,A07,cross-subject,AdaBN
86,16,1,0.00040221600011136616,123,A07,cross-subject,AdaBN
87,16,0,0.0004054179999002372,123,A07,cross-subject,AdaBN
88,16,0,0.00037014500003351714,123,A07,cross-subject,AdaBN
89,16,0,0.0003882060000250931,123,A07,cross-subject,AdaBN
90,16,1,0.0003589390000797721,123,A07,cross-subject,AdaBN
91,16,0,0.0003575420000743179,123,A07,cross-subject,AdaBN
92,16,1,0.00035940799989475636,123,A07,cross-subject,AdaBN
93,16,1,0.00036821699995925883,123,A07,cross-subject,AdaBN
94,16,0,0.000359841999852506,123,A07,cross-subject,AdaBN
95,16,0,0.0003692319999117899,123,A07,cross-subject,AdaBN
96,16,0,0.00043503100005182205,123,A07,cross-subject,AdaBN
97,16,0,0.0004614380000020901,123,A07,cross-subject,AdaBN
98,16,0,0.0003798039999765024,123,A07,cross-subject,AdaBN
99,16,1,0.0003969450001477526,123,A07,cross-subject,AdaBN
100,16,0,0.0003542910001215205,123,A07,cross-subject,AdaBN
101,16,0,0.00038236899990806705,123,A07,cross-subject,AdaBN
102,16,0,0.0004052280000905739,123,A07,cross-subject,AdaBN
103,16,1,0.000405475999968985,123,A07,cross-subject,AdaBN
104,16,1,0.00036189100001138286,123,A07,cross-subject,AdaBN
105,16,1,0.00039060900007825694,123,A07,cross-subject,AdaBN
106,16,0,0.00036677499997495033,123,A07,cross-subject,AdaBN
107,16,0,0.0003925230000731972,123,A07,cross-subject,AdaBN
108,16,0,0.0003703449999648001,123,A07,cross-subject,AdaBN
109,16,1,0.00037206600018180325,123,A07,cross-subject,AdaBN
110,16,0,0.0004398859998673288,123,A07,cross-subject,AdaBN
111,16,0,0.00048038900013125385,123,A07,cross-subject,AdaBN
112,16,0,0.0003933380000944453,123,A07,cross-subject,AdaBN
113,16,0,0.0004297450000194658,123,A07,cross-subject,AdaBN
114,16,0,0.000457734000065102,123,A07,cross-subject,AdaBN
115,16,1,0.00044608799998968607,123,A07,cross-subject,AdaBN
116,16,0,0.0003602640001645341,123,A07,cross-subject,AdaBN
117,16,0,0.00039684200010015047,123,A07,cross-subject,AdaBN
118,16,1,0.0003665080000700982,123,A07,cross-subject,AdaBN
119,16,1,0.0003875979998611001,123,A07,cross-subject,AdaBN
120,16,1,0.000361859000122422,123,A07,cross-subject,AdaBN
121,16,1,0.0003922959999727027,123,A07,cross-subject,AdaBN
122,16,0,0.00036417899991647573,123,A07,cross-subject,AdaBN
123,16,0,0.00037844000007680734,123,A07,cross-subject,AdaBN
124,16,0,0.00040322499989997596,123,A07,cross-subject,AdaBN
125,16,0,0.00047607100009372516,123,A07,cross-subject,AdaBN
126,16,0,0.000397396999915145,123,A07,cross-subject,AdaBN
127,16,0,0.00041927600000235543,123,A07,cross-subject,AdaBN
128,16,0,0.0003743550000763207,123,A07,cross-subject,AdaBN
129,16,0,0.00039288599987230555,123,A07,cross-subject,AdaBN
130,16,1,0.00037440200003402424,123,A07,cross-subject,AdaBN
131,16,0,0.0003935759998512367,123,A07,cross-subject,AdaBN
132,16,0,0.00035846099990521907,123,A07,cross-subject,AdaBN
133,16,1,0.0003693890000704414,123,A07,cross-subject,AdaBN
134,16,1,0.0003704329999436595,123,A07,cross-subject,AdaBN
135,16,1,0.00038711499996679777,123,A07,cross-subject,AdaBN
136,16,0,0.00036538799986374215,123,A07,cross-subject,AdaBN
137,16,0,0.00038861699999870325,123,A07,cross-subject,AdaBN
138,16,1,0.00038688500012540317,123,A07,cross-subject,AdaBN
139,16,0,0.0004619569999704254,123,A07,cross-subject,AdaBN
140,16,0,0.0004083349999746133,123,A07,cross-subject,AdaBN
141,16,1,0.00038540200011993875,123,A07,cross-subject,AdaBN
142,16,1,0.0004247760000453127,123,A07,cross-subject,AdaBN
143,16,0,0.0003877679998822714,123,A07,cross-subject,AdaBN
144,16,0,0.00040271100010613736,123,A07,cross-subject,AdaBN
145,16,1,0.0003948850001052051,123,A07,cross-subject,AdaBN
146,16,1,0.0003681749999486783,123,A07,cross-subject,AdaBN
147,16,0,0.0003765920000660117,123,A07,cross-subject,AdaBN
148,16,0,0.0003794649999235844,123,A07,cross-subject,AdaBN
149,16,0,0.00038690600013069343,123,A07,cross-subject,AdaBN
150,16,1,0.0004121990000385267,123,A07,cross-subject,AdaBN
151,16,1,0.00045317900003283285,123,A07,cross-subject,AdaBN
152,16,1,0.00040488600006938213,123,A07,cross-subject,AdaBN
153,16,0,0.000383275999865873,123,A07,cross-subject,AdaBN
154,16,0,0.0003758220000236179,123,A07,cross-subject,AdaBN
155,16,1,0.00037229999998089625,123,A07,cross-subject,AdaBN
156,16,0,0.00036377099991113937,123,A07,cross-subject,AdaBN
157,16,0,0.00037261500006025017,123,A07,cross-subject,AdaBN
158,16,1,0.00036825000006501796,123,A07,cross-subject,AdaBN
159,16,0,0.0003683810000438825,123,A07,cross-subject,AdaBN
160,16,0,0.00037134800004423596,123,A07,cross-subject,AdaBN
161,16,0,0.00037356500001806126,123,A07,cross-subject,AdaBN
162,16,0,0.0003599310000481637,123,A07,cross-subject,AdaBN
163,16,1,0.00036727899987454293,123,A07,cross-subject,AdaBN
164,16,1,0.0003765419999126607,123,A07,cross-subject,AdaBN
165,16,1,0.0004381619999094255,123,A07,cross-subject,AdaBN
166,16,1,0.0004448970000794361,123,A07,cross-subject,AdaBN
167,16,0,0.0004694060000929312,123,A07,cross-subject,AdaBN
168,16,0,0.00039469800003644195,123,A07,cross-subject,AdaBN
169,16,1,0.0003684949999751552,123,A07,cross-subject,AdaBN
170,16,1,0.0003658980001546297,123,A07,cross-subject,AdaBN
171,16,0,0.0003634590000274329,123,A07,cross-subject,AdaBN
172,16,0,0.00036140099996373465,123,A07,cross-subject,AdaBN
173,16,0,0.00036487900001702656,123,A07,cross-subject,AdaBN
174,16,0,0.0003735409998171235,123,A07,cross-subject,AdaBN
175,16,1,0.00036155800012238615,123,A07,cross-subject,AdaBN
176,16,0,0.0003747549999388866,123,A07,cross-subject,AdaBN
177,16,0,0.00035968399993180356,123,A07,cross-subject,AdaBN
178,16,0,0.00044724800000039977,123,A07,cross-subject,AdaBN
179,16,0,0.00046146500017130165,123,A07,cross-subject,AdaBN
180,16,0,0.00038108400008241006,123,A07,cross-subject,AdaBN
181,16,1,0.0003925200001049234,123,A07,cross-subject,AdaBN
182,16,1,0.0003722689998539863,123,A07,cross-subject,AdaBN
183,16,0,0.00039116299990382686,123,A07,cross-subject,AdaBN
184,16,0,0.0003816760001882358,123,A07,cross-subject,AdaBN
185,16,1,0.00036283700001149555,123,A07,cross-subject,AdaBN
186,16,0,0.0003895150000516878,123,A07,cross-subject,AdaBN
187,16,0,0.00036777099990104034,123,A07,cross-subject,AdaBN
188,16,0,0.00040875900003811694,123,A07,cross-subject,AdaBN
189,16,1,0.00044647200002145837,123,A07,cross-subject,AdaBN
190,16,0,0.000467297000113831,123,A07,cross-subject,AdaBN
191,16,1,0.000413196000181415,123,A07,cross-subject,AdaBN
192,16,1,0.00036404000002221437,123,A07,cross-subject,AdaBN
193,16,1,0.00037783299990223895,123,A07,cross-subject,AdaBN
194,16,0,0.00039006699989840854,123,A07,cross-subject,AdaBN
195,16,1,0.0003639680001015222,123,A07,cross-subject,AdaBN
196,16,0,0.0004081829999904585,123,A07,cross-subject,AdaBN
197,16,0,0.00036288000001150067,123,A07,cross-subject,AdaBN
198,16,0,0.00036311799999566574,123,A07,cross-subject,AdaBN
199,16,1,0.0003855949998978758,123,A07,cross-subject,AdaBN
200,16,1,0.00036371300006976526,123,A07,cross-subject,AdaBN
201,16,0,0.00047315599999819824,123,A07,cross-subject,AdaBN
202,16,0,0.00045009399991613463,123,A07,cross-subject,AdaBN
203,16,0,0.0003917320000255131,123,A07,cross-subject,AdaBN
204,16,1,0.0004176919999281381,123,A07,cross-subject,AdaBN
205,16,0,0.000362018000032549,123,A07,cross-subject,AdaBN
206,16,1,0.0003693989999646874,123,A07,cross-subject,AdaBN
207,16,0,0.00038794300007793936,123,A07,cross-subject,AdaBN
208,16,0,0.000365529999953651,123,A07,cross-subject,AdaBN
209,16,0,0.00037379399987003126,123,A07,cross-subject,AdaBN
210,16,0,0.0003862599999138183,123,A07,cross-subject,AdaBN
211,16,0,0.00045682099994337477,123,A07,cross-subject,AdaBN
212,16,1,0.0004535190000751754,123,A07,cross-subject,AdaBN
213,16,0,0.00043072899984508695,123,A07,cross-subject,AdaBN
214,16,0,0.00036704700005429913,123,A07,cross-subject,AdaBN
215,16,0,0.0003641989999323414,123,A07,cross-subject,AdaBN
216,16,0,0.00037792400007674587,123,A07,cross-subject,AdaBN
217,16,1,0.0003603870000006282,123,A07,cross-subject,AdaBN
218,16,1,0.00036437700009628315,123,A07,cross-subject,AdaBN
219,16,0,0.00037019699993834365,123,A07,cross-subject,AdaBN
220,16,1,0.000356947999989643,123,A07,cross-subject,AdaBN
221,16,1,0.00037480799983313773,123,A07,cross-subject,AdaBN
222,16,1,0.0004420760001266899,123,A07,cross-subject,AdaBN
223,16,0,0.00044101999992562924,123,A07,cross-subject,AdaBN
224,16,1,0.00037212999995972496,123,A07,cross-subject,AdaBN
225,16,0,0.00043142699996678857,123,A07,cross-subject,AdaBN
226,16,0,0.0003742019998753676,123,A07,cross-subject,AdaBN
227,16,0,0.00037018000011812546,123,A07,cross-subject,AdaBN
228,16,0,0.000372553000033804,123,A07,cross-subject,AdaBN
229,16,0,0.0003771379999761848,123,A07,cross-subject,AdaBN
230,16,0,0.00036372499994286045,123,A07,cross-subject,AdaBN
231,16,1,0.0003614239999478741,123,A07,cross-subject,AdaBN
232,16,0,0.0003905309999936435,123,A07,cross-subject,AdaBN
233,16,0,0.00041883999983838294,123,A07,cross-subject,AdaBN
234,16,0,0.0004412069999943924,123,A07,cross-subject,AdaBN
235,16,0,0.0003954379999413504,123,A07,cross-subject,AdaBN
236,16,1,0.0003707139999278297,123,A07,cross-subject,AdaBN
237,16,0,0.0003800580000188347,123,A07,cross-subject,AdaBN
238,16,0,0.0003833230000509502,123,A07,cross-subject,AdaBN
239,16,1,0.00037633599981745647,123,A07,cross-subject,AdaBN
240,16,0,0.0003788629999235127,123,A07,cross-subject,AdaBN
241,16,1,0.000382000999934462,123,A07,cross-subject,AdaBN
242,16,0,0.00042783399999279936,123,A07,cross-subject,AdaBN
243,16,1,0.0004209989999708341,123,A07,cross-subject,AdaBN
244,16,0,0.00039397099999405327,123,A07,cross-subject,AdaBN
245,16,0,0.0003589880000163248,123,A07,cross-subject,AdaBN
246,16,1,0.0003831700000773708,123,A07,cross-subject,AdaBN
247,16,1,0.00037146399995435786,123,A07,cross-subject,AdaBN
248,16,1,0.000374744000055216,123,A07,cross-subject,AdaBN
249,16,0,0.00037677300019822724,123,A07,cross-subject,AdaBN
250,16,0,0.00037561699991783826,123,A07,cross-subject,AdaBN
251,16,1,0.00036175899981572,123,A07,cross-subject,AdaBN
252,16,1,0.0003636959997947997,123,A07,cross-subject,AdaBN
253,16,0,0.00047729100015203585,123,A07,cross-subject,AdaBN
254,16,0,0.00040897300004871795,123,A07,cross-subject,AdaBN
255,16,0,0.0003627930000220658,123,A07,cross-subject,AdaBN
256,16,0,0.00041628400003901334,123,A07,cross-subject,AdaBN
257,16,0,0.00036439099994822755,123,A07,cross-subject,AdaBN
258,16,0,0.00037024300013399625,123,A07,cross-subject,AdaBN
259,16,0,0.0003703200000018114,123,A07,cross-subject,AdaBN
260,16,0,0.00038099599987617694,123,A07,cross-subject,AdaBN
261,16,0,0.0003691520000757009,123,A07,cross-subject,AdaBN
262,16,0,0.0004567020000649791,123,A07,cross-subject,AdaBN
263,16,1,0.0004742820001411019,123,A07,cross-subject,AdaBN
264,16,0,0.00040309400014848507,123,A07,cross-subject,AdaBN
265,16,1,0.00038302899997688655,123,A07,cross-subject,AdaBN
266,16,0,0.00038170300013007363,123,A07,cross-subject,AdaBN
267,16,0,0.00036736000015480386,123,A07,cross-subject,AdaBN
268,16,1,0.0003874529998029175,123,A07,cross-subject,AdaBN
269,16,0,0.000390140000035899,123,A07,cross-subject,AdaBN
270,16,0,0.00035695800011126266,123,A07,cross-subject,AdaBN
271,16,0,0.00037856299991290143,123,A07,cross-subject,AdaBN
272,16,0,0.0003750340001715813,123,A07,cross-subject,AdaBN
273,16,1,0.000427151999929265,123,A07,cross-subject,AdaBN
274,16,0,0.0004398149999360612,123,A07,cross-subject,AdaBN
275,16,0,0.0003927430000203458,123,A07,cross-subject,AdaBN
276,16,1,0.0003647519999958604,123,A07,cross-subject,AdaBN
277,16,1,0.0003739809999387944,123,A07,cross-subject,AdaBN
278,16,0,0.0003724910000073578,123,A07,cross-subject,AdaBN
279,16,0,0.0003639070000645006,123,A07,cross-subject,AdaBN
280,16,0,0.00037202899989097205,123,A07,cross-subject,AdaBN
281,16,0,0.0003698170000916434,123,A07,cross-subject,AdaBN
282,16,0,0.0003596060000745638,123,A07,cross-subject,AdaBN
283,16,1,0.0003831679998711479,123,A07,cross-subject,AdaBN
284,16,0,0.0004846320000524429,123,A07,cross-subject,AdaBN
285,16,0,0.00039288399989345635,123,A07,cross-subject,AdaBN
286,16,0,0.0003946219999306777,123,A07,cross-subject,AdaBN
287,16,1,0.00041272200019193406,123,A07,cross-subject,AdaBN
0,1,1,0.0023206259998005407,123,A08,cross-subject,AdaBN
1,2,1,0.002090249000048061,123,A08,cross-subject,AdaBN
2,3,1,0.0020586600001024635,123,A08,cross-subject,AdaBN
3,4,0,0.0020177500000500004,123,A08,cross-subject,AdaBN
4,5,1,0.0019957309998517303,123,A08,cross-subject,AdaBN
5,6,0,0.0019048369999836723,123,A08,cross-subject,AdaBN
6,7,1,0.0018431189998864284,123,A08,cross-subject,AdaBN
7,8,1,0.0009042829999543756,123,A08,cross-subject,AdaBN
8,9,1,0.0008107450000807148,123,A08,cross-subject,AdaBN
9,10,1,0.0008005210002011154,123,A08,cross-subject,AdaBN
10,11,0,0.0008319640000991058,123,A08,cross-subject,AdaBN
11,12,1,0.0008017140000902145,123,A08,cross-subject,AdaBN
12,13,0,0.0007825640000191925,123,A08,cross-subject,AdaBN
13,14,1,0.0007616000000325585,123,A08,cross-subject,AdaBN
14,15,1,0.0007547790000899113,123,A08,cross-subject,AdaBN
15,16,1,0.0007644620000064606,123,A08,cross-subject,AdaBN
16,16,1,0.0007485789999464032,123,A08,cross-subject,AdaBN
17,16,1,0.0007498850000047241,123,A08,cross-subject,AdaBN
18,16,0,0.0007742840000446449,123,A08,cross-subject,AdaBN
19,16,1,0.0008074059999216843,123,A08,cross-subject,AdaBN
20,16,0,0.0008736280001357954,123,A08,cross-subject,AdaBN
21,16,1,0.0008641599999918981,123,A08,cross-subject,AdaBN
22,16,1,0.0005855039999005385,123,A08,cross-subject,AdaBN
23,16,0,0.0004635609998331347,123,A08,cross-subject,AdaBN
24,16,1,0.0005525970000235247,123,A08,cross-subject,AdaBN
25,16,1,0.00045074500008013274,123,A08,cross-subject,AdaBN
26,16,1,0.0004979819998425228,123,A08,cross-subject,AdaBN
27,16,0,0.0005117939999763621,123,A08,cross-subject,AdaBN
28,16,1,0.0005214249999880849,123,A08,cross-subject,AdaBN
29,16,1,0.000574553999967975,123,A08,cross-subject,AdaBN
30,16,1,0.000566734000130964,123,A08,cross-subject,AdaBN
31,16,1,0.0006824179999966873,123,A08,cross-subject,AdaBN
32,16,1,0.0006447870000556577,123,A08,cross-subject,AdaBN
33,16,1,0.0006271380000271165,123,A08,cross-subject,AdaBN
34,16,1,0.0005262899999252113,123,A08,cross-subject,AdaBN
35,16,1,0.0005314850000104343,123,A08,cross-subject,AdaBN
36,16,1,0.0005584930001987232,123,A08,cross-subject,AdaBN
37,16,0,0.0006115640001098654,123,A08,cross-subject,AdaBN
38,16,1,0.0006030009999449248,123,A08,cross-subject,AdaBN
39,16,0,0.0006646039998940978,123,A08,cross-subject,AdaBN
40,16,1,0.0006709879999107216,123,A08,cross-subject,AdaBN
41,16,0,0.0006953810000140948,123,A08,cross-subject,AdaBN
42,16,1,0.0007083580001108203,123,A08,cross-subject,AdaBN
43,16,0,0.0007616820000748703,123,A08,cross-subject,AdaBN
44,16,1,0.0008087040000646084,123,A08,cross-subject,AdaBN
45,16,0,0.0008590779998485232,123,A08,cross-subject,AdaBN
46,16,0,0.0009183390000089275,123,A08,cross-subject,AdaBN
47,16,0,0.0009444350000649138,123,A08,cross-subject,AdaBN
48,16,0,0.0008909299999686482,123,A08,cross-subject,AdaBN
49,16,0,0.0008849719999943773,123,A08,cross-subject,AdaBN
50,16,1,0.000859354000112944,123,A08,cross-subject,AdaBN
51,16,1,0.0008574679998218926,123,A08,cross-subject,AdaBN
52,16,1,0.0008280660001673823,123,A08,cross-subject,AdaBN
53,16,1,0.0008188189999600581,123,A08,cross-subject,AdaBN
54,16,0,0.0007757200000924058,123,A08,cross-subject,AdaBN
55,16,1,0.0007352249999712512,123,A08,cross-subject,AdaBN
56,16,0,0.0007370989999344602,123,A08,cross-subject,AdaBN
57,16,0,0.0007166820000747975,123,A08,cross-subject,AdaBN
58,16,1,0.0007012359999407636,123,A08,cross-subject,AdaBN
59,16,1,0.0006830149998222623,123,A08,cross-subject,AdaBN
60,16,1,0.0006685370001378033,123,A08,cross-subject,AdaBN
61,16,0,0.0006592820000150823,123,A08,cross-subject,AdaBN
62,16,1,0.000607964999971955,123,A08,cross-subject,AdaBN
63,16,1,0.0006063130001621175,123,A08,cross-subject,AdaBN
64,16,0,0.0006015999999817723,123,A08,cross-subject,AdaBN
65,16,1,0.000562888000104067,123,A08,cross-subject,AdaBN
66,16,0,0.0005827140000747022,123,A08,cross-subject,AdaBN
67,16,0,0.0005659050000303978,123,A08,cross-subject,AdaBN
68,16,1,0.0005365099998471123,123,A08,cross-subject,AdaBN
69,16,1,0.0005423650000011548,123,A08,cross-subject,AdaBN
70,16,1,0.0005267200001526362,123,A08,cross-subject,AdaBN
71,16,0,0.000499433999948451,123,A08,cross-subject,AdaBN
72,16,1,0.0005260519999410462,123,A08,cross-subject,AdaBN
73,16,1,0.0004863970000315021,123,A08,cross-subject,AdaBN
74,16,1,0.00047691000008853734,123,A08,cross-subject,AdaBN
75,16,1,0.0004650470000342466,123,A08,cross-subject,AdaBN
76,16,1,0.0004503370000747964,123,A08,cross-subject,AdaBN
77,16,0,0.000458804999880158,123,A08,cross-subject,AdaBN
78,16,1,0.00042938599995068216,123,A08,cross-subject,AdaBN
79,16,1,0.0004252620001352625,123,A08,cross-subject,AdaBN
80,16,1,0.00040356899990001693,123,A08,cross-subject,AdaBN
81,16,0,0.0004039179998471809,123,A08,cross-subject,AdaBN
82,16,1,0.00039248899997801345,123,A08,cross-subject,AdaBN
83,16,0,0.0004353519998403499,123,A08,cross-subject,AdaBN
84,16,0,0.0004549669999960315,123,A08,cross-subject,AdaBN
85,16,1,0.0003715499999543681,123,A08,cross-subject,AdaBN
86,16,1,0.00041690399984872784,123,A08,cross-subject,AdaBN
87,16,0,0.00036342600014904747,123,A08,cross-subject,AdaBN
88,16,1,0.00038314499988700845,123,A08,cross-subject,AdaBN
89,16,1,0.0003615460000219173,123,A08,cross-subject,AdaBN
90,16,1,0.0003670659998533665,123,A08,cross-subject,AdaBN
91,16,0,0.0003734950000762183,123,A08,cross-subject,AdaBN
92,16,0,0.0003573419999156613,123,A08,cross-subject,AdaBN
93,16,1,0.0003650109999853157,123,A08,cross-subject,AdaBN
94,16,0,0.00036238899997442786,123,A08,cross-subject,AdaBN
95,16,1,0.0003788510000504175,123,A08,cross-subject,AdaBN
96,16,1,0.00046295400011331367,123,A08,cross-subject,AdaBN
97,16,1,0.0004918689999158232,123,A08,cross-subject,AdaBN
98,16,1,0.000476600999945731,123,A08,cross-subject,AdaBN
99,16,1,0.0003699510000387818,123,A08,cross-subject,AdaBN
100,16,1,0.0004096220000064932,123,A08,cross-subject,AdaBN
101,16,0,0.0003669640000225627,123,A08,cross-subject,AdaBN
102,16,1,0.00038546300015696033,123,A08,cross-subject,AdaBN
103,16,0,0.00036051899996891734,123,A08,cross-subject,AdaBN
104,16,1,0.00036797000007027236,123,A08,cross-subject,AdaBN
105,16,1,0.0003665640001599968,123,A08,cross-subject,AdaBN
106,16,0,0.0003728359999968234,123,A08,cross-subject,AdaBN
107,16,0,0.00037340700009735883,123,A08,cross-subject,AdaBN
108,16,0,0.00038926900015212595,123,A08,cross-subject,AdaBN
109,16,1,0.0004697990000295249,123,A08,cross-subject,AdaBN
110,16,0,0.0005269650000627735,123,A08,cross-subject,AdaBN
111,16,1,0.00042199599988634873,123,A08,cross-subject,AdaBN
112,16,1,0.0004015980000531272,123,A08,cross-subject,AdaBN
113,16,1,0.00040233200002148806,123,A08,cross-subject,AdaBN
114,16,1,0.00042346300006101956,123,A08,cross-subject,AdaBN
115,16,0,0.00036502200009636,123,A08,cross-subject,AdaBN
116,16,1,0.0005728889998408704,123,A08,cross-subject,AdaBN
117,16,0,0.0004189769999811688,123,A08,cross-subject,AdaBN
118,16,0,0.000381856999865704,123,A08,cross-subject,AdaBN
119,16,1,0.00042075300007127225,123,A08,cross-subject,AdaBN
120,16,1,0.00042365199988125823,123,A08,cross-subject,AdaBN
121,16,1,0.0004929019999053708,123,A08,cross-subject,AdaBN
122,16,0,0.0003821239999979298,123,A08,cross-subject,AdaBN
123,16,0,0.00040459400020154135,123,A08,cross-subject,AdaBN
124,16,1,0.0003957419999096601,123,A08,cross-subject,AdaBN
125,16,0,0.00036444900001697533,123,A08,cross-subject,AdaBN
126,16,1,0.0004131010000492097,123,A08,cross-subject,AdaBN
127,16,1,0.0003823810000085359,123,A08,cross-subject,AdaBN
128,16,0,0.0004316720001042995,123,A08,cross-subject,AdaBN
129,16,0,0.0003846029999294842,123,A08,cross-subject,AdaBN
130,16,0,0.000431295999987924,123,A08,cross-subject,AdaBN
131,16,0,0.0003928429998723004,123,A08,cross-subject,AdaBN
132,16,1,0.0003948609999042674,123,A08,cross-subject,AdaBN
133,16,1,0.0004332250000516069,123,A08,cross-subject,AdaBN
134,16,1,0.0004271960001460684,123,A08,cross-subject,AdaBN
135,16,1,0.0003796989999500511,123,A08,cross-subject,AdaBN
136,16,1,0.00036666599999080063,123,A08,cross-subject,AdaBN
137,16,0,0.00037439299990182917,123,A08,cross-subject,AdaBN
138,16,1,0.00037467299989657477,123,A08,cross-subject,AdaBN
139,16,0,0.00036372399995343585,123,A08,cross-subject,AdaBN
140,16,1,0.0003661890000330459,123,A08,cross-subject,AdaBN
141,16,0,0.0003618680000272434,123,A08,cross-subject,AdaBN
142,16,0,0.0003680040001654561,123,A08,cross-subject,AdaBN
143,16,1,0.000384497000140982,123,A08,cross-subject,AdaBN
144,16,1,0.0004661400000713911,123,A08,cross-subject,AdaBN
145,16,1,0.0004322439999668859,123,A08,cross-subject,AdaBN
146,16,0,0.00036301299996921443,123,A08,cross-subject,AdaBN
147,16,1,0.00037511500022446853,123,A08,cross-subject,AdaBN
148,16,1,0.00035757000000558037,123,A08,cross-subject,AdaBN
149,16,0,0.0003779779999604216,123,A08,cross-subject,AdaBN
150,16,1,0.0003759180001452478,123,A08,cross-subject,AdaBN
151,16,0,0.0003580620000320778,123,A08,cross-subject,AdaBN
152,16,0,0.0003692200000386947,123,A08,cross-subject,AdaBN
153,16,1,0.0003668469998956425,123,A08,cross-subject,AdaBN
154,16,1,0.0003640750001068227,123,A08,cross-subject,AdaBN
155,16,0,0.0003962939999837545,123,A08,cross-subject,AdaBN
156,16,0,0.00043022299996664515,123,A08,cross-subject,AdaBN
157,16,1,0.00045015799992143,123,A08,cross-subject,AdaBN
158,16,0,0.00039785099988876027,123,A08,cross-subject,AdaBN
159,16,0,0.0003631440001754527,123,A08,cross-subject,AdaBN
160,16,1,0.0003737709998858918,123,A08,cross-subject,AdaBN
161,16,0,0.0003893099999459082,123,A08,cross-subject,AdaBN
162,16,1,0.00035729200021705765,123,A08,cross-subject,AdaBN
163,16,0,0.0004112269998586271,123,A08,cross-subject,AdaBN
164,16,1,0.00037208399999144603,123,A08,cross-subject,AdaBN
165,16,1,0.000367841000070257,123,A08,cross-subject,AdaBN
166,16,0,0.00042473700000300596,123,A08,cross-subject,AdaBN
167,16,0,0.00039598399985152355,123,A08,cross-subject,AdaBN
168,16,1,0.00037140800009183295,123,A08,cross-subject,AdaBN
169,16,0,0.0003676680000808119,123,A08,cross-subject,AdaBN
170,16,1,0.0003671740000754653,123,A08,cross-subject,AdaBN
171,16,0,0.0003740849999758211,123,A08,cross-subject,AdaBN
172,16,0,0.0003677980000702519,123,A08,cross-subject,AdaBN
173,16,1,0.0003554459999577375,123,A08,cross-subject,AdaBN
174,16,0,0.0003655749999325053,123,A08,cross-subject,AdaBN
175,16,1,0.0003628670001489809,123,A08,cross-subject,AdaBN
176,16,1,0.0003646190000381466,123,A08,cross-subject,AdaBN
177,16,1,0.0004226099999868893,123,A08,cross-subject,AdaBN
178,16,1,0.0004584049997902184,123,A08,cross-subject,AdaBN
179,16,1,0.0003689539998958935,123,A08,cross-subject,AdaBN
180,16,1,0.00037212400002317736,123,A08,cross-subject,AdaBN
181,16,1,0.0003598860000693094,123,A08,cross-subject,AdaBN
182,16,1,0.0003572149998944951,123,A08,cross-subject,AdaBN
183,16,0,0.0003662389999590232,123,A08,cross-subject,AdaBN
184,16,0,0.00036055900000064867,123,A08,cross-subject,AdaBN
185,16,0,0.00036095899986321456,123,A08,cross-subject,AdaBN
186,16,1,0.0003617449999637756,123,A08,cross-subject,AdaBN
187,16,1,0.00035917600007451256,123,A08,cross-subject,AdaBN
188,16,1,0.00040641800001139927,123,A08,cross-subject,AdaBN
189,16,1,0.0004400790001000132,123,A08,cross-subject,AdaBN
190,16,0,0.0003678499999750784,123,A08,cross-subject,AdaBN
191,16,1,0.00037037600009171,123,A08,cross-subject,AdaBN
192,16,1,0.00037212000006547896,123,A08,cross-subject,AdaBN
193,16,1,0.0003706570000758802,123,A08,cross-subject,AdaBN
194,16,1,0.0003550110000105633,123,A08,cross-subject,AdaBN
195,16,0,0.0003648110000540328,123,A08,cross-subject,AdaBN
196,16,1,0.0003665070000806736,123,A08,cross-subject,AdaBN
197,16,0,0.0003590619999158662,123,A08,cross-subject,AdaBN
198,16,0,0.0003895100001045648,123,A08,cross-subject,AdaBN
199,16,1,0.0004331789998559543,123,A08,cross-subject,AdaBN
200,16,1,0.00038745400001971575,123,A08,cross-subject,AdaBN
201,16,1,0.0004070500001489563,123,A08,cross-subject,AdaBN
202,16,1,0.00039454400007343793,123,A08,cross-subject,AdaBN
203,16,1,0.0003740900001503178,123,A08,cross-subject,AdaBN
204,16,1,0.0003962359999150067,123,A08,cross-subject,AdaBN
205,16,1,0.0004075720000855654,123,A08,cross-subject,AdaBN
206,16,0,0.000432570999919335,123,A08,cross-subject,AdaBN
207,16,0,0.0003915659999620402,123,A08,cross-subject,AdaBN
208,16,0,0.0004553039998427266,123,A08,cross-subject,AdaBN
209,16,0,0.000378982999791333,123,A08,cross-subject,AdaBN
210,16,0,0.00036919699982718157,123,A08,cross-subject,AdaBN
211,16,0,0.00039963199992598675,123,A08,cross-subject,AdaBN
212,16,1,0.00036016900003232877,123,A08,cross-subject,AdaBN
213,16,1,0.00037241599989101815,123,A08,cross-subject,AdaBN
214,16,0,0.00036908700008098094,123,A08,cross-subject,AdaBN
215,16,0,0.0003722000001289416,123,A08,cross-subject,AdaBN
216,16,1,0.0003618169998844678,123,A08,cross-subject,AdaBN
217,16,1,0.0003751049998754752,123,A08,cross-subject,AdaBN
218,16,1,0.0004151470000124391,123,A08,cross-subject,AdaBN
219,16,1,0.0004160240000601334,123,A08,cross-subject,AdaBN
220,16,0,0.0004141039999012719,123,A08,cross-subject,AdaBN
221,16,0,0.0003679940000438364,123,A08,cross-subject,AdaBN
222,16,1,0.00038794900001448696,123,A08,cross-subject,AdaBN
223,16,1,0.00039111499995669874,123,A08,cross-subject,AdaBN
224,16,0,0.00038417800010392966,123,A08,cross-subject,AdaBN
225,16,0,0.00041455700011283625,123,A08,cross-subject,AdaBN
226,16,1,0.0003938370000469149,123,A08,cross-subject,AdaBN
227,16,1,0.00045102300009602914,123,A08,cross-subject,AdaBN
228,16,1,0.00038556399999833957,123,A08,cross-subject,AdaBN
229,16,0,0.0004355579999355541,123,A08,cross-subject,AdaBN
230,16,1,0.00039088200014703034,123,A08,cross-subject,AdaBN
231,16,1,0.0003609759999108064,123,A08,cross-subject,AdaBN
232,16,0,0.00036815599992223724,123,A08,cross-subject,AdaBN
233,16,1,0.0003971620001266274,123,A08,cross-subject,AdaBN
234,16,0,0.00037144800012356427,123,A08,cross-subject,AdaBN
235,16,1,0.0003937730000416195,123,A08,cross-subject,AdaBN
236,16,0,0.0003684989999328536,123,A08,cross-subject,AdaBN
237,16,1,0.00036495299991656793,123,A08,cross-subject,AdaBN
238,16,1,0.0003700099998695805,123,A08,cross-subject,AdaBN
239,16,0,0.00044611099997382553,123,A08,cross-subject,AdaBN
240,16,1,0.0004338940000252478,123,A08,cross-subject,AdaBN
241,16,1,0.0003861479999613948,123,A08,cross-subject,AdaBN
242,16,1,0.0004036200000427925,123,A08,cross-subject,AdaBN
243,16,1,0.0005163200000879442,123,A08,cross-subject,AdaBN
244,16,1,0.0005044659999384749,123,A08,cross-subject,AdaBN
245,16,1,0.00047122599994509073,123,A08,cross-subject,AdaBN
246,16,0,0.0003887380000833218,123,A08,cross-subject,AdaBN
247,16,0,0.0003612010000324517,123,A08,cross-subject,AdaBN
248,16,1,0.0004645369999707327,123,A08,cross-subject,AdaBN
249,16,0,0.0003991050000422547,123,A08,cross-subject,AdaBN
250,16,0,0.0004413849999309605,123,A08,cross-subject,AdaBN
251,16,1,0.0004335030000675033,123,A08,cross-subject,AdaBN
252,16,1,0.0004016979999050818,123,A08,cross-subject,AdaBN
253,16,1,0.00041921100000763545,123,A08,cross-subject,AdaBN
254,16,0,0.0003777609999815468,123,A08,cross-subject,AdaBN
255,16,1,0.00037018700004409766,123,A08,cross-subject,AdaBN
256,16,1,0.0003645680001227447,123,A08,cross-subject,AdaBN
257,16,1,0.00037322800017136615,123,A08,cross-subject,AdaBN
258,16,1,0.00037120299998605333,123,A08,cross-subject,AdaBN
259,16,1,0.00041662899980110524,123,A08,cross-subject,AdaBN
260,16,1,0.0004406870000366325,123,A08,cross-subject,AdaBN
261,16,1,0.000393582000015158,123,A08,cross-subject,AdaBN
262,16,0,0.000366525999879741,123,A08,cross-subject,AdaBN
263,16,0,0.00037468599998646823,123,A08,cross-subject,AdaBN
264,16,0,0.0003696160001709359,123,A08,cross-subject,AdaBN
265,16,1,0.00035535799997887807,123,A08,cross-subject,AdaBN
266,16,1,0.00036997999995946884,123,A08,cross-subject,AdaBN
267,16,0,0.00036365799996929127,123,A08,cross-subject,AdaBN
268,16,0,0.00036012300006404985,123,A08,cross-subject,AdaBN
269,16,1,0.00039141600018410827,123,A08,cross-subject,AdaBN
270,16,1,0.0004824149998512439,123,A08,cross-subject,AdaBN
271,16,1,0.00040102800016939,123,A08,cross-subject,AdaBN
272,16,1,0.0003661979999378673,123,A08,cross-subject,AdaBN
273,16,0,0.00040344199987885077,123,A08,cross-subject,AdaBN
274,16,0,0.0003522399999837944,123,A08,cross-subject,AdaBN
275,16,0,0.0004128269999910117,123,A08,cross-subject,AdaBN
276,16,0,0.000393163000126151,123,A08,cross-subject,AdaBN
277,16,1,0.0003709389998221013,123,A08,cross-subject,AdaBN
278,16,0,0.00036277699996389856,123,A08,cross-subject,AdaBN
279,16,0,0.0003632969999216584,123,A08,cross-subject,AdaBN
280,16,1,0.00042141800008721475,123,A08,cross-subject,AdaBN
281,16,1,0.00046452199990199006,123,A08,cross-subject,AdaBN
282,16,0,0.000438542999972924,123,A08,cross-subject,AdaBN
283,16,0,0.00039944400009517267,123,A08,cross-subject,AdaBN
284,16,0,0.0003640269999323209,123,A08,cross-subject,AdaBN
285,16,0,0.00038817400013613224,123,A08,cross-subject,AdaBN
286,16,0,0.00039286900005208736,123,A08,cross-subject,AdaBN
287,16,0,0.0003569950001747202,123,A08,cross-subject,AdaBN
0,1,0,0.001385370999969382,123,A09,cross-subject,AdaBN
1,2,1,0.001172695999912321,123,A09,cross-subject,AdaBN
2,3,1,0.001158824999947683,123,A09,cross-subject,AdaBN
3,4,0,0.0015228289998958644,123,A09,cross-subject,AdaBN
4,5,1,0.0022835990000658057,123,A09,cross-subject,AdaBN
5,6,1,0.001997821000031763,123,A09,cross-subject,AdaBN
6,7,0,0.0020001999998839892,123,A09,cross-subject,AdaBN
7,8,1,0.001962445000117441,123,A09,cross-subject,AdaBN
8,9,0,0.0017870290000701061,123,A09,cross-subject,AdaBN
9,10,0,0.0016462969999793131,123,A09,cross-subject,AdaBN
10,11,1,0.0017955389998860483,123,A09,cross-subject,AdaBN
11,12,1,0.0016662920002090686,123,A09,cross-subject,AdaBN
12,13,1,0.0016203160000713979,123,A09,cross-subject,AdaBN
13,14,0,0.0016148230001817865,123,A09,cross-subject,AdaBN
14,15,1,0.0017665179998402891,123,A09,cross-subject,AdaBN
15,16,1,0.0020151210001131403,123,A09,cross-subject,AdaBN
16,16,0,0.0011613589999797114,123,A09,cross-subject,AdaBN
17,16,0,0.0012161090000972763,123,A09,cross-subject,AdaBN
18,16,1,0.0006578089999038639,123,A09,cross-subject,AdaBN
19,16,1,0.0007086220000473986,123,A09,cross-subject,AdaBN
20,16,0,0.0006855639999230334,123,A09,cross-subject,AdaBN
21,16,1,0.0008749300000090443,123,A09,cross-subject,AdaBN
22,16,0,0.0006233930000689725,123,A09,cross-subject,AdaBN
23,16,0,0.0005852720000802947,123,A09,cross-subject,AdaBN
24,16,1,0.0005815689999053575,123,A09,cross-subject,AdaBN
25,16,0,0.0005705139999463427,123,A09,cross-subject,AdaBN
26,16,1,0.0006015730000399344,123,A09,cross-subject,AdaBN
27,16,1,0.0006745859998318338,123,A09,cross-subject,AdaBN
28,16,0,0.000687582999944425,123,A09,cross-subject,AdaBN
29,16,0,0.000688275000129579,123,A09,cross-subject,AdaBN
30,16,1,0.0007046820001050946,123,A09,cross-subject,AdaBN
31,16,1,0.0007098280000263912,123,A09,cross-subject,AdaBN
32,16,1,0.0007953599999837024,123,A09,cross-subject,AdaBN
33,16,1,0.0008629840001503908,123,A09,cross-subject,AdaBN
34,16,1,0.0008806739999727142,123,A09,cross-subject,AdaBN
35,16,1,0.0009106249999604188,123,A09,cross-subject,AdaBN
36,16,0,0.0009603589999187534,123,A09,cross-subject,AdaBN
37,16,1,0.001004096000087884,123,A09,cross-subject,AdaBN
38,16,0,0.001055722000046444,123,A09,cross-subject,AdaBN
39,16,1,0.0011160220001329435,123,A09,cross-subject,AdaBN
40,16,1,0.0012616450001132762,123,A09,cross-subject,AdaBN
41,16,0,0.0013291289999415312,123,A09,cross-subject,AdaBN
42,16,1,0.0013760800000000017,123,A09,cross-subject,AdaBN
43,16,0,0.0014838820000022679,123,A09,cross-subject,AdaBN
44,16,1,0.0016494460001013067,123,A09,cross-subject,AdaBN
45,16,1,0.0017238649998034816,123,A09,cross-subject,AdaBN
46,16,0,0.0017376559999320307,123,A09,cross-subject,AdaBN
47,16,1,0.0016672140000082436,123,A09,cross-subject,AdaBN
48,16,0,0.0015613380001013866,123,A09,cross-subject,AdaBN
49,16,1,0.0015855520000513934,123,A09,cross-subject,AdaBN
50,16,1,0.0014628390001689695,123,A09,cross-subject,AdaBN
51,16,1,0.0014176240001688711,123,A09,cross-subject,AdaBN
52,16,1,0.0013545580000027257,123,A09,cross-subject,AdaBN
53,16,1,0.0013399580000168498,123,A09,cross-subject,AdaBN
54,16,1,0.0012257280000085302,123,A09,cross-subject,AdaBN
55,16,1,0.0011504970000260073,123,A09,cross-subject,AdaBN
56,16,0,0.0011150530001486914,123,A09,cross-subject,AdaBN
57,16,1,0.001126772999896275,123,A09,cross-subject,AdaBN
58,16,0,0.0010395529998277198,123,A09,cross-subject,AdaBN
59,16,1,0.000997765000192885,123,A09,cross-subject,AdaBN
60,16,1,0.0009553170000344835,123,A09,cross-subject,AdaBN
61,16,1,0.0009125449998919066,123,A09,cross-subject,AdaBN
62,16,0,0.0009258439999939583,123,A09,cross-subject,AdaBN
63,16,0,0.0008517900000697409,123,A09,cross-subject,AdaBN
64,16,1,0.0008203419999972539,123,A09,cross-subject,AdaBN
65,16,0,0.0008338120001099014,123,A09,cross-subject,AdaBN
66,16,1,0.0007450400000834634,123,A09,cross-subject,AdaBN
67,16,1,0.0007401870000194322,123,A09,cross-subject,AdaBN
68,16,1,0.0007164500000271801,123,A09,cross-subject,AdaBN
69,16,0,0.0007414039998820954,123,A09,cross-subject,AdaBN
70,16,1,0.0006885249999868392,123,A09,cross-subject,AdaBN
71,16,1,0.0006590539999251632,123,A09,cross-subject,AdaBN
72,16,0,0.0006250920000638871,123,A09,cross-subject,AdaBN
73,16,0,0.000623295999957918,123,A09,cross-subject,AdaBN
74,16,0,0.0005937749999702646,123,A09,cross-subject,AdaBN
75,16,1,0.0005764400000316527,123,A09,cross-subject,AdaBN
76,16,0,0.0005532620000394672,123,A09,cross-subject,AdaBN
77,16,1,0.0005513950000022305,123,A09,cross-subject,AdaBN
78,16,0,0.0005330920000687911,123,A09,cross-subject,AdaBN
79,16,1,0.0005225200000040786,123,A09,cross-subject,AdaBN
80,16,0,0.0004956420000326034,123,A09,cross-subject,AdaBN
81,16,1,0.0005209640000884974,123,A09,cross-subject,AdaBN
82,16,0,0.0004909820002012566,123,A09,cross-subject,AdaBN
83,16,0,0.0004486119999000948,123,A09,cross-subject,AdaBN
84,16,1,0.0004972310000539437,123,A09,cross-subject,AdaBN
85,16,1,0.0004434570000739768,123,A09,cross-subject,AdaBN
86,16,1,0.00044891199991070607,123,A09,cross-subject,AdaBN
87,16,1,0.00044288399999459216,123,A09,cross-subject,AdaBN
88,16,1,0.0004167940001025272,123,A09,cross-subject,AdaBN
89,16,1,0.0004160379999120778,123,A09,cross-subject,AdaBN
90,16,1,0.0003935760000786104,123,A09,cross-subject,AdaBN
91,16,1,0.00038264699992396345,123,A09,cross-subject,AdaBN
92,16,0,0.0003686210000068968,123,A09,cross-subject,AdaBN
93,16,0,0.0003691929998694832,123,A09,cross-subject,AdaBN
94,16,1,0.0003743869999652816,123,A09,cross-subject,AdaBN
95,16,1,0.0003584150001643138,123,A09,cross-subject,AdaBN
96,16,1,0.0003768040000977635,123,A09,cross-subject,AdaBN
97,16,1,0.000454297000032966,123,A09,cross-subject,AdaBN
98,16,1,0.00043580800002018805,123,A09,cross-subject,AdaBN
99,16,1,0.0004635539999071625,123,A09,cross-subject,AdaBN
100,16,1,0.00037919900000815687,123,A09,cross-subject,AdaBN
101,16,1,0.0003794629999447352,123,A09,cross-subject,AdaBN
102,16,0,0.00041080200003307255,123,A09,cross-subject,AdaBN
103,16,1,0.0004228249999869149,123,A09,cross-subject,AdaBN
104,16,1,0.0003719350002029387,123,A09,cross-subject,AdaBN
105,16,1,0.0004017600001589017,123,A09,cross-subject,AdaBN
106,16,1,0.00036510599989014736,123,A09,cross-subject,AdaBN
107,16,0,0.0003734910001185199,123,A09,cross-subject,AdaBN
108,16,1,0.00037427799998113187,123,A09,cross-subject,AdaBN
109,16,1,0.0004283700000087265,123,A09,cross-subject,AdaBN
110,16,1,0.0004383899999993446,123,A09,cross-subject,AdaBN
111,16,1,0.0005048680000072636,123,A09,cross-subject,AdaBN
112,16,0,0.00037318999989111035,123,A09,cross-subject,AdaBN
113,16,1,0.00042425099991305615,123,A09,cross-subject,AdaBN
114,16,1,0.0003714429999490676,123,A09,cross-subject,AdaBN
115,16,1,0.0003926910001155193,123,A09,cross-subject,AdaBN
116,16,1,0.0003767410000818927,123,A09,cross-subject,AdaBN
117,16,1,0.0003624830001172086,123,A09,cross-subject,AdaBN
118,16,1,0.00041130099998554215,123,A09,cross-subject,AdaBN
119,16,1,0.00037195200002315687,123,A09,cross-subject,AdaBN
120,16,1,0.000398098999994545,123,A09,cross-subject,AdaBN
121,16,1,0.00037058899988551275,123,A09,cross-subject,AdaBN
122,16,0,0.00045880700008638087,123,A09,cross-subject,AdaBN
123,16,0,0.0004693529999713064,123,A09,cross-subject,AdaBN
124,16,0,0.00036559499994837097,123,A09,cross-subject,AdaBN
125,16,1,0.00040132500021172746,123,A09,cross-subject,AdaBN
126,16,1,0.0003696539999964443,123,A09,cross-subject,AdaBN
127,16,0,0.0004153090001182136,123,A09,cross-subject,AdaBN
128,16,0,0.0004110590000436787,123,A09,cross-subject,AdaBN
129,16,1,0.0003882650000832655,123,A09,cross-subject,AdaBN
130,16,1,0.000392451000152505,123,A09,cross-subject,AdaBN
131,16,0,0.000380297999981849,123,A09,cross-subject,AdaBN
132,16,1,0.00041120099990621384,123,A09,cross-subject,AdaBN
133,16,0,0.00036691700006485917,123,A09,cross-subject,AdaBN
134,16,0,0.00046595599997090176,123,A09,cross-subject,AdaBN
135,16,1,0.00045349600009103597,123,A09,cross-subject,AdaBN
136,16,0,0.00038585699985560495,123,A09,cross-subject,AdaBN
137,16,1,0.0004175050000867486,123,A09,cross-subject,AdaBN
138,16,1,0.0003698770001392404,123,A09,cross-subject,AdaBN
139,16,1,0.0004123129999697994,123,A09,cross-subject,AdaBN
140,16,1,0.0003988729999946372,123,A09,cross-subject,AdaBN
141,16,1,0.00036653300003308686,123,A09,cross-subject,AdaBN
142,16,0,0.00037489300007109705,123,A09,cross-subject,AdaBN
143,16,1,0.0003646499999376829,123,A09,cross-subject,AdaBN
144,16,0,0.00036470400004873227,123,A09,cross-subject,AdaBN
145,16,0,0.0003896840000834345,123,A09,cross-subject,AdaBN
146,16,1,0.00043806300004689547,123,A09,cross-subject,AdaBN
147,16,1,0.0003933440000309929,123,A09,cross-subject,AdaBN
148,16,1,0.00040019099992605334,123,A09,cross-subject,AdaBN
149,16,1,0.00037035700006526895,123,A09,cross-subject,AdaBN
150,16,1,0.00039414299999407376,123,A09,cross-subject,AdaBN
151,16,1,0.00039155199988272216,123,A09,cross-subject,AdaBN
152,16,1,0.0003630860001067049,123,A09,cross-subject,AdaBN
153,16,0,0.00041323100003864965,123,A09,cross-subject,AdaBN
154,16,1,0.0003798360000928369,123,A09,cross-subject,AdaBN
155,16,1,0.0003568429999631917,123,A09,cross-subject,AdaBN
156,16,1,0.00043652099998325866,123,A09,cross-subject,AdaBN
157,16,1,0.0004618489999757003,123,A09,cross-subject,AdaBN
158,16,1,0.0003684980001708027,123,A09,cross-subject,AdaBN
159,16,1,0.0003879389998928673,123,A09,cross-subject,AdaBN
160,16,1,0.00037258199995449104,123,A09,cross-subject,AdaBN
161,16,1,0.0003641190000962524,123,A09,cross-subject,AdaBN
162,16,1,0.0003730470000391506,123,A09,cross-subject,AdaBN
163,16,0,0.0003679910000755626,123,A09,cross-subject,AdaBN
164,16,0,0.00036515000010695076,123,A09,cross-subject,AdaBN
165,16,1,0.00036508900006992917,123,A09,cross-subject,AdaBN
166,16,1,0.00035887099988940463,123,A09,cross-subject,AdaBN
167,16,1,0.0004164640001818043,123,A09,cross-subject,AdaBN
168,16,1,0.0004509840000537224,123,A09,cross-subject,AdaBN
169,16,1,0.00037142199994377734,123,A09,cross-subject,AdaBN
170,16,0,0.00039452700002584606,123,A09,cross-subject,AdaBN
171,16,0,0.00036356500004330883,123,A09,cross-subject,AdaBN
172,16,1,0.0003722120000020368,123,A09,cross-subject,AdaBN
173,16,0,0.0003779190001296229,123,A09,cross-subject,AdaBN
174,16,0,0.0003655339999113494,123,A09,cross-subject,AdaBN
175,16,0,0.00036377399987941317,123,A09,cross-subject,AdaBN
176,16,0,0.00037683200002902595,123,A09,cross-subject,AdaBN
177,16,0,0.00037112800009708735,123,A09,cross-subject,AdaBN
178,16,0,0.00043382199987718195,123,A09,cross-subject,AdaBN
179,16,1,0.00043097700017824536,123,A09,cross-subject,AdaBN
180,16,1,0.00037053799997011083,123,A09,cross-subject,AdaBN
181,16,1,0.0003780329998335219,123,A09,cross-subject,AdaBN
182,16,1,0.0003994730000158597,123,A09,cross-subject,AdaBN
183,16,1,0.00036494300002232194,123,A09,cross-subject,AdaBN
184,16,0,0.00038783800005148805,123,A09,cross-subject,AdaBN
185,16,0,0.00044168999988869473,123,A09,cross-subject,AdaBN
186,16,0,0.00038154100002429914,123,A09,cross-subject,AdaBN
187,16,0,0.0003646330001174647,123,A09,cross-subject,AdaBN
188,16,1,0.00043503799997779424,123,A09,cross-subject,AdaBN
189,16,1,0.00048410100021101243,123,A09,cross-subject,AdaBN
190,16,0,0.0003741599998647871,123,A09,cross-subject,AdaBN
191,16,0,0.0003906829999777983,123,A09,cross-subject,AdaBN
192,16,1,0.0004001629999947909,123,A09,cross-subject,AdaBN
193,16,1,0.00037378599995463446,123,A09,cross-subject,AdaBN
194,16,0,0.0003952919998937432,123,A09,cross-subject,AdaBN
195,16,1,0.00037987199993949616,123,A09,cross-subject,AdaBN
196,16,0,0.0003653100000065024,123,A09,cross-subject,AdaBN
197,16,0,0.00038502100005644024,123,A09,cross-subject,AdaBN
198,16,1,0.0003901349998614023,123,A09,cross-subject,AdaBN
199,16,0,0.00042523599995547556,123,A09,cross-subject,AdaBN
200,16,1,0.0003877020001255005,123,A09,cross-subject,AdaBN
201,16,1,0.00040007199982028396,123,A09,cross-subject,AdaBN
202,16,1,0.00037285000007614144,123,A09,cross-subject,AdaBN
203,16,0,0.00038739000001442037,123,A09,cross-subject,AdaBN
204,16,1,0.0003752410000288364,123,A09,cross-subject,AdaBN
205,16,1,0.00037577600005533895,123,A09,cross-subject,AdaBN
206,16,1,0.00039907199993649556,123,A09,cross-subject,AdaBN
207,16,1,0.00039624100008950336,123,A09,cross-subject,AdaBN
208,16,0,0.0003710969999701774,123,A09,cross-subject,AdaBN
209,16,1,0.00043625500006783113,123,A09,cross-subject,AdaBN
210,16,1,0.0004224520000661869,123,A09,cross-subject,AdaBN
211,16,1,0.00035885599982066196,123,A09,cross-subject,AdaBN
212,16,1,0.0003683960001126252,123,A09,cross-subject,AdaBN
213,16,1,0.00040299100010088296,123,A09,cross-subject,AdaBN
214,16,1,0.0003766830000131449,123,A09,cross-subject,AdaBN
215,16,0,0.0003739849998964928,123,A09,cross-subject,AdaBN
216,16,1,0.0004154690000177652,123,A09,cross-subject,AdaBN
217,16,0,0.0003768520000448916,123,A09,cross-subject,AdaBN
218,16,1,0.00037532500004999747,123,A09,cross-subject,AdaBN
219,16,0,0.0004346349999195809,123,A09,cross-subject,AdaBN
220,16,0,0.00040327500005332695,123,A09,cross-subject,AdaBN
221,16,1,0.0003800819999923988,123,A09,cross-subject,AdaBN
222,16,0,0.0004195090000393975,123,A09,cross-subject,AdaBN
223,16,0,0.0003617060001488426,123,A09,cross-subject,AdaBN
224,16,1,0.0003812259999449452,123,A09,cross-subject,AdaBN
225,16,1,0.00039951000007931725,123,A09,cross-subject,AdaBN
226,16,0,0.0003678929999750835,123,A09,cross-subject,AdaBN
227,16,0,0.0003624790001595102,123,A09,cross-subject,AdaBN
228,16,0,0.0004064529998686339,123,A09,cross-subject,AdaBN
229,16,0,0.0003849839999929827,123,A09,cross-subject,AdaBN
230,16,0,0.0004641549999178096,123,A09,cross-subject,AdaBN
231,16,1,0.00042058300005010096,123,A09,cross-subject,AdaBN
232,16,1,0.00037118800014468434,123,A09,cross-subject,AdaBN
233,16,0,0.00038180199999260367,123,A09,cross-subject,AdaBN
234,16,1,0.0003706129998590768,123,A09,cross-subject,AdaBN
235,16,0,0.0003787950001878926,123,A09,cross-subject,AdaBN
236,16,1,0.0003815560000930418,123,A09,cross-subject,AdaBN
237,16,0,0.0003929189999780647,123,A09,cross-subject,AdaBN
238,16,1,0.0003743649999705667,123,A09,cross-subject,AdaBN
239,16,1,0.0003674059998957091,123,A09,cross-subject,AdaBN
240,16,1,0.00043543199990381254,123,A09,cross-subject,AdaBN
241,16,0,0.0004020950000267476,123,A09,cross-subject,AdaBN
242,16,0,0.0003625409999585827,123,A09,cross-subject,AdaBN
243,16,0,0.0003783639999710431,123,A09,cross-subject,AdaBN
244,16,1,0.00037462899990714504,123,A09,cross-subject,AdaBN
245,16,0,0.0003760829999919224,123,A09,cross-subject,AdaBN
246,16,0,0.0003727639998487575,123,A09,cross-subject,AdaBN
247,16,1,0.00037028700012342597,123,A09,cross-subject,AdaBN
248,16,1,0.0003655240000171034,123,A09,cross-subject,AdaBN
249,16,1,0.0003751520000605524,123,A09,cross-subject,AdaBN
250,16,0,0.00047193999989758595,123,A09,cross-subject,AdaBN
251,16,1,0.0004753820001042186,123,A09,cross-subject,AdaBN
252,16,0,0.0003843660001621174,123,A09,cross-subject,AdaBN
253,16,1,0.0004027490001590195,123,A09,cross-subject,AdaBN
254,16,0,0.00037285899998096284,123,A09,cross-subject,AdaBN
255,16,0,0.0003806280001299456,123,A09,cross-subject,AdaBN
256,16,1,0.00041981000003943336,123,A09,cross-subject,AdaBN
257,16,1,0.0003739300000233925,123,A09,cross-subject,AdaBN
258,16,0,0.00036605899981623224,123,A09,cross-subject,AdaBN
259,16,1,0.0003940229998988798,123,A09,cross-subject,AdaBN
260,16,0,0.00037151300011828425,123,A09,cross-subject,AdaBN
261,16,0,0.00044942299996364454,123,A09,cross-subject,AdaBN
262,16,0,0.0004337410000516684,123,A09,cross-subject,AdaBN
263,16,1,0.0003941649999887886,123,A09,cross-subject,AdaBN
264,16,0,0.0003675250000014785,123,A09,cross-subject,AdaBN
265,16,1,0.0004088350001438812,123,A09,cross-subject,AdaBN
266,16,0,0.0003829929999028536,123,A09,cross-subject,AdaBN
267,16,0,0.0003674559998216864,123,A09,cross-subject,AdaBN
268,16,0,0.00038569200000893034,123,A09,cross-subject,AdaBN
269,16,1,0.0003846019999400596,123,A09,cross-subject,AdaBN
270,16,1,0.00043547800009946513,123,A09,cross-subject,AdaBN
271,16,0,0.00045013599992671516,123,A09,cross-subject,AdaBN
272,16,1,0.000417853000044488,123,A09,cross-subject,AdaBN
273,16,0,0.0003596100000322622,123,A09,cross-subject,AdaBN
274,16,1,0.0003679039998587541,123,A09,cross-subject,AdaBN
275,16,0,0.00040002399987315584,123,A09,cross-subject,AdaBN
276,16,0,0.00038304499980768014,123,A09,cross-subject,AdaBN
277,16,1,0.00038026700008231273,123,A09,cross-subject,AdaBN
278,16,1,0.00040178299991566746,123,A09,cross-subject,AdaBN
279,16,1,0.00036974800013922504,123,A09,cross-subject,AdaBN
280,16,1,0.0004402689999096765,123,A09,cross-subject,AdaBN
281,16,1,0.00047203700000864046,123,A09,cross-subject,AdaBN
282,16,1,0.00039314500008913456,123,A09,cross-subject,AdaBN
283,16,1,0.00036489200010692,123,A09,cross-subject,AdaBN
284,16,0,0.0003641319999587722,123,A09,cross-subject,AdaBN
285,16,1,0.0003823750000719883,123,A09,cross-subject,AdaBN
286,16,1,0.00039659799995206413,123,A09,cross-subject,AdaBN
287,16,1,0.00038014599999769416,123,A09,cross-subject,AdaBN
