trial_idx,buffer_trials,correct,step_time_sec,seed,subject,protocol,adaptation
0,1,0,0.10161091499998065,42,A01,cross-session,AdaBN
1,2,1,0.0024546319999956268,42,A01,cross-session,AdaBN
2,3,1,0.0018440309999903093,42,A01,cross-session,AdaBN
3,4,1,0.001607189999987213,42,A01,cross-session,AdaBN
4,5,1,0.0016923299999973551,42,A01,cross-session,AdaBN
5,6,0,0.0016209550000212403,42,A01,cross-session,AdaBN
6,7,1,0.00728262000001223,42,A01,cross-session,AdaBN
7,8,0,0.0015563540000016474,42,A01,cross-session,AdaBN
8,9,1,0.0016268059999902107,42,A01,cross-session,AdaBN
9,10,1,0.00152287099999171,42,A01,cross-session,AdaBN
10,11,0,0.0014898790000188455,42,A01,cross-session,AdaBN
11,12,0,0.0015498239999942598,42,A01,cross-session,AdaBN
12,13,1,0.001629382000004398,42,A01,cross-session,AdaBN
13,14,1,0.0016462019999892163,42,A01,cross-session,AdaBN
14,15,0,0.0016908590000070944,42,A01,cross-session,AdaBN
15,16,1,0.0015900610000016968,42,A01,cross-session,AdaBN
16,16,1,0.0004149370000163799,42,A01,cross-session,AdaBN
17,16,1,0.00037517999999181484,42,A01,cross-session,AdaBN
18,16,1,0.00037552899999582223,42,A01,cross-session,AdaBN
19,16,1,0.0003668660000073487,42,A01,cross-session,AdaBN
20,16,1,0.0003952870000034636,42,A01,cross-session,AdaBN
21,16,1,0.0003664159999914318,42,A01,cross-session,AdaBN
22,16,1,0.0003669630000047164,42,A01,cross-session,AdaBN
23,16,1,0.00036750700002130543,42,A01,cross-session,AdaBN
24,16,0,0.00036868399999434587,42,A01,cross-session,AdaBN
25,16,1,0.00036040700001649384,42,A01,cross-session,AdaBN
26,16,1,0.0003855020000003151,42,A01,cross-session,AdaBN
27,16,1,0.0003730490000179998,42,A01,cross-session,AdaBN
28,16,0,0.00035953599999061225,42,A01,cross-session,AdaBN
29,16,0,0.0003918809999845507,42,A01,cross-session,AdaBN
30,16,0,0.0003815230000157044,42,A01,cross-session,AdaBN
31,16,1,0.0003750179999997272,42,A01,cross-session,AdaBN
32,16,1,0.0003614169999934802,42,A01,cross-session,AdaBN
33,16,1,0.00035931900001173744,42,A01,cross-session,AdaBN
34,16,1,0.00037050899999258036,42,A01,cross-session,AdaBN
35,16,1,0.0003607110000132252,42,A01,cross-session,AdaBN
36,16,1,0.0003595879999807039,42,A01,cross-session,AdaBN
37,16,0,0.0003583129999924495,42,A01,cross-session,AdaBN
38,16,1,0.000368585000018129,42,A01,cross-session,AdaBN
39,16,0,0.00037265200001002086,42,A01,cross-session,AdaBN
40,16,1,0.0003560400000139907,42,A01,cross-session,AdaBN
41,16,1,0.0003749489999904654,42,A01,cross-session,AdaBN
42,16,1,0.00035745200000292243,42,A01,cross-session,AdaBN
43,16,0,0.0003493909999860989,42,A01,cross-session,AdaBN
44,16,1,0.00036624799997753144,42,A01,cross-session,AdaBN
45,16,1,0.0003587489999858917,42,A01,cross-session,AdaBN
46,16,1,0.0003490330000204267,42,A01,cross-session,AdaBN
47,16,0,0.0003628520000233948,42,A01,cross-session,AdaBN
48,16,0,0.0003516380000121444,42,A01,cross-session,AdaBN
49,16,0,0.0003560319999849071,42,A01,cross-session,AdaBN
50,16,1,0.00035769900000559574,42,A01,cross-session,AdaBN
51,16,0,0.00036256199999229466,42,A01,cross-session,AdaBN
52,16,1,0.00035556199998154625,42,A01,cross-session,AdaBN
53,16,1,0.00036350799999240735,42,A01,cross-session,AdaBN
54,16,0,0.0003519550000135041,42,A01,cross-session,AdaBN
55,16,0,0.000359664000001203,42,A01,cross-session,AdaBN
56,16,1,0.00035869499998852916,42,A01,cross-session,AdaBN
57,16,1,0.0003534699999931945,42,A01,cross-session,AdaBN
58,16,1,0.00039951100001189843,42,A01,cross-session,AdaBN
59,16,1,0.0003587850000030812,42,A01,cross-session,AdaBN
60,16,0,0.0003629900000134967,42,A01,cross-session,AdaBN
61,16,0,0.00036755499999685526,42,A01,cross-session,AdaBN
62,16,1,0.0003557259999809048,42,A01,cross-session,AdaBN
63,16,1,0.00036048100000130034,42,A01,cross-session,AdaBN
64,16,1,0.0003542379999998957,42,A01,cross-session,AdaBN
65,16,0,0.0003558310000073561,42,A01,cross-session,AdaBN
66,16,0,0.00036659500000268963,42,A01,cross-session,AdaBN
67,16,1,0.0003659629999788194,42,A01,cross-session,AdaBN
68,16,1,0.0003635940000208393,42,A01,cross-session,AdaBN
69,16,0,0.0003551460000039697,42,A01,cross-session,AdaBN
70,16,1,0.00035443999999529296,42,A01,cross-session,AdaBN
71,16,0,0.0003607390000013311,42,A01,cross-session,AdaBN
72,16,0,0.0003618990000120448,42,A01,cross-session,AdaBN
73,16,1,0.0003567740000107733,42,A01,cross-session,AdaBN
74,16,1,0.0003538610000077824,42,A01,cross-session,AdaBN
75,16,1,0.00035370099999454396,42,A01,cross-session,AdaBN
76,16,1,0.0003578269999877648,42,A01,cross-session,AdaBN
77,16,0,0.00037141699999665434,42,A01,cross-session,AdaBN
78,16,1,0.0003556089999960932,42,A01,cross-session,AdaBN
79,16,1,0.0003595130000064728,42,A01,cross-session,AdaBN
80,16,1,0.0003537510000057864,42,A01,cross-session,AdaBN
81,16,0,0.0003654550000078416,42,A01,cross-session,AdaBN
82,16,1,0.0003583909999917978,42,A01,cross-session,AdaBN
83,16,1,0.0003529020000030414,42,A01,cross-session,AdaBN
84,16,1,0.0003703040000004876,42,A01,cross-session,AdaBN
85,16,1,0.0003596820000097978,42,A01,cross-session,AdaBN
86,16,0,0.00036122199998089854,42,A01,cross-session,AdaBN
87,16,1,0.0003586779999977807,42,A01,cross-session,AdaBN
88,16,1,0.00035587800002190306,42,A01,cross-session,AdaBN
89,16,0,0.00035748700000226563,42,A01,cross-session,AdaBN
90,16,1,0.00035028400000669535,42,A01,cross-session,AdaBN
91,16,1,0.000350471999979618,42,A01,cross-session,AdaBN
92,16,1,0.00035457900000324116,42,A01,cross-session,AdaBN
93,16,1,0.00036112300000468167,42,A01,cross-session,AdaBN
94,16,0,0.0003558290000000852,42,A01,cross-session,AdaBN
95,16,0,0.0003580749999798627,42,A01,cross-session,AdaBN
96,16,1,0.00037081300001773343,42,A01,cross-session,AdaBN
97,16,0,0.00036311700000624114,42,A01,cross-session,AdaBN
98,16,1,0.0003632869999989907,42,A01,cross-session,AdaBN
99,16,1,0.0003718920000039816,42,A01,cross-session,AdaBN
100,16,1,0.00035781400001155816,42,A01,cross-session,AdaBN
101,16,0,0.0003530710000063664,42,A01,cross-session,AdaBN
102,16,1,0.00036558000002173685,42,A01,cross-session,AdaBN
103,16,0,0.00036343700000429635,42,A01,cross-session,AdaBN
104,16,0,0.0003565180000180135,42,A01,cross-session,AdaBN
105,16,1,0.00035644100000808976,42,A01,cross-session,AdaBN
106,16,1,0.00037141499998938343,42,A01,cross-session,AdaBN
107,16,1,0.0003617389999988063,42,A01,cross-session,AdaBN
108,16,1,0.0003544410000131393,42,A01,cross-session,AdaBN
109,16,1,0.000359333999995215,42,A01,cross-session,AdaBN
110,16,0,0.00036814599999956954,42,A01,cross-session,AdaBN
111,16,1,0.00035580899998421955,42,A01,cross-session,AdaBN
112,16,1,0.00037827999997830375,42,A01,cross-session,AdaBN
113,16,1,0.0003651499999932639,42,A01,cross-session,AdaBN
114,16,0,0.0003561089999948308,42,A01,cross-session,AdaBN
115,16,1,0.0003488979999985986,42,A01,cross-session,AdaBN
116,16,0,0.0003814169999998285,42,A01,cross-session,AdaBN
117,16,1,0.00037532900000769587,42,A01,cross-session,AdaBN
118,16,1,0.0003481110000222998,42,A01,cross-session,AdaBN
119,16,1,0.0003572250000161148,42,A01,cross-session,AdaBN
120,16,1,0.00038607900000897644,42,A01,cross-session,AdaBN
121,16,1,0.00037004200001433674,42,A01,cross-session,AdaBN
122,16,0,0.0003572609999764609,42,A01,cross-session,AdaBN
123,16,1,0.0003706339999780539,42,A01,cross-session,AdaBN
124,16,0,0.00037374299998305105,42,A01,cross-session,AdaBN
125,16,0,0.0004060089999882166,42,A01,cross-session,AdaBN
126,16,0,0.00036044000000856613,42,A01,cross-session,AdaBN
127,16,0,0.000372351000009985,42,A01,cross-session,AdaBN
128,16,1,0.0003581739999845013,42,A01,cross-session,AdaBN
129,16,0,0.00036220000001208064,42,A01,cross-session,AdaBN
130,16,1,0.00035292900000172267,42,A01,cross-session,AdaBN
131,16,1,0.00038221799999860195,42,A01,cross-session,AdaBN
132,16,0,0.000362056000000166,42,A01,cross-session,AdaBN
133,16,1,0.00035590699999943354,42,A01,cross-session,AdaBN
134,16,0,0.0003524130000016612,42,A01,cross-session,AdaBN
135,16,1,0.0003665920000059941,42,A01,cross-session,AdaBN
136,16,0,0.00035344299999451323,42,A01,cross-session,AdaBN
137,16,0,0.00035925700001371297,42,A01,cross-session,AdaBN
138,16,1,0.00036185100000807324,42,A01,cross-session,AdaBN
139,16,1,0.0003551609999874472,42,A01,cross-session,AdaBN
140,16,1,0.0003552150000132315,42,A01,cross-session,AdaBN
141,16,1,0.00035433499999726337,42,A01,cross-session,AdaBN
142,16,0,0.0003599990000111575,42,A01,cross-session,AdaBN
143,16,1,0.00035214900000823945,42,A01,cross-session,AdaBN
144,16,1,0.0003667530000086572,42,A01,cross-session,AdaBN
145,16,1,0.00035622199999352233,42,A01,cross-session,AdaBN
146,16,0,0.00036786999999094405,42,A01,cross-session,AdaBN
147,16,0,0.00035397399997805223,42,A01,cross-session,AdaBN
148,16,1,0.00035713799999825824,42,A01,cross-session,AdaBN
149,16,1,0.00035727300002008633,42,A01,cross-session,AdaBN
150,16,0,0.00035119800000416035,42,A01,cross-session,AdaBN
151,16,1,0.0003791780000028666,42,A01,cross-session,AdaBN
152,16,1,0.00036189200000080746,42,A01,cross-session,AdaBN
153,16,1,0.0003550070000244432,42,A01,cross-session,AdaBN
154,16,0,0.00036734399998294975,42,A01,cross-session,AdaBN
155,16,1,0.00035633999999618027,42,A01,cross-session,AdaBN
156,16,0,0.0003579039999976885,42,A01,cross-session,AdaBN
157,16,1,0.00036118699998155535,42,A01,cross-session,AdaBN
158,16,0,0.00035123300000350355,42,A01,cross-session,AdaBN
159,16,0,0.0003489020000131404,42,A01,cross-session,AdaBN
160,16,1,0.00036069899999802146,42,A01,cross-session,AdaBN
161,16,1,0.0003508970000041245,42,A01,cross-session,AdaBN
162,16,1,0.00035289400000237947,42,A01,cross-session,AdaBN
163,16,1,0.00037725399999999354,42,A01,cross-session,AdaBN
164,16,0,0.0003822429999900123,42,A01,cross-session,AdaBN
165,16,1,0.0003632700000082423,42,A01,cross-session,AdaBN
166,16,1,0.000360357999994676,42,A01,cross-session,AdaBN
167,16,1,0.00035985399998139656,42,A01,cross-session,AdaBN
168,16,1,0.00036245100000087405,42,A01,cross-session,AdaBN
169,16,1,0.00035337299999582683,42,A01,cross-session,AdaBN
170,16,1,0.00035053700000275967,42,A01,cross-session,AdaBN
171,16,0,0.0003637320000109412,42,A01,cross-session,AdaBN
172,16,1,0.0003479060000017853,42,A01,cross-session,AdaBN
173,16,1,0.0003572570000187625,42,A01,cross-session,AdaBN
174,16,0,0.00036800899999889225,42,A01,cross-session,AdaBN
175,16,0,0.00034904800000390424,42,A01,cross-session,AdaBN
176,16,1,0.00034902100000522296,42,A01,cross-session,AdaBN
177,16,1,0.00036059100000329636,42,A01,cross-session,AdaBN
178,16,1,0.0003602210000224204,42,A01,cross-session,AdaBN
179,16,0,0.00035693500001343637,42,A01,cross-session,AdaBN
180,16,0,0.0003581760000201939,42,A01,cross-session,AdaBN
181,16,1,0.0003892409999934898,42,A01,cross-session,AdaBN
182,16,0,0.000405968999984907,42,A01,cross-session,AdaBN
183,16,0,0.00035474999998541534,42,A01,cross-session,AdaBN
184,16,1,0.00035889200000838173,42,A01,cross-session,AdaBN
185,16,1,0.000360682000007273,42,A01,cross-session,AdaBN
186,16,1,0.00034663200000295546,42,A01,cross-session,AdaBN
187,16,0,0.0003679889999830266,42,A01,cross-session,AdaBN
188,16,1,0.00035984499999131003,42,A01,cross-session,AdaBN
189,16,1,0.00035281799998188035,42,A01,cross-session,AdaBN
190,16,1,0.0003519569999923533,42,A01,cross-session,AdaBN
191,16,1,0.0003576510000016242,42,A01,cross-session,AdaBN
192,16,0,0.00038640799999711817,42,A01,cross-session,AdaBN
193,16,1,0.00035545099999012564,42,A01,cross-session,AdaBN
194,16,0,0.00035749600002077386,42,A01,cross-session,AdaBN
195,16,0,0.00035781699997983196,42,A01,cross-session,AdaBN
196,16,1,0.00035105599999951664,42,A01,cross-session,AdaBN
197,16,1,0.0003512909999869862,42,A01,cross-session,AdaBN
198,16,1,0.0003516820000015741,42,A01,cross-session,AdaBN
199,16,0,0.00035587599998621045,42,A01,cross-session,AdaBN
200,16,0,0.0003462859999956436,42,A01,cross-session,AdaBN
201,16,1,0.0003529049999997369,42,A01,cross-session,AdaBN
202,16,1,0.000356766999999536,42,A01,cross-session,AdaBN
203,16,0,0.00035893200001169134,42,A01,cross-session,AdaBN
204,16,1,0.0003560650000054011,42,A01,cross-session,AdaBN
205,16,1,0.000353297999993174,42,A01,cross-session,AdaBN
206,16,0,0.0003579669999851376,42,A01,cross-session,AdaBN
207,16,1,0.00036410699999578355,42,A01,cross-session,AdaBN
208,16,1,0.0003575780000062423,42,A01,cross-session,AdaBN
209,16,1,0.0003701079999984813,42,A01,cross-session,AdaBN
210,16,0,0.00037233200001196565,42,A01,cross-session,AdaBN
211,16,0,0.0003658530000052451,42,A01,cross-session,AdaBN
212,16,1,0.00035387300002298616,42,A01,cross-session,AdaBN
213,16,1,0.000354036999993923,42,A01,cross-session,AdaBN
214,16,1,0.000351878999993005,42,A01,cross-session,AdaBN
215,16,1,0.0003512849999935952,42,A01,cross-session,AdaBN
216,16,0,0.000355619000004026,42,A01,cross-session,AdaBN
217,16,1,0.00035147500000221044,42,A01,cross-session,AdaBN
218,16,1,0.00035260199999243014,42,A01,cross-session,AdaBN
219,16,1,0.00035274200001822464,42,A01,cross-session,AdaBN
220,16,1,0.00035320899999646826,42,A01,cross-session,AdaBN
221,16,1,0.00035950299999853996,42,A01,cross-session,AdaBN
222,16,0,0.00035415100001046085,42,A01,cross-session,AdaBN
223,16,1,0.0003816250000170385,42,A01,cross-session,AdaBN
224,16,0,0.0003680359999975735,42,A01,cross-session,AdaBN
225,16,1,0.0003578719999950408,42,A01,cross-session,AdaBN
226,16,0,0.00034915300000193383,42,A01,cross-session,AdaBN
227,16,1,0.00036421299998323775,42,A01,cross-session,AdaBN
228,16,0,0.0003595499999846652,42,A01,cross-session,AdaBN
229,16,1,0.0003551159999801712,42,A01,cross-session,AdaBN
230,16,0,0.00035264699999970617,42,A01,cross-session,AdaBN
231,16,0,0.00038488399999891953,42,A01,cross-session,AdaBN
232,16,0,0.00034962399999471927,42,A01,cross-session,AdaBN
233,16,1,0.00036790600000813356,42,A01,cross-session,AdaBN
234,16,1,0.00035650600000280974,42,A01,cross-session,AdaBN
235,16,1,0.00035334600002556726,42,A01,cross-session,AdaBN
236,16,0,0.0003734419999830152,42,A01,cross-session,AdaBN
237,16,1,0.0003520230000049196,42,A01,cross-session,AdaBN
238,16,1,0.0003533969999978126,42,A01,cross-session,AdaBN
239,16,1,0.0003541720000157511,42,A01,cross-session,AdaBN
240,16,1,0.00035597400000142443,42,A01,cross-session,AdaBN
241,16,1,0.00036195700002394915,42,A01,cross-session,AdaBN
242,16,1,0.00035194699998442047,42,A01,cross-session,AdaBN
243,16,1,0.00035028599998554455,42,A01,cross-session,AdaBN
244,16,1,0.0003611380000165809,42,A01,cross-session,AdaBN
245,16,1,0.00035920900000974143,42,A01,cross-session,AdaBN
246,16,1,0.0003464739999969879,42,A01,cross-session,AdaBN
247,16,1,0.00036657399999739937,42,A01,cross-session,AdaBN
248,16,1,0.0003558250000139651,42,A01,cross-session,AdaBN
249,16,1,0.00035552599999277845,42,A01,cross-session,AdaBN
250,16,1,0.000365641000001915,42,A01,cross-session,AdaBN
251,16,0,0.0003616989999954967,42,A01,cross-session,AdaBN
252,16,1,0.00037897699999689394,42,A01,cross-session,AdaBN
253,16,0,0.000362865999989026,42,A01,cross-session,AdaBN
254,16,1,0.0003567349999968883,42,A01,cross-session,AdaBN
255,16,1,0.0003531469999984438,42,A01,cross-session,AdaBN
256,16,1,0.0003581499999825155,42,A01,cross-session,AdaBN
257,16,1,0.0003494139999986601,42,A01,cross-session,AdaBN
258,16,1,0.0003589140000030966,42,A01,cross-session,AdaBN
259,16,1,0.00037968600000226616,42,A01,cross-session,AdaBN
260,16,0,0.00035689300000285584,42,A01,cross-session,AdaBN
261,16,1,0.0003527689999884842,42,A01,cross-session,AdaBN
262,16,1,0.0003613860000086788,42,A01,cross-session,AdaBN
263,16,0,0.0003565629999968678,42,A01,cross-session,AdaBN
264,16,1,0.00035126699998500044,42,A01,cross-session,AdaBN
265,16,1,0.0003578989999937221,42,A01,cross-session,AdaBN
266,16,0,0.00036128799999346484,42,A01,cross-session,AdaBN
267,16,0,0.0003515340000035394,42,A01,cross-session,AdaBN
268,16,1,0.00038567099997521836,42,A01,cross-session,AdaBN
269,16,0,0.0003584670000122969,42,A01,cross-session,AdaBN
270,16,1,0.00036136200000669305,42,A01,cross-session,AdaBN
271,16,1,0.0003656670000111717,42,A01,cross-session,AdaBN
272,16,1,0.00036970599998653597,42,A01,cross-session,AdaBN
273,16,1,0.00035745600001746425,42,A01,cross-session,AdaBN
274,16,0,0.0003608490000033271,42,A01,cross-session,AdaBN
275,16,0,0.0004184969999982968,42,A01,cross-session,AdaBN
276,16,1,0.0003763200000150846,42,A01,cross-session,AdaBN
277,16,0,0.0003804449999904591,42,A01,cross-session,AdaBN
278,16,0,0.00036340099998710684,42,A01,cross-session,AdaBN
279,16,1,0.0003668350000225473,42,A01,cross-session,AdaBN
280,16,1,0.0003846280000061597,42,A01,cross-session,AdaBN
281,16,0,0.00036138900000537433,42,A01,cross-session,AdaBN
282,16,0,0.00035904699998923206,42,A01,cross-session,AdaBN
283,16,0,0.00036386400000765207,42,A01,cross-session,AdaBN
284,16,0,0.00039054300000884723,42,A01,cross-session,AdaBN
285,16,1,0.00035488900002178525,42,A01,cross-session,AdaBN
286,16,1,0.0003693220000116071,42,A01,cross-session,AdaBN
287,16,1,0.000353647999986606,42,A01,cross-session,AdaBN
0,1,0,0.0007298529999957282,42,A02,cross-session,AdaBN
1,2,0,0.0006283630000041285,42,A02,cross-session,AdaBN
2,3,0,0.0005976449999991473,42,A02,cross-session,AdaBN
3,4,0,0.0005363219999878766,42,A02,cross-session,AdaBN
4,5,1,0.001179064000012886,42,A02,cross-session,AdaBN
5,6,1,0.0011182430000076238,42,A02,cross-session,AdaBN
6,7,0,0.0011142140000117706,42,A02,cross-session,AdaBN
7,8,1,0.0011071830000162208,42,A02,cross-session,AdaBN
8,9,1,0.001118659000013622,42,A02,cross-session,AdaBN
9,10,0,0.0011269840000238673,42,A02,cross-session,AdaBN
10,11,0,0.0010761569999999665,42,A02,cross-session,AdaBN
11,12,0,0.0010704529999827628,42,A02,cross-session,AdaBN
12,13,0,0.0010689540000043962,42,A02,cross-session,AdaBN
13,14,0,0.00108679100000586,42,A02,cross-session,AdaBN
14,15,0,0.0011259990000098696,42,A02,cross-session,AdaBN
15,16,1,0.0009036669999886726,42,A02,cross-session,AdaBN
16,16,0,0.0004045320000045649,42,A02,cross-session,AdaBN
17,16,1,0.00041576099999929284,42,A02,cross-session,AdaBN
18,16,1,0.00037638400002037997,42,A02,cross-session,AdaBN
19,16,0,0.00037735799998017683,42,A02,cross-session,AdaBN
20,16,0,0.0003869149999786714,42,A02,cross-session,AdaBN
21,16,0,0.00036262400001874084,42,A02,cross-session,AdaBN
22,16,0,0.0003970459999891318,42,A02,cross-session,AdaBN
23,16,1,0.0003651020000177141,42,A02,cross-session,AdaBN
24,16,0,0.0003713590000131717,42,A02,cross-session,AdaBN
25,16,1,0.0003752710000242132,42,A02,cross-session,AdaBN
26,16,0,0.000368137000009483,42,A02,cross-session,AdaBN
27,16,0,0.00036755300001800606,42,A02,cross-session,AdaBN
28,16,0,0.00036498000000051434,42,A02,cross-session,AdaBN
29,16,0,0.00037156799999138457,42,A02,cross-session,AdaBN
30,16,0,0.00035823599998252575,42,A02,cross-session,AdaBN
31,16,1,0.00038516699999036064,42,A02,cross-session,AdaBN
32,16,1,0.0003668259999756174,42,A02,cross-session,AdaBN
33,16,0,0.00037290100001996507,42,A02,cross-session,AdaBN
34,16,1,0.00037856399998759116,42,A02,cross-session,AdaBN
35,16,1,0.00036730400000806185,42,A02,cross-session,AdaBN
36,16,0,0.0003636269999844899,42,A02,cross-session,AdaBN
37,16,0,0.0003636300000096071,42,A02,cross-session,AdaBN
38,16,0,0.000364676000003783,42,A02,cross-session,AdaBN
39,16,0,0.0003559590000179469,42,A02,cross-session,AdaBN
40,16,1,0.000363003000018125,42,A02,cross-session,AdaBN
41,16,0,0.00035805400000299414,42,A02,cross-session,AdaBN
42,16,1,0.00036330300000031457,42,A02,cross-session,AdaBN
43,16,0,0.00036751499999354564,42,A02,cross-session,AdaBN
44,16,0,0.00037109999999529464,42,A02,cross-session,AdaBN
45,16,0,0.00036171800002193777,42,A02,cross-session,AdaBN
46,16,1,0.00039856399999393943,42,A02,cross-session,AdaBN
47,16,0,0.00036427200001298843,42,A02,cross-session,AdaBN
48,16,1,0.0003790750000121079,42,A02,cross-session,AdaBN
49,16,0,0.0003773370000033083,42,A02,cross-session,AdaBN
50,16,0,0.00038661299998921095,42,A02,cross-session,AdaBN
51,16,1,0.0003654280000091603,42,A02,cross-session,AdaBN
52,16,1,0.00038158400002430426,42,A02,cross-session,AdaBN
53,16,0,0.00040496299999404073,42,A02,cross-session,AdaBN
54,16,0,0.0003838830000120197,42,A02,cross-session,AdaBN
55,16,0,0.0003612339999961023,42,A02,cross-session,AdaBN
56,16,0,0.00038447299999688767,42,A02,cross-session,AdaBN
57,16,0,0.00036723200000210454,42,A02,cross-session,AdaBN
58,16,1,0.00039276399999721434,42,A02,cross-session,AdaBN
59,16,1,0.00038593799999375733,42,A02,cross-session,AdaBN
60,16,1,0.00039775999999847045,42,A02,cross-session,AdaBN
61,16,0,0.00040042500000936343,42,A02,cross-session,AdaBN
62,16,0,0.000405838999995467,42,A02,cross-session,AdaBN
63,16,0,0.0003654589999939617,42,A02,cross-session,AdaBN
64,16,0,0.0003707340000005388,42,A02,cross-session,AdaBN
65,16,1,0.000359931000019742,42,A02,cross-session,AdaBN
66,16,1,0.00036586800001714437,42,A02,cross-session,AdaBN
67,16,0,0.00036713499997631516,42,A02,cross-session,AdaBN
68,16,1,0.0003798809999864261,42,A02,cross-session,AdaBN
69,16,0,0.0003529379999918092,42,A02,cross-session,AdaBN
70,16,0,0.00038882100000137143,42,A02,cross-session,AdaBN
71,16,0,0.0003567779999968934,42,A02,cross-session,AdaBN
72,16,0,0.00039469899999744484,42,A02,cross-session,AdaBN
73,16,0,0.0003570580000200607,42,A02,cross-session,AdaBN
74,16,0,0.00039076400000226386,42,A02,cross-session,AdaBN
75,16,0,0.00036695200000735895,42,A02,cross-session,AdaBN
76,16,0,0.00040767199999436343,42,A02,cross-session,AdaBN
77,16,0,0.000388381999982812,42,A02,cross-session,AdaBN
78,16,0,0.00036365100001489736,42,A02,cross-session,AdaBN
79,16,0,0.0003671480000093652,42,A02,cross-session,AdaBN
80,16,0,0.0003749500000083117,42,A02,cross-session,AdaBN
81,16,1,0.0003600400000038917,42,A02,cross-session,AdaBN
82,16,0,0.00035421699999460543,42,A02,cross-session,AdaBN
83,16,0,0.0003767789999926663,42,A02,cross-session,AdaBN
84,16,0,0.00035218100001088715,42,A02,cross-session,AdaBN
85,16,1,0.00035531099999275284,42,A02,cross-session,AdaBN
86,16,0,0.00035882500000639084,42,A02,cross-session,AdaBN
87,16,1,0.00036502499997936866,42,A02,cross-session,AdaBN
88,16,0,0.0003862760000004073,42,A02,cross-session,AdaBN
89,16,0,0.0003618329999994785,42,A02,cross-session,AdaBN
90,16,0,0.0003636980000010226,42,A02,cross-session,AdaBN
91,16,1,0.00036811500001476816,42,A02,cross-session,AdaBN
92,16,0,0.0003742259999910402,42,A02,cross-session,AdaBN
93,16,1,0.0004008010000120521,42,A02,cross-session,AdaBN
94,16,1,0.00035742000000027474,42,A02,cross-session,AdaBN
95,16,0,0.00039135299999770723,42,A02,cross-session,AdaBN
96,16,1,0.00035176000000092245,42,A02,cross-session,AdaBN
97,16,1,0.0003603329999748439,42,A02,cross-session,AdaBN
98,16,1,0.0003772749999768621,42,A02,cross-session,AdaBN
99,16,0,0.00035507399999801237,42,A02,cross-session,AdaBN
100,16,1,0.000391300000018191,42,A02,cross-session,AdaBN
101,16,0,0.00036135400000603113,42,A02,cross-session,AdaBN
102,16,1,0.0003818140000078074,42,A02,cross-session,AdaBN
103,16,0,0.00037125000000060027,42,A02,cross-session,AdaBN
104,16,0,0.0003522270000075878,42,A02,cross-session,AdaBN
105,16,0,0.0003726310000047306,42,A02,cross-session,AdaBN
106,16,1,0.0003557119999868519,42,A02,cross-session,AdaBN
107,16,0,0.00035633299998494294,42,A02,cross-session,AdaBN
108,16,0,0.00035940099999720587,42,A02,cross-session,AdaBN
109,16,0,0.00039418099999011247,42,A02,cross-session,AdaBN
110,16,0,0.00036916500002348585,42,A02,cross-session,AdaBN
111,16,0,0.0003560109999796168,42,A02,cross-session,AdaBN
112,16,1,0.00036520099999393096,42,A02,cross-session,AdaBN
113,16,0,0.00036741399998163615,42,A02,cross-session,AdaBN
114,16,1,0.00038162599997804136,42,A02,cross-session,AdaBN
115,16,1,0.00037170499999206186,42,A02,cross-session,AdaBN
116,16,0,0.0003516810000121495,42,A02,cross-session,AdaBN
117,16,0,0.00038425399998232024,42,A02,cross-session,AdaBN
118,16,0,0.0003688630000056037,42,A02,cross-session,AdaBN
119,16,0,0.0003609349999749156,42,A02,cross-session,AdaBN
120,16,0,0.000355613000010635,42,A02,cross-session,AdaBN
121,16,0,0.0003514299999949344,42,A02,cross-session,AdaBN
122,16,0,0.000362848000008853,42,A02,cross-session,AdaBN
123,16,1,0.0003707019999978911,42,A02,cross-session,AdaBN
124,16,0,0.00035840499998585074,42,A02,cross-session,AdaBN
125,16,1,0.00035794800001553995,42,A02,cross-session,AdaBN
126,16,1,0.0003684920000068814,42,A02,cross-session,AdaBN
127,16,1,0.0003674220000107198,42,A02,cross-session,AdaBN
128,16,1,0.0003586070000096697,42,A02,cross-session,AdaBN
129,16,0,0.0003675600000008217,42,A02,cross-session,AdaBN
130,16,0,0.00036283100001810453,42,A02,cross-session,AdaBN
131,16,0,0.00035622000001467313,42,A02,cross-session,AdaBN
132,16,0,0.00035451000002240107,42,A02,cross-session,AdaBN
133,16,0,0.00036321999999699983,42,A02,cross-session,AdaBN
134,16,1,0.00035496800001055817,42,A02,cross-session,AdaBN
135,16,0,0.0003606749999960357,42,A02,cross-session,AdaBN
136,16,1,0.0003637009999977181,42,A02,cross-session,AdaBN
137,16,0,0.0003661629999953675,42,A02,cross-session,AdaBN
138,16,0,0.00037810800000670497,42,A02,cross-session,AdaBN
139,16,1,0.0003587120000076993,42,A02,cross-session,AdaBN
140,16,1,0.0003683729999863772,42,A02,cross-session,AdaBN
141,16,1,0.00035882500000639084,42,A02,cross-session,AdaBN
142,16,1,0.00035889599999450184,42,A02,cross-session,AdaBN
143,16,0,0.00036874099998840393,42,A02,cross-session,AdaBN
144,16,0,0.0003569370000207073,42,A02,cross-session,AdaBN
145,16,0,0.0003658429999973123,42,A02,cross-session,AdaBN
146,16,1,0.000363604999989775,42,A02,cross-session,AdaBN
147,16,0,0.0003537540000024819,42,A02,cross-session,AdaBN
148,16,0,0.0003984420000051614,42,A02,cross-session,AdaBN
149,16,0,0.0003718170000013288,42,A02,cross-session,AdaBN
150,16,0,0.00036688099999082624,42,A02,cross-session,AdaBN
151,16,0,0.0003641639999898416,42,A02,cross-session,AdaBN
152,16,1,0.00035281000000964013,42,A02,cross-session,AdaBN
153,16,0,0.0003656359999979486,42,A02,cross-session,AdaBN
154,16,0,0.00035945999999853484,42,A02,cross-session,AdaBN
155,16,0,0.0003614099999822429,42,A02,cross-session,AdaBN
156,16,0,0.00035397100000977844,42,A02,cross-session,AdaBN
157,16,0,0.00037158899999667483,42,A02,cross-session,AdaBN
158,16,0,0.00036459599999716374,42,A02,cross-session,AdaBN
159,16,0,0.0003547599999933482,42,A02,cross-session,AdaBN
160,16,0,0.00036101799997823036,42,A02,cross-session,AdaBN
161,16,0,0.0004033740000011221,42,A02,cross-session,AdaBN
162,16,0,0.0003577900000095724,42,A02,cross-session,AdaBN
163,16,0,0.0003591210000024603,42,A02,cross-session,AdaBN
164,16,0,0.00035422600001311366,42,A02,cross-session,AdaBN
165,16,0,0.0003582089999838445,42,A02,cross-session,AdaBN
166,16,0,0.0003603949999728684,42,A02,cross-session,AdaBN
167,16,0,0.00035942200000249613,42,A02,cross-session,AdaBN
168,16,0,0.00036997899999846595,42,A02,cross-session,AdaBN
169,16,0,0.00037830800002325304,42,A02,cross-session,AdaBN
170,16,0,0.00037483700000962017,42,A02,cross-session,AdaBN
171,16,1,0.00036319599999501406,42,A02,cross-session,AdaBN
172,16,0,0.00036223400002199924,42,A02,cross-session,AdaBN
173,16,0,0.00036635299997556103,42,A02,cross-session,AdaBN
174,16,0,0.00035134099999822865,42,A02,cross-session,AdaBN
175,16,1,0.00036298099999498845,42,A02,cross-session,AdaBN
176,16,0,0.00037655100001643405,42,A02,cross-session,AdaBN
177,16,0,0.000358321999982536,42,A02,cross-session,AdaBN
178,16,0,0.0003570869999975912,42,A02,cross-session,AdaBN
179,16,1,0.0003694630000268262,42,A02,cross-session,AdaBN
180,16,0,0.00035851100000172664,42,A02,cross-session,AdaBN
181,16,1,0.00036494500000117114,42,A02,cross-session,AdaBN
182,16,1,0.00040285500000436514,42,A02,cross-session,AdaBN
183,16,0,0.0003627609999909964,42,A02,cross-session,AdaBN
184,16,0,0.0003565160000107426,42,A02,cross-session,AdaBN
185,16,0,0.00036300600001482053,42,A02,cross-session,AdaBN
186,16,1,0.000367818999990277,42,A02,cross-session,AdaBN
187,16,0,0.0003568459999883089,42,A02,cross-session,AdaBN
188,16,0,0.00037929700002337086,42,A02,cross-session,AdaBN
189,16,1,0.00035344299999451323,42,A02,cross-session,AdaBN
190,16,0,0.0003594190000058006,42,A02,cross-session,AdaBN
191,16,0,0.00037947999999232707,42,A02,cross-session,AdaBN
192,16,0,0.0003805110000030254,42,A02,cross-session,AdaBN
193,16,1,0.0003981979999991836,42,A02,cross-session,AdaBN
194,16,1,0.00038078500000438,42,A02,cross-session,AdaBN
195,16,0,0.0003553960000033385,42,A02,cross-session,AdaBN
196,16,0,0.00037736299998414324,42,A02,cross-session,AdaBN
197,16,0,0.0003609499999868149,42,A02,cross-session,AdaBN
198,16,0,0.0003556529999855229,42,A02,cross-session,AdaBN
199,16,1,0.0003763520000177323,42,A02,cross-session,AdaBN
200,16,0,0.00036128799999346484,42,A02,cross-session,AdaBN
201,16,1,0.000359734999989314,42,A02,cross-session,AdaBN
202,16,1,0.0003555360000007113,42,A02,cross-session,AdaBN
203,16,1,0.0003600010000184284,42,A02,cross-session,AdaBN
204,16,0,0.0003726399999948171,42,A02,cross-session,AdaBN
205,16,0,0.00038210700000718134,42,A02,cross-session,AdaBN
206,16,0,0.00038591199998450065,42,A02,cross-session,AdaBN
207,16,0,0.00035483099998145917,42,A02,cross-session,AdaBN
208,16,1,0.0003747369999871353,42,A02,cross-session,AdaBN
209,16,0,0.00039505000000872315,42,A02,cross-session,AdaBN
210,16,0,0.0003721650000159116,42,A02,cross-session,AdaBN
211,16,0,0.00037584800000445284,42,A02,cross-session,AdaBN
212,16,1,0.0003620519999856242,42,A02,cross-session,AdaBN
213,16,0,0.000367567000012059,42,A02,cross-session,AdaBN
214,16,1,0.000369116000001668,42,A02,cross-session,AdaBN
215,16,1,0.000368137000009483,42,A02,cross-session,AdaBN
216,16,1,0.0003742920000036065,42,A02,cross-session,AdaBN
217,16,0,0.0004114179999987755,42,A02,cross-session,AdaBN
218,16,1,0.00037461700000562814,42,A02,cross-session,AdaBN
219,16,1,0.00036850099999696795,42,A02,cross-session,AdaBN
220,16,1,0.0003613400000119782,42,A02,cross-session,AdaBN
221,16,0,0.00036365299999374656,42,A02,cross-session,AdaBN
222,16,0,0.0003683469999771205,42,A02,cross-session,AdaBN
223,16,0,0.00035952800001837204,42,A02,cross-session,AdaBN
224,16,0,0.00040419900000188136,42,A02,cross-session,AdaBN
225,16,1,0.0003611600000112958,42,A02,cross-session,AdaBN
226,16,0,0.0003762510000058228,42,A02,cross-session,AdaBN
227,16,0,0.0003624699999988934,42,A02,cross-session,AdaBN
228,16,0,0.00036048100000130034,42,A02,cross-session,AdaBN
229,16,1,0.00035696200001211764,42,A02,cross-session,AdaBN
230,16,0,0.00036254900001608803,42,A02,cross-session,AdaBN
231,16,0,0.0003584540000076686,42,A02,cross-session,AdaBN
232,16,1,0.0003763240000012047,42,A02,cross-session,AdaBN
233,16,0,0.00036112000000798616,42,A02,cross-session,AdaBN
234,16,0,0.00038337900002716196,42,A02,cross-session,AdaBN
235,16,1,0.0003610610000066572,42,A02,cross-session,AdaBN
236,16,0,0.0003662279999900875,42,A02,cross-session,AdaBN
237,16,0,0.0003623900000206959,42,A02,cross-session,AdaBN
238,16,1,0.0003491779999933442,42,A02,cross-session,AdaBN
239,16,0,0.0003925720000097499,42,A02,cross-session,AdaBN
240,16,0,0.00041657599999211925,42,A02,cross-session,AdaBN
241,16,0,0.00035428600000386723,42,A02,cross-session,AdaBN
242,16,0,0.0003726070000027448,42,A02,cross-session,AdaBN
243,16,0,0.00034867499999791107,42,A02,cross-session,AdaBN
244,16,0,0.00037296899998295885,42,A02,cross-session,AdaBN
245,16,0,0.00035813199997392076,42,A02,cross-session,AdaBN
246,16,1,0.00035731399998439883,42,A02,cross-session,AdaBN
247,16,1,0.00037163600001122177,42,A02,cross-session,AdaBN
248,16,1,0.00036389299998518254,42,A02,cross-session,AdaBN
249,16,1,0.00036962999999445856,42,A02,cross-session,AdaBN
250,16,0,0.00037658900001247275,42,A02,cross-session,AdaBN
251,16,1,0.0003846959999975752,42,A02,cross-session,AdaBN
252,16,0,0.00036195799998495204,42,A02,cross-session,AdaBN
253,16,1,0.00035552099998881204,42,A02,cross-session,AdaBN
254,16,0,0.00035770900001352857,42,A02,cross-session,AdaBN
255,16,1,0.00036013199999729295,42,A02,cross-session,AdaBN
256,16,1,0.0003605670000013106,42,A02,cross-session,AdaBN
257,16,1,0.00036104999998087806,42,A02,cross-session,AdaBN
258,16,0,0.0003529370000023846,42,A02,cross-session,AdaBN
259,16,0,0.0003676839999968706,42,A02,cross-session,AdaBN
260,16,0,0.0003644100000030903,42,A02,cross-session,AdaBN
261,16,0,0.0003548139999907107,42,A02,cross-session,AdaBN
262,16,0,0.0003664770000000317,42,A02,cross-session,AdaBN
263,16,0,0.0004049570000006497,42,A02,cross-session,AdaBN
264,16,0,0.00036388600000236693,42,A02,cross-session,AdaBN
265,16,0,0.00037658800002304815,42,A02,cross-session,AdaBN
266,16,0,0.0003618430000074113,42,A02,cross-session,AdaBN
267,16,0,0.0003535010000064176,42,A02,cross-session,AdaBN
268,16,0,0.0003622339999935775,42,A02,cross-session,AdaBN
269,16,0,0.00036835299999893323,42,A02,cross-session,AdaBN
270,16,0,0.00036790399997244094,42,A02,cross-session,AdaBN
271,16,0,0.00035179200000357014,42,A02,cross-session,AdaBN
272,16,0,0.00035598100001266175,42,A02,cross-session,AdaBN
273,16,0,0.00036435499998788146,42,A02,cross-session,AdaBN
274,16,0,0.0003497059999801877,42,A02,cross-session,AdaBN
275,16,0,0.00037972500001615117,42,A02,cross-session,AdaBN
276,16,0,0.0003605260000085764,42,A02,cross-session,AdaBN
277,16,0,0.00035323500000572494,42,A02,cross-session,AdaBN
278,16,0,0.00036501600001770385,42,A02,cross-session,AdaBN
279,16,0,0.0003609530000119321,42,A02,cross-session,AdaBN
280,16,0,0.0003576180000095519,42,A02,cross-session,AdaBN
281,16,1,0.00036139299999149443,42,A02,cross-session,AdaBN
282,16,1,0.0003650759999800357,42,A02,cross-session,AdaBN
283,16,1,0.0003640609999990829,42,A02,cross-session,AdaBN
284,16,0,0.00035795299999108465,42,A02,cross-session,AdaBN
285,16,0,0.00035710699998503515,42,A02,cross-session,AdaBN
286,16,1,0.00039575799999624905,42,A02,cross-session,AdaBN
287,16,1,0.0003600150000124813,42,A02,cross-session,AdaBN
0,1,1,0.0006864489999998113,42,A03,cross-session,AdaBN
1,2,1,0.0005958349999843904,42,A03,cross-session,AdaBN
2,3,0,0.0006012230000180807,42,A03,cross-session,AdaBN
3,4,1,0.000545584000008148,42,A03,cross-session,AdaBN
4,5,0,0.0005211260000237417,42,A03,cross-session,AdaBN
5,6,1,0.000519738000008374,42,A03,cross-session,AdaBN
6,7,1,0.0006109489999914786,42,A03,cross-session,AdaBN
7,8,0,0.0005985989999999219,42,A03,cross-session,AdaBN
8,9,1,0.0005988409999986288,42,A03,cross-session,AdaBN
9,10,0,0.000593372999986741,42,A03,cross-session,AdaBN
10,11,0,0.0005591299999991861,42,A03,cross-session,AdaBN
11,12,0,0.000544902000001457,42,A03,cross-session,AdaBN
12,13,1,0.0005418629999951463,42,A03,cross-session,AdaBN
13,14,0,0.0005597770000065339,42,A03,cross-session,AdaBN
14,15,1,0.0004220810000106212,42,A03,cross-session,AdaBN
15,16,1,0.0004274949999967248,42,A03,cross-session,AdaBN
16,16,1,0.00043704999998794847,42,A03,cross-session,AdaBN
17,16,1,0.00041344100000628714,42,A03,cross-session,AdaBN
18,16,0,0.00042891699999358934,42,A03,cross-session,AdaBN
19,16,1,0.0004186999999831187,42,A03,cross-session,AdaBN
20,16,0,0.00044502000000079533,42,A03,cross-session,AdaBN
21,16,1,0.00043510899999432695,42,A03,cross-session,AdaBN
22,16,1,0.0004149300000051426,42,A03,cross-session,AdaBN
23,16,1,0.00042923199998767814,42,A03,cross-session,AdaBN
24,16,0,0.0004203199999892604,42,A03,cross-session,AdaBN
25,16,1,0.00042540800001233947,42,A03,cross-session,AdaBN
26,16,1,0.00039336499997943974,42,A03,cross-session,AdaBN
27,16,0,0.0003687900000102218,42,A03,cross-session,AdaBN
28,16,0,0.00040985900000123365,42,A03,cross-session,AdaBN
29,16,0,0.0003694699999812201,42,A03,cross-session,AdaBN
30,16,1,0.00035676100000614497,42,A03,cross-session,AdaBN
31,16,1,0.0003725589999987733,42,A03,cross-session,AdaBN
32,16,1,0.00036569100001315746,42,A03,cross-session,AdaBN
33,16,1,0.0003661369999861108,42,A03,cross-session,AdaBN
34,16,1,0.00038312200001655583,42,A03,cross-session,AdaBN
35,16,1,0.0003629539999963072,42,A03,cross-session,AdaBN
36,16,1,0.0004020620000062536,42,A03,cross-session,AdaBN
37,16,1,0.0003607120000026498,42,A03,cross-session,AdaBN
38,16,1,0.00047147800000857387,42,A03,cross-session,AdaBN
39,16,0,0.0004517240000154743,42,A03,cross-session,AdaBN
40,16,0,0.00038846900000066853,42,A03,cross-session,AdaBN
41,16,1,0.0004254899999978079,42,A03,cross-session,AdaBN
42,16,0,0.00040434199999594966,42,A03,cross-session,AdaBN
43,16,0,0.0004159659999913856,42,A03,cross-session,AdaBN
44,16,1,0.00035365499999784333,42,A03,cross-session,AdaBN
45,16,1,0.00039709200001425415,42,A03,cross-session,AdaBN
46,16,1,0.0003609899999901245,42,A03,cross-session,AdaBN
47,16,1,0.0003604260000145132,42,A03,cross-session,AdaBN
48,16,0,0.000369296999991775,42,A03,cross-session,AdaBN
49,16,0,0.00035328100000242557,42,A03,cross-session,AdaBN
50,16,1,0.0003869789999839668,42,A03,cross-session,AdaBN
51,16,1,0.00035940099999720587,42,A03,cross-session,AdaBN
52,16,1,0.0003867610000156674,42,A03,cross-session,AdaBN
53,16,1,0.00043306599999937134,42,A03,cross-session,AdaBN
54,16,0,0.00038769599999000093,42,A03,cross-session,AdaBN
55,16,1,0.00036459800000443465,42,A03,cross-session,AdaBN
56,16,1,0.0003868479999766805,42,A03,cross-session,AdaBN
57,16,0,0.0003722740000000613,42,A03,cross-session,AdaBN
58,16,0,0.00035432799998602604,42,A03,cross-session,AdaBN
59,16,0,0.0003824849999887192,42,A03,cross-session,AdaBN
60,16,1,0.00035326799999779723,42,A03,cross-session,AdaBN
61,16,1,0.00036076099999604594,42,A03,cross-session,AdaBN
62,16,1,0.00035176400001546426,42,A03,cross-session,AdaBN
63,16,1,0.00038882399999806694,42,A03,cross-session,AdaBN
64,16,1,0.0003618389999928695,42,A03,cross-session,AdaBN
65,16,1,0.0004083679999951073,42,A03,cross-session,AdaBN
66,16,1,0.00038105400000176815,42,A03,cross-session,AdaBN
67,16,1,0.0003703749999885986,42,A03,cross-session,AdaBN
68,16,1,0.00038408000000345055,42,A03,cross-session,AdaBN
69,16,0,0.00037398300000290874,42,A03,cross-session,AdaBN
70,16,1,0.0003734350000001996,42,A03,cross-session,AdaBN
71,16,0,0.0003609279999921,42,A03,cross-session,AdaBN
72,16,1,0.00037489999999706924,42,A03,cross-session,AdaBN
73,16,1,0.0003617389999988063,42,A03,cross-session,AdaBN
74,16,1,0.00038770000000454274,42,A03,cross-session,AdaBN
75,16,1,0.0003774920000125803,42,A03,cross-session,AdaBN
76,16,1,0.00039121399998975903,42,A03,cross-session,AdaBN
77,16,1,0.0003681610000114688,42,A03,cross-session,AdaBN
78,16,1,0.0003726620000179537,42,A03,cross-session,AdaBN
79,16,1,0.00035563899999146997,42,A03,cross-session,AdaBN
80,16,1,0.0003760179999972024,42,A03,cross-session,AdaBN
81,16,0,0.00037525700000173856,42,A03,cross-session,AdaBN
82,16,0,0.0003840180000054261,42,A03,cross-session,AdaBN
83,16,0,0.00037075599999525366,42,A03,cross-session,AdaBN
84,16,1,0.00035428799998271643,42,A03,cross-session,AdaBN
85,16,0,0.00035284899999510344,42,A03,cross-session,AdaBN
86,16,1,0.0003747439999983726,42,A03,cross-session,AdaBN
87,16,1,0.0003531920000057198,42,A03,cross-session,AdaBN
88,16,1,0.0003621950000081142,42,A03,cross-session,AdaBN
89,16,0,0.00045082700000875775,42,A03,cross-session,AdaBN
90,16,0,0.0003720079999993686,42,A03,cross-session,AdaBN
91,16,0,0.0003830830000026708,42,A03,cross-session,AdaBN
92,16,1,0.00036452599999847735,42,A03,cross-session,AdaBN
93,16,1,0.0003699220000044079,42,A03,cross-session,AdaBN
94,16,0,0.00036523500000384956,42,A03,cross-session,AdaBN
95,16,1,0.0003945519999888347,42,A03,cross-session,AdaBN
96,16,1,0.00037700500001847104,42,A03,cross-session,AdaBN
97,16,1,0.00035787600000958264,42,A03,cross-session,AdaBN
98,16,0,0.000359872000018413,42,A03,cross-session,AdaBN
99,16,1,0.0003734080000015183,42,A03,cross-session,AdaBN
100,16,1,0.0003557269999987511,42,A03,cross-session,AdaBN
101,16,0,0.0003574050000167972,42,A03,cross-session,AdaBN
102,16,1,0.0003547649999973146,42,A03,cross-session,AdaBN
103,16,0,0.00037841899998625195,42,A03,cross-session,AdaBN
104,16,1,0.00037014900001963724,42,A03,cross-session,AdaBN
105,16,1,0.0003871540000091045,42,A03,cross-session,AdaBN
106,16,0,0.0003748430000030112,42,A03,cross-session,AdaBN
107,16,0,0.0003509070000120573,42,A03,cross-session,AdaBN
108,16,0,0.0003742469999963305,42,A03,cross-session,AdaBN
109,16,1,0.0003625760000147693,42,A03,cross-session,AdaBN
110,16,0,0.0003704119999952127,42,A03,cross-session,AdaBN
111,16,1,0.0003995360000033088,42,A03,cross-session,AdaBN
112,16,1,0.00038650499999448584,42,A03,cross-session,AdaBN
113,16,1,0.00037729699999999866,42,A03,cross-session,AdaBN
114,16,1,0.00036470300000246425,42,A03,cross-session,AdaBN
115,16,1,0.0003615859999968052,42,A03,cross-session,AdaBN
116,16,1,0.00037641899999130146,42,A03,cross-session,AdaBN
117,16,1,0.0003685289999850738,42,A03,cross-session,AdaBN
118,16,1,0.00036499000000844717,42,A03,cross-session,AdaBN
119,16,0,0.00036910299999703966,42,A03,cross-session,AdaBN
120,16,1,0.000364447999999129,42,A03,cross-session,AdaBN
121,16,1,0.00035798199999703684,42,A03,cross-session,AdaBN
122,16,0,0.00036151000000472777,42,A03,cross-session,AdaBN
123,16,1,0.000357971999989104,42,A03,cross-session,AdaBN
124,16,1,0.00036881600001947845,42,A03,cross-session,AdaBN
125,16,0,0.000382094000002553,42,A03,cross-session,AdaBN
126,16,0,0.0003683440000088467,42,A03,cross-session,AdaBN
127,16,1,0.00035886000000573404,42,A03,cross-session,AdaBN
128,16,0,0.00036661099997559177,42,A03,cross-session,AdaBN
129,16,0,0.000357331000003569,42,A03,cross-session,AdaBN
130,16,1,0.0003686629999890556,42,A03,cross-session,AdaBN
131,16,1,0.00036527200001046367,42,A03,cross-session,AdaBN
132,16,1,0.0003565619999790215,42,A03,cross-session,AdaBN
133,16,1,0.0003596299999912844,42,A03,cross-session,AdaBN
134,16,1,0.0003640090000089913,42,A03,cross-session,AdaBN
135,16,1,0.00035654999999223946,42,A03,cross-session,AdaBN
136,16,1,0.00036414300001297306,42,A03,cross-session,AdaBN
137,16,0,0.0003564129999915622,42,A03,cross-session,AdaBN
138,16,1,0.0003581009999891194,42,A03,cross-session,AdaBN
139,16,1,0.0003621930000008433,42,A03,cross-session,AdaBN
140,16,1,0.00035535500001060427,42,A03,cross-session,AdaBN
141,16,0,0.00036639500001456327,42,A03,cross-session,AdaBN
142,16,1,0.00035646999998562023,42,A03,cross-session,AdaBN
143,16,1,0.00035281399999576024,42,A03,cross-session,AdaBN
144,16,0,0.00035987900000122863,42,A03,cross-session,AdaBN
145,16,0,0.0003588179999951535,42,A03,cross-session,AdaBN
146,16,1,0.0003620070000067699,42,A03,cross-session,AdaBN
147,16,0,0.00035848199999577446,42,A03,cross-session,AdaBN
148,16,1,0.0003542010000217033,42,A03,cross-session,AdaBN
149,16,1,0.00035647699999685756,42,A03,cross-session,AdaBN
150,16,1,0.00036200299999222807,42,A03,cross-session,AdaBN
151,16,1,0.00036793999998963045,42,A03,cross-session,AdaBN
152,16,0,0.00034948499998677107,42,A03,cross-session,AdaBN
153,16,1,0.0003618990000120448,42,A03,cross-session,AdaBN
154,16,1,0.0003598339999939526,42,A03,cross-session,AdaBN
155,16,1,0.0003483300000084455,42,A03,cross-session,AdaBN
156,16,1,0.000358109000018203,42,A03,cross-session,AdaBN
157,16,1,0.00035685200001012163,42,A03,cross-session,AdaBN
158,16,0,0.0003599309999913203,42,A03,cross-session,AdaBN
159,16,1,0.00035489600000460086,42,A03,cross-session,AdaBN
160,16,1,0.00035407600000780803,42,A03,cross-session,AdaBN
161,16,1,0.0003564910000193322,42,A03,cross-session,AdaBN
162,16,1,0.00035904699998923206,42,A03,cross-session,AdaBN
163,16,1,0.0003842300000087562,42,A03,cross-session,AdaBN
164,16,0,0.00036322400001154165,42,A03,cross-session,AdaBN
165,16,1,0.0003549029999874165,42,A03,cross-session,AdaBN
166,16,1,0.0003651719999879788,42,A03,cross-session,AdaBN
167,16,1,0.00035182900001018425,42,A03,cross-session,AdaBN
168,16,1,0.00036613899999338173,42,A03,cross-session,AdaBN
169,16,1,0.0003524229999811723,42,A03,cross-session,AdaBN
170,16,1,0.0003600499999834028,42,A03,cross-session,AdaBN
171,16,0,0.00036399900000105845,42,A03,cross-session,AdaBN
172,16,1,0.00035151599999494465,42,A03,cross-session,AdaBN
173,16,1,0.000377705000005335,42,A03,cross-session,AdaBN
174,16,1,0.0003595899999879748,42,A03,cross-session,AdaBN
175,16,1,0.00035080899999684334,42,A03,cross-session,AdaBN
176,16,1,0.0003624449999790613,42,A03,cross-session,AdaBN
177,16,1,0.00035553099999674487,42,A03,cross-session,AdaBN
178,16,1,0.00036098299997888716,42,A03,cross-session,AdaBN
179,16,0,0.0003831109999907767,42,A03,cross-session,AdaBN
180,16,0,0.0003577640000003157,42,A03,cross-session,AdaBN
181,16,0,0.0003594190000058006,42,A03,cross-session,AdaBN
182,16,0,0.00036030100000061793,42,A03,cross-session,AdaBN
183,16,1,0.0003936570000178108,42,A03,cross-session,AdaBN
184,16,1,0.00039892500001315057,42,A03,cross-session,AdaBN
185,16,1,0.00035615499999153144,42,A03,cross-session,AdaBN
186,16,0,0.00037441100002411076,42,A03,cross-session,AdaBN
187,16,1,0.0003616189999888775,42,A03,cross-session,AdaBN
188,16,0,0.0003565199999968627,42,A03,cross-session,AdaBN
189,16,0,0.0003810750000070584,42,A03,cross-session,AdaBN
190,16,1,0.00036853800000358206,42,A03,cross-session,AdaBN
191,16,1,0.00036382599998319165,42,A03,cross-session,AdaBN
192,16,0,0.0003665209999894614,42,A03,cross-session,AdaBN
193,16,1,0.0003715480000039406,42,A03,cross-session,AdaBN
194,16,1,0.00036455899999054964,42,A03,cross-session,AdaBN
195,16,0,0.0003577930000062679,42,A03,cross-session,AdaBN
196,16,0,0.00037401900002009825,42,A03,cross-session,AdaBN
197,16,1,0.0003761549999978797,42,A03,cross-session,AdaBN
198,16,0,0.0003613380000047073,42,A03,cross-session,AdaBN
199,16,1,0.0003608939999821814,42,A03,cross-session,AdaBN
200,16,0,0.0003566640000087773,42,A03,cross-session,AdaBN
201,16,1,0.0003573799999969651,42,A03,cross-session,AdaBN
202,16,1,0.00036086200000795543,42,A03,cross-session,AdaBN
203,16,1,0.0003569099999936043,42,A03,cross-session,AdaBN
204,16,1,0.00037145899997881315,42,A03,cross-session,AdaBN
205,16,1,0.0003526939999858314,42,A03,cross-session,AdaBN
206,16,0,0.0003502380000099947,42,A03,cross-session,AdaBN
207,16,1,0.00036280599999827245,42,A03,cross-session,AdaBN
208,16,0,0.00037181599998348247,42,A03,cross-session,AdaBN
209,16,0,0.0003633819999890875,42,A03,cross-session,AdaBN
210,16,1,0.00036199299998429524,42,A03,cross-session,AdaBN
211,16,1,0.00035576499999478983,42,A03,cross-session,AdaBN
212,16,1,0.0003587119999792776,42,A03,cross-session,AdaBN
213,16,1,0.00035158999997975116,42,A03,cross-session,AdaBN
214,16,1,0.0003499480000073163,42,A03,cross-session,AdaBN
215,16,0,0.0003639109999937773,42,A03,cross-session,AdaBN
216,16,1,0.0003497790000039913,42,A03,cross-session,AdaBN
217,16,1,0.0003584639999871797,42,A03,cross-session,AdaBN
218,16,1,0.00035235499998975683,42,A03,cross-session,AdaBN
219,16,0,0.0003572959999758041,42,A03,cross-session,AdaBN
220,16,1,0.00037672999999927015,42,A03,cross-session,AdaBN
221,16,1,0.00035931799999389114,42,A03,cross-session,AdaBN
222,16,1,0.000376006999999845,42,A03,cross-session,AdaBN
223,16,1,0.0003520199999798024,42,A03,cross-session,AdaBN
224,16,0,0.00039544699998828037,42,A03,cross-session,AdaBN
225,16,0,0.00037788299999874653,42,A03,cross-session,AdaBN
226,16,1,0.0003608529999894472,42,A03,cross-session,AdaBN
227,16,1,0.00035813200000234247,42,A03,cross-session,AdaBN
228,16,1,0.00035418499999195774,42,A03,cross-session,AdaBN
229,16,0,0.0003693310000016936,42,A03,cross-session,AdaBN
230,16,1,0.0003578279999771894,42,A03,cross-session,AdaBN
231,16,1,0.0003486500000065007,42,A03,cross-session,AdaBN
232,16,0,0.0003857940000102644,42,A03,cross-session,AdaBN
233,16,1,0.000353647999986606,42,A03,cross-session,AdaBN
234,16,1,0.0003573649999850659,42,A03,cross-session,AdaBN
235,16,1,0.00036142300001529293,42,A03,cross-session,AdaBN
236,16,1,0.0003622259999929156,42,A03,cross-session,AdaBN
237,16,1,0.0003653509999992366,42,A03,cross-session,AdaBN
238,16,1,0.000353007000001071,42,A03,cross-session,AdaBN
239,16,0,0.00035408300001904536,42,A03,cross-session,AdaBN
240,16,0,0.00036761699999487973,42,A03,cross-session,AdaBN
241,16,1,0.0003772019999814802,42,A03,cross-session,AdaBN
242,16,1,0.0003726359999802753,42,A03,cross-session,AdaBN
243,16,0,0.00035165099998835103,42,A03,cross-session,AdaBN
244,16,1,0.00035721099999364014,42,A03,cross-session,AdaBN
245,16,1,0.000361142000002701,42,A03,cross-session,AdaBN
246,16,1,0.00035837900000501577,42,A03,cross-session,AdaBN
247,16,1,0.0003581109999970522,42,A03,cross-session,AdaBN
248,16,0,0.00036168400001201917,42,A03,cross-session,AdaBN
249,16,1,0.000362504000008812,42,A03,cross-session,AdaBN
250,16,1,0.00036101599999938117,42,A03,cross-session,AdaBN
251,16,1,0.00035457900000324116,42,A03,cross-session,AdaBN
252,16,1,0.00035393699999985984,42,A03,cross-session,AdaBN
253,16,1,0.00036747799998693154,42,A03,cross-session,AdaBN
254,16,1,0.0003794909999896845,42,A03,cross-session,AdaBN
255,16,1,0.0003714990000105445,42,A03,cross-session,AdaBN
256,16,1,0.00035496000000989625,42,A03,cross-session,AdaBN
257,16,1,0.00035337599999252234,42,A03,cross-session,AdaBN
258,16,1,0.00035901300000773517,42,A03,cross-session,AdaBN
259,16,1,0.0003507929999955195,42,A03,cross-session,AdaBN
260,16,0,0.0003596610000045075,42,A03,cross-session,AdaBN
261,16,1,0.0003517709999982799,42,A03,cross-session,AdaBN
262,16,1,0.00035851100000172664,42,A03,cross-session,AdaBN
263,16,1,0.0003586759999905098,42,A03,cross-session,AdaBN
264,16,1,0.000364622999995845,42,A03,cross-session,AdaBN
265,16,1,0.00038854999999671236,42,A03,cross-session,AdaBN
266,16,1,0.00039635999999632077,42,A03,cross-session,AdaBN
267,16,1,0.00039347599999928207,42,A03,cross-session,AdaBN
268,16,0,0.0003970120000076349,42,A03,cross-session,AdaBN
269,16,1,0.00034961099999009093,42,A03,cross-session,AdaBN
270,16,1,0.0003782150000120055,42,A03,cross-session,AdaBN
271,16,1,0.0003603959999907147,42,A03,cross-session,AdaBN
272,16,1,0.00035063000001400724,42,A03,cross-session,AdaBN
273,16,1,0.0003780810000080237,42,A03,cross-session,AdaBN
274,16,1,0.00035235100000363673,42,A03,cross-session,AdaBN
275,16,1,0.00035907399998791334,42,A03,cross-session,AdaBN
276,16,1,0.0003903619999903185,42,A03,cross-session,AdaBN
277,16,0,0.00035824099998649217,42,A03,cross-session,AdaBN
278,16,1,0.0003793900000061967,42,A03,cross-session,AdaBN
279,16,1,0.000367040999975643,42,A03,cross-session,AdaBN
280,16,1,0.00036618000001453765,42,A03,cross-session,AdaBN
281,16,0,0.0003688689999989947,42,A03,cross-session,AdaBN
282,16,0,0.0003524579999805155,42,A03,cross-session,AdaBN
283,16,0,0.0003730829999994967,42,A03,cross-session,AdaBN
284,16,0,0.00035931899998331573,42,A03,cross-session,AdaBN
285,16,0,0.0003798719999963396,42,A03,cross-session,AdaBN
286,16,1,0.0003621889999863015,42,A03,cross-session,AdaBN
287,16,1,0.0003493920000039452,42,A03,cross-session,AdaBN
0,1,1,0.0006878060000019559,42,A04,cross-session,AdaBN
1,2,0,0.0005896529999915856,42,A04,cross-session,AdaBN
2,3,1,0.000590475000024071,42,A04,cross-session,AdaBN
3,4,0,0.0005590890000064519,42,A04,cross-session,AdaBN
4,5,0,0.0005180869999890092,42,A04,cross-session,AdaBN
5,6,0,0.0005650470000091445,42,A04,cross-session,AdaBN
6,7,0,0.0006111719999921661,42,A04,cross-session,AdaBN
7,8,0,0.0005823589999920387,42,A04,cross-session,AdaBN
8,9,0,0.0005874510000012378,42,A04,cross-session,AdaBN
9,10,1,0.0006091300000150568,42,A04,cross-session,AdaBN
10,11,0,0.0005603639999947063,42,A04,cross-session,AdaBN
11,12,1,0.0005761409999820444,42,A04,cross-session,AdaBN
12,13,0,0.0005668670000034126,42,A04,cross-session,AdaBN
13,14,1,0.0005451579999942169,42,A04,cross-session,AdaBN
14,15,1,0.0004447009999921647,42,A04,cross-session,AdaBN
15,16,1,0.00041948400001956543,42,A04,cross-session,AdaBN
16,16,0,0.0004320280000058574,42,A04,cross-session,AdaBN
17,16,0,0.00041745500001866276,42,A04,cross-session,AdaBN
18,16,0,0.0004302349999818489,42,A04,cross-session,AdaBN
19,16,0,0.00043855000001258304,42,A04,cross-session,AdaBN
20,16,0,0.0004109570000139229,42,A04,cross-session,AdaBN
21,16,0,0.000427738000013278,42,A04,cross-session,AdaBN
22,16,1,0.00043971800002395867,42,A04,cross-session,AdaBN
23,16,1,0.0004256980000150179,42,A04,cross-session,AdaBN
24,16,1,0.00044946200000595127,42,A04,cross-session,AdaBN
25,16,1,0.0003631479999910425,42,A04,cross-session,AdaBN
26,16,1,0.0004350540000075398,42,A04,cross-session,AdaBN
27,16,0,0.00040190500001813234,42,A04,cross-session,AdaBN
28,16,0,0.00036635200001455814,42,A04,cross-session,AdaBN
29,16,1,0.0003628890000015872,42,A04,cross-session,AdaBN
30,16,0,0.0003601390000085303,42,A04,cross-session,AdaBN
31,16,1,0.00036604199999601406,42,A04,cross-session,AdaBN
32,16,1,0.0003663809999920886,42,A04,cross-session,AdaBN
33,16,0,0.0003631090000055792,42,A04,cross-session,AdaBN
34,16,1,0.0003762119999919378,42,A04,cross-session,AdaBN
35,16,0,0.00035791499999504595,42,A04,cross-session,AdaBN
36,16,1,0.00036695800000074996,42,A04,cross-session,AdaBN
37,16,1,0.0003602120000039122,42,A04,cross-session,AdaBN
38,16,0,0.00036094499998284846,42,A04,cross-session,AdaBN
39,16,1,0.0003612670000165963,42,A04,cross-session,AdaBN
40,16,0,0.0003670790000001034,42,A04,cross-session,AdaBN
41,16,1,0.0003996009999980288,42,A04,cross-session,AdaBN
42,16,1,0.00039460399997892637,42,A04,cross-session,AdaBN
43,16,1,0.00038351800000668845,42,A04,cross-session,AdaBN
44,16,1,0.00037897400000019843,42,A04,cross-session,AdaBN
45,16,1,0.00037869700000214834,42,A04,cross-session,AdaBN
46,16,0,0.0003733620000048177,42,A04,cross-session,AdaBN
47,16,1,0.0003750249999825428,42,A04,cross-session,AdaBN
48,16,1,0.00038811800001781194,42,A04,cross-session,AdaBN
49,16,1,0.0003568879999988894,42,A04,cross-session,AdaBN
50,16,1,0.00039339400001381364,42,A04,cross-session,AdaBN
51,16,1,0.00036161200000606186,42,A04,cross-session,AdaBN
52,16,1,0.0003783270000212724,42,A04,cross-session,AdaBN
53,16,0,0.0004023830000221551,42,A04,cross-session,AdaBN
54,16,0,0.0004134600000043065,42,A04,cross-session,AdaBN
55,16,1,0.0004128660000048967,42,A04,cross-session,AdaBN
56,16,0,0.00038221799999860195,42,A04,cross-session,AdaBN
57,16,0,0.00039417400000729685,42,A04,cross-session,AdaBN
58,16,0,0.00035579999999413303,42,A04,cross-session,AdaBN
59,16,1,0.0003639420000070004,42,A04,cross-session,AdaBN
60,16,0,0.00038660900000309084,42,A04,cross-session,AdaBN
61,16,1,0.0003642540000043937,42,A04,cross-session,AdaBN
62,16,0,0.0003646180000203003,42,A04,cross-session,AdaBN
63,16,1,0.0003567349999968883,42,A04,cross-session,AdaBN
64,16,1,0.0003976610000222536,42,A04,cross-session,AdaBN
65,16,0,0.00038085200000637087,42,A04,cross-session,AdaBN
66,16,1,0.0004166999999881682,42,A04,cross-session,AdaBN
67,16,0,0.00039740100001495193,42,A04,cross-session,AdaBN
68,16,1,0.0003712600000085331,42,A04,cross-session,AdaBN
69,16,1,0.00037827400001333444,42,A04,cross-session,AdaBN
70,16,0,0.0003613020000159395,42,A04,cross-session,AdaBN
71,16,1,0.0003663489999894409,42,A04,cross-session,AdaBN
72,16,0,0.00035256200001754223,42,A04,cross-session,AdaBN
73,16,0,0.000382593000011866,42,A04,cross-session,AdaBN
74,16,1,0.0003585729999997511,42,A04,cross-session,AdaBN
75,16,0,0.00036182100001269646,42,A04,cross-session,AdaBN
76,16,1,0.0003829810000013367,42,A04,cross-session,AdaBN
77,16,1,0.00036455800000112504,42,A04,cross-session,AdaBN
78,16,0,0.00039385799999536175,42,A04,cross-session,AdaBN
79,16,1,0.00036579199999664525,42,A04,cross-session,AdaBN
80,16,1,0.0003871170000024904,42,A04,cross-session,AdaBN
81,16,0,0.0003789569999810283,42,A04,cross-session,AdaBN
82,16,0,0.0003738700000042172,42,A04,cross-session,AdaBN
83,16,0,0.00040207700001815283,42,A04,cross-session,AdaBN
84,16,0,0.00036428699999646597,42,A04,cross-session,AdaBN
85,16,1,0.00037433699998246084,42,A04,cross-session,AdaBN
86,16,0,0.0003896220000001449,42,A04,cross-session,AdaBN
87,16,0,0.0003595100000097773,42,A04,cross-session,AdaBN
88,16,1,0.00037859599999023885,42,A04,cross-session,AdaBN
89,16,0,0.00034786599999847567,42,A04,cross-session,AdaBN
90,16,1,0.0003674669999895741,42,A04,cross-session,AdaBN
91,16,0,0.00041843500000027234,42,A04,cross-session,AdaBN
92,16,0,0.0003970740000056594,42,A04,cross-session,AdaBN
93,16,0,0.000379603999988376,42,A04,cross-session,AdaBN
94,16,1,0.0003637430000082986,42,A04,cross-session,AdaBN
95,16,0,0.0003652149999879839,42,A04,cross-session,AdaBN
96,16,0,0.0003797029999930146,42,A04,cross-session,AdaBN
97,16,1,0.0003565339999909156,42,A04,cross-session,AdaBN
98,16,1,0.0003652059999978974,42,A04,cross-session,AdaBN
99,16,0,0.00037578699999585297,42,A04,cross-session,AdaBN
100,16,1,0.00037123900000324284,42,A04,cross-session,AdaBN
101,16,1,0.0004110040000000481,42,A04,cross-session,AdaBN
102,16,0,0.0003596939999965798,42,A04,cross-session,AdaBN
103,16,1,0.000361026000007314,42,A04,cross-session,AdaBN
104,16,0,0.00039913599999863436,42,A04,cross-session,AdaBN
105,16,0,0.0003711659999794392,42,A04,cross-session,AdaBN
106,16,1,0.00038495599997645513,42,A04,cross-session,AdaBN
107,16,0,0.0003564540000127181,42,A04,cross-session,AdaBN
108,16,1,0.00036713599999416147,42,A04,cross-session,AdaBN
109,16,0,0.00036442000001102315,42,A04,cross-session,AdaBN
110,16,0,0.00036080399999605106,42,A04,cross-session,AdaBN
111,16,1,0.000371338999997306,42,A04,cross-session,AdaBN
112,16,0,0.0003809240000123282,42,A04,cross-session,AdaBN
113,16,0,0.000373764000016763,42,A04,cross-session,AdaBN
114,16,0,0.0003757290000123703,42,A04,cross-session,AdaBN
115,16,1,0.00036402800000701063,42,A04,cross-session,AdaBN
116,16,0,0.00039438900000732247,42,A04,cross-session,AdaBN
117,16,0,0.0003869459999918945,42,A04,cross-session,AdaBN
118,16,0,0.00036860800000226845,42,A04,cross-session,AdaBN
119,16,0,0.00039062300001546646,42,A04,cross-session,AdaBN
120,16,0,0.0003727019999928416,42,A04,cross-session,AdaBN
121,16,1,0.0003995300000099178,42,A04,cross-session,AdaBN
122,16,1,0.0003612319999888314,42,A04,cross-session,AdaBN
123,16,1,0.0003854720000049383,42,A04,cross-session,AdaBN
124,16,0,0.00038826799999469586,42,A04,cross-session,AdaBN
125,16,0,0.00036040999998476764,42,A04,cross-session,AdaBN
126,16,1,0.00038822800001980795,42,A04,cross-session,AdaBN
127,16,1,0.000389374000008047,42,A04,cross-session,AdaBN
128,16,1,0.0003587390000063806,42,A04,cross-session,AdaBN
129,16,1,0.0003710819999866999,42,A04,cross-session,AdaBN
130,16,0,0.0003596549999826948,42,A04,cross-session,AdaBN
131,16,0,0.00035390600001505845,42,A04,cross-session,AdaBN
132,16,0,0.00035643699999354794,42,A04,cross-session,AdaBN
133,16,0,0.0003634960000056253,42,A04,cross-session,AdaBN
134,16,1,0.00036115399998948305,42,A04,cross-session,AdaBN
135,16,1,0.0003542030000005525,42,A04,cross-session,AdaBN
136,16,1,0.0003596919999893089,42,A04,cross-session,AdaBN
137,16,0,0.0003615159999981188,42,A04,cross-session,AdaBN
138,16,1,0.0003815560000077767,42,A04,cross-session,AdaBN
139,16,1,0.000391343999979199,42,A04,cross-session,AdaBN
140,16,1,0.00035980900000254223,42,A04,cross-session,AdaBN
141,16,0,0.00035738700000820245,42,A04,cross-session,AdaBN
142,16,0,0.00037193900001852853,42,A04,cross-session,AdaBN
143,16,1,0.0003551819999927375,42,A04,cross-session,AdaBN
144,16,1,0.0004073030000029121,42,A04,cross-session,AdaBN
145,16,1,0.0003657660000158103,42,A04,cross-session,AdaBN
146,16,1,0.0003679950000048393,42,A04,cross-session,AdaBN
147,16,1,0.0003670099999908416,42,A04,cross-session,AdaBN
148,16,0,0.0003553679999868109,42,A04,cross-session,AdaBN
149,16,0,0.00037353700000153367,42,A04,cross-session,AdaBN
150,16,0,0.0003884319999940544,42,A04,cross-session,AdaBN
151,16,1,0.0003675240000120539,42,A04,cross-session,AdaBN
152,16,0,0.0003856470000016543,42,A04,cross-session,AdaBN
153,16,0,0.00036717099999350467,42,A04,cross-session,AdaBN
154,16,1,0.0003624299999955838,42,A04,cross-session,AdaBN
155,16,1,0.0003671869999948285,42,A04,cross-session,AdaBN
156,16,0,0.0003576789999897301,42,A04,cross-session,AdaBN
157,16,0,0.0003645419999998012,42,A04,cross-session,AdaBN
158,16,0,0.00035904899999650297,42,A04,cross-session,AdaBN
159,16,0,0.00037155999999072264,42,A04,cross-session,AdaBN
160,16,1,0.0003629670000009355,42,A04,cross-session,AdaBN
161,16,0,0.00037659799997413757,42,A04,cross-session,AdaBN
162,16,0,0.0003703810000104113,42,A04,cross-session,AdaBN
163,16,0,0.0003638029999990522,42,A04,cross-session,AdaBN
164,16,0,0.0003683010000088416,42,A04,cross-session,AdaBN
165,16,0,0.0003703779999852941,42,A04,cross-session,AdaBN
166,16,0,0.00036003399998207897,42,A04,cross-session,AdaBN
167,16,1,0.00037880000002132874,42,A04,cross-session,AdaBN
168,16,1,0.00036803899999426903,42,A04,cross-session,AdaBN
169,16,1,0.000369615000010981,42,A04,cross-session,AdaBN
170,16,0,0.000362225000003491,42,A04,cross-session,AdaBN
171,16,1,0.000363942999996425,42,A04,cross-session,AdaBN
172,16,0,0.00036885000000097534,42,A04,cross-session,AdaBN
173,16,1,0.0003844910000054824,42,A04,cross-session,AdaBN
174,16,0,0.00038815799999269984,42,A04,cross-session,AdaBN
175,16,1,0.0003628959999844028,42,A04,cross-session,AdaBN
176,16,1,0.00035795499999835556,42,A04,cross-session,AdaBN
177,16,0,0.0003621449999968718,42,A04,cross-session,AdaBN
178,16,0,0.0003524050000009993,42,A04,cross-session,AdaBN
179,16,0,0.00037602599999786435,42,A04,cross-session,AdaBN
180,16,1,0.00036931400001094516,42,A04,cross-session,AdaBN
181,16,0,0.00035334999998326566,42,A04,cross-session,AdaBN
182,16,0,0.0003597689999992326,42,A04,cross-session,AdaBN
183,16,1,0.0003520610000009583,42,A04,cross-session,AdaBN
184,16,1,0.000360216000018454,42,A04,cross-session,AdaBN
185,16,1,0.0003815309999879446,42,A04,cross-session,AdaBN
186,16,0,0.00037275100001465944,42,A04,cross-session,AdaBN
187,16,1,0.0003731239999922309,42,A04,cross-session,AdaBN
188,16,1,0.00035858199998983764,42,A04,cross-session,AdaBN
189,16,1,0.0003652530000124443,42,A04,cross-session,AdaBN
190,16,0,0.00036052000001518536,42,A04,cross-session,AdaBN
191,16,1,0.0003542379999998957,42,A04,cross-session,AdaBN
192,16,0,0.0003532200000222474,42,A04,cross-session,AdaBN
193,16,1,0.0003706630000124278,42,A04,cross-session,AdaBN
194,16,0,0.00035950000000184446,42,A04,cross-session,AdaBN
195,16,0,0.0003557199999875138,42,A04,cross-session,AdaBN
196,16,0,0.0003619029999981649,42,A04,cross-session,AdaBN
197,16,0,0.0003626869999777682,42,A04,cross-session,AdaBN
198,16,0,0.0003693220000116071,42,A04,cross-session,AdaBN
199,16,0,0.0003634939999983544,42,A04,cross-session,AdaBN
200,16,0,0.0003841770000008182,42,A04,cross-session,AdaBN
201,16,0,0.00037542699999448814,42,A04,cross-session,AdaBN
202,16,1,0.0003648670000018228,42,A04,cross-session,AdaBN
203,16,0,0.00038728199999127355,42,A04,cross-session,AdaBN
204,16,0,0.00036804000001211534,42,A04,cross-session,AdaBN
205,16,1,0.0003899760000081187,42,A04,cross-session,AdaBN
206,16,1,0.0003617059999783123,42,A04,cross-session,AdaBN
207,16,0,0.0003577660000075866,42,A04,cross-session,AdaBN
208,16,0,0.0003915830000096321,42,A04,cross-session,AdaBN
209,16,1,0.0003578600000082588,42,A04,cross-session,AdaBN
210,16,1,0.0003650049999919247,42,A04,cross-session,AdaBN
211,16,1,0.0003524050000009993,42,A04,cross-session,AdaBN
212,16,1,0.0003546640000138268,42,A04,cross-session,AdaBN
213,16,1,0.0003621939999902679,42,A04,cross-session,AdaBN
214,16,0,0.00035707699998965836,42,A04,cross-session,AdaBN
215,16,1,0.00035323200000902943,42,A04,cross-session,AdaBN
216,16,1,0.0003590229999872463,42,A04,cross-session,AdaBN
217,16,0,0.0003723849999914819,42,A04,cross-session,AdaBN
218,16,1,0.0003626179999969281,42,A04,cross-session,AdaBN
219,16,0,0.0003573809999863897,42,A04,cross-session,AdaBN
220,16,1,0.00035911699998791846,42,A04,cross-session,AdaBN
221,16,1,0.0003644820000090476,42,A04,cross-session,AdaBN
222,16,1,0.00036511500002234243,42,A04,cross-session,AdaBN
223,16,1,0.0003704430000084358,42,A04,cross-session,AdaBN
224,16,1,0.00035911300000179835,42,A04,cross-session,AdaBN
225,16,1,0.00036063199999603057,42,A04,cross-session,AdaBN
226,16,0,0.00035739300000159346,42,A04,cross-session,AdaBN
227,16,0,0.000368946999998343,42,A04,cross-session,AdaBN
228,16,1,0.00036041699999600496,42,A04,cross-session,AdaBN
229,16,1,0.0003516399999909936,42,A04,cross-session,AdaBN
230,16,0,0.00038633599999116086,42,A04,cross-session,AdaBN
231,16,0,0.0003607770000257915,42,A04,cross-session,AdaBN
232,16,1,0.00036168500000144377,42,A04,cross-session,AdaBN
233,16,1,0.0003940530000079434,42,A04,cross-session,AdaBN
234,16,0,0.000356493999987606,42,A04,cross-session,AdaBN
235,16,1,0.0003511529999968843,42,A04,cross-session,AdaBN
236,16,1,0.0003688259999989896,42,A04,cross-session,AdaBN
237,16,0,0.0003535740000017995,42,A04,cross-session,AdaBN
238,16,0,0.0003530170000090038,42,A04,cross-session,AdaBN
239,16,0,0.00035506700001519675,42,A04,cross-session,AdaBN
240,16,1,0.0003586620000248786,42,A04,cross-session,AdaBN
241,16,1,0.00035946200000580575,42,A04,cross-session,AdaBN
242,16,0,0.00037715799999205046,42,A04,cross-session,AdaBN
243,16,0,0.0003656359999979486,42,A04,cross-session,AdaBN
244,16,0,0.00035147699998105963,42,A04,cross-session,AdaBN
245,16,1,0.0003658020000045781,42,A04,cross-session,AdaBN
246,16,1,0.0003680599999995593,42,A04,cross-session,AdaBN
247,16,0,0.0003544900000065354,42,A04,cross-session,AdaBN
248,16,0,0.00037754699999936747,42,A04,cross-session,AdaBN
249,16,0,0.0003959480000048643,42,A04,cross-session,AdaBN
250,16,0,0.00038397200000872544,42,A04,cross-session,AdaBN
251,16,1,0.0003695719999825542,42,A04,cross-session,AdaBN
252,16,0,0.0003637970000056612,42,A04,cross-session,AdaBN
253,16,0,0.00035816299998714385,42,A04,cross-session,AdaBN
254,16,0,0.0003639090000149281,42,A04,cross-session,AdaBN
255,16,0,0.0003655650000098376,42,A04,cross-session,AdaBN
256,16,1,0.00037226700001724566,42,A04,cross-session,AdaBN
257,16,1,0.00035552500000335385,42,A04,cross-session,AdaBN
258,16,1,0.0003632359999983237,42,A04,cross-session,AdaBN
259,16,0,0.00040169199999695593,42,A04,cross-session,AdaBN
260,16,1,0.0003551879999861285,42,A04,cross-session,AdaBN
261,16,1,0.00037130600000523373,42,A04,cross-session,AdaBN
262,16,0,0.00036699099999282225,42,A04,cross-session,AdaBN
263,16,0,0.00036347599998975966,42,A04,cross-session,AdaBN
264,16,1,0.0003709140000012212,42,A04,cross-session,AdaBN
265,16,1,0.00038495300000818133,42,A04,cross-session,AdaBN
266,16,1,0.0003842039999994995,42,A04,cross-session,AdaBN
267,16,0,0.0003592319999938809,42,A04,cross-session,AdaBN
268,16,1,0.0003843690000167044,42,A04,cross-session,AdaBN
269,16,0,0.0003800230000194915,42,A04,cross-session,AdaBN
270,16,0,0.0003661249999993288,42,A04,cross-session,AdaBN
271,16,1,0.00036991300001432137,42,A04,cross-session,AdaBN
272,16,0,0.0003914099999917653,42,A04,cross-session,AdaBN
273,16,1,0.00036822399999891786,42,A04,cross-session,AdaBN
274,16,0,0.00039699200002019097,42,A04,cross-session,AdaBN
275,16,0,0.00038400799999749324,42,A04,cross-session,AdaBN
276,16,0,0.0004102909999801341,42,A04,cross-session,AdaBN
277,16,1,0.00036417200001892525,42,A04,cross-session,AdaBN
278,16,0,0.0003551469999933943,42,A04,cross-session,AdaBN
279,16,1,0.000374599999986458,42,A04,cross-session,AdaBN
280,16,0,0.00035352200001170786,42,A04,cross-session,AdaBN
281,16,1,0.00035865899999976136,42,A04,cross-session,AdaBN
282,16,0,0.00038109100000838225,42,A04,cross-session,AdaBN
283,16,0,0.0003624359999889748,42,A04,cross-session,AdaBN
284,16,1,0.0003587019999997665,42,A04,cross-session,AdaBN
285,16,0,0.00035506700001519675,42,A04,cross-session,AdaBN
286,16,0,0.00037090199998601747,42,A04,cross-session,AdaBN
287,16,1,0.00037297299999750066,42,A04,cross-session,AdaBN
0,1,1,0.001263538000017661,42,A05,cross-session,AdaBN
1,2,0,0.0011543599999868093,42,A05,cross-session,AdaBN
2,3,0,0.0011431730000026619,42,A05,cross-session,AdaBN
3,4,1,0.0011088300000210438,42,A05,cross-session,AdaBN
4,5,0,0.0010905739999884645,42,A05,cross-session,AdaBN
5,6,0,0.001092506999981424,42,A05,cross-session,AdaBN
6,7,1,0.0011159340000119755,42,A05,cross-session,AdaBN
7,8,0,0.0011163810000027752,42,A05,cross-session,AdaBN
8,9,1,0.00109004000000823,42,A05,cross-session,AdaBN
9,10,0,0.0011393030000022009,42,A05,cross-session,AdaBN
10,11,0,0.0011650040000006356,42,A05,cross-session,AdaBN
11,12,0,0.0010988260000033279,42,A05,cross-session,AdaBN
12,13,0,0.000996619000005694,42,A05,cross-session,AdaBN
13,14,0,0.0009893399999896246,42,A05,cross-session,AdaBN
14,15,0,0.0010062650000008944,42,A05,cross-session,AdaBN
15,16,0,0.0011492809999822384,42,A05,cross-session,AdaBN
16,16,0,0.0004980150000051253,42,A05,cross-session,AdaBN
17,16,0,0.0004395960000067589,42,A05,cross-session,AdaBN
18,16,0,0.0005411589999937405,42,A05,cross-session,AdaBN
19,16,0,0.000374918000005664,42,A05,cross-session,AdaBN
20,16,1,0.0003860650000149235,42,A05,cross-session,AdaBN
21,16,1,0.0003764960000012252,42,A05,cross-session,AdaBN
22,16,0,0.0003783619999921939,42,A05,cross-session,AdaBN
23,16,1,0.0003766049999853749,42,A05,cross-session,AdaBN
24,16,0,0.0003559009999776208,42,A05,cross-session,AdaBN
25,16,0,0.00037826999999879263,42,A05,cross-session,AdaBN
26,16,0,0.00034778699998128104,42,A05,cross-session,AdaBN
27,16,1,0.00041569600000457285,42,A05,cross-session,AdaBN
28,16,1,0.000396764000015537,42,A05,cross-session,AdaBN
29,16,0,0.0003854660000115473,42,A05,cross-session,AdaBN
30,16,0,0.0003884639999967021,42,A05,cross-session,AdaBN
31,16,0,0.00037120799999001974,42,A05,cross-session,AdaBN
32,16,0,0.0003543889999946259,42,A05,cross-session,AdaBN
33,16,0,0.0003705299999978706,42,A05,cross-session,AdaBN
34,16,1,0.0003509029999975155,42,A05,cross-session,AdaBN
35,16,0,0.00037874299999884897,42,A05,cross-session,AdaBN
36,16,0,0.0003482250000104159,42,A05,cross-session,AdaBN
37,16,0,0.0003509430000008251,42,A05,cross-session,AdaBN
38,16,0,0.0003808010000057038,42,A05,cross-session,AdaBN
39,16,0,0.00036147200000868906,42,A05,cross-session,AdaBN
40,16,0,0.00038716899999258203,42,A05,cross-session,AdaBN
41,16,0,0.00035868399999117173,42,A05,cross-session,AdaBN
42,16,0,0.0003587479999964671,42,A05,cross-session,AdaBN
43,16,1,0.00038232800000059797,42,A05,cross-session,AdaBN
44,16,0,0.00035309399999050584,42,A05,cross-session,AdaBN
45,16,1,0.0003768139999920095,42,A05,cross-session,AdaBN
46,16,0,0.00035552099998881204,42,A05,cross-session,AdaBN
47,16,0,0.0003623340000160624,42,A05,cross-session,AdaBN
48,16,0,0.0003767509999761387,42,A05,cross-session,AdaBN
49,16,0,0.00034890999998538064,42,A05,cross-session,AdaBN
50,16,1,0.0003798340000003009,42,A05,cross-session,AdaBN
51,16,0,0.0003578580000009879,42,A05,cross-session,AdaBN
52,16,0,0.0003539930000044933,42,A05,cross-session,AdaBN
53,16,1,0.00037423500000954846,42,A05,cross-session,AdaBN
54,16,0,0.00036055999999007327,42,A05,cross-session,AdaBN
55,16,1,0.0003673569999875781,42,A05,cross-session,AdaBN
56,16,0,0.00035468699999796627,42,A05,cross-session,AdaBN
57,16,0,0.00035583700000074714,42,A05,cross-session,AdaBN
58,16,0,0.00037156400000526446,42,A05,cross-session,AdaBN
59,16,0,0.0003558280000106606,42,A05,cross-session,AdaBN
60,16,0,0.0003976790000024266,42,A05,cross-session,AdaBN
61,16,0,0.0003453740000054495,42,A05,cross-session,AdaBN
62,16,1,0.0003566719999810175,42,A05,cross-session,AdaBN
63,16,0,0.0003654669999946236,42,A05,cross-session,AdaBN
64,16,0,0.00035091799998099305,42,A05,cross-session,AdaBN
65,16,1,0.00035112200001208294,42,A05,cross-session,AdaBN
66,16,0,0.00036484200001041245,42,A05,cross-session,AdaBN
67,16,0,0.0003896540000027926,42,A05,cross-session,AdaBN
68,16,0,0.00035597400000142443,42,A05,cross-session,AdaBN
69,16,0,0.0003550839999775235,42,A05,cross-session,AdaBN
70,16,0,0.00035256799998251154,42,A05,cross-session,AdaBN
71,16,0,0.0003740450000009332,42,A05,cross-session,AdaBN
72,16,1,0.00034236400000509093,42,A05,cross-session,AdaBN
73,16,1,0.0003639360000136094,42,A05,cross-session,AdaBN
74,16,0,0.00035518099997489117,42,A05,cross-session,AdaBN
75,16,0,0.0003555719999894791,42,A05,cross-session,AdaBN
76,16,1,0.00035475600000722807,42,A05,cross-session,AdaBN
77,16,1,0.0003504510000027494,42,A05,cross-session,AdaBN
78,16,1,0.00037689999999201973,42,A05,cross-session,AdaBN
79,16,0,0.0003881380000052559,42,A05,cross-session,AdaBN
80,16,1,0.0003969340000082866,42,A05,cross-session,AdaBN
81,16,1,0.00038387699999020697,42,A05,cross-session,AdaBN
82,16,0,0.00034317500001179724,42,A05,cross-session,AdaBN
83,16,0,0.00038720300000250063,42,A05,cross-session,AdaBN
84,16,0,0.00035221300001353484,42,A05,cross-session,AdaBN
85,16,1,0.0003479469999945195,42,A05,cross-session,AdaBN
86,16,1,0.0003572910000002594,42,A05,cross-session,AdaBN
87,16,0,0.00037268599999151775,42,A05,cross-session,AdaBN
88,16,0,0.0003648889999965377,42,A05,cross-session,AdaBN
89,16,1,0.00036997199998722863,42,A05,cross-session,AdaBN
90,16,1,0.0003479810000044381,42,A05,cross-session,AdaBN
91,16,0,0.0003580710000221643,42,A05,cross-session,AdaBN
92,16,1,0.00035615499999153144,42,A05,cross-session,AdaBN
93,16,0,0.00037785399999279434,42,A05,cross-session,AdaBN
94,16,0,0.0003503330000000915,42,A05,cross-session,AdaBN
95,16,0,0.00035637299998825256,42,A05,cross-session,AdaBN
96,16,0,0.00035598499999878186,42,A05,cross-session,AdaBN
97,16,1,0.0003707390000045052,42,A05,cross-session,AdaBN
98,16,1,0.0003683869999804301,42,A05,cross-session,AdaBN
99,16,0,0.00036582699999598844,42,A05,cross-session,AdaBN
100,16,0,0.0003760130000216577,42,A05,cross-session,AdaBN
101,16,0,0.00035436699999991106,42,A05,cross-session,AdaBN
102,16,0,0.0003728439999974853,42,A05,cross-session,AdaBN
103,16,0,0.0003729510000027858,42,A05,cross-session,AdaBN
104,16,0,0.0003485720000071524,42,A05,cross-session,AdaBN
105,16,0,0.0003545869999754814,42,A05,cross-session,AdaBN
106,16,0,0.0003854960000069241,42,A05,cross-session,AdaBN
107,16,1,0.00034961000000066633,42,A05,cross-session,AdaBN
108,16,0,0.0003761520000011842,42,A05,cross-session,AdaBN
109,16,0,0.00035833000001161963,42,A05,cross-session,AdaBN
110,16,1,0.0003542340000137756,42,A05,cross-session,AdaBN
111,16,1,0.0003632790000267505,42,A05,cross-session,AdaBN
112,16,0,0.000363313999997672,42,A05,cross-session,AdaBN
113,16,0,0.00038031299999374824,42,A05,cross-session,AdaBN
114,16,0,0.0003873980000150823,42,A05,cross-session,AdaBN
115,16,1,0.0003748100000109389,42,A05,cross-session,AdaBN
116,16,1,0.00037145000001714834,42,A05,cross-session,AdaBN
117,16,1,0.0003589179999892167,42,A05,cross-session,AdaBN
118,16,1,0.00042571299999849543,42,A05,cross-session,AdaBN
119,16,1,0.0003955880000034995,42,A05,cross-session,AdaBN
120,16,0,0.00037180900000066686,42,A05,cross-session,AdaBN
121,16,0,0.00036657599997624857,42,A05,cross-session,AdaBN
122,16,0,0.0003572939999969549,42,A05,cross-session,AdaBN
123,16,0,0.0003695460000017192,42,A05,cross-session,AdaBN
124,16,0,0.00036976399999844034,42,A05,cross-session,AdaBN
125,16,1,0.00036624800000595314,42,A05,cross-session,AdaBN
126,16,0,0.0003873980000150823,42,A05,cross-session,AdaBN
127,16,0,0.0003664079999907699,42,A05,cross-session,AdaBN
128,16,1,0.0003621159999909196,42,A05,cross-session,AdaBN
129,16,0,0.00038632300001495423,42,A05,cross-session,AdaBN
130,16,0,0.0003561419999869031,42,A05,cross-session,AdaBN
131,16,1,0.0003915959999858387,42,A05,cross-session,AdaBN
132,16,1,0.0003891339999881893,42,A05,cross-session,AdaBN
133,16,0,0.00034997500000599757,42,A05,cross-session,AdaBN
134,16,0,0.0003851529999963077,42,A05,cross-session,AdaBN
135,16,1,0.0003599790000237135,42,A05,cross-session,AdaBN
136,16,0,0.00039143500001159737,42,A05,cross-session,AdaBN
137,16,0,0.000425171000017599,42,A05,cross-session,AdaBN
138,16,0,0.0003799200000003111,42,A05,cross-session,AdaBN
139,16,1,0.00036139800002388256,42,A05,cross-session,AdaBN
140,16,0,0.0003590899999892372,42,A05,cross-session,AdaBN
141,16,0,0.000352098999996997,42,A05,cross-session,AdaBN
142,16,1,0.0003903840000134551,42,A05,cross-session,AdaBN
143,16,0,0.00035904200001368736,42,A05,cross-session,AdaBN
144,16,0,0.00038847900000860136,42,A05,cross-session,AdaBN
145,16,1,0.00036244500000748303,42,A05,cross-session,AdaBN
146,16,0,0.0003621790000067904,42,A05,cross-session,AdaBN
147,16,1,0.00037976699999831,42,A05,cross-session,AdaBN
148,16,0,0.0003723910000132946,42,A05,cross-session,AdaBN
149,16,0,0.0003698590000169588,42,A05,cross-session,AdaBN
150,16,0,0.0003872650000005251,42,A05,cross-session,AdaBN
151,16,0,0.00036407400000371126,42,A05,cross-session,AdaBN
152,16,0,0.00036948700000039025,42,A05,cross-session,AdaBN
153,16,1,0.0003591280000136976,42,A05,cross-session,AdaBN
154,16,0,0.0003557819999855383,42,A05,cross-session,AdaBN
155,16,0,0.00040142200001014317,42,A05,cross-session,AdaBN
156,16,0,0.000351955999974507,42,A05,cross-session,AdaBN
157,16,1,0.00039913999998475447,42,A05,cross-session,AdaBN
158,16,0,0.0003540950000058274,42,A05,cross-session,AdaBN
159,16,0,0.00038777800000389107,42,A05,cross-session,AdaBN
160,16,0,0.00036547199999859004,42,A05,cross-session,AdaBN
161,16,0,0.0003474819999951251,42,A05,cross-session,AdaBN
162,16,0,0.00035721499997976025,42,A05,cross-session,AdaBN
163,16,0,0.0003856719999930647,42,A05,cross-session,AdaBN
164,16,0,0.00036142799999083763,42,A05,cross-session,AdaBN
165,16,0,0.000363522000014882,42,A05,cross-session,AdaBN
166,16,0,0.0003813470000011421,42,A05,cross-session,AdaBN
167,16,0,0.000349732999978869,42,A05,cross-session,AdaBN
168,16,0,0.0003944759999967573,42,A05,cross-session,AdaBN
169,16,0,0.0003651819999959116,42,A05,cross-session,AdaBN
170,16,1,0.00038338300001328207,42,A05,cross-session,AdaBN
171,16,0,0.0003917630000103145,42,A05,cross-session,AdaBN
172,16,0,0.0003573029999870414,42,A05,cross-session,AdaBN
173,16,1,0.0003916600000195558,42,A05,cross-session,AdaBN
174,16,0,0.00038661000002093715,42,A05,cross-session,AdaBN
175,16,0,0.00035573299999214214,42,A05,cross-session,AdaBN
176,16,0,0.00036378199999376193,42,A05,cross-session,AdaBN
177,16,0,0.00038317299998880117,42,A05,cross-session,AdaBN
178,16,0,0.0003501589999928001,42,A05,cross-session,AdaBN
179,16,1,0.0003601839999873846,42,A05,cross-session,AdaBN
180,16,1,0.00036171400000739595,42,A05,cross-session,AdaBN
181,16,1,0.0003626360000055229,42,A05,cross-session,AdaBN
182,16,1,0.00039878799998405157,42,A05,cross-session,AdaBN
183,16,0,0.00035653800000545743,42,A05,cross-session,AdaBN
184,16,0,0.0003671460000020943,42,A05,cross-session,AdaBN
185,16,0,0.0003530759999819111,42,A05,cross-session,AdaBN
186,16,0,0.0003907159999982923,42,A05,cross-session,AdaBN
187,16,0,0.0003551959999867904,42,A05,cross-session,AdaBN
188,16,0,0.00035650800001008065,42,A05,cross-session,AdaBN
189,16,0,0.0003797419999784779,42,A05,cross-session,AdaBN
190,16,0,0.00035555599998815524,42,A05,cross-session,AdaBN
191,16,0,0.00036149900000737034,42,A05,cross-session,AdaBN
192,16,1,0.00035787699999900724,42,A05,cross-session,AdaBN
193,16,0,0.0003696519999891734,42,A05,cross-session,AdaBN
194,16,0,0.00037518799999247676,42,A05,cross-session,AdaBN
195,16,0,0.00034944499998346146,42,A05,cross-session,AdaBN
196,16,0,0.0003694320000136031,42,A05,cross-session,AdaBN
197,16,0,0.0003555360000007113,42,A05,cross-session,AdaBN
198,16,0,0.0003655019999939668,42,A05,cross-session,AdaBN
199,16,0,0.0003761499999939133,42,A05,cross-session,AdaBN
200,16,1,0.0003519960000062383,42,A05,cross-session,AdaBN
201,16,1,0.00040612300000475443,42,A05,cross-session,AdaBN
202,16,0,0.000411849000016673,42,A05,cross-session,AdaBN
203,16,1,0.0003785419999928763,42,A05,cross-session,AdaBN
204,16,0,0.000394093000011253,42,A05,cross-session,AdaBN
205,16,0,0.0003525150000029953,42,A05,cross-session,AdaBN
206,16,0,0.0003544430000204102,42,A05,cross-session,AdaBN
207,16,0,0.000373905999992985,42,A05,cross-session,AdaBN
208,16,0,0.0003539909999972224,42,A05,cross-session,AdaBN
209,16,1,0.0003751980000004096,42,A05,cross-session,AdaBN
210,16,1,0.0003598340000223743,42,A05,cross-session,AdaBN
211,16,0,0.00035647100000346654,42,A05,cross-session,AdaBN
212,16,0,0.0004327010000224618,42,A05,cross-session,AdaBN
213,16,0,0.0003661980000231324,42,A05,cross-session,AdaBN
214,16,0,0.00037684099999069076,42,A05,cross-session,AdaBN
215,16,0,0.00037008999998988656,42,A05,cross-session,AdaBN
216,16,1,0.00038703399999917565,42,A05,cross-session,AdaBN
217,16,0,0.00036773499999753767,42,A05,cross-session,AdaBN
218,16,0,0.0003778089999855183,42,A05,cross-session,AdaBN
219,16,1,0.0003603879999900528,42,A05,cross-session,AdaBN
220,16,0,0.000361900999990894,42,A05,cross-session,AdaBN
221,16,0,0.0003579729999785286,42,A05,cross-session,AdaBN
222,16,0,0.0003853180000135126,42,A05,cross-session,AdaBN
223,16,0,0.0003961310000022422,42,A05,cross-session,AdaBN
224,16,1,0.0003581830000030095,42,A05,cross-session,AdaBN
225,16,0,0.0003612670000165963,42,A05,cross-session,AdaBN
226,16,0,0.0003569190000121125,42,A05,cross-session,AdaBN
227,16,0,0.0003671099999849048,42,A05,cross-session,AdaBN
228,16,0,0.0003797720000022764,42,A05,cross-session,AdaBN
229,16,0,0.00036846099999365833,42,A05,cross-session,AdaBN
230,16,0,0.00036555099998736296,42,A05,cross-session,AdaBN
231,16,1,0.00034876699999131233,42,A05,cross-session,AdaBN
232,16,0,0.00037127100000589053,42,A05,cross-session,AdaBN
233,16,1,0.00036139899998488545,42,A05,cross-session,AdaBN
234,16,0,0.0003512929999942571,42,A05,cross-session,AdaBN
235,16,0,0.0003759010000123908,42,A05,cross-session,AdaBN
236,16,0,0.00038010099999041813,42,A05,cross-session,AdaBN
237,16,0,0.00038981999998100036,42,A05,cross-session,AdaBN
238,16,0,0.0003683139999850482,42,A05,cross-session,AdaBN
239,16,0,0.0003556549999927938,42,A05,cross-session,AdaBN
240,16,0,0.00040032300000802934,42,A05,cross-session,AdaBN
241,16,0,0.00035105999998563675,42,A05,cross-session,AdaBN
242,16,0,0.00043088199998919663,42,A05,cross-session,AdaBN
243,16,1,0.0003879969999900368,42,A05,cross-session,AdaBN
244,16,1,0.00035608600001069135,42,A05,cross-session,AdaBN
245,16,0,0.00037806099999215803,42,A05,cross-session,AdaBN
246,16,0,0.00036304200000358833,42,A05,cross-session,AdaBN
247,16,0,0.0003559950000067147,42,A05,cross-session,AdaBN
248,16,1,0.0003793109999890021,42,A05,cross-session,AdaBN
249,16,1,0.0003590160000044307,42,A05,cross-session,AdaBN
250,16,0,0.0003799730000082491,42,A05,cross-session,AdaBN
251,16,0,0.0003677899999843248,42,A05,cross-session,AdaBN
252,16,0,0.0003448180000020784,42,A05,cross-session,AdaBN
253,16,0,0.00035313399999381545,42,A05,cross-session,AdaBN
254,16,0,0.00036118099998816433,42,A05,cross-session,AdaBN
255,16,0,0.0003562169999895559,42,A05,cross-session,AdaBN
256,16,0,0.0003564280000034614,42,A05,cross-session,AdaBN
257,16,0,0.00035078499999485757,42,A05,cross-session,AdaBN
258,16,0,0.00035214299998642673,42,A05,cross-session,AdaBN
259,16,1,0.00036488599999984217,42,A05,cross-session,AdaBN
260,16,1,0.0003502570000080141,42,A05,cross-session,AdaBN
261,16,0,0.0003795180000167875,42,A05,cross-session,AdaBN
262,16,0,0.00035484900001847564,42,A05,cross-session,AdaBN
263,16,0,0.0003642240000090169,42,A05,cross-session,AdaBN
264,16,0,0.0003746730000102616,42,A05,cross-session,AdaBN
265,16,0,0.00036701799999150353,42,A05,cross-session,AdaBN
266,16,0,0.0003847729999790772,42,A05,cross-session,AdaBN
267,16,1,0.00036562300002174197,42,A05,cross-session,AdaBN
268,16,0,0.0003764260000025388,42,A05,cross-session,AdaBN
269,16,0,0.0003667230000132804,42,A05,cross-session,AdaBN
270,16,0,0.0003497350000145616,42,A05,cross-session,AdaBN
271,16,0,0.0003758069999832969,42,A05,cross-session,AdaBN
272,16,1,0.00036701700000207893,42,A05,cross-session,AdaBN
273,16,1,0.000354205999997248,42,A05,cross-session,AdaBN
274,16,0,0.00036747700002592865,42,A05,cross-session,AdaBN
275,16,1,0.00035474999998541534,42,A05,cross-session,AdaBN
276,16,0,0.0003548780000244278,42,A05,cross-session,AdaBN
277,16,0,0.00037593099997934587,42,A05,cross-session,AdaBN
278,16,0,0.0003848439999956099,42,A05,cross-session,AdaBN
279,16,0,0.00037968799998111535,42,A05,cross-session,AdaBN
280,16,0,0.00038197400002104587,42,A05,cross-session,AdaBN
281,16,0,0.0003590670000050977,42,A05,cross-session,AdaBN
282,16,1,0.0003777370000079827,42,A05,cross-session,AdaBN
283,16,0,0.00038390399998888824,42,A05,cross-session,AdaBN
284,16,0,0.0003602589999900374,42,A05,cross-session,AdaBN
285,16,1,0.00035805200002414495,42,A05,cross-session,AdaBN
286,16,0,0.00035360299997933,42,A05,cross-session,AdaBN
287,16,0,0.00036474600000246937,42,A05,cross-session,AdaBN
0,1,1,0.0006669910000027812,42,A06,cross-session,AdaBN
1,2,0,0.0006052440000132719,42,A06,cross-session,AdaBN
2,3,1,0.0005830190000040147,42,A06,cross-session,AdaBN
3,4,0,0.0005428130000098008,42,A06,cross-session,AdaBN
4,5,0,0.000544758999978967,42,A06,cross-session,AdaBN
5,6,1,0.0005840729999988525,42,A06,cross-session,AdaBN
6,7,1,0.0006290270000022247,42,A06,cross-session,AdaBN
7,8,0,0.0006005639999955292,42,A06,cross-session,AdaBN
8,9,0,0.0006032570000229498,42,A06,cross-session,AdaBN
9,10,1,0.0005896280000001752,42,A06,cross-session,AdaBN
10,11,1,0.0005798889999937273,42,A06,cross-session,AdaBN
11,12,0,0.0005599669999867274,42,A06,cross-session,AdaBN
12,13,1,0.0005560699999875851,42,A06,cross-session,AdaBN
13,14,1,0.0005427319999853353,42,A06,cross-session,AdaBN
14,15,0,0.0004271080000251004,42,A06,cross-session,AdaBN
15,16,0,0.00045005200001924095,42,A06,cross-session,AdaBN
16,16,1,0.0004160379999973429,42,A06,cross-session,AdaBN
17,16,1,0.00041745299998297014,42,A06,cross-session,AdaBN
18,16,0,0.00043327800000270145,42,A06,cross-session,AdaBN
19,16,1,0.00041144200000076125,42,A06,cross-session,AdaBN
20,16,0,0.00041590499998278574,42,A06,cross-session,AdaBN
21,16,1,0.0004127989999744841,42,A06,cross-session,AdaBN
22,16,0,0.00040703999999891494,42,A06,cross-session,AdaBN
23,16,0,0.00043841100000463484,42,A06,cross-session,AdaBN
24,16,0,0.00040704299999561044,42,A06,cross-session,AdaBN
25,16,1,0.00037609500000712615,42,A06,cross-session,AdaBN
26,16,0,0.0004050259999814898,42,A06,cross-session,AdaBN
27,16,0,0.0003643739999859008,42,A06,cross-session,AdaBN
28,16,0,0.00037289200000145684,42,A06,cross-session,AdaBN
29,16,0,0.0003560259999915161,42,A06,cross-session,AdaBN
30,16,0,0.0003835740000113219,42,A06,cross-session,AdaBN
31,16,1,0.0003682359999856999,42,A06,cross-session,AdaBN
32,16,0,0.0003530090000083419,42,A06,cross-session,AdaBN
33,16,1,0.0003729819999875872,42,A06,cross-session,AdaBN
34,16,0,0.0003607099999953789,42,A06,cross-session,AdaBN
35,16,1,0.00036135600001330204,42,A06,cross-session,AdaBN
36,16,1,0.0003597589999912998,42,A06,cross-session,AdaBN
37,16,1,0.0003583120000030249,42,A06,cross-session,AdaBN
38,16,1,0.0003630310000062309,42,A06,cross-session,AdaBN
39,16,1,0.0004089009999859172,42,A06,cross-session,AdaBN
40,16,0,0.0003632380000055946,42,A06,cross-session,AdaBN
41,16,0,0.00038063099998453254,42,A06,cross-session,AdaBN
42,16,0,0.000378218000008701,42,A06,cross-session,AdaBN
43,16,0,0.0003820309999866822,42,A06,cross-session,AdaBN
44,16,0,0.000389264000006051,42,A06,cross-session,AdaBN
45,16,0,0.00037760399999342553,42,A06,cross-session,AdaBN
46,16,0,0.000404809000002615,42,A06,cross-session,AdaBN
47,16,0,0.000371798999992734,42,A06,cross-session,AdaBN
48,16,0,0.0003984180000031756,42,A06,cross-session,AdaBN
49,16,0,0.0003754839999885462,42,A06,cross-session,AdaBN
50,16,0,0.00040057399999682275,42,A06,cross-session,AdaBN
51,16,1,0.0003685110000049008,42,A06,cross-session,AdaBN
52,16,0,0.00037447200000428893,42,A06,cross-session,AdaBN
53,16,1,0.00036311700000624114,42,A06,cross-session,AdaBN
54,16,1,0.00036625600000661507,42,A06,cross-session,AdaBN
55,16,0,0.00038978200001338337,42,A06,cross-session,AdaBN
56,16,1,0.0003611610000007204,42,A06,cross-session,AdaBN
57,16,0,0.0003744219999930465,42,A06,cross-session,AdaBN
58,16,0,0.0003526950000036777,42,A06,cross-session,AdaBN
59,16,0,0.00037050399998861394,42,A06,cross-session,AdaBN
60,16,1,0.000354730999987396,42,A06,cross-session,AdaBN
61,16,0,0.00039223799998922004,42,A06,cross-session,AdaBN
62,16,0,0.0004048039999986486,42,A06,cross-session,AdaBN
63,16,0,0.00037510699999643293,42,A06,cross-session,AdaBN
64,16,1,0.00037655700000982506,42,A06,cross-session,AdaBN
65,16,1,0.0003678900000068097,42,A06,cross-session,AdaBN
66,16,0,0.0003711939999959668,42,A06,cross-session,AdaBN
67,16,1,0.00034908999998606305,42,A06,cross-session,AdaBN
68,16,1,0.0003949690000126793,42,A06,cross-session,AdaBN
69,16,0,0.00035938700000315293,42,A06,cross-session,AdaBN
70,16,1,0.0003806870000175877,42,A06,cross-session,AdaBN
71,16,0,0.00036972600000240163,42,A06,cross-session,AdaBN
72,16,0,0.0003711290000012468,42,A06,cross-session,AdaBN
73,16,0,0.0003763939999998911,42,A06,cross-session,AdaBN
74,16,0,0.0003578010000069298,42,A06,cross-session,AdaBN
75,16,0,0.00037190800000530544,42,A06,cross-session,AdaBN
76,16,1,0.00035063199999285644,42,A06,cross-session,AdaBN
77,16,0,0.00038854899997886605,42,A06,cross-session,AdaBN
78,16,0,0.00036656999998285755,42,A06,cross-session,AdaBN
79,16,1,0.0003701779999971677,42,A06,cross-session,AdaBN
80,16,0,0.0003959869999903276,42,A06,cross-session,AdaBN
81,16,1,0.0003607069999986834,42,A06,cross-session,AdaBN
82,16,1,0.00038618300001758143,42,A06,cross-session,AdaBN
83,16,0,0.0003580389999910949,42,A06,cross-session,AdaBN
84,16,1,0.00036421199999381315,42,A06,cross-session,AdaBN
85,16,0,0.0004107880000105979,42,A06,cross-session,AdaBN
86,16,0,0.0003952850000246144,42,A06,cross-session,AdaBN
87,16,0,0.0003797380000207795,42,A06,cross-session,AdaBN
88,16,1,0.00036530699998138516,42,A06,cross-session,AdaBN
89,16,0,0.0003767060000257061,42,A06,cross-session,AdaBN
90,16,1,0.0003640799999971023,42,A06,cross-session,AdaBN
91,16,0,0.00038180100000317907,42,A06,cross-session,AdaBN
92,16,1,0.0003739439999890237,42,A06,cross-session,AdaBN
93,16,1,0.00035401299999193725,42,A06,cross-session,AdaBN
94,16,1,0.00039955100001520805,42,A06,cross-session,AdaBN
95,16,0,0.000368941000004952,42,A06,cross-session,AdaBN
96,16,1,0.0003892750000034084,42,A06,cross-session,AdaBN
97,16,0,0.0003610960000060004,42,A06,cross-session,AdaBN
98,16,0,0.0003545149999979458,42,A06,cross-session,AdaBN
99,16,0,0.00035605799999416377,42,A06,cross-session,AdaBN
100,16,1,0.00036748600001601517,42,A06,cross-session,AdaBN
101,16,0,0.00036295000001018707,42,A06,cross-session,AdaBN
102,16,1,0.00036930999999640335,42,A06,cross-session,AdaBN
103,16,0,0.0003626559999929668,42,A06,cross-session,AdaBN
104,16,0,0.00036522900001045855,42,A06,cross-session,AdaBN
105,16,1,0.00039561199997706353,42,A06,cross-session,AdaBN
106,16,1,0.00036456600000178696,42,A06,cross-session,AdaBN
107,16,0,0.0003697779999924933,42,A06,cross-session,AdaBN
108,16,1,0.00038338199999543576,42,A06,cross-session,AdaBN
109,16,1,0.0003878290000045581,42,A06,cross-session,AdaBN
110,16,0,0.00037116900000455644,42,A06,cross-session,AdaBN
111,16,1,0.0003680999999744472,42,A06,cross-session,AdaBN
112,16,0,0.00036991400000374597,42,A06,cross-session,AdaBN
113,16,1,0.00039990900000930196,42,A06,cross-session,AdaBN
114,16,0,0.0003641229999971074,42,A06,cross-session,AdaBN
115,16,1,0.0004021299999976691,42,A06,cross-session,AdaBN
116,16,1,0.00036737799999286835,42,A06,cross-session,AdaBN
117,16,1,0.0003721109999901273,42,A06,cross-session,AdaBN
118,16,1,0.0003678809999883015,42,A06,cross-session,AdaBN
119,16,0,0.0003565640000147141,42,A06,cross-session,AdaBN
120,16,0,0.00039602800001148353,42,A06,cross-session,AdaBN
121,16,0,0.0003653550000137784,42,A06,cross-session,AdaBN
122,16,0,0.000361700000013343,42,A06,cross-session,AdaBN
123,16,1,0.0003620080000246162,42,A06,cross-session,AdaBN
124,16,1,0.00035330100001829123,42,A06,cross-session,AdaBN
125,16,0,0.00036498000000051434,42,A06,cross-session,AdaBN
126,16,0,0.00038136899999585694,42,A06,cross-session,AdaBN
127,16,1,0.0003565680000008342,42,A06,cross-session,AdaBN
128,16,0,0.00038998000002266053,42,A06,cross-session,AdaBN
129,16,0,0.00035989099998801066,42,A06,cross-session,AdaBN
130,16,0,0.0003724240000053669,42,A06,cross-session,AdaBN
131,16,0,0.0003850550000095154,42,A06,cross-session,AdaBN
132,16,0,0.00038875800001392236,42,A06,cross-session,AdaBN
133,16,1,0.0003622629999995297,42,A06,cross-session,AdaBN
134,16,0,0.00035791700000231685,42,A06,cross-session,AdaBN
135,16,1,0.00036143899998819506,42,A06,cross-session,AdaBN
136,16,1,0.0003582140000162326,42,A06,cross-session,AdaBN
137,16,0,0.0003552539999986948,42,A06,cross-session,AdaBN
138,16,1,0.00036498900001902257,42,A06,cross-session,AdaBN
139,16,0,0.00035735400001613016,42,A06,cross-session,AdaBN
140,16,1,0.0003612680000060209,42,A06,cross-session,AdaBN
141,16,0,0.00038327000001459055,42,A06,cross-session,AdaBN
142,16,1,0.0003646460000084062,42,A06,cross-session,AdaBN
143,16,0,0.0004002469999875302,42,A06,cross-session,AdaBN
144,16,0,0.0003532580000182861,42,A06,cross-session,AdaBN
145,16,1,0.00038509300000555413,42,A06,cross-session,AdaBN
146,16,1,0.00036902200000099583,42,A06,cross-session,AdaBN
147,16,1,0.0003624950000187255,42,A06,cross-session,AdaBN
148,16,1,0.00038618900001097245,42,A06,cross-session,AdaBN
149,16,1,0.00039231499999914377,42,A06,cross-session,AdaBN
150,16,0,0.00036139700000603625,42,A06,cross-session,AdaBN
151,16,0,0.0004072670000141443,42,A06,cross-session,AdaBN
152,16,0,0.00036631899999406414,42,A06,cross-session,AdaBN
153,16,1,0.0003862129999845365,42,A06,cross-session,AdaBN
154,16,0,0.00036867599999368394,42,A06,cross-session,AdaBN
155,16,0,0.0003558950000126515,42,A06,cross-session,AdaBN
156,16,1,0.0003576480000049287,42,A06,cross-session,AdaBN
157,16,0,0.00038935199998491044,42,A06,cross-session,AdaBN
158,16,0,0.00035791400000562135,42,A06,cross-session,AdaBN
159,16,0,0.0003951049999955103,42,A06,cross-session,AdaBN
160,16,0,0.00037732699999537544,42,A06,cross-session,AdaBN
161,16,0,0.00037265799997499016,42,A06,cross-session,AdaBN
162,16,0,0.00039182199998322176,42,A06,cross-session,AdaBN
163,16,0,0.00038953700001798097,42,A06,cross-session,AdaBN
164,16,1,0.00036868000000822576,42,A06,cross-session,AdaBN
165,16,0,0.00038647700000637997,42,A06,cross-session,AdaBN
166,16,0,0.00036174999999616375,42,A06,cross-session,AdaBN
167,16,1,0.00036065500000859174,42,A06,cross-session,AdaBN
168,16,0,0.00036006400000587746,42,A06,cross-session,AdaBN
169,16,0,0.00036473299999784103,42,A06,cross-session,AdaBN
170,16,1,0.00038154099999587743,42,A06,cross-session,AdaBN
171,16,0,0.0003491829999973106,42,A06,cross-session,AdaBN
172,16,0,0.00038699899999983245,42,A06,cross-session,AdaBN
173,16,1,0.00035837299998320304,42,A06,cross-session,AdaBN
174,16,0,0.0004014730000108102,42,A06,cross-session,AdaBN
175,16,0,0.00039266699999984667,42,A06,cross-session,AdaBN
176,16,0,0.00038769500000057633,42,A06,cross-session,AdaBN
177,16,1,0.00036347500000033506,42,A06,cross-session,AdaBN
178,16,0,0.00035120599997640056,42,A06,cross-session,AdaBN
179,16,0,0.00037089700001047277,42,A06,cross-session,AdaBN
180,16,0,0.00036726999999814325,42,A06,cross-session,AdaBN
181,16,1,0.0003496960000006766,42,A06,cross-session,AdaBN
182,16,0,0.0003602219999834233,42,A06,cross-session,AdaBN
183,16,0,0.0003899620000140658,42,A06,cross-session,AdaBN
184,16,0,0.00037082599999394006,42,A06,cross-session,AdaBN
185,16,0,0.0004038540000124158,42,A06,cross-session,AdaBN
186,16,0,0.00037321600001405386,42,A06,cross-session,AdaBN
187,16,0,0.00038689100000510734,42,A06,cross-session,AdaBN
188,16,0,0.00038482099998304875,42,A06,cross-session,AdaBN
189,16,1,0.0003640130000235331,42,A06,cross-session,AdaBN
190,16,0,0.0003949350000027607,42,A06,cross-session,AdaBN
191,16,0,0.00036713399998689056,42,A06,cross-session,AdaBN
192,16,0,0.0003659470000059173,42,A06,cross-session,AdaBN
193,16,1,0.0003684179999936532,42,A06,cross-session,AdaBN
194,16,1,0.0003857909999851472,42,A06,cross-session,AdaBN
195,16,1,0.0003613020000159395,42,A06,cross-session,AdaBN
196,16,1,0.00036066100000198276,42,A06,cross-session,AdaBN
197,16,1,0.0003835309999828951,42,A06,cross-session,AdaBN
198,16,1,0.0003831890000185467,42,A06,cross-session,AdaBN
199,16,1,0.00036783600000944716,42,A06,cross-session,AdaBN
200,16,0,0.00037965100000292296,42,A06,cross-session,AdaBN
201,16,0,0.00037019100000179606,42,A06,cross-session,AdaBN
202,16,0,0.000358710999989853,42,A06,cross-session,AdaBN
203,16,1,0.00035981600001377956,42,A06,cross-session,AdaBN
204,16,1,0.00036720100001730316,42,A06,cross-session,AdaBN
205,16,0,0.0003891320000093401,42,A06,cross-session,AdaBN
206,16,1,0.0003845230000081301,42,A06,cross-session,AdaBN
207,16,0,0.0004077560000155245,42,A06,cross-session,AdaBN
208,16,0,0.0004009539999856315,42,A06,cross-session,AdaBN
209,16,0,0.00037135700000590077,42,A06,cross-session,AdaBN
210,16,0,0.0003919840000037311,42,A06,cross-session,AdaBN
211,16,1,0.0003677370000048086,42,A06,cross-session,AdaBN
212,16,0,0.0003805439999950977,42,A06,cross-session,AdaBN
213,16,1,0.00036617999998611594,42,A06,cross-session,AdaBN
214,16,0,0.0003686259999824415,42,A06,cross-session,AdaBN
215,16,0,0.00037321900001074937,42,A06,cross-session,AdaBN
216,16,1,0.00038229000000455926,42,A06,cross-session,AdaBN
217,16,1,0.0003541989999860107,42,A06,cross-session,AdaBN
218,16,1,0.00037507700000105615,42,A06,cross-session,AdaBN
219,16,1,0.0003578200000049492,42,A06,cross-session,AdaBN
220,16,0,0.00037825299997962247,42,A06,cross-session,AdaBN
221,16,0,0.00038002500002676243,42,A06,cross-session,AdaBN
222,16,0,0.0003668330000152764,42,A06,cross-session,AdaBN
223,16,0,0.0003674269999862645,42,A06,cross-session,AdaBN
224,16,1,0.00037085499999989224,42,A06,cross-session,AdaBN
225,16,0,0.0003549749999933738,42,A06,cross-session,AdaBN
226,16,1,0.0003638419999845155,42,A06,cross-session,AdaBN
227,16,0,0.00035243300001752687,42,A06,cross-session,AdaBN
228,16,1,0.0003592340000011518,42,A06,cross-session,AdaBN
229,16,0,0.0004169750000073691,42,A06,cross-session,AdaBN
230,16,0,0.0003713779999827693,42,A06,cross-session,AdaBN
231,16,0,0.00039627600000358143,42,A06,cross-session,AdaBN
232,16,0,0.00038150899999322974,42,A06,cross-session,AdaBN
233,16,0,0.00036409999998454623,42,A06,cross-session,AdaBN
234,16,1,0.00036622199999669647,42,A06,cross-session,AdaBN
235,16,1,0.00039129699999307377,42,A06,cross-session,AdaBN
236,16,0,0.0003695119999918006,42,A06,cross-session,AdaBN
237,16,1,0.0004143030000136605,42,A06,cross-session,AdaBN
238,16,0,0.0003629200000148103,42,A06,cross-session,AdaBN
239,16,1,0.0003884189999894261,42,A06,cross-session,AdaBN
240,16,0,0.00037208200001259684,42,A06,cross-session,AdaBN
241,16,1,0.0003545579999979509,42,A06,cross-session,AdaBN
242,16,1,0.0003692920000162303,42,A06,cross-session,AdaBN
243,16,0,0.0003799809999804893,42,A06,cross-session,AdaBN
244,16,0,0.00039105299998709597,42,A06,cross-session,AdaBN
245,16,0,0.00036568299998407383,42,A06,cross-session,AdaBN
246,16,0,0.00036958700002287515,42,A06,cross-session,AdaBN
247,16,0,0.0003729900000166708,42,A06,cross-session,AdaBN
248,16,0,0.0003791640000088137,42,A06,cross-session,AdaBN
249,16,0,0.0003843030000041381,42,A06,cross-session,AdaBN
250,16,1,0.0003608789999987039,42,A06,cross-session,AdaBN
251,16,0,0.00039210199997796735,42,A06,cross-session,AdaBN
252,16,0,0.00035544899998285473,42,A06,cross-session,AdaBN
253,16,0,0.0003735429999949247,42,A06,cross-session,AdaBN
254,16,0,0.0003741049999916868,42,A06,cross-session,AdaBN
255,16,0,0.000347314999999071,42,A06,cross-session,AdaBN
256,16,0,0.00039273299998399125,42,A06,cross-session,AdaBN
257,16,1,0.0003622199999995246,42,A06,cross-session,AdaBN
258,16,1,0.0003853979999917101,42,A06,cross-session,AdaBN
259,16,1,0.00038183300000582676,42,A06,cross-session,AdaBN
260,16,0,0.0003563550000080795,42,A06,cross-session,AdaBN
261,16,0,0.0003715519999900607,42,A06,cross-session,AdaBN
262,16,0,0.0003671489999987898,42,A06,cross-session,AdaBN
263,16,0,0.0003469210000162093,42,A06,cross-session,AdaBN
264,16,0,0.0003718289999881108,42,A06,cross-session,AdaBN
265,16,0,0.0004076939999890783,42,A06,cross-session,AdaBN
266,16,0,0.0003939549999927294,42,A06,cross-session,AdaBN
267,16,0,0.00038186099999393264,42,A06,cross-session,AdaBN
268,16,1,0.000372746000010693,42,A06,cross-session,AdaBN
269,16,1,0.00037163700000064637,42,A06,cross-session,AdaBN
270,16,1,0.00037184100000331455,42,A06,cross-session,AdaBN
271,16,1,0.00035588000000075226,42,A06,cross-session,AdaBN
272,16,1,0.00037156199999799355,42,A06,cross-session,AdaBN
273,16,0,0.00037317599998232254,42,A06,cross-session,AdaBN
274,16,1,0.0003523769999844717,42,A06,cross-session,AdaBN
275,16,0,0.0003622229999962201,42,A06,cross-session,AdaBN
276,16,0,0.0003705190000005132,42,A06,cross-session,AdaBN
277,16,0,0.00035971599999129467,42,A06,cross-session,AdaBN
278,16,0,0.00037317100000677783,42,A06,cross-session,AdaBN
279,16,0,0.00037339499999688996,42,A06,cross-session,AdaBN
280,16,0,0.00036101200001326106,42,A06,cross-session,AdaBN
281,16,0,0.0003603220000059082,42,A06,cross-session,AdaBN
282,16,0,0.0003790309999942565,42,A06,cross-session,AdaBN
283,16,0,0.00036304400001085924,42,A06,cross-session,AdaBN
284,16,1,0.00037870699998165946,42,A06,cross-session,AdaBN
285,16,1,0.00036513000000581997,42,A06,cross-session,AdaBN
286,16,1,0.00036294500000622065,42,A06,cross-session,AdaBN
287,16,0,0.0003680690000180675,42,A06,cross-session,AdaBN
0,1,0,0.0006743579999977101,42,A07,cross-session,AdaBN
1,2,0,0.0005727569999862681,42,A07,cross-session,AdaBN
2,3,1,0.0005941240000026937,42,A07,cross-session,AdaBN
3,4,0,0.0006009759999869857,42,A07,cross-session,AdaBN
4,5,0,0.0005091950000064571,42,A07,cross-session,AdaBN
5,6,1,0.0005622470000048452,42,A07,cross-session,AdaBN
6,7,1,0.0006272389999821826,42,A07,cross-session,AdaBN
7,8,0,0.0005954840000015338,42,A07,cross-session,AdaBN
8,9,0,0.0005970599999898241,42,A07,cross-session,AdaBN
9,10,1,0.0006031349999773283,42,A07,cross-session,AdaBN
10,11,0,0.0005759029999978793,42,A07,cross-session,AdaBN
11,12,0,0.000566321999997399,42,A07,cross-session,AdaBN
12,13,0,0.0005617799999981798,42,A07,cross-session,AdaBN
13,14,0,0.0005406770000035976,42,A07,cross-session,AdaBN
14,15,1,0.0004725139999948169,42,A07,cross-session,AdaBN
15,16,0,0.00043457699999294164,42,A07,cross-session,AdaBN
16,16,0,0.00042739900001720343,42,A07,cross-session,AdaBN
17,16,0,0.00045287000000371336,42,A07,cross-session,AdaBN
18,16,0,0.00043313500000863314,42,A07,cross-session,AdaBN
19,16,0,0.00042160300000659845,42,A07,cross-session,AdaBN
20,16,1,0.0004383229999973537,42,A07,cross-session,AdaBN
21,16,1,0.00042145800000525924,42,A07,cross-session,AdaBN
22,16,1,0.00043072099998653357,42,A07,cross-session,AdaBN
23,16,0,0.00043243299998607654,42,A07,cross-session,AdaBN
24,16,1,0.00042881699999952616,42,A07,cross-session,AdaBN
25,16,0,0.00036790200002201345,42,A07,cross-session,AdaBN
26,16,1,0.0003652469999906316,42,A07,cross-session,AdaBN
27,16,0,0.0003621099999975286,42,A07,cross-session,AdaBN
28,16,0,0.0003654559999972662,42,A07,cross-session,AdaBN
29,16,0,0.00035070300000938914,42,A07,cross-session,AdaBN
30,16,1,0.00035531099999275284,42,A07,cross-session,AdaBN
31,16,0,0.00036194599999817,42,A07,cross-session,AdaBN
32,16,1,0.0003539559999978792,42,A07,cross-session,AdaBN
33,16,0,0.0003689360000009856,42,A07,cross-session,AdaBN
34,16,1,0.00038330500001393375,42,A07,cross-session,AdaBN
35,16,1,0.0003674900000021353,42,A07,cross-session,AdaBN
36,16,1,0.0003939440000237937,42,A07,cross-session,AdaBN
37,16,1,0.00035949400000845344,42,A07,cross-session,AdaBN
38,16,0,0.0004086520000043947,42,A07,cross-session,AdaBN
39,16,0,0.0004144540000083907,42,A07,cross-session,AdaBN
40,16,1,0.0003643960000090374,42,A07,cross-session,AdaBN
41,16,0,0.00040940499999919666,42,A07,cross-session,AdaBN
42,16,0,0.00038619599999378806,42,A07,cross-session,AdaBN
43,16,0,0.0003875089999780812,42,A07,cross-session,AdaBN
44,16,0,0.00037211999998021383,42,A07,cross-session,AdaBN
45,16,0,0.00038734599999656893,42,A07,cross-session,AdaBN
46,16,1,0.00036280100002272775,42,A07,cross-session,AdaBN
47,16,1,0.0003791350000028615,42,A07,cross-session,AdaBN
48,16,0,0.00038685800001303505,42,A07,cross-session,AdaBN
49,16,0,0.00035303300001032767,42,A07,cross-session,AdaBN
50,16,0,0.0003948890000060601,42,A07,cross-session,AdaBN
51,16,0,0.00035935899998662535,42,A07,cross-session,AdaBN
52,16,0,0.00036720299999615236,42,A07,cross-session,AdaBN
53,16,1,0.00041038200001253244,42,A07,cross-session,AdaBN
54,16,0,0.00040433399999528774,42,A07,cross-session,AdaBN
55,16,0,0.0004014419999975871,42,A07,cross-session,AdaBN
56,16,0,0.0003876430000104847,42,A07,cross-session,AdaBN
57,16,0,0.0003734410000220123,42,A07,cross-session,AdaBN
58,16,0,0.0003987229999893316,42,A07,cross-session,AdaBN
59,16,1,0.00039462899999875845,42,A07,cross-session,AdaBN
60,16,0,0.0003566320000061296,42,A07,cross-session,AdaBN
61,16,1,0.00039945500000726497,42,A07,cross-session,AdaBN
62,16,0,0.0004003030000205854,42,A07,cross-session,AdaBN
63,16,0,0.00042469699999969635,42,A07,cross-session,AdaBN
64,16,0,0.000431394000003138,42,A07,cross-session,AdaBN
65,16,1,0.0003844069999843214,42,A07,cross-session,AdaBN
66,16,0,0.00037866099998495883,42,A07,cross-session,AdaBN
67,16,1,0.00037880300001802425,42,A07,cross-session,AdaBN
68,16,1,0.00038795699998672717,42,A07,cross-session,AdaBN
69,16,1,0.0004050269999993361,42,A07,cross-session,AdaBN
70,16,1,0.00036863999997649444,42,A07,cross-session,AdaBN
71,16,0,0.0004061200000080589,42,A07,cross-session,AdaBN
72,16,0,0.0003720610000073066,42,A07,cross-session,AdaBN
73,16,1,0.00040862100001959334,42,A07,cross-session,AdaBN
74,16,1,0.0003583270000149241,42,A07,cross-session,AdaBN
75,16,0,0.0003912340000056247,42,A07,cross-session,AdaBN
76,16,1,0.00036164400000870955,42,A07,cross-session,AdaBN
77,16,0,0.00039716500000963606,42,A07,cross-session,AdaBN
78,16,1,0.0004312499999912234,42,A07,cross-session,AdaBN
79,16,1,0.0003729590000034477,42,A07,cross-session,AdaBN
80,16,0,0.0004369149999945421,42,A07,cross-session,AdaBN
81,16,0,0.000397102000022187,42,A07,cross-session,AdaBN
82,16,0,0.00038450399998168905,42,A07,cross-session,AdaBN
83,16,1,0.0003665790000013658,42,A07,cross-session,AdaBN
84,16,1,0.00039951000002247383,42,A07,cross-session,AdaBN
85,16,0,0.0004100090000065393,42,A07,cross-session,AdaBN
86,16,1,0.00036453299998129296,42,A07,cross-session,AdaBN
87,16,1,0.00040278999998122345,42,A07,cross-session,AdaBN
88,16,1,0.0003623910000101205,42,A07,cross-session,AdaBN
89,16,0,0.00038692800001172145,42,A07,cross-session,AdaBN
90,16,0,0.00038123999999584157,42,A07,cross-session,AdaBN
91,16,0,0.0003605420000099002,42,A07,cross-session,AdaBN
92,16,0,0.00038696900000445567,42,A07,cross-session,AdaBN
93,16,0,0.0003938389999973424,42,A07,cross-session,AdaBN
94,16,0,0.0003613049999842133,42,A07,cross-session,AdaBN
95,16,0,0.0004102639999814528,42,A07,cross-session,AdaBN
96,16,1,0.0003608499999927517,42,A07,cross-session,AdaBN
97,16,0,0.0003662720000079389,42,A07,cross-session,AdaBN
98,16,0,0.00039417700000399236,42,A07,cross-session,AdaBN
99,16,0,0.00035590400000273803,42,A07,cross-session,AdaBN
100,16,0,0.00048786199999995006,42,A07,cross-session,AdaBN
101,16,1,0.00037387599999760823,42,A07,cross-session,AdaBN
102,16,0,0.00039220899998326786,42,A07,cross-session,AdaBN
103,16,1,0.0003774959999987004,42,A07,cross-session,AdaBN
104,16,0,0.0003564589999882628,42,A07,cross-session,AdaBN
105,16,0,0.0003974290000030578,42,A07,cross-session,AdaBN
106,16,0,0.0003856749999897602,42,A07,cross-session,AdaBN
107,16,0,0.00035749200000623205,42,A07,cross-session,AdaBN
108,16,0,0.0003894440000067334,42,A07,cross-session,AdaBN
109,16,1,0.00036934300001689735,42,A07,cross-session,AdaBN
110,16,0,0.0003714300000012827,42,A07,cross-session,AdaBN
111,16,0,0.0003872579999892878,42,A07,cross-session,AdaBN
112,16,0,0.00038832900000329573,42,A07,cross-session,AdaBN
113,16,1,0.00039438300001393145,42,A07,cross-session,AdaBN
114,16,0,0.00037289899998427245,42,A07,cross-session,AdaBN
115,16,0,0.00042286999999419095,42,A07,cross-session,AdaBN
116,16,0,0.00040894599999319325,42,A07,cross-session,AdaBN
117,16,1,0.00036931899998648987,42,A07,cross-session,AdaBN
118,16,0,0.00037873499999818705,42,A07,cross-session,AdaBN
119,16,0,0.00037627400001838396,42,A07,cross-session,AdaBN
120,16,0,0.0003776199999947494,42,A07,cross-session,AdaBN
121,16,1,0.0003956710000068142,42,A07,cross-session,AdaBN
122,16,0,0.0003760479999925792,42,A07,cross-session,AdaBN
123,16,1,0.0003748059999963971,42,A07,cross-session,AdaBN
124,16,0,0.00037370600000485865,42,A07,cross-session,AdaBN
125,16,0,0.0003667520000192326,42,A07,cross-session,AdaBN
126,16,0,0.0003855079999937061,42,A07,cross-session,AdaBN
127,16,1,0.0003849370000068575,42,A07,cross-session,AdaBN
128,16,0,0.0003742160000115291,42,A07,cross-session,AdaBN
129,16,1,0.0003926709999859668,42,A07,cross-session,AdaBN
130,16,1,0.0003691949999904409,42,A07,cross-session,AdaBN
131,16,0,0.0003895849999935308,42,A07,cross-session,AdaBN
132,16,1,0.00036900099999570557,42,A07,cross-session,AdaBN
133,16,0,0.00036905600001091443,42,A07,cross-session,AdaBN
134,16,1,0.00040872599998920123,42,A07,cross-session,AdaBN
135,16,1,0.0003683899999771256,42,A07,cross-session,AdaBN
136,16,1,0.00039501300000210904,42,A07,cross-session,AdaBN
137,16,0,0.0003804450000188808,42,A07,cross-session,AdaBN
138,16,0,0.00039311800000518815,42,A07,cross-session,AdaBN
139,16,1,0.0003874809999899753,42,A07,cross-session,AdaBN
140,16,0,0.0003594190000058006,42,A07,cross-session,AdaBN
141,16,0,0.00035844500001758206,42,A07,cross-session,AdaBN
142,16,0,0.00038600800002086544,42,A07,cross-session,AdaBN
143,16,0,0.00036787400000548587,42,A07,cross-session,AdaBN
144,16,1,0.000369634999998425,42,A07,cross-session,AdaBN
145,16,1,0.0003658189999953265,42,A07,cross-session,AdaBN
146,16,0,0.0003606340000033015,42,A07,cross-session,AdaBN
147,16,1,0.0003747110000063003,42,A07,cross-session,AdaBN
148,16,0,0.0003779179999980897,42,A07,cross-session,AdaBN
149,16,1,0.0004293169999982638,42,A07,cross-session,AdaBN
150,16,0,0.0004148679999786964,42,A07,cross-session,AdaBN
151,16,0,0.0003674950000061017,42,A07,cross-session,AdaBN
152,16,0,0.0003775309999980436,42,A07,cross-session,AdaBN
153,16,1,0.0003654519999827244,42,A07,cross-session,AdaBN
154,16,1,0.00037261100001728664,42,A07,cross-session,AdaBN
155,16,1,0.0003717269999867767,42,A07,cross-session,AdaBN
156,16,0,0.0003589099999885548,42,A07,cross-session,AdaBN
157,16,0,0.00037012799998592527,42,A07,cross-session,AdaBN
158,16,0,0.0003669099999967784,42,A07,cross-session,AdaBN
159,16,1,0.0004132450000042809,42,A07,cross-session,AdaBN
160,16,1,0.000383473999988837,42,A07,cross-session,AdaBN
161,16,0,0.00039361000000326385,42,A07,cross-session,AdaBN
162,16,1,0.00035837500001889566,42,A07,cross-session,AdaBN
163,16,1,0.0004370869999945626,42,A07,cross-session,AdaBN
164,16,0,0.0003722160000165786,42,A07,cross-session,AdaBN
165,16,0,0.00037985400001616654,42,A07,cross-session,AdaBN
166,16,1,0.0003628899999910118,42,A07,cross-session,AdaBN
167,16,0,0.0003652549999912935,42,A07,cross-session,AdaBN
168,16,1,0.00037170299998479095,42,A07,cross-session,AdaBN
169,16,1,0.0003610290000040095,42,A07,cross-session,AdaBN
170,16,0,0.00038559800000825817,42,A07,cross-session,AdaBN
171,16,0,0.00041470700000445504,42,A07,cross-session,AdaBN
172,16,0,0.0003729820000160089,42,A07,cross-session,AdaBN
173,16,0,0.00038693100000841696,42,A07,cross-session,AdaBN
174,16,0,0.0003727790000027653,42,A07,cross-session,AdaBN
175,16,1,0.00036488500001041757,42,A07,cross-session,AdaBN
176,16,1,0.0003662720000079389,42,A07,cross-session,AdaBN
177,16,0,0.0003668059999881734,42,A07,cross-session,AdaBN
178,16,0,0.00037891300002002026,42,A07,cross-session,AdaBN
179,16,1,0.00038527699999235665,42,A07,cross-session,AdaBN
180,16,1,0.00036293900001282964,42,A07,cross-session,AdaBN
181,16,0,0.00040715100001875726,42,A07,cross-session,AdaBN
182,16,0,0.00038612500000567707,42,A07,cross-session,AdaBN
183,16,0,0.00037184699999670556,42,A07,cross-session,AdaBN
184,16,0,0.00036962800001560936,42,A07,cross-session,AdaBN
185,16,1,0.00036729999999352003,42,A07,cross-session,AdaBN
186,16,0,0.00038104700001895253,42,A07,cross-session,AdaBN
187,16,0,0.0003753089999918302,42,A07,cross-session,AdaBN
188,16,0,0.0003663330000165388,42,A07,cross-session,AdaBN
189,16,0,0.0003877179999847158,42,A07,cross-session,AdaBN
190,16,1,0.00036045499999204367,42,A07,cross-session,AdaBN
191,16,0,0.0003756180000209497,42,A07,cross-session,AdaBN
192,16,0,0.0004014680000068438,42,A07,cross-session,AdaBN
193,16,1,0.00039755400001695307,42,A07,cross-session,AdaBN
194,16,1,0.00042199199998549375,42,A07,cross-session,AdaBN
195,16,0,0.00037074799999459174,42,A07,cross-session,AdaBN
196,16,1,0.00037205800001061107,42,A07,cross-session,AdaBN
197,16,0,0.00037247299999876304,42,A07,cross-session,AdaBN
198,16,0,0.00039884299999926043,42,A07,cross-session,AdaBN
199,16,0,0.00038642700002355923,42,A07,cross-session,AdaBN
200,16,1,0.0003619869999909042,42,A07,cross-session,AdaBN
201,16,0,0.0003647199999932127,42,A07,cross-session,AdaBN
202,16,0,0.00036998299998458606,42,A07,cross-session,AdaBN
203,16,1,0.00036136800000008407,42,A07,cross-session,AdaBN
204,16,1,0.0003751579999971,42,A07,cross-session,AdaBN
205,16,1,0.0004040350000025228,42,A07,cross-session,AdaBN
206,16,0,0.0003585930000156168,42,A07,cross-session,AdaBN
207,16,0,0.00038266900000394344,42,A07,cross-session,AdaBN
208,16,0,0.000360318999980791,42,A07,cross-session,AdaBN
209,16,1,0.0003743919999976697,42,A07,cross-session,AdaBN
210,16,0,0.0003779120000046987,42,A07,cross-session,AdaBN
211,16,0,0.00036544300002105956,42,A07,cross-session,AdaBN
212,16,0,0.0003579650000062884,42,A07,cross-session,AdaBN
213,16,0,0.00036455799997270333,42,A07,cross-session,AdaBN
214,16,1,0.0003659839999841097,42,A07,cross-session,AdaBN
215,16,1,0.00036765400000149384,42,A07,cross-session,AdaBN
216,16,1,0.00037510500001758373,42,A07,cross-session,AdaBN
217,16,0,0.0003703720000203248,42,A07,cross-session,AdaBN
218,16,0,0.0003853589999778251,42,A07,cross-session,AdaBN
219,16,0,0.0003724579999868638,42,A07,cross-session,AdaBN
220,16,0,0.0004010810000067977,42,A07,cross-session,AdaBN
221,16,0,0.0003622870000015155,42,A07,cross-session,AdaBN
222,16,0,0.00040602900000408226,42,A07,cross-session,AdaBN
223,16,0,0.0004028330000096503,42,A07,cross-session,AdaBN
224,16,0,0.00037895299999490817,42,A07,cross-session,AdaBN
225,16,0,0.0003853259999857528,42,A07,cross-session,AdaBN
226,16,0,0.00042123499997615,42,A07,cross-session,AdaBN
227,16,0,0.0004088489999958256,42,A07,cross-session,AdaBN
228,16,0,0.00041541800001709817,42,A07,cross-session,AdaBN
229,16,0,0.0003644000000235792,42,A07,cross-session,AdaBN
230,16,1,0.0003626449999956094,42,A07,cross-session,AdaBN
231,16,0,0.0003705930000137414,42,A07,cross-session,AdaBN
232,16,0,0.00037666200000785466,42,A07,cross-session,AdaBN
233,16,0,0.00036191899999948873,42,A07,cross-session,AdaBN
234,16,0,0.00036502500000779037,42,A07,cross-session,AdaBN
235,16,0,0.00036689099999875907,42,A07,cross-session,AdaBN
236,16,0,0.00038194199998997647,42,A07,cross-session,AdaBN
237,16,1,0.00040173299998969014,42,A07,cross-session,AdaBN
238,16,0,0.0004174330000239479,42,A07,cross-session,AdaBN
239,16,0,0.0004195749999951204,42,A07,cross-session,AdaBN
240,16,0,0.0003603309999959947,42,A07,cross-session,AdaBN
241,16,0,0.00037436799999568393,42,A07,cross-session,AdaBN
242,16,0,0.0003751650000083373,42,A07,cross-session,AdaBN
243,16,1,0.00035366899999189627,42,A07,cross-session,AdaBN
244,16,1,0.00039740700000834295,42,A07,cross-session,AdaBN
245,16,0,0.00037475899998185014,42,A07,cross-session,AdaBN
246,16,1,0.00035597300001199983,42,A07,cross-session,AdaBN
247,16,0,0.0003874370000005456,42,A07,cross-session,AdaBN
248,16,0,0.00035942400000976704,42,A07,cross-session,AdaBN
249,16,1,0.00041442299999516763,42,A07,cross-session,AdaBN
250,16,0,0.0003934910000111813,42,A07,cross-session,AdaBN
251,16,0,0.00036811699999361736,42,A07,cross-session,AdaBN
252,16,1,0.0003617240000153288,42,A07,cross-session,AdaBN
253,16,1,0.0003625020000015411,42,A07,cross-session,AdaBN
254,16,0,0.0003874109999912889,42,A07,cross-session,AdaBN
255,16,1,0.0003678879999995388,42,A07,cross-session,AdaBN
256,16,1,0.00037289900001269416,42,A07,cross-session,AdaBN
257,16,0,0.0003639100000043527,42,A07,cross-session,AdaBN
258,16,0,0.0003788519999829987,42,A07,cross-session,AdaBN
259,16,0,0.000376466999995273,42,A07,cross-session,AdaBN
260,16,1,0.00042539600002555744,42,A07,cross-session,AdaBN
261,16,0,0.00039343899999266796,42,A07,cross-session,AdaBN
262,16,0,0.00037677499997812447,42,A07,cross-session,AdaBN
263,16,0,0.00036635699999010285,42,A07,cross-session,AdaBN
264,16,1,0.00038053299999774026,42,A07,cross-session,AdaBN
265,16,1,0.00035679499998764186,42,A07,cross-session,AdaBN
266,16,0,0.0003647599999965223,42,A07,cross-session,AdaBN
267,16,1,0.0003619059999948604,42,A07,cross-session,AdaBN
268,16,1,0.0003807899999799247,42,A07,cross-session,AdaBN
269,16,0,0.00038668300001631906,42,A07,cross-session,AdaBN
270,16,0,0.0003559310000014193,42,A07,cross-session,AdaBN
271,16,0,0.00039621300001613236,42,A07,cross-session,AdaBN
272,16,0,0.00037895700000945,42,A07,cross-session,AdaBN
273,16,0,0.0003635889999884512,42,A07,cross-session,AdaBN
274,16,1,0.00038992000000348526,42,A07,cross-session,AdaBN
275,16,1,0.0004025160000082906,42,A07,cross-session,AdaBN
276,16,0,0.000375279999985878,42,A07,cross-session,AdaBN
277,16,0,0.00040050999999152737,42,A07,cross-session,AdaBN
278,16,0,0.00037282900001400776,42,A07,cross-session,AdaBN
279,16,0,0.0003652169999952548,42,A07,cross-session,AdaBN
280,16,0,0.0003704519999985223,42,A07,cross-session,AdaBN
281,16,0,0.0003820889999985866,42,A07,cross-session,AdaBN
282,16,1,0.0004313749999766969,42,A07,cross-session,AdaBN
283,16,0,0.00036963099998388316,42,A07,cross-session,AdaBN
284,16,1,0.00036375400000565605,42,A07,cross-session,AdaBN
285,16,0,0.0003903969999896617,42,A07,cross-session,AdaBN
286,16,0,0.00035605700000473917,42,A07,cross-session,AdaBN
287,16,0,0.000365629000015133,42,A07,cross-session,AdaBN
0,1,1,0.0006919509999931961,42,A08,cross-session,AdaBN
1,2,1,0.0006070880000095258,42,A08,cross-session,AdaBN
2,3,1,0.000573664999990342,42,A08,cross-session,AdaBN
3,4,0,0.0007744420000221908,42,A08,cross-session,AdaBN
4,5,1,0.0010735390000036205,42,A08,cross-session,AdaBN
5,6,0,0.0011401589999877615,42,A08,cross-session,AdaBN
6,7,1,0.001148628999999346,42,A08,cross-session,AdaBN
7,8,0,0.0011309059999859983,42,A08,cross-session,AdaBN
8,9,1,0.0010830580000060763,42,A08,cross-session,AdaBN
9,10,0,0.001112696000006963,42,A08,cross-session,AdaBN
10,11,0,0.0010795059999963996,42,A08,cross-session,AdaBN
11,12,1,0.0010492460000079973,42,A08,cross-session,AdaBN
12,13,1,0.0010393430000021908,42,A08,cross-session,AdaBN
13,14,1,0.0010510810000141646,42,A08,cross-session,AdaBN
14,15,0,0.0010608439999941766,42,A08,cross-session,AdaBN
15,16,1,0.0011480480000045645,42,A08,cross-session,AdaBN
16,16,1,0.0011596269999927244,42,A08,cross-session,AdaBN
17,16,1,0.0010997399999723712,42,A08,cross-session,AdaBN
18,16,1,0.0010134460000017498,42,A08,cross-session,AdaBN
19,16,0,0.0010364049999793679,42,A08,cross-session,AdaBN
20,16,0,0.0010520629999746234,42,A08,cross-session,AdaBN
21,16,1,0.001084350000013501,42,A08,cross-session,AdaBN
22,16,1,0.000997710000007146,42,A08,cross-session,AdaBN
23,16,0,0.0009939900000119906,42,A08,cross-session,AdaBN
24,16,1,0.0009848760000181755,42,A08,cross-session,AdaBN
25,16,1,0.0009929660000125295,42,A08,cross-session,AdaBN
26,16,0,0.00043162700001175835,42,A08,cross-session,AdaBN
27,16,0,0.0003763590000005479,42,A08,cross-session,AdaBN
28,16,0,0.00036495300000183306,42,A08,cross-session,AdaBN
29,16,0,0.0003726070000027448,42,A08,cross-session,AdaBN
30,16,1,0.00036153299998886723,42,A08,cross-session,AdaBN
31,16,1,0.0003942180000251483,42,A08,cross-session,AdaBN
32,16,1,0.0003944070000159172,42,A08,cross-session,AdaBN
33,16,1,0.00042663299998935145,42,A08,cross-session,AdaBN
34,16,1,0.0003679509999869879,42,A08,cross-session,AdaBN
35,16,1,0.0003908559999956651,42,A08,cross-session,AdaBN
36,16,1,0.00036231400000019676,42,A08,cross-session,AdaBN
37,16,1,0.00041868299999237024,42,A08,cross-session,AdaBN
38,16,1,0.00038784899999200206,42,A08,cross-session,AdaBN
39,16,1,0.0003991080000105285,42,A08,cross-session,AdaBN
40,16,1,0.00035929199998463446,42,A08,cross-session,AdaBN
41,16,1,0.00037381699999627926,42,A08,cross-session,AdaBN
42,16,0,0.00036089700000729863,42,A08,cross-session,AdaBN
43,16,0,0.00037700499999004933,42,A08,cross-session,AdaBN
44,16,1,0.00036062799998148876,42,A08,cross-session,AdaBN
45,16,1,0.0003781580000179474,42,A08,cross-session,AdaBN
46,16,1,0.00035070699999550925,42,A08,cross-session,AdaBN
47,16,1,0.00036223300000415293,42,A08,cross-session,AdaBN
48,16,1,0.00036097399998880064,42,A08,cross-session,AdaBN
49,16,1,0.0003479730000037762,42,A08,cross-session,AdaBN
50,16,1,0.0004411350000168568,42,A08,cross-session,AdaBN
51,16,1,0.0003681029999995644,42,A08,cross-session,AdaBN
52,16,1,0.0003817010000091159,42,A08,cross-session,AdaBN
53,16,1,0.00037135799999532537,42,A08,cross-session,AdaBN
54,16,1,0.0003690849999884449,42,A08,cross-session,AdaBN
55,16,1,0.00035235699999702774,42,A08,cross-session,AdaBN
56,16,0,0.00039434799998616654,42,A08,cross-session,AdaBN
57,16,1,0.00036172000000078697,42,A08,cross-session,AdaBN
58,16,1,0.0003626440000061848,42,A08,cross-session,AdaBN
59,16,0,0.0003557919999934711,42,A08,cross-session,AdaBN
60,16,0,0.0003848059999995712,42,A08,cross-session,AdaBN
61,16,1,0.0003794479999896794,42,A08,cross-session,AdaBN
62,16,1,0.0003574489999778052,42,A08,cross-session,AdaBN
63,16,1,0.00037131199999862474,42,A08,cross-session,AdaBN
64,16,1,0.00035108500000546883,42,A08,cross-session,AdaBN
65,16,1,0.0003844820000153959,42,A08,cross-session,AdaBN
66,16,1,0.0003573379999863846,42,A08,cross-session,AdaBN
67,16,1,0.00039592400000287853,42,A08,cross-session,AdaBN
68,16,1,0.0003525179999996908,42,A08,cross-session,AdaBN
69,16,1,0.00040736799999763207,42,A08,cross-session,AdaBN
70,16,1,0.00035890600000243467,42,A08,cross-session,AdaBN
71,16,1,0.0003918389999739702,42,A08,cross-session,AdaBN
72,16,1,0.0003505100000040784,42,A08,cross-session,AdaBN
73,16,1,0.00038808300001846874,42,A08,cross-session,AdaBN
74,16,1,0.0003495630000145411,42,A08,cross-session,AdaBN
75,16,1,0.00037431000001220127,42,A08,cross-session,AdaBN
76,16,1,0.0003538639999760562,42,A08,cross-session,AdaBN
77,16,1,0.00036835299999893323,42,A08,cross-session,AdaBN
78,16,1,0.0003820150000137801,42,A08,cross-session,AdaBN
79,16,0,0.00037380400002007264,42,A08,cross-session,AdaBN
80,16,1,0.00036716799999680916,42,A08,cross-session,AdaBN
81,16,1,0.00037366799998039824,42,A08,cross-session,AdaBN
82,16,1,0.0003921119999859002,42,A08,cross-session,AdaBN
83,16,0,0.0003570860000081666,42,A08,cross-session,AdaBN
84,16,1,0.0003882510000039474,42,A08,cross-session,AdaBN
85,16,1,0.0003545879999933277,42,A08,cross-session,AdaBN
86,16,1,0.0003813959999945382,42,A08,cross-session,AdaBN
87,16,0,0.0004032699999925171,42,A08,cross-session,AdaBN
88,16,0,0.00038811900000723654,42,A08,cross-session,AdaBN
89,16,1,0.0003648989999760488,42,A08,cross-session,AdaBN
90,16,0,0.0003830340000092747,42,A08,cross-session,AdaBN
91,16,0,0.00035661900000150126,42,A08,cross-session,AdaBN
92,16,1,0.0003941500000053111,42,A08,cross-session,AdaBN
93,16,1,0.00036399900000105845,42,A08,cross-session,AdaBN
94,16,1,0.000368272999992314,42,A08,cross-session,AdaBN
95,16,1,0.0003662729999973635,42,A08,cross-session,AdaBN
96,16,1,0.0003532549999931689,42,A08,cross-session,AdaBN
97,16,0,0.00036956100001361847,42,A08,cross-session,AdaBN
98,16,1,0.00035721000000421554,42,A08,cross-session,AdaBN
99,16,1,0.0003628939999771319,42,A08,cross-session,AdaBN
100,16,1,0.00037988700000823883,42,A08,cross-session,AdaBN
101,16,0,0.00035422599998469195,42,A08,cross-session,AdaBN
102,16,1,0.0003647130000103971,42,A08,cross-session,AdaBN
103,16,1,0.0003675350000094113,42,A08,cross-session,AdaBN
104,16,1,0.0003918639999938023,42,A08,cross-session,AdaBN
105,16,1,0.00040096499998298896,42,A08,cross-session,AdaBN
106,16,1,0.000384731999986343,42,A08,cross-session,AdaBN
107,16,1,0.00040472899999599576,42,A08,cross-session,AdaBN
108,16,0,0.0003682010000147784,42,A08,cross-session,AdaBN
109,16,1,0.00036231000001407665,42,A08,cross-session,AdaBN
110,16,0,0.00036386400000765207,42,A08,cross-session,AdaBN
111,16,1,0.0003672570000219366,42,A08,cross-session,AdaBN
112,16,1,0.0004230659999961972,42,A08,cross-session,AdaBN
113,16,0,0.0003703470000004927,42,A08,cross-session,AdaBN
114,16,1,0.00036854300000754847,42,A08,cross-session,AdaBN
115,16,1,0.0003737300000068444,42,A08,cross-session,AdaBN
116,16,1,0.00039115899997455017,42,A08,cross-session,AdaBN
117,16,1,0.00037525400000504305,42,A08,cross-session,AdaBN
118,16,1,0.00035785099998975056,42,A08,cross-session,AdaBN
119,16,1,0.0003649709999820061,42,A08,cross-session,AdaBN
120,16,1,0.00036934099998120473,42,A08,cross-session,AdaBN
121,16,1,0.00036075600002050123,42,A08,cross-session,AdaBN
122,16,0,0.000369750999993812,42,A08,cross-session,AdaBN
123,16,1,0.0003672979999862491,42,A08,cross-session,AdaBN
124,16,0,0.0003755799999964893,42,A08,cross-session,AdaBN
125,16,1,0.0003772720000085883,42,A08,cross-session,AdaBN
126,16,1,0.00035509899998942274,42,A08,cross-session,AdaBN
127,16,1,0.0004109049999954095,42,A08,cross-session,AdaBN
128,16,0,0.00038098500002092806,42,A08,cross-session,AdaBN
129,16,1,0.00036646099999870785,42,A08,cross-session,AdaBN
130,16,0,0.0003858999999977186,42,A08,cross-session,AdaBN
131,16,0,0.0003733430000067983,42,A08,cross-session,AdaBN
132,16,1,0.0003661890000046242,42,A08,cross-session,AdaBN
133,16,1,0.0003628620000029059,42,A08,cross-session,AdaBN
134,16,1,0.00036122399998816945,42,A08,cross-session,AdaBN
135,16,1,0.000388700000002018,42,A08,cross-session,AdaBN
136,16,1,0.00036976299998059403,42,A08,cross-session,AdaBN
137,16,0,0.00038306199999738055,42,A08,cross-session,AdaBN
138,16,0,0.00036375100000896055,42,A08,cross-session,AdaBN
139,16,1,0.0003748919999964073,42,A08,cross-session,AdaBN
140,16,0,0.0003710109999985889,42,A08,cross-session,AdaBN
141,16,0,0.0003720349999980499,42,A08,cross-session,AdaBN
142,16,1,0.0004547509999781596,42,A08,cross-session,AdaBN
143,16,1,0.0003742149999936828,42,A08,cross-session,AdaBN
144,16,0,0.0003682310000101552,42,A08,cross-session,AdaBN
145,16,1,0.00040021800000999974,42,A08,cross-session,AdaBN
146,16,0,0.00036227699999358265,42,A08,cross-session,AdaBN
147,16,1,0.000382164999990664,42,A08,cross-session,AdaBN
148,16,0,0.00041415000001165936,42,A08,cross-session,AdaBN
149,16,1,0.00038830899998743007,42,A08,cross-session,AdaBN
150,16,1,0.0003912379999917448,42,A08,cross-session,AdaBN
151,16,1,0.0003941479999980402,42,A08,cross-session,AdaBN
152,16,1,0.0003799469999989924,42,A08,cross-session,AdaBN
153,16,1,0.0003817719999972269,42,A08,cross-session,AdaBN
154,16,1,0.0003653949999886663,42,A08,cross-session,AdaBN
155,16,1,0.0003827540000145291,42,A08,cross-session,AdaBN
156,16,0,0.0003557869999895047,42,A08,cross-session,AdaBN
157,16,0,0.0003624069999830226,42,A08,cross-session,AdaBN
158,16,1,0.0004005270000106975,42,A08,cross-session,AdaBN
159,16,0,0.0003598250000038661,42,A08,cross-session,AdaBN
160,16,1,0.00036902799999438685,42,A08,cross-session,AdaBN
161,16,1,0.0003723569999749543,42,A08,cross-session,AdaBN
162,16,1,0.0004085729999872001,42,A08,cross-session,AdaBN
163,16,0,0.0004075980000095569,42,A08,cross-session,AdaBN
164,16,0,0.0003761540000084551,42,A08,cross-session,AdaBN
165,16,1,0.00036729999999352003,42,A08,cross-session,AdaBN
166,16,0,0.0003835420000086742,42,A08,cross-session,AdaBN
167,16,1,0.00038502499998571693,42,A08,cross-session,AdaBN
168,16,1,0.00039780099999120466,42,A08,cross-session,AdaBN
169,16,1,0.00036305599999764127,42,A08,cross-session,AdaBN
170,16,1,0.0003825530000085564,42,A08,cross-session,AdaBN
171,16,0,0.0004552420000152324,42,A08,cross-session,AdaBN
172,16,1,0.00038643199999910394,42,A08,cross-session,AdaBN
173,16,1,0.0003790949999995519,42,A08,cross-session,AdaBN
174,16,1,0.00037292999999749554,42,A08,cross-session,AdaBN
175,16,1,0.0003800560000115638,42,A08,cross-session,AdaBN
176,16,1,0.0003819800000144369,42,A08,cross-session,AdaBN
177,16,1,0.0003607110000132252,42,A08,cross-session,AdaBN
178,16,1,0.0003694419999931142,42,A08,cross-session,AdaBN
179,16,0,0.0003850770000042303,42,A08,cross-session,AdaBN
180,16,1,0.0003578719999950408,42,A08,cross-session,AdaBN
181,16,0,0.00040437699999529286,42,A08,cross-session,AdaBN
182,16,1,0.0004005669999855854,42,A08,cross-session,AdaBN
183,16,1,0.0003671789999941666,42,A08,cross-session,AdaBN
184,16,1,0.000394956000008051,42,A08,cross-session,AdaBN
185,16,1,0.0003711180000038894,42,A08,cross-session,AdaBN
186,16,1,0.0003784730000120362,42,A08,cross-session,AdaBN
187,16,1,0.00036533299999064184,42,A08,cross-session,AdaBN
188,16,0,0.00039171000000237655,42,A08,cross-session,AdaBN
189,16,1,0.00037198199999011194,42,A08,cross-session,AdaBN
190,16,1,0.0003795310000214158,42,A08,cross-session,AdaBN
191,16,0,0.0003533189999984643,42,A08,cross-session,AdaBN
192,16,1,0.0003720039999848268,42,A08,cross-session,AdaBN
193,16,1,0.0003804819999970732,42,A08,cross-session,AdaBN
194,16,1,0.00036315700000955076,42,A08,cross-session,AdaBN
195,16,1,0.00043172499999855063,42,A08,cross-session,AdaBN
196,16,0,0.0003659509999920374,42,A08,cross-session,AdaBN
197,16,0,0.0003776600000264807,42,A08,cross-session,AdaBN
198,16,0,0.00035503600000197366,42,A08,cross-session,AdaBN
199,16,1,0.0003545900000005986,42,A08,cross-session,AdaBN
200,16,1,0.0003836049999961233,42,A08,cross-session,AdaBN
201,16,0,0.0004065380000213281,42,A08,cross-session,AdaBN
202,16,1,0.0003827219999834597,42,A08,cross-session,AdaBN
203,16,1,0.0003808989999924961,42,A08,cross-session,AdaBN
204,16,1,0.0003785330000027898,42,A08,cross-session,AdaBN
205,16,1,0.00037747499999341017,42,A08,cross-session,AdaBN
206,16,0,0.00035391100001902487,42,A08,cross-session,AdaBN
207,16,1,0.0003847699999823817,42,A08,cross-session,AdaBN
208,16,1,0.0004047519999801352,42,A08,cross-session,AdaBN
209,16,0,0.0004112909999776093,42,A08,cross-session,AdaBN
210,16,1,0.00042910199999823817,42,A08,cross-session,AdaBN
211,16,0,0.00036244899999360314,42,A08,cross-session,AdaBN
212,16,0,0.00036234800001011536,42,A08,cross-session,AdaBN
213,16,1,0.00036555099998736296,42,A08,cross-session,AdaBN
214,16,1,0.0003573440000081973,42,A08,cross-session,AdaBN
215,16,1,0.0004123010000114391,42,A08,cross-session,AdaBN
216,16,1,0.00039027899998700377,42,A08,cross-session,AdaBN
217,16,1,0.00039660599998114776,42,A08,cross-session,AdaBN
218,16,0,0.0004049800000132109,42,A08,cross-session,AdaBN
219,16,1,0.000379592000001594,42,A08,cross-session,AdaBN
220,16,1,0.00043373799999812945,42,A08,cross-session,AdaBN
221,16,1,0.00037542300000836804,42,A08,cross-session,AdaBN
222,16,1,0.0003819940000084898,42,A08,cross-session,AdaBN
223,16,1,0.0003902850000088165,42,A08,cross-session,AdaBN
224,16,1,0.00041509300001507654,42,A08,cross-session,AdaBN
225,16,0,0.00037647900001047674,42,A08,cross-session,AdaBN
226,16,1,0.00037184100000331455,42,A08,cross-session,AdaBN
227,16,0,0.00036399800001163385,42,A08,cross-session,AdaBN
228,16,1,0.00037352900000087175,42,A08,cross-session,AdaBN
229,16,1,0.00040317199997730313,42,A08,cross-session,AdaBN
230,16,1,0.0004043950000038876,42,A08,cross-session,AdaBN
231,16,1,0.0003763560000038524,42,A08,cross-session,AdaBN
232,16,0,0.0003872320000084528,42,A08,cross-session,AdaBN
233,16,0,0.00037331500001869244,42,A08,cross-session,AdaBN
234,16,1,0.00037514600001031795,42,A08,cross-session,AdaBN
235,16,1,0.00040525299999671915,42,A08,cross-session,AdaBN
236,16,1,0.0004302760000030048,42,A08,cross-session,AdaBN
237,16,1,0.0003834610000126304,42,A08,cross-session,AdaBN
238,16,1,0.0004308970000010959,42,A08,cross-session,AdaBN
239,16,1,0.00036245399999756955,42,A08,cross-session,AdaBN
240,16,1,0.00040567900001065027,42,A08,cross-session,AdaBN
241,16,1,0.0003514940000002298,42,A08,cross-session,AdaBN
242,16,1,0.00035597600000869534,42,A08,cross-session,AdaBN
243,16,1,0.0003720769999802087,42,A08,cross-session,AdaBN
244,16,1,0.00036765699999818935,42,A08,cross-session,AdaBN
245,16,1,0.0003750660000036987,42,A08,cross-session,AdaBN
246,16,0,0.00041801599999757855,42,A08,cross-session,AdaBN
247,16,0,0.0003754750000268814,42,A08,cross-session,AdaBN
248,16,0,0.0003608929999927568,42,A08,cross-session,AdaBN
249,16,1,0.0003587730000162992,42,A08,cross-session,AdaBN
250,16,1,0.0003902279999863367,42,A08,cross-session,AdaBN
251,16,0,0.00039600299999165145,42,A08,cross-session,AdaBN
252,16,0,0.0003843030000041381,42,A08,cross-session,AdaBN
253,16,1,0.00044471100000009756,42,A08,cross-session,AdaBN
254,16,0,0.0003875029999846902,42,A08,cross-session,AdaBN
255,16,0,0.00036396499999113985,42,A08,cross-session,AdaBN
256,16,1,0.000390883999983771,42,A08,cross-session,AdaBN
257,16,1,0.0003717780000158655,42,A08,cross-session,AdaBN
258,16,1,0.00035639800000808464,42,A08,cross-session,AdaBN
259,16,1,0.00037606499998332765,42,A08,cross-session,AdaBN
260,16,1,0.00042525300000306743,42,A08,cross-session,AdaBN
261,16,0,0.00039525700000808683,42,A08,cross-session,AdaBN
262,16,1,0.0004119889999856241,42,A08,cross-session,AdaBN
263,16,1,0.00038208300000519557,42,A08,cross-session,AdaBN
264,16,0,0.00042122299998936796,42,A08,cross-session,AdaBN
265,16,1,0.0003772149999861085,42,A08,cross-session,AdaBN
266,16,0,0.000368202000004203,42,A08,cross-session,AdaBN
267,16,0,0.0003679959999942639,42,A08,cross-session,AdaBN
268,16,1,0.000403714000015043,42,A08,cross-session,AdaBN
269,16,1,0.00037486599998715064,42,A08,cross-session,AdaBN
270,16,1,0.0003855759999851216,42,A08,cross-session,AdaBN
271,16,1,0.00038232800000059797,42,A08,cross-session,AdaBN
272,16,0,0.0003664520000086213,42,A08,cross-session,AdaBN
273,16,1,0.0004284059999974943,42,A08,cross-session,AdaBN
274,16,1,0.00037111000000322747,42,A08,cross-session,AdaBN
275,16,1,0.0003900330000021768,42,A08,cross-session,AdaBN
276,16,0,0.0003596140000183823,42,A08,cross-session,AdaBN
277,16,0,0.000369894000016302,42,A08,cross-session,AdaBN
278,16,1,0.00035820099998318256,42,A08,cross-session,AdaBN
279,16,0,0.0003663420000066253,42,A08,cross-session,AdaBN
280,16,1,0.00036406999998916945,42,A08,cross-session,AdaBN
281,16,1,0.00038161599999853024,42,A08,cross-session,AdaBN
282,16,0,0.00039527299998098897,42,A08,cross-session,AdaBN
283,16,1,0.00039508399999022004,42,A08,cross-session,AdaBN
284,16,1,0.0003827870000066014,42,A08,cross-session,AdaBN
285,16,0,0.0003961630000048899,42,A08,cross-session,AdaBN
286,16,1,0.00040286099999775615,42,A08,cross-session,AdaBN
287,16,0,0.0003791630000193891,42,A08,cross-session,AdaBN
0,1,1,0.0006889400000034129,42,A09,cross-session,AdaBN
1,2,1,0.0005768759999966733,42,A09,cross-session,AdaBN
2,3,1,0.0005955379999988963,42,A09,cross-session,AdaBN
3,4,1,0.0005253150000044116,42,A09,cross-session,AdaBN
4,5,1,0.0005139769999971122,42,A09,cross-session,AdaBN
5,6,1,0.0005157090000125208,42,A09,cross-session,AdaBN
6,7,1,0.0005621349999955783,42,A09,cross-session,AdaBN
7,8,0,0.0006187590000195087,42,A09,cross-session,AdaBN
8,9,0,0.0005997690000185685,42,A09,cross-session,AdaBN
9,10,1,0.000593581000003951,42,A09,cross-session,AdaBN
10,11,1,0.0005807940000011058,42,A09,cross-session,AdaBN
11,12,0,0.000571325999999317,42,A09,cross-session,AdaBN
12,13,1,0.0005483920000131093,42,A09,cross-session,AdaBN
13,14,1,0.0006024740000043494,42,A09,cross-session,AdaBN
14,15,1,0.0005033939999918857,42,A09,cross-session,AdaBN
15,16,1,0.0004530939999938255,42,A09,cross-session,AdaBN
16,16,1,0.00045782199998711803,42,A09,cross-session,AdaBN
17,16,1,0.00045212800000626885,42,A09,cross-session,AdaBN
18,16,1,0.00042976400001748516,42,A09,cross-session,AdaBN
19,16,1,0.0004273540000099274,42,A09,cross-session,AdaBN
20,16,1,0.00042198899998879824,42,A09,cross-session,AdaBN
21,16,0,0.0004284039999902234,42,A09,cross-session,AdaBN
22,16,1,0.00042905399999426663,42,A09,cross-session,AdaBN
23,16,1,0.00041306299999632756,42,A09,cross-session,AdaBN
24,16,1,0.00043942899998228313,42,A09,cross-session,AdaBN
25,16,1,0.0004322350000052211,42,A09,cross-session,AdaBN
26,16,1,0.0004167609999967681,42,A09,cross-session,AdaBN
27,16,1,0.00042114500001844135,42,A09,cross-session,AdaBN
28,16,1,0.00038253100001384155,42,A09,cross-session,AdaBN
29,16,1,0.0004040390000170646,42,A09,cross-session,AdaBN
30,16,1,0.000447613000005731,42,A09,cross-session,AdaBN
31,16,1,0.00037543400000572547,42,A09,cross-session,AdaBN
32,16,1,0.0003828590000125587,42,A09,cross-session,AdaBN
33,16,0,0.00035896200000706813,42,A09,cross-session,AdaBN
34,16,0,0.0003971529999944323,42,A09,cross-session,AdaBN
35,16,1,0.00041895900000099573,42,A09,cross-session,AdaBN
36,16,1,0.00042951899999366105,42,A09,cross-session,AdaBN
37,16,1,0.0004473360000076809,42,A09,cross-session,AdaBN
38,16,1,0.0003720649999934267,42,A09,cross-session,AdaBN
39,16,1,0.0005259620000117593,42,A09,cross-session,AdaBN
40,16,1,0.0004215810000118836,42,A09,cross-session,AdaBN
41,16,1,0.00038584000000696506,42,A09,cross-session,AdaBN
42,16,1,0.0004066109999882883,42,A09,cross-session,AdaBN
43,16,0,0.00035401599998863276,42,A09,cross-session,AdaBN
44,16,1,0.00037732799998480004,42,A09,cross-session,AdaBN
45,16,0,0.0003485059999945861,42,A09,cross-session,AdaBN
46,16,1,0.00035207999999897766,42,A09,cross-session,AdaBN
47,16,1,0.0003782259999809412,42,A09,cross-session,AdaBN
48,16,1,0.0003448120000086874,42,A09,cross-session,AdaBN
49,16,1,0.00039055600001347557,42,A09,cross-session,AdaBN
50,16,1,0.00036782600000151433,42,A09,cross-session,AdaBN
51,16,1,0.00040193899999962923,42,A09,cross-session,AdaBN
52,16,1,0.0003846330000101261,42,A09,cross-session,AdaBN
53,16,1,0.00038415299999883246,42,A09,cross-session,AdaBN
54,16,1,0.00035819200002151774,42,A09,cross-session,AdaBN
55,16,1,0.0003816770000071301,42,A09,cross-session,AdaBN
56,16,1,0.0003763269999979002,42,A09,cross-session,AdaBN
57,16,1,0.0003485860000012053,42,A09,cross-session,AdaBN
58,16,1,0.0003593779999846447,42,A09,cross-session,AdaBN
59,16,1,0.00034476099997959864,42,A09,cross-session,AdaBN
60,16,1,0.0003976759999773094,42,A09,cross-session,AdaBN
61,16,1,0.00034883999998669424,42,A09,cross-session,AdaBN
62,16,1,0.00040078699998957745,42,A09,cross-session,AdaBN
63,16,1,0.00035594899998159235,42,A09,cross-session,AdaBN
64,16,1,0.00037363999999229236,42,A09,cross-session,AdaBN
65,16,1,0.00035505900001453483,42,A09,cross-session,AdaBN
66,16,0,0.00036544700000717967,42,A09,cross-session,AdaBN
67,16,1,0.00039371799999798895,42,A09,cross-session,AdaBN
68,16,1,0.00035633000001666915,42,A09,cross-session,AdaBN
69,16,0,0.00036733499999286323,42,A09,cross-session,AdaBN
70,16,0,0.0003506169999809572,42,A09,cross-session,AdaBN
71,16,1,0.0003752779999786071,42,A09,cross-session,AdaBN
72,16,1,0.0003414749999990363,42,A09,cross-session,AdaBN
73,16,1,0.00038591699998846707,42,A09,cross-session,AdaBN
74,16,1,0.00035798599998315694,42,A09,cross-session,AdaBN
75,16,1,0.00036125799999808805,42,A09,cross-session,AdaBN
76,16,1,0.000386028999997734,42,A09,cross-session,AdaBN
77,16,0,0.00037159900000460766,42,A09,cross-session,AdaBN
78,16,0,0.00038538699999435266,42,A09,cross-session,AdaBN
79,16,1,0.00036009499999067884,42,A09,cross-session,AdaBN
80,16,1,0.00036438399999383364,42,A09,cross-session,AdaBN
81,16,1,0.0003507259999935286,42,A09,cross-session,AdaBN
82,16,1,0.00038650400000506124,42,A09,cross-session,AdaBN
83,16,1,0.0003559660000007625,42,A09,cross-session,AdaBN
84,16,1,0.0003637720000142508,42,A09,cross-session,AdaBN
85,16,1,0.00035179300002141645,42,A09,cross-session,AdaBN
86,16,1,0.00036304200000358833,42,A09,cross-session,AdaBN
87,16,1,0.0003877219999992576,42,A09,cross-session,AdaBN
88,16,0,0.0003526319999878069,42,A09,cross-session,AdaBN
89,16,1,0.0003825120000158222,42,A09,cross-session,AdaBN
90,16,1,0.0003550769999947079,42,A09,cross-session,AdaBN
91,16,1,0.00037676299999134244,42,A09,cross-session,AdaBN
92,16,1,0.00035390099998267033,42,A09,cross-session,AdaBN
93,16,1,0.0003730290000021341,42,A09,cross-session,AdaBN
94,16,0,0.00035890300000573916,42,A09,cross-session,AdaBN
95,16,1,0.00035978599998998106,42,A09,cross-session,AdaBN
96,16,1,0.00036720100001730316,42,A09,cross-session,AdaBN
97,16,1,0.00035437099998603117,42,A09,cross-session,AdaBN
98,16,1,0.0003688769999996566,42,A09,cross-session,AdaBN
99,16,1,0.00035327599999845916,42,A09,cross-session,AdaBN
100,16,1,0.0003540970000130983,42,A09,cross-session,AdaBN
101,16,1,0.0003496040000072753,42,A09,cross-session,AdaBN
102,16,1,0.00035866000001760767,42,A09,cross-session,AdaBN
103,16,1,0.0003634850000082679,42,A09,cross-session,AdaBN
104,16,0,0.00035361600001238003,42,A09,cross-session,AdaBN
105,16,1,0.000353176000004396,42,A09,cross-session,AdaBN
106,16,1,0.00038062699999841243,42,A09,cross-session,AdaBN
107,16,1,0.000356668999984322,42,A09,cross-session,AdaBN
108,16,0,0.00036076900002512957,42,A09,cross-session,AdaBN
109,16,1,0.0003596939999965798,42,A09,cross-session,AdaBN
110,16,1,0.0003502659999981006,42,A09,cross-session,AdaBN
111,16,1,0.00037061899999457637,42,A09,cross-session,AdaBN
112,16,1,0.0003508930000180044,42,A09,cross-session,AdaBN
113,16,0,0.0003569829999889862,42,A09,cross-session,AdaBN
114,16,1,0.00035439399999859234,42,A09,cross-session,AdaBN
115,16,1,0.0003502950000040528,42,A09,cross-session,AdaBN
116,16,1,0.00035306699999182456,42,A09,cross-session,AdaBN
117,16,1,0.000350795999992215,42,A09,cross-session,AdaBN
118,16,1,0.0003634150000095815,42,A09,cross-session,AdaBN
119,16,1,0.00035720900001479094,42,A09,cross-session,AdaBN
120,16,0,0.0003457319999995434,42,A09,cross-session,AdaBN
121,16,1,0.0003543140000203948,42,A09,cross-session,AdaBN
122,16,1,0.0003547949999926914,42,A09,cross-session,AdaBN
123,16,1,0.0003585310000175923,42,A09,cross-session,AdaBN
124,16,1,0.00035252800000762363,42,A09,cross-session,AdaBN
125,16,1,0.0003507679999756874,42,A09,cross-session,AdaBN
126,16,1,0.0003527930000188917,42,A09,cross-session,AdaBN
127,16,1,0.00034500600000342274,42,A09,cross-session,AdaBN
128,16,1,0.0003609659999881387,42,A09,cross-session,AdaBN
129,16,1,0.00036386399997923036,42,A09,cross-session,AdaBN
130,16,1,0.000370523000015055,42,A09,cross-session,AdaBN
131,16,1,0.00036396499999113985,42,A09,cross-session,AdaBN
132,16,0,0.00035619299998757015,42,A09,cross-session,AdaBN
133,16,0,0.0003531589999852258,42,A09,cross-session,AdaBN
134,16,0,0.0003638759999944341,42,A09,cross-session,AdaBN
135,16,1,0.0003539630000091165,42,A09,cross-session,AdaBN
136,16,1,0.00036059199999272096,42,A09,cross-session,AdaBN
137,16,1,0.0003667520000192326,42,A09,cross-session,AdaBN
138,16,1,0.0003521259999956783,42,A09,cross-session,AdaBN
139,16,0,0.0003841260000001512,42,A09,cross-session,AdaBN
140,16,0,0.0003579350000109116,42,A09,cross-session,AdaBN
141,16,1,0.0003921460000242405,42,A09,cross-session,AdaBN
142,16,1,0.0003621140000120704,42,A09,cross-session,AdaBN
143,16,1,0.0003496339999742304,42,A09,cross-session,AdaBN
144,16,0,0.0003688719999956902,42,A09,cross-session,AdaBN
145,16,0,0.000354834999996001,42,A09,cross-session,AdaBN
146,16,1,0.0003609649999987141,42,A09,cross-session,AdaBN
147,16,1,0.00035109499998497995,42,A09,cross-session,AdaBN
148,16,1,0.0003528709999898183,42,A09,cross-session,AdaBN
149,16,1,0.00037220099997625766,42,A09,cross-session,AdaBN
150,16,1,0.0003465320000088923,42,A09,cross-session,AdaBN
151,16,1,0.0003767559999801051,42,A09,cross-session,AdaBN
152,16,1,0.00037547099998391786,42,A09,cross-session,AdaBN
153,16,0,0.00034521500001005734,42,A09,cross-session,AdaBN
154,16,1,0.0003850740000075348,42,A09,cross-session,AdaBN
155,16,1,0.00035407600000780803,42,A09,cross-session,AdaBN
156,16,1,0.0003521349999857648,42,A09,cross-session,AdaBN
157,16,0,0.0003628999999989446,42,A09,cross-session,AdaBN
158,16,1,0.0003482959999985269,42,A09,cross-session,AdaBN
159,16,0,0.0003889090000086526,42,A09,cross-session,AdaBN
160,16,0,0.0003702820000057727,42,A09,cross-session,AdaBN
161,16,0,0.00035277699998914613,42,A09,cross-session,AdaBN
162,16,0,0.00038331099997890306,42,A09,cross-session,AdaBN
163,16,1,0.00035736099999894577,42,A09,cross-session,AdaBN
164,16,1,0.00039015800001607204,42,A09,cross-session,AdaBN
165,16,1,0.00039196099999116996,42,A09,cross-session,AdaBN
166,16,1,0.0003478760000064085,42,A09,cross-session,AdaBN
167,16,1,0.00038668499999516825,42,A09,cross-session,AdaBN
168,16,1,0.00035373500000446256,42,A09,cross-session,AdaBN
169,16,0,0.0003741069999989577,42,A09,cross-session,AdaBN
170,16,1,0.0003843359999962104,42,A09,cross-session,AdaBN
171,16,1,0.00035246100000563274,42,A09,cross-session,AdaBN
172,16,1,0.00035070300000938914,42,A09,cross-session,AdaBN
173,16,0,0.00036016100000324514,42,A09,cross-session,AdaBN
174,16,1,0.0003564589999882628,42,A09,cross-session,AdaBN
175,16,1,0.0003525870000089526,42,A09,cross-session,AdaBN
176,16,1,0.0003427420000150505,42,A09,cross-session,AdaBN
177,16,1,0.0003625090000127784,42,A09,cross-session,AdaBN
178,16,0,0.0003620749999981854,42,A09,cross-session,AdaBN
179,16,1,0.00035259800000631003,42,A09,cross-session,AdaBN
180,16,1,0.000353176000004396,42,A09,cross-session,AdaBN
181,16,1,0.00034535899999355024,42,A09,cross-session,AdaBN
182,16,1,0.00035404199999788943,42,A09,cross-session,AdaBN
183,16,1,0.0003596950000144261,42,A09,cross-session,AdaBN
184,16,1,0.0003416920000063328,42,A09,cross-session,AdaBN
185,16,0,0.00035043299999415467,42,A09,cross-session,AdaBN
186,16,1,0.00035827599998583537,42,A09,cross-session,AdaBN
187,16,1,0.0003480500000136999,42,A09,cross-session,AdaBN
188,16,1,0.00034693899999638234,42,A09,cross-session,AdaBN
189,16,1,0.00034261700000115525,42,A09,cross-session,AdaBN
190,16,1,0.0003557929999828957,42,A09,cross-session,AdaBN
191,16,1,0.0003502630000014051,42,A09,cross-session,AdaBN
192,16,1,0.0003471309999838468,42,A09,cross-session,AdaBN
193,16,1,0.00037680599999134756,42,A09,cross-session,AdaBN
194,16,1,0.0003560600000014347,42,A09,cross-session,AdaBN
195,16,1,0.00034767799999713134,42,A09,cross-session,AdaBN
196,16,0,0.0003480780000018058,42,A09,cross-session,AdaBN
197,16,1,0.0003515920000154438,42,A09,cross-session,AdaBN
198,16,0,0.0003695340000149372,42,A09,cross-session,AdaBN
199,16,1,0.0003481239999985064,42,A09,cross-session,AdaBN
200,16,1,0.0003509449999796743,42,A09,cross-session,AdaBN
201,16,1,0.00035151899999164016,42,A09,cross-session,AdaBN
202,16,1,0.00035428800001113814,42,A09,cross-session,AdaBN
203,16,1,0.00035893200001169134,42,A09,cross-session,AdaBN
204,16,1,0.00034106600000427534,42,A09,cross-session,AdaBN
205,16,1,0.00036171499999682055,42,A09,cross-session,AdaBN
206,16,1,0.00035352399999055706,42,A09,cross-session,AdaBN
207,16,1,0.0003563429999928758,42,A09,cross-session,AdaBN
208,16,1,0.0003595789999906174,42,A09,cross-session,AdaBN
209,16,1,0.00037778800000864976,42,A09,cross-session,AdaBN
210,16,1,0.00035627099998691847,42,A09,cross-session,AdaBN
211,16,1,0.0003631710000036037,42,A09,cross-session,AdaBN
212,16,1,0.000350265000008676,42,A09,cross-session,AdaBN
213,16,1,0.00036527299999988827,42,A09,cross-session,AdaBN
214,16,0,0.0003484429999787153,42,A09,cross-session,AdaBN
215,16,1,0.0003568839999843476,42,A09,cross-session,AdaBN
216,16,1,0.00035059200001796853,42,A09,cross-session,AdaBN
217,16,0,0.0003515960000015639,42,A09,cross-session,AdaBN
218,16,0,0.0003557590000013988,42,A09,cross-session,AdaBN
219,16,0,0.000407108999979755,42,A09,cross-session,AdaBN
220,16,1,0.00037043099999323204,42,A09,cross-session,AdaBN
221,16,1,0.0003553679999868109,42,A09,cross-session,AdaBN
222,16,1,0.00037028900001701004,42,A09,cross-session,AdaBN
223,16,1,0.00034902300001249387,42,A09,cross-session,AdaBN
224,16,1,0.00035018500000205677,42,A09,cross-session,AdaBN
225,16,1,0.00035903899998857014,42,A09,cross-session,AdaBN
226,16,1,0.0003607550000026549,42,A09,cross-session,AdaBN
227,16,0,0.00036153700000340905,42,A09,cross-session,AdaBN
228,16,1,0.0003552359999901,42,A09,cross-session,AdaBN
229,16,1,0.00038612899999179717,42,A09,cross-session,AdaBN
230,16,0,0.00038633700000900717,42,A09,cross-session,AdaBN
231,16,1,0.0003438699999946948,42,A09,cross-session,AdaBN
232,16,1,0.0003570959999876777,42,A09,cross-session,AdaBN
233,16,1,0.00036604699999998047,42,A09,cross-session,AdaBN
234,16,1,0.0003446689999861974,42,A09,cross-session,AdaBN
235,16,1,0.00036772899997572495,42,A09,cross-session,AdaBN
236,16,0,0.0003594169999985297,42,A09,cross-session,AdaBN
237,16,1,0.0003493460000072446,42,A09,cross-session,AdaBN
238,16,1,0.0003531179999924916,42,A09,cross-session,AdaBN
239,16,0,0.0003556169999967551,42,A09,cross-session,AdaBN
240,16,0,0.0003475540000010824,42,A09,cross-session,AdaBN
241,16,1,0.00039216799999053364,42,A09,cross-session,AdaBN
242,16,1,0.0003562380000232679,42,A09,cross-session,AdaBN
243,16,0,0.00034786599999847567,42,A09,cross-session,AdaBN
244,16,1,0.00036016499998936524,42,A09,cross-session,AdaBN
245,16,1,0.0003425680000077591,42,A09,cross-session,AdaBN
246,16,1,0.0003672269999981381,42,A09,cross-session,AdaBN
247,16,0,0.00038186000000450804,42,A09,cross-session,AdaBN
248,16,1,0.00034620699997844895,42,A09,cross-session,AdaBN
249,16,0,0.000367119000003413,42,A09,cross-session,AdaBN
250,16,1,0.0003586050000023988,42,A09,cross-session,AdaBN
251,16,1,0.00035021599998685815,42,A09,cross-session,AdaBN
252,16,1,0.0004065370000034818,42,A09,cross-session,AdaBN
253,16,1,0.0003557910000040465,42,A09,cross-session,AdaBN
254,16,1,0.00035171900000818823,42,A09,cross-session,AdaBN
255,16,1,0.0003827870000066014,42,A09,cross-session,AdaBN
256,16,1,0.00035080700001799414,42,A09,cross-session,AdaBN
257,16,1,0.00035478200001648474,42,A09,cross-session,AdaBN
258,16,1,0.00035882200000969533,42,A09,cross-session,AdaBN
259,16,0,0.0003511559999935798,42,A09,cross-session,AdaBN
260,16,0,0.000348747999993293,42,A09,cross-session,AdaBN
261,16,1,0.0003713379999794597,42,A09,cross-session,AdaBN
262,16,1,0.0003560719999882167,42,A09,cross-session,AdaBN
263,16,1,0.0003703099999938786,42,A09,cross-session,AdaBN
264,16,1,0.00035678699998697994,42,A09,cross-session,AdaBN
265,16,1,0.00035176400001546426,42,A09,cross-session,AdaBN
266,16,0,0.0003828759999748854,42,A09,cross-session,AdaBN
267,16,1,0.00034805399999982,42,A09,cross-session,AdaBN
268,16,1,0.0003518829999791251,42,A09,cross-session,AdaBN
269,16,1,0.0003624989999764239,42,A09,cross-session,AdaBN
270,16,0,0.00034655000001748704,42,A09,cross-session,AdaBN
271,16,1,0.000375792999989244,42,A09,cross-session,AdaBN
272,16,1,0.00036501499999985754,42,A09,cross-session,AdaBN
273,16,1,0.0003612050000185718,42,A09,cross-session,AdaBN
274,16,1,0.00036171400000739595,42,A09,cross-session,AdaBN
275,16,1,0.0003622570000061387,42,A09,cross-session,AdaBN
276,16,0,0.00034877299998470335,42,A09,cross-session,AdaBN
277,16,1,0.0003547969999999623,42,A09,cross-session,AdaBN
278,16,1,0.0003561009999941689,42,A09,cross-session,AdaBN
279,16,1,0.0003543789999866931,42,A09,cross-session,AdaBN
280,16,1,0.00035753500000623717,42,A09,cross-session,AdaBN
281,16,0,0.0003525869999805309,42,A09,cross-session,AdaBN
282,16,1,0.0003551540000046316,42,A09,cross-session,AdaBN
283,16,0,0.0003570890000048621,42,A09,cross-session,AdaBN
284,16,1,0.00035622800001533506,42,A09,cross-session,AdaBN
285,16,0,0.00035460600000192244,42,A09,cross-session,AdaBN
286,16,1,0.0003471410000202013,42,A09,cross-session,AdaBN
287,16,0,0.0003608139999755622,42,A09,cross-session,AdaBN
0,1,1,0.0005609160000119573,97,A01,cross-session,AdaBN
1,2,1,0.00047172100002512707,97,A01,cross-session,AdaBN
2,3,1,0.00045702200000619086,97,A01,cross-session,AdaBN
3,4,1,0.0005010029999823473,97,A01,cross-session,AdaBN
4,5,1,0.0005239819999758311,97,A01,cross-session,AdaBN
5,6,0,0.00042667400001050737,97,A01,cross-session,AdaBN
6,7,1,0.00045174099997780104,97,A01,cross-session,AdaBN
7,8,0,0.00043177099999525126,97,A01,cross-session,AdaBN
8,9,1,0.000463087000014184,97,A01,cross-session,AdaBN
9,10,1,0.000705241999980899,97,A01,cross-session,AdaBN
10,11,1,0.0006147050000038234,97,A01,cross-session,AdaBN
11,12,0,0.0006331330000080015,97,A01,cross-session,AdaBN
12,13,1,0.0006368690000044808,97,A01,cross-session,AdaBN
13,14,1,0.000614764999994577,97,A01,cross-session,AdaBN
14,15,0,0.000610149999999976,97,A01,cross-session,AdaBN
15,16,1,0.0010483150000197838,97,A01,cross-session,AdaBN
16,16,0,0.001110555999986218,97,A01,cross-session,AdaBN
17,16,1,0.0010213669999927788,97,A01,cross-session,AdaBN
18,16,0,0.001032304000005979,97,A01,cross-session,AdaBN
19,16,1,0.0010024970000017674,97,A01,cross-session,AdaBN
20,16,1,0.001004392999988113,97,A01,cross-session,AdaBN
21,16,1,0.0010284900000101516,97,A01,cross-session,AdaBN
22,16,1,0.0010408750000010514,97,A01,cross-session,AdaBN
23,16,0,0.0011212440000178958,97,A01,cross-session,AdaBN
24,16,0,0.0010763559999986683,97,A01,cross-session,AdaBN
25,16,1,0.0010120359999916673,97,A01,cross-session,AdaBN
26,16,1,0.0010526179999885699,97,A01,cross-session,AdaBN
27,16,1,0.0010542470000132198,97,A01,cross-session,AdaBN
28,16,0,0.0005641330000116795,97,A01,cross-session,AdaBN
29,16,0,0.0004368770000269251,97,A01,cross-session,AdaBN
30,16,0,0.00040145799999891096,97,A01,cross-session,AdaBN
31,16,1,0.0003917939999951159,97,A01,cross-session,AdaBN
32,16,1,0.0004237059999923076,97,A01,cross-session,AdaBN
33,16,1,0.0003558930000053806,97,A01,cross-session,AdaBN
34,16,1,0.00036182200000212106,97,A01,cross-session,AdaBN
35,16,1,0.0003609599999947477,97,A01,cross-session,AdaBN
36,16,1,0.00040838900000039757,97,A01,cross-session,AdaBN
37,16,0,0.0003480100000103903,97,A01,cross-session,AdaBN
38,16,1,0.00038542400000096677,97,A01,cross-session,AdaBN
39,16,0,0.00034405599998876824,97,A01,cross-session,AdaBN
40,16,1,0.0003767469999900186,97,A01,cross-session,AdaBN
41,16,1,0.00041530799998668044,97,A01,cross-session,AdaBN
42,16,1,0.00038274199999932534,97,A01,cross-session,AdaBN
43,16,0,0.00038144399999850975,97,A01,cross-session,AdaBN
44,16,1,0.00036811900000088826,97,A01,cross-session,AdaBN
45,16,0,0.00037360599998237376,97,A01,cross-session,AdaBN
46,16,1,0.00035467700001845515,97,A01,cross-session,AdaBN
47,16,0,0.0003936710000118637,97,A01,cross-session,AdaBN
48,16,0,0.00034750599999711085,97,A01,cross-session,AdaBN
49,16,0,0.0003700980000189702,97,A01,cross-session,AdaBN
50,16,1,0.00036054500000659573,97,A01,cross-session,AdaBN
51,16,0,0.0003683360000081848,97,A01,cross-session,AdaBN
52,16,1,0.00036128900001131115,97,A01,cross-session,AdaBN
53,16,1,0.00045417099997280275,97,A01,cross-session,AdaBN
54,16,0,0.00039076300001283926,97,A01,cross-session,AdaBN
55,16,1,0.00036066000001255816,97,A01,cross-session,AdaBN
56,16,1,0.0003810000000044056,97,A01,cross-session,AdaBN
57,16,1,0.00035703300000022864,97,A01,cross-session,AdaBN
58,16,1,0.000374678000014228,97,A01,cross-session,AdaBN
59,16,1,0.0003591269999958513,97,A01,cross-session,AdaBN
60,16,0,0.0003655390000005809,97,A01,cross-session,AdaBN
61,16,0,0.0003530780000176037,97,A01,cross-session,AdaBN
62,16,1,0.00036629199999538287,97,A01,cross-session,AdaBN
63,16,1,0.00038228400001116825,97,A01,cross-session,AdaBN
64,16,1,0.00035460700001976875,97,A01,cross-session,AdaBN
65,16,0,0.00036365500000101747,97,A01,cross-session,AdaBN
66,16,0,0.00035373800000115807,97,A01,cross-session,AdaBN
67,16,1,0.0003948330000014266,97,A01,cross-session,AdaBN
68,16,1,0.0003783669999961603,97,A01,cross-session,AdaBN
69,16,0,0.0003934430000072098,97,A01,cross-session,AdaBN
70,16,1,0.0003542350000032002,97,A01,cross-session,AdaBN
71,16,1,0.0003531790000010915,97,A01,cross-session,AdaBN
72,16,1,0.0003764949999833789,97,A01,cross-session,AdaBN
73,16,1,0.0003623249999975542,97,A01,cross-session,AdaBN
74,16,0,0.00039277400000514717,97,A01,cross-session,AdaBN
75,16,1,0.0003442590000020118,97,A01,cross-session,AdaBN
76,16,0,0.0003774150000026566,97,A01,cross-session,AdaBN
77,16,0,0.0003580770000155553,97,A01,cross-session,AdaBN
78,16,1,0.00037051399999654677,97,A01,cross-session,AdaBN
79,16,1,0.0003879730000164727,97,A01,cross-session,AdaBN
80,16,1,0.0003587770000024193,97,A01,cross-session,AdaBN
81,16,0,0.00036726499999417683,97,A01,cross-session,AdaBN
82,16,0,0.0003746090000049662,97,A01,cross-session,AdaBN
83,16,1,0.00039209300001630254,97,A01,cross-session,AdaBN
84,16,1,0.00038361700001132704,97,A01,cross-session,AdaBN
85,16,1,0.00035021599998685815,97,A01,cross-session,AdaBN
86,16,0,0.00035324399999581146,97,A01,cross-session,AdaBN
87,16,1,0.0003563159999941945,97,A01,cross-session,AdaBN
88,16,1,0.000396259000012833,97,A01,cross-session,AdaBN
89,16,0,0.00035827099998186895,97,A01,cross-session,AdaBN
90,16,1,0.000360823999983495,97,A01,cross-session,AdaBN
91,16,1,0.0003605299999946965,97,A01,cross-session,AdaBN
92,16,0,0.00038819900001385577,97,A01,cross-session,AdaBN
93,16,1,0.0004069270000002234,97,A01,cross-session,AdaBN
94,16,0,0.00036417900000174086,97,A01,cross-session,AdaBN
95,16,0,0.0004019280000022718,97,A01,cross-session,AdaBN
96,16,1,0.0003814260000183367,97,A01,cross-session,AdaBN
97,16,0,0.000370348000018339,97,A01,cross-session,AdaBN
98,16,1,0.0003780860000119901,97,A01,cross-session,AdaBN
99,16,1,0.00036023399999862704,97,A01,cross-session,AdaBN
100,16,1,0.0003922829999964961,97,A01,cross-session,AdaBN
101,16,0,0.00035542200001259516,97,A01,cross-session,AdaBN
102,16,0,0.0003727470000001176,97,A01,cross-session,AdaBN
103,16,0,0.00037669200000323144,97,A01,cross-session,AdaBN
104,16,1,0.0003560380000067198,97,A01,cross-session,AdaBN
105,16,1,0.0003874060000157442,97,A01,cross-session,AdaBN
106,16,1,0.0003633869999930539,97,A01,cross-session,AdaBN
107,16,1,0.00038426199998298216,97,A01,cross-session,AdaBN
108,16,0,0.00036611600000924227,97,A01,cross-session,AdaBN
109,16,1,0.0004216250000013133,97,A01,cross-session,AdaBN
110,16,0,0.00038523500001019784,97,A01,cross-session,AdaBN
111,16,1,0.0003585709999924802,97,A01,cross-session,AdaBN
112,16,1,0.00036853700001415746,97,A01,cross-session,AdaBN
113,16,1,0.0003842410000061136,97,A01,cross-session,AdaBN
114,16,0,0.00038470800001277894,97,A01,cross-session,AdaBN
115,16,1,0.00037739300000794174,97,A01,cross-session,AdaBN
116,16,0,0.0003749539999944318,97,A01,cross-session,AdaBN
117,16,0,0.0003882089999933669,97,A01,cross-session,AdaBN
118,16,1,0.00039319199998999466,97,A01,cross-session,AdaBN
119,16,1,0.000378255999976318,97,A01,cross-session,AdaBN
120,16,1,0.00035928699998066804,97,A01,cross-session,AdaBN
121,16,1,0.0003670070000225678,97,A01,cross-session,AdaBN
122,16,0,0.00037053300002298784,97,A01,cross-session,AdaBN
123,16,0,0.0003997899999887977,97,A01,cross-session,AdaBN
124,16,0,0.00036949299999378127,97,A01,cross-session,AdaBN
125,16,1,0.00037299199999552,97,A01,cross-session,AdaBN
126,16,0,0.000393873000007261,97,A01,cross-session,AdaBN
127,16,0,0.0003551179999874421,97,A01,cross-session,AdaBN
128,16,1,0.00036927900001160197,97,A01,cross-session,AdaBN
129,16,0,0.00039304500000980624,97,A01,cross-session,AdaBN
130,16,1,0.00037195100000531056,97,A01,cross-session,AdaBN
131,16,1,0.00040253800000300544,97,A01,cross-session,AdaBN
132,16,0,0.00037074900001243805,97,A01,cross-session,AdaBN
133,16,1,0.0003717250000079275,97,A01,cross-session,AdaBN
134,16,0,0.000404919000004611,97,A01,cross-session,AdaBN
135,16,1,0.00036298599999895487,97,A01,cross-session,AdaBN
136,16,0,0.0004132530000049428,97,A01,cross-session,AdaBN
137,16,0,0.0003728070000192929,97,A01,cross-session,AdaBN
138,16,0,0.00036505400001374255,97,A01,cross-session,AdaBN
139,16,1,0.00040627600000675557,97,A01,cross-session,AdaBN
140,16,1,0.0003583230000003823,97,A01,cross-session,AdaBN
141,16,1,0.0003953879999869514,97,A01,cross-session,AdaBN
142,16,0,0.0004023490000122365,97,A01,cross-session,AdaBN
143,16,1,0.00035897000000773005,97,A01,cross-session,AdaBN
144,16,1,0.0003915269999765769,97,A01,cross-session,AdaBN
145,16,1,0.00035886199998458324,97,A01,cross-session,AdaBN
146,16,0,0.00036828699998636694,97,A01,cross-session,AdaBN
147,16,0,0.00038980700000479374,97,A01,cross-session,AdaBN
148,16,1,0.00035665200002199526,97,A01,cross-session,AdaBN
149,16,1,0.000403116999990516,97,A01,cross-session,AdaBN
150,16,0,0.00042449199997918186,97,A01,cross-session,AdaBN
151,16,1,0.00036948799998981485,97,A01,cross-session,AdaBN
152,16,1,0.0003841959999988376,97,A01,cross-session,AdaBN
153,16,1,0.0003623719999836794,97,A01,cross-session,AdaBN
154,16,0,0.0003624990000048456,97,A01,cross-session,AdaBN
155,16,1,0.00035788200000297365,97,A01,cross-session,AdaBN
156,16,0,0.0003583600000069964,97,A01,cross-session,AdaBN
157,16,1,0.00039121700001487625,97,A01,cross-session,AdaBN
158,16,0,0.00037085200000319674,97,A01,cross-session,AdaBN
159,16,0,0.00039255199999388424,97,A01,cross-session,AdaBN
160,16,1,0.0004011829999797101,97,A01,cross-session,AdaBN
161,16,1,0.00036688500000536806,97,A01,cross-session,AdaBN
162,16,1,0.00039128999998183644,97,A01,cross-session,AdaBN
163,16,1,0.0003630390000068928,97,A01,cross-session,AdaBN
164,16,0,0.00038450700000680627,97,A01,cross-session,AdaBN
165,16,1,0.00037686699999994744,97,A01,cross-session,AdaBN
166,16,0,0.00036044399999468624,97,A01,cross-session,AdaBN
167,16,1,0.00036058899999602545,97,A01,cross-session,AdaBN
168,16,1,0.00035790800001223033,97,A01,cross-session,AdaBN
169,16,1,0.00038014999998381427,97,A01,cross-session,AdaBN
170,16,0,0.00037120400000389964,97,A01,cross-session,AdaBN
171,16,0,0.00039209499999515174,97,A01,cross-session,AdaBN
172,16,1,0.00036842700001216144,97,A01,cross-session,AdaBN
173,16,1,0.00036072800000397365,97,A01,cross-session,AdaBN
174,16,0,0.000365880999993351,97,A01,cross-session,AdaBN
175,16,0,0.00038893500001790926,97,A01,cross-session,AdaBN
176,16,1,0.0003585769999858712,97,A01,cross-session,AdaBN
177,16,1,0.0003668369999729748,97,A01,cross-session,AdaBN
178,16,1,0.00038302999999473286,97,A01,cross-session,AdaBN
179,16,0,0.00036537600001906867,97,A01,cross-session,AdaBN
180,16,1,0.000359689999982038,97,A01,cross-session,AdaBN
181,16,1,0.00037563200001500263,97,A01,cross-session,AdaBN
182,16,0,0.0003607919999808473,97,A01,cross-session,AdaBN
183,16,0,0.00038700100000710336,97,A01,cross-session,AdaBN
184,16,1,0.00036100500000202373,97,A01,cross-session,AdaBN
185,16,0,0.000386762000005092,97,A01,cross-session,AdaBN
186,16,0,0.0004123639999988882,97,A01,cross-session,AdaBN
187,16,1,0.0003680300000041825,97,A01,cross-session,AdaBN
188,16,1,0.000369849000009026,97,A01,cross-session,AdaBN
189,16,1,0.0003639829999997346,97,A01,cross-session,AdaBN
190,16,1,0.0003645849999998063,97,A01,cross-session,AdaBN
191,16,1,0.0003631769999969947,97,A01,cross-session,AdaBN
192,16,1,0.00036234599997442274,97,A01,cross-session,AdaBN
193,16,1,0.0003698239999891939,97,A01,cross-session,AdaBN
194,16,0,0.0003611329999841928,97,A01,cross-session,AdaBN
195,16,0,0.00036051099999667713,97,A01,cross-session,AdaBN
196,16,1,0.00037208099999475053,97,A01,cross-session,AdaBN
197,16,1,0.00040584199999216253,97,A01,cross-session,AdaBN
198,16,1,0.00036347200000363955,97,A01,cross-session,AdaBN
199,16,1,0.000386488999993162,97,A01,cross-session,AdaBN
200,16,0,0.000361206999997421,97,A01,cross-session,AdaBN
201,16,1,0.00037886800001274423,97,A01,cross-session,AdaBN
202,16,1,0.0003827520000072582,97,A01,cross-session,AdaBN
203,16,1,0.00038633799999843177,97,A01,cross-session,AdaBN
204,16,1,0.00035710099999164413,97,A01,cross-session,AdaBN
205,16,1,0.00041059299999801624,97,A01,cross-session,AdaBN
206,16,0,0.0003581500000109372,97,A01,cross-session,AdaBN
207,16,1,0.0003830069999821717,97,A01,cross-session,AdaBN
208,16,1,0.0004176840000127413,97,A01,cross-session,AdaBN
209,16,1,0.00035766499999567714,97,A01,cross-session,AdaBN
210,16,0,0.00038003899999239366,97,A01,cross-session,AdaBN
211,16,0,0.00035872099999778584,97,A01,cross-session,AdaBN
212,16,1,0.00036315600002012616,97,A01,cross-session,AdaBN
213,16,1,0.0003684849999956441,97,A01,cross-session,AdaBN
214,16,1,0.00037834500000144544,97,A01,cross-session,AdaBN
215,16,1,0.0004165580000119462,97,A01,cross-session,AdaBN
216,16,0,0.000399791000006644,97,A01,cross-session,AdaBN
217,16,1,0.0003694979999977477,97,A01,cross-session,AdaBN
218,16,0,0.0004132459999937055,97,A01,cross-session,AdaBN
219,16,1,0.000400315999996792,97,A01,cross-session,AdaBN
220,16,1,0.00036200200000280347,97,A01,cross-session,AdaBN
221,16,0,0.0003647640000110641,97,A01,cross-session,AdaBN
222,16,1,0.00037923599998634927,97,A01,cross-session,AdaBN
223,16,1,0.0003607829999907608,97,A01,cross-session,AdaBN
224,16,0,0.0003914049999877989,97,A01,cross-session,AdaBN
225,16,1,0.0003719640000099389,97,A01,cross-session,AdaBN
226,16,0,0.00037064700001110396,97,A01,cross-session,AdaBN
227,16,1,0.00037415599999235383,97,A01,cross-session,AdaBN
228,16,0,0.0003593389999991814,97,A01,cross-session,AdaBN
229,16,1,0.00042427200000361154,97,A01,cross-session,AdaBN
230,16,0,0.0003838199999961489,97,A01,cross-session,AdaBN
231,16,0,0.0003619139999955223,97,A01,cross-session,AdaBN
232,16,0,0.00037433599999303624,97,A01,cross-session,AdaBN
233,16,1,0.0003547400000059042,97,A01,cross-session,AdaBN
234,16,1,0.0003948990000139929,97,A01,cross-session,AdaBN
235,16,1,0.00038421400000743233,97,A01,cross-session,AdaBN
236,16,0,0.0003591379999932087,97,A01,cross-session,AdaBN
237,16,1,0.0003574420000234113,97,A01,cross-session,AdaBN
238,16,1,0.00039568399998302084,97,A01,cross-session,AdaBN
239,16,1,0.0003636590000155593,97,A01,cross-session,AdaBN
240,16,0,0.00036452200001235724,97,A01,cross-session,AdaBN
241,16,1,0.00037331600000811704,97,A01,cross-session,AdaBN
242,16,1,0.00036393199999906756,97,A01,cross-session,AdaBN
243,16,1,0.00037156200002641526,97,A01,cross-session,AdaBN
244,16,1,0.0003606729999887648,97,A01,cross-session,AdaBN
245,16,0,0.0003526600000043345,97,A01,cross-session,AdaBN
246,16,1,0.00037303599998494974,97,A01,cross-session,AdaBN
247,16,1,0.0003644330000156515,97,A01,cross-session,AdaBN
248,16,1,0.0003769260000012764,97,A01,cross-session,AdaBN
249,16,1,0.0003904010000042035,97,A01,cross-session,AdaBN
250,16,1,0.00036949200000435667,97,A01,cross-session,AdaBN
251,16,0,0.00037057600002299296,97,A01,cross-session,AdaBN
252,16,1,0.00038474900000551315,97,A01,cross-session,AdaBN
253,16,0,0.0003604910000092332,97,A01,cross-session,AdaBN
254,16,1,0.00038562899999305955,97,A01,cross-session,AdaBN
255,16,1,0.00035224600000560713,97,A01,cross-session,AdaBN
256,16,0,0.0003586019999772816,97,A01,cross-session,AdaBN
257,16,1,0.00037824200001068675,97,A01,cross-session,AdaBN
258,16,1,0.000381873999998561,97,A01,cross-session,AdaBN
259,16,1,0.00036270000001081826,97,A01,cross-session,AdaBN
260,16,1,0.00038921000000868844,97,A01,cross-session,AdaBN
261,16,1,0.0003532160000077056,97,A01,cross-session,AdaBN
262,16,1,0.00037053999997738174,97,A01,cross-session,AdaBN
263,16,1,0.00040370800002165197,97,A01,cross-session,AdaBN
264,16,1,0.0003803649999838399,97,A01,cross-session,AdaBN
265,16,0,0.0003627149999942958,97,A01,cross-session,AdaBN
266,16,1,0.0003608849999920949,97,A01,cross-session,AdaBN
267,16,0,0.0003613909999842235,97,A01,cross-session,AdaBN
268,16,1,0.0003911719999791785,97,A01,cross-session,AdaBN
269,16,0,0.00037008099999980004,97,A01,cross-session,AdaBN
270,16,1,0.0004020750000108819,97,A01,cross-session,AdaBN
271,16,1,0.00042009099999518185,97,A01,cross-session,AdaBN
272,16,0,0.00040644699998892975,97,A01,cross-session,AdaBN
273,16,0,0.000399466999994047,97,A01,cross-session,AdaBN
274,16,0,0.0004050960000085979,97,A01,cross-session,AdaBN
275,16,0,0.00035282400000369307,97,A01,cross-session,AdaBN
276,16,1,0.0003836009999815815,97,A01,cross-session,AdaBN
277,16,0,0.00039086500001417335,97,A01,cross-session,AdaBN
278,16,0,0.0003525119999778781,97,A01,cross-session,AdaBN
279,16,1,0.00040507800000000316,97,A01,cross-session,AdaBN
280,16,1,0.00037919099997907324,97,A01,cross-session,AdaBN
281,16,0,0.00037519099998917227,97,A01,cross-session,AdaBN
282,16,0,0.00037514599998189624,97,A01,cross-session,AdaBN
283,16,0,0.0003515619999916453,97,A01,cross-session,AdaBN
284,16,0,0.00036825800000883646,97,A01,cross-session,AdaBN
285,16,1,0.00039560800001936514,97,A01,cross-session,AdaBN
286,16,1,0.00036768900000083704,97,A01,cross-session,AdaBN
287,16,0,0.000363813000006985,97,A01,cross-session,AdaBN
0,1,0,0.000691510999985212,97,A02,cross-session,AdaBN
1,2,0,0.000604587999987416,97,A02,cross-session,AdaBN
2,3,0,0.0006075500000122247,97,A02,cross-session,AdaBN
3,4,0,0.0005663400000059937,97,A02,cross-session,AdaBN
4,5,0,0.0005697329999918566,97,A02,cross-session,AdaBN
5,6,1,0.0005306089999805863,97,A02,cross-session,AdaBN
6,7,0,0.0006591730000025109,97,A02,cross-session,AdaBN
7,8,1,0.0006308369999885599,97,A02,cross-session,AdaBN
8,9,1,0.0006219790000159264,97,A02,cross-session,AdaBN
9,10,0,0.0011146789999827433,97,A02,cross-session,AdaBN
10,11,0,0.0012418639999793868,97,A02,cross-session,AdaBN
11,12,0,0.0011329419999981383,97,A02,cross-session,AdaBN
12,13,0,0.0010440210000126626,97,A02,cross-session,AdaBN
13,14,0,0.0010731229999976222,97,A02,cross-session,AdaBN
14,15,0,0.0010353909999878397,97,A02,cross-session,AdaBN
15,16,0,0.0010304209999958402,97,A02,cross-session,AdaBN
16,16,0,0.0010321190000013303,97,A02,cross-session,AdaBN
17,16,0,0.001114647999997942,97,A02,cross-session,AdaBN
18,16,1,0.001079829000019572,97,A02,cross-session,AdaBN
19,16,0,0.0010115120000193656,97,A02,cross-session,AdaBN
20,16,0,0.00048444000000813503,97,A02,cross-session,AdaBN
21,16,0,0.0004042399999946156,97,A02,cross-session,AdaBN
22,16,0,0.0004234919999817066,97,A02,cross-session,AdaBN
23,16,0,0.0003605390000132047,97,A02,cross-session,AdaBN
24,16,1,0.00042083799999659277,97,A02,cross-session,AdaBN
25,16,0,0.0005274960000178908,97,A02,cross-session,AdaBN
26,16,0,0.00042138999998542204,97,A02,cross-session,AdaBN
27,16,1,0.0003885579999973743,97,A02,cross-session,AdaBN
28,16,0,0.0004065079999975296,97,A02,cross-session,AdaBN
29,16,1,0.00040693700000815625,97,A02,cross-session,AdaBN
30,16,0,0.000461739000002126,97,A02,cross-session,AdaBN
31,16,1,0.0005040670000084901,97,A02,cross-session,AdaBN
32,16,0,0.0003934119999939867,97,A02,cross-session,AdaBN
33,16,1,0.00037665599998604193,97,A02,cross-session,AdaBN
34,16,1,0.0003575800000135132,97,A02,cross-session,AdaBN
35,16,0,0.0003661650000026384,97,A02,cross-session,AdaBN
36,16,1,0.0003821379999919827,97,A02,cross-session,AdaBN
37,16,0,0.00035154500000089683,97,A02,cross-session,AdaBN
38,16,0,0.00037894199999755074,97,A02,cross-session,AdaBN
39,16,0,0.0003516719999936413,97,A02,cross-session,AdaBN
40,16,0,0.00041664100001526094,97,A02,cross-session,AdaBN
41,16,0,0.00039073499999631167,97,A02,cross-session,AdaBN
42,16,1,0.00038147600000115744,97,A02,cross-session,AdaBN
43,16,0,0.0003964429999996355,97,A02,cross-session,AdaBN
44,16,0,0.0003818380000097932,97,A02,cross-session,AdaBN
45,16,0,0.00043444599998565536,97,A02,cross-session,AdaBN
46,16,0,0.00035710299999891504,97,A02,cross-session,AdaBN
47,16,0,0.000386762000005092,97,A02,cross-session,AdaBN
48,16,0,0.0003686319999758325,97,A02,cross-session,AdaBN
49,16,1,0.0003995990000191796,97,A02,cross-session,AdaBN
50,16,0,0.00036241000000813983,97,A02,cross-session,AdaBN
51,16,0,0.0004133250000109001,97,A02,cross-session,AdaBN
52,16,1,0.00036101199998483935,97,A02,cross-session,AdaBN
53,16,0,0.0004306650000103218,97,A02,cross-session,AdaBN
54,16,0,0.000360817999990104,97,A02,cross-session,AdaBN
55,16,0,0.0003808969999852252,97,A02,cross-session,AdaBN
56,16,1,0.00036136500000338856,97,A02,cross-session,AdaBN
57,16,0,0.00042550800000640265,97,A02,cross-session,AdaBN
58,16,0,0.00040099599999621205,97,A02,cross-session,AdaBN
59,16,0,0.0003623030000028393,97,A02,cross-session,AdaBN
60,16,1,0.0003714089999959924,97,A02,cross-session,AdaBN
61,16,1,0.0003678449999995337,97,A02,cross-session,AdaBN
62,16,0,0.0003967170000009901,97,A02,cross-session,AdaBN
63,16,0,0.00035980900000254223,97,A02,cross-session,AdaBN
64,16,0,0.0003706339999780539,97,A02,cross-session,AdaBN
65,16,1,0.00035844999999312677,97,A02,cross-session,AdaBN
66,16,0,0.0003579709999996794,97,A02,cross-session,AdaBN
67,16,1,0.0003461149999850477,97,A02,cross-session,AdaBN
68,16,0,0.0003613709999967796,97,A02,cross-session,AdaBN
69,16,1,0.0004334719999974368,97,A02,cross-session,AdaBN
70,16,1,0.0003741010000055667,97,A02,cross-session,AdaBN
71,16,0,0.0003591359999859378,97,A02,cross-session,AdaBN
72,16,0,0.0003465980000214586,97,A02,cross-session,AdaBN
73,16,0,0.00037275200000408404,97,A02,cross-session,AdaBN
74,16,0,0.00036671499998419677,97,A02,cross-session,AdaBN
75,16,0,0.00039089799997782393,97,A02,cross-session,AdaBN
76,16,1,0.0003449600000067221,97,A02,cross-session,AdaBN
77,16,0,0.000395986000000903,97,A02,cross-session,AdaBN
78,16,0,0.00036200200000280347,97,A02,cross-session,AdaBN
79,16,0,0.0003739989999758109,97,A02,cross-session,AdaBN
80,16,0,0.0003711579999787773,97,A02,cross-session,AdaBN
81,16,0,0.0004378669999880458,97,A02,cross-session,AdaBN
82,16,1,0.0003608950000000277,97,A02,cross-session,AdaBN
83,16,0,0.00036715600001002713,97,A02,cross-session,AdaBN
84,16,0,0.0003876069999932952,97,A02,cross-session,AdaBN
85,16,0,0.00035432199999263503,97,A02,cross-session,AdaBN
86,16,0,0.0003619169999922178,97,A02,cross-session,AdaBN
87,16,1,0.0003628560000095149,97,A02,cross-session,AdaBN
88,16,0,0.0003938360000006469,97,A02,cross-session,AdaBN
89,16,0,0.00036070299998414157,97,A02,cross-session,AdaBN
90,16,0,0.000406682000004821,97,A02,cross-session,AdaBN
91,16,1,0.0003550110000105633,97,A02,cross-session,AdaBN
92,16,0,0.000538292000015872,97,A02,cross-session,AdaBN
93,16,1,0.00041319599998246304,97,A02,cross-session,AdaBN
94,16,1,0.000413211000022784,97,A02,cross-session,AdaBN
95,16,0,0.00044104899998842484,97,A02,cross-session,AdaBN
96,16,0,0.0003618009999968308,97,A02,cross-session,AdaBN
97,16,0,0.0003602890000138359,97,A02,cross-session,AdaBN
98,16,1,0.0003963970000029349,97,A02,cross-session,AdaBN
99,16,0,0.0003884289999973589,97,A02,cross-session,AdaBN
100,16,1,0.0004143449999958193,97,A02,cross-session,AdaBN
101,16,0,0.0003644400000268888,97,A02,cross-session,AdaBN
102,16,0,0.00036980699999844546,97,A02,cross-session,AdaBN
103,16,0,0.0003593410000064523,97,A02,cross-session,AdaBN
104,16,0,0.00035602699998094067,97,A02,cross-session,AdaBN
105,16,0,0.00042916200001741345,97,A02,cross-session,AdaBN
106,16,0,0.0004139979999990828,97,A02,cross-session,AdaBN
107,16,0,0.0003710469999873567,97,A02,cross-session,AdaBN
108,16,0,0.0003723190000073373,97,A02,cross-session,AdaBN
109,16,0,0.00036494299999390023,97,A02,cross-session,AdaBN
110,16,0,0.000363663999991104,97,A02,cross-session,AdaBN
111,16,0,0.000359384999995882,97,A02,cross-session,AdaBN
112,16,1,0.00036375099998053884,97,A02,cross-session,AdaBN
113,16,1,0.0003670010000007551,97,A02,cross-session,AdaBN
114,16,0,0.00036878500000625536,97,A02,cross-session,AdaBN
115,16,0,0.0003695630000208894,97,A02,cross-session,AdaBN
116,16,0,0.00035389800001439653,97,A02,cross-session,AdaBN
117,16,0,0.00043173499997806175,97,A02,cross-session,AdaBN
118,16,0,0.0003645040000037625,97,A02,cross-session,AdaBN
119,16,0,0.00035672600000680177,97,A02,cross-session,AdaBN
120,16,0,0.00036706699998489967,97,A02,cross-session,AdaBN
121,16,0,0.00035760699998377277,97,A02,cross-session,AdaBN
122,16,0,0.0003629539999963072,97,A02,cross-session,AdaBN
123,16,0,0.0003745260000016515,97,A02,cross-session,AdaBN
124,16,0,0.000354834999996001,97,A02,cross-session,AdaBN
125,16,0,0.0003574119999996128,97,A02,cross-session,AdaBN
126,16,0,0.000367812999996886,97,A02,cross-session,AdaBN
127,16,0,0.0003649639999991905,97,A02,cross-session,AdaBN
128,16,0,0.0003475249999951302,97,A02,cross-session,AdaBN
129,16,0,0.0003746829999897727,97,A02,cross-session,AdaBN
130,16,0,0.00041190199999618926,97,A02,cross-session,AdaBN
131,16,0,0.00036421400000108406,97,A02,cross-session,AdaBN
132,16,0,0.00036281199999166347,97,A02,cross-session,AdaBN
133,16,1,0.0003559660000007625,97,A02,cross-session,AdaBN
134,16,0,0.0003634190000241233,97,A02,cross-session,AdaBN
135,16,0,0.00036157499999944775,97,A02,cross-session,AdaBN
136,16,0,0.0003502040000000761,97,A02,cross-session,AdaBN
137,16,0,0.00036906599999042555,97,A02,cross-session,AdaBN
138,16,0,0.00036378699999772834,97,A02,cross-session,AdaBN
139,16,0,0.0003564220000100704,97,A02,cross-session,AdaBN
140,16,1,0.0003914540000096167,97,A02,cross-session,AdaBN
141,16,1,0.0004017120000128216,97,A02,cross-session,AdaBN
142,16,1,0.00037265100002059626,97,A02,cross-session,AdaBN
143,16,0,0.00035081600000808066,97,A02,cross-session,AdaBN
144,16,0,0.00040057300000739815,97,A02,cross-session,AdaBN
145,16,0,0.0003809060000037334,97,A02,cross-session,AdaBN
146,16,0,0.00035032499999942956,97,A02,cross-session,AdaBN
147,16,0,0.0003611340000020391,97,A02,cross-session,AdaBN
148,16,0,0.00036657199999012846,97,A02,cross-session,AdaBN
149,16,0,0.00035760300002607437,97,A02,cross-session,AdaBN
150,16,0,0.00036442800001168507,97,A02,cross-session,AdaBN
151,16,1,0.0003608609999901091,97,A02,cross-session,AdaBN
152,16,0,0.0003704879999872901,97,A02,cross-session,AdaBN
153,16,0,0.0003938770000218028,97,A02,cross-session,AdaBN
154,16,0,0.0004201480000176616,97,A02,cross-session,AdaBN
155,16,1,0.0003849420000108239,97,A02,cross-session,AdaBN
156,16,0,0.00037019899997403627,97,A02,cross-session,AdaBN
157,16,1,0.00037487000000169246,97,A02,cross-session,AdaBN
158,16,0,0.0003501699999901575,97,A02,cross-session,AdaBN
159,16,0,0.0003686610000102064,97,A02,cross-session,AdaBN
160,16,1,0.00036241500001210625,97,A02,cross-session,AdaBN
161,16,0,0.0003615149999802725,97,A02,cross-session,AdaBN
162,16,0,0.00035581399998818597,97,A02,cross-session,AdaBN
163,16,1,0.0003472070000043459,97,A02,cross-session,AdaBN
164,16,0,0.00040542300001789044,97,A02,cross-session,AdaBN
165,16,0,0.00042497900000171285,97,A02,cross-session,AdaBN
166,16,1,0.00037978700001417565,97,A02,cross-session,AdaBN
167,16,1,0.00035936200001174257,97,A02,cross-session,AdaBN
168,16,0,0.00036016399999994064,97,A02,cross-session,AdaBN
169,16,1,0.00036751700000081655,97,A02,cross-session,AdaBN
170,16,0,0.0003548369999748502,97,A02,cross-session,AdaBN
171,16,1,0.00034757999998191735,97,A02,cross-session,AdaBN
172,16,1,0.0003528740000149355,97,A02,cross-session,AdaBN
173,16,0,0.0003542820000177471,97,A02,cross-session,AdaBN
174,16,0,0.0003561489999981404,97,A02,cross-session,AdaBN
175,16,0,0.00035963300001640164,97,A02,cross-session,AdaBN
176,16,0,0.0004015039999956116,97,A02,cross-session,AdaBN
177,16,0,0.00040985800001180905,97,A02,cross-session,AdaBN
178,16,0,0.00039399399997819273,97,A02,cross-session,AdaBN
179,16,1,0.0003569920000074944,97,A02,cross-session,AdaBN
180,16,0,0.0003782539999974688,97,A02,cross-session,AdaBN
181,16,0,0.0003595459999985451,97,A02,cross-session,AdaBN
182,16,1,0.0003577869999844552,97,A02,cross-session,AdaBN
183,16,0,0.0003722779999861814,97,A02,cross-session,AdaBN
184,16,1,0.00034919800000920986,97,A02,cross-session,AdaBN
185,16,1,0.00036209900000017115,97,A02,cross-session,AdaBN
186,16,0,0.00040971100000319893,97,A02,cross-session,AdaBN
187,16,0,0.0003579620000095929,97,A02,cross-session,AdaBN
188,16,0,0.0003710080000018934,97,A02,cross-session,AdaBN
189,16,1,0.0003606749999960357,97,A02,cross-session,AdaBN
190,16,0,0.00035759600001483705,97,A02,cross-session,AdaBN
191,16,0,0.0003704890000051364,97,A02,cross-session,AdaBN
192,16,0,0.00035671999998498904,97,A02,cross-session,AdaBN
193,16,1,0.0003552969999986999,97,A02,cross-session,AdaBN
194,16,0,0.0003609990000086327,97,A02,cross-session,AdaBN
195,16,0,0.0003491089999840824,97,A02,cross-session,AdaBN
196,16,0,0.0003573319999929936,97,A02,cross-session,AdaBN
197,16,0,0.00036129800000139767,97,A02,cross-session,AdaBN
198,16,0,0.00038387500001135777,97,A02,cross-session,AdaBN
199,16,1,0.0003910229999917192,97,A02,cross-session,AdaBN
200,16,0,0.00037151800000856383,97,A02,cross-session,AdaBN
201,16,1,0.00035967700000583136,97,A02,cross-session,AdaBN
202,16,1,0.00038657300001432304,97,A02,cross-session,AdaBN
203,16,1,0.00036210799999025767,97,A02,cross-session,AdaBN
204,16,0,0.0003569549999724586,97,A02,cross-session,AdaBN
205,16,1,0.00036793799998235954,97,A02,cross-session,AdaBN
206,16,1,0.0003545569999801046,97,A02,cross-session,AdaBN
207,16,0,0.0003651460000071438,97,A02,cross-session,AdaBN
208,16,1,0.00037736000001586945,97,A02,cross-session,AdaBN
209,16,0,0.00041615300000330535,97,A02,cross-session,AdaBN
210,16,1,0.0003805730000010499,97,A02,cross-session,AdaBN
211,16,0,0.0003654219999873476,97,A02,cross-session,AdaBN
212,16,1,0.0003573779999896942,97,A02,cross-session,AdaBN
213,16,0,0.0003902960000061739,97,A02,cross-session,AdaBN
214,16,0,0.00036003299999265437,97,A02,cross-session,AdaBN
215,16,0,0.0003729499999849395,97,A02,cross-session,AdaBN
216,16,0,0.0003813160000163407,97,A02,cross-session,AdaBN
217,16,0,0.0003574159999857329,97,A02,cross-session,AdaBN
218,16,1,0.0003585329999964415,97,A02,cross-session,AdaBN
219,16,1,0.0003817820000051597,97,A02,cross-session,AdaBN
220,16,1,0.00042748100000267186,97,A02,cross-session,AdaBN
221,16,1,0.00036688800000206356,97,A02,cross-session,AdaBN
222,16,0,0.0003782510000007733,97,A02,cross-session,AdaBN
223,16,0,0.00035570300002518707,97,A02,cross-session,AdaBN
224,16,1,0.00036885100001882165,97,A02,cross-session,AdaBN
225,16,0,0.0003546670000105223,97,A02,cross-session,AdaBN
226,16,0,0.0003618709999955172,97,A02,cross-session,AdaBN
227,16,0,0.0003645509999898877,97,A02,cross-session,AdaBN
228,16,0,0.00035151600002336636,97,A02,cross-session,AdaBN
229,16,1,0.00035179700000753655,97,A02,cross-session,AdaBN
230,16,0,0.000381168000018306,97,A02,cross-session,AdaBN
231,16,1,0.0003841760000113936,97,A02,cross-session,AdaBN
232,16,0,0.00035590600001000894,97,A02,cross-session,AdaBN
233,16,0,0.0003822719999959645,97,A02,cross-session,AdaBN
234,16,1,0.00035507399999801237,97,A02,cross-session,AdaBN
235,16,1,0.0003646899999978359,97,A02,cross-session,AdaBN
236,16,0,0.00036547400000586094,97,A02,cross-session,AdaBN
237,16,0,0.00036520199998335556,97,A02,cross-session,AdaBN
238,16,1,0.0003555670000139344,97,A02,cross-session,AdaBN
239,16,0,0.0003457709999850067,97,A02,cross-session,AdaBN
240,16,0,0.00037116900000455644,97,A02,cross-session,AdaBN
241,16,0,0.00039779799999450915,97,A02,cross-session,AdaBN
242,16,0,0.0003764739999780886,97,A02,cross-session,AdaBN
243,16,0,0.00035794400000099813,97,A02,cross-session,AdaBN
244,16,0,0.00036108400001921837,97,A02,cross-session,AdaBN
245,16,0,0.00038102799999251147,97,A02,cross-session,AdaBN
246,16,0,0.00035826800001359516,97,A02,cross-session,AdaBN
247,16,0,0.0003492069999992964,97,A02,cross-session,AdaBN
248,16,0,0.0003601839999873846,97,A02,cross-session,AdaBN
249,16,1,0.0003531849999944825,97,A02,cross-session,AdaBN
250,16,0,0.00035127300000681316,97,A02,cross-session,AdaBN
251,16,1,0.0004180640000015501,97,A02,cross-session,AdaBN
252,16,0,0.000363483000000997,97,A02,cross-session,AdaBN
253,16,1,0.0003667660000132855,97,A02,cross-session,AdaBN
254,16,0,0.00036488599999984217,97,A02,cross-session,AdaBN
255,16,1,0.0003510410000160391,97,A02,cross-session,AdaBN
256,16,0,0.00036896299999966686,97,A02,cross-session,AdaBN
257,16,1,0.0003644760000156566,97,A02,cross-session,AdaBN
258,16,0,0.00035179100001414554,97,A02,cross-session,AdaBN
259,16,0,0.00035109000000943524,97,A02,cross-session,AdaBN
260,16,1,0.00036385100000302373,97,A02,cross-session,AdaBN
261,16,0,0.00035826399999905334,97,A02,cross-session,AdaBN
262,16,0,0.0003613009999980932,97,A02,cross-session,AdaBN
263,16,0,0.0004184939999731796,97,A02,cross-session,AdaBN
264,16,0,0.00035988099998007783,97,A02,cross-session,AdaBN
265,16,0,0.00038119499998856554,97,A02,cross-session,AdaBN
266,16,1,0.00036266999998701976,97,A02,cross-session,AdaBN
267,16,0,0.00035984300001246083,97,A02,cross-session,AdaBN
268,16,0,0.0003733350000061364,97,A02,cross-session,AdaBN
269,16,0,0.00038674699999319273,97,A02,cross-session,AdaBN
270,16,0,0.0003774130000238074,97,A02,cross-session,AdaBN
271,16,0,0.00038890599998353537,97,A02,cross-session,AdaBN
272,16,0,0.00036189799999419847,97,A02,cross-session,AdaBN
273,16,0,0.0003716110000198114,97,A02,cross-session,AdaBN
274,16,0,0.0004149039999958859,97,A02,cross-session,AdaBN
275,16,0,0.00037166699999602315,97,A02,cross-session,AdaBN
276,16,0,0.0003626569999823914,97,A02,cross-session,AdaBN
277,16,0,0.0003606129999980112,97,A02,cross-session,AdaBN
278,16,0,0.00035897999998724117,97,A02,cross-session,AdaBN
279,16,0,0.00036266099999693324,97,A02,cross-session,AdaBN
280,16,0,0.00035481899999467714,97,A02,cross-session,AdaBN
281,16,1,0.00035485499998344494,97,A02,cross-session,AdaBN
282,16,1,0.0003602550000039173,97,A02,cross-session,AdaBN
283,16,1,0.00035401700000647907,97,A02,cross-session,AdaBN
284,16,0,0.0003485830000045098,97,A02,cross-session,AdaBN
285,16,0,0.0004170400000020891,97,A02,cross-session,AdaBN
286,16,0,0.00036544399998206245,97,A02,cross-session,AdaBN
287,16,1,0.0003684380000095189,97,A02,cross-session,AdaBN
0,1,0,0.0005455049999909534,97,A03,cross-session,AdaBN
1,2,1,0.0004858290000129273,97,A03,cross-session,AdaBN
2,3,0,0.0004769040000098812,97,A03,cross-session,AdaBN
3,4,1,0.0004543969999986075,97,A03,cross-session,AdaBN
4,5,0,0.00044801100000313454,97,A03,cross-session,AdaBN
5,6,1,0.0004184899999870595,97,A03,cross-session,AdaBN
6,7,1,0.00043877199999542427,97,A03,cross-session,AdaBN
7,8,0,0.0004160629999887533,97,A03,cross-session,AdaBN
8,9,1,0.0004317899999932706,97,A03,cross-session,AdaBN
9,10,0,0.0004355030000056104,97,A03,cross-session,AdaBN
10,11,1,0.0004773660000125801,97,A03,cross-session,AdaBN
11,12,0,0.0006394289999889224,97,A03,cross-session,AdaBN
12,13,1,0.0006229120000114108,97,A03,cross-session,AdaBN
13,14,0,0.0006194499999878644,97,A03,cross-session,AdaBN
14,15,1,0.0006185910000056083,97,A03,cross-session,AdaBN
15,16,1,0.0005786730000068019,97,A03,cross-session,AdaBN
16,16,1,0.0005795569999804684,97,A03,cross-session,AdaBN
17,16,1,0.0005668050000053881,97,A03,cross-session,AdaBN
18,16,0,0.0005761259999985668,97,A03,cross-session,AdaBN
19,16,1,0.0006085809999945013,97,A03,cross-session,AdaBN
20,16,0,0.0005624350000061895,97,A03,cross-session,AdaBN
21,16,1,0.0005687109999996665,97,A03,cross-session,AdaBN
22,16,1,0.0006012750000081724,97,A03,cross-session,AdaBN
23,16,1,0.0005740139999943494,97,A03,cross-session,AdaBN
24,16,0,0.0005469339999990552,97,A03,cross-session,AdaBN
25,16,1,0.0005790669999896636,97,A03,cross-session,AdaBN
26,16,1,0.000560610000007955,97,A03,cross-session,AdaBN
27,16,0,0.0005481269999734195,97,A03,cross-session,AdaBN
28,16,0,0.0005680219999817382,97,A03,cross-session,AdaBN
29,16,0,0.0004449790000080611,97,A03,cross-session,AdaBN
30,16,1,0.0003908889999877374,97,A03,cross-session,AdaBN
31,16,1,0.0004280659999835734,97,A03,cross-session,AdaBN
32,16,1,0.00045207299999106,97,A03,cross-session,AdaBN
33,16,1,0.0004202390000216383,97,A03,cross-session,AdaBN
34,16,1,0.0003667990000053578,97,A03,cross-session,AdaBN
35,16,1,0.00037065399999391957,97,A03,cross-session,AdaBN
36,16,1,0.00037308000000280117,97,A03,cross-session,AdaBN
37,16,1,0.0003599630000223897,97,A03,cross-session,AdaBN
38,16,1,0.00041137499999877036,97,A03,cross-session,AdaBN
39,16,0,0.00040567300001725926,97,A03,cross-session,AdaBN
40,16,0,0.0003897219999942081,97,A03,cross-session,AdaBN
41,16,1,0.00040552600000864913,97,A03,cross-session,AdaBN
42,16,0,0.00042215999999939413,97,A03,cross-session,AdaBN
43,16,1,0.0003864219999911711,97,A03,cross-session,AdaBN
44,16,1,0.00040309999999976753,97,A03,cross-session,AdaBN
45,16,1,0.0003645440000070721,97,A03,cross-session,AdaBN
46,16,1,0.0003514680000193948,97,A03,cross-session,AdaBN
47,16,1,0.0003721730000165735,97,A03,cross-session,AdaBN
48,16,0,0.0003856539999844699,97,A03,cross-session,AdaBN
49,16,0,0.0003744180000069264,97,A03,cross-session,AdaBN
50,16,1,0.0004102560000092126,97,A03,cross-session,AdaBN
51,16,1,0.00037113700000190875,97,A03,cross-session,AdaBN
52,16,1,0.00036796400002003793,97,A03,cross-session,AdaBN
53,16,1,0.0004451140000014675,97,A03,cross-session,AdaBN
54,16,0,0.000376757999987376,97,A03,cross-session,AdaBN
55,16,1,0.00038830100001518986,97,A03,cross-session,AdaBN
56,16,1,0.0003778059999888228,97,A03,cross-session,AdaBN
57,16,0,0.0003896250000252621,97,A03,cross-session,AdaBN
58,16,1,0.0003857430000095974,97,A03,cross-session,AdaBN
59,16,1,0.00037609600002497245,97,A03,cross-session,AdaBN
60,16,0,0.00040736799999763207,97,A03,cross-session,AdaBN
61,16,1,0.0003529409999885047,97,A03,cross-session,AdaBN
62,16,1,0.0003774500000019998,97,A03,cross-session,AdaBN
63,16,1,0.0003806820000136213,97,A03,cross-session,AdaBN
64,16,1,0.000351314999988972,97,A03,cross-session,AdaBN
65,16,1,0.00040362800001503274,97,A03,cross-session,AdaBN
66,16,1,0.00035579999999413303,97,A03,cross-session,AdaBN
67,16,1,0.00039153599999508515,97,A03,cross-session,AdaBN
68,16,1,0.0003672599999902104,97,A03,cross-session,AdaBN
69,16,0,0.00035513200000991674,97,A03,cross-session,AdaBN
70,16,1,0.00035987800001180403,97,A03,cross-session,AdaBN
71,16,0,0.00034870600001113417,97,A03,cross-session,AdaBN
72,16,1,0.00040813900000102876,97,A03,cross-session,AdaBN
73,16,1,0.00035774299999502546,97,A03,cross-session,AdaBN
74,16,1,0.00035313099999711994,97,A03,cross-session,AdaBN
75,16,1,0.00036284199998704025,97,A03,cross-session,AdaBN
76,16,1,0.0003850219999890214,97,A03,cross-session,AdaBN
77,16,1,0.00038790900001117734,97,A03,cross-session,AdaBN
78,16,1,0.0003698200000030738,97,A03,cross-session,AdaBN
79,16,1,0.00040588400000274305,97,A03,cross-session,AdaBN
80,16,1,0.0003969740000115962,97,A03,cross-session,AdaBN
81,16,0,0.0003588529999944967,97,A03,cross-session,AdaBN
82,16,0,0.00039807699999983015,97,A03,cross-session,AdaBN
83,16,1,0.00036406899999974485,97,A03,cross-session,AdaBN
84,16,1,0.0004001329999994141,97,A03,cross-session,AdaBN
85,16,0,0.0003674019999948541,97,A03,cross-session,AdaBN
86,16,1,0.0003492209999933493,97,A03,cross-session,AdaBN
87,16,1,0.00037571500001831737,97,A03,cross-session,AdaBN
88,16,1,0.00035215299999435956,97,A03,cross-session,AdaBN
89,16,0,0.00041062799999735944,97,A03,cross-session,AdaBN
90,16,1,0.0003872200000216708,97,A03,cross-session,AdaBN
91,16,0,0.00035309300000108124,97,A03,cross-session,AdaBN
92,16,1,0.00038326899999674424,97,A03,cross-session,AdaBN
93,16,0,0.0003523000000029697,97,A03,cross-session,AdaBN
94,16,0,0.00036431399999514724,97,A03,cross-session,AdaBN
95,16,1,0.0003805030000023635,97,A03,cross-session,AdaBN
96,16,1,0.00037487100001953877,97,A03,cross-session,AdaBN
97,16,1,0.0003690389999917443,97,A03,cross-session,AdaBN
98,16,0,0.00035425699999791505,97,A03,cross-session,AdaBN
99,16,1,0.0003660200000012992,97,A03,cross-session,AdaBN
100,16,1,0.0003847600000028706,97,A03,cross-session,AdaBN
101,16,1,0.00034965400001851776,97,A03,cross-session,AdaBN
102,16,1,0.00038742600000318816,97,A03,cross-session,AdaBN
103,16,0,0.0004017540000234021,97,A03,cross-session,AdaBN
104,16,1,0.00035674800000151663,97,A03,cross-session,AdaBN
105,16,1,0.0003531410000050528,97,A03,cross-session,AdaBN
106,16,0,0.00034631099998705395,97,A03,cross-session,AdaBN
107,16,0,0.0003605669999728889,97,A03,cross-session,AdaBN
108,16,0,0.0003521220000095582,97,A03,cross-session,AdaBN
109,16,1,0.0003535029999852668,97,A03,cross-session,AdaBN
110,16,0,0.0003585590000056982,97,A03,cross-session,AdaBN
111,16,1,0.0003498149999927591,97,A03,cross-session,AdaBN
112,16,0,0.00035524000000464184,97,A03,cross-session,AdaBN
113,16,1,0.0003685840000002827,97,A03,cross-session,AdaBN
114,16,1,0.00035468100000457525,97,A03,cross-session,AdaBN
115,16,1,0.0003724599999941347,97,A03,cross-session,AdaBN
116,16,1,0.00035643600000412334,97,A03,cross-session,AdaBN
117,16,1,0.00034972200000993325,97,A03,cross-session,AdaBN
118,16,1,0.0003502580000258604,97,A03,cross-session,AdaBN
119,16,0,0.00035080600000014783,97,A03,cross-session,AdaBN
120,16,1,0.00037423000000558204,97,A03,cross-session,AdaBN
121,16,1,0.0003567740000107733,97,A03,cross-session,AdaBN
122,16,0,0.00036143700000934587,97,A03,cross-session,AdaBN
123,16,1,0.00034895499999265667,97,A03,cross-session,AdaBN
124,16,1,0.0003495580000105747,97,A03,cross-session,AdaBN
125,16,1,0.0003732039999988501,97,A03,cross-session,AdaBN
126,16,1,0.0003658440000151586,97,A03,cross-session,AdaBN
127,16,1,0.00035819200002151774,97,A03,cross-session,AdaBN
128,16,0,0.0003551920000006703,97,A03,cross-session,AdaBN
129,16,0,0.00034511900000211426,97,A03,cross-session,AdaBN
130,16,1,0.00036558400000785696,97,A03,cross-session,AdaBN
131,16,1,0.00035482500001648987,97,A03,cross-session,AdaBN
132,16,1,0.00034651800001483934,97,A03,cross-session,AdaBN
133,16,1,0.00039835300000845564,97,A03,cross-session,AdaBN
134,16,1,0.000354846999982783,97,A03,cross-session,AdaBN
135,16,1,0.00035827199999971526,97,A03,cross-session,AdaBN
136,16,1,0.00036118300002385695,97,A03,cross-session,AdaBN
137,16,0,0.00037845400001401686,97,A03,cross-session,AdaBN
138,16,1,0.0003631439999765007,97,A03,cross-session,AdaBN
139,16,1,0.00035201200000756216,97,A03,cross-session,AdaBN
140,16,1,0.0003565339999909156,97,A03,cross-session,AdaBN
141,16,0,0.0003616529999987961,97,A03,cross-session,AdaBN
142,16,1,0.0003809960000182855,97,A03,cross-session,AdaBN
143,16,1,0.00036470800000643067,97,A03,cross-session,AdaBN
144,16,0,0.00035956599998598904,97,A03,cross-session,AdaBN
145,16,0,0.00035257000001820415,97,A03,cross-session,AdaBN
146,16,1,0.00036452200001235724,97,A03,cross-session,AdaBN
147,16,0,0.00035685800000351264,97,A03,cross-session,AdaBN
148,16,0,0.0003627520000009099,97,A03,cross-session,AdaBN
149,16,1,0.00037976699999831,97,A03,cross-session,AdaBN
150,16,1,0.00035703300000022864,97,A03,cross-session,AdaBN
151,16,1,0.00038323699999409655,97,A03,cross-session,AdaBN
152,16,0,0.00034782399998789515,97,A03,cross-session,AdaBN
153,16,1,0.0003543520000164335,97,A03,cross-session,AdaBN
154,16,1,0.0003824090000250635,97,A03,cross-session,AdaBN
155,16,1,0.0003482280000071114,97,A03,cross-session,AdaBN
156,16,1,0.000383921999997483,97,A03,cross-session,AdaBN
157,16,1,0.00035862499998984276,97,A03,cross-session,AdaBN
158,16,0,0.0003589609999892218,97,A03,cross-session,AdaBN
159,16,1,0.00036329499999965265,97,A03,cross-session,AdaBN
160,16,1,0.00037624099999788996,97,A03,cross-session,AdaBN
161,16,1,0.0003628239999784455,97,A03,cross-session,AdaBN
162,16,1,0.000353052000008347,97,A03,cross-session,AdaBN
163,16,1,0.00037930400000618647,97,A03,cross-session,AdaBN
164,16,0,0.0003756929999951808,97,A03,cross-session,AdaBN
165,16,1,0.00034972400001720416,97,A03,cross-session,AdaBN
166,16,1,0.0003765109999847027,97,A03,cross-session,AdaBN
167,16,1,0.00036670900001922746,97,A03,cross-session,AdaBN
168,16,1,0.0003615539999941575,97,A03,cross-session,AdaBN
169,16,1,0.00035921899998925255,97,A03,cross-session,AdaBN
170,16,1,0.0003495210000039606,97,A03,cross-session,AdaBN
171,16,0,0.0003959799999790903,97,A03,cross-session,AdaBN
172,16,1,0.0003850209999995968,97,A03,cross-session,AdaBN
173,16,1,0.0003469559999871308,97,A03,cross-session,AdaBN
174,16,1,0.00036191899999948873,97,A03,cross-session,AdaBN
175,16,1,0.00037786000001460707,97,A03,cross-session,AdaBN
176,16,1,0.0003753159999746458,97,A03,cross-session,AdaBN
177,16,1,0.0003726010000093538,97,A03,cross-session,AdaBN
178,16,1,0.0003449179999961416,97,A03,cross-session,AdaBN
179,16,0,0.00037497899998584217,97,A03,cross-session,AdaBN
180,16,0,0.00036206100000413244,97,A03,cross-session,AdaBN
181,16,0,0.00042747400001985625,97,A03,cross-session,AdaBN
182,16,0,0.0003866990000176429,97,A03,cross-session,AdaBN
183,16,1,0.00035211600001616716,97,A03,cross-session,AdaBN
184,16,1,0.0003938079999841193,97,A03,cross-session,AdaBN
185,16,1,0.00036839199998439653,97,A03,cross-session,AdaBN
186,16,0,0.00035151900002006187,97,A03,cross-session,AdaBN
187,16,1,0.0003795969999771387,97,A03,cross-session,AdaBN
188,16,0,0.00034774599998854683,97,A03,cross-session,AdaBN
189,16,1,0.00034799799999518655,97,A03,cross-session,AdaBN
190,16,1,0.00036635700001852456,97,A03,cross-session,AdaBN
191,16,1,0.00034047899998768116,97,A03,cross-session,AdaBN
192,16,0,0.0003726330000120015,97,A03,cross-session,AdaBN
193,16,1,0.00036381799998252973,97,A03,cross-session,AdaBN
194,16,1,0.0003797690000055809,97,A03,cross-session,AdaBN
195,16,0,0.0003835750000007465,97,A03,cross-session,AdaBN
196,16,0,0.00035303199999248136,97,A03,cross-session,AdaBN
197,16,1,0.0003617329999769936,97,A03,cross-session,AdaBN
198,16,0,0.00036502000000382395,97,A03,cross-session,AdaBN
199,16,1,0.0003632420000201364,97,A03,cross-session,AdaBN
200,16,1,0.0003532249999977921,97,A03,cross-session,AdaBN
201,16,1,0.00036006599998472666,97,A03,cross-session,AdaBN
202,16,1,0.0003555330000040158,97,A03,cross-session,AdaBN
203,16,1,0.0003701029999945149,97,A03,cross-session,AdaBN
204,16,1,0.00041432000000440894,97,A03,cross-session,AdaBN
205,16,1,0.00037226999998551946,97,A03,cross-session,AdaBN
206,16,0,0.00036621800001057636,97,A03,cross-session,AdaBN
207,16,1,0.0003507299999796487,97,A03,cross-session,AdaBN
208,16,0,0.00035721599999760656,97,A03,cross-session,AdaBN
209,16,0,0.0003472850000036942,97,A03,cross-session,AdaBN
210,16,1,0.0003717880000237983,97,A03,cross-session,AdaBN
211,16,1,0.0003889770000000681,97,A03,cross-session,AdaBN
212,16,1,0.0003607190000138871,97,A03,cross-session,AdaBN
213,16,1,0.0003616549999776453,97,A03,cross-session,AdaBN
214,16,1,0.0003609130000086225,97,A03,cross-session,AdaBN
215,16,0,0.00037146099998608406,97,A03,cross-session,AdaBN
216,16,1,0.00038098499999250635,97,A03,cross-session,AdaBN
217,16,1,0.0003626369999949475,97,A03,cross-session,AdaBN
218,16,1,0.0003636280000023362,97,A03,cross-session,AdaBN
219,16,0,0.00040528399998152054,97,A03,cross-session,AdaBN
220,16,0,0.0003634169999884307,97,A03,cross-session,AdaBN
221,16,1,0.000356273999983614,97,A03,cross-session,AdaBN
222,16,1,0.0004026710000175626,97,A03,cross-session,AdaBN
223,16,1,0.0003605379999953584,97,A03,cross-session,AdaBN
224,16,0,0.0003582470000083049,97,A03,cross-session,AdaBN
225,16,0,0.0003808900000024096,97,A03,cross-session,AdaBN
226,16,1,0.00040710700000090583,97,A03,cross-session,AdaBN
227,16,1,0.00036491400001636976,97,A03,cross-session,AdaBN
228,16,1,0.0003494949999947039,97,A03,cross-session,AdaBN
229,16,0,0.000357331000003569,97,A03,cross-session,AdaBN
230,16,1,0.00038118800000574993,97,A03,cross-session,AdaBN
231,16,1,0.00035555000002318593,97,A03,cross-session,AdaBN
232,16,1,0.00035321100000373917,97,A03,cross-session,AdaBN
233,16,0,0.00037550400000441186,97,A03,cross-session,AdaBN
234,16,1,0.0003585609999845474,97,A03,cross-session,AdaBN
235,16,1,0.00036424499998588544,97,A03,cross-session,AdaBN
236,16,1,0.0004034439999998085,97,A03,cross-session,AdaBN
237,16,1,0.0004061909999961699,97,A03,cross-session,AdaBN
238,16,1,0.00036142800001925934,97,A03,cross-session,AdaBN
239,16,0,0.00035868399999117173,97,A03,cross-session,AdaBN
240,16,0,0.00036414799998851777,97,A03,cross-session,AdaBN
241,16,1,0.0003854719999765166,97,A03,cross-session,AdaBN
242,16,1,0.0003559350000159611,97,A03,cross-session,AdaBN
243,16,1,0.00036930499999243693,97,A03,cross-session,AdaBN
244,16,1,0.00038730700001110563,97,A03,cross-session,AdaBN
245,16,1,0.0003626559999929668,97,A03,cross-session,AdaBN
246,16,1,0.0003746810000109235,97,A03,cross-session,AdaBN
247,16,1,0.0003879989999973077,97,A03,cross-session,AdaBN
248,16,0,0.0003637689999891336,97,A03,cross-session,AdaBN
249,16,1,0.00036235300001408177,97,A03,cross-session,AdaBN
250,16,1,0.0003623700000048302,97,A03,cross-session,AdaBN
251,16,1,0.00034771800000044095,97,A03,cross-session,AdaBN
252,16,1,0.0003656020000164517,97,A03,cross-session,AdaBN
253,16,1,0.00035379999999918255,97,A03,cross-session,AdaBN
254,16,1,0.0003599810000025627,97,A03,cross-session,AdaBN
255,16,1,0.00036628500001256725,97,A03,cross-session,AdaBN
256,16,1,0.00037317100000677783,97,A03,cross-session,AdaBN
257,16,1,0.0003694699999812201,97,A03,cross-session,AdaBN
258,16,1,0.00037648299999659685,97,A03,cross-session,AdaBN
259,16,1,0.00037947799998505616,97,A03,cross-session,AdaBN
260,16,0,0.00035288600000171755,97,A03,cross-session,AdaBN
261,16,1,0.0003573809999863897,97,A03,cross-session,AdaBN
262,16,1,0.0003510410000160391,97,A03,cross-session,AdaBN
263,16,0,0.0003519250000181273,97,A03,cross-session,AdaBN
264,16,0,0.00036790699999755816,97,A03,cross-session,AdaBN
265,16,1,0.0003564959999948769,97,A03,cross-session,AdaBN
266,16,1,0.0003710780000005798,97,A03,cross-session,AdaBN
267,16,1,0.00035688700000946483,97,A03,cross-session,AdaBN
268,16,1,0.00036104599999475795,97,A03,cross-session,AdaBN
269,16,1,0.0003666260000159127,97,A03,cross-session,AdaBN
270,16,1,0.00035414900000318994,97,A03,cross-session,AdaBN
271,16,1,0.00037152999999534586,97,A03,cross-session,AdaBN
272,16,1,0.0003504020000093533,97,A03,cross-session,AdaBN
273,16,1,0.0003507549999994808,97,A03,cross-session,AdaBN
274,16,1,0.0003584229999944455,97,A03,cross-session,AdaBN
275,16,1,0.00035028499999611995,97,A03,cross-session,AdaBN
276,16,1,0.0003581080000003567,97,A03,cross-session,AdaBN
277,16,0,0.00035900099999253143,97,A03,cross-session,AdaBN
278,16,1,0.00034363000000325883,97,A03,cross-session,AdaBN
279,16,1,0.0003724489999967773,97,A03,cross-session,AdaBN
280,16,1,0.0003632400000128655,97,A03,cross-session,AdaBN
281,16,1,0.0003532839999991211,97,A03,cross-session,AdaBN
282,16,0,0.00037760400002184724,97,A03,cross-session,AdaBN
283,16,0,0.0003543530000058581,97,A03,cross-session,AdaBN
284,16,0,0.0003545589999873755,97,A03,cross-session,AdaBN
285,16,0,0.0003605409999920539,97,A03,cross-session,AdaBN
286,16,1,0.000347320999992462,97,A03,cross-session,AdaBN
287,16,1,0.0003645870000070772,97,A03,cross-session,AdaBN
0,1,1,0.0005506400000001577,97,A04,cross-session,AdaBN
1,2,0,0.000472604000009369,97,A04,cross-session,AdaBN
2,3,1,0.0004531210000209285,97,A04,cross-session,AdaBN
3,4,1,0.0005412639999917701,97,A04,cross-session,AdaBN
4,5,1,0.00048290600000200357,97,A04,cross-session,AdaBN
5,6,0,0.0004165560000046753,97,A04,cross-session,AdaBN
6,7,1,0.000450354999998126,97,A04,cross-session,AdaBN
7,8,0,0.0006024950000096396,97,A04,cross-session,AdaBN
8,9,1,0.0006722150000086913,97,A04,cross-session,AdaBN
9,10,1,0.0006564120000120965,97,A04,cross-session,AdaBN
10,11,1,0.0006343050000054973,97,A04,cross-session,AdaBN
11,12,1,0.0005961219999903733,97,A04,cross-session,AdaBN
12,13,0,0.0006097160000138047,97,A04,cross-session,AdaBN
13,14,0,0.0006349930000055792,97,A04,cross-session,AdaBN
14,15,0,0.0005830979999927877,97,A04,cross-session,AdaBN
15,16,0,0.0005957760000114831,97,A04,cross-session,AdaBN
16,16,0,0.0005971709999812447,97,A04,cross-session,AdaBN
17,16,0,0.0005662169999993694,97,A04,cross-session,AdaBN
18,16,1,0.0005774489999907928,97,A04,cross-session,AdaBN
19,16,0,0.000572194999989506,97,A04,cross-session,AdaBN
20,16,0,0.0005411649999871315,97,A04,cross-session,AdaBN
21,16,0,0.0005891300000087085,97,A04,cross-session,AdaBN
22,16,1,0.0005697500000110267,97,A04,cross-session,AdaBN
23,16,1,0.0005531829999938509,97,A04,cross-session,AdaBN
24,16,1,0.0005917279999891889,97,A04,cross-session,AdaBN
25,16,0,0.0005722610000020723,97,A04,cross-session,AdaBN
26,16,1,0.0004095159999906173,97,A04,cross-session,AdaBN
27,16,0,0.0004060480000021016,97,A04,cross-session,AdaBN
28,16,0,0.00037736499999141415,97,A04,cross-session,AdaBN
29,16,0,0.00038766299999792864,97,A04,cross-session,AdaBN
30,16,0,0.0003698229999997693,97,A04,cross-session,AdaBN
31,16,1,0.00038495800001214775,97,A04,cross-session,AdaBN
32,16,1,0.0003834719999815661,97,A04,cross-session,AdaBN
33,16,0,0.00035813099998449616,97,A04,cross-session,AdaBN
34,16,1,0.00037391300000422234,97,A04,cross-session,AdaBN
35,16,1,0.000405029000006607,97,A04,cross-session,AdaBN
36,16,1,0.0005123580000088168,97,A04,cross-session,AdaBN
37,16,1,0.000613980999986552,97,A04,cross-session,AdaBN
38,16,0,0.00042670000001976405,97,A04,cross-session,AdaBN
39,16,1,0.00040499799999338393,97,A04,cross-session,AdaBN
40,16,0,0.00040046800000936855,97,A04,cross-session,AdaBN
41,16,1,0.0003612439999756134,97,A04,cross-session,AdaBN
42,16,1,0.00038811900000723654,97,A04,cross-session,AdaBN
43,16,1,0.0003891239999802565,97,A04,cross-session,AdaBN
44,16,1,0.00035305800000173804,97,A04,cross-session,AdaBN
45,16,1,0.0003916539999977431,97,A04,cross-session,AdaBN
46,16,1,0.0003544809999880272,97,A04,cross-session,AdaBN
47,16,1,0.0003846269999883134,97,A04,cross-session,AdaBN
48,16,1,0.0003912360000128956,97,A04,cross-session,AdaBN
49,16,1,0.00039026900000749265,97,A04,cross-session,AdaBN
50,16,0,0.0003825450000078945,97,A04,cross-session,AdaBN
51,16,1,0.0004317759999992177,97,A04,cross-session,AdaBN
52,16,1,0.00036329399998180634,97,A04,cross-session,AdaBN
53,16,0,0.00040162599998438964,97,A04,cross-session,AdaBN
54,16,1,0.00036455800000112504,97,A04,cross-session,AdaBN
55,16,1,0.0003681970000002366,97,A04,cross-session,AdaBN
56,16,0,0.0003695039999911387,97,A04,cross-session,AdaBN
57,16,0,0.0003680339999903026,97,A04,cross-session,AdaBN
58,16,1,0.0003640840000116441,97,A04,cross-session,AdaBN
59,16,0,0.00038295199999538454,97,A04,cross-session,AdaBN
60,16,1,0.000375914999978022,97,A04,cross-session,AdaBN
61,16,1,0.00036828899999363784,97,A04,cross-session,AdaBN
62,16,0,0.0003744990000029702,97,A04,cross-session,AdaBN
63,16,1,0.0003605079999999816,97,A04,cross-session,AdaBN
64,16,0,0.00035574200001065037,97,A04,cross-session,AdaBN
65,16,1,0.0003562800000054267,97,A04,cross-session,AdaBN
66,16,1,0.0003551940000079412,97,A04,cross-session,AdaBN
67,16,0,0.0003867759999991449,97,A04,cross-session,AdaBN
68,16,1,0.00038829900000791895,97,A04,cross-session,AdaBN
69,16,1,0.00041263699998239645,97,A04,cross-session,AdaBN
70,16,1,0.0003651130000150715,97,A04,cross-session,AdaBN
71,16,1,0.0003795639999850664,97,A04,cross-session,AdaBN
72,16,1,0.0003647999999998319,97,A04,cross-session,AdaBN
73,16,0,0.0003576560000055906,97,A04,cross-session,AdaBN
74,16,1,0.00039544300000216026,97,A04,cross-session,AdaBN
75,16,0,0.0003709839999999076,97,A04,cross-session,AdaBN
76,16,1,0.00037838400001533046,97,A04,cross-session,AdaBN
77,16,1,0.0003596919999893089,97,A04,cross-session,AdaBN
78,16,1,0.0004038900000011836,97,A04,cross-session,AdaBN
79,16,1,0.0003682050000008985,97,A04,cross-session,AdaBN
80,16,1,0.00035967300001971125,97,A04,cross-session,AdaBN
81,16,0,0.00037802599999281483,97,A04,cross-session,AdaBN
82,16,0,0.0003516829999909987,97,A04,cross-session,AdaBN
83,16,0,0.00036516099999062135,97,A04,cross-session,AdaBN
84,16,1,0.00037715900000989677,97,A04,cross-session,AdaBN
85,16,1,0.00038478899998040106,97,A04,cross-session,AdaBN
86,16,1,0.0003887020000092889,97,A04,cross-session,AdaBN
87,16,0,0.00037201700001787685,97,A04,cross-session,AdaBN
88,16,1,0.00035943400001769987,97,A04,cross-session,AdaBN
89,16,1,0.00037218200000666,97,A04,cross-session,AdaBN
90,16,1,0.0003491459999906965,97,A04,cross-session,AdaBN
91,16,0,0.00036741100001336235,97,A04,cross-session,AdaBN
92,16,0,0.0003622629999995297,97,A04,cross-session,AdaBN
93,16,1,0.0003880659999992986,97,A04,cross-session,AdaBN
94,16,0,0.00039519599999948696,97,A04,cross-session,AdaBN
95,16,0,0.0003544500000032258,97,A04,cross-session,AdaBN
96,16,0,0.00036393199999906756,97,A04,cross-session,AdaBN
97,16,1,0.00039329200001247955,97,A04,cross-session,AdaBN
98,16,1,0.0003540059999806999,97,A04,cross-session,AdaBN
99,16,0,0.00037352900000087175,97,A04,cross-session,AdaBN
100,16,1,0.0003655609999952958,97,A04,cross-session,AdaBN
101,16,1,0.00036782799998036353,97,A04,cross-session,AdaBN
102,16,0,0.0003590950000216253,97,A04,cross-session,AdaBN
103,16,1,0.0003606090000118911,97,A04,cross-session,AdaBN
104,16,1,0.0003705179999826669,97,A04,cross-session,AdaBN
105,16,0,0.000358315999989145,97,A04,cross-session,AdaBN
106,16,1,0.0003488229999959458,97,A04,cross-session,AdaBN
107,16,0,0.0003638029999990522,97,A04,cross-session,AdaBN
108,16,1,0.0003544820000058735,97,A04,cross-session,AdaBN
109,16,0,0.0003979800000024625,97,A04,cross-session,AdaBN
110,16,0,0.00038246399998342895,97,A04,cross-session,AdaBN
111,16,0,0.00035379999999918255,97,A04,cross-session,AdaBN
112,16,0,0.00036348099999372607,97,A04,cross-session,AdaBN
113,16,1,0.00036498800000117626,97,A04,cross-session,AdaBN
114,16,0,0.0003643740000143225,97,A04,cross-session,AdaBN
115,16,1,0.0003583959999957642,97,A04,cross-session,AdaBN
116,16,0,0.00035021399997958724,97,A04,cross-session,AdaBN
117,16,0,0.00035608199999614953,97,A04,cross-session,AdaBN
118,16,1,0.000362859999995635,97,A04,cross-session,AdaBN
119,16,0,0.0003506930000014563,97,A04,cross-session,AdaBN
120,16,0,0.00040583900002388873,97,A04,cross-session,AdaBN
121,16,1,0.00035045399999944493,97,A04,cross-session,AdaBN
122,16,0,0.00036617599999999584,97,A04,cross-session,AdaBN
123,16,1,0.00035608499999284504,97,A04,cross-session,AdaBN
124,16,0,0.0003496079999933954,97,A04,cross-session,AdaBN
125,16,0,0.00040145599999164006,97,A04,cross-session,AdaBN
126,16,1,0.0003554369999960727,97,A04,cross-session,AdaBN
127,16,0,0.0003646889999799896,97,A04,cross-session,AdaBN
128,16,1,0.00035994700002106583,97,A04,cross-session,AdaBN
129,16,0,0.0003597319999926185,97,A04,cross-session,AdaBN
130,16,0,0.00035333700000705903,97,A04,cross-session,AdaBN
131,16,0,0.0003583839999805605,97,A04,cross-session,AdaBN
132,16,0,0.0003701070000090567,97,A04,cross-session,AdaBN
133,16,1,0.0003682050000008985,97,A04,cross-session,AdaBN
134,16,1,0.00035682000000747394,97,A04,cross-session,AdaBN
135,16,1,0.0003642580000189355,97,A04,cross-session,AdaBN
136,16,1,0.0003586779999977807,97,A04,cross-session,AdaBN
137,16,0,0.00038843800001586715,97,A04,cross-session,AdaBN
138,16,1,0.0003743270000029497,97,A04,cross-session,AdaBN
139,16,1,0.00035368800001833733,97,A04,cross-session,AdaBN
140,16,1,0.00035404300001573574,97,A04,cross-session,AdaBN
141,16,1,0.0003756879999912144,97,A04,cross-session,AdaBN
142,16,0,0.0003696379999951205,97,A04,cross-session,AdaBN
143,16,0,0.0003819860000078279,97,A04,cross-session,AdaBN
144,16,1,0.0003576790000181518,97,A04,cross-session,AdaBN
145,16,1,0.00035253199999374374,97,A04,cross-session,AdaBN
146,16,1,0.00036259600000221326,97,A04,cross-session,AdaBN
147,16,0,0.00035045699999614044,97,A04,cross-session,AdaBN
148,16,0,0.0003561139999987972,97,A04,cross-session,AdaBN
149,16,0,0.00035556599999608807,97,A04,cross-session,AdaBN
150,16,0,0.00036206299998298164,97,A04,cross-session,AdaBN
151,16,1,0.00036715900000672264,97,A04,cross-session,AdaBN
152,16,0,0.0003552329999934045,97,A04,cross-session,AdaBN
153,16,0,0.00037907999998765263,97,A04,cross-session,AdaBN
154,16,1,0.0003862750000109827,97,A04,cross-session,AdaBN
155,16,1,0.00034648899998046545,97,A04,cross-session,AdaBN
156,16,1,0.00037732499998810454,97,A04,cross-session,AdaBN
157,16,0,0.0003542399999787449,97,A04,cross-session,AdaBN
158,16,1,0.0003547719999801302,97,A04,cross-session,AdaBN
159,16,1,0.0003597239999919566,97,A04,cross-session,AdaBN
160,16,0,0.0003616899999769885,97,A04,cross-session,AdaBN
161,16,0,0.0003562789999875804,97,A04,cross-session,AdaBN
162,16,0,0.0003520580000042628,97,A04,cross-session,AdaBN
163,16,1,0.0003445320000139418,97,A04,cross-session,AdaBN
164,16,1,0.0003636739999990368,97,A04,cross-session,AdaBN
165,16,1,0.0003726680000113447,97,A04,cross-session,AdaBN
166,16,0,0.0003609620000020186,97,A04,cross-session,AdaBN
167,16,1,0.0003890329999762798,97,A04,cross-session,AdaBN
168,16,1,0.0003633210000089093,97,A04,cross-session,AdaBN
169,16,1,0.00037589400000115347,97,A04,cross-session,AdaBN
170,16,0,0.0003549090000092292,97,A04,cross-session,AdaBN
171,16,0,0.00038240199998540447,97,A04,cross-session,AdaBN
172,16,0,0.0003564889999836396,97,A04,cross-session,AdaBN
173,16,1,0.00034306999998534593,97,A04,cross-session,AdaBN
174,16,0,0.00036192599998230435,97,A04,cross-session,AdaBN
175,16,0,0.0003571549999890067,97,A04,cross-session,AdaBN
176,16,0,0.0003590930000143544,97,A04,cross-session,AdaBN
177,16,0,0.00041041700001187564,97,A04,cross-session,AdaBN
178,16,0,0.0003705840000236549,97,A04,cross-session,AdaBN
179,16,1,0.00040602600000738676,97,A04,cross-session,AdaBN
180,16,0,0.0003840210000021216,97,A04,cross-session,AdaBN
181,16,1,0.0003613389999941319,97,A04,cross-session,AdaBN
182,16,0,0.0003773110000224733,97,A04,cross-session,AdaBN
183,16,0,0.00037317199999620243,97,A04,cross-session,AdaBN
184,16,0,0.00036977599998522237,97,A04,cross-session,AdaBN
185,16,1,0.0003613519999987602,97,A04,cross-session,AdaBN
186,16,0,0.0003624299999955838,97,A04,cross-session,AdaBN
187,16,1,0.0003567390000114301,97,A04,cross-session,AdaBN
188,16,1,0.00036129000000073574,97,A04,cross-session,AdaBN
189,16,1,0.00035479199999599587,97,A04,cross-session,AdaBN
190,16,0,0.0003560259999915161,97,A04,cross-session,AdaBN
191,16,0,0.0003622820000259708,97,A04,cross-session,AdaBN
192,16,0,0.0003623269999764034,97,A04,cross-session,AdaBN
193,16,1,0.000362989999985075,97,A04,cross-session,AdaBN
194,16,0,0.00034574599999359634,97,A04,cross-session,AdaBN
195,16,1,0.0003608929999927568,97,A04,cross-session,AdaBN
196,16,0,0.00036220399999820074,97,A04,cross-session,AdaBN
197,16,0,0.0003581420000102753,97,A04,cross-session,AdaBN
198,16,0,0.00035584599999083366,97,A04,cross-session,AdaBN
199,16,0,0.0003522370000155206,97,A04,cross-session,AdaBN
200,16,0,0.00036379699997723947,97,A04,cross-session,AdaBN
201,16,1,0.0003702479999958541,97,A04,cross-session,AdaBN
202,16,1,0.00039541099999951257,97,A04,cross-session,AdaBN
203,16,0,0.0003552359999901,97,A04,cross-session,AdaBN
204,16,0,0.0003536730000064381,97,A04,cross-session,AdaBN
205,16,1,0.00036111400001459515,97,A04,cross-session,AdaBN
206,16,1,0.00035609699997962707,97,A04,cross-session,AdaBN
207,16,0,0.00035787500002015804,97,A04,cross-session,AdaBN
208,16,1,0.00036815000001411136,97,A04,cross-session,AdaBN
209,16,1,0.000345687999981692,97,A04,cross-session,AdaBN
210,16,0,0.0003473440000050232,97,A04,cross-session,AdaBN
211,16,1,0.0003907530000049064,97,A04,cross-session,AdaBN
212,16,1,0.0003495689999795104,97,A04,cross-session,AdaBN
213,16,1,0.0003725939999981165,97,A04,cross-session,AdaBN
214,16,0,0.00036150599999018596,97,A04,cross-session,AdaBN
215,16,1,0.0003530509999905007,97,A04,cross-session,AdaBN
216,16,1,0.0003557869999895047,97,A04,cross-session,AdaBN
217,16,0,0.0003612120000013874,97,A04,cross-session,AdaBN
218,16,1,0.0003627520000009099,97,A04,cross-session,AdaBN
219,16,1,0.00035935699997935444,97,A04,cross-session,AdaBN
220,16,1,0.00035327300000176365,97,A04,cross-session,AdaBN
221,16,0,0.00038653899997598273,97,A04,cross-session,AdaBN
222,16,1,0.0003715769999814711,97,A04,cross-session,AdaBN
223,16,0,0.0003699910000136697,97,A04,cross-session,AdaBN
224,16,1,0.0003622579999955633,97,A04,cross-session,AdaBN
225,16,1,0.00035866199999645687,97,A04,cross-session,AdaBN
226,16,0,0.0003775239999868063,97,A04,cross-session,AdaBN
227,16,1,0.00035654900000281486,97,A04,cross-session,AdaBN
228,16,1,0.00036431700002026446,97,A04,cross-session,AdaBN
229,16,1,0.00036287899999365436,97,A04,cross-session,AdaBN
230,16,1,0.00035059999999020874,97,A04,cross-session,AdaBN
231,16,0,0.0003719210000099338,97,A04,cross-session,AdaBN
232,16,1,0.0003765989999919839,97,A04,cross-session,AdaBN
233,16,1,0.0003751350000129605,97,A04,cross-session,AdaBN
234,16,1,0.0003645480000216139,97,A04,cross-session,AdaBN
235,16,0,0.0003518119999910141,97,A04,cross-session,AdaBN
236,16,1,0.0003612019999934546,97,A04,cross-session,AdaBN
237,16,0,0.0003823429999840755,97,A04,cross-session,AdaBN
238,16,1,0.0003600010000184284,97,A04,cross-session,AdaBN
239,16,1,0.00036199200002329235,97,A04,cross-session,AdaBN
240,16,0,0.00035636699999486154,97,A04,cross-session,AdaBN
241,16,0,0.0003717090000066037,97,A04,cross-session,AdaBN
242,16,0,0.0003674190000140243,97,A04,cross-session,AdaBN
243,16,0,0.00034719600000698847,97,A04,cross-session,AdaBN
244,16,0,0.00039279599999986203,97,A04,cross-session,AdaBN
245,16,1,0.0003576200000168228,97,A04,cross-session,AdaBN
246,16,1,0.00035539199998879667,97,A04,cross-session,AdaBN
247,16,0,0.00036018299999796,97,A04,cross-session,AdaBN
248,16,0,0.0003516049999916504,97,A04,cross-session,AdaBN
249,16,0,0.0003506580000021131,97,A04,cross-session,AdaBN
250,16,0,0.00036632300000860596,97,A04,cross-session,AdaBN
251,16,0,0.0003519579999817779,97,A04,cross-session,AdaBN
252,16,0,0.000355438000013919,97,A04,cross-session,AdaBN
253,16,0,0.0003512460000081319,97,A04,cross-session,AdaBN
254,16,0,0.0003633510000042861,97,A04,cross-session,AdaBN
255,16,0,0.0003584289999878365,97,A04,cross-session,AdaBN
256,16,1,0.00034627900001282796,97,A04,cross-session,AdaBN
257,16,0,0.0003932129999952849,97,A04,cross-session,AdaBN
258,16,1,0.00036530799999923147,97,A04,cross-session,AdaBN
259,16,1,0.0003537190000031387,97,A04,cross-session,AdaBN
260,16,0,0.00035411299998600043,97,A04,cross-session,AdaBN
261,16,1,0.00036045399997419736,97,A04,cross-session,AdaBN
262,16,1,0.0003466070000115451,97,A04,cross-session,AdaBN
263,16,0,0.0003650410000091142,97,A04,cross-session,AdaBN
264,16,1,0.00037258300000075906,97,A04,cross-session,AdaBN
265,16,0,0.00035331399999449786,97,A04,cross-session,AdaBN
266,16,1,0.0003735829999982343,97,A04,cross-session,AdaBN
267,16,1,0.00037556700002028265,97,A04,cross-session,AdaBN
268,16,1,0.00035559700000931116,97,A04,cross-session,AdaBN
269,16,0,0.00037455599999702827,97,A04,cross-session,AdaBN
270,16,0,0.00035426100001245686,97,A04,cross-session,AdaBN
271,16,1,0.00035911300000179835,97,A04,cross-session,AdaBN
272,16,0,0.0003615889999935007,97,A04,cross-session,AdaBN
273,16,1,0.0003622629999995297,97,A04,cross-session,AdaBN
274,16,0,0.00035963700000252175,97,A04,cross-session,AdaBN
275,16,0,0.00035337600002094405,97,A04,cross-session,AdaBN
276,16,0,0.0003611999999861837,97,A04,cross-session,AdaBN
277,16,1,0.0003850180000029013,97,A04,cross-session,AdaBN
278,16,0,0.000357680999997001,97,A04,cross-session,AdaBN
279,16,1,0.000366095000003952,97,A04,cross-session,AdaBN
280,16,1,0.0003491690000032577,97,A04,cross-session,AdaBN
281,16,1,0.00035893800000508236,97,A04,cross-session,AdaBN
282,16,0,0.0003768219999926714,97,A04,cross-session,AdaBN
283,16,0,0.0003490819999854011,97,A04,cross-session,AdaBN
284,16,0,0.0003761800000177118,97,A04,cross-session,AdaBN
285,16,0,0.00035827400000698617,97,A04,cross-session,AdaBN
286,16,1,0.0003492900000026111,97,A04,cross-session,AdaBN
287,16,1,0.00035542199998417345,97,A04,cross-session,AdaBN
0,1,1,0.0005517099999963193,97,A05,cross-session,AdaBN
1,2,0,0.0004876000000137992,97,A05,cross-session,AdaBN
2,3,1,0.0005730540000001838,97,A05,cross-session,AdaBN
3,4,1,0.0004839730000014697,97,A05,cross-session,AdaBN
4,5,0,0.0005090909999978521,97,A05,cross-session,AdaBN
5,6,0,0.00041168299998162183,97,A05,cross-session,AdaBN
6,7,0,0.00044063500001811917,97,A05,cross-session,AdaBN
7,8,0,0.00041073500000265994,97,A05,cross-session,AdaBN
8,9,1,0.0004273600000033184,97,A05,cross-session,AdaBN
9,10,0,0.00041948500000899003,97,A05,cross-session,AdaBN
10,11,1,0.00039930400001253474,97,A05,cross-session,AdaBN
11,12,0,0.0006305480000037278,97,A05,cross-session,AdaBN
12,13,0,0.0006355920000089554,97,A05,cross-session,AdaBN
13,14,0,0.000628535000004149,97,A05,cross-session,AdaBN
14,15,1,0.0006338649999975132,97,A05,cross-session,AdaBN
15,16,0,0.000575875999999198,97,A05,cross-session,AdaBN
16,16,0,0.0005854990000102589,97,A05,cross-session,AdaBN
17,16,0,0.0005576410000003307,97,A05,cross-session,AdaBN
18,16,0,0.0005575530000214712,97,A05,cross-session,AdaBN
19,16,0,0.0005730599999935748,97,A05,cross-session,AdaBN
20,16,1,0.000579805000000988,97,A05,cross-session,AdaBN
21,16,1,0.0005586149999885492,97,A05,cross-session,AdaBN
22,16,0,0.0005826700000000073,97,A05,cross-session,AdaBN
23,16,1,0.0005721880000066903,97,A05,cross-session,AdaBN
24,16,0,0.0005496809999954166,97,A05,cross-session,AdaBN
25,16,0,0.0005885129999967376,97,A05,cross-session,AdaBN
26,16,0,0.0005825190000052771,97,A05,cross-session,AdaBN
27,16,0,0.00043077500001231783,97,A05,cross-session,AdaBN
28,16,0,0.00041756100000611696,97,A05,cross-session,AdaBN
29,16,0,0.0004151070000091295,97,A05,cross-session,AdaBN
30,16,0,0.0004313249999938762,97,A05,cross-session,AdaBN
31,16,0,0.00036559099999067257,97,A05,cross-session,AdaBN
32,16,0,0.0003823469999986173,97,A05,cross-session,AdaBN
33,16,1,0.0003871570000058,97,A05,cross-session,AdaBN
34,16,1,0.0003540650000104506,97,A05,cross-session,AdaBN
35,16,0,0.00037205999998946027,97,A05,cross-session,AdaBN
36,16,0,0.00037450900001090304,97,A05,cross-session,AdaBN
37,16,1,0.00036966199999710625,97,A05,cross-session,AdaBN
38,16,0,0.0003821260000052007,97,A05,cross-session,AdaBN
39,16,0,0.00035640699999817116,97,A05,cross-session,AdaBN
40,16,0,0.0003738919999989321,97,A05,cross-session,AdaBN
41,16,0,0.0003798390000042673,97,A05,cross-session,AdaBN
42,16,0,0.0003504510000027494,97,A05,cross-session,AdaBN
43,16,0,0.00042568800000708507,97,A05,cross-session,AdaBN
44,16,1,0.0004138220000129422,97,A05,cross-session,AdaBN
45,16,1,0.00039209799999184725,97,A05,cross-session,AdaBN
46,16,0,0.00038373199998886776,97,A05,cross-session,AdaBN
47,16,1,0.00036360500001819673,97,A05,cross-session,AdaBN
48,16,0,0.00038291900000331225,97,A05,cross-session,AdaBN
49,16,0,0.00034961100001851264,97,A05,cross-session,AdaBN
50,16,1,0.00039656100000229344,97,A05,cross-session,AdaBN
51,16,0,0.00036881899998775225,97,A05,cross-session,AdaBN
52,16,1,0.00039891600002306404,97,A05,cross-session,AdaBN
53,16,1,0.00039502499998889107,97,A05,cross-session,AdaBN
54,16,1,0.0003596850000064933,97,A05,cross-session,AdaBN
55,16,1,0.00037155300000790703,97,A05,cross-session,AdaBN
56,16,0,0.0004059679999954824,97,A05,cross-session,AdaBN
57,16,0,0.00040949899999986883,97,A05,cross-session,AdaBN
58,16,1,0.0003778710000119645,97,A05,cross-session,AdaBN
59,16,0,0.000395252999993545,97,A05,cross-session,AdaBN
60,16,0,0.0003767879999827528,97,A05,cross-session,AdaBN
61,16,0,0.0003664070000013453,97,A05,cross-session,AdaBN
62,16,1,0.0003918730000123105,97,A05,cross-session,AdaBN
63,16,0,0.0003617299999802981,97,A05,cross-session,AdaBN
64,16,0,0.00039462999998818304,97,A05,cross-session,AdaBN
65,16,0,0.0003666860000066663,97,A05,cross-session,AdaBN
66,16,0,0.00038535499999170497,97,A05,cross-session,AdaBN
67,16,1,0.0003557939999723203,97,A05,cross-session,AdaBN
68,16,0,0.00036973199999579265,97,A05,cross-session,AdaBN
69,16,1,0.0003772109999999884,97,A05,cross-session,AdaBN
70,16,0,0.0003691530000082821,97,A05,cross-session,AdaBN
71,16,0,0.00037492999999244603,97,A05,cross-session,AdaBN
72,16,1,0.0003800270000056116,97,A05,cross-session,AdaBN
73,16,1,0.0003819849999899816,97,A05,cross-session,AdaBN
74,16,0,0.00035080500001072323,97,A05,cross-session,AdaBN
75,16,1,0.0003876840000032189,97,A05,cross-session,AdaBN
76,16,0,0.00035661799998365495,97,A05,cross-session,AdaBN
77,16,1,0.0003787899999849742,97,A05,cross-session,AdaBN
78,16,0,0.00038513100000159284,97,A05,cross-session,AdaBN
79,16,0,0.0003613039999947887,97,A05,cross-session,AdaBN
80,16,1,0.0003631719999930283,97,A05,cross-session,AdaBN
81,16,0,0.0003494139999986601,97,A05,cross-session,AdaBN
82,16,1,0.0003968249999957152,97,A05,cross-session,AdaBN
83,16,0,0.0003592369999978473,97,A05,cross-session,AdaBN
84,16,0,0.00036678199998618766,97,A05,cross-session,AdaBN
85,16,0,0.00038797900000986374,97,A05,cross-session,AdaBN
86,16,1,0.0003600779999999304,97,A05,cross-session,AdaBN
87,16,1,0.00038682000001699635,97,A05,cross-session,AdaBN
88,16,0,0.0003731510000193339,97,A05,cross-session,AdaBN
89,16,0,0.0003879719999986264,97,A05,cross-session,AdaBN
90,16,0,0.00035418299998468683,97,A05,cross-session,AdaBN
91,16,0,0.00040567000002056375,97,A05,cross-session,AdaBN
92,16,0,0.0003576889999976629,97,A05,cross-session,AdaBN
93,16,0,0.00037514599998189624,97,A05,cross-session,AdaBN
94,16,0,0.0003667290000066714,97,A05,cross-session,AdaBN
95,16,0,0.0003683380000154557,97,A05,cross-session,AdaBN
96,16,0,0.0003866399999878922,97,A05,cross-session,AdaBN
97,16,0,0.00036470500000973516,97,A05,cross-session,AdaBN
98,16,0,0.0004033970000136833,97,A05,cross-session,AdaBN
99,16,1,0.00035911699998791846,97,A05,cross-session,AdaBN
100,16,0,0.0003995299999814961,97,A05,cross-session,AdaBN
101,16,1,0.00035214499999369764,97,A05,cross-session,AdaBN
102,16,0,0.0003684020000207511,97,A05,cross-session,AdaBN
103,16,0,0.0004159609999874192,97,A05,cross-session,AdaBN
104,16,0,0.0003662240000039674,97,A05,cross-session,AdaBN
105,16,0,0.0003889050000225325,97,A05,cross-session,AdaBN
106,16,0,0.00036994699999581826,97,A05,cross-session,AdaBN
107,16,1,0.0004083299999990686,97,A05,cross-session,AdaBN
108,16,1,0.0003581779999990431,97,A05,cross-session,AdaBN
109,16,0,0.00037841800002524906,97,A05,cross-session,AdaBN
110,16,1,0.0003658150000092064,97,A05,cross-session,AdaBN
111,16,1,0.00036811199998965094,97,A05,cross-session,AdaBN
112,16,0,0.0003649629999813442,97,A05,cross-session,AdaBN
113,16,0,0.00034978899998350244,97,A05,cross-session,AdaBN
114,16,1,0.0003855410000142001,97,A05,cross-session,AdaBN
115,16,0,0.00036822499998834246,97,A05,cross-session,AdaBN
116,16,1,0.0003649379999899338,97,A05,cross-session,AdaBN
117,16,1,0.00035077500001534645,97,A05,cross-session,AdaBN
118,16,0,0.0003692189999924267,97,A05,cross-session,AdaBN
119,16,1,0.0003633100000115519,97,A05,cross-session,AdaBN
120,16,0,0.0003548829999999725,97,A05,cross-session,AdaBN
121,16,0,0.00037201899999672605,97,A05,cross-session,AdaBN
122,16,0,0.0003602570000111882,97,A05,cross-session,AdaBN
123,16,0,0.00036290500000291104,97,A05,cross-session,AdaBN
124,16,0,0.000362744000000248,97,A05,cross-session,AdaBN
125,16,1,0.000358011000002989,97,A05,cross-session,AdaBN
126,16,0,0.0003519489999916914,97,A05,cross-session,AdaBN
127,16,0,0.0003831890000185467,97,A05,cross-session,AdaBN
128,16,1,0.00036740699999882054,97,A05,cross-session,AdaBN
129,16,0,0.0003651720000164005,97,A05,cross-session,AdaBN
130,16,0,0.0003672130000040852,97,A05,cross-session,AdaBN
131,16,1,0.00035306399999512905,97,A05,cross-session,AdaBN
132,16,1,0.00035995700000057695,97,A05,cross-session,AdaBN
133,16,0,0.0003760410000097636,97,A05,cross-session,AdaBN
134,16,0,0.0003856879999943885,97,A05,cross-session,AdaBN
135,16,1,0.000357435000012174,97,A05,cross-session,AdaBN
136,16,0,0.00035326799999779723,97,A05,cross-session,AdaBN
137,16,0,0.0003536879999899156,97,A05,cross-session,AdaBN
138,16,1,0.00035703000000353313,97,A05,cross-session,AdaBN
139,16,0,0.0003685810000035872,97,A05,cross-session,AdaBN
140,16,0,0.0003590219999978217,97,A05,cross-session,AdaBN
141,16,0,0.0003672809999955007,97,A05,cross-session,AdaBN
142,16,0,0.0003629579999824273,97,A05,cross-session,AdaBN
143,16,1,0.00045683600001211744,97,A05,cross-session,AdaBN
144,16,1,0.00037789499998552856,97,A05,cross-session,AdaBN
145,16,0,0.0003637339999897904,97,A05,cross-session,AdaBN
146,16,0,0.0003942179999967266,97,A05,cross-session,AdaBN
147,16,0,0.0004022770000062792,97,A05,cross-session,AdaBN
148,16,0,0.000369996999978639,97,A05,cross-session,AdaBN
149,16,0,0.00036192900000742156,97,A05,cross-session,AdaBN
150,16,0,0.00037747000001786546,97,A05,cross-session,AdaBN
151,16,0,0.0003551890000039748,97,A05,cross-session,AdaBN
152,16,0,0.0003681940000035411,97,A05,cross-session,AdaBN
153,16,1,0.0003679619999843453,97,A05,cross-session,AdaBN
154,16,1,0.000353176000004396,97,A05,cross-session,AdaBN
155,16,0,0.00037187800000992866,97,A05,cross-session,AdaBN
156,16,0,0.0003545630000019173,97,A05,cross-session,AdaBN
157,16,0,0.0003648219999945468,97,A05,cross-session,AdaBN
158,16,0,0.0003923680000070817,97,A05,cross-session,AdaBN
159,16,0,0.0003806599999904847,97,A05,cross-session,AdaBN
160,16,0,0.0003899620000140658,97,A05,cross-session,AdaBN
161,16,1,0.0003576119999877392,97,A05,cross-session,AdaBN
162,16,0,0.00035390100001109204,97,A05,cross-session,AdaBN
163,16,0,0.0003944009999941045,97,A05,cross-session,AdaBN
164,16,0,0.0003543109999952776,97,A05,cross-session,AdaBN
165,16,0,0.00036195699999552744,97,A05,cross-session,AdaBN
166,16,1,0.000363691000018207,97,A05,cross-session,AdaBN
167,16,0,0.00035001000000534077,97,A05,cross-session,AdaBN
168,16,0,0.0003531529999918348,97,A05,cross-session,AdaBN
169,16,0,0.00035320200001365265,97,A05,cross-session,AdaBN
170,16,0,0.00036115399998948305,97,A05,cross-session,AdaBN
171,16,0,0.00037915100000418533,97,A05,cross-session,AdaBN
172,16,0,0.00035777599998709775,97,A05,cross-session,AdaBN
173,16,1,0.0004145589999779986,97,A05,cross-session,AdaBN
174,16,1,0.0003525580000030004,97,A05,cross-session,AdaBN
175,16,1,0.00036140100002057807,97,A05,cross-session,AdaBN
176,16,0,0.0003793439999810744,97,A05,cross-session,AdaBN
177,16,0,0.00035763200000360484,97,A05,cross-session,AdaBN
178,16,1,0.00039649299998245624,97,A05,cross-session,AdaBN
179,16,1,0.0003684130000181085,97,A05,cross-session,AdaBN
180,16,0,0.0003942250000079639,97,A05,cross-session,AdaBN
181,16,0,0.000364442000005738,97,A05,cross-session,AdaBN
182,16,0,0.00035207799999170675,97,A05,cross-session,AdaBN
183,16,0,0.0003814949999991768,97,A05,cross-session,AdaBN
184,16,1,0.00036660899999674257,97,A05,cross-session,AdaBN
185,16,0,0.0003492069999992964,97,A05,cross-session,AdaBN
186,16,0,0.0003866940000136765,97,A05,cross-session,AdaBN
187,16,1,0.00035755900000822294,97,A05,cross-session,AdaBN
188,16,0,0.00037958499999035666,97,A05,cross-session,AdaBN
189,16,0,0.00036192100000675964,97,A05,cross-session,AdaBN
190,16,0,0.0003522060000022975,97,A05,cross-session,AdaBN
191,16,1,0.00036442700002226047,97,A05,cross-session,AdaBN
192,16,0,0.0003564589999882628,97,A05,cross-session,AdaBN
193,16,0,0.000362056000000166,97,A05,cross-session,AdaBN
194,16,1,0.0003551450000145451,97,A05,cross-session,AdaBN
195,16,1,0.0003508670000087477,97,A05,cross-session,AdaBN
196,16,0,0.0003601450000019213,97,A05,cross-session,AdaBN
197,16,0,0.0003645529999971586,97,A05,cross-session,AdaBN
198,16,0,0.0003669459999855462,97,A05,cross-session,AdaBN
199,16,0,0.0003625739999790767,97,A05,cross-session,AdaBN
200,16,0,0.0003673329999855923,97,A05,cross-session,AdaBN
201,16,0,0.0003653939999992417,97,A05,cross-session,AdaBN
202,16,0,0.0003476660000103493,97,A05,cross-session,AdaBN
203,16,0,0.0003823739999972986,97,A05,cross-session,AdaBN
204,16,0,0.0003640919999838843,97,A05,cross-session,AdaBN
205,16,0,0.0003536469999971814,97,A05,cross-session,AdaBN
206,16,0,0.000403655000013714,97,A05,cross-session,AdaBN
207,16,0,0.000363105999980462,97,A05,cross-session,AdaBN
208,16,0,0.0003708689999939452,97,A05,cross-session,AdaBN
209,16,0,0.0003828730000066116,97,A05,cross-session,AdaBN
210,16,1,0.00035858600000437946,97,A05,cross-session,AdaBN
211,16,1,0.00037285700000211364,97,A05,cross-session,AdaBN
212,16,1,0.0003669399999921552,97,A05,cross-session,AdaBN
213,16,1,0.00035460499998407613,97,A05,cross-session,AdaBN
214,16,0,0.00036738200000741017,97,A05,cross-session,AdaBN
215,16,0,0.00036084099997424346,97,A05,cross-session,AdaBN
216,16,0,0.0003662049999775263,97,A05,cross-session,AdaBN
217,16,1,0.00036997300000507494,97,A05,cross-session,AdaBN
218,16,1,0.0003511780000167164,97,A05,cross-session,AdaBN
219,16,0,0.00036712799999349954,97,A05,cross-session,AdaBN
220,16,0,0.00037799300000074254,97,A05,cross-session,AdaBN
221,16,0,0.00036916300001621494,97,A05,cross-session,AdaBN
222,16,0,0.000388705999995409,97,A05,cross-session,AdaBN
223,16,0,0.0003703110000117249,97,A05,cross-session,AdaBN
224,16,1,0.00035704100000089056,97,A05,cross-session,AdaBN
225,16,0,0.0003597299999853476,97,A05,cross-session,AdaBN
226,16,1,0.0003673170000126902,97,A05,cross-session,AdaBN
227,16,0,0.0003764999999873453,97,A05,cross-session,AdaBN
228,16,0,0.00035143600001674713,97,A05,cross-session,AdaBN
229,16,0,0.00035774400001287177,97,A05,cross-session,AdaBN
230,16,0,0.00038675000001830995,97,A05,cross-session,AdaBN
231,16,1,0.00035330599999383594,97,A05,cross-session,AdaBN
232,16,0,0.0003927189999899383,97,A05,cross-session,AdaBN
233,16,0,0.0003602609999973083,97,A05,cross-session,AdaBN
234,16,0,0.0003583970000136105,97,A05,cross-session,AdaBN
235,16,0,0.00038217700000586774,97,A05,cross-session,AdaBN
236,16,0,0.00036534100001972547,97,A05,cross-session,AdaBN
237,16,0,0.0003590850000136925,97,A05,cross-session,AdaBN
238,16,0,0.0003451400000074045,97,A05,cross-session,AdaBN
239,16,0,0.0003627849999929822,97,A05,cross-session,AdaBN
240,16,0,0.0003910169999983282,97,A05,cross-session,AdaBN
241,16,1,0.0003474179999898297,97,A05,cross-session,AdaBN
242,16,0,0.0003630260000022645,97,A05,cross-session,AdaBN
243,16,1,0.0003495670000006612,97,A05,cross-session,AdaBN
244,16,1,0.00035750000000689397,97,A05,cross-session,AdaBN
245,16,0,0.0003609260000132508,97,A05,cross-session,AdaBN
246,16,0,0.0003466390000141928,97,A05,cross-session,AdaBN
247,16,0,0.000353402000001779,97,A05,cross-session,AdaBN
248,16,0,0.0003560380000067198,97,A05,cross-session,AdaBN
249,16,0,0.000358245000001034,97,A05,cross-session,AdaBN
250,16,1,0.00041735100001005776,97,A05,cross-session,AdaBN
251,16,1,0.00036005600000521554,97,A05,cross-session,AdaBN
252,16,0,0.00035166199998570846,97,A05,cross-session,AdaBN
253,16,0,0.000366910999986203,97,A05,cross-session,AdaBN
254,16,0,0.0003558249999855434,97,A05,cross-session,AdaBN
255,16,0,0.0003516060000094967,97,A05,cross-session,AdaBN
256,16,1,0.0003563930000041182,97,A05,cross-session,AdaBN
257,16,0,0.0003588449999938348,97,A05,cross-session,AdaBN
258,16,0,0.00037075599999525366,97,A05,cross-session,AdaBN
259,16,1,0.00035229399998115696,97,A05,cross-session,AdaBN
260,16,0,0.0003775510000139093,97,A05,cross-session,AdaBN
261,16,0,0.00038143599999784783,97,A05,cross-session,AdaBN
262,16,0,0.0003638359999911245,97,A05,cross-session,AdaBN
263,16,1,0.0003536340000209748,97,A05,cross-session,AdaBN
264,16,0,0.00036206900000479436,97,A05,cross-session,AdaBN
265,16,1,0.0003646959999912269,97,A05,cross-session,AdaBN
266,16,1,0.000350905999994211,97,A05,cross-session,AdaBN
267,16,1,0.0003494820000184973,97,A05,cross-session,AdaBN
268,16,0,0.0003562529999783237,97,A05,cross-session,AdaBN
269,16,0,0.00035384099999191676,97,A05,cross-session,AdaBN
270,16,0,0.00036340699998049786,97,A05,cross-session,AdaBN
271,16,0,0.0003484060000005229,97,A05,cross-session,AdaBN
272,16,1,0.00039305399999989277,97,A05,cross-session,AdaBN
273,16,1,0.0003923959999951876,97,A05,cross-session,AdaBN
274,16,0,0.00035893399999054054,97,A05,cross-session,AdaBN
275,16,1,0.0003831090000119275,97,A05,cross-session,AdaBN
276,16,0,0.0003514900000141097,97,A05,cross-session,AdaBN
277,16,0,0.0003509780000001683,97,A05,cross-session,AdaBN
278,16,0,0.00036294000000225424,97,A05,cross-session,AdaBN
279,16,0,0.0003801960000089366,97,A05,cross-session,AdaBN
280,16,0,0.00036445000000639993,97,A05,cross-session,AdaBN
281,16,0,0.00035036499997431747,97,A05,cross-session,AdaBN
282,16,0,0.0003616340000007767,97,A05,cross-session,AdaBN
283,16,0,0.00036477599999784616,97,A05,cross-session,AdaBN
284,16,0,0.0003509670000028109,97,A05,cross-session,AdaBN
285,16,1,0.000372416000004705,97,A05,cross-session,AdaBN
286,16,0,0.0003634480000016538,97,A05,cross-session,AdaBN
287,16,0,0.00035165100001677274,97,A05,cross-session,AdaBN
0,1,1,0.0005675029999849812,97,A06,cross-session,AdaBN
1,2,0,0.00047797999999943386,97,A06,cross-session,AdaBN
2,3,0,0.0004900689999942642,97,A06,cross-session,AdaBN
3,4,0,0.0004716619999953764,97,A06,cross-session,AdaBN
4,5,0,0.00047214399998551926,97,A06,cross-session,AdaBN
5,6,1,0.0004258149999998295,97,A06,cross-session,AdaBN
6,7,0,0.00046942599999511003,97,A06,cross-session,AdaBN
7,8,0,0.00042726699999207085,97,A06,cross-session,AdaBN
8,9,1,0.00042656300001908676,97,A06,cross-session,AdaBN
9,10,1,0.00043926099999680446,97,A06,cross-session,AdaBN
10,11,1,0.0004698429999905329,97,A06,cross-session,AdaBN
11,12,1,0.0004553429999987202,97,A06,cross-session,AdaBN
12,13,0,0.0004700839999998152,97,A06,cross-session,AdaBN
13,14,1,0.000454289999993307,97,A06,cross-session,AdaBN
14,15,0,0.00044858399999725407,97,A06,cross-session,AdaBN
15,16,1,0.00044337300002439406,97,A06,cross-session,AdaBN
16,16,1,0.00040166599998769925,97,A06,cross-session,AdaBN
17,16,0,0.0004261519999886332,97,A06,cross-session,AdaBN
18,16,0,0.0004270089999920401,97,A06,cross-session,AdaBN
19,16,1,0.0004061470000067402,97,A06,cross-session,AdaBN
20,16,0,0.0004393520000007811,97,A06,cross-session,AdaBN
21,16,1,0.0004434530000025916,97,A06,cross-session,AdaBN
22,16,0,0.00041949600000634746,97,A06,cross-session,AdaBN
23,16,1,0.00043246300000987503,97,A06,cross-session,AdaBN
24,16,0,0.0004248500000016975,97,A06,cross-session,AdaBN
25,16,1,0.00041379199998914373,97,A06,cross-session,AdaBN
26,16,0,0.0004258740000011585,97,A06,cross-session,AdaBN
27,16,0,0.0004198610000116787,97,A06,cross-session,AdaBN
28,16,1,0.00041266799999561954,97,A06,cross-session,AdaBN
29,16,0,0.0004475099999865506,97,A06,cross-session,AdaBN
30,16,1,0.0004382619999887538,97,A06,cross-session,AdaBN
31,16,0,0.00046020799999269,97,A06,cross-session,AdaBN
32,16,0,0.00043567099999108905,97,A06,cross-session,AdaBN
33,16,0,0.0003953070000193293,97,A06,cross-session,AdaBN
34,16,0,0.0004094230000077914,97,A06,cross-session,AdaBN
35,16,1,0.00039812099998925987,97,A06,cross-session,AdaBN
36,16,1,0.0003488250000032167,97,A06,cross-session,AdaBN
37,16,1,0.0004160580000132086,97,A06,cross-session,AdaBN
38,16,1,0.00036691100001462473,97,A06,cross-session,AdaBN
39,16,0,0.00035735500000555476,97,A06,cross-session,AdaBN
40,16,1,0.00039022699999691213,97,A06,cross-session,AdaBN
41,16,1,0.00035067699997171076,97,A06,cross-session,AdaBN
42,16,0,0.00037009199999715747,97,A06,cross-session,AdaBN
43,16,1,0.00037070999999855303,97,A06,cross-session,AdaBN
44,16,1,0.0003580380000016703,97,A06,cross-session,AdaBN
45,16,0,0.0004162809999854744,97,A06,cross-session,AdaBN
46,16,0,0.0003610299999934341,97,A06,cross-session,AdaBN
47,16,0,0.0003530479999938052,97,A06,cross-session,AdaBN
48,16,1,0.0003889550000053532,97,A06,cross-session,AdaBN
49,16,0,0.00035490099998014557,97,A06,cross-session,AdaBN
50,16,0,0.0003675979999968604,97,A06,cross-session,AdaBN
51,16,1,0.00038917899999546535,97,A06,cross-session,AdaBN
52,16,1,0.0003618749999816373,97,A06,cross-session,AdaBN
53,16,0,0.0003852870000002895,97,A06,cross-session,AdaBN
54,16,1,0.00036459300000046824,97,A06,cross-session,AdaBN
55,16,0,0.0003850439999837363,97,A06,cross-session,AdaBN
56,16,0,0.00039994099998352795,97,A06,cross-session,AdaBN
57,16,0,0.0003614809999987756,97,A06,cross-session,AdaBN
58,16,0,0.00040282399999114205,97,A06,cross-session,AdaBN
59,16,1,0.00034900700001117,97,A06,cross-session,AdaBN
60,16,1,0.00037781899999345114,97,A06,cross-session,AdaBN
61,16,1,0.00038724000000911474,97,A06,cross-session,AdaBN
62,16,0,0.00036002199999529694,97,A06,cross-session,AdaBN
63,16,1,0.0003567440000153965,97,A06,cross-session,AdaBN
64,16,1,0.0003615999999908581,97,A06,cross-session,AdaBN
65,16,0,0.000370588000009775,97,A06,cross-session,AdaBN
66,16,0,0.0003908440000088831,97,A06,cross-session,AdaBN
67,16,0,0.00036132700000734985,97,A06,cross-session,AdaBN
68,16,1,0.000372382999984211,97,A06,cross-session,AdaBN
69,16,1,0.00035900800000376876,97,A06,cross-session,AdaBN
70,16,0,0.0003734699999995428,97,A06,cross-session,AdaBN
71,16,0,0.000369460000001709,97,A06,cross-session,AdaBN
72,16,0,0.000353046000014956,97,A06,cross-session,AdaBN
73,16,0,0.00037532199999645854,97,A06,cross-session,AdaBN
74,16,0,0.00036030800001185526,97,A06,cross-session,AdaBN
75,16,0,0.0003508700000054432,97,A06,cross-session,AdaBN
76,16,0,0.00036516899999128327,97,A06,cross-session,AdaBN
77,16,0,0.00036107800002582735,97,A06,cross-session,AdaBN
78,16,0,0.00037360700000022007,97,A06,cross-session,AdaBN
79,16,0,0.0003994920000138791,97,A06,cross-session,AdaBN
80,16,1,0.00037060799999721894,97,A06,cross-session,AdaBN
81,16,0,0.00038319900002647955,97,A06,cross-session,AdaBN
82,16,1,0.0003627129999870249,97,A06,cross-session,AdaBN
83,16,0,0.0003707650000137619,97,A06,cross-session,AdaBN
84,16,1,0.00036005399999794463,97,A06,cross-session,AdaBN
85,16,0,0.00036931799999706527,97,A06,cross-session,AdaBN
86,16,0,0.00036396299998386894,97,A06,cross-session,AdaBN
87,16,0,0.00034725500000831744,97,A06,cross-session,AdaBN
88,16,1,0.0003663009999854694,97,A06,cross-session,AdaBN
89,16,0,0.00039290400002300885,97,A06,cross-session,AdaBN
90,16,1,0.00035858100000041304,97,A06,cross-session,AdaBN
91,16,0,0.0003704559999846424,97,A06,cross-session,AdaBN
92,16,0,0.0003531910000162952,97,A06,cross-session,AdaBN
93,16,1,0.00034584899998435503,97,A06,cross-session,AdaBN
94,16,0,0.0003678500000035001,97,A06,cross-session,AdaBN
95,16,1,0.00035921100001701234,97,A06,cross-session,AdaBN
96,16,1,0.0003589639999859173,97,A06,cross-session,AdaBN
97,16,1,0.0003669090000073538,97,A06,cross-session,AdaBN
98,16,0,0.0003800169999976788,97,A06,cross-session,AdaBN
99,16,0,0.000398936000010508,97,A06,cross-session,AdaBN
100,16,1,0.00037937099997975565,97,A06,cross-session,AdaBN
101,16,0,0.00035140200000682853,97,A06,cross-session,AdaBN
102,16,1,0.0003684179999936532,97,A06,cross-session,AdaBN
103,16,0,0.0003556869999954415,97,A06,cross-session,AdaBN
104,16,0,0.00035078199999816206,97,A06,cross-session,AdaBN
105,16,1,0.0003527249999990545,97,A06,cross-session,AdaBN
106,16,1,0.0003564630000028046,97,A06,cross-session,AdaBN
107,16,1,0.00036084100000266517,97,A06,cross-session,AdaBN
108,16,1,0.0003900670000120954,97,A06,cross-session,AdaBN
109,16,1,0.00036692199998356045,97,A06,cross-session,AdaBN
110,16,0,0.0003779850000000806,97,A06,cross-session,AdaBN
111,16,1,0.000382263000005878,97,A06,cross-session,AdaBN
112,16,1,0.0003575909999824489,97,A06,cross-session,AdaBN
113,16,0,0.00036738399998625937,97,A06,cross-session,AdaBN
114,16,0,0.00035492100002443294,97,A06,cross-session,AdaBN
115,16,1,0.0003640979999772753,97,A06,cross-session,AdaBN
116,16,1,0.0003615910000007716,97,A06,cross-session,AdaBN
117,16,0,0.0003475659999878644,97,A06,cross-session,AdaBN
118,16,1,0.0003507510000133607,97,A06,cross-session,AdaBN
119,16,1,0.0003573750000214204,97,A06,cross-session,AdaBN
120,16,1,0.0003457629999843448,97,A06,cross-session,AdaBN
121,16,0,0.0003729400000054284,97,A06,cross-session,AdaBN
122,16,0,0.0003583250000076532,97,A06,cross-session,AdaBN
123,16,0,0.00035503499998412735,97,A06,cross-session,AdaBN
124,16,1,0.0003610900000126094,97,A06,cross-session,AdaBN
125,16,1,0.0003486070000064956,97,A06,cross-session,AdaBN
126,16,0,0.00036100900001656555,97,A06,cross-session,AdaBN
127,16,0,0.0003566350000028251,97,A06,cross-session,AdaBN
128,16,0,0.00035471399999664754,97,A06,cross-session,AdaBN
129,16,1,0.0003683670000214079,97,A06,cross-session,AdaBN
130,16,0,0.0003522760000009839,97,A06,cross-session,AdaBN
131,16,0,0.00035062899999616093,97,A06,cross-session,AdaBN
132,16,0,0.00035214000001815293,97,A06,cross-session,AdaBN
133,16,1,0.0003547709999907056,97,A06,cross-session,AdaBN
134,16,0,0.00036508000002299923,97,A06,cross-session,AdaBN
135,16,0,0.00035696800000550866,97,A06,cross-session,AdaBN
136,16,0,0.00034957699998017233,97,A06,cross-session,AdaBN
137,16,0,0.00035355800000047566,97,A06,cross-session,AdaBN
138,16,1,0.0003474089999997432,97,A06,cross-session,AdaBN
139,16,0,0.0003519960000062383,97,A06,cross-session,AdaBN
140,16,0,0.00035612100001003455,97,A06,cross-session,AdaBN
141,16,0,0.0003505399999994552,97,A06,cross-session,AdaBN
142,16,1,0.00036350199999901633,97,A06,cross-session,AdaBN
143,16,0,0.0003513970000028621,97,A06,cross-session,AdaBN
144,16,0,0.00034388199998147684,97,A06,cross-session,AdaBN
145,16,1,0.0003717200000039611,97,A06,cross-session,AdaBN
146,16,1,0.00035291599999709433,97,A06,cross-session,AdaBN
147,16,1,0.0003560309999954825,97,A06,cross-session,AdaBN
148,16,0,0.00035777700000494406,97,A06,cross-session,AdaBN
149,16,1,0.00036284200001546196,97,A06,cross-session,AdaBN
150,16,0,0.000354770000001281,97,A06,cross-session,AdaBN
151,16,1,0.0003555330000040158,97,A06,cross-session,AdaBN
152,16,0,0.0003531100000202514,97,A06,cross-session,AdaBN
153,16,0,0.00036287300000026335,97,A06,cross-session,AdaBN
154,16,0,0.0003465839999989839,97,A06,cross-session,AdaBN
155,16,0,0.00035004200000798846,97,A06,cross-session,AdaBN
156,16,1,0.0003948629999968034,97,A06,cross-session,AdaBN
157,16,1,0.0003530429999898388,97,A06,cross-session,AdaBN
158,16,0,0.00034849400000780406,97,A06,cross-session,AdaBN
159,16,0,0.0003865900000050715,97,A06,cross-session,AdaBN
160,16,1,0.0003829320000079406,97,A06,cross-session,AdaBN
161,16,1,0.00036427699998853313,97,A06,cross-session,AdaBN
162,16,0,0.00036062399999536865,97,A06,cross-session,AdaBN
163,16,0,0.00035984499999131003,97,A06,cross-session,AdaBN
164,16,1,0.0003536729999780164,97,A06,cross-session,AdaBN
165,16,0,0.00035777200000097764,97,A06,cross-session,AdaBN
166,16,1,0.00036974099998587917,97,A06,cross-session,AdaBN
167,16,1,0.0003715149999834466,97,A06,cross-session,AdaBN
168,16,1,0.00040008300001659336,97,A06,cross-session,AdaBN
169,16,0,0.0003749659999812138,97,A06,cross-session,AdaBN
170,16,0,0.0003506590000199594,97,A06,cross-session,AdaBN
171,16,0,0.0003576850000115428,97,A06,cross-session,AdaBN
172,16,0,0.00037380700001676814,97,A06,cross-session,AdaBN
173,16,1,0.00035070100000211823,97,A06,cross-session,AdaBN
174,16,0,0.00038783799999464463,97,A06,cross-session,AdaBN
175,16,0,0.00035024199999611483,97,A06,cross-session,AdaBN
176,16,1,0.0003625320000253396,97,A06,cross-session,AdaBN
177,16,0,0.000361032000000705,97,A06,cross-session,AdaBN
178,16,1,0.000352268000000322,97,A06,cross-session,AdaBN
179,16,0,0.0004056120000086594,97,A06,cross-session,AdaBN
180,16,0,0.000348728000005849,97,A06,cross-session,AdaBN
181,16,1,0.000358465000005026,97,A06,cross-session,AdaBN
182,16,0,0.00037557799998921837,97,A06,cross-session,AdaBN
183,16,0,0.00036238800001342497,97,A06,cross-session,AdaBN
184,16,1,0.00035326899998722183,97,A06,cross-session,AdaBN
185,16,1,0.00035348899999121386,97,A06,cross-session,AdaBN
186,16,1,0.0003486490000170761,97,A06,cross-session,AdaBN
187,16,1,0.0003547040000171364,97,A06,cross-session,AdaBN
188,16,0,0.00034374499998079955,97,A06,cross-session,AdaBN
189,16,1,0.00034834699999919394,97,A06,cross-session,AdaBN
190,16,0,0.00037683499999729975,97,A06,cross-session,AdaBN
191,16,1,0.0003442130000053112,97,A06,cross-session,AdaBN
192,16,0,0.0003677370000048086,97,A06,cross-session,AdaBN
193,16,0,0.00036213600000678525,97,A06,cross-session,AdaBN
194,16,0,0.00034866000001443354,97,A06,cross-session,AdaBN
195,16,0,0.0003623659999902884,97,A06,cross-session,AdaBN
196,16,1,0.000379417000004878,97,A06,cross-session,AdaBN
197,16,1,0.00037750000001324224,97,A06,cross-session,AdaBN
198,16,1,0.00036351200000694917,97,A06,cross-session,AdaBN
199,16,1,0.0003533619999984694,97,A06,cross-session,AdaBN
200,16,0,0.00038682699999981196,97,A06,cross-session,AdaBN
201,16,0,0.0003874070000051688,97,A06,cross-session,AdaBN
202,16,0,0.000365135999999211,97,A06,cross-session,AdaBN
203,16,1,0.0003863400000057027,97,A06,cross-session,AdaBN
204,16,1,0.00035168799999496514,97,A06,cross-session,AdaBN
205,16,0,0.0004026709999891409,97,A06,cross-session,AdaBN
206,16,1,0.00037451100001817395,97,A06,cross-session,AdaBN
207,16,1,0.00035763199997518313,97,A06,cross-session,AdaBN
208,16,0,0.0003866969999819503,97,A06,cross-session,AdaBN
209,16,0,0.00035313499998324005,97,A06,cross-session,AdaBN
210,16,0,0.00036592600000062703,97,A06,cross-session,AdaBN
211,16,1,0.00037867499997901177,97,A06,cross-session,AdaBN
212,16,0,0.00034845199999722354,97,A06,cross-session,AdaBN
213,16,1,0.00037630200000648983,97,A06,cross-session,AdaBN
214,16,1,0.00034904500000720873,97,A06,cross-session,AdaBN
215,16,0,0.0003552940000020044,97,A06,cross-session,AdaBN
216,16,0,0.00035577200000602716,97,A06,cross-session,AdaBN
217,16,0,0.0003435860000138291,97,A06,cross-session,AdaBN
218,16,0,0.000363418000006277,97,A06,cross-session,AdaBN
219,16,1,0.00035464399999796115,97,A06,cross-session,AdaBN
220,16,0,0.00034746100001825653,97,A06,cross-session,AdaBN
221,16,0,0.000349565000021812,97,A06,cross-session,AdaBN
222,16,0,0.0003700979999905485,97,A06,cross-session,AdaBN
223,16,0,0.00036287000000356784,97,A06,cross-session,AdaBN
224,16,1,0.0003575099999864051,97,A06,cross-session,AdaBN
225,16,0,0.000360143999984075,97,A06,cross-session,AdaBN
226,16,1,0.00036177699999484503,97,A06,cross-session,AdaBN
227,16,0,0.00035144999998237836,97,A06,cross-session,AdaBN
228,16,1,0.00035918599999718026,97,A06,cross-session,AdaBN
229,16,0,0.00035492099999601123,97,A06,cross-session,AdaBN
230,16,1,0.00035092000001668566,97,A06,cross-session,AdaBN
231,16,0,0.0003550799999914034,97,A06,cross-session,AdaBN
232,16,0,0.0003473190000136128,97,A06,cross-session,AdaBN
233,16,0,0.0003524010000148792,97,A06,cross-session,AdaBN
234,16,0,0.0003570609999883345,97,A06,cross-session,AdaBN
235,16,1,0.0003461080000022321,97,A06,cross-session,AdaBN
236,16,1,0.0003614959999822531,97,A06,cross-session,AdaBN
237,16,0,0.0003498119999960636,97,A06,cross-session,AdaBN
238,16,0,0.0003487189999873408,97,A06,cross-session,AdaBN
239,16,1,0.0003504789999908553,97,A06,cross-session,AdaBN
240,16,1,0.00035310299998059236,97,A06,cross-session,AdaBN
241,16,0,0.00035419499999989057,97,A06,cross-session,AdaBN
242,16,1,0.000347658999999112,97,A06,cross-session,AdaBN
243,16,0,0.0003568859999916185,97,A06,cross-session,AdaBN
244,16,1,0.0003527940000083163,97,A06,cross-session,AdaBN
245,16,0,0.00034983199998350756,97,A06,cross-session,AdaBN
246,16,0,0.00035938799999257753,97,A06,cross-session,AdaBN
247,16,0,0.00035337299999582683,97,A06,cross-session,AdaBN
248,16,0,0.0003524109999943903,97,A06,cross-session,AdaBN
249,16,1,0.00036421500001893037,97,A06,cross-session,AdaBN
250,16,1,0.00036266800000817057,97,A06,cross-session,AdaBN
251,16,1,0.0003521289999923738,97,A06,cross-session,AdaBN
252,16,0,0.00035479100000657127,97,A06,cross-session,AdaBN
253,16,0,0.00034855900000252404,97,A06,cross-session,AdaBN
254,16,1,0.00035629800001402145,97,A06,cross-session,AdaBN
255,16,1,0.0003473780000149418,97,A06,cross-session,AdaBN
256,16,0,0.00035922000000709886,97,A06,cross-session,AdaBN
257,16,0,0.00035384000000249216,97,A06,cross-session,AdaBN
258,16,1,0.00035852099998123776,97,A06,cross-session,AdaBN
259,16,0,0.0003687350000234346,97,A06,cross-session,AdaBN
260,16,0,0.0003456599999935861,97,A06,cross-session,AdaBN
261,16,0,0.00034951999998611427,97,A06,cross-session,AdaBN
262,16,0,0.00035387300002298616,97,A06,cross-session,AdaBN
263,16,0,0.00035510300000396455,97,A06,cross-session,AdaBN
264,16,1,0.00039554099998895254,97,A06,cross-session,AdaBN
265,16,1,0.0003614179999829048,97,A06,cross-session,AdaBN
266,16,1,0.0003503789999967921,97,A06,cross-session,AdaBN
267,16,1,0.00035488900002178525,97,A06,cross-session,AdaBN
268,16,1,0.00038467800001740216,97,A06,cross-session,AdaBN
269,16,0,0.00038773800000058145,97,A06,cross-session,AdaBN
270,16,0,0.00038197200001377496,97,A06,cross-session,AdaBN
271,16,1,0.00035176100001876875,97,A06,cross-session,AdaBN
272,16,1,0.00038224900001182505,97,A06,cross-session,AdaBN
273,16,0,0.0003434789999801069,97,A06,cross-session,AdaBN
274,16,1,0.0003632799999877534,97,A06,cross-session,AdaBN
275,16,0,0.00037661900000784954,97,A06,cross-session,AdaBN
276,16,0,0.0003498499999921023,97,A06,cross-session,AdaBN
277,16,0,0.0003884529999993447,97,A06,cross-session,AdaBN
278,16,0,0.000342037999985223,97,A06,cross-session,AdaBN
279,16,0,0.0003633869999930539,97,A06,cross-session,AdaBN
280,16,1,0.0004091380000090794,97,A06,cross-session,AdaBN
281,16,1,0.00034925799999996343,97,A06,cross-session,AdaBN
282,16,0,0.0003784790000054272,97,A06,cross-session,AdaBN
283,16,0,0.0003555769999934455,97,A06,cross-session,AdaBN
284,16,1,0.00035404800001970216,97,A06,cross-session,AdaBN
285,16,1,0.0003730939999968541,97,A06,cross-session,AdaBN
286,16,1,0.0003463639999949919,97,A06,cross-session,AdaBN
287,16,0,0.00035197899998706816,97,A06,cross-session,AdaBN
0,1,0,0.0007719070000007378,97,A07,cross-session,AdaBN
1,2,1,0.0006698660000097334,97,A07,cross-session,AdaBN
2,3,1,0.0006988869999986491,97,A07,cross-session,AdaBN
3,4,0,0.0008881310000106168,97,A07,cross-session,AdaBN
4,5,0,0.0012448720000008962,97,A07,cross-session,AdaBN
5,6,1,0.0011240089999944303,97,A07,cross-session,AdaBN
6,7,1,0.0011384610000106932,97,A07,cross-session,AdaBN
7,8,0,0.001102115999998432,97,A07,cross-session,AdaBN
8,9,1,0.0010595109999940178,97,A07,cross-session,AdaBN
9,10,1,0.0010565160000055585,97,A07,cross-session,AdaBN
10,11,1,0.00102925199999504,97,A07,cross-session,AdaBN
11,12,1,0.0008161979999954383,97,A07,cross-session,AdaBN
12,13,1,0.0004728220000060901,97,A07,cross-session,AdaBN
13,14,1,0.00042382399999496556,97,A07,cross-session,AdaBN
14,15,1,0.00043373600001928025,97,A07,cross-session,AdaBN
15,16,0,0.0004132070000082422,97,A07,cross-session,AdaBN
16,16,0,0.0004119070000001557,97,A07,cross-session,AdaBN
17,16,1,0.0004013209999982337,97,A07,cross-session,AdaBN
18,16,0,0.00041657299999542374,97,A07,cross-session,AdaBN
19,16,1,0.0003824460000032559,97,A07,cross-session,AdaBN
20,16,1,0.0003702009999813072,97,A07,cross-session,AdaBN
21,16,1,0.00038355899999942267,97,A07,cross-session,AdaBN
22,16,0,0.0003822959999979503,97,A07,cross-session,AdaBN
23,16,0,0.0003631069999983083,97,A07,cross-session,AdaBN
24,16,0,0.00038826200000130484,97,A07,cross-session,AdaBN
25,16,1,0.00037230099999874255,97,A07,cross-session,AdaBN
26,16,0,0.0003650399999912679,97,A07,cross-session,AdaBN
27,16,0,0.00037282200000277044,97,A07,cross-session,AdaBN
28,16,0,0.0003727449999928467,97,A07,cross-session,AdaBN
29,16,0,0.00037300400001072376,97,A07,cross-session,AdaBN
30,16,1,0.0003689490000056139,97,A07,cross-session,AdaBN
31,16,0,0.0003874020000012024,97,A07,cross-session,AdaBN
32,16,1,0.00040757700000426667,97,A07,cross-session,AdaBN
33,16,1,0.00037146299999335497,97,A07,cross-session,AdaBN
34,16,1,0.00036900199998513017,97,A07,cross-session,AdaBN
35,16,0,0.00037947399999893605,97,A07,cross-session,AdaBN
36,16,1,0.00034842200000184675,97,A07,cross-session,AdaBN
37,16,1,0.000388285000013866,97,A07,cross-session,AdaBN
38,16,1,0.0003590899999892372,97,A07,cross-session,AdaBN
39,16,1,0.0003657360000204335,97,A07,cross-session,AdaBN
40,16,1,0.0003543029999946157,97,A07,cross-session,AdaBN
41,16,1,0.0003694250000023658,97,A07,cross-session,AdaBN
42,16,1,0.00036094000000730375,97,A07,cross-session,AdaBN
43,16,0,0.00038840599998479775,97,A07,cross-session,AdaBN
44,16,1,0.0003880010000045786,97,A07,cross-session,AdaBN
45,16,1,0.00036821300000156043,97,A07,cross-session,AdaBN
46,16,1,0.0003681599999936225,97,A07,cross-session,AdaBN
47,16,1,0.00038710799998398215,97,A07,cross-session,AdaBN
48,16,0,0.0003618640000127016,97,A07,cross-session,AdaBN
49,16,0,0.00038428700000281424,97,A07,cross-session,AdaBN
50,16,0,0.0003581770000096185,97,A07,cross-session,AdaBN
51,16,0,0.00039509499998757747,97,A07,cross-session,AdaBN
52,16,0,0.00035052400002655304,97,A07,cross-session,AdaBN
53,16,1,0.0006610220000027311,97,A07,cross-session,AdaBN
54,16,0,0.0004383210000185045,97,A07,cross-session,AdaBN
55,16,1,0.000392744999999195,97,A07,cross-session,AdaBN
56,16,1,0.00039391999999338623,97,A07,cross-session,AdaBN
57,16,0,0.00037299900000675734,97,A07,cross-session,AdaBN
58,16,1,0.0004022020000036264,97,A07,cross-session,AdaBN
59,16,1,0.0003492059999814501,97,A07,cross-session,AdaBN
60,16,0,0.00037096899998800836,97,A07,cross-session,AdaBN
61,16,0,0.0004177829999889582,97,A07,cross-session,AdaBN
62,16,0,0.00041287899998110333,97,A07,cross-session,AdaBN
63,16,0,0.00034613599999033795,97,A07,cross-session,AdaBN
64,16,1,0.00038185700000781253,97,A07,cross-session,AdaBN
65,16,1,0.0003593380000097568,97,A07,cross-session,AdaBN
66,16,1,0.00037424199999236407,97,A07,cross-session,AdaBN
67,16,0,0.0003556119999927887,97,A07,cross-session,AdaBN
68,16,1,0.0004006279999941853,97,A07,cross-session,AdaBN
69,16,1,0.0003491410000151518,97,A07,cross-session,AdaBN
70,16,0,0.0003572949999863795,97,A07,cross-session,AdaBN
71,16,0,0.0003870230000018182,97,A07,cross-session,AdaBN
72,16,1,0.00035939500000381486,97,A07,cross-session,AdaBN
73,16,1,0.0003959420000114733,97,A07,cross-session,AdaBN
74,16,1,0.00035162400001809146,97,A07,cross-session,AdaBN
75,16,1,0.00037827799999945455,97,A07,cross-session,AdaBN
76,16,0,0.0003926839999905951,97,A07,cross-session,AdaBN
77,16,1,0.00035476400000789,97,A07,cross-session,AdaBN
78,16,0,0.00038689600000907376,97,A07,cross-session,AdaBN
79,16,1,0.0003589510000097107,97,A07,cross-session,AdaBN
80,16,0,0.0003594410000005155,97,A07,cross-session,AdaBN
81,16,0,0.000374145999984421,97,A07,cross-session,AdaBN
82,16,0,0.00035865099999909944,97,A07,cross-session,AdaBN
83,16,1,0.0003583579999997255,97,A07,cross-session,AdaBN
84,16,1,0.00036077100000397877,97,A07,cross-session,AdaBN
85,16,1,0.0003776570000013635,97,A07,cross-session,AdaBN
86,16,0,0.0003592730000150368,97,A07,cross-session,AdaBN
87,16,1,0.0003482270000176868,97,A07,cross-session,AdaBN
88,16,1,0.0003486589999965872,97,A07,cross-session,AdaBN
89,16,1,0.00035615499999153144,97,A07,cross-session,AdaBN
90,16,1,0.0003564329999790061,97,A07,cross-session,AdaBN
91,16,1,0.00035437099998603117,97,A07,cross-session,AdaBN
92,16,1,0.0003447840000205815,97,A07,cross-session,AdaBN
93,16,1,0.0003511079999896083,97,A07,cross-session,AdaBN
94,16,1,0.00035151299999824914,97,A07,cross-session,AdaBN
95,16,1,0.0003488620000098308,97,A07,cross-session,AdaBN
96,16,1,0.0003884140000138814,97,A07,cross-session,AdaBN
97,16,1,0.00036158199998226337,97,A07,cross-session,AdaBN
98,16,0,0.00034933300000261625,97,A07,cross-session,AdaBN
99,16,1,0.00034458500002187975,97,A07,cross-session,AdaBN
100,16,0,0.0003581069999825104,97,A07,cross-session,AdaBN
101,16,0,0.000353861999997207,97,A07,cross-session,AdaBN
102,16,0,0.0003433389999827341,97,A07,cross-session,AdaBN
103,16,1,0.0003490990000045713,97,A07,cross-session,AdaBN
104,16,0,0.0003543020000051911,97,A07,cross-session,AdaBN
105,16,0,0.0003443619999927705,97,A07,cross-session,AdaBN
106,16,0,0.0003556510000066737,97,A07,cross-session,AdaBN
107,16,1,0.00034592599999427875,97,A07,cross-session,AdaBN
108,16,0,0.00035045599997829413,97,A07,cross-session,AdaBN
109,16,0,0.00035911899999518937,97,A07,cross-session,AdaBN
110,16,0,0.0003540390000011939,97,A07,cross-session,AdaBN
111,16,0,0.00035426200000188146,97,A07,cross-session,AdaBN
112,16,0,0.00034999999999740794,97,A07,cross-session,AdaBN
113,16,1,0.00034905399999729525,97,A07,cross-session,AdaBN
114,16,0,0.0003793169999823931,97,A07,cross-session,AdaBN
115,16,0,0.00036266199998635784,97,A07,cross-session,AdaBN
116,16,1,0.00038653500001828434,97,A07,cross-session,AdaBN
117,16,0,0.00034845999999788546,97,A07,cross-session,AdaBN
118,16,1,0.0003589979999958359,97,A07,cross-session,AdaBN
119,16,0,0.00038387499998293606,97,A07,cross-session,AdaBN
120,16,0,0.00034940599999799815,97,A07,cross-session,AdaBN
121,16,1,0.0003702390000057676,97,A07,cross-session,AdaBN
122,16,1,0.0003524409999897671,97,A07,cross-session,AdaBN
123,16,0,0.000347450999981902,97,A07,cross-session,AdaBN
124,16,0,0.00035277800000699244,97,A07,cross-session,AdaBN
125,16,0,0.0003685239999811074,97,A07,cross-session,AdaBN
126,16,0,0.00036139700000603625,97,A07,cross-session,AdaBN
127,16,1,0.0003576919999943584,97,A07,cross-session,AdaBN
128,16,0,0.0003517479999857187,97,A07,cross-session,AdaBN
129,16,0,0.00036378699999772834,97,A07,cross-session,AdaBN
130,16,1,0.0003552610000099321,97,A07,cross-session,AdaBN
131,16,0,0.0003826909999986583,97,A07,cross-session,AdaBN
132,16,1,0.0003563570000153504,97,A07,cross-session,AdaBN
133,16,1,0.0003508640000120522,97,A07,cross-session,AdaBN
134,16,1,0.00035517500000992186,97,A07,cross-session,AdaBN
135,16,0,0.00034392699998875287,97,A07,cross-session,AdaBN
136,16,1,0.00034975300002315635,97,A07,cross-session,AdaBN
137,16,1,0.00034722400002351606,97,A07,cross-session,AdaBN
138,16,0,0.00034567299999821444,97,A07,cross-session,AdaBN
139,16,1,0.00034683900000231915,97,A07,cross-session,AdaBN
140,16,0,0.0003450199999974757,97,A07,cross-session,AdaBN
141,16,0,0.00034297199999855366,97,A07,cross-session,AdaBN
142,16,0,0.000384621999984347,97,A07,cross-session,AdaBN
143,16,0,0.0003437560000065787,97,A07,cross-session,AdaBN
144,16,1,0.00034950699998148593,97,A07,cross-session,AdaBN
145,16,0,0.0003486810000197238,97,A07,cross-session,AdaBN
146,16,0,0.00034866000001443354,97,A07,cross-session,AdaBN
147,16,0,0.00035478399999533394,97,A07,cross-session,AdaBN
148,16,0,0.00034299900002565664,97,A07,cross-session,AdaBN
149,16,0,0.00037125000000060027,97,A07,cross-session,AdaBN
150,16,1,0.00037033499998528896,97,A07,cross-session,AdaBN
151,16,0,0.0003436890000045878,97,A07,cross-session,AdaBN
152,16,1,0.0003685490000009395,97,A07,cross-session,AdaBN
153,16,1,0.00035154800002601405,97,A07,cross-session,AdaBN
154,16,1,0.0003526939999858314,97,A07,cross-session,AdaBN
155,16,1,0.00037606099999720755,97,A07,cross-session,AdaBN
156,16,1,0.00034744499998851097,97,A07,cross-session,AdaBN
157,16,1,0.0003606399999966925,97,A07,cross-session,AdaBN
158,16,1,0.00035274100000037834,97,A07,cross-session,AdaBN
159,16,1,0.0003533560000050784,97,A07,cross-session,AdaBN
160,16,1,0.0003576450000082332,97,A07,cross-session,AdaBN
161,16,1,0.00034409499997423154,97,A07,cross-session,AdaBN
162,16,1,0.0003454489999796806,97,A07,cross-session,AdaBN
163,16,0,0.00038545200001749436,97,A07,cross-session,AdaBN
164,16,1,0.00034553000000414613,97,A07,cross-session,AdaBN
165,16,1,0.00039329699998802425,97,A07,cross-session,AdaBN
166,16,0,0.00040077899998891553,97,A07,cross-session,AdaBN
167,16,0,0.0003428420000091137,97,A07,cross-session,AdaBN
168,16,1,0.000379324999983055,97,A07,cross-session,AdaBN
169,16,1,0.00034623999999894295,97,A07,cross-session,AdaBN
170,16,0,0.00037051399999654677,97,A07,cross-session,AdaBN
171,16,0,0.0003554740000026868,97,A07,cross-session,AdaBN
172,16,0,0.0003672130000040852,97,A07,cross-session,AdaBN
173,16,0,0.0003605279999874256,97,A07,cross-session,AdaBN
174,16,1,0.00034275699999852804,97,A07,cross-session,AdaBN
175,16,0,0.00034978600001522864,97,A07,cross-session,AdaBN
176,16,1,0.00038861599998085694,97,A07,cross-session,AdaBN
177,16,0,0.0003443559999993795,97,A07,cross-session,AdaBN
178,16,0,0.0003560060000040721,97,A07,cross-session,AdaBN
179,16,1,0.0003608520000000226,97,A07,cross-session,AdaBN
180,16,1,0.00035393499999258893,97,A07,cross-session,AdaBN
181,16,1,0.00036818299997776194,97,A07,cross-session,AdaBN
182,16,0,0.00034465199999544893,97,A07,cross-session,AdaBN
183,16,0,0.00035045499998886953,97,A07,cross-session,AdaBN
184,16,0,0.0003650980000031723,97,A07,cross-session,AdaBN
185,16,1,0.0003563079999935326,97,A07,cross-session,AdaBN
186,16,0,0.00035035100000868624,97,A07,cross-session,AdaBN
187,16,0,0.0003624640000055024,97,A07,cross-session,AdaBN
188,16,0,0.00034912799998210176,97,A07,cross-session,AdaBN
189,16,0,0.00036868199998707496,97,A07,cross-session,AdaBN
190,16,1,0.0003519560000029287,97,A07,cross-session,AdaBN
191,16,0,0.0003565910000133954,97,A07,cross-session,AdaBN
192,16,0,0.0003603879999900528,97,A07,cross-session,AdaBN
193,16,1,0.0003639929999792457,97,A07,cross-session,AdaBN
194,16,1,0.00035503799998082286,97,A07,cross-session,AdaBN
195,16,0,0.00035650000000941873,97,A07,cross-session,AdaBN
196,16,1,0.0003569470000002184,97,A07,cross-session,AdaBN
197,16,1,0.00035679299998037095,97,A07,cross-session,AdaBN
198,16,0,0.0003465479999817944,97,A07,cross-session,AdaBN
199,16,0,0.00034827000001769193,97,A07,cross-session,AdaBN
200,16,1,0.0003662729999973635,97,A07,cross-session,AdaBN
201,16,0,0.0003481280000130482,97,A07,cross-session,AdaBN
202,16,0,0.000355788000007351,97,A07,cross-session,AdaBN
203,16,1,0.00034803200000510515,97,A07,cross-session,AdaBN
204,16,0,0.0003516040000022258,97,A07,cross-session,AdaBN
205,16,1,0.0003546530000164694,97,A07,cross-session,AdaBN
206,16,0,0.00035162599999694066,97,A07,cross-session,AdaBN
207,16,0,0.00035527299999671413,97,A07,cross-session,AdaBN
208,16,0,0.00034520799999882,97,A07,cross-session,AdaBN
209,16,0,0.0003492499999993015,97,A07,cross-session,AdaBN
210,16,0,0.0003612799999928029,97,A07,cross-session,AdaBN
211,16,1,0.0003459720000194011,97,A07,cross-session,AdaBN
212,16,1,0.00035790800001223033,97,A07,cross-session,AdaBN
213,16,0,0.00035053700000275967,97,A07,cross-session,AdaBN
214,16,0,0.00036016399999994064,97,A07,cross-session,AdaBN
215,16,0,0.00035886699998854965,97,A07,cross-session,AdaBN
216,16,0,0.00034796500000311426,97,A07,cross-session,AdaBN
217,16,0,0.00035411199999657583,97,A07,cross-session,AdaBN
218,16,1,0.00035228100000495033,97,A07,cross-session,AdaBN
219,16,0,0.0003481999999905838,97,A07,cross-session,AdaBN
220,16,0,0.00037507999999775166,97,A07,cross-session,AdaBN
221,16,0,0.00035172200000488374,97,A07,cross-session,AdaBN
222,16,1,0.00036709599999085185,97,A07,cross-session,AdaBN
223,16,0,0.0003606109999907403,97,A07,cross-session,AdaBN
224,16,1,0.00034909799998672497,97,A07,cross-session,AdaBN
225,16,1,0.0003943639999874904,97,A07,cross-session,AdaBN
226,16,1,0.00034898800001315067,97,A07,cross-session,AdaBN
227,16,0,0.0003927060000137317,97,A07,cross-session,AdaBN
228,16,1,0.00036385599997856843,97,A07,cross-session,AdaBN
229,16,0,0.00035489399999732996,97,A07,cross-session,AdaBN
230,16,1,0.0003913820000036594,97,A07,cross-session,AdaBN
231,16,0,0.0003567660000101114,97,A07,cross-session,AdaBN
232,16,0,0.00037043999998331856,97,A07,cross-session,AdaBN
233,16,0,0.0003823360000012599,97,A07,cross-session,AdaBN
234,16,0,0.00034754600000042046,97,A07,cross-session,AdaBN
235,16,1,0.0003600510000012491,97,A07,cross-session,AdaBN
236,16,1,0.00037363900000286776,97,A07,cross-session,AdaBN
237,16,0,0.0003475250000235519,97,A07,cross-session,AdaBN
238,16,0,0.00041481299999190924,97,A07,cross-session,AdaBN
239,16,0,0.00036586500002044886,97,A07,cross-session,AdaBN
240,16,0,0.0003589099999885548,97,A07,cross-session,AdaBN
241,16,0,0.0003618279999955121,97,A07,cross-session,AdaBN
242,16,0,0.00035190200000556615,97,A07,cross-session,AdaBN
243,16,1,0.00035162599999694066,97,A07,cross-session,AdaBN
244,16,1,0.00037254800000141586,97,A07,cross-session,AdaBN
245,16,0,0.00035379499999521613,97,A07,cross-session,AdaBN
246,16,0,0.0003581040000142366,97,A07,cross-session,AdaBN
247,16,0,0.0003484080000077938,97,A07,cross-session,AdaBN
248,16,1,0.0003546279999966373,97,A07,cross-session,AdaBN
249,16,0,0.00035271699999839257,97,A07,cross-session,AdaBN
250,16,1,0.000353881999984651,97,A07,cross-session,AdaBN
251,16,0,0.00034943600002179664,97,A07,cross-session,AdaBN
252,16,0,0.00034729199998650984,97,A07,cross-session,AdaBN
253,16,1,0.00036712200000010853,97,A07,cross-session,AdaBN
254,16,0,0.0003806850000103168,97,A07,cross-session,AdaBN
255,16,1,0.0003554769999993823,97,A07,cross-session,AdaBN
256,16,1,0.00035907400001633505,97,A07,cross-session,AdaBN
257,16,0,0.0003530410000109896,97,A07,cross-session,AdaBN
258,16,1,0.0003458669999929498,97,A07,cross-session,AdaBN
259,16,0,0.000361161999990145,97,A07,cross-session,AdaBN
260,16,1,0.0003435129999900255,97,A07,cross-session,AdaBN
261,16,0,0.00036562599999001577,97,A07,cross-session,AdaBN
262,16,1,0.00035761000000889,97,A07,cross-session,AdaBN
263,16,1,0.00034725700001558835,97,A07,cross-session,AdaBN
264,16,0,0.0003698630000030789,97,A07,cross-session,AdaBN
265,16,1,0.00037275900001532136,97,A07,cross-session,AdaBN
266,16,0,0.0003743900000188205,97,A07,cross-session,AdaBN
267,16,1,0.00036133099999346996,97,A07,cross-session,AdaBN
268,16,1,0.000342926000001853,97,A07,cross-session,AdaBN
269,16,0,0.00045414100000584767,97,A07,cross-session,AdaBN
270,16,0,0.0003800590000082593,97,A07,cross-session,AdaBN
271,16,1,0.0004010130000153822,97,A07,cross-session,AdaBN
272,16,0,0.0003685620000055678,97,A07,cross-session,AdaBN
273,16,0,0.00036568600000919105,97,A07,cross-session,AdaBN
274,16,1,0.00035939200000711935,97,A07,cross-session,AdaBN
275,16,0,0.00038080400000239933,97,A07,cross-session,AdaBN
276,16,0,0.0003496310000059566,97,A07,cross-session,AdaBN
277,16,0,0.00038783899998406923,97,A07,cross-session,AdaBN
278,16,1,0.00037887499999555985,97,A07,cross-session,AdaBN
279,16,1,0.0003558159999954569,97,A07,cross-session,AdaBN
280,16,0,0.0003724500000146236,97,A07,cross-session,AdaBN
281,16,0,0.00036632399999803056,97,A07,cross-session,AdaBN
282,16,1,0.0003642660000195974,97,A07,cross-session,AdaBN
283,16,1,0.0003736780000167528,97,A07,cross-session,AdaBN
284,16,0,0.00035734900001216374,97,A07,cross-session,AdaBN
285,16,1,0.00035605000002192355,97,A07,cross-session,AdaBN
286,16,0,0.00036174400000277274,97,A07,cross-session,AdaBN
287,16,0,0.0003615820000106851,97,A07,cross-session,AdaBN
0,1,0,0.000550619999984292,97,A08,cross-session,AdaBN
1,2,0,0.0004618229999948653,97,A08,cross-session,AdaBN
2,3,1,0.00045307400000638154,97,A08,cross-session,AdaBN
3,4,1,0.00045227500001487897,97,A08,cross-session,AdaBN
4,5,1,0.00047755800000004456,97,A08,cross-session,AdaBN
5,6,1,0.0004378020000217475,97,A08,cross-session,AdaBN
6,7,1,0.0004302040000254692,97,A08,cross-session,AdaBN
7,8,0,0.00042994199998247495,97,A08,cross-session,AdaBN
8,9,1,0.0004846070000041891,97,A08,cross-session,AdaBN
9,10,0,0.000479331999997612,97,A08,cross-session,AdaBN
10,11,1,0.00043718599999920116,97,A08,cross-session,AdaBN
11,12,1,0.0004565849999949023,97,A08,cross-session,AdaBN
12,13,1,0.00044822200001704005,97,A08,cross-session,AdaBN
13,14,1,0.0004458580000061829,97,A08,cross-session,AdaBN
14,15,0,0.00043374199998424956,97,A08,cross-session,AdaBN
15,16,1,0.00045083300000214876,97,A08,cross-session,AdaBN
16,16,1,0.000425981000006459,97,A08,cross-session,AdaBN
17,16,1,0.0004072419999943122,97,A08,cross-session,AdaBN
18,16,1,0.0004268579999973099,97,A08,cross-session,AdaBN
19,16,1,0.0004160010000191505,97,A08,cross-session,AdaBN
20,16,0,0.000413463000001002,97,A08,cross-session,AdaBN
21,16,1,0.0004207470000210378,97,A08,cross-session,AdaBN
22,16,1,0.0004149300000051426,97,A08,cross-session,AdaBN
23,16,0,0.00042734499999141917,97,A08,cross-session,AdaBN
24,16,0,0.0004141699999991033,97,A08,cross-session,AdaBN
25,16,1,0.000408050000004323,97,A08,cross-session,AdaBN
26,16,1,0.00043865500001061264,97,A08,cross-session,AdaBN
27,16,0,0.0004354760000069291,97,A08,cross-session,AdaBN
28,16,0,0.0004123010000114391,97,A08,cross-session,AdaBN
29,16,1,0.0004129270000134966,97,A08,cross-session,AdaBN
30,16,1,0.00042821599998887905,97,A08,cross-session,AdaBN
31,16,1,0.0004203569999958745,97,A08,cross-session,AdaBN
32,16,1,0.00037574499998527244,97,A08,cross-session,AdaBN
33,16,1,0.000403790999996545,97,A08,cross-session,AdaBN
34,16,1,0.0004094469999813555,97,A08,cross-session,AdaBN
35,16,1,0.00035439799998471244,97,A08,cross-session,AdaBN
36,16,1,0.00036016999999333166,97,A08,cross-session,AdaBN
37,16,1,0.0003554310000026817,97,A08,cross-session,AdaBN
38,16,0,0.000373516999985668,97,A08,cross-session,AdaBN
39,16,1,0.0003535409999813055,97,A08,cross-session,AdaBN
40,16,1,0.00037543000001960536,97,A08,cross-session,AdaBN
41,16,1,0.00035801399999968453,97,A08,cross-session,AdaBN
42,16,1,0.0003667900000152713,97,A08,cross-session,AdaBN
43,16,0,0.00049056499997846,97,A08,cross-session,AdaBN
44,16,1,0.0004559859999915261,97,A08,cross-session,AdaBN
45,16,1,0.0004381120000118699,97,A08,cross-session,AdaBN
46,16,1,0.00046137399999679474,97,A08,cross-session,AdaBN
47,16,1,0.0004285770000080902,97,A08,cross-session,AdaBN
48,16,0,0.00042817899998226494,97,A08,cross-session,AdaBN
49,16,1,0.0003787460000239662,97,A08,cross-session,AdaBN
50,16,1,0.0004542619999767794,97,A08,cross-session,AdaBN
51,16,1,0.00038513399999828835,97,A08,cross-session,AdaBN
52,16,1,0.0004006019999849286,97,A08,cross-session,AdaBN
53,16,1,0.00036839800000620926,97,A08,cross-session,AdaBN
54,16,1,0.00037620899999524227,97,A08,cross-session,AdaBN
55,16,1,0.0003610629999855064,97,A08,cross-session,AdaBN
56,16,0,0.0003929930000197146,97,A08,cross-session,AdaBN
57,16,1,0.00040331900001433496,97,A08,cross-session,AdaBN
58,16,1,0.0003599450000137949,97,A08,cross-session,AdaBN
59,16,0,0.00041964299998653587,97,A08,cross-session,AdaBN
60,16,0,0.0004476870000189592,97,A08,cross-session,AdaBN
61,16,1,0.00037229700001262245,97,A08,cross-session,AdaBN
62,16,1,0.0003928169999767306,97,A08,cross-session,AdaBN
63,16,1,0.00037504899998452856,97,A08,cross-session,AdaBN
64,16,1,0.0003799179999930402,97,A08,cross-session,AdaBN
65,16,1,0.0003685130000121717,97,A08,cross-session,AdaBN
66,16,1,0.00039663100000097984,97,A08,cross-session,AdaBN
67,16,1,0.00035840300000700154,97,A08,cross-session,AdaBN
68,16,1,0.0004094599999859838,97,A08,cross-session,AdaBN
69,16,1,0.0004035110000017994,97,A08,cross-session,AdaBN
70,16,1,0.000355119999994713,97,A08,cross-session,AdaBN
71,16,1,0.00037722200002576756,97,A08,cross-session,AdaBN
72,16,1,0.00039135999998052284,97,A08,cross-session,AdaBN
73,16,1,0.00036954800000899013,97,A08,cross-session,AdaBN
74,16,1,0.00040810400000168556,97,A08,cross-session,AdaBN
75,16,1,0.0003814519999991717,97,A08,cross-session,AdaBN
76,16,1,0.0003581819999851632,97,A08,cross-session,AdaBN
77,16,1,0.0003905729999758023,97,A08,cross-session,AdaBN
78,16,0,0.00035159300000486837,97,A08,cross-session,AdaBN
79,16,0,0.00040131399998699635,97,A08,cross-session,AdaBN
80,16,1,0.000370833999994602,97,A08,cross-session,AdaBN
81,16,1,0.0003597660000025371,97,A08,cross-session,AdaBN
82,16,1,0.0003932789999794295,97,A08,cross-session,AdaBN
83,16,0,0.0003622950000021774,97,A08,cross-session,AdaBN
84,16,1,0.00037046500000315064,97,A08,cross-session,AdaBN
85,16,0,0.0003617730000087249,97,A08,cross-session,AdaBN
86,16,1,0.0003578729999844654,97,A08,cross-session,AdaBN
87,16,0,0.0003955939999968905,97,A08,cross-session,AdaBN
88,16,0,0.0003821360000131335,97,A08,cross-session,AdaBN
89,16,0,0.00037842599999748927,97,A08,cross-session,AdaBN
90,16,0,0.0004071600000088438,97,A08,cross-session,AdaBN
91,16,0,0.0003657100000111768,97,A08,cross-session,AdaBN
92,16,1,0.00037905299998897135,97,A08,cross-session,AdaBN
93,16,1,0.00035098800000810115,97,A08,cross-session,AdaBN
94,16,0,0.00036354000002347675,97,A08,cross-session,AdaBN
95,16,1,0.000403376000008393,97,A08,cross-session,AdaBN
96,16,1,0.00038971200001469697,97,A08,cross-session,AdaBN
97,16,0,0.00037863500000412387,97,A08,cross-session,AdaBN
98,16,1,0.000366834000004701,97,A08,cross-session,AdaBN
99,16,1,0.00035249300000828043,97,A08,cross-session,AdaBN
100,16,1,0.0003544840000131444,97,A08,cross-session,AdaBN
101,16,0,0.0003505210000014358,97,A08,cross-session,AdaBN
102,16,1,0.0003934849999893686,97,A08,cross-session,AdaBN
103,16,1,0.0003614129999789384,97,A08,cross-session,AdaBN
104,16,1,0.00035637100000940336,97,A08,cross-session,AdaBN
105,16,1,0.0003680240000107915,97,A08,cross-session,AdaBN
106,16,1,0.00035847999998850355,97,A08,cross-session,AdaBN
107,16,1,0.00035590600001000894,97,A08,cross-session,AdaBN
108,16,0,0.00039716199998451884,97,A08,cross-session,AdaBN
109,16,0,0.00036132500000007894,97,A08,cross-session,AdaBN
110,16,0,0.0003680220000035206,97,A08,cross-session,AdaBN
111,16,0,0.00036505599999259175,97,A08,cross-session,AdaBN
112,16,1,0.0003637399999831814,97,A08,cross-session,AdaBN
113,16,1,0.00036572099998011254,97,A08,cross-session,AdaBN
114,16,1,0.0003552990000059708,97,A08,cross-session,AdaBN
115,16,1,0.00035263999998846884,97,A08,cross-session,AdaBN
116,16,1,0.000358873999999787,97,A08,cross-session,AdaBN
117,16,1,0.00035224600000560713,97,A08,cross-session,AdaBN
118,16,1,0.0003849759999923208,97,A08,cross-session,AdaBN
119,16,1,0.000364447999999129,97,A08,cross-session,AdaBN
120,16,0,0.0003476350000255479,97,A08,cross-session,AdaBN
121,16,1,0.0003533889999971507,97,A08,cross-session,AdaBN
122,16,1,0.0003598779999833823,97,A08,cross-session,AdaBN
123,16,1,0.0003471360000162349,97,A08,cross-session,AdaBN
124,16,1,0.0003715040000145109,97,A08,cross-session,AdaBN
125,16,1,0.00035587400000736125,97,A08,cross-session,AdaBN
126,16,1,0.0003644379999911962,97,A08,cross-session,AdaBN
127,16,1,0.00036431800000968906,97,A08,cross-session,AdaBN
128,16,0,0.00034750599999711085,97,A08,cross-session,AdaBN
129,16,1,0.00037285999999880914,97,A08,cross-session,AdaBN
130,16,0,0.0003616260000001148,97,A08,cross-session,AdaBN
131,16,0,0.0003576599999917107,97,A08,cross-session,AdaBN
132,16,1,0.000367423999989569,97,A08,cross-session,AdaBN
133,16,0,0.0003671540000027562,97,A08,cross-session,AdaBN
134,16,1,0.000354315999999244,97,A08,cross-session,AdaBN
135,16,1,0.0003593799999919156,97,A08,cross-session,AdaBN
136,16,1,0.00035122600002068793,97,A08,cross-session,AdaBN
137,16,1,0.0003633929999864449,97,A08,cross-session,AdaBN
138,16,0,0.0003620079999961945,97,A08,cross-session,AdaBN
139,16,1,0.0003689069999950334,97,A08,cross-session,AdaBN
140,16,0,0.0003639420000070004,97,A08,cross-session,AdaBN
141,16,0,0.0003678939999929298,97,A08,cross-session,AdaBN
142,16,1,0.00034934099997485646,97,A08,cross-session,AdaBN
143,16,1,0.0003523769999844717,97,A08,cross-session,AdaBN
144,16,0,0.0003570559999843681,97,A08,cross-session,AdaBN
145,16,1,0.0003644329999872298,97,A08,cross-session,AdaBN
146,16,0,0.0003563219999875855,97,A08,cross-session,AdaBN
147,16,0,0.0003647949999958655,97,A08,cross-session,AdaBN
148,16,0,0.00036298500000953027,97,A08,cross-session,AdaBN
149,16,1,0.000368732999987742,97,A08,cross-session,AdaBN
150,16,1,0.0003822789999787801,97,A08,cross-session,AdaBN
151,16,1,0.00037515599998982907,97,A08,cross-session,AdaBN
152,16,0,0.0003635199999791894,97,A08,cross-session,AdaBN
153,16,1,0.00035636199999089513,97,A08,cross-session,AdaBN
154,16,1,0.0003818140000078074,97,A08,cross-session,AdaBN
155,16,1,0.0003637650000030135,97,A08,cross-session,AdaBN
156,16,0,0.00036484699998595715,97,A08,cross-session,AdaBN
157,16,0,0.0003869789999839668,97,A08,cross-session,AdaBN
158,16,1,0.00035344500000178414,97,A08,cross-session,AdaBN
159,16,1,0.0003893340000047374,97,A08,cross-session,AdaBN
160,16,1,0.00035854000000767883,97,A08,cross-session,AdaBN
161,16,1,0.0003593350000130613,97,A08,cross-session,AdaBN
162,16,1,0.0003548399999999674,97,A08,cross-session,AdaBN
163,16,0,0.0003938769999933811,97,A08,cross-session,AdaBN
164,16,1,0.0003608559999861427,97,A08,cross-session,AdaBN
165,16,1,0.00035700299997643015,97,A08,cross-session,AdaBN
166,16,0,0.0003545490000078644,97,A08,cross-session,AdaBN
167,16,1,0.00035558700000137833,97,A08,cross-session,AdaBN
168,16,0,0.00035683100000483137,97,A08,cross-session,AdaBN
169,16,1,0.0003572680000161199,97,A08,cross-session,AdaBN
170,16,0,0.0003551169999980175,97,A08,cross-session,AdaBN
171,16,1,0.00034677200000032826,97,A08,cross-session,AdaBN
172,16,1,0.000353181999997787,97,A08,cross-session,AdaBN
173,16,0,0.0003855340000029628,97,A08,cross-session,AdaBN
174,16,1,0.0003785370000173316,97,A08,cross-session,AdaBN
175,16,1,0.0003643400000044039,97,A08,cross-session,AdaBN
176,16,1,0.0003577210000003106,97,A08,cross-session,AdaBN
177,16,1,0.00035305800000173804,97,A08,cross-session,AdaBN
178,16,0,0.0003598069999952713,97,A08,cross-session,AdaBN
179,16,0,0.00035827400000698617,97,A08,cross-session,AdaBN
180,16,1,0.0003579319999857944,97,A08,cross-session,AdaBN
181,16,0,0.00036115599999675396,97,A08,cross-session,AdaBN
182,16,0,0.00036370899999838,97,A08,cross-session,AdaBN
183,16,0,0.0003682019999757813,97,A08,cross-session,AdaBN
184,16,1,0.00037190500000860993,97,A08,cross-session,AdaBN
185,16,0,0.00039930500000195934,97,A08,cross-session,AdaBN
186,16,0,0.00036593300001186435,97,A08,cross-session,AdaBN
187,16,0,0.00035439300000916774,97,A08,cross-session,AdaBN
188,16,0,0.00037011899999583875,97,A08,cross-session,AdaBN
189,16,1,0.00036143899998819506,97,A08,cross-session,AdaBN
190,16,1,0.0003507299999796487,97,A08,cross-session,AdaBN
191,16,0,0.0003594889999760653,97,A08,cross-session,AdaBN
192,16,1,0.00034758099999976366,97,A08,cross-session,AdaBN
193,16,1,0.0003676059999975223,97,A08,cross-session,AdaBN
194,16,1,0.00035291599999709433,97,A08,cross-session,AdaBN
195,16,1,0.00035851300000899755,97,A08,cross-session,AdaBN
196,16,0,0.00039782400000376583,97,A08,cross-session,AdaBN
197,16,1,0.00037033600000313527,97,A08,cross-session,AdaBN
198,16,0,0.0003590520000216202,97,A08,cross-session,AdaBN
199,16,1,0.0003589169999997921,97,A08,cross-session,AdaBN
200,16,1,0.0003474469999957819,97,A08,cross-session,AdaBN
201,16,0,0.0003744990000029702,97,A08,cross-session,AdaBN
202,16,1,0.0003638119999891387,97,A08,cross-session,AdaBN
203,16,1,0.0003595219999965593,97,A08,cross-session,AdaBN
204,16,1,0.00034961299999736184,97,A08,cross-session,AdaBN
205,16,1,0.00036279600001876133,97,A08,cross-session,AdaBN
206,16,1,0.0003536379999786732,97,A08,cross-session,AdaBN
207,16,1,0.0003595130000064728,97,A08,cross-session,AdaBN
208,16,1,0.00036836099999959515,97,A08,cross-session,AdaBN
209,16,0,0.00035798900000827416,97,A08,cross-session,AdaBN
210,16,1,0.00036691500000074484,97,A08,cross-session,AdaBN
211,16,1,0.0003623580000180482,97,A08,cross-session,AdaBN
212,16,1,0.0003583149999997204,97,A08,cross-session,AdaBN
213,16,1,0.00035189900000887064,97,A08,cross-session,AdaBN
214,16,1,0.00035180100002207837,97,A08,cross-session,AdaBN
215,16,1,0.0003522439999983362,97,A08,cross-session,AdaBN
216,16,1,0.0003593030000104136,97,A08,cross-session,AdaBN
217,16,0,0.00035658699999885357,97,A08,cross-session,AdaBN
218,16,0,0.00036854300000754847,97,A08,cross-session,AdaBN
219,16,1,0.000379481999999598,97,A08,cross-session,AdaBN
220,16,0,0.00037623899999061905,97,A08,cross-session,AdaBN
221,16,1,0.00036065200001189623,97,A08,cross-session,AdaBN
222,16,1,0.0003591569999912281,97,A08,cross-session,AdaBN
223,16,1,0.0003610699999967437,97,A08,cross-session,AdaBN
224,16,1,0.0003553660000079617,97,A08,cross-session,AdaBN
225,16,0,0.0003606070000046202,97,A08,cross-session,AdaBN
226,16,1,0.0003670689999921706,97,A08,cross-session,AdaBN
227,16,0,0.0003555769999934455,97,A08,cross-session,AdaBN
228,16,0,0.0003582850000043436,97,A08,cross-session,AdaBN
229,16,0,0.0003882209999801489,97,A08,cross-session,AdaBN
230,16,1,0.0003735789999836925,97,A08,cross-session,AdaBN
231,16,1,0.0003743290000102206,97,A08,cross-session,AdaBN
232,16,0,0.00035457000001315464,97,A08,cross-session,AdaBN
233,16,0,0.0003637690000175553,97,A08,cross-session,AdaBN
234,16,1,0.00036237700001606754,97,A08,cross-session,AdaBN
235,16,1,0.0003550499999960266,97,A08,cross-session,AdaBN
236,16,1,0.00035876799998391107,97,A08,cross-session,AdaBN
237,16,1,0.0003494510000052742,97,A08,cross-session,AdaBN
238,16,1,0.00035015000000271357,97,A08,cross-session,AdaBN
239,16,0,0.0003641280000010738,97,A08,cross-session,AdaBN
240,16,1,0.00034721900001954964,97,A08,cross-session,AdaBN
241,16,1,0.0003619450000087454,97,A08,cross-session,AdaBN
242,16,1,0.000357266000008849,97,A08,cross-session,AdaBN
243,16,1,0.00034655999999699816,97,A08,cross-session,AdaBN
244,16,1,0.00036761300000875963,97,A08,cross-session,AdaBN
245,16,1,0.00035481899999467714,97,A08,cross-session,AdaBN
246,16,1,0.00035707699998965836,97,A08,cross-session,AdaBN
247,16,0,0.0003671740000186219,97,A08,cross-session,AdaBN
248,16,0,0.0003777400000046782,97,A08,cross-session,AdaBN
249,16,1,0.00037370800001212956,97,A08,cross-session,AdaBN
250,16,0,0.00039381800002047385,97,A08,cross-session,AdaBN
251,16,0,0.0003576500000121996,97,A08,cross-session,AdaBN
252,16,0,0.000363390999979174,97,A08,cross-session,AdaBN
253,16,1,0.00039261899999587513,97,A08,cross-session,AdaBN
254,16,0,0.0003786859999763692,97,A08,cross-session,AdaBN
255,16,0,0.0003822259999992639,97,A08,cross-session,AdaBN
256,16,1,0.0003605409999920539,97,A08,cross-session,AdaBN
257,16,1,0.000355469999988145,97,A08,cross-session,AdaBN
258,16,1,0.00036354600001686777,97,A08,cross-session,AdaBN
259,16,0,0.0003544870000098399,97,A08,cross-session,AdaBN
260,16,1,0.00037064899998995315,97,A08,cross-session,AdaBN
261,16,0,0.00037244200001396166,97,A08,cross-session,AdaBN
262,16,1,0.00040170100001546416,97,A08,cross-session,AdaBN
263,16,0,0.0003668249999861928,97,A08,cross-session,AdaBN
264,16,0,0.00036438699999052915,97,A08,cross-session,AdaBN
265,16,1,0.0003716030000191495,97,A08,cross-session,AdaBN
266,16,0,0.00036723900001334187,97,A08,cross-session,AdaBN
267,16,1,0.0003506120000054125,97,A08,cross-session,AdaBN
268,16,0,0.0003665799999907904,97,A08,cross-session,AdaBN
269,16,1,0.00035629399999947964,97,A08,cross-session,AdaBN
270,16,1,0.0003459699999837085,97,A08,cross-session,AdaBN
271,16,1,0.0003941979999808609,97,A08,cross-session,AdaBN
272,16,0,0.0003604290000112087,97,A08,cross-session,AdaBN
273,16,1,0.0003658360000144967,97,A08,cross-session,AdaBN
274,16,1,0.00036843099999828155,97,A08,cross-session,AdaBN
275,16,1,0.00037774500000864464,97,A08,cross-session,AdaBN
276,16,0,0.00035530099998482,97,A08,cross-session,AdaBN
277,16,0,0.0003863089999924796,97,A08,cross-session,AdaBN
278,16,1,0.0003554449999967346,97,A08,cross-session,AdaBN
279,16,0,0.0003682769999784341,97,A08,cross-session,AdaBN
280,16,1,0.0003569489999790676,97,A08,cross-session,AdaBN
281,16,0,0.0003591219999918849,97,A08,cross-session,AdaBN
282,16,0,0.00039434000001392633,97,A08,cross-session,AdaBN
283,16,1,0.00035523900001521724,97,A08,cross-session,AdaBN
284,16,1,0.0003548039999827779,97,A08,cross-session,AdaBN
285,16,0,0.0003879690000019309,97,A08,cross-session,AdaBN
286,16,0,0.00035214599998312224,97,A08,cross-session,AdaBN
287,16,0,0.00036501299999258663,97,A08,cross-session,AdaBN
0,1,1,0.0005488749999926767,97,A09,cross-session,AdaBN
1,2,1,0.00047801299999150615,97,A09,cross-session,AdaBN
2,3,1,0.0004823609999959899,97,A09,cross-session,AdaBN
3,4,1,0.00045194300000162,97,A09,cross-session,AdaBN
4,5,1,0.0004527090000010503,97,A09,cross-session,AdaBN
5,6,1,0.000417262000013352,97,A09,cross-session,AdaBN
6,7,1,0.00044562899998368266,97,A09,cross-session,AdaBN
7,8,0,0.00041440000001102817,97,A09,cross-session,AdaBN
8,9,0,0.0004215939999880902,97,A09,cross-session,AdaBN
9,10,1,0.0004966450000267741,97,A09,cross-session,AdaBN
10,11,1,0.00046306799998774295,97,A09,cross-session,AdaBN
11,12,0,0.00044751799998721253,97,A09,cross-session,AdaBN
12,13,1,0.00046591700001386016,97,A09,cross-session,AdaBN
13,14,1,0.0004465549999963514,97,A09,cross-session,AdaBN
14,15,1,0.0004731809999896086,97,A09,cross-session,AdaBN
15,16,1,0.0004381139999907191,97,A09,cross-session,AdaBN
16,16,1,0.0004159929999900669,97,A09,cross-session,AdaBN
17,16,1,0.0004286879999995108,97,A09,cross-session,AdaBN
18,16,1,0.00042379100000289327,97,A09,cross-session,AdaBN
19,16,1,0.0004132869999864397,97,A09,cross-session,AdaBN
20,16,0,0.0004257390000077521,97,A09,cross-session,AdaBN
21,16,0,0.0004213360000164812,97,A09,cross-session,AdaBN
22,16,1,0.00044221899997864966,97,A09,cross-session,AdaBN
23,16,1,0.0004271360000132063,97,A09,cross-session,AdaBN
24,16,1,0.00040722399998571746,97,A09,cross-session,AdaBN
25,16,1,0.00041889099998115853,97,A09,cross-session,AdaBN
26,16,1,0.0004158620000112023,97,A09,cross-session,AdaBN
27,16,1,0.00040380400000117334,97,A09,cross-session,AdaBN
28,16,1,0.00041404999998917447,97,A09,cross-session,AdaBN
29,16,1,0.0004083279999917977,97,A09,cross-session,AdaBN
30,16,1,0.0004089629999839417,97,A09,cross-session,AdaBN
31,16,1,0.0004246889999990344,97,A09,cross-session,AdaBN
32,16,1,0.0004243369999983315,97,A09,cross-session,AdaBN
33,16,0,0.00037194000000795313,97,A09,cross-session,AdaBN
34,16,0,0.00036677500000337204,97,A09,cross-session,AdaBN
35,16,1,0.0003746369999930721,97,A09,cross-session,AdaBN
36,16,1,0.00038006400001222573,97,A09,cross-session,AdaBN
37,16,0,0.00039530300000478746,97,A09,cross-session,AdaBN
38,16,1,0.00036220199999092983,97,A09,cross-session,AdaBN
39,16,1,0.0003548440000145092,97,A09,cross-session,AdaBN
40,16,1,0.00038463999999294174,97,A09,cross-session,AdaBN
41,16,1,0.00036460399999782567,97,A09,cross-session,AdaBN
42,16,1,0.0005371809999985544,97,A09,cross-session,AdaBN
43,16,0,0.0004309079999984533,97,A09,cross-session,AdaBN
44,16,1,0.0005787910000094598,97,A09,cross-session,AdaBN
45,16,0,0.0004095950000078119,97,A09,cross-session,AdaBN
46,16,1,0.00038280500001519613,97,A09,cross-session,AdaBN
47,16,1,0.0003828749999854608,97,A09,cross-session,AdaBN
48,16,1,0.0003565600000001723,97,A09,cross-session,AdaBN
49,16,1,0.00036723799999549556,97,A09,cross-session,AdaBN
50,16,1,0.0003669799999954648,97,A09,cross-session,AdaBN
51,16,1,0.00035950599999523547,97,A09,cross-session,AdaBN
52,16,1,0.0003963410000267231,97,A09,cross-session,AdaBN
53,16,1,0.0003577169999857688,97,A09,cross-session,AdaBN
54,16,1,0.00041115799999147384,97,A09,cross-session,AdaBN
55,16,1,0.000408185999987154,97,A09,cross-session,AdaBN
56,16,1,0.00044456899999545385,97,A09,cross-session,AdaBN
57,16,1,0.00041031300000327064,97,A09,cross-session,AdaBN
58,16,1,0.0003639189999944392,97,A09,cross-session,AdaBN
59,16,1,0.00037862700000346194,97,A09,cross-session,AdaBN
60,16,1,0.00035356099999717117,97,A09,cross-session,AdaBN
61,16,1,0.00037306900000544374,97,A09,cross-session,AdaBN
62,16,0,0.0004119500000001608,97,A09,cross-session,AdaBN
63,16,1,0.0003572020000035536,97,A09,cross-session,AdaBN
64,16,1,0.0003971729999818763,97,A09,cross-session,AdaBN
65,16,1,0.000386604999988549,97,A09,cross-session,AdaBN
66,16,1,0.00037197899999341644,97,A09,cross-session,AdaBN
67,16,1,0.0004648149999866291,97,A09,cross-session,AdaBN
68,16,1,0.0003777679999927841,97,A09,cross-session,AdaBN
69,16,0,0.0003715769999814711,97,A09,cross-session,AdaBN
70,16,1,0.0003856750000181819,97,A09,cross-session,AdaBN
71,16,1,0.00036262700001543635,97,A09,cross-session,AdaBN
72,16,1,0.00037542700002290985,97,A09,cross-session,AdaBN
73,16,1,0.00036269200001015633,97,A09,cross-session,AdaBN
74,16,1,0.000360222000011845,97,A09,cross-session,AdaBN
75,16,1,0.0003886679999993703,97,A09,cross-session,AdaBN
76,16,1,0.00037335300001473115,97,A09,cross-session,AdaBN
77,16,0,0.00038261000000261447,97,A09,cross-session,AdaBN
78,16,1,0.0003929549999952542,97,A09,cross-session,AdaBN
79,16,1,0.0003621139999836487,97,A09,cross-session,AdaBN
80,16,0,0.0004019600000049195,97,A09,cross-session,AdaBN
81,16,1,0.00036741100001336235,97,A09,cross-session,AdaBN
82,16,1,0.0003611730000159241,97,A09,cross-session,AdaBN
83,16,1,0.0003743890000009742,97,A09,cross-session,AdaBN
84,16,0,0.00035559299999476934,97,A09,cross-session,AdaBN
85,16,1,0.00037951799998836577,97,A09,cross-session,AdaBN
86,16,1,0.0003580329999977039,97,A09,cross-session,AdaBN
87,16,1,0.0003626569999823914,97,A09,cross-session,AdaBN
88,16,0,0.0003764299999886589,97,A09,cross-session,AdaBN
89,16,1,0.00035507499998743697,97,A09,cross-session,AdaBN
90,16,0,0.0003606129999980112,97,A09,cross-session,AdaBN
91,16,1,0.00035741900001085014,97,A09,cross-session,AdaBN
92,16,1,0.00036477000000445514,97,A09,cross-session,AdaBN
93,16,0,0.00037369999998304593,97,A09,cross-session,AdaBN
94,16,0,0.00035492500001055305,97,A09,cross-session,AdaBN
95,16,0,0.00038298999999142325,97,A09,cross-session,AdaBN
96,16,1,0.0003766310000230533,97,A09,cross-session,AdaBN
97,16,1,0.00035429600001180006,97,A09,cross-session,AdaBN
98,16,1,0.00036202300000809373,97,A09,cross-session,AdaBN
99,16,1,0.00035854699999049444,97,A09,cross-session,AdaBN
100,16,1,0.0003593120000005001,97,A09,cross-session,AdaBN
101,16,1,0.00039069799998969756,97,A09,cross-session,AdaBN
102,16,1,0.00036814300000287403,97,A09,cross-session,AdaBN
103,16,1,0.00037360599998237376,97,A09,cross-session,AdaBN
104,16,0,0.0003664850000006936,97,A09,cross-session,AdaBN
105,16,1,0.00036625299998149785,97,A09,cross-session,AdaBN
106,16,1,0.00040915599998925245,97,A09,cross-session,AdaBN
107,16,1,0.00037220199999410397,97,A09,cross-session,AdaBN
108,16,0,0.00036685599999941587,97,A09,cross-session,AdaBN
109,16,1,0.00039367900001252565,97,A09,cross-session,AdaBN
110,16,1,0.0003642990000116697,97,A09,cross-session,AdaBN
111,16,1,0.0003633440000214705,97,A09,cross-session,AdaBN
112,16,1,0.0003723920000027192,97,A09,cross-session,AdaBN
113,16,1,0.0003862130000129582,97,A09,cross-session,AdaBN
114,16,1,0.00039371299999402254,97,A09,cross-session,AdaBN
115,16,1,0.0003704129999846373,97,A09,cross-session,AdaBN
116,16,1,0.0003508320000094045,97,A09,cross-session,AdaBN
117,16,1,0.00038827100001981307,97,A09,cross-session,AdaBN
118,16,1,0.0003648359999885997,97,A09,cross-session,AdaBN
119,16,1,0.00037704999999732536,97,A09,cross-session,AdaBN
120,16,0,0.0003738700000042172,97,A09,cross-session,AdaBN
121,16,1,0.00035066399999550413,97,A09,cross-session,AdaBN
122,16,1,0.0003613740000218968,97,A09,cross-session,AdaBN
123,16,1,0.0003518770000141558,97,A09,cross-session,AdaBN
124,16,1,0.00036364499999308464,97,A09,cross-session,AdaBN
125,16,1,0.00037455400001817907,97,A09,cross-session,AdaBN
126,16,0,0.0003636659999983749,97,A09,cross-session,AdaBN
127,16,1,0.0003598620000104802,97,A09,cross-session,AdaBN
128,16,0,0.00038991400001009424,97,A09,cross-session,AdaBN
129,16,1,0.0003588870000044153,97,A09,cross-session,AdaBN
130,16,1,0.0003751030000103128,97,A09,cross-session,AdaBN
131,16,1,0.0003645159999905445,97,A09,cross-session,AdaBN
132,16,0,0.00036002799998868795,97,A09,cross-session,AdaBN
133,16,0,0.00037542499998721723,97,A09,cross-session,AdaBN
134,16,1,0.0003523409999957039,97,A09,cross-session,AdaBN
135,16,1,0.0003536760000031336,97,A09,cross-session,AdaBN
136,16,1,0.00039519300000279145,97,A09,cross-session,AdaBN
137,16,1,0.00038618900001097245,97,A09,cross-session,AdaBN
138,16,1,0.0003632000000095559,97,A09,cross-session,AdaBN
139,16,0,0.00035953700000845856,97,A09,cross-session,AdaBN
140,16,0,0.0003698259999964648,97,A09,cross-session,AdaBN
141,16,0,0.00038766600002304585,97,A09,cross-session,AdaBN
142,16,1,0.000357051999998248,97,A09,cross-session,AdaBN
143,16,1,0.00035647999999355306,97,A09,cross-session,AdaBN
144,16,0,0.0003696420000096623,97,A09,cross-session,AdaBN
145,16,0,0.00035151099999097823,97,A09,cross-session,AdaBN
146,16,1,0.00036005700002306185,97,A09,cross-session,AdaBN
147,16,1,0.0003753759999938211,97,A09,cross-session,AdaBN
148,16,1,0.0003994979999788484,97,A09,cross-session,AdaBN
149,16,1,0.0003815679999945587,97,A09,cross-session,AdaBN
150,16,1,0.0003489019999847187,97,A09,cross-session,AdaBN
151,16,1,0.0003588110000123379,97,A09,cross-session,AdaBN
152,16,1,0.0003547769999840966,97,A09,cross-session,AdaBN
153,16,0,0.00035036199997762196,97,A09,cross-session,AdaBN
154,16,1,0.0003729519999922104,97,A09,cross-session,AdaBN
155,16,1,0.00035288099999775113,97,A09,cross-session,AdaBN
156,16,1,0.0003682089999870186,97,A09,cross-session,AdaBN
157,16,0,0.0003951399999948535,97,A09,cross-session,AdaBN
158,16,1,0.0003740459999903578,97,A09,cross-session,AdaBN
159,16,1,0.0003544509999926504,97,A09,cross-session,AdaBN
160,16,0,0.0003698870000050647,97,A09,cross-session,AdaBN
161,16,1,0.0003524799999752304,97,A09,cross-session,AdaBN
162,16,0,0.0003688749999923857,97,A09,cross-session,AdaBN
163,16,1,0.00036853800000358206,97,A09,cross-session,AdaBN
164,16,1,0.0003482239999925696,97,A09,cross-session,AdaBN
165,16,1,0.0003693550000036794,97,A09,cross-session,AdaBN
166,16,1,0.00034884900000520247,97,A09,cross-session,AdaBN
167,16,1,0.0003565690000186805,97,A09,cross-session,AdaBN
168,16,1,0.0003553310000086185,97,A09,cross-session,AdaBN
169,16,1,0.0003715400000032787,97,A09,cross-session,AdaBN
170,16,0,0.00036828699998636694,97,A09,cross-session,AdaBN
171,16,1,0.00035925599999586666,97,A09,cross-session,AdaBN
172,16,1,0.00035017400000469934,97,A09,cross-session,AdaBN
173,16,0,0.00035584399998356275,97,A09,cross-session,AdaBN
174,16,1,0.0003451970000014626,97,A09,cross-session,AdaBN
175,16,1,0.00036414199999512675,97,A09,cross-session,AdaBN
176,16,1,0.00035355800000047566,97,A09,cross-session,AdaBN
177,16,0,0.00034941000001253997,97,A09,cross-session,AdaBN
178,16,1,0.0003516129999923123,97,A09,cross-session,AdaBN
179,16,1,0.0003593060000071091,97,A09,cross-session,AdaBN
180,16,0,0.0003423579999832782,97,A09,cross-session,AdaBN
181,16,0,0.0004070340000055239,97,A09,cross-session,AdaBN
182,16,0,0.0003487569999833795,97,A09,cross-session,AdaBN
183,16,1,0.00035820200000102886,97,A09,cross-session,AdaBN
184,16,1,0.00036357699997324744,97,A09,cross-session,AdaBN
185,16,0,0.0003484439999965616,97,A09,cross-session,AdaBN
186,16,1,0.0003478719999918667,97,A09,cross-session,AdaBN
187,16,1,0.0003508020000140277,97,A09,cross-session,AdaBN
188,16,1,0.0003550090000032924,97,A09,cross-session,AdaBN
189,16,1,0.00035460599997350073,97,A09,cross-session,AdaBN
190,16,1,0.0003617010000027676,97,A09,cross-session,AdaBN
191,16,1,0.0003621830000213322,97,A09,cross-session,AdaBN
192,16,1,0.0004105160000165142,97,A09,cross-session,AdaBN
193,16,1,0.000365525000006528,97,A09,cross-session,AdaBN
194,16,1,0.0003511919999823476,97,A09,cross-session,AdaBN
195,16,1,0.0003522750000115593,97,A09,cross-session,AdaBN
196,16,1,0.00036047599999733393,97,A09,cross-session,AdaBN
197,16,1,0.00035205099999302547,97,A09,cross-session,AdaBN
198,16,0,0.00034672799998247683,97,A09,cross-session,AdaBN
199,16,1,0.00035313999998720647,97,A09,cross-session,AdaBN
200,16,1,0.0003555809999795656,97,A09,cross-session,AdaBN
201,16,1,0.0003480099999819686,97,A09,cross-session,AdaBN
202,16,1,0.00035924700000578014,97,A09,cross-session,AdaBN
203,16,1,0.00038903399999412613,97,A09,cross-session,AdaBN
204,16,0,0.0003661620000059429,97,A09,cross-session,AdaBN
205,16,1,0.00036892800000032366,97,A09,cross-session,AdaBN
206,16,1,0.0003655739999999241,97,A09,cross-session,AdaBN
207,16,0,0.0003520260000016151,97,A09,cross-session,AdaBN
208,16,0,0.00038545399999634355,97,A09,cross-session,AdaBN
209,16,1,0.0003681690000121307,97,A09,cross-session,AdaBN
210,16,1,0.0003584640000156014,97,A09,cross-session,AdaBN
211,16,0,0.0003649260000031518,97,A09,cross-session,AdaBN
212,16,1,0.00035749199997781034,97,A09,cross-session,AdaBN
213,16,0,0.00036470099999519334,97,A09,cross-session,AdaBN
214,16,0,0.000364058999991812,97,A09,cross-session,AdaBN
215,16,1,0.0003730930000074295,97,A09,cross-session,AdaBN
216,16,1,0.00036139299999149443,97,A09,cross-session,AdaBN
217,16,0,0.00035418899997807785,97,A09,cross-session,AdaBN
218,16,0,0.0003615950000153134,97,A09,cross-session,AdaBN
219,16,0,0.00035524699998745746,97,A09,cross-session,AdaBN
220,16,1,0.000346717999974544,97,A09,cross-session,AdaBN
221,16,1,0.00035338600000045517,97,A09,cross-session,AdaBN
222,16,1,0.0003646249999746942,97,A09,cross-session,AdaBN
223,16,1,0.00036671000000865206,97,A09,cross-session,AdaBN
224,16,1,0.00036867200000756384,97,A09,cross-session,AdaBN
225,16,1,0.0003518910000082087,97,A09,cross-session,AdaBN
226,16,1,0.0003873590000011973,97,A09,cross-session,AdaBN
227,16,1,0.0003634910000016589,97,A09,cross-session,AdaBN
228,16,1,0.00035267399999838744,97,A09,cross-session,AdaBN
229,16,0,0.0003538949999892793,97,A09,cross-session,AdaBN
230,16,0,0.0003533000000004449,97,A09,cross-session,AdaBN
231,16,1,0.00035746699998639997,97,A09,cross-session,AdaBN
232,16,1,0.00037255299997696056,97,A09,cross-session,AdaBN
233,16,1,0.0003599780000058672,97,A09,cross-session,AdaBN
234,16,0,0.00037557299998525195,97,A09,cross-session,AdaBN
235,16,1,0.00036555200000520927,97,A09,cross-session,AdaBN
236,16,0,0.00036467099999981656,97,A09,cross-session,AdaBN
237,16,1,0.0003668699999934688,97,A09,cross-session,AdaBN
238,16,1,0.0003547379999986333,97,A09,cross-session,AdaBN
239,16,0,0.0003594179999879543,97,A09,cross-session,AdaBN
240,16,0,0.0003613709999967796,97,A09,cross-session,AdaBN
241,16,1,0.00034679799998116323,97,A09,cross-session,AdaBN
242,16,1,0.000352383999995709,97,A09,cross-session,AdaBN
243,16,0,0.0003524749999996857,97,A09,cross-session,AdaBN
244,16,1,0.0003574129999890374,97,A09,cross-session,AdaBN
245,16,0,0.0003517510000108359,97,A09,cross-session,AdaBN
246,16,1,0.00035264400000301066,97,A09,cross-session,AdaBN
247,16,0,0.0003569890000107989,97,A09,cross-session,AdaBN
248,16,0,0.0003762489999985519,97,A09,cross-session,AdaBN
249,16,0,0.00035379900000975795,97,A09,cross-session,AdaBN
250,16,1,0.0003667259999815542,97,A09,cross-session,AdaBN
251,16,0,0.0003562199999862514,97,A09,cross-session,AdaBN
252,16,0,0.00035468300001184616,97,A09,cross-session,AdaBN
253,16,1,0.0003674619999856077,97,A09,cross-session,AdaBN
254,16,1,0.0003560680000020966,97,A09,cross-session,AdaBN
255,16,1,0.00034641099998111713,97,A09,cross-session,AdaBN
256,16,0,0.0003640209999957733,97,A09,cross-session,AdaBN
257,16,1,0.0003549430000191478,97,A09,cross-session,AdaBN
258,16,1,0.00035690000001409317,97,A09,cross-session,AdaBN
259,16,0,0.000395746000009467,97,A09,cross-session,AdaBN
260,16,0,0.00035999400000719106,97,A09,cross-session,AdaBN
261,16,1,0.0003660149999973328,97,A09,cross-session,AdaBN
262,16,1,0.0003525909999950727,97,A09,cross-session,AdaBN
263,16,0,0.00034349699998870165,97,A09,cross-session,AdaBN
264,16,1,0.0003715379999960078,97,A09,cross-session,AdaBN
265,16,1,0.0003501300000152696,97,A09,cross-session,AdaBN
266,16,1,0.00036374900000168964,97,A09,cross-session,AdaBN
267,16,1,0.0003629890000240721,97,A09,cross-session,AdaBN
268,16,1,0.00035088699999619166,97,A09,cross-session,AdaBN
269,16,1,0.00035555400000930604,97,A09,cross-session,AdaBN
270,16,0,0.00037943400002404815,97,A09,cross-session,AdaBN
271,16,1,0.0003522669999824757,97,A09,cross-session,AdaBN
272,16,1,0.0003649970000196845,97,A09,cross-session,AdaBN
273,16,0,0.00035306600000239996,97,A09,cross-session,AdaBN
274,16,1,0.00037258499997960826,97,A09,cross-session,AdaBN
275,16,0,0.0003554740000026868,97,A09,cross-session,AdaBN
276,16,0,0.00035127499998566236,97,A09,cross-session,AdaBN
277,16,1,0.0003613510000093356,97,A09,cross-session,AdaBN
278,16,1,0.00035576499999478983,97,A09,cross-session,AdaBN
279,16,1,0.00036269299999958093,97,A09,cross-session,AdaBN
280,16,1,0.0003884930000026543,97,A09,cross-session,AdaBN
281,16,0,0.0003733429999783766,97,A09,cross-session,AdaBN
282,16,1,0.0003608439999993607,97,A09,cross-session,AdaBN
283,16,0,0.00035362399998462024,97,A09,cross-session,AdaBN
284,16,1,0.0003562829999737005,97,A09,cross-session,AdaBN
285,16,0,0.00036332799999172494,97,A09,cross-session,AdaBN
286,16,1,0.00036839200001281824,97,A09,cross-session,AdaBN
287,16,1,0.0003472079999937705,97,A09,cross-session,AdaBN
0,1,0,0.0005610680000245338,123,A01,cross-session,AdaBN
1,2,1,0.00047189199997887954,123,A01,cross-session,AdaBN
2,3,1,0.0004662059999986923,123,A01,cross-session,AdaBN
3,4,1,0.00045877099998392623,123,A01,cross-session,AdaBN
4,5,1,0.0004593900000031681,123,A01,cross-session,AdaBN
5,6,0,0.00042683699999201963,123,A01,cross-session,AdaBN
6,7,1,0.00044955699999604803,123,A01,cross-session,AdaBN
7,8,0,0.0004219439999815222,123,A01,cross-session,AdaBN
8,9,1,0.00041702300001134063,123,A01,cross-session,AdaBN
9,10,1,0.0004681540000035511,123,A01,cross-session,AdaBN
10,11,0,0.0004612959999974464,123,A01,cross-session,AdaBN
11,12,0,0.00044688500000233944,123,A01,cross-session,AdaBN
12,13,1,0.0004775419999987207,123,A01,cross-session,AdaBN
13,14,1,0.000435647000017525,123,A01,cross-session,AdaBN
14,15,0,0.00044337400001381866,123,A01,cross-session,AdaBN
15,16,1,0.0004527149999944413,123,A01,cross-session,AdaBN
16,16,1,0.00043721399998730703,123,A01,cross-session,AdaBN
17,16,1,0.0004233770000041659,123,A01,cross-session,AdaBN
18,16,1,0.00041111799998816423,123,A01,cross-session,AdaBN
19,16,1,0.0004273469999986901,123,A01,cross-session,AdaBN
20,16,1,0.0004174270000021352,123,A01,cross-session,AdaBN
21,16,1,0.00042185600000266277,123,A01,cross-session,AdaBN
22,16,1,0.00042224399999213347,123,A01,cross-session,AdaBN
23,16,1,0.000422571000001426,123,A01,cross-session,AdaBN
24,16,0,0.0004088979999892217,123,A01,cross-session,AdaBN
25,16,1,0.0004379689999893799,123,A01,cross-session,AdaBN
26,16,1,0.00042382300000554096,123,A01,cross-session,AdaBN
27,16,1,0.000436539999981278,123,A01,cross-session,AdaBN
28,16,0,0.0004247829999997066,123,A01,cross-session,AdaBN
29,16,1,0.0004116400000100384,123,A01,cross-session,AdaBN
30,16,0,0.0004366809999964971,123,A01,cross-session,AdaBN
31,16,1,0.00043116500000905944,123,A01,cross-session,AdaBN
32,16,1,0.00042940700001281584,123,A01,cross-session,AdaBN
33,16,1,0.00036105399999541987,123,A01,cross-session,AdaBN
34,16,1,0.0003991929999926924,123,A01,cross-session,AdaBN
35,16,1,0.0003752439999971102,123,A01,cross-session,AdaBN
36,16,1,0.000387371000016401,123,A01,cross-session,AdaBN
37,16,0,0.0003787879999777033,123,A01,cross-session,AdaBN
38,16,1,0.0003531920000057198,123,A01,cross-session,AdaBN
39,16,0,0.0003960170000141261,123,A01,cross-session,AdaBN
40,16,1,0.00035833600000501065,123,A01,cross-session,AdaBN
41,16,1,0.0005185489999917081,123,A01,cross-session,AdaBN
42,16,1,0.0005456689999903119,123,A01,cross-session,AdaBN
43,16,0,0.0004248959999983981,123,A01,cross-session,AdaBN
44,16,1,0.0003918280000050345,123,A01,cross-session,AdaBN
45,16,0,0.000416489999992109,123,A01,cross-session,AdaBN
46,16,1,0.0003576790000181518,123,A01,cross-session,AdaBN
47,16,0,0.0003943580000225211,123,A01,cross-session,AdaBN
48,16,0,0.0004335389999994277,123,A01,cross-session,AdaBN
49,16,0,0.00043121199999518467,123,A01,cross-session,AdaBN
50,16,1,0.00040468299999929513,123,A01,cross-session,AdaBN
51,16,1,0.00036797900000351547,123,A01,cross-session,AdaBN
52,16,1,0.00037356799998633505,123,A01,cross-session,AdaBN
53,16,1,0.00038924300000076073,123,A01,cross-session,AdaBN
54,16,0,0.0003530420000004142,123,A01,cross-session,AdaBN
55,16,0,0.00039322099999594684,123,A01,cross-session,AdaBN
56,16,1,0.0003584879999891655,123,A01,cross-session,AdaBN
57,16,1,0.0003806420000103117,123,A01,cross-session,AdaBN
58,16,1,0.0004244459999824812,123,A01,cross-session,AdaBN
59,16,1,0.0003743260000135251,123,A01,cross-session,AdaBN
60,16,0,0.0004268919999788068,123,A01,cross-session,AdaBN
61,16,0,0.00039629099998705897,123,A01,cross-session,AdaBN
62,16,1,0.000376565000010487,123,A01,cross-session,AdaBN
63,16,1,0.00037275799999747505,123,A01,cross-session,AdaBN
64,16,1,0.000361037999994096,123,A01,cross-session,AdaBN
65,16,0,0.00036504899998135443,123,A01,cross-session,AdaBN
66,16,0,0.00035257299998647795,123,A01,cross-session,AdaBN
67,16,1,0.0003849349999995866,123,A01,cross-session,AdaBN
68,16,1,0.0003549710000072537,123,A01,cross-session,AdaBN
69,16,0,0.00038815999999997075,123,A01,cross-session,AdaBN
70,16,1,0.00039762500000506407,123,A01,cross-session,AdaBN
71,16,0,0.0003641840000057073,123,A01,cross-session,AdaBN
72,16,0,0.00038790799999333103,123,A01,cross-session,AdaBN
73,16,1,0.00037093099999196966,123,A01,cross-session,AdaBN
74,16,0,0.00040384600001175386,123,A01,cross-session,AdaBN
75,16,1,0.00037233700001593206,123,A01,cross-session,AdaBN
76,16,1,0.00036822399999891786,123,A01,cross-session,AdaBN
77,16,0,0.00039469300000405383,123,A01,cross-session,AdaBN
78,16,1,0.0003657110000006014,123,A01,cross-session,AdaBN
79,16,1,0.0003729910000060954,123,A01,cross-session,AdaBN
80,16,1,0.00039337299998010167,123,A01,cross-session,AdaBN
81,16,0,0.0003625709999823812,123,A01,cross-session,AdaBN
82,16,1,0.00039969800002381817,123,A01,cross-session,AdaBN
83,16,1,0.00036378800001557465,123,A01,cross-session,AdaBN
84,16,1,0.00035573300002056385,123,A01,cross-session,AdaBN
85,16,0,0.0003931640000018888,123,A01,cross-session,AdaBN
86,16,1,0.0003693599999792241,123,A01,cross-session,AdaBN
87,16,1,0.00038405000000807377,123,A01,cross-session,AdaBN
88,16,1,0.0003802279999831626,123,A01,cross-session,AdaBN
89,16,0,0.00035203600000954793,123,A01,cross-session,AdaBN
90,16,1,0.0004000300000086554,123,A01,cross-session,AdaBN
91,16,1,0.00035481899999467714,123,A01,cross-session,AdaBN
92,16,1,0.0003607430000158729,123,A01,cross-session,AdaBN
93,16,1,0.00038317199999937657,123,A01,cross-session,AdaBN
94,16,0,0.000365381999984038,123,A01,cross-session,AdaBN
95,16,0,0.00036614199999007724,123,A01,cross-session,AdaBN
96,16,1,0.00037036899999520756,123,A01,cross-session,AdaBN
97,16,0,0.0003941270000211716,123,A01,cross-session,AdaBN
98,16,1,0.0003873009999892929,123,A01,cross-session,AdaBN
99,16,1,0.00036480699998264754,123,A01,cross-session,AdaBN
100,16,1,0.00035693199998831915,123,A01,cross-session,AdaBN
101,16,0,0.000363243000009561,123,A01,cross-session,AdaBN
102,16,0,0.00036381800001095144,123,A01,cross-session,AdaBN
103,16,1,0.0003698120000024119,123,A01,cross-session,AdaBN
104,16,1,0.0003491770000039196,123,A01,cross-session,AdaBN
105,16,1,0.00035377000000380576,123,A01,cross-session,AdaBN
106,16,1,0.0003647289999832992,123,A01,cross-session,AdaBN
107,16,1,0.00035730800001942953,123,A01,cross-session,AdaBN
108,16,0,0.0003606150000052821,123,A01,cross-session,AdaBN
109,16,1,0.00037950300000488824,123,A01,cross-session,AdaBN
110,16,1,0.0003895199999988108,123,A01,cross-session,AdaBN
111,16,1,0.0003740079999943191,123,A01,cross-session,AdaBN
112,16,1,0.00036059499998941646,123,A01,cross-session,AdaBN
113,16,1,0.00036015899999597423,123,A01,cross-session,AdaBN
114,16,0,0.00034782599999516606,123,A01,cross-session,AdaBN
115,16,0,0.00035700800000881827,123,A01,cross-session,AdaBN
116,16,0,0.00035345799997799077,123,A01,cross-session,AdaBN
117,16,1,0.0003492760000085582,123,A01,cross-session,AdaBN
118,16,1,0.0003479500000196367,123,A01,cross-session,AdaBN
119,16,1,0.00035527900001852686,123,A01,cross-session,AdaBN
120,16,1,0.0003639779999957682,123,A01,cross-session,AdaBN
121,16,0,0.00039439099998617166,123,A01,cross-session,AdaBN
122,16,0,0.000386970000022302,123,A01,cross-session,AdaBN
123,16,1,0.00035639899999750924,123,A01,cross-session,AdaBN
124,16,0,0.00036020499999267486,123,A01,cross-session,AdaBN
125,16,1,0.0003621179999981905,123,A01,cross-session,AdaBN
126,16,0,0.0003725170000166145,123,A01,cross-session,AdaBN
127,16,0,0.0003571549999890067,123,A01,cross-session,AdaBN
128,16,1,0.0003630380000174682,123,A01,cross-session,AdaBN
129,16,0,0.0003820619999999053,123,A01,cross-session,AdaBN
130,16,1,0.0003643389999865576,123,A01,cross-session,AdaBN
131,16,0,0.00039354699998739306,123,A01,cross-session,AdaBN
132,16,0,0.0003948210000146446,123,A01,cross-session,AdaBN
133,16,1,0.00035925800000313757,123,A01,cross-session,AdaBN
134,16,0,0.00035562599998684163,123,A01,cross-session,AdaBN
135,16,1,0.0003650299999833351,123,A01,cross-session,AdaBN
136,16,0,0.00036442699999383876,123,A01,cross-session,AdaBN
137,16,1,0.0003494270000032884,123,A01,cross-session,AdaBN
138,16,0,0.00035865999998918596,123,A01,cross-session,AdaBN
139,16,1,0.00036952599998585356,123,A01,cross-session,AdaBN
140,16,1,0.00035359200001039426,123,A01,cross-session,AdaBN
141,16,1,0.00035187299999961397,123,A01,cross-session,AdaBN
142,16,0,0.00035681700001077843,123,A01,cross-session,AdaBN
143,16,0,0.00035973800001443124,123,A01,cross-session,AdaBN
144,16,1,0.00036617900002511306,123,A01,cross-session,AdaBN
145,16,1,0.00036329100001353254,123,A01,cross-session,AdaBN
146,16,0,0.0003532160000077056,123,A01,cross-session,AdaBN
147,16,0,0.0003538509999998496,123,A01,cross-session,AdaBN
148,16,1,0.000349357000004602,123,A01,cross-session,AdaBN
149,16,1,0.000378393000005417,123,A01,cross-session,AdaBN
150,16,1,0.0003561030000014398,123,A01,cross-session,AdaBN
151,16,1,0.0003510090000133914,123,A01,cross-session,AdaBN
152,16,1,0.00035460200001580233,123,A01,cross-session,AdaBN
153,16,1,0.00036230599999953483,123,A01,cross-session,AdaBN
154,16,0,0.0003873449999787226,123,A01,cross-session,AdaBN
155,16,1,0.0003773830000000089,123,A01,cross-session,AdaBN
156,16,0,0.00035984400000188543,123,A01,cross-session,AdaBN
157,16,1,0.0003753700000004301,123,A01,cross-session,AdaBN
158,16,1,0.00035422399997742104,123,A01,cross-session,AdaBN
159,16,0,0.00036199300001271695,123,A01,cross-session,AdaBN
160,16,1,0.0003558610000027329,123,A01,cross-session,AdaBN
161,16,1,0.00038671400000112044,123,A01,cross-session,AdaBN
162,16,1,0.0003722040000013749,123,A01,cross-session,AdaBN
163,16,1,0.00034673300001486496,123,A01,cross-session,AdaBN
164,16,0,0.0003705180000110886,123,A01,cross-session,AdaBN
165,16,1,0.0003652439999939361,123,A01,cross-session,AdaBN
166,16,1,0.0003759729999899264,123,A01,cross-session,AdaBN
167,16,1,0.0003771309999933692,123,A01,cross-session,AdaBN
168,16,1,0.0003578289999950357,123,A01,cross-session,AdaBN
169,16,1,0.0003515280000101484,123,A01,cross-session,AdaBN
170,16,1,0.00035411499999327134,123,A01,cross-session,AdaBN
171,16,0,0.00035917300002097363,123,A01,cross-session,AdaBN
172,16,1,0.0003638320000050044,123,A01,cross-session,AdaBN
173,16,1,0.00037816400001133843,123,A01,cross-session,AdaBN
174,16,0,0.0003692870000122639,123,A01,cross-session,AdaBN
175,16,0,0.00036167500002193265,123,A01,cross-session,AdaBN
176,16,1,0.0003673930000047676,123,A01,cross-session,AdaBN
177,16,1,0.00035429799999064926,123,A01,cross-session,AdaBN
178,16,1,0.0003461139999956231,123,A01,cross-session,AdaBN
179,16,0,0.00039286699998797303,123,A01,cross-session,AdaBN
180,16,1,0.00036611799998809147,123,A01,cross-session,AdaBN
181,16,1,0.0003570540000055189,123,A01,cross-session,AdaBN
182,16,0,0.00037008499998592015,123,A01,cross-session,AdaBN
183,16,0,0.00039581999999427353,123,A01,cross-session,AdaBN
184,16,1,0.00035880000001498047,123,A01,cross-session,AdaBN
185,16,1,0.0003895090000014534,123,A01,cross-session,AdaBN
186,16,1,0.00036470399999188885,123,A01,cross-session,AdaBN
187,16,0,0.0003692559999990408,123,A01,cross-session,AdaBN
188,16,1,0.00036413499998388943,123,A01,cross-session,AdaBN
189,16,1,0.0003871159999846441,123,A01,cross-session,AdaBN
190,16,1,0.0003535419999991518,123,A01,cross-session,AdaBN
191,16,1,0.00037068400001771806,123,A01,cross-session,AdaBN
192,16,1,0.0003598300000078325,123,A01,cross-session,AdaBN
193,16,1,0.00037437800000361676,123,A01,cross-session,AdaBN
194,16,0,0.0003651079999826834,123,A01,cross-session,AdaBN
195,16,0,0.0003559660000007625,123,A01,cross-session,AdaBN
196,16,1,0.0003623220000008587,123,A01,cross-session,AdaBN
197,16,1,0.0003650640000216754,123,A01,cross-session,AdaBN
198,16,1,0.00035625500001401633,123,A01,cross-session,AdaBN
199,16,1,0.00035319899998853543,123,A01,cross-session,AdaBN
200,16,0,0.0003661560000125519,123,A01,cross-session,AdaBN
201,16,0,0.00036304899998640394,123,A01,cross-session,AdaBN
202,16,1,0.0003833890000066731,123,A01,cross-session,AdaBN
203,16,0,0.00036069000000793494,123,A01,cross-session,AdaBN
204,16,1,0.00035974400000782225,123,A01,cross-session,AdaBN
205,16,1,0.00036280400001942326,123,A01,cross-session,AdaBN
206,16,0,0.00035720500000024913,123,A01,cross-session,AdaBN
207,16,1,0.00034595399998238463,123,A01,cross-session,AdaBN
208,16,1,0.00037026300000775336,123,A01,cross-session,AdaBN
209,16,1,0.00035238999998910003,123,A01,cross-session,AdaBN
210,16,0,0.00036206599997967714,123,A01,cross-session,AdaBN
211,16,0,0.0003893790000120134,123,A01,cross-session,AdaBN
212,16,1,0.0003657660000158103,123,A01,cross-session,AdaBN
213,16,1,0.00035752700000557525,123,A01,cross-session,AdaBN
214,16,0,0.00037057099999060483,123,A01,cross-session,AdaBN
215,16,1,0.0003576830000042719,123,A01,cross-session,AdaBN
216,16,0,0.00039333499998406296,123,A01,cross-session,AdaBN
217,16,1,0.00036006499999530206,123,A01,cross-session,AdaBN
218,16,0,0.00036089700000729863,123,A01,cross-session,AdaBN
219,16,1,0.00039740100001495193,123,A01,cross-session,AdaBN
220,16,1,0.0003576820000148473,123,A01,cross-session,AdaBN
221,16,1,0.0003869120000103976,123,A01,cross-session,AdaBN
222,16,1,0.00036536700000056044,123,A01,cross-session,AdaBN
223,16,1,0.00036001700001975223,123,A01,cross-session,AdaBN
224,16,0,0.0003620809999915764,123,A01,cross-session,AdaBN
225,16,1,0.000360287000006565,123,A01,cross-session,AdaBN
226,16,0,0.00036403100000370614,123,A01,cross-session,AdaBN
227,16,1,0.0003491129999986242,123,A01,cross-session,AdaBN
228,16,0,0.0003523019999818189,123,A01,cross-session,AdaBN
229,16,1,0.0003640239999924688,123,A01,cross-session,AdaBN
230,16,1,0.00034972399998878245,123,A01,cross-session,AdaBN
231,16,0,0.0003542750000065098,123,A01,cross-session,AdaBN
232,16,0,0.0003468800000234751,123,A01,cross-session,AdaBN
233,16,1,0.0003579259999924034,123,A01,cross-session,AdaBN
234,16,1,0.00039131899998778863,123,A01,cross-session,AdaBN
235,16,1,0.00038477500001476983,123,A01,cross-session,AdaBN
236,16,0,0.00036424600000373175,123,A01,cross-session,AdaBN
237,16,1,0.00035306100002685525,123,A01,cross-session,AdaBN
238,16,1,0.0003543180000065149,123,A01,cross-session,AdaBN
239,16,0,0.00036125300002254335,123,A01,cross-session,AdaBN
240,16,0,0.0003513139999995474,123,A01,cross-session,AdaBN
241,16,1,0.00035104800002727643,123,A01,cross-session,AdaBN
242,16,1,0.00035189800001944604,123,A01,cross-session,AdaBN
243,16,1,0.0003637970000056612,123,A01,cross-session,AdaBN
244,16,1,0.00037282199997434873,123,A01,cross-session,AdaBN
245,16,1,0.0003491399999973055,123,A01,cross-session,AdaBN
246,16,1,0.0003866650000077243,123,A01,cross-session,AdaBN
247,16,1,0.0003878889999953117,123,A01,cross-session,AdaBN
248,16,1,0.00035696599999823775,123,A01,cross-session,AdaBN
249,16,1,0.00038992200001075616,123,A01,cross-session,AdaBN
250,16,1,0.00037381499998900836,123,A01,cross-session,AdaBN
251,16,0,0.000352902999992466,123,A01,cross-session,AdaBN
252,16,1,0.0003857089999996788,123,A01,cross-session,AdaBN
253,16,1,0.00036399900000105845,123,A01,cross-session,AdaBN
254,16,1,0.00036280399999100155,123,A01,cross-session,AdaBN
255,16,1,0.00038351300000272204,123,A01,cross-session,AdaBN
256,16,1,0.00035242599997786783,123,A01,cross-session,AdaBN
257,16,1,0.00035404299998731403,123,A01,cross-session,AdaBN
258,16,1,0.0003553979999821877,123,A01,cross-session,AdaBN
259,16,1,0.00035260999999309206,123,A01,cross-session,AdaBN
260,16,0,0.0003582479999977295,123,A01,cross-session,AdaBN
261,16,1,0.00035173200001281657,123,A01,cross-session,AdaBN
262,16,1,0.00035647199999289114,123,A01,cross-session,AdaBN
263,16,0,0.0003526939999858314,123,A01,cross-session,AdaBN
264,16,1,0.0003805439999950977,123,A01,cross-session,AdaBN
265,16,1,0.00036656999998285755,123,A01,cross-session,AdaBN
266,16,1,0.0003696399999739697,123,A01,cross-session,AdaBN
267,16,0,0.00038105799998788825,123,A01,cross-session,AdaBN
268,16,1,0.00037732900000264635,123,A01,cross-session,AdaBN
269,16,0,0.0003878709999867169,123,A01,cross-session,AdaBN
270,16,1,0.00037058300000580857,123,A01,cross-session,AdaBN
271,16,1,0.0003569840000068325,123,A01,cross-session,AdaBN
272,16,1,0.0003751229999977568,123,A01,cross-session,AdaBN
273,16,0,0.000378224000002092,123,A01,cross-session,AdaBN
274,16,1,0.0003483000000130687,123,A01,cross-session,AdaBN
275,16,0,0.00038678299998196053,123,A01,cross-session,AdaBN
276,16,1,0.00036441500000705673,123,A01,cross-session,AdaBN
277,16,0,0.0003807250000136264,123,A01,cross-session,AdaBN
278,16,0,0.0003679179999949156,123,A01,cross-session,AdaBN
279,16,1,0.00039608099999099977,123,A01,cross-session,AdaBN
280,16,1,0.0004059709999921779,123,A01,cross-session,AdaBN
281,16,0,0.0003718669999841495,123,A01,cross-session,AdaBN
282,16,0,0.0003508930000180044,123,A01,cross-session,AdaBN
283,16,0,0.00037912499999492866,123,A01,cross-session,AdaBN
284,16,0,0.0003688029999864284,123,A01,cross-session,AdaBN
285,16,1,0.0003757199999938621,123,A01,cross-session,AdaBN
286,16,1,0.0003727309999987938,123,A01,cross-session,AdaBN
287,16,0,0.00036353600000893493,123,A01,cross-session,AdaBN
0,1,1,0.0005829360000007,123,A02,cross-session,AdaBN
1,2,1,0.0004646730000104071,123,A02,cross-session,AdaBN
2,3,0,0.0004809229999978015,123,A02,cross-session,AdaBN
3,4,0,0.0004380480000065745,123,A02,cross-session,AdaBN
4,5,0,0.0005532280000011269,123,A02,cross-session,AdaBN
5,6,1,0.0004344849999995404,123,A02,cross-session,AdaBN
6,7,0,0.0004362779999951272,123,A02,cross-session,AdaBN
7,8,0,0.00042874400000414425,123,A02,cross-session,AdaBN
8,9,1,0.00044766600001366896,123,A02,cross-session,AdaBN
9,10,0,0.00047910800000749987,123,A02,cross-session,AdaBN
10,11,0,0.00044448900001725633,123,A02,cross-session,AdaBN
11,12,0,0.00046534899999528534,123,A02,cross-session,AdaBN
12,13,0,0.00042835799999352275,123,A02,cross-session,AdaBN
13,14,0,0.0004284510000047703,123,A02,cross-session,AdaBN
14,15,0,0.00043911699998488984,123,A02,cross-session,AdaBN
15,16,1,0.0004350510000108443,123,A02,cross-session,AdaBN
16,16,0,0.00040520900000728943,123,A02,cross-session,AdaBN
17,16,0,0.0004331609999894681,123,A02,cross-session,AdaBN
18,16,0,0.00042266099998755635,123,A02,cross-session,AdaBN
19,16,0,0.00044160799998849143,123,A02,cross-session,AdaBN
20,16,0,0.00041327200000296216,123,A02,cross-session,AdaBN
21,16,1,0.00041014300001052106,123,A02,cross-session,AdaBN
22,16,0,0.00041133599998488535,123,A02,cross-session,AdaBN
23,16,0,0.0004096039999978984,123,A02,cross-session,AdaBN
24,16,0,0.0003979459999925439,123,A02,cross-session,AdaBN
25,16,1,0.00042132900000524387,123,A02,cross-session,AdaBN
26,16,0,0.00041007199999398836,123,A02,cross-session,AdaBN
27,16,0,0.0004087469999944915,123,A02,cross-session,AdaBN
28,16,0,0.00041376600000830877,123,A02,cross-session,AdaBN
29,16,1,0.0004145249999965017,123,A02,cross-session,AdaBN
30,16,0,0.0004164210000112689,123,A02,cross-session,AdaBN
31,16,1,0.00040047300001333497,123,A02,cross-session,AdaBN
32,16,1,0.0004133160000208136,123,A02,cross-session,AdaBN
33,16,1,0.0003564630000028046,123,A02,cross-session,AdaBN
34,16,0,0.00035531699998614386,123,A02,cross-session,AdaBN
35,16,1,0.00039195000002223424,123,A02,cross-session,AdaBN
36,16,0,0.000348852000001898,123,A02,cross-session,AdaBN
37,16,0,0.000358919000007063,123,A02,cross-session,AdaBN
38,16,0,0.0003532889999746658,123,A02,cross-session,AdaBN
39,16,0,0.0003569179999942662,123,A02,cross-session,AdaBN
40,16,1,0.00035636199999089513,123,A02,cross-session,AdaBN
41,16,0,0.00035011200000667486,123,A02,cross-session,AdaBN
42,16,1,0.0003702390000057676,123,A02,cross-session,AdaBN
43,16,0,0.000351464000004853,123,A02,cross-session,AdaBN
44,16,0,0.0003660940000145274,123,A02,cross-session,AdaBN
45,16,1,0.00035211100001220075,123,A02,cross-session,AdaBN
46,16,0,0.00035865899999976136,123,A02,cross-session,AdaBN
47,16,0,0.0003607160000171916,123,A02,cross-session,AdaBN
48,16,0,0.0003545630000019173,123,A02,cross-session,AdaBN
49,16,0,0.0003714110000032633,123,A02,cross-session,AdaBN
50,16,0,0.00035218300001815805,123,A02,cross-session,AdaBN
51,16,0,0.0003748579999864887,123,A02,cross-session,AdaBN
52,16,1,0.00036804100000153994,123,A02,cross-session,AdaBN
53,16,1,0.0003707330000111142,123,A02,cross-session,AdaBN
54,16,0,0.00039252700000247387,123,A02,cross-session,AdaBN
55,16,0,0.00035063999999351836,123,A02,cross-session,AdaBN
56,16,1,0.000371612000009236,123,A02,cross-session,AdaBN
57,16,0,0.00035439799998471244,123,A02,cross-session,AdaBN
58,16,1,0.0003580100000135644,123,A02,cross-session,AdaBN
59,16,1,0.00036156999999548134,123,A02,cross-session,AdaBN
60,16,1,0.00035502400001519163,123,A02,cross-session,AdaBN
61,16,0,0.00035766599998510173,123,A02,cross-session,AdaBN
62,16,0,0.0003502270000126373,123,A02,cross-session,AdaBN
63,16,1,0.00036642399999209374,123,A02,cross-session,AdaBN
64,16,1,0.0003571999999962827,123,A02,cross-session,AdaBN
65,16,1,0.00035945600001241473,123,A02,cross-session,AdaBN
66,16,0,0.0003664049999940744,123,A02,cross-session,AdaBN
67,16,0,0.0003595459999985451,123,A02,cross-session,AdaBN
68,16,0,0.0003861960000222098,123,A02,cross-session,AdaBN
69,16,1,0.00034934000001385357,123,A02,cross-session,AdaBN
70,16,0,0.0003563190000193117,123,A02,cross-session,AdaBN
71,16,0,0.00036049099998081147,123,A02,cross-session,AdaBN
72,16,0,0.0003716049999979987,123,A02,cross-session,AdaBN
73,16,0,0.00042241500000272936,123,A02,cross-session,AdaBN
74,16,0,0.00037279599999351376,123,A02,cross-session,AdaBN
75,16,0,0.0003991910000138432,123,A02,cross-session,AdaBN
76,16,1,0.0003736520000074961,123,A02,cross-session,AdaBN
77,16,0,0.00039101200002278347,123,A02,cross-session,AdaBN
78,16,0,0.00037504200000171295,123,A02,cross-session,AdaBN
79,16,0,0.00037616400001638794,123,A02,cross-session,AdaBN
80,16,1,0.0003825609999807966,123,A02,cross-session,AdaBN
81,16,0,0.0003492130000211091,123,A02,cross-session,AdaBN
82,16,1,0.0003737269999817272,123,A02,cross-session,AdaBN
83,16,0,0.0003479519999984859,123,A02,cross-session,AdaBN
84,16,0,0.00038232699998275166,123,A02,cross-session,AdaBN
85,16,1,0.00038745000000517393,123,A02,cross-session,AdaBN
86,16,0,0.0003595439999912742,123,A02,cross-session,AdaBN
87,16,1,0.00042491599998584206,123,A02,cross-session,AdaBN
88,16,0,0.0003819149999912952,123,A02,cross-session,AdaBN
89,16,0,0.0003948560000139878,123,A02,cross-session,AdaBN
90,16,0,0.00037300600001799467,123,A02,cross-session,AdaBN
91,16,1,0.00040500500000462125,123,A02,cross-session,AdaBN
92,16,0,0.0004049579999900743,123,A02,cross-session,AdaBN
93,16,1,0.00039938300000130766,123,A02,cross-session,AdaBN
94,16,0,0.00038492400000222915,123,A02,cross-session,AdaBN
95,16,0,0.00035165099998835103,123,A02,cross-session,AdaBN
96,16,1,0.00037705099998674996,123,A02,cross-session,AdaBN
97,16,0,0.0003859260000069753,123,A02,cross-session,AdaBN
98,16,1,0.0003516839999804233,123,A02,cross-session,AdaBN
99,16,0,0.0004038900000011836,123,A02,cross-session,AdaBN
100,16,1,0.00036523899998996967,123,A02,cross-session,AdaBN
101,16,1,0.00035611500001664353,123,A02,cross-session,AdaBN
102,16,0,0.00036750900000015463,123,A02,cross-session,AdaBN
103,16,0,0.00035310300000901407,123,A02,cross-session,AdaBN
104,16,0,0.00038394500001004417,123,A02,cross-session,AdaBN
105,16,0,0.0003617289999908735,123,A02,cross-session,AdaBN
106,16,0,0.0003634199999851262,123,A02,cross-session,AdaBN
107,16,1,0.0003598749999866868,123,A02,cross-session,AdaBN
108,16,0,0.00035236299999041876,123,A02,cross-session,AdaBN
109,16,1,0.0003595080000025064,123,A02,cross-session,AdaBN
110,16,0,0.00035686300000747906,123,A02,cross-session,AdaBN
111,16,0,0.0003498350000086248,123,A02,cross-session,AdaBN
112,16,0,0.0003844599999922593,123,A02,cross-session,AdaBN
113,16,1,0.00036172000000078697,123,A02,cross-session,AdaBN
114,16,0,0.0003593419999958769,123,A02,cross-session,AdaBN
115,16,0,0.00035851100000172664,123,A02,cross-session,AdaBN
116,16,0,0.00035018200000536126,123,A02,cross-session,AdaBN
117,16,0,0.000353675000013709,123,A02,cross-session,AdaBN
118,16,0,0.00035837699999774486,123,A02,cross-session,AdaBN
119,16,0,0.00036554700000124285,123,A02,cross-session,AdaBN
120,16,1,0.00035735400001613016,123,A02,cross-session,AdaBN
121,16,0,0.0003488870000012412,123,A02,cross-session,AdaBN
122,16,0,0.0003960580000068603,123,A02,cross-session,AdaBN
123,16,0,0.0003611669999941114,123,A02,cross-session,AdaBN
124,16,0,0.00035943800000382,123,A02,cross-session,AdaBN
125,16,0,0.0003699949999997898,123,A02,cross-session,AdaBN
126,16,0,0.0003596269999945889,123,A02,cross-session,AdaBN
127,16,0,0.0003643359999898621,123,A02,cross-session,AdaBN
128,16,0,0.0003542460000005576,123,A02,cross-session,AdaBN
129,16,0,0.0003766009999992548,123,A02,cross-session,AdaBN
130,16,0,0.00035868800000571355,123,A02,cross-session,AdaBN
131,16,0,0.00035932199998001124,123,A02,cross-session,AdaBN
132,16,1,0.00037398999998572435,123,A02,cross-session,AdaBN
133,16,1,0.0003564600000061091,123,A02,cross-session,AdaBN
134,16,0,0.00037845700001071236,123,A02,cross-session,AdaBN
135,16,0,0.0003624729999955889,123,A02,cross-session,AdaBN
136,16,0,0.0003547949999926914,123,A02,cross-session,AdaBN
137,16,0,0.0003559029999848917,123,A02,cross-session,AdaBN
138,16,1,0.0003466869999897426,123,A02,cross-session,AdaBN
139,16,0,0.00035682299997574773,123,A02,cross-session,AdaBN
140,16,1,0.00038186500000847445,123,A02,cross-session,AdaBN
141,16,1,0.00036054800000329124,123,A02,cross-session,AdaBN
142,16,1,0.0003579989999877853,123,A02,cross-session,AdaBN
143,16,0,0.00035095599997703175,123,A02,cross-session,AdaBN
144,16,0,0.0003558319999967807,123,A02,cross-session,AdaBN
145,16,0,0.00036484999998265266,123,A02,cross-session,AdaBN
146,16,0,0.0003822369999966213,123,A02,cross-session,AdaBN
147,16,0,0.000371936000021833,123,A02,cross-session,AdaBN
148,16,0,0.00035640800001601747,123,A02,cross-session,AdaBN
149,16,1,0.0003673949999836168,123,A02,cross-session,AdaBN
150,16,0,0.00036751099997900383,123,A02,cross-session,AdaBN
151,16,1,0.0003722879999941142,123,A02,cross-session,AdaBN
152,16,1,0.00036023000001250693,123,A02,cross-session,AdaBN
153,16,0,0.00035970599998336183,123,A02,cross-session,AdaBN
154,16,0,0.00036202999999090935,123,A02,cross-session,AdaBN
155,16,0,0.0003580009999950562,123,A02,cross-session,AdaBN
156,16,0,0.0003575540000042565,123,A02,cross-session,AdaBN
157,16,0,0.00035242400002744034,123,A02,cross-session,AdaBN
158,16,0,0.00036336299999106814,123,A02,cross-session,AdaBN
159,16,0,0.0003684179999936532,123,A02,cross-session,AdaBN
160,16,1,0.0003823380000085308,123,A02,cross-session,AdaBN
161,16,0,0.0003613499999914893,123,A02,cross-session,AdaBN
162,16,1,0.00036621999998942556,123,A02,cross-session,AdaBN
163,16,0,0.0003544170000111535,123,A02,cross-session,AdaBN
164,16,0,0.0003659609999999702,123,A02,cross-session,AdaBN
165,16,0,0.00037239000002387,123,A02,cross-session,AdaBN
166,16,0,0.0003506179999988035,123,A02,cross-session,AdaBN
167,16,0,0.0003589490000024398,123,A02,cross-session,AdaBN
168,16,0,0.0003628640000101768,123,A02,cross-session,AdaBN
169,16,0,0.00038151600000446706,123,A02,cross-session,AdaBN
170,16,0,0.0003801640000062889,123,A02,cross-session,AdaBN
171,16,1,0.0003496660000052998,123,A02,cross-session,AdaBN
172,16,0,0.0003670109999802662,123,A02,cross-session,AdaBN
173,16,1,0.0003789219999816851,123,A02,cross-session,AdaBN
174,16,0,0.0003873250000197004,123,A02,cross-session,AdaBN
175,16,1,0.00038379699998358774,123,A02,cross-session,AdaBN
176,16,0,0.0003619080000021313,123,A02,cross-session,AdaBN
177,16,1,0.0003575430000068991,123,A02,cross-session,AdaBN
178,16,0,0.00037113499999463784,123,A02,cross-session,AdaBN
179,16,0,0.00036259699999163786,123,A02,cross-session,AdaBN
180,16,0,0.00036722900000540903,123,A02,cross-session,AdaBN
181,16,0,0.0003793239999936304,123,A02,cross-session,AdaBN
182,16,1,0.000374041999975816,123,A02,cross-session,AdaBN
183,16,1,0.00037230600000270897,123,A02,cross-session,AdaBN
184,16,0,0.0003491450000012719,123,A02,cross-session,AdaBN
185,16,0,0.0003675330000021404,123,A02,cross-session,AdaBN
186,16,0,0.00036284299997646485,123,A02,cross-session,AdaBN
187,16,0,0.00036702399998489454,123,A02,cross-session,AdaBN
188,16,0,0.00036160499999482454,123,A02,cross-session,AdaBN
189,16,0,0.00035211599998774545,123,A02,cross-session,AdaBN
190,16,0,0.00035302999998521045,123,A02,cross-session,AdaBN
191,16,0,0.0003606850000039685,123,A02,cross-session,AdaBN
192,16,0,0.00035492199998543583,123,A02,cross-session,AdaBN
193,16,1,0.0003774249999821677,123,A02,cross-session,AdaBN
194,16,1,0.0003549879999980021,123,A02,cross-session,AdaBN
195,16,0,0.0003653969999959372,123,A02,cross-session,AdaBN
196,16,0,0.00036666900001591785,123,A02,cross-session,AdaBN
197,16,0,0.00034912300000655705,123,A02,cross-session,AdaBN
198,16,0,0.0003724480000073527,123,A02,cross-session,AdaBN
199,16,1,0.00035432900000387235,123,A02,cross-session,AdaBN
200,16,1,0.00038769399998273,123,A02,cross-session,AdaBN
201,16,0,0.00036927499999706015,123,A02,cross-session,AdaBN
202,16,1,0.0003849500000114858,123,A02,cross-session,AdaBN
203,16,1,0.00037564699999848017,123,A02,cross-session,AdaBN
204,16,0,0.00038126600000509825,123,A02,cross-session,AdaBN
205,16,1,0.00038295499999208005,123,A02,cross-session,AdaBN
206,16,0,0.00037085600001773855,123,A02,cross-session,AdaBN
207,16,1,0.0003621580000015001,123,A02,cross-session,AdaBN
208,16,0,0.0003742780000095536,123,A02,cross-session,AdaBN
209,16,0,0.000408213000014257,123,A02,cross-session,AdaBN
210,16,1,0.0003531609999924967,123,A02,cross-session,AdaBN
211,16,0,0.00039522899999155925,123,A02,cross-session,AdaBN
212,16,1,0.00039731199998982447,123,A02,cross-session,AdaBN
213,16,0,0.00035563099999080805,123,A02,cross-session,AdaBN
214,16,1,0.00037254699998356955,123,A02,cross-session,AdaBN
215,16,0,0.0003619680000213066,123,A02,cross-session,AdaBN
216,16,0,0.0003783669999961603,123,A02,cross-session,AdaBN
217,16,0,0.0003669399999921552,123,A02,cross-session,AdaBN
218,16,1,0.00035500399999932597,123,A02,cross-session,AdaBN
219,16,1,0.00038583400001357404,123,A02,cross-session,AdaBN
220,16,1,0.00035872800000902316,123,A02,cross-session,AdaBN
221,16,0,0.00035668099999952574,123,A02,cross-session,AdaBN
222,16,0,0.0003829810000013367,123,A02,cross-session,AdaBN
223,16,0,0.0003628609999850596,123,A02,cross-session,AdaBN
224,16,0,0.00036635000000728724,123,A02,cross-session,AdaBN
225,16,0,0.00037012100000310966,123,A02,cross-session,AdaBN
226,16,0,0.0003665070000238302,123,A02,cross-session,AdaBN
227,16,0,0.0003790039999955752,123,A02,cross-session,AdaBN
228,16,0,0.00035018299999478586,123,A02,cross-session,AdaBN
229,16,1,0.00037039300002561504,123,A02,cross-session,AdaBN
230,16,1,0.0003602960000250732,123,A02,cross-session,AdaBN
231,16,0,0.00035467499998276253,123,A02,cross-session,AdaBN
232,16,1,0.00036199400000214155,123,A02,cross-session,AdaBN
233,16,0,0.0003511129999935747,123,A02,cross-session,AdaBN
234,16,0,0.00036899999997785926,123,A02,cross-session,AdaBN
235,16,1,0.00037479799999573515,123,A02,cross-session,AdaBN
236,16,0,0.0003760509999892747,123,A02,cross-session,AdaBN
237,16,0,0.00035943000000315806,123,A02,cross-session,AdaBN
238,16,1,0.0003579709999996794,123,A02,cross-session,AdaBN
239,16,1,0.0003528780000010556,123,A02,cross-session,AdaBN
240,16,0,0.00037500900000964066,123,A02,cross-session,AdaBN
241,16,0,0.0003480459999991581,123,A02,cross-session,AdaBN
242,16,0,0.00035397400000647394,123,A02,cross-session,AdaBN
243,16,0,0.00036941199999773744,123,A02,cross-session,AdaBN
244,16,0,0.00036505699998201635,123,A02,cross-session,AdaBN
245,16,0,0.0003640209999957733,123,A02,cross-session,AdaBN
246,16,1,0.0003504480000060539,123,A02,cross-session,AdaBN
247,16,0,0.00038925399999811816,123,A02,cross-session,AdaBN
248,16,0,0.0004111330000000635,123,A02,cross-session,AdaBN
249,16,1,0.0003783960000021125,123,A02,cross-session,AdaBN
250,16,0,0.000375307000012981,123,A02,cross-session,AdaBN
251,16,1,0.00038746199999195596,123,A02,cross-session,AdaBN
252,16,0,0.00035062999998558553,123,A02,cross-session,AdaBN
253,16,0,0.000363313999997672,123,A02,cross-session,AdaBN
254,16,1,0.0004091839999773583,123,A02,cross-session,AdaBN
255,16,0,0.00037295800001402313,123,A02,cross-session,AdaBN
256,16,0,0.00040148300001874304,123,A02,cross-session,AdaBN
257,16,1,0.00036466000000245913,123,A02,cross-session,AdaBN
258,16,0,0.0003524140000195075,123,A02,cross-session,AdaBN
259,16,0,0.0003584959999898274,123,A02,cross-session,AdaBN
260,16,1,0.00038211800000453877,123,A02,cross-session,AdaBN
261,16,0,0.0003988680000190925,123,A02,cross-session,AdaBN
262,16,0,0.00036685500000999127,123,A02,cross-session,AdaBN
263,16,0,0.00036055199998941134,123,A02,cross-session,AdaBN
264,16,0,0.0003968970000016725,123,A02,cross-session,AdaBN
265,16,0,0.0003633579999871017,123,A02,cross-session,AdaBN
266,16,1,0.0003501999999855343,123,A02,cross-session,AdaBN
267,16,0,0.0003935120000164716,123,A02,cross-session,AdaBN
268,16,0,0.00035352500000840337,123,A02,cross-session,AdaBN
269,16,0,0.0003561059999981353,123,A02,cross-session,AdaBN
270,16,0,0.0003868750000037835,123,A02,cross-session,AdaBN
271,16,0,0.0003822769999999309,123,A02,cross-session,AdaBN
272,16,0,0.0003588509999872258,123,A02,cross-session,AdaBN
273,16,0,0.0003536099999905673,123,A02,cross-session,AdaBN
274,16,0,0.00034451800001988886,123,A02,cross-session,AdaBN
275,16,0,0.000353757999988602,123,A02,cross-session,AdaBN
276,16,0,0.0003453530000001592,123,A02,cross-session,AdaBN
277,16,0,0.0003462960000035764,123,A02,cross-session,AdaBN
278,16,0,0.000361951999991561,123,A02,cross-session,AdaBN
279,16,0,0.00034409700000992416,123,A02,cross-session,AdaBN
280,16,0,0.00036016300001051604,123,A02,cross-session,AdaBN
281,16,0,0.0003752400000109901,123,A02,cross-session,AdaBN
282,16,1,0.0003841349999902377,123,A02,cross-session,AdaBN
283,16,1,0.0003557109999974273,123,A02,cross-session,AdaBN
284,16,0,0.0003519549999850824,123,A02,cross-session,AdaBN
285,16,1,0.0003492149999999583,123,A02,cross-session,AdaBN
286,16,0,0.0003633780000029674,123,A02,cross-session,AdaBN
287,16,1,0.00034894899999926565,123,A02,cross-session,AdaBN
0,1,0,0.000613862999983894,123,A03,cross-session,AdaBN
1,2,1,0.0005129930000009608,123,A03,cross-session,AdaBN
2,3,0,0.00047319500001208326,123,A03,cross-session,AdaBN
3,4,1,0.0006496379999987312,123,A03,cross-session,AdaBN
4,5,1,0.0006364179999991393,123,A03,cross-session,AdaBN
5,6,1,0.0006295979999890733,123,A03,cross-session,AdaBN
6,7,1,0.0006574690000036298,123,A03,cross-session,AdaBN
7,8,0,0.0006909889999917596,123,A03,cross-session,AdaBN
8,9,1,0.0006407900000056088,123,A03,cross-session,AdaBN
9,10,0,0.00045469900001648966,123,A03,cross-session,AdaBN
10,11,1,0.0004495099999815011,123,A03,cross-session,AdaBN
11,12,0,0.00042902800001343167,123,A03,cross-session,AdaBN
12,13,1,0.0004541129999893201,123,A03,cross-session,AdaBN
13,14,0,0.0004393849999928534,123,A03,cross-session,AdaBN
14,15,1,0.00045336299999121366,123,A03,cross-session,AdaBN
15,16,1,0.00043070999998917614,123,A03,cross-session,AdaBN
16,16,1,0.0004274260000158847,123,A03,cross-session,AdaBN
17,16,1,0.00042097200000057455,123,A03,cross-session,AdaBN
18,16,1,0.00041414399998984663,123,A03,cross-session,AdaBN
19,16,1,0.00042025900000908223,123,A03,cross-session,AdaBN
20,16,1,0.00040798900002414484,123,A03,cross-session,AdaBN
21,16,1,0.00042582699998661155,123,A03,cross-session,AdaBN
22,16,1,0.000432248999999274,123,A03,cross-session,AdaBN
23,16,1,0.0004111780000073395,123,A03,cross-session,AdaBN
24,16,0,0.00042620499999657113,123,A03,cross-session,AdaBN
25,16,1,0.00040799600000696046,123,A03,cross-session,AdaBN
26,16,1,0.0004248200000063207,123,A03,cross-session,AdaBN
27,16,0,0.0004457889999969211,123,A03,cross-session,AdaBN
28,16,0,0.00035952799998995033,123,A03,cross-session,AdaBN
29,16,0,0.00043464400002335424,123,A03,cross-session,AdaBN
30,16,1,0.0003552990000059708,123,A03,cross-session,AdaBN
31,16,1,0.0003666610000152559,123,A03,cross-session,AdaBN
32,16,1,0.00035696399999096684,123,A03,cross-session,AdaBN
33,16,1,0.00035106100000348306,123,A03,cross-session,AdaBN
34,16,1,0.00037064599999325765,123,A03,cross-session,AdaBN
35,16,1,0.00034697100002745174,123,A03,cross-session,AdaBN
36,16,1,0.00036738499997568397,123,A03,cross-session,AdaBN
37,16,1,0.00034827600001108294,123,A03,cross-session,AdaBN
38,16,1,0.000366061999983458,123,A03,cross-session,AdaBN
39,16,0,0.00036248899999691275,123,A03,cross-session,AdaBN
40,16,0,0.0003500619999954324,123,A03,cross-session,AdaBN
41,16,1,0.00037011500000971864,123,A03,cross-session,AdaBN
42,16,0,0.00036730999997303115,123,A03,cross-session,AdaBN
43,16,0,0.00035640200002262645,123,A03,cross-session,AdaBN
44,16,1,0.00035728599999629296,123,A03,cross-session,AdaBN
45,16,1,0.0003619040000160112,123,A03,cross-session,AdaBN
46,16,1,0.0003713320000144904,123,A03,cross-session,AdaBN
47,16,1,0.0003592079999918951,123,A03,cross-session,AdaBN
48,16,0,0.0003685929999903692,123,A03,cross-session,AdaBN
49,16,0,0.00035502500000461623,123,A03,cross-session,AdaBN
50,16,1,0.00035591500000009546,123,A03,cross-session,AdaBN
51,16,1,0.0003617920000067443,123,A03,cross-session,AdaBN
52,16,1,0.00036646600000267426,123,A03,cross-session,AdaBN
53,16,1,0.00036835500000620414,123,A03,cross-session,AdaBN
54,16,1,0.00035291699998651893,123,A03,cross-session,AdaBN
55,16,1,0.000377123000021129,123,A03,cross-session,AdaBN
56,16,1,0.00035183800000027077,123,A03,cross-session,AdaBN
57,16,0,0.00035989299999528157,123,A03,cross-session,AdaBN
58,16,0,0.00036223999998696854,123,A03,cross-session,AdaBN
59,16,0,0.0003625089999843567,123,A03,cross-session,AdaBN
60,16,1,0.0003610270000251603,123,A03,cross-session,AdaBN
61,16,1,0.0003548079999973197,123,A03,cross-session,AdaBN
62,16,1,0.00037591400001701913,123,A03,cross-session,AdaBN
63,16,1,0.00036520300000120187,123,A03,cross-session,AdaBN
64,16,0,0.0003802710000115894,123,A03,cross-session,AdaBN
65,16,0,0.0003539190000196868,123,A03,cross-session,AdaBN
66,16,1,0.0003572950000148012,123,A03,cross-session,AdaBN
67,16,1,0.00036283100001810453,123,A03,cross-session,AdaBN
68,16,1,0.00035162899999363617,123,A03,cross-session,AdaBN
69,16,0,0.00036856799999895884,123,A03,cross-session,AdaBN
70,16,1,0.00035190699998111086,123,A03,cross-session,AdaBN
71,16,0,0.000367392000015343,123,A03,cross-session,AdaBN
72,16,1,0.00035348699998394295,123,A03,cross-session,AdaBN
73,16,1,0.00036390399998253997,123,A03,cross-session,AdaBN
74,16,1,0.00036466200000973004,123,A03,cross-session,AdaBN
75,16,1,0.00037532799998984956,123,A03,cross-session,AdaBN
76,16,1,0.00036850300000423886,123,A03,cross-session,AdaBN
77,16,1,0.0003530000000182554,123,A03,cross-session,AdaBN
78,16,1,0.00038004399999636007,123,A03,cross-session,AdaBN
79,16,1,0.0003512939999836817,123,A03,cross-session,AdaBN
80,16,1,0.00036800600000219674,123,A03,cross-session,AdaBN
81,16,0,0.00034986500000400156,123,A03,cross-session,AdaBN
82,16,1,0.0003540319999899566,123,A03,cross-session,AdaBN
83,16,1,0.0003636730000096122,123,A03,cross-session,AdaBN
84,16,1,0.00039251799998396564,123,A03,cross-session,AdaBN
85,16,0,0.0003982270000051358,123,A03,cross-session,AdaBN
86,16,1,0.00039279800000713294,123,A03,cross-session,AdaBN
87,16,1,0.0003923910000196429,123,A03,cross-session,AdaBN
88,16,1,0.0003603670000131842,123,A03,cross-session,AdaBN
89,16,0,0.0003712660000019241,123,A03,cross-session,AdaBN
90,16,1,0.0003674959999955263,123,A03,cross-session,AdaBN
91,16,0,0.0003762620000031802,123,A03,cross-session,AdaBN
92,16,1,0.00039235200000575787,123,A03,cross-session,AdaBN
93,16,1,0.00036427699998853313,123,A03,cross-session,AdaBN
94,16,0,0.00040290100000106577,123,A03,cross-session,AdaBN
95,16,1,0.0003615230000093561,123,A03,cross-session,AdaBN
96,16,1,0.0003892609999809338,123,A03,cross-session,AdaBN
97,16,1,0.00035394899998664187,123,A03,cross-session,AdaBN
98,16,0,0.00036421600000835497,123,A03,cross-session,AdaBN
99,16,1,0.00036832899999694746,123,A03,cross-session,AdaBN
100,16,1,0.00036072300000000723,123,A03,cross-session,AdaBN
101,16,0,0.00039695199998845965,123,A03,cross-session,AdaBN
102,16,1,0.00034979399998746885,123,A03,cross-session,AdaBN
103,16,0,0.00039022900000418304,123,A03,cross-session,AdaBN
104,16,1,0.00035266899999442103,123,A03,cross-session,AdaBN
105,16,1,0.00038337500001262015,123,A03,cross-session,AdaBN
106,16,0,0.0003619160000027932,123,A03,cross-session,AdaBN
107,16,0,0.00034978899998350244,123,A03,cross-session,AdaBN
108,16,0,0.0004027360000122826,123,A03,cross-session,AdaBN
109,16,0,0.0003717179999966902,123,A03,cross-session,AdaBN
110,16,0,0.0003798030000154995,123,A03,cross-session,AdaBN
111,16,1,0.0003900009999995291,123,A03,cross-session,AdaBN
112,16,1,0.00038271599999006867,123,A03,cross-session,AdaBN
113,16,1,0.00035784399997851324,123,A03,cross-session,AdaBN
114,16,1,0.00036093800000003284,123,A03,cross-session,AdaBN
115,16,1,0.0003999549999775809,123,A03,cross-session,AdaBN
116,16,1,0.0003614780000020801,123,A03,cross-session,AdaBN
117,16,0,0.000371327000010524,123,A03,cross-session,AdaBN
118,16,1,0.00038537599999699523,123,A03,cross-session,AdaBN
119,16,0,0.0003608899999960613,123,A03,cross-session,AdaBN
120,16,1,0.0003988349999985985,123,A03,cross-session,AdaBN
121,16,1,0.0003615820000106851,123,A03,cross-session,AdaBN
122,16,0,0.00036129599999412676,123,A03,cross-session,AdaBN
123,16,1,0.00037401900002009825,123,A03,cross-session,AdaBN
124,16,1,0.00036600500001782166,123,A03,cross-session,AdaBN
125,16,1,0.0003915949999964141,123,A03,cross-session,AdaBN
126,16,0,0.0003594040000223231,123,A03,cross-session,AdaBN
127,16,1,0.00035404100000846483,123,A03,cross-session,AdaBN
128,16,0,0.00037194699999076875,123,A03,cross-session,AdaBN
129,16,0,0.00038935300000275674,123,A03,cross-session,AdaBN
130,16,1,0.0003848600000253555,123,A03,cross-session,AdaBN
131,16,1,0.0003515679999850363,123,A03,cross-session,AdaBN
132,16,1,0.0003691949999904409,123,A03,cross-session,AdaBN
133,16,1,0.0003651829999853362,123,A03,cross-session,AdaBN
134,16,1,0.00039592899997842324,123,A03,cross-session,AdaBN
135,16,1,0.00037531899999976304,123,A03,cross-session,AdaBN
136,16,0,0.0003589519999991353,123,A03,cross-session,AdaBN
137,16,0,0.00036608299998874827,123,A03,cross-session,AdaBN
138,16,1,0.0003846200000054978,123,A03,cross-session,AdaBN
139,16,1,0.00035636300000874144,123,A03,cross-session,AdaBN
140,16,1,0.0003576119999877392,123,A03,cross-session,AdaBN
141,16,0,0.0003572699999949691,123,A03,cross-session,AdaBN
142,16,1,0.00036206799998694805,123,A03,cross-session,AdaBN
143,16,1,0.0003659190000178114,123,A03,cross-session,AdaBN
144,16,0,0.00034975700000927645,123,A03,cross-session,AdaBN
145,16,0,0.0003578960000254483,123,A03,cross-session,AdaBN
146,16,1,0.0003616240000212656,123,A03,cross-session,AdaBN
147,16,0,0.00035289199999510856,123,A03,cross-session,AdaBN
148,16,0,0.0003575820000207841,123,A03,cross-session,AdaBN
149,16,1,0.0003527530000155821,123,A03,cross-session,AdaBN
150,16,1,0.00035232100000825994,123,A03,cross-session,AdaBN
151,16,1,0.0003874690000031933,123,A03,cross-session,AdaBN
152,16,0,0.0003750200000069981,123,A03,cross-session,AdaBN
153,16,1,0.00035752299999103343,123,A03,cross-session,AdaBN
154,16,1,0.00036100900001656555,123,A03,cross-session,AdaBN
155,16,1,0.0003573730000141495,123,A03,cross-session,AdaBN
156,16,1,0.000353187999991178,123,A03,cross-session,AdaBN
157,16,1,0.0003678120000074614,123,A03,cross-session,AdaBN
158,16,0,0.0003739029999962895,123,A03,cross-session,AdaBN
159,16,1,0.0003653170000177397,123,A03,cross-session,AdaBN
160,16,1,0.0003560380000067198,123,A03,cross-session,AdaBN
161,16,1,0.00035567000000469307,123,A03,cross-session,AdaBN
162,16,1,0.00037450700000363213,123,A03,cross-session,AdaBN
163,16,1,0.0003453070000034586,123,A03,cross-session,AdaBN
164,16,0,0.0004151539999952547,123,A03,cross-session,AdaBN
165,16,1,0.0004019269999844255,123,A03,cross-session,AdaBN
166,16,1,0.00036903400001619957,123,A03,cross-session,AdaBN
167,16,1,0.0004015470000240384,123,A03,cross-session,AdaBN
168,16,1,0.0003914520000023458,123,A03,cross-session,AdaBN
169,16,1,0.0003723080000099799,123,A03,cross-session,AdaBN
170,16,1,0.00039143099999705555,123,A03,cross-session,AdaBN
171,16,0,0.0003604380000012952,123,A03,cross-session,AdaBN
172,16,1,0.00037328900000943577,123,A03,cross-session,AdaBN
173,16,1,0.0003596560000005411,123,A03,cross-session,AdaBN
174,16,1,0.0003830370000059702,123,A03,cross-session,AdaBN
175,16,1,0.00038077499999644715,123,A03,cross-session,AdaBN
176,16,1,0.0003604690000145183,123,A03,cross-session,AdaBN
177,16,1,0.00037134699999796794,123,A03,cross-session,AdaBN
178,16,1,0.0003896519999955217,123,A03,cross-session,AdaBN
179,16,0,0.00040469000001053246,123,A03,cross-session,AdaBN
180,16,0,0.000372667999982923,123,A03,cross-session,AdaBN
181,16,1,0.0003649399999972047,123,A03,cross-session,AdaBN
182,16,0,0.0003469330000029913,123,A03,cross-session,AdaBN
183,16,1,0.000359658000007812,123,A03,cross-session,AdaBN
184,16,1,0.0003539550000084546,123,A03,cross-session,AdaBN
185,16,1,0.00035901300000773517,123,A03,cross-session,AdaBN
186,16,0,0.00036428500001761677,123,A03,cross-session,AdaBN
187,16,1,0.0003534280000110357,123,A03,cross-session,AdaBN
188,16,0,0.00036154699998292017,123,A03,cross-session,AdaBN
189,16,1,0.00036473499997669023,123,A03,cross-session,AdaBN
190,16,1,0.00036818000000948814,123,A03,cross-session,AdaBN
191,16,1,0.0003682050000008985,123,A03,cross-session,AdaBN
192,16,0,0.0003706699999952434,123,A03,cross-session,AdaBN
193,16,1,0.00038218399998868335,123,A03,cross-session,AdaBN
194,16,1,0.0003643009999905189,123,A03,cross-session,AdaBN
195,16,0,0.0003566949999935787,123,A03,cross-session,AdaBN
196,16,0,0.0004481310000130634,123,A03,cross-session,AdaBN
197,16,1,0.0004371729999945728,123,A03,cross-session,AdaBN
198,16,0,0.0003760509999892747,123,A03,cross-session,AdaBN
199,16,1,0.000407446999986405,123,A03,cross-session,AdaBN
200,16,1,0.00039656900000295536,123,A03,cross-session,AdaBN
201,16,1,0.0003969610000069679,123,A03,cross-session,AdaBN
202,16,1,0.0004298160000075768,123,A03,cross-session,AdaBN
203,16,1,0.00037564299998393835,123,A03,cross-session,AdaBN
204,16,1,0.00036499199998729637,123,A03,cross-session,AdaBN
205,16,1,0.00037444500000560765,123,A03,cross-session,AdaBN
206,16,0,0.00036832899999694746,123,A03,cross-session,AdaBN
207,16,1,0.0003894779999882303,123,A03,cross-session,AdaBN
208,16,0,0.00039336600002570776,123,A03,cross-session,AdaBN
209,16,0,0.0004265780000025643,123,A03,cross-session,AdaBN
210,16,1,0.000389839999996866,123,A03,cross-session,AdaBN
211,16,1,0.00037230099999874255,123,A03,cross-session,AdaBN
212,16,1,0.00036804999999162646,123,A03,cross-session,AdaBN
213,16,1,0.00038855099998613696,123,A03,cross-session,AdaBN
214,16,1,0.00034951300000329866,123,A03,cross-session,AdaBN
215,16,0,0.00036547599998471014,123,A03,cross-session,AdaBN
216,16,1,0.0003843130000120709,123,A03,cross-session,AdaBN
217,16,1,0.00034918600002242783,123,A03,cross-session,AdaBN
218,16,1,0.0003784749999908854,123,A03,cross-session,AdaBN
219,16,0,0.00035390599998663674,123,A03,cross-session,AdaBN
220,16,0,0.0003473159999884956,123,A03,cross-session,AdaBN
221,16,1,0.000405379000000039,123,A03,cross-session,AdaBN
222,16,1,0.0003722810000112986,123,A03,cross-session,AdaBN
223,16,1,0.0003708300000084819,123,A03,cross-session,AdaBN
224,16,0,0.00039153700001293146,123,A03,cross-session,AdaBN
225,16,0,0.0003566730000272855,123,A03,cross-session,AdaBN
226,16,1,0.0004048760000046059,123,A03,cross-session,AdaBN
227,16,0,0.0003561679999961598,123,A03,cross-session,AdaBN
228,16,1,0.0003801579999844762,123,A03,cross-session,AdaBN
229,16,0,0.0004043269999840504,123,A03,cross-session,AdaBN
230,16,1,0.0003594819999932497,123,A03,cross-session,AdaBN
231,16,1,0.00037424100000293947,123,A03,cross-session,AdaBN
232,16,0,0.00039027599999030826,123,A03,cross-session,AdaBN
233,16,1,0.00035266800000499643,123,A03,cross-session,AdaBN
234,16,1,0.0003970820000063213,123,A03,cross-session,AdaBN
235,16,1,0.00036786800001209485,123,A03,cross-session,AdaBN
236,16,1,0.00039057700001876583,123,A03,cross-session,AdaBN
237,16,1,0.00038907399999743575,123,A03,cross-session,AdaBN
238,16,1,0.0003619799999796669,123,A03,cross-session,AdaBN
239,16,0,0.000354386999987355,123,A03,cross-session,AdaBN
240,16,0,0.00036782800000878524,123,A03,cross-session,AdaBN
241,16,1,0.000349701000004643,123,A03,cross-session,AdaBN
242,16,1,0.0003684859999850687,123,A03,cross-session,AdaBN
243,16,1,0.0003518179999844051,123,A03,cross-session,AdaBN
244,16,1,0.00036181900000542555,123,A03,cross-session,AdaBN
245,16,1,0.0003591680000170072,123,A03,cross-session,AdaBN
246,16,1,0.0003537120000203231,123,A03,cross-session,AdaBN
247,16,1,0.00038334000001327695,123,A03,cross-session,AdaBN
248,16,0,0.00035971999997741477,123,A03,cross-session,AdaBN
249,16,1,0.00035405499997409606,123,A03,cross-session,AdaBN
250,16,1,0.0003854679999903965,123,A03,cross-session,AdaBN
251,16,1,0.00037957800000754105,123,A03,cross-session,AdaBN
252,16,1,0.0003653880000058507,123,A03,cross-session,AdaBN
253,16,1,0.00037521400000173344,123,A03,cross-session,AdaBN
254,16,1,0.00034954099999140453,123,A03,cross-session,AdaBN
255,16,1,0.0003830790000165507,123,A03,cross-session,AdaBN
256,16,1,0.000397782000021607,123,A03,cross-session,AdaBN
257,16,1,0.00035675500001275395,123,A03,cross-session,AdaBN
258,16,1,0.0004116759999988062,123,A03,cross-session,AdaBN
259,16,1,0.0003906069999857209,123,A03,cross-session,AdaBN
260,16,0,0.00035446600000454964,123,A03,cross-session,AdaBN
261,16,1,0.00039958400000728034,123,A03,cross-session,AdaBN
262,16,1,0.0003564890000120613,123,A03,cross-session,AdaBN
263,16,1,0.00038303000002315457,123,A03,cross-session,AdaBN
264,16,0,0.0003888380000205416,123,A03,cross-session,AdaBN
265,16,1,0.00035246600000959916,123,A03,cross-session,AdaBN
266,16,1,0.0003634960000056253,123,A03,cross-session,AdaBN
267,16,0,0.00037222999998220985,123,A03,cross-session,AdaBN
268,16,1,0.0003614209999796003,123,A03,cross-session,AdaBN
269,16,1,0.0003691459999970448,123,A03,cross-session,AdaBN
270,16,1,0.0003781830000093578,123,A03,cross-session,AdaBN
271,16,1,0.0003648650000229736,123,A03,cross-session,AdaBN
272,16,1,0.00038034700000366684,123,A03,cross-session,AdaBN
273,16,1,0.00034702099998185076,123,A03,cross-session,AdaBN
274,16,1,0.00037208500000929234,123,A03,cross-session,AdaBN
275,16,1,0.00037025500000709144,123,A03,cross-session,AdaBN
276,16,1,0.00034648299998707444,123,A03,cross-session,AdaBN
277,16,0,0.00036097099999210513,123,A03,cross-session,AdaBN
278,16,1,0.0003676389999895946,123,A03,cross-session,AdaBN
279,16,1,0.00037289100001203224,123,A03,cross-session,AdaBN
280,16,1,0.00039533000000346874,123,A03,cross-session,AdaBN
281,16,0,0.00035158400001478185,123,A03,cross-session,AdaBN
282,16,0,0.00036787300001606127,123,A03,cross-session,AdaBN
283,16,0,0.00037106399997810513,123,A03,cross-session,AdaBN
284,16,1,0.00035003600001459745,123,A03,cross-session,AdaBN
285,16,0,0.0003600089999906686,123,A03,cross-session,AdaBN
286,16,1,0.0003601839999873846,123,A03,cross-session,AdaBN
287,16,1,0.00035843599999907383,123,A03,cross-session,AdaBN
0,1,1,0.0005708729999867046,123,A04,cross-session,AdaBN
1,2,0,0.00047210500000005595,123,A04,cross-session,AdaBN
2,3,1,0.00046787600001607643,123,A04,cross-session,AdaBN
3,4,1,0.00048690400001305534,123,A04,cross-session,AdaBN
4,5,0,0.0005393819999994776,123,A04,cross-session,AdaBN
5,6,1,0.0004292449999923065,123,A04,cross-session,AdaBN
6,7,1,0.00047330499998565756,123,A04,cross-session,AdaBN
7,8,0,0.00044196100000704064,123,A04,cross-session,AdaBN
8,9,1,0.0004898619999949005,123,A04,cross-session,AdaBN
9,10,0,0.0004833410000060212,123,A04,cross-session,AdaBN
10,11,1,0.0004422570000031101,123,A04,cross-session,AdaBN
11,12,0,0.00048748099999329497,123,A04,cross-session,AdaBN
12,13,0,0.00044137500000829277,123,A04,cross-session,AdaBN
13,14,0,0.0005026059999977406,123,A04,cross-session,AdaBN
14,15,1,0.00048679700000775483,123,A04,cross-session,AdaBN
15,16,0,0.00043613099998651705,123,A04,cross-session,AdaBN
16,16,0,0.0004660409999814874,123,A04,cross-session,AdaBN
17,16,0,0.0004522110000095836,123,A04,cross-session,AdaBN
18,16,1,0.0004473900000050435,123,A04,cross-session,AdaBN
19,16,0,0.0004510559999744146,123,A04,cross-session,AdaBN
20,16,0,0.0004374189999793998,123,A04,cross-session,AdaBN
21,16,0,0.0004567100000087976,123,A04,cross-session,AdaBN
22,16,0,0.000474768000003678,123,A04,cross-session,AdaBN
23,16,1,0.0004562889999988329,123,A04,cross-session,AdaBN
24,16,1,0.0004507849999981772,123,A04,cross-session,AdaBN
25,16,0,0.0004906980000214389,123,A04,cross-session,AdaBN
26,16,0,0.0004665310000007139,123,A04,cross-session,AdaBN
27,16,0,0.0004536909999899308,123,A04,cross-session,AdaBN
28,16,1,0.0004437780000046132,123,A04,cross-session,AdaBN
29,16,0,0.00045377500001109183,123,A04,cross-session,AdaBN
30,16,0,0.0004439150000052905,123,A04,cross-session,AdaBN
31,16,1,0.0004498339999940981,123,A04,cross-session,AdaBN
32,16,1,0.0004990939999913735,123,A04,cross-session,AdaBN
33,16,0,0.0004055459999960931,123,A04,cross-session,AdaBN
34,16,1,0.0003917039999805638,123,A04,cross-session,AdaBN
35,16,1,0.00042853199997239244,123,A04,cross-session,AdaBN
36,16,1,0.00036146100001133163,123,A04,cross-session,AdaBN
37,16,0,0.0003890879999914887,123,A04,cross-session,AdaBN
38,16,1,0.0003575480000108655,123,A04,cross-session,AdaBN
39,16,1,0.0003946209999980965,123,A04,cross-session,AdaBN
40,16,1,0.0003895579999948495,123,A04,cross-session,AdaBN
41,16,0,0.0003605689999801598,123,A04,cross-session,AdaBN
42,16,1,0.00043292499998415224,123,A04,cross-session,AdaBN
43,16,0,0.0003854320000016287,123,A04,cross-session,AdaBN
44,16,1,0.00039593799999693147,123,A04,cross-session,AdaBN
45,16,1,0.0003844080000021677,123,A04,cross-session,AdaBN
46,16,0,0.0003576789999897301,123,A04,cross-session,AdaBN
47,16,0,0.000398552999996582,123,A04,cross-session,AdaBN
48,16,0,0.0003599080000071808,123,A04,cross-session,AdaBN
49,16,1,0.00037001600000508006,123,A04,cross-session,AdaBN
50,16,0,0.0003611760000126196,123,A04,cross-session,AdaBN
51,16,1,0.00036325400000691843,123,A04,cross-session,AdaBN
52,16,1,0.00039515099999221093,123,A04,cross-session,AdaBN
53,16,0,0.000357861999987108,123,A04,cross-session,AdaBN
54,16,1,0.00038404499997568564,123,A04,cross-session,AdaBN
55,16,1,0.00035159000000817286,123,A04,cross-session,AdaBN
56,16,0,0.0003989329999853908,123,A04,cross-session,AdaBN
57,16,0,0.0003714709999940169,123,A04,cross-session,AdaBN
58,16,1,0.00035728500000686836,123,A04,cross-session,AdaBN
59,16,0,0.00037197800000399184,123,A04,cross-session,AdaBN
60,16,0,0.0003813989999912337,123,A04,cross-session,AdaBN
61,16,1,0.0003617270000120243,123,A04,cross-session,AdaBN
62,16,0,0.00035977300001377444,123,A04,cross-session,AdaBN
63,16,1,0.000360986999993429,123,A04,cross-session,AdaBN
64,16,1,0.000385089000019434,123,A04,cross-session,AdaBN
65,16,1,0.00036761900000215064,123,A04,cross-session,AdaBN
66,16,1,0.00040866500000902306,123,A04,cross-session,AdaBN
67,16,0,0.00036705100001199753,123,A04,cross-session,AdaBN
68,16,1,0.000431853999998566,123,A04,cross-session,AdaBN
69,16,0,0.0004281590000232427,123,A04,cross-session,AdaBN
70,16,1,0.0003683690000002571,123,A04,cross-session,AdaBN
71,16,1,0.0003822609999986071,123,A04,cross-session,AdaBN
72,16,1,0.0003591220000203066,123,A04,cross-session,AdaBN
73,16,0,0.00039617199999497643,123,A04,cross-session,AdaBN
74,16,1,0.0003712269999880391,123,A04,cross-session,AdaBN
75,16,1,0.0003753409999944779,123,A04,cross-session,AdaBN
76,16,1,0.000380900999999767,123,A04,cross-session,AdaBN
77,16,1,0.0004159890000039468,123,A04,cross-session,AdaBN
78,16,0,0.00036896599999636237,123,A04,cross-session,AdaBN
79,16,1,0.0003576580000128615,123,A04,cross-session,AdaBN
80,16,1,0.0004170179999789525,123,A04,cross-session,AdaBN
81,16,0,0.00036266699999032426,123,A04,cross-session,AdaBN
82,16,0,0.0003649930000051427,123,A04,cross-session,AdaBN
83,16,0,0.0003765449999946213,123,A04,cross-session,AdaBN
84,16,0,0.0003545520000045599,123,A04,cross-session,AdaBN
85,16,0,0.0003632879999884153,123,A04,cross-session,AdaBN
86,16,0,0.00034641399997781264,123,A04,cross-session,AdaBN
87,16,0,0.0003651369999886356,123,A04,cross-session,AdaBN
88,16,1,0.00038992400001802707,123,A04,cross-session,AdaBN
89,16,0,0.00038615699997990305,123,A04,cross-session,AdaBN
90,16,0,0.00038302699999803735,123,A04,cross-session,AdaBN
91,16,0,0.00035658600000942897,123,A04,cross-session,AdaBN
92,16,0,0.00038925299998027185,123,A04,cross-session,AdaBN
93,16,0,0.0003904579999982616,123,A04,cross-session,AdaBN
94,16,1,0.0003508639999836305,123,A04,cross-session,AdaBN
95,16,0,0.0003671140000278683,123,A04,cross-session,AdaBN
96,16,0,0.0003862449999871842,123,A04,cross-session,AdaBN
97,16,1,0.00036698600001727755,123,A04,cross-session,AdaBN
98,16,1,0.0003609279999921,123,A04,cross-session,AdaBN
99,16,0,0.00034972800000332427,123,A04,cross-session,AdaBN
100,16,1,0.0003616870000087147,123,A04,cross-session,AdaBN
101,16,1,0.00038580000000365544,123,A04,cross-session,AdaBN
102,16,0,0.0003582070000049953,123,A04,cross-session,AdaBN
103,16,1,0.0003890909999881842,123,A04,cross-session,AdaBN
104,16,1,0.0003519969999956629,123,A04,cross-session,AdaBN
105,16,1,0.00035401399998136185,123,A04,cross-session,AdaBN
106,16,1,0.00038681500001302993,123,A04,cross-session,AdaBN
107,16,0,0.00035942400000976704,123,A04,cross-session,AdaBN
108,16,1,0.0003589209999859122,123,A04,cross-session,AdaBN
109,16,0,0.0003690529999857972,123,A04,cross-session,AdaBN
110,16,0,0.0003655560000197511,123,A04,cross-session,AdaBN
111,16,1,0.0003667610000093191,123,A04,cross-session,AdaBN
112,16,0,0.00035137099999360544,123,A04,cross-session,AdaBN
113,16,1,0.00035299199998917175,123,A04,cross-session,AdaBN
114,16,1,0.00036087500001258377,123,A04,cross-session,AdaBN
115,16,1,0.00035826299998120703,123,A04,cross-session,AdaBN
116,16,1,0.00036312499997848136,123,A04,cross-session,AdaBN
117,16,0,0.0003468630000043049,123,A04,cross-session,AdaBN
118,16,0,0.0003586430000268592,123,A04,cross-session,AdaBN
119,16,0,0.0003607069999986834,123,A04,cross-session,AdaBN
120,16,0,0.0003545980000012605,123,A04,cross-session,AdaBN
121,16,1,0.00035598400000935726,123,A04,cross-session,AdaBN
122,16,0,0.0003501280000079987,123,A04,cross-session,AdaBN
123,16,1,0.0003598399999873436,123,A04,cross-session,AdaBN
124,16,1,0.0003672279999875627,123,A04,cross-session,AdaBN
125,16,0,0.00036375400000565605,123,A04,cross-session,AdaBN
126,16,1,0.00035816100000829465,123,A04,cross-session,AdaBN
127,16,1,0.00035463800000457013,123,A04,cross-session,AdaBN
128,16,1,0.0003576580000128615,123,A04,cross-session,AdaBN
129,16,1,0.0003697899999792753,123,A04,cross-session,AdaBN
130,16,0,0.00036529499999460313,123,A04,cross-session,AdaBN
131,16,0,0.00036508700000581484,123,A04,cross-session,AdaBN
132,16,0,0.00035952500002167653,123,A04,cross-session,AdaBN
133,16,1,0.00035942499999919164,123,A04,cross-session,AdaBN
134,16,1,0.0003690400000095906,123,A04,cross-session,AdaBN
135,16,1,0.0003951440000093953,123,A04,cross-session,AdaBN
136,16,1,0.00035879600000043865,123,A04,cross-session,AdaBN
137,16,0,0.00035538699998483025,123,A04,cross-session,AdaBN
138,16,1,0.00036058999998545005,123,A04,cross-session,AdaBN
139,16,1,0.0003600750000032349,123,A04,cross-session,AdaBN
140,16,1,0.00034543400002462477,123,A04,cross-session,AdaBN
141,16,1,0.0003685480000115149,123,A04,cross-session,AdaBN
142,16,0,0.00038444099999424,123,A04,cross-session,AdaBN
143,16,1,0.0003874699999926179,123,A04,cross-session,AdaBN
144,16,1,0.0003630639999983032,123,A04,cross-session,AdaBN
145,16,1,0.000356078999999454,123,A04,cross-session,AdaBN
146,16,1,0.0003530479999938052,123,A04,cross-session,AdaBN
147,16,0,0.0003551270000059503,123,A04,cross-session,AdaBN
148,16,0,0.00035425400000121954,123,A04,cross-session,AdaBN
149,16,0,0.00037557199999582735,123,A04,cross-session,AdaBN
150,16,0,0.0003572639999731564,123,A04,cross-session,AdaBN
151,16,1,0.00035062800000673633,123,A04,cross-session,AdaBN
152,16,0,0.0003692209999996976,123,A04,cross-session,AdaBN
153,16,0,0.0003712559999939913,123,A04,cross-session,AdaBN
154,16,1,0.0003728469999941808,123,A04,cross-session,AdaBN
155,16,1,0.0003602489999821046,123,A04,cross-session,AdaBN
156,16,0,0.0003494259999854421,123,A04,cross-session,AdaBN
157,16,0,0.0003662010000198279,123,A04,cross-session,AdaBN
158,16,0,0.00035439399999859234,123,A04,cross-session,AdaBN
159,16,1,0.00035475799998607727,123,A04,cross-session,AdaBN
160,16,0,0.0003603689999920334,123,A04,cross-session,AdaBN
161,16,0,0.0003520669999943493,123,A04,cross-session,AdaBN
162,16,0,0.00036980600000902086,123,A04,cross-session,AdaBN
163,16,0,0.0003559959999961393,123,A04,cross-session,AdaBN
164,16,1,0.00034814599999322127,123,A04,cross-session,AdaBN
165,16,1,0.0003697549999799321,123,A04,cross-session,AdaBN
166,16,0,0.00035373899999058267,123,A04,cross-session,AdaBN
167,16,1,0.00035608999999681146,123,A04,cross-session,AdaBN
168,16,1,0.0003536889999793402,123,A04,cross-session,AdaBN
169,16,1,0.00035225800002081087,123,A04,cross-session,AdaBN
170,16,0,0.0003530819999753021,123,A04,cross-session,AdaBN
171,16,1,0.0003449140000100215,123,A04,cross-session,AdaBN
172,16,0,0.00036108399999079666,123,A04,cross-session,AdaBN
173,16,1,0.0003552230000138934,123,A04,cross-session,AdaBN
174,16,0,0.0003509610000094199,123,A04,cross-session,AdaBN
175,16,1,0.000354589000011174,123,A04,cross-session,AdaBN
176,16,1,0.0003673260000027767,123,A04,cross-session,AdaBN
177,16,0,0.0003606770000033066,123,A04,cross-session,AdaBN
178,16,0,0.00039427699999805554,123,A04,cross-session,AdaBN
179,16,1,0.000367714999981672,123,A04,cross-session,AdaBN
180,16,1,0.0003520669999943493,123,A04,cross-session,AdaBN
181,16,0,0.0003743929999870943,123,A04,cross-session,AdaBN
182,16,0,0.0003460890000042127,123,A04,cross-session,AdaBN
183,16,1,0.00039384900000527523,123,A04,cross-session,AdaBN
184,16,0,0.0003599350000058621,123,A04,cross-session,AdaBN
185,16,0,0.0003938669999854483,123,A04,cross-session,AdaBN
186,16,0,0.0003678930000035052,123,A04,cross-session,AdaBN
187,16,1,0.0003594069999905969,123,A04,cross-session,AdaBN
188,16,1,0.00036090099999341874,123,A04,cross-session,AdaBN
189,16,1,0.00038299100000926956,123,A04,cross-session,AdaBN
190,16,0,0.00035517799997819566,123,A04,cross-session,AdaBN
191,16,0,0.00036370899999838,123,A04,cross-session,AdaBN
192,16,0,0.0003843129999836492,123,A04,cross-session,AdaBN
193,16,1,0.0003637069999911091,123,A04,cross-session,AdaBN
194,16,1,0.0004105769999966924,123,A04,cross-session,AdaBN
195,16,0,0.00036786799998367314,123,A04,cross-session,AdaBN
196,16,0,0.0003592779999905815,123,A04,cross-session,AdaBN
197,16,0,0.0003960430000233828,123,A04,cross-session,AdaBN
198,16,0,0.0003585590000056982,123,A04,cross-session,AdaBN
199,16,0,0.00037877400001207207,123,A04,cross-session,AdaBN
200,16,0,0.000374627000013561,123,A04,cross-session,AdaBN
201,16,0,0.0003631050000194591,123,A04,cross-session,AdaBN
202,16,0,0.00039627699999300603,123,A04,cross-session,AdaBN
203,16,0,0.0003589149999925212,123,A04,cross-session,AdaBN
204,16,0,0.0003581199999871387,123,A04,cross-session,AdaBN
205,16,1,0.0003904719999923145,123,A04,cross-session,AdaBN
206,16,0,0.0003483989999892856,123,A04,cross-session,AdaBN
207,16,0,0.0003645529999971586,123,A04,cross-session,AdaBN
208,16,1,0.00036886099999833277,123,A04,cross-session,AdaBN
209,16,1,0.0003500269999960892,123,A04,cross-session,AdaBN
210,16,1,0.00036474300000577387,123,A04,cross-session,AdaBN
211,16,0,0.0003569540000114557,123,A04,cross-session,AdaBN
212,16,1,0.00035390200000051664,123,A04,cross-session,AdaBN
213,16,1,0.0003672499999822776,123,A04,cross-session,AdaBN
214,16,1,0.00035949499999787804,123,A04,cross-session,AdaBN
215,16,1,0.00035381099999654,123,A04,cross-session,AdaBN
216,16,1,0.00035285600000634076,123,A04,cross-session,AdaBN
217,16,1,0.0003491850000045815,123,A04,cross-session,AdaBN
218,16,1,0.000361491999996133,123,A04,cross-session,AdaBN
219,16,0,0.00034469700000272496,123,A04,cross-session,AdaBN
220,16,1,0.00037880400000744885,123,A04,cross-session,AdaBN
221,16,0,0.00038162399999919216,123,A04,cross-session,AdaBN
222,16,1,0.00035661399999753485,123,A04,cross-session,AdaBN
223,16,1,0.00036182099998427475,123,A04,cross-session,AdaBN
224,16,1,0.00036350999999967826,123,A04,cross-session,AdaBN
225,16,1,0.0003507549999994808,123,A04,cross-session,AdaBN
226,16,0,0.0003579360000003362,123,A04,cross-session,AdaBN
227,16,0,0.00035137399999030094,123,A04,cross-session,AdaBN
228,16,0,0.0003507909999882486,123,A04,cross-session,AdaBN
229,16,0,0.0003766149999933077,123,A04,cross-session,AdaBN
230,16,0,0.0003531549999991057,123,A04,cross-session,AdaBN
231,16,1,0.0004004099999974642,123,A04,cross-session,AdaBN
232,16,0,0.0003686609999817847,123,A04,cross-session,AdaBN
233,16,1,0.000353402000001779,123,A04,cross-session,AdaBN
234,16,1,0.000385289999996985,123,A04,cross-session,AdaBN
235,16,1,0.00036031400000524627,123,A04,cross-session,AdaBN
236,16,1,0.0003647489999991649,123,A04,cross-session,AdaBN
237,16,0,0.0003542809999999008,123,A04,cross-session,AdaBN
238,16,1,0.0003474490000030528,123,A04,cross-session,AdaBN
239,16,0,0.00035769500001947563,123,A04,cross-session,AdaBN
240,16,1,0.00034548100001075,123,A04,cross-session,AdaBN
241,16,1,0.0003570150000200556,123,A04,cross-session,AdaBN
242,16,0,0.00035802200000034645,123,A04,cross-session,AdaBN
243,16,1,0.00034821200000578756,123,A04,cross-session,AdaBN
244,16,0,0.00035208299999567316,123,A04,cross-session,AdaBN
245,16,1,0.0003731989999948837,123,A04,cross-session,AdaBN
246,16,1,0.00034627499999828615,123,A04,cross-session,AdaBN
247,16,0,0.00038250299999731396,123,A04,cross-session,AdaBN
248,16,0,0.0003538869999886174,123,A04,cross-session,AdaBN
249,16,1,0.0003620820000094227,123,A04,cross-session,AdaBN
250,16,0,0.0003817719999972269,123,A04,cross-session,AdaBN
251,16,0,0.000356208999988894,123,A04,cross-session,AdaBN
252,16,1,0.0003538830000024973,123,A04,cross-session,AdaBN
253,16,0,0.0003741700000148285,123,A04,cross-session,AdaBN
254,16,0,0.0003503660000205855,123,A04,cross-session,AdaBN
255,16,0,0.0003672580000113612,123,A04,cross-session,AdaBN
256,16,1,0.0003556229999901461,123,A04,cross-session,AdaBN
257,16,0,0.0003653519999886612,123,A04,cross-session,AdaBN
258,16,1,0.00035866399997530607,123,A04,cross-session,AdaBN
259,16,0,0.0003594160000091051,123,A04,cross-session,AdaBN
260,16,1,0.00036080699999274657,123,A04,cross-session,AdaBN
261,16,1,0.00036358599999175567,123,A04,cross-session,AdaBN
262,16,0,0.00034852599998203004,123,A04,cross-session,AdaBN
263,16,0,0.0003490050000038991,123,A04,cross-session,AdaBN
264,16,1,0.0003649630000097659,123,A04,cross-session,AdaBN
265,16,1,0.00035305799997331633,123,A04,cross-session,AdaBN
266,16,0,0.00036305099999367485,123,A04,cross-session,AdaBN
267,16,0,0.000356248000002779,123,A04,cross-session,AdaBN
268,16,1,0.00036132299999280804,123,A04,cross-session,AdaBN
269,16,0,0.0003841269999895758,123,A04,cross-session,AdaBN
270,16,0,0.00036066699999537377,123,A04,cross-session,AdaBN
271,16,1,0.00036309399999367997,123,A04,cross-session,AdaBN
272,16,0,0.0003820210000071711,123,A04,cross-session,AdaBN
273,16,1,0.0003556430000060118,123,A04,cross-session,AdaBN
274,16,0,0.0003577640000003157,123,A04,cross-session,AdaBN
275,16,0,0.00037434699999039367,123,A04,cross-session,AdaBN
276,16,0,0.0003556030000027022,123,A04,cross-session,AdaBN
277,16,1,0.00035928299999454794,123,A04,cross-session,AdaBN
278,16,0,0.0003565349999803402,123,A04,cross-session,AdaBN
279,16,1,0.00036058500000990534,123,A04,cross-session,AdaBN
280,16,0,0.00036325699997519223,123,A04,cross-session,AdaBN
281,16,1,0.00035527299999671413,123,A04,cross-session,AdaBN
282,16,0,0.00036156500001993663,123,A04,cross-session,AdaBN
283,16,0,0.00035727800002405274,123,A04,cross-session,AdaBN
284,16,0,0.0003542710000203897,123,A04,cross-session,AdaBN
285,16,0,0.00035422700000253826,123,A04,cross-session,AdaBN
286,16,0,0.0003679499999975633,123,A04,cross-session,AdaBN
287,16,1,0.0003565610000180186,123,A04,cross-session,AdaBN
0,1,0,0.000558900000015683,123,A05,cross-session,AdaBN
1,2,0,0.0004802189999963957,123,A05,cross-session,AdaBN
2,3,1,0.0005285579999849688,123,A05,cross-session,AdaBN
3,4,1,0.0005059799999855841,123,A05,cross-session,AdaBN
4,5,0,0.0004734210000094663,123,A05,cross-session,AdaBN
5,6,1,0.00045174799998903836,123,A05,cross-session,AdaBN
6,7,0,0.00044970600001192906,123,A05,cross-session,AdaBN
7,8,1,0.000484750999987682,123,A05,cross-session,AdaBN
8,9,1,0.000492431999987275,123,A05,cross-session,AdaBN
9,10,0,0.0004687189999970087,123,A05,cross-session,AdaBN
10,11,0,0.00045178699997450167,123,A05,cross-session,AdaBN
11,12,0,0.0004506260000027851,123,A05,cross-session,AdaBN
12,13,0,0.00042153100000064114,123,A05,cross-session,AdaBN
13,14,0,0.0004393879999895489,123,A05,cross-session,AdaBN
14,15,1,0.00043303200001787445,123,A05,cross-session,AdaBN
15,16,0,0.0004443360000152552,123,A05,cross-session,AdaBN
16,16,1,0.0004474360000017441,123,A05,cross-session,AdaBN
17,16,0,0.0004233129999988705,123,A05,cross-session,AdaBN
18,16,0,0.0004346960000134459,123,A05,cross-session,AdaBN
19,16,1,0.00043468900000220856,123,A05,cross-session,AdaBN
20,16,0,0.0004331259999901249,123,A05,cross-session,AdaBN
21,16,0,0.00043669600000839637,123,A05,cross-session,AdaBN
22,16,0,0.00042639099999064456,123,A05,cross-session,AdaBN
23,16,0,0.00043338800000469746,123,A05,cross-session,AdaBN
24,16,0,0.000439483999997492,123,A05,cross-session,AdaBN
25,16,0,0.000424672000008286,123,A05,cross-session,AdaBN
26,16,0,0.0004416699999865159,123,A05,cross-session,AdaBN
27,16,0,0.0004450889999816354,123,A05,cross-session,AdaBN
28,16,0,0.0004305269999917982,123,A05,cross-session,AdaBN
29,16,0,0.0004352960000062467,123,A05,cross-session,AdaBN
30,16,0,0.00043011799999703726,123,A05,cross-session,AdaBN
31,16,0,0.0004270800000085728,123,A05,cross-session,AdaBN
32,16,0,0.0004530540000189376,123,A05,cross-session,AdaBN
33,16,0,0.00037831599999549326,123,A05,cross-session,AdaBN
34,16,1,0.00038418000002593544,123,A05,cross-session,AdaBN
35,16,0,0.00041517500000054497,123,A05,cross-session,AdaBN
36,16,0,0.0003623329999982161,123,A05,cross-session,AdaBN
37,16,0,0.0003617570000074011,123,A05,cross-session,AdaBN
38,16,0,0.0003574719999903664,123,A05,cross-session,AdaBN
39,16,0,0.0003622689999929207,123,A05,cross-session,AdaBN
40,16,1,0.00036925799997789,123,A05,cross-session,AdaBN
41,16,0,0.0003522049999844512,123,A05,cross-session,AdaBN
42,16,0,0.00037338900000349895,123,A05,cross-session,AdaBN
43,16,0,0.00036203499999487576,123,A05,cross-session,AdaBN
44,16,1,0.0003533870000183015,123,A05,cross-session,AdaBN
45,16,1,0.0003622689999929207,123,A05,cross-session,AdaBN
46,16,0,0.0003583139999818741,123,A05,cross-session,AdaBN
47,16,1,0.0003654180000012275,123,A05,cross-session,AdaBN
48,16,0,0.0003709869999966031,123,A05,cross-session,AdaBN
49,16,0,0.0003607070000271051,123,A05,cross-session,AdaBN
50,16,0,0.00035408100001177445,123,A05,cross-session,AdaBN
51,16,0,0.00038598000000433785,123,A05,cross-session,AdaBN
52,16,0,0.0003739990000042326,123,A05,cross-session,AdaBN
53,16,0,0.0003670459999796094,123,A05,cross-session,AdaBN
54,16,0,0.00037800100000140446,123,A05,cross-session,AdaBN
55,16,1,0.00035977599998204823,123,A05,cross-session,AdaBN
56,16,0,0.000366193000019166,123,A05,cross-session,AdaBN
57,16,0,0.00036294599999564525,123,A05,cross-session,AdaBN
58,16,1,0.00037296100001071864,123,A05,cross-session,AdaBN
59,16,0,0.00036540000002105444,123,A05,cross-session,AdaBN
60,16,0,0.00038024399998448644,123,A05,cross-session,AdaBN
61,16,0,0.00037894400000482165,123,A05,cross-session,AdaBN
62,16,1,0.0003571900000167716,123,A05,cross-session,AdaBN
63,16,0,0.0003837919999796213,123,A05,cross-session,AdaBN
64,16,0,0.00035675800000944946,123,A05,cross-session,AdaBN
65,16,0,0.00036656599999673745,123,A05,cross-session,AdaBN
66,16,0,0.0003670730000067124,123,A05,cross-session,AdaBN
67,16,0,0.000357478999973182,123,A05,cross-session,AdaBN
68,16,0,0.0003608810000059748,123,A05,cross-session,AdaBN
69,16,1,0.0003645040000037625,123,A05,cross-session,AdaBN
70,16,0,0.0003866749999872354,123,A05,cross-session,AdaBN
71,16,1,0.00035548300002119504,123,A05,cross-session,AdaBN
72,16,0,0.00039335700000719953,123,A05,cross-session,AdaBN
73,16,1,0.0003647169999965172,123,A05,cross-session,AdaBN
74,16,0,0.00036017000002175337,123,A05,cross-session,AdaBN
75,16,0,0.000357122999986359,123,A05,cross-session,AdaBN
76,16,0,0.00035633600001006016,123,A05,cross-session,AdaBN
77,16,1,0.0003673900000080721,123,A05,cross-session,AdaBN
78,16,1,0.0003580799999838291,123,A05,cross-session,AdaBN
79,16,0,0.00036536300001444033,123,A05,cross-session,AdaBN
80,16,0,0.0003479720000143516,123,A05,cross-session,AdaBN
81,16,0,0.0003614430000027369,123,A05,cross-session,AdaBN
82,16,0,0.00036979500001166343,123,A05,cross-session,AdaBN
83,16,0,0.00035038799998687864,123,A05,cross-session,AdaBN
84,16,0,0.0004132779999963532,123,A05,cross-session,AdaBN
85,16,0,0.00036051699999006814,123,A05,cross-session,AdaBN
86,16,0,0.0003519569999923533,123,A05,cross-session,AdaBN
87,16,1,0.0003705640000077892,123,A05,cross-session,AdaBN
88,16,1,0.0003741520000062337,123,A05,cross-session,AdaBN
89,16,0,0.0003724979999901734,123,A05,cross-session,AdaBN
90,16,0,0.0003585350000037124,123,A05,cross-session,AdaBN
91,16,0,0.00035429399997610744,123,A05,cross-session,AdaBN
92,16,0,0.00037630899998930545,123,A05,cross-session,AdaBN
93,16,0,0.0003596909999998843,123,A05,cross-session,AdaBN
94,16,0,0.00039745000000834807,123,A05,cross-session,AdaBN
95,16,0,0.0004218380000224897,123,A05,cross-session,AdaBN
96,16,0,0.00039547500000480795,123,A05,cross-session,AdaBN
97,16,1,0.00039684500001158085,123,A05,cross-session,AdaBN
98,16,1,0.0003524470000115798,123,A05,cross-session,AdaBN
99,16,0,0.0003921180000077129,123,A05,cross-session,AdaBN
100,16,0,0.00037985499997716943,123,A05,cross-session,AdaBN
101,16,1,0.00037036900002362927,123,A05,cross-session,AdaBN
102,16,0,0.0003840919999902326,123,A05,cross-session,AdaBN
103,16,0,0.0003634899999838126,123,A05,cross-session,AdaBN
104,16,0,0.00036701999999877444,123,A05,cross-session,AdaBN
105,16,0,0.00037155900000129805,123,A05,cross-session,AdaBN
106,16,0,0.0003643029999977898,123,A05,cross-session,AdaBN
107,16,0,0.0003803339999990385,123,A05,cross-session,AdaBN
108,16,0,0.00038257399998542496,123,A05,cross-session,AdaBN
109,16,1,0.00039733400001296104,123,A05,cross-session,AdaBN
110,16,0,0.00040560700000469296,123,A05,cross-session,AdaBN
111,16,1,0.0003532220000010966,123,A05,cross-session,AdaBN
112,16,0,0.00037415500000292923,123,A05,cross-session,AdaBN
113,16,0,0.00036098199998946257,123,A05,cross-session,AdaBN
114,16,0,0.0003551229999914085,123,A05,cross-session,AdaBN
115,16,1,0.0003671159999782958,123,A05,cross-session,AdaBN
116,16,1,0.0003530090000083419,123,A05,cross-session,AdaBN
117,16,0,0.00039008699999953933,123,A05,cross-session,AdaBN
118,16,0,0.00040908699997999065,123,A05,cross-session,AdaBN
119,16,1,0.0003641200000004119,123,A05,cross-session,AdaBN
120,16,0,0.00036041600000658036,123,A05,cross-session,AdaBN
121,16,0,0.00035714499998107385,123,A05,cross-session,AdaBN
122,16,0,0.00036072400001785354,123,A05,cross-session,AdaBN
123,16,0,0.0003826659999788262,123,A05,cross-session,AdaBN
124,16,0,0.00037704799999005445,123,A05,cross-session,AdaBN
125,16,1,0.0003580430000056367,123,A05,cross-session,AdaBN
126,16,0,0.0003594810000038251,123,A05,cross-session,AdaBN
127,16,0,0.00034754099999645405,123,A05,cross-session,AdaBN
128,16,1,0.00035711299997842616,123,A05,cross-session,AdaBN
129,16,0,0.0003674950000061017,123,A05,cross-session,AdaBN
130,16,0,0.0003523409999957039,123,A05,cross-session,AdaBN
131,16,0,0.00035384399998861227,123,A05,cross-session,AdaBN
132,16,0,0.00035580800002321666,123,A05,cross-session,AdaBN
133,16,0,0.0003536030000077517,123,A05,cross-session,AdaBN
134,16,0,0.0003847250000035274,123,A05,cross-session,AdaBN
135,16,1,0.00035629100000278413,123,A05,cross-session,AdaBN
136,16,0,0.00040088200000809593,123,A05,cross-session,AdaBN
137,16,0,0.00038256299998806753,123,A05,cross-session,AdaBN
138,16,1,0.0003505470000106925,123,A05,cross-session,AdaBN
139,16,1,0.00036160899998094465,123,A05,cross-session,AdaBN
140,16,0,0.000357680999997001,123,A05,cross-session,AdaBN
141,16,0,0.0003722400000185644,123,A05,cross-session,AdaBN
142,16,0,0.00036723499999880005,123,A05,cross-session,AdaBN
143,16,1,0.0003496669999947244,123,A05,cross-session,AdaBN
144,16,0,0.0003559920000100192,123,A05,cross-session,AdaBN
145,16,0,0.00037022799997998845,123,A05,cross-session,AdaBN
146,16,0,0.0003494899999907375,123,A05,cross-session,AdaBN
147,16,0,0.00039951700000528945,123,A05,cross-session,AdaBN
148,16,1,0.00039755599999580227,123,A05,cross-session,AdaBN
149,16,1,0.0003652450000117824,123,A05,cross-session,AdaBN
150,16,0,0.0004034380000064175,123,A05,cross-session,AdaBN
151,16,0,0.00039881000000718814,123,A05,cross-session,AdaBN
152,16,0,0.0004014789999757795,123,A05,cross-session,AdaBN
153,16,1,0.0003695430000050237,123,A05,cross-session,AdaBN
154,16,1,0.00035278600000765437,123,A05,cross-session,AdaBN
155,16,0,0.000371897000007948,123,A05,cross-session,AdaBN
156,16,0,0.00038454099998830316,123,A05,cross-session,AdaBN
157,16,0,0.0003497300000105952,123,A05,cross-session,AdaBN
158,16,1,0.0004006350000054226,123,A05,cross-session,AdaBN
159,16,0,0.0003617719999908786,123,A05,cross-session,AdaBN
160,16,0,0.0003645199999766646,123,A05,cross-session,AdaBN
161,16,1,0.0003914190000102735,123,A05,cross-session,AdaBN
162,16,0,0.00039568099998632533,123,A05,cross-session,AdaBN
163,16,0,0.00036952499999642896,123,A05,cross-session,AdaBN
164,16,1,0.00038569000000165943,123,A05,cross-session,AdaBN
165,16,0,0.00036772600000745115,123,A05,cross-session,AdaBN
166,16,0,0.000359833000004528,123,A05,cross-session,AdaBN
167,16,0,0.0003807500000050368,123,A05,cross-session,AdaBN
168,16,1,0.0003489590000071985,123,A05,cross-session,AdaBN
169,16,0,0.00036916000001951943,123,A05,cross-session,AdaBN
170,16,1,0.0003518219999989469,123,A05,cross-session,AdaBN
171,16,1,0.0003654289999985849,123,A05,cross-session,AdaBN
172,16,0,0.00039627500001415683,123,A05,cross-session,AdaBN
173,16,1,0.00039115399999900546,123,A05,cross-session,AdaBN
174,16,0,0.00035756899998773406,123,A05,cross-session,AdaBN
175,16,1,0.00035507300000858777,123,A05,cross-session,AdaBN
176,16,0,0.0003517179999903419,123,A05,cross-session,AdaBN
177,16,0,0.0003911750000042957,123,A05,cross-session,AdaBN
178,16,0,0.0003641170000037164,123,A05,cross-session,AdaBN
179,16,1,0.00038485099997842553,123,A05,cross-session,AdaBN
180,16,0,0.0003712609999979577,123,A05,cross-session,AdaBN
181,16,1,0.0003752629999951296,123,A05,cross-session,AdaBN
182,16,1,0.0003680590000101347,123,A05,cross-session,AdaBN
183,16,0,0.0003601870000125018,123,A05,cross-session,AdaBN
184,16,1,0.00036111200000732424,123,A05,cross-session,AdaBN
185,16,0,0.0003629250000187767,123,A05,cross-session,AdaBN
186,16,0,0.00035771399998907327,123,A05,cross-session,AdaBN
187,16,0,0.0003890610000212291,123,A05,cross-session,AdaBN
188,16,0,0.0003972519999990709,123,A05,cross-session,AdaBN
189,16,0,0.0003613399999835565,123,A05,cross-session,AdaBN
190,16,0,0.00036949200000435667,123,A05,cross-session,AdaBN
191,16,0,0.0003895510000120339,123,A05,cross-session,AdaBN
192,16,0,0.000348223000003145,123,A05,cross-session,AdaBN
193,16,0,0.0003759820000084346,123,A05,cross-session,AdaBN
194,16,0,0.00038458199998103737,123,A05,cross-session,AdaBN
195,16,1,0.0003675030000067636,123,A05,cross-session,AdaBN
196,16,0,0.0003645790000064153,123,A05,cross-session,AdaBN
197,16,0,0.00035242300000959403,123,A05,cross-session,AdaBN
198,16,1,0.00036357299998712733,123,A05,cross-session,AdaBN
199,16,0,0.0003822649999847272,123,A05,cross-session,AdaBN
200,16,0,0.00036381600000368053,123,A05,cross-session,AdaBN
201,16,1,0.00035207000001946653,123,A05,cross-session,AdaBN
202,16,0,0.0003743490000260863,123,A05,cross-session,AdaBN
203,16,1,0.0003564250000067659,123,A05,cross-session,AdaBN
204,16,1,0.0003640109999878405,123,A05,cross-session,AdaBN
205,16,0,0.00035581099999149046,123,A05,cross-session,AdaBN
206,16,1,0.0003879299999880459,123,A05,cross-session,AdaBN
207,16,0,0.0003968359999930726,123,A05,cross-session,AdaBN
208,16,0,0.0003651110000078006,123,A05,cross-session,AdaBN
209,16,0,0.00036695999997959916,123,A05,cross-session,AdaBN
210,16,1,0.00036386100001095656,123,A05,cross-session,AdaBN
211,16,0,0.0003497019999940676,123,A05,cross-session,AdaBN
212,16,0,0.0003565229999935582,123,A05,cross-session,AdaBN
213,16,1,0.0003628970000022491,123,A05,cross-session,AdaBN
214,16,0,0.00035042000001794804,123,A05,cross-session,AdaBN
215,16,0,0.0003653870000164261,123,A05,cross-session,AdaBN
216,16,1,0.0003567809999935889,123,A05,cross-session,AdaBN
217,16,1,0.00036889500000825137,123,A05,cross-session,AdaBN
218,16,0,0.00035760200000822806,123,A05,cross-session,AdaBN
219,16,1,0.00036209799998232484,123,A05,cross-session,AdaBN
220,16,0,0.00037838200000805955,123,A05,cross-session,AdaBN
221,16,0,0.000356098999986898,123,A05,cross-session,AdaBN
222,16,0,0.0003781190000040624,123,A05,cross-session,AdaBN
223,16,0,0.00037781699998618024,123,A05,cross-session,AdaBN
224,16,1,0.00035859100000834587,123,A05,cross-session,AdaBN
225,16,0,0.00036428599997861966,123,A05,cross-session,AdaBN
226,16,1,0.00036203300001602656,123,A05,cross-session,AdaBN
227,16,0,0.0003590249999945172,123,A05,cross-session,AdaBN
228,16,0,0.0004094100000031631,123,A05,cross-session,AdaBN
229,16,0,0.00039533099999289334,123,A05,cross-session,AdaBN
230,16,0,0.0003597919999833721,123,A05,cross-session,AdaBN
231,16,0,0.00037652500000717737,123,A05,cross-session,AdaBN
232,16,0,0.00035232199999768454,123,A05,cross-session,AdaBN
233,16,0,0.000360084999982746,123,A05,cross-session,AdaBN
234,16,0,0.00036237800000549214,123,A05,cross-session,AdaBN
235,16,0,0.0003491859999940061,123,A05,cross-session,AdaBN
236,16,0,0.00036059499998941646,123,A05,cross-session,AdaBN
237,16,0,0.000363308000004281,123,A05,cross-session,AdaBN
238,16,0,0.0003604910000092332,123,A05,cross-session,AdaBN
239,16,1,0.00036768400002529233,123,A05,cross-session,AdaBN
240,16,0,0.0003771049999841125,123,A05,cross-session,AdaBN
241,16,1,0.00035070799998493385,123,A05,cross-session,AdaBN
242,16,0,0.00036370899999838,123,A05,cross-session,AdaBN
243,16,0,0.0003515960000015639,123,A05,cross-session,AdaBN
244,16,1,0.0003575110000042514,123,A05,cross-session,AdaBN
245,16,0,0.00035436199999594464,123,A05,cross-session,AdaBN
246,16,0,0.0003577580000069247,123,A05,cross-session,AdaBN
247,16,0,0.0003511400000206777,123,A05,cross-session,AdaBN
248,16,0,0.0003648359999885997,123,A05,cross-session,AdaBN
249,16,1,0.00035952799998995033,123,A05,cross-session,AdaBN
250,16,0,0.0003580380000016703,123,A05,cross-session,AdaBN
251,16,1,0.00034307399999988775,123,A05,cross-session,AdaBN
252,16,1,0.00036425000001827357,123,A05,cross-session,AdaBN
253,16,1,0.0003574680000042463,123,A05,cross-session,AdaBN
254,16,0,0.00034948299997950016,123,A05,cross-session,AdaBN
255,16,0,0.0003659159999926942,123,A05,cross-session,AdaBN
256,16,0,0.0003571299999975963,123,A05,cross-session,AdaBN
257,16,0,0.0003653939999992417,123,A05,cross-session,AdaBN
258,16,0,0.0003813589999879241,123,A05,cross-session,AdaBN
259,16,1,0.00034901500001183194,123,A05,cross-session,AdaBN
260,16,1,0.00036030800001185526,123,A05,cross-session,AdaBN
261,16,1,0.0003591619999951945,123,A05,cross-session,AdaBN
262,16,1,0.00034684399997786386,123,A05,cross-session,AdaBN
263,16,0,0.0003810729999997875,123,A05,cross-session,AdaBN
264,16,0,0.00036529400000517853,123,A05,cross-session,AdaBN
265,16,1,0.00035731699998109434,123,A05,cross-session,AdaBN
266,16,0,0.00035597300001199983,123,A05,cross-session,AdaBN
267,16,0,0.0003607490000092639,123,A05,cross-session,AdaBN
268,16,0,0.0003582200000096236,123,A05,cross-session,AdaBN
269,16,0,0.00036547900000982736,123,A05,cross-session,AdaBN
270,16,0,0.0003491109999913533,123,A05,cross-session,AdaBN
271,16,0,0.0003585020000116401,123,A05,cross-session,AdaBN
272,16,0,0.00039349700000457233,123,A05,cross-session,AdaBN
273,16,1,0.00037226500000997476,123,A05,cross-session,AdaBN
274,16,0,0.00036490900001240334,123,A05,cross-session,AdaBN
275,16,1,0.0003698120000024119,123,A05,cross-session,AdaBN
276,16,0,0.00035173399999166577,123,A05,cross-session,AdaBN
277,16,0,0.000349066000012499,123,A05,cross-session,AdaBN
278,16,0,0.0003663699999947312,123,A05,cross-session,AdaBN
279,16,0,0.0003545250000058786,123,A05,cross-session,AdaBN
280,16,0,0.0003597330000104648,123,A05,cross-session,AdaBN
281,16,0,0.0003543039999840403,123,A05,cross-session,AdaBN
282,16,1,0.0003595430000018496,123,A05,cross-session,AdaBN
283,16,0,0.0003702029999885781,123,A05,cross-session,AdaBN
284,16,0,0.0003486249999866686,123,A05,cross-session,AdaBN
285,16,1,0.000353861999997207,123,A05,cross-session,AdaBN
286,16,0,0.0003580320000082793,123,A05,cross-session,AdaBN
287,16,0,0.0003464369999903738,123,A05,cross-session,AdaBN
0,1,1,0.0005776419999961036,123,A06,cross-session,AdaBN
1,2,0,0.000476725999988048,123,A06,cross-session,AdaBN
2,3,0,0.00047511799999711,123,A06,cross-session,AdaBN
3,4,1,0.00044763400001102127,123,A06,cross-session,AdaBN
4,5,0,0.0004770879999966837,123,A06,cross-session,AdaBN
5,6,1,0.0004225069999961306,123,A06,cross-session,AdaBN
6,7,1,0.0004440149999993537,123,A06,cross-session,AdaBN
7,8,0,0.00043644900000572306,123,A06,cross-session,AdaBN
8,9,1,0.00041739399998164117,123,A06,cross-session,AdaBN
9,10,1,0.0004600309999887031,123,A06,cross-session,AdaBN
10,11,1,0.00041260500000817046,123,A06,cross-session,AdaBN
11,12,0,0.00042291399998362067,123,A06,cross-session,AdaBN
12,13,1,0.00044869099997413286,123,A06,cross-session,AdaBN
13,14,1,0.0004374899999959325,123,A06,cross-session,AdaBN
14,15,1,0.00044291599999723985,123,A06,cross-session,AdaBN
15,16,1,0.00043795599998475154,123,A06,cross-session,AdaBN
16,16,0,0.00043395500000542597,123,A06,cross-session,AdaBN
17,16,0,0.00043215499999860185,123,A06,cross-session,AdaBN
18,16,1,0.0004353429999923719,123,A06,cross-session,AdaBN
19,16,1,0.0004362949999858756,123,A06,cross-session,AdaBN
20,16,1,0.000437156999993249,123,A06,cross-session,AdaBN
21,16,1,0.00044316800000387957,123,A06,cross-session,AdaBN
22,16,0,0.0004475329999991118,123,A06,cross-session,AdaBN
23,16,0,0.00042729300000132753,123,A06,cross-session,AdaBN
24,16,0,0.0004392680000080418,123,A06,cross-session,AdaBN
25,16,1,0.00044875099999330814,123,A06,cross-session,AdaBN
26,16,1,0.00044069500000887274,123,A06,cross-session,AdaBN
27,16,0,0.0004443340000079843,123,A06,cross-session,AdaBN
28,16,0,0.00044508999999948173,123,A06,cross-session,AdaBN
29,16,0,0.0004417780000096627,123,A06,cross-session,AdaBN
30,16,1,0.0004435240000191243,123,A06,cross-session,AdaBN
31,16,0,0.00043998999998962063,123,A06,cross-session,AdaBN
32,16,1,0.00043960300001799624,123,A06,cross-session,AdaBN
33,16,1,0.00045268900001360635,123,A06,cross-session,AdaBN
34,16,1,0.0004036429999985103,123,A06,cross-session,AdaBN
35,16,1,0.00041828800002008393,123,A06,cross-session,AdaBN
36,16,1,0.00043791999999598374,123,A06,cross-session,AdaBN
37,16,1,0.000365635000008524,123,A06,cross-session,AdaBN
38,16,1,0.00037799500000801345,123,A06,cross-session,AdaBN
39,16,1,0.0003728410000007898,123,A06,cross-session,AdaBN
40,16,0,0.0003677750000008473,123,A06,cross-session,AdaBN
41,16,1,0.00037767200001326273,123,A06,cross-session,AdaBN
42,16,0,0.00035847000000899243,123,A06,cross-session,AdaBN
43,16,1,0.0003869399999985035,123,A06,cross-session,AdaBN
44,16,0,0.00035794799998711824,123,A06,cross-session,AdaBN
45,16,1,0.00037223799998287177,123,A06,cross-session,AdaBN
46,16,0,0.0003568749999942611,123,A06,cross-session,AdaBN
47,16,0,0.00035548300002119504,123,A06,cross-session,AdaBN
48,16,0,0.00035956499999656444,123,A06,cross-session,AdaBN
49,16,0,0.000355672000011964,123,A06,cross-session,AdaBN
50,16,0,0.00036832999998637206,123,A06,cross-session,AdaBN
51,16,1,0.0003576579999844398,123,A06,cross-session,AdaBN
52,16,1,0.0003693220000116071,123,A06,cross-session,AdaBN
53,16,0,0.0003912630000115769,123,A06,cross-session,AdaBN
54,16,1,0.00036386000002153196,123,A06,cross-session,AdaBN
55,16,0,0.00036892200000693265,123,A06,cross-session,AdaBN
56,16,1,0.00035718199998768796,123,A06,cross-session,AdaBN
57,16,0,0.00036287000000356784,123,A06,cross-session,AdaBN
58,16,1,0.00035338200001433506,123,A06,cross-session,AdaBN
59,16,0,0.0003583540000136054,123,A06,cross-session,AdaBN
60,16,1,0.00036080099999935555,123,A06,cross-session,AdaBN
61,16,0,0.00035710200000949044,123,A06,cross-session,AdaBN
62,16,0,0.000376156000015726,123,A06,cross-session,AdaBN
63,16,0,0.000359723000002532,123,A06,cross-session,AdaBN
64,16,1,0.0004008370000008199,123,A06,cross-session,AdaBN
65,16,0,0.000384562999983018,123,A06,cross-session,AdaBN
66,16,0,0.000384556999989627,123,A06,cross-session,AdaBN
67,16,0,0.0003976680000050692,123,A06,cross-session,AdaBN
68,16,0,0.00039361299999995936,123,A06,cross-session,AdaBN
69,16,1,0.00036730700000475736,123,A06,cross-session,AdaBN
70,16,1,0.00036653099999739425,123,A06,cross-session,AdaBN
71,16,0,0.0004057850000265262,123,A06,cross-session,AdaBN
72,16,1,0.0003517060000035599,123,A06,cross-session,AdaBN
73,16,0,0.0003751650000083373,123,A06,cross-session,AdaBN
74,16,0,0.00038548899999568675,123,A06,cross-session,AdaBN
75,16,0,0.00037350100001276587,123,A06,cross-session,AdaBN
76,16,1,0.000383986999992203,123,A06,cross-session,AdaBN
77,16,0,0.0003777400000046782,123,A06,cross-session,AdaBN
78,16,0,0.00037040500001239707,123,A06,cross-session,AdaBN
79,16,1,0.0003636030000109258,123,A06,cross-session,AdaBN
80,16,1,0.0003512130000160596,123,A06,cross-session,AdaBN
81,16,1,0.00037475700000300094,123,A06,cross-session,AdaBN
82,16,1,0.0003592409999839674,123,A06,cross-session,AdaBN
83,16,0,0.00036546999999131913,123,A06,cross-session,AdaBN
84,16,1,0.000429422999985718,123,A06,cross-session,AdaBN
85,16,0,0.00036002099997745063,123,A06,cross-session,AdaBN
86,16,1,0.0003635610000003453,123,A06,cross-session,AdaBN
87,16,0,0.00039009299999293034,123,A06,cross-session,AdaBN
88,16,0,0.0003987700000038785,123,A06,cross-session,AdaBN
89,16,0,0.0003838540000060675,123,A06,cross-session,AdaBN
90,16,0,0.00036051399999337264,123,A06,cross-session,AdaBN
91,16,0,0.0003665870000020277,123,A06,cross-session,AdaBN
92,16,0,0.0003811009999878934,123,A06,cross-session,AdaBN
93,16,1,0.000362574999996923,123,A06,cross-session,AdaBN
94,16,0,0.00039065400000026784,123,A06,cross-session,AdaBN
95,16,1,0.000367327000020623,123,A06,cross-session,AdaBN
96,16,1,0.00041079800001853073,123,A06,cross-session,AdaBN
97,16,1,0.0004244409999785148,123,A06,cross-session,AdaBN
98,16,0,0.00037212700001987287,123,A06,cross-session,AdaBN
99,16,0,0.0003999179999993885,123,A06,cross-session,AdaBN
100,16,1,0.000364902000001166,123,A06,cross-session,AdaBN
101,16,1,0.00037285300001599353,123,A06,cross-session,AdaBN
102,16,1,0.00035507499998743697,123,A06,cross-session,AdaBN
103,16,0,0.00036318899998377674,123,A06,cross-session,AdaBN
104,16,0,0.0003807209999990846,123,A06,cross-session,AdaBN
105,16,1,0.00037132399998540677,123,A06,cross-session,AdaBN
106,16,1,0.0003844139999955587,123,A06,cross-session,AdaBN
107,16,0,0.00036062899999933506,123,A06,cross-session,AdaBN
108,16,1,0.0003522979999956988,123,A06,cross-session,AdaBN
109,16,1,0.0003565250000008291,123,A06,cross-session,AdaBN
110,16,0,0.00036645800000201234,123,A06,cross-session,AdaBN
111,16,1,0.0003858319999778814,123,A06,cross-session,AdaBN
112,16,0,0.00038253200000326615,123,A06,cross-session,AdaBN
113,16,1,0.0004065059999902587,123,A06,cross-session,AdaBN
114,16,1,0.000374808000003668,123,A06,cross-session,AdaBN
115,16,1,0.00039902000000324733,123,A06,cross-session,AdaBN
116,16,0,0.00036959100000899525,123,A06,cross-session,AdaBN
117,16,0,0.0003647500000170112,123,A06,cross-session,AdaBN
118,16,1,0.0003584970000076737,123,A06,cross-session,AdaBN
119,16,0,0.00035567099999411766,123,A06,cross-session,AdaBN
120,16,0,0.0003667860000007295,123,A06,cross-session,AdaBN
121,16,0,0.0003652089999945929,123,A06,cross-session,AdaBN
122,16,0,0.0003683799999976145,123,A06,cross-session,AdaBN
123,16,0,0.0003602589999900374,123,A06,cross-session,AdaBN
124,16,1,0.0003552919999947335,123,A06,cross-session,AdaBN
125,16,0,0.0003979560000004767,123,A06,cross-session,AdaBN
126,16,0,0.000364972999989277,123,A06,cross-session,AdaBN
127,16,0,0.0003543859999979304,123,A06,cross-session,AdaBN
128,16,0,0.00036702599999216545,123,A06,cross-session,AdaBN
129,16,0,0.0003508249999981672,123,A06,cross-session,AdaBN
130,16,1,0.00036868099999765036,123,A06,cross-session,AdaBN
131,16,0,0.0003727790000027653,123,A06,cross-session,AdaBN
132,16,0,0.0003578600000082588,123,A06,cross-session,AdaBN
133,16,1,0.0003758299999958581,123,A06,cross-session,AdaBN
134,16,0,0.0003680640000141011,123,A06,cross-session,AdaBN
135,16,1,0.0004259110000077726,123,A06,cross-session,AdaBN
136,16,0,0.0003881429999808006,123,A06,cross-session,AdaBN
137,16,0,0.0003565270000081,123,A06,cross-session,AdaBN
138,16,1,0.00035193299999036753,123,A06,cross-session,AdaBN
139,16,1,0.00035407699999723263,123,A06,cross-session,AdaBN
140,16,0,0.0003594789999965542,123,A06,cross-session,AdaBN
141,16,1,0.00037729000001718305,123,A06,cross-session,AdaBN
142,16,0,0.0003832590000172331,123,A06,cross-session,AdaBN
143,16,0,0.0003789250000068023,123,A06,cross-session,AdaBN
144,16,0,0.0003700620000017807,123,A06,cross-session,AdaBN
145,16,1,0.00036090200001126505,123,A06,cross-session,AdaBN
146,16,1,0.0003669019999961165,123,A06,cross-session,AdaBN
147,16,1,0.0003835299999934705,123,A06,cross-session,AdaBN
148,16,0,0.0003563880000001518,123,A06,cross-session,AdaBN
149,16,1,0.0003797800000029383,123,A06,cross-session,AdaBN
150,16,1,0.0003616589999921871,123,A06,cross-session,AdaBN
151,16,1,0.00035843799997792303,123,A06,cross-session,AdaBN
152,16,0,0.00036752399998363217,123,A06,cross-session,AdaBN
153,16,0,0.00036522600001376304,123,A06,cross-session,AdaBN
154,16,0,0.00037957999998639025,123,A06,cross-session,AdaBN
155,16,0,0.00036406899999974485,123,A06,cross-session,AdaBN
156,16,0,0.00035460399999465153,123,A06,cross-session,AdaBN
157,16,1,0.00037883400000282563,123,A06,cross-session,AdaBN
158,16,0,0.00035358799999585244,123,A06,cross-session,AdaBN
159,16,1,0.00035830499999178755,123,A06,cross-session,AdaBN
160,16,0,0.00036307800002077784,123,A06,cross-session,AdaBN
161,16,1,0.0003513199999929384,123,A06,cross-session,AdaBN
162,16,0,0.00035623499999815067,123,A06,cross-session,AdaBN
163,16,1,0.00035911000000510285,123,A06,cross-session,AdaBN
164,16,1,0.00036142999999810854,123,A06,cross-session,AdaBN
165,16,0,0.00035528199998680066,123,A06,cross-session,AdaBN
166,16,0,0.00035355200000708464,123,A06,cross-session,AdaBN
167,16,0,0.00035520099999075683,123,A06,cross-session,AdaBN
168,16,1,0.0003635180000003402,123,A06,cross-session,AdaBN
169,16,0,0.0003666199999941,123,A06,cross-session,AdaBN
170,16,0,0.00041812200001345445,123,A06,cross-session,AdaBN
171,16,0,0.0003609649999987141,123,A06,cross-session,AdaBN
172,16,1,0.0003811889999951745,123,A06,cross-session,AdaBN
173,16,1,0.0003633829999785121,123,A06,cross-session,AdaBN
174,16,1,0.000352163999991717,123,A06,cross-session,AdaBN
175,16,0,0.00037905499999624226,123,A06,cross-session,AdaBN
176,16,1,0.00037465599999109145,123,A06,cross-session,AdaBN
177,16,1,0.0004010879999896133,123,A06,cross-session,AdaBN
178,16,1,0.0003660550000006424,123,A06,cross-session,AdaBN
179,16,0,0.0003653870000164261,123,A06,cross-session,AdaBN
180,16,0,0.0003779360000066845,123,A06,cross-session,AdaBN
181,16,1,0.0003767489999972895,123,A06,cross-session,AdaBN
182,16,0,0.00036192900000742156,123,A06,cross-session,AdaBN
183,16,1,0.0003648229999839714,123,A06,cross-session,AdaBN
184,16,0,0.0003606460000185052,123,A06,cross-session,AdaBN
185,16,0,0.0003531159999852207,123,A06,cross-session,AdaBN
186,16,1,0.00035337600002094405,123,A06,cross-session,AdaBN
187,16,0,0.0003613810000047124,123,A06,cross-session,AdaBN
188,16,0,0.00036811999999031286,123,A06,cross-session,AdaBN
189,16,1,0.0003492170000072292,123,A06,cross-session,AdaBN
190,16,0,0.00035481400001913244,123,A06,cross-session,AdaBN
191,16,1,0.00038429599999290076,123,A06,cross-session,AdaBN
192,16,0,0.00035242300000959403,123,A06,cross-session,AdaBN
193,16,0,0.00039241500002162866,123,A06,cross-session,AdaBN
194,16,0,0.00036274199999297707,123,A06,cross-session,AdaBN
195,16,1,0.00035499399999139314,123,A06,cross-session,AdaBN
196,16,1,0.0003701409999905536,123,A06,cross-session,AdaBN
197,16,0,0.0003588219999812736,123,A06,cross-session,AdaBN
198,16,1,0.0003534299999898849,123,A06,cross-session,AdaBN
199,16,1,0.0003566009999929065,123,A06,cross-session,AdaBN
200,16,0,0.00035302799997793954,123,A06,cross-session,AdaBN
201,16,0,0.00039342799999531053,123,A06,cross-session,AdaBN
202,16,0,0.0003728380000040943,123,A06,cross-session,AdaBN
203,16,1,0.00036206499999025255,123,A06,cross-session,AdaBN
204,16,1,0.0003817390000051546,123,A06,cross-session,AdaBN
205,16,0,0.0003533909999759999,123,A06,cross-session,AdaBN
206,16,1,0.00036972700002024794,123,A06,cross-session,AdaBN
207,16,1,0.00035521199998811426,123,A06,cross-session,AdaBN
208,16,0,0.0003589439999984734,123,A06,cross-session,AdaBN
209,16,0,0.0004059369999822593,123,A06,cross-session,AdaBN
210,16,0,0.00036269299999958093,123,A06,cross-session,AdaBN
211,16,1,0.0003898709999816674,123,A06,cross-session,AdaBN
212,16,0,0.00036379400000896567,123,A06,cross-session,AdaBN
213,16,1,0.0003612000000146054,123,A06,cross-session,AdaBN
214,16,1,0.00037525299998719674,123,A06,cross-session,AdaBN
215,16,0,0.00036639199998944605,123,A06,cross-session,AdaBN
216,16,0,0.00035534400001324684,123,A06,cross-session,AdaBN
217,16,0,0.00035657300000480063,123,A06,cross-session,AdaBN
218,16,0,0.0003555369999901359,123,A06,cross-session,AdaBN
219,16,1,0.0003731970000160345,123,A06,cross-session,AdaBN
220,16,0,0.00037272699998425196,123,A06,cross-session,AdaBN
221,16,1,0.00035224800001287804,123,A06,cross-session,AdaBN
222,16,1,0.00039430900000070324,123,A06,cross-session,AdaBN
223,16,0,0.0003592719999971905,123,A06,cross-session,AdaBN
224,16,1,0.000374528999998347,123,A06,cross-session,AdaBN
225,16,0,0.00038917100002322513,123,A06,cross-session,AdaBN
226,16,1,0.000360707999988108,123,A06,cross-session,AdaBN
227,16,0,0.00034916000001317116,123,A06,cross-session,AdaBN
228,16,1,0.0003715480000039406,123,A06,cross-session,AdaBN
229,16,1,0.0003597599999807244,123,A06,cross-session,AdaBN
230,16,0,0.0003539490000150636,123,A06,cross-session,AdaBN
231,16,0,0.00035425900000518595,123,A06,cross-session,AdaBN
232,16,1,0.0003807530000017323,123,A06,cross-session,AdaBN
233,16,0,0.00036659400001326503,123,A06,cross-session,AdaBN
234,16,0,0.0003597930000012184,123,A06,cross-session,AdaBN
235,16,1,0.00036730499999748645,123,A06,cross-session,AdaBN
236,16,0,0.0003813570000090749,123,A06,cross-session,AdaBN
237,16,1,0.0003679470000008678,123,A06,cross-session,AdaBN
238,16,1,0.00036115099999278755,123,A06,cross-session,AdaBN
239,16,1,0.00034979299999804425,123,A06,cross-session,AdaBN
240,16,0,0.00035961000000384047,123,A06,cross-session,AdaBN
241,16,1,0.0003550840000059452,123,A06,cross-session,AdaBN
242,16,1,0.0003453750000232958,123,A06,cross-session,AdaBN
243,16,0,0.00036115500000732936,123,A06,cross-session,AdaBN
244,16,1,0.0003479909999839492,123,A06,cross-session,AdaBN
245,16,0,0.0003505530000040835,123,A06,cross-session,AdaBN
246,16,0,0.00035531700001456556,123,A06,cross-session,AdaBN
247,16,1,0.00035580499999809945,123,A06,cross-session,AdaBN
248,16,1,0.00036040800000591844,123,A06,cross-session,AdaBN
249,16,1,0.0003483069999958843,123,A06,cross-session,AdaBN
250,16,0,0.0003592340000011518,123,A06,cross-session,AdaBN
251,16,0,0.0003655299999820727,123,A06,cross-session,AdaBN
252,16,1,0.0003416469999990568,123,A06,cross-session,AdaBN
253,16,0,0.0003582079999944199,123,A06,cross-session,AdaBN
254,16,1,0.00035724399998571243,123,A06,cross-session,AdaBN
255,16,1,0.0003439399999933812,123,A06,cross-session,AdaBN
256,16,0,0.00035115700001142613,123,A06,cross-session,AdaBN
257,16,0,0.0003551879999861285,123,A06,cross-session,AdaBN
258,16,1,0.00034304700000120647,123,A06,cross-session,AdaBN
259,16,0,0.00038280999999074083,123,A06,cross-session,AdaBN
260,16,1,0.00035063499998955194,123,A06,cross-session,AdaBN
261,16,0,0.00035819000001424683,123,A06,cross-session,AdaBN
262,16,0,0.00036413200001561563,123,A06,cross-session,AdaBN
263,16,0,0.00035063400000012734,123,A06,cross-session,AdaBN
264,16,1,0.00035735599999497936,123,A06,cross-session,AdaBN
265,16,0,0.0003697820000070351,123,A06,cross-session,AdaBN
266,16,1,0.0003551479999828189,123,A06,cross-session,AdaBN
267,16,0,0.00038619000000039705,123,A06,cross-session,AdaBN
268,16,1,0.0003769920000138427,123,A06,cross-session,AdaBN
269,16,1,0.00036350300001686264,123,A06,cross-session,AdaBN
270,16,1,0.0004003790000126628,123,A06,cross-session,AdaBN
271,16,1,0.0003478829999892241,123,A06,cross-session,AdaBN
272,16,1,0.0003522990000135451,123,A06,cross-session,AdaBN
273,16,0,0.0003580769999871336,123,A06,cross-session,AdaBN
274,16,0,0.00034747299997661685,123,A06,cross-session,AdaBN
275,16,0,0.0003707329999826925,123,A06,cross-session,AdaBN
276,16,1,0.0003580350000049748,123,A06,cross-session,AdaBN
277,16,1,0.00034958300000198506,123,A06,cross-session,AdaBN
278,16,0,0.0003567630000134159,123,A06,cross-session,AdaBN
279,16,0,0.0003518409999969663,123,A06,cross-session,AdaBN
280,16,1,0.00036125599999081714,123,A06,cross-session,AdaBN
281,16,1,0.00037936399999694004,123,A06,cross-session,AdaBN
282,16,0,0.00035967599998798505,123,A06,cross-session,AdaBN
283,16,0,0.0003667659999848638,123,A06,cross-session,AdaBN
284,16,0,0.0003583209999931114,123,A06,cross-session,AdaBN
285,16,1,0.00034944500001188317,123,A06,cross-session,AdaBN
286,16,1,0.0003569769999955952,123,A06,cross-session,AdaBN
287,16,0,0.0003456199999902765,123,A06,cross-session,AdaBN
0,1,1,0.0005594209999912891,123,A07,cross-session,AdaBN
1,2,0,0.0004793300000187628,123,A07,cross-session,AdaBN
2,3,1,0.00046989599999847087,123,A07,cross-session,AdaBN
3,4,0,0.00046432900001036614,123,A07,cross-session,AdaBN
4,5,1,0.0004571340000154578,123,A07,cross-session,AdaBN
5,6,1,0.00043204599998603044,123,A07,cross-session,AdaBN
6,7,1,0.000434635000004846,123,A07,cross-session,AdaBN
7,8,1,0.0004255169999964892,123,A07,cross-session,AdaBN
8,9,1,0.0005086740000024292,123,A07,cross-session,AdaBN
9,10,1,0.000480381999977908,123,A07,cross-session,AdaBN
10,11,1,0.0004466609999838056,123,A07,cross-session,AdaBN
11,12,1,0.00045656999998300307,123,A07,cross-session,AdaBN
12,13,1,0.0004416330000083235,123,A07,cross-session,AdaBN
13,14,0,0.00044825599999853694,123,A07,cross-session,AdaBN
14,15,1,0.0004571149999890167,123,A07,cross-session,AdaBN
15,16,0,0.0004435950000072353,123,A07,cross-session,AdaBN
16,16,0,0.00045649399999092566,123,A07,cross-session,AdaBN
17,16,1,0.0004373720000216963,123,A07,cross-session,AdaBN
18,16,0,0.00045247599999242993,123,A07,cross-session,AdaBN
19,16,1,0.0004525040000089575,123,A07,cross-session,AdaBN
20,16,0,0.00043102800000838215,123,A07,cross-session,AdaBN
21,16,1,0.00045195299998113114,123,A07,cross-session,AdaBN
22,16,1,0.00044396900000265305,123,A07,cross-session,AdaBN
23,16,1,0.000428082000013319,123,A07,cross-session,AdaBN
24,16,0,0.0004329740000059701,123,A07,cross-session,AdaBN
25,16,0,0.000447951000012381,123,A07,cross-session,AdaBN
26,16,1,0.0004281679999849075,123,A07,cross-session,AdaBN
27,16,0,0.000454224999998587,123,A07,cross-session,AdaBN
28,16,1,0.0004510569999922609,123,A07,cross-session,AdaBN
29,16,0,0.0004404329999943002,123,A07,cross-session,AdaBN
30,16,1,0.00046064099998943675,123,A07,cross-session,AdaBN
31,16,0,0.0004556350000086695,123,A07,cross-session,AdaBN
32,16,0,0.00037546600000837316,123,A07,cross-session,AdaBN
33,16,0,0.00042044400001373106,123,A07,cross-session,AdaBN
34,16,1,0.00036983299997928043,123,A07,cross-session,AdaBN
35,16,0,0.00037067499999920983,123,A07,cross-session,AdaBN
36,16,1,0.0003693900000030226,123,A07,cross-session,AdaBN
37,16,1,0.00036023100000193153,123,A07,cross-session,AdaBN
38,16,0,0.00037191599997754565,123,A07,cross-session,AdaBN
39,16,0,0.00035243300001752687,123,A07,cross-session,AdaBN
40,16,1,0.00037121099998671525,123,A07,cross-session,AdaBN
41,16,0,0.0003591929999799959,123,A07,cross-session,AdaBN
42,16,1,0.00035671699998829354,123,A07,cross-session,AdaBN
43,16,0,0.0003600459999972827,123,A07,cross-session,AdaBN
44,16,1,0.0003628560000095149,123,A07,cross-session,AdaBN
45,16,0,0.00035991300001114723,123,A07,cross-session,AdaBN
46,16,0,0.00035823999999706757,123,A07,cross-session,AdaBN
47,16,1,0.00036754399999949783,123,A07,cross-session,AdaBN
48,16,0,0.00035745599998904254,123,A07,cross-session,AdaBN
49,16,0,0.0003587859999925058,123,A07,cross-session,AdaBN
50,16,0,0.00035978500000055647,123,A07,cross-session,AdaBN
51,16,0,0.0003663360000132343,123,A07,cross-session,AdaBN
52,16,0,0.0003719730000000254,123,A07,cross-session,AdaBN
53,16,1,0.0003627510000114853,123,A07,cross-session,AdaBN
54,16,1,0.0003611379999881592,123,A07,cross-session,AdaBN
55,16,0,0.00035841999999775,123,A07,cross-session,AdaBN
56,16,0,0.00036213699999620985,123,A07,cross-session,AdaBN
57,16,0,0.0003539709999813567,123,A07,cross-session,AdaBN
58,16,1,0.00036023999999201806,123,A07,cross-session,AdaBN
59,16,1,0.00035084000001006643,123,A07,cross-session,AdaBN
60,16,1,0.000369634999998425,123,A07,cross-session,AdaBN
61,16,0,0.0003709869999966031,123,A07,cross-session,AdaBN
62,16,0,0.0003521650000095633,123,A07,cross-session,AdaBN
63,16,1,0.0003733700000054796,123,A07,cross-session,AdaBN
64,16,1,0.00035337799999979325,123,A07,cross-session,AdaBN
65,16,1,0.00036773699997638687,123,A07,cross-session,AdaBN
66,16,0,0.00035875300000043353,123,A07,cross-session,AdaBN
67,16,1,0.00037268600001993946,123,A07,cross-session,AdaBN
68,16,1,0.00035643399999685244,123,A07,cross-session,AdaBN
69,16,0,0.0003659599999821239,123,A07,cross-session,AdaBN
70,16,1,0.00041087000002448804,123,A07,cross-session,AdaBN
71,16,0,0.0003644100000030903,123,A07,cross-session,AdaBN
72,16,0,0.00039154199998847616,123,A07,cross-session,AdaBN
73,16,1,0.00036396100000501974,123,A07,cross-session,AdaBN
74,16,1,0.00042236800001660413,123,A07,cross-session,AdaBN
75,16,1,0.00038732199999458317,123,A07,cross-session,AdaBN
76,16,1,0.000390999999979158,123,A07,cross-session,AdaBN
77,16,1,0.0004020000000082291,123,A07,cross-session,AdaBN
78,16,1,0.0003805129999818746,123,A07,cross-session,AdaBN
79,16,0,0.00037883800001736745,123,A07,cross-session,AdaBN
80,16,0,0.00037574499998527244,123,A07,cross-session,AdaBN
81,16,0,0.0003447429999994256,123,A07,cross-session,AdaBN
82,16,0,0.00037338499998895713,123,A07,cross-session,AdaBN
83,16,1,0.0003943279999987226,123,A07,cross-session,AdaBN
84,16,0,0.0003792779999969298,123,A07,cross-session,AdaBN
85,16,0,0.00041161400000078174,123,A07,cross-session,AdaBN
86,16,1,0.0003649670000243077,123,A07,cross-session,AdaBN
87,16,0,0.00038263700000129575,123,A07,cross-session,AdaBN
88,16,0,0.0003640900000050351,123,A07,cross-session,AdaBN
89,16,0,0.0003727809999816145,123,A07,cross-session,AdaBN
90,16,1,0.00037443900001221664,123,A07,cross-session,AdaBN
91,16,0,0.0003571870000200761,123,A07,cross-session,AdaBN
92,16,0,0.0003615580000086993,123,A07,cross-session,AdaBN
93,16,0,0.000383247999991454,123,A07,cross-session,AdaBN
94,16,1,0.00038488100000222403,123,A07,cross-session,AdaBN
95,16,0,0.0004003120000106719,123,A07,cross-session,AdaBN
96,16,1,0.0003566290000094341,123,A07,cross-session,AdaBN
97,16,0,0.0003812060000143447,123,A07,cross-session,AdaBN
98,16,0,0.00036948300001427015,123,A07,cross-session,AdaBN
99,16,0,0.00035341200000971185,123,A07,cross-session,AdaBN
100,16,1,0.0003830160000006799,123,A07,cross-session,AdaBN
101,16,1,0.0003705210000077841,123,A07,cross-session,AdaBN
102,16,0,0.00035510200001453995,123,A07,cross-session,AdaBN
103,16,0,0.00038154199998530203,123,A07,cross-session,AdaBN
104,16,0,0.0003569829999889862,123,A07,cross-session,AdaBN
105,16,0,0.0004021050000062587,123,A07,cross-session,AdaBN
106,16,1,0.00039386000000263266,123,A07,cross-session,AdaBN
107,16,0,0.0003678589999935866,123,A07,cross-session,AdaBN
108,16,0,0.00036885000000097534,123,A07,cross-session,AdaBN
109,16,0,0.000359821000017746,123,A07,cross-session,AdaBN
110,16,0,0.0003684060000068712,123,A07,cross-session,AdaBN
111,16,0,0.0003889550000053532,123,A07,cross-session,AdaBN
112,16,0,0.0003752359999964483,123,A07,cross-session,AdaBN
113,16,1,0.00037525099997992584,123,A07,cross-session,AdaBN
114,16,0,0.00036614100000065264,123,A07,cross-session,AdaBN
115,16,0,0.00036527000000319276,123,A07,cross-session,AdaBN
116,16,1,0.00039343400001712325,123,A07,cross-session,AdaBN
117,16,0,0.0003557459999967705,123,A07,cross-session,AdaBN
118,16,0,0.00038231799999266514,123,A07,cross-session,AdaBN
119,16,0,0.0003827639999940402,123,A07,cross-session,AdaBN
120,16,0,0.0003690529999857972,123,A07,cross-session,AdaBN
121,16,0,0.00039100799997981994,123,A07,cross-session,AdaBN
122,16,1,0.00036047800000460484,123,A07,cross-session,AdaBN
123,16,0,0.0003699869999991279,123,A07,cross-session,AdaBN
124,16,1,0.0003896810000014739,123,A07,cross-session,AdaBN
125,16,1,0.0003540229999998701,123,A07,cross-session,AdaBN
126,16,1,0.00039153900002020237,123,A07,cross-session,AdaBN
127,16,1,0.0003901139999982206,123,A07,cross-session,AdaBN
128,16,1,0.00037504799999510396,123,A07,cross-session,AdaBN
129,16,1,0.000393523000013829,123,A07,cross-session,AdaBN
130,16,0,0.0003632029999778297,123,A07,cross-session,AdaBN
131,16,0,0.00037141600000722974,123,A07,cross-session,AdaBN
132,16,1,0.00038148400000181937,123,A07,cross-session,AdaBN
133,16,0,0.0003682109999942895,123,A07,cross-session,AdaBN
134,16,1,0.00037603399999852627,123,A07,cross-session,AdaBN
135,16,1,0.0003545179999946413,123,A07,cross-session,AdaBN
136,16,0,0.00036005699999464014,123,A07,cross-session,AdaBN
137,16,0,0.00037088900000981084,123,A07,cross-session,AdaBN
138,16,0,0.0003681360000200584,123,A07,cross-session,AdaBN
139,16,1,0.0004258349999872735,123,A07,cross-session,AdaBN
140,16,0,0.0003939529999854585,123,A07,cross-session,AdaBN
141,16,1,0.0003609510000046612,123,A07,cross-session,AdaBN
142,16,1,0.0003906689999837454,123,A07,cross-session,AdaBN
143,16,1,0.0003575730000022759,123,A07,cross-session,AdaBN
144,16,0,0.00036143599999149956,123,A07,cross-session,AdaBN
145,16,1,0.00036727300002326047,123,A07,cross-session,AdaBN
146,16,0,0.00038836600000990984,123,A07,cross-session,AdaBN
147,16,1,0.0003902580000101352,123,A07,cross-session,AdaBN
148,16,1,0.00035890200001631456,123,A07,cross-session,AdaBN
149,16,1,0.00035816700000168566,123,A07,cross-session,AdaBN
150,16,1,0.00036308299999632254,123,A07,cross-session,AdaBN
151,16,1,0.0003751019999924665,123,A07,cross-session,AdaBN
152,16,0,0.00040802899999903275,123,A07,cross-session,AdaBN
153,16,0,0.000390254999985018,123,A07,cross-session,AdaBN
154,16,0,0.00035753400001681257,123,A07,cross-session,AdaBN
155,16,1,0.0003911940000023151,123,A07,cross-session,AdaBN
156,16,1,0.0003618050000113726,123,A07,cross-session,AdaBN
157,16,1,0.00037599300000579206,123,A07,cross-session,AdaBN
158,16,0,0.00036624499998083593,123,A07,cross-session,AdaBN
159,16,0,0.00036571899997284163,123,A07,cross-session,AdaBN
160,16,0,0.0004079450000062934,123,A07,cross-session,AdaBN
161,16,0,0.0003629269999976259,123,A07,cross-session,AdaBN
162,16,1,0.0003656660000217471,123,A07,cross-session,AdaBN
163,16,0,0.00037082200000781995,123,A07,cross-session,AdaBN
164,16,1,0.00035231900000098904,123,A07,cross-session,AdaBN
165,16,1,0.0003814529999885963,123,A07,cross-session,AdaBN
166,16,0,0.0003920819999905234,123,A07,cross-session,AdaBN
167,16,0,0.00035544899998285473,123,A07,cross-session,AdaBN
168,16,1,0.00037275199997566233,123,A07,cross-session,AdaBN
169,16,0,0.0003556579999894893,123,A07,cross-session,AdaBN
170,16,0,0.0003885619999834944,123,A07,cross-session,AdaBN
171,16,0,0.00038133099999981823,123,A07,cross-session,AdaBN
172,16,0,0.0003533969999978126,123,A07,cross-session,AdaBN
173,16,1,0.000397884999983944,123,A07,cross-session,AdaBN
174,16,1,0.0003678479999962292,123,A07,cross-session,AdaBN
175,16,1,0.00037700400000062473,123,A07,cross-session,AdaBN
176,16,1,0.0003946799999994255,123,A07,cross-session,AdaBN
177,16,0,0.00036439199999449556,123,A07,cross-session,AdaBN
178,16,0,0.0003630779999923561,123,A07,cross-session,AdaBN
179,16,0,0.0004001620000053663,123,A07,cross-session,AdaBN
180,16,1,0.00036333700001023317,123,A07,cross-session,AdaBN
181,16,0,0.0003991220000045814,123,A07,cross-session,AdaBN
182,16,1,0.00036668499998882,123,A07,cross-session,AdaBN
183,16,0,0.0003738240000075166,123,A07,cross-session,AdaBN
184,16,1,0.0003545229999986077,123,A07,cross-session,AdaBN
185,16,1,0.0003730610000047818,123,A07,cross-session,AdaBN
186,16,0,0.0003679259999955775,123,A07,cross-session,AdaBN
187,16,1,0.00034789099998988604,123,A07,cross-session,AdaBN
188,16,0,0.00037858700000015233,123,A07,cross-session,AdaBN
189,16,0,0.0003877939999767932,123,A07,cross-session,AdaBN
190,16,1,0.0003657489999966401,123,A07,cross-session,AdaBN
191,16,1,0.0003630649999877278,123,A07,cross-session,AdaBN
192,16,0,0.0003538150000110818,123,A07,cross-session,AdaBN
193,16,1,0.00036594099998410456,123,A07,cross-session,AdaBN
194,16,1,0.00036291499998242216,123,A07,cross-session,AdaBN
195,16,0,0.00036316399999236637,123,A07,cross-session,AdaBN
196,16,1,0.0003562489999922036,123,A07,cross-session,AdaBN
197,16,0,0.00035924799999520474,123,A07,cross-session,AdaBN
198,16,1,0.00037159800001518306,123,A07,cross-session,AdaBN
199,16,1,0.0004031530000077055,123,A07,cross-session,AdaBN
200,16,1,0.0003667230000132804,123,A07,cross-session,AdaBN
201,16,0,0.00035697300000947507,123,A07,cross-session,AdaBN
202,16,0,0.00038334200002054786,123,A07,cross-session,AdaBN
203,16,0,0.00035625900000013644,123,A07,cross-session,AdaBN
204,16,0,0.00036459499997931744,123,A07,cross-session,AdaBN
205,16,1,0.0003616899999769885,123,A07,cross-session,AdaBN
206,16,1,0.00036578799998210343,123,A07,cross-session,AdaBN
207,16,1,0.0003760170000077778,123,A07,cross-session,AdaBN
208,16,0,0.0003895879999902263,123,A07,cross-session,AdaBN
209,16,0,0.0003866730000083862,123,A07,cross-session,AdaBN
210,16,1,0.00036045600000989,123,A07,cross-session,AdaBN
211,16,1,0.0003684440000029099,123,A07,cross-session,AdaBN
212,16,1,0.0003721070000040072,123,A07,cross-session,AdaBN
213,16,0,0.0003633460000003197,123,A07,cross-session,AdaBN
214,16,1,0.0003597959999979139,123,A07,cross-session,AdaBN
215,16,0,0.0003828600000019833,123,A07,cross-session,AdaBN
216,16,1,0.00036023499998805164,123,A07,cross-session,AdaBN
217,16,0,0.000391441999994413,123,A07,cross-session,AdaBN
218,16,0,0.0003740080000227408,123,A07,cross-session,AdaBN
219,16,0,0.00037951100000555016,123,A07,cross-session,AdaBN
220,16,0,0.00036905700000033903,123,A07,cross-session,AdaBN
221,16,0,0.0003500879999762674,123,A07,cross-session,AdaBN
222,16,1,0.00040141100001278573,123,A07,cross-session,AdaBN
223,16,1,0.0003583859999878314,123,A07,cross-session,AdaBN
224,16,1,0.0003791709999916293,123,A07,cross-session,AdaBN
225,16,1,0.0003880320000178017,123,A07,cross-session,AdaBN
226,16,1,0.0003632119999963379,123,A07,cross-session,AdaBN
227,16,0,0.00035939399998596855,123,A07,cross-session,AdaBN
228,16,1,0.00039012299998830713,123,A07,cross-session,AdaBN
229,16,1,0.00035847099999841703,123,A07,cross-session,AdaBN
230,16,1,0.0004040409999959138,123,A07,cross-session,AdaBN
231,16,0,0.0003600050000045485,123,A07,cross-session,AdaBN
232,16,0,0.000367677000014055,123,A07,cross-session,AdaBN
233,16,0,0.00038278400000990587,123,A07,cross-session,AdaBN
234,16,0,0.00038313700000003337,123,A07,cross-session,AdaBN
235,16,1,0.0003795259999890277,123,A07,cross-session,AdaBN
236,16,0,0.00037025700001436235,123,A07,cross-session,AdaBN
237,16,0,0.00035077900000146656,123,A07,cross-session,AdaBN
238,16,0,0.00036744100000873914,123,A07,cross-session,AdaBN
239,16,0,0.00036083499998085244,123,A07,cross-session,AdaBN
240,16,1,0.00035320999998589286,123,A07,cross-session,AdaBN
241,16,1,0.00035117100000547907,123,A07,cross-session,AdaBN
242,16,0,0.00035706999997842104,123,A07,cross-session,AdaBN
243,16,1,0.0003622579999955633,123,A07,cross-session,AdaBN
244,16,1,0.0003530390000037187,123,A07,cross-session,AdaBN
245,16,0,0.0003569140000081461,123,A07,cross-session,AdaBN
246,16,1,0.0003821720000019013,123,A07,cross-session,AdaBN
247,16,0,0.00034990599999673577,123,A07,cross-session,AdaBN
248,16,1,0.0003684559999896919,123,A07,cross-session,AdaBN
249,16,0,0.0003560259999915161,123,A07,cross-session,AdaBN
250,16,1,0.00036803400001872433,123,A07,cross-session,AdaBN
251,16,0,0.00036223699999027303,123,A07,cross-session,AdaBN
252,16,1,0.00036235299998566006,123,A07,cross-session,AdaBN
253,16,1,0.00035879899999713416,123,A07,cross-session,AdaBN
254,16,0,0.0003646539999806464,123,A07,cross-session,AdaBN
255,16,1,0.0003513179999856675,123,A07,cross-session,AdaBN
256,16,1,0.0003576910000049338,123,A07,cross-session,AdaBN
257,16,0,0.00035190100001614155,123,A07,cross-session,AdaBN
258,16,0,0.00036442200001829406,123,A07,cross-session,AdaBN
259,16,0,0.00036239099998169877,123,A07,cross-session,AdaBN
260,16,1,0.0003529409999885047,123,A07,cross-session,AdaBN
261,16,0,0.00036332899998114954,123,A07,cross-session,AdaBN
262,16,1,0.0003490410000210886,123,A07,cross-session,AdaBN
263,16,0,0.00036024799999268,123,A07,cross-session,AdaBN
264,16,0,0.0003731310000034682,123,A07,cross-session,AdaBN
265,16,1,0.0003615619999948194,123,A07,cross-session,AdaBN
266,16,1,0.0003621870000074523,123,A07,cross-session,AdaBN
267,16,1,0.0003602879999959896,123,A07,cross-session,AdaBN
268,16,1,0.00034823800001504424,123,A07,cross-session,AdaBN
269,16,1,0.0003733340000167118,123,A07,cross-session,AdaBN
270,16,0,0.00036652699998285243,123,A07,cross-session,AdaBN
271,16,1,0.00036892400001420356,123,A07,cross-session,AdaBN
272,16,0,0.00036896399998909146,123,A07,cross-session,AdaBN
273,16,1,0.00035309000000438573,123,A07,cross-session,AdaBN
274,16,1,0.00035105800000678755,123,A07,cross-session,AdaBN
275,16,1,0.00035557399999675,123,A07,cross-session,AdaBN
276,16,0,0.00035415000002103625,123,A07,cross-session,AdaBN
277,16,1,0.0003576919999943584,123,A07,cross-session,AdaBN
278,16,1,0.00035542099999474885,123,A07,cross-session,AdaBN
279,16,0,0.0003643020000083652,123,A07,cross-session,AdaBN
280,16,0,0.00040233300001091266,123,A07,cross-session,AdaBN
281,16,0,0.00035676199999556957,123,A07,cross-session,AdaBN
282,16,1,0.0003501970000172605,123,A07,cross-session,AdaBN
283,16,0,0.0003793559999962781,123,A07,cross-session,AdaBN
284,16,1,0.0003518239999777961,123,A07,cross-session,AdaBN
285,16,0,0.0003556150000179059,123,A07,cross-session,AdaBN
286,16,1,0.0003470340000149008,123,A07,cross-session,AdaBN
287,16,0,0.0003761430000110977,123,A07,cross-session,AdaBN
0,1,1,0.0005794449999996232,123,A08,cross-session,AdaBN
1,2,1,0.00047969800002078955,123,A08,cross-session,AdaBN
2,3,1,0.000488335999989431,123,A08,cross-session,AdaBN
3,4,1,0.000457810000000336,123,A08,cross-session,AdaBN
4,5,1,0.0008188859999904707,123,A08,cross-session,AdaBN
5,6,1,0.0006627620000188017,123,A08,cross-session,AdaBN
6,7,1,0.000523055999991584,123,A08,cross-session,AdaBN
7,8,0,0.0004840139999942039,123,A08,cross-session,AdaBN
8,9,1,0.0004890719999934845,123,A08,cross-session,AdaBN
9,10,0,0.0004830219999973906,123,A08,cross-session,AdaBN
10,11,1,0.00045614000001137356,123,A08,cross-session,AdaBN
11,12,1,0.00044285299998136907,123,A08,cross-session,AdaBN
12,13,1,0.00045540400000732006,123,A08,cross-session,AdaBN
13,14,1,0.0004437690000145267,123,A08,cross-session,AdaBN
14,15,0,0.0004447170000219103,123,A08,cross-session,AdaBN
15,16,1,0.0005104299999914019,123,A08,cross-session,AdaBN
16,16,1,0.00046468400000776455,123,A08,cross-session,AdaBN
17,16,1,0.0004538740000157304,123,A08,cross-session,AdaBN
18,16,1,0.0004445760000066912,123,A08,cross-session,AdaBN
19,16,0,0.0004463360000102057,123,A08,cross-session,AdaBN
20,16,0,0.00044449500001064735,123,A08,cross-session,AdaBN
21,16,1,0.0004343810000193571,123,A08,cross-session,AdaBN
22,16,1,0.00043187500000385626,123,A08,cross-session,AdaBN
23,16,0,0.00043644800001629847,123,A08,cross-session,AdaBN
24,16,0,0.0004324519999840959,123,A08,cross-session,AdaBN
25,16,1,0.00043746699998337135,123,A08,cross-session,AdaBN
26,16,1,0.0004305619999911414,123,A08,cross-session,AdaBN
27,16,0,0.0004362239999977646,123,A08,cross-session,AdaBN
28,16,0,0.000445926999987023,123,A08,cross-session,AdaBN
29,16,0,0.00042846700000609417,123,A08,cross-session,AdaBN
30,16,1,0.00043269700000792,123,A08,cross-session,AdaBN
31,16,1,0.00044256699999323246,123,A08,cross-session,AdaBN
32,16,1,0.0004245139999738967,123,A08,cross-session,AdaBN
33,16,1,0.0004988999999966381,123,A08,cross-session,AdaBN
34,16,1,0.0005400870000187297,123,A08,cross-session,AdaBN
35,16,1,0.0003674739999723897,123,A08,cross-session,AdaBN
36,16,1,0.000389264000006051,123,A08,cross-session,AdaBN
37,16,1,0.0003508270000054381,123,A08,cross-session,AdaBN
38,16,1,0.0003586649999931524,123,A08,cross-session,AdaBN
39,16,0,0.0003612049999901501,123,A08,cross-session,AdaBN
40,16,0,0.00036054500000659573,123,A08,cross-session,AdaBN
41,16,1,0.0003562759999908849,123,A08,cross-session,AdaBN
42,16,1,0.000361240000017915,123,A08,cross-session,AdaBN
43,16,0,0.00037380800000619274,123,A08,cross-session,AdaBN
44,16,1,0.00035647300001073745,123,A08,cross-session,AdaBN
45,16,0,0.0003586360000156219,123,A08,cross-session,AdaBN
46,16,1,0.00035221699999965494,123,A08,cross-session,AdaBN
47,16,1,0.0003610690000073191,123,A08,cross-session,AdaBN
48,16,0,0.0003532970000037494,123,A08,cross-session,AdaBN
49,16,1,0.00036554199999727643,123,A08,cross-session,AdaBN
50,16,1,0.00035443199999463104,123,A08,cross-session,AdaBN
51,16,1,0.00036087799998085757,123,A08,cross-session,AdaBN
52,16,1,0.0003528679999931228,123,A08,cross-session,AdaBN
53,16,1,0.0003572230000088439,123,A08,cross-session,AdaBN
54,16,1,0.00036357700000166915,123,A08,cross-session,AdaBN
55,16,0,0.00035235699999702774,123,A08,cross-session,AdaBN
56,16,0,0.0003585610000129691,123,A08,cross-session,AdaBN
57,16,1,0.00035400300001242613,123,A08,cross-session,AdaBN
58,16,1,0.00035861400002090704,123,A08,cross-session,AdaBN
59,16,0,0.00035781799999767827,123,A08,cross-session,AdaBN
60,16,0,0.00037423599999897306,123,A08,cross-session,AdaBN
61,16,1,0.00035327800000573006,123,A08,cross-session,AdaBN
62,16,1,0.0003623279999942497,123,A08,cross-session,AdaBN
63,16,1,0.0003638009999917813,123,A08,cross-session,AdaBN
64,16,1,0.00035819699999706245,123,A08,cross-session,AdaBN
65,16,1,0.000371093000012479,123,A08,cross-session,AdaBN
66,16,1,0.00035968000000252687,123,A08,cross-session,AdaBN
67,16,1,0.00036147500000538457,123,A08,cross-session,AdaBN
68,16,1,0.00034873100000254453,123,A08,cross-session,AdaBN
69,16,1,0.0004006700000047658,123,A08,cross-session,AdaBN
70,16,1,0.0003467489999877671,123,A08,cross-session,AdaBN
71,16,1,0.00039860000001112894,123,A08,cross-session,AdaBN
72,16,1,0.0003530730000136373,123,A08,cross-session,AdaBN
73,16,1,0.00036284200001546196,123,A08,cross-session,AdaBN
74,16,1,0.0004122389999849929,123,A08,cross-session,AdaBN
75,16,1,0.000388245999999981,123,A08,cross-session,AdaBN
76,16,1,0.0003655890000118234,123,A08,cross-session,AdaBN
77,16,1,0.0003661970000052861,123,A08,cross-session,AdaBN
78,16,1,0.00037129399999003,123,A08,cross-session,AdaBN
79,16,1,0.0004021010000201386,123,A08,cross-session,AdaBN
80,16,1,0.00037033199998859345,123,A08,cross-session,AdaBN
81,16,0,0.0003779090000080032,123,A08,cross-session,AdaBN
82,16,1,0.0003887489999954141,123,A08,cross-session,AdaBN
83,16,0,0.00036680899998486893,123,A08,cross-session,AdaBN
84,16,1,0.0003986659999952735,123,A08,cross-session,AdaBN
85,16,0,0.00035921200000643694,123,A08,cross-session,AdaBN
86,16,1,0.00036323000000493266,123,A08,cross-session,AdaBN
87,16,0,0.0003820550000170897,123,A08,cross-session,AdaBN
88,16,0,0.0003705260000117505,123,A08,cross-session,AdaBN
89,16,0,0.0003676370000107454,123,A08,cross-session,AdaBN
90,16,0,0.0003552560000059657,123,A08,cross-session,AdaBN
91,16,0,0.000363105999980462,123,A08,cross-session,AdaBN
92,16,1,0.0004219119999788745,123,A08,cross-session,AdaBN
93,16,1,0.0003645470000037676,123,A08,cross-session,AdaBN
94,16,0,0.00039323100000387967,123,A08,cross-session,AdaBN
95,16,0,0.00036944699999708064,123,A08,cross-session,AdaBN
96,16,1,0.0003615149999802725,123,A08,cross-session,AdaBN
97,16,0,0.0003573389999758092,123,A08,cross-session,AdaBN
98,16,1,0.00035250199999836695,123,A08,cross-session,AdaBN
99,16,1,0.0003895410000041011,123,A08,cross-session,AdaBN
100,16,1,0.00035499099999469763,123,A08,cross-session,AdaBN
101,16,0,0.0003607499999986885,123,A08,cross-session,AdaBN
102,16,1,0.00036439399997334476,123,A08,cross-session,AdaBN
103,16,0,0.00035070299998096743,123,A08,cross-session,AdaBN
104,16,1,0.00035513800000330775,123,A08,cross-session,AdaBN
105,16,1,0.000348852000001898,123,A08,cross-session,AdaBN
106,16,1,0.0003543109999952776,123,A08,cross-session,AdaBN
107,16,0,0.00036874600002079205,123,A08,cross-session,AdaBN
108,16,0,0.0003585629999918183,123,A08,cross-session,AdaBN
109,16,1,0.00039582699997708914,123,A08,cross-session,AdaBN
110,16,0,0.0003800130000115587,123,A08,cross-session,AdaBN
111,16,0,0.0003594400000110909,123,A08,cross-session,AdaBN
112,16,1,0.00037543399997730376,123,A08,cross-session,AdaBN
113,16,1,0.0003704179999886037,123,A08,cross-session,AdaBN
114,16,1,0.0003575530000148319,123,A08,cross-session,AdaBN
115,16,1,0.0003814330000011523,123,A08,cross-session,AdaBN
116,16,1,0.00036899799999901006,123,A08,cross-session,AdaBN
117,16,1,0.0004008970000199952,123,A08,cross-session,AdaBN
118,16,1,0.0003632489999745303,123,A08,cross-session,AdaBN
119,16,1,0.000363703000004989,123,A08,cross-session,AdaBN
120,16,0,0.0003638119999891387,123,A08,cross-session,AdaBN
121,16,1,0.00035468199999399985,123,A08,cross-session,AdaBN
122,16,1,0.00036885199997982454,123,A08,cross-session,AdaBN
123,16,1,0.00041580499998872256,123,A08,cross-session,AdaBN
124,16,1,0.00038460999999756496,123,A08,cross-session,AdaBN
125,16,0,0.00036632699999472607,123,A08,cross-session,AdaBN
126,16,1,0.00034943899999007044,123,A08,cross-session,AdaBN
127,16,1,0.00037764100000003964,123,A08,cross-session,AdaBN
128,16,0,0.00036220499998762534,123,A08,cross-session,AdaBN
129,16,1,0.00038267799999402996,123,A08,cross-session,AdaBN
130,16,0,0.00036599999998543353,123,A08,cross-session,AdaBN
131,16,0,0.0003567819999830135,123,A08,cross-session,AdaBN
132,16,1,0.00035819499998979154,123,A08,cross-session,AdaBN
133,16,0,0.00036815400000023146,123,A08,cross-session,AdaBN
134,16,1,0.0003677520000167078,123,A08,cross-session,AdaBN
135,16,1,0.0003591260000064267,123,A08,cross-session,AdaBN
136,16,1,0.00035479100000657127,123,A08,cross-session,AdaBN
137,16,1,0.00036386099998253485,123,A08,cross-session,AdaBN
138,16,0,0.0003674589999889122,123,A08,cross-session,AdaBN
139,16,1,0.00035173399999166577,123,A08,cross-session,AdaBN
140,16,0,0.0003589949999991404,123,A08,cross-session,AdaBN
141,16,0,0.000356149999987565,123,A08,cross-session,AdaBN
142,16,1,0.000347106999981861,123,A08,cross-session,AdaBN
143,16,1,0.00036677299999610113,123,A08,cross-session,AdaBN
144,16,0,0.0003594430000077864,123,A08,cross-session,AdaBN
145,16,1,0.00038045900001293376,123,A08,cross-session,AdaBN
146,16,1,0.0003603939999834438,123,A08,cross-session,AdaBN
147,16,0,0.000357506000000285,123,A08,cross-session,AdaBN
148,16,1,0.00036966199999710625,123,A08,cross-session,AdaBN
149,16,1,0.0003765620000137915,123,A08,cross-session,AdaBN
150,16,1,0.0003578670000194961,123,A08,cross-session,AdaBN
151,16,1,0.00039575299999228264,123,A08,cross-session,AdaBN
152,16,0,0.0003702799999985018,123,A08,cross-session,AdaBN
153,16,1,0.00036297900001613925,123,A08,cross-session,AdaBN
154,16,1,0.00036062399999536865,123,A08,cross-session,AdaBN
155,16,1,0.00036448899999186324,123,A08,cross-session,AdaBN
156,16,0,0.00036456600000178696,123,A08,cross-session,AdaBN
157,16,0,0.000372701000003417,123,A08,cross-session,AdaBN
158,16,1,0.00036044300000526164,123,A08,cross-session,AdaBN
159,16,0,0.00038225800000191157,123,A08,cross-session,AdaBN
160,16,1,0.0003511380000134068,123,A08,cross-session,AdaBN
161,16,1,0.0003544269999906646,123,A08,cross-session,AdaBN
162,16,1,0.00038798399998540845,123,A08,cross-session,AdaBN
163,16,0,0.0003878269999972872,123,A08,cross-session,AdaBN
164,16,1,0.000401683999996294,123,A08,cross-session,AdaBN
165,16,1,0.00037630599999260994,123,A08,cross-session,AdaBN
166,16,0,0.00037482800001953365,123,A08,cross-session,AdaBN
167,16,1,0.0003746839999791973,123,A08,cross-session,AdaBN
168,16,0,0.00035981999999989966,123,A08,cross-session,AdaBN
169,16,1,0.00035683199999425597,123,A08,cross-session,AdaBN
170,16,0,0.0003552199999887762,123,A08,cross-session,AdaBN
171,16,0,0.0003669649999835656,123,A08,cross-session,AdaBN
172,16,1,0.00038689900000576927,123,A08,cross-session,AdaBN
173,16,1,0.00036379200000169476,123,A08,cross-session,AdaBN
174,16,1,0.0003593819999991865,123,A08,cross-session,AdaBN
175,16,1,0.0003572949999863795,123,A08,cross-session,AdaBN
176,16,1,0.0003598029999807295,123,A08,cross-session,AdaBN
177,16,1,0.00036674399999014895,123,A08,cross-session,AdaBN
178,16,0,0.000351678000015454,123,A08,cross-session,AdaBN
179,16,0,0.00038865499999474196,123,A08,cross-session,AdaBN
180,16,1,0.0003643699999997807,123,A08,cross-session,AdaBN
181,16,0,0.0003569879999929526,123,A08,cross-session,AdaBN
182,16,0,0.0003542020000111279,123,A08,cross-session,AdaBN
183,16,1,0.0003923019999945154,123,A08,cross-session,AdaBN
184,16,1,0.0004076329999804784,123,A08,cross-session,AdaBN
185,16,1,0.00038187000001244087,123,A08,cross-session,AdaBN
186,16,0,0.0003473460000122941,123,A08,cross-session,AdaBN
187,16,0,0.0003589860000090539,123,A08,cross-session,AdaBN
188,16,0,0.0003613749999828997,123,A08,cross-session,AdaBN
189,16,1,0.0003662729999973635,123,A08,cross-session,AdaBN
190,16,1,0.00038725199999589677,123,A08,cross-session,AdaBN
191,16,0,0.0003691240000023299,123,A08,cross-session,AdaBN
192,16,1,0.00034961700001190366,123,A08,cross-session,AdaBN
193,16,1,0.0003974619999951301,123,A08,cross-session,AdaBN
194,16,1,0.00036125199997627533,123,A08,cross-session,AdaBN
195,16,1,0.0003608869999993658,123,A08,cross-session,AdaBN
196,16,0,0.0003833309999947687,123,A08,cross-session,AdaBN
197,16,0,0.0003534370000011222,123,A08,cross-session,AdaBN
198,16,0,0.00041158000001928485,123,A08,cross-session,AdaBN
199,16,1,0.000403726000001825,123,A08,cross-session,AdaBN
200,16,1,0.0003604670000072474,123,A08,cross-session,AdaBN
201,16,0,0.0003882089999933669,123,A08,cross-session,AdaBN
202,16,1,0.00038365699998621494,123,A08,cross-session,AdaBN
203,16,1,0.0003590259999839418,123,A08,cross-session,AdaBN
204,16,1,0.00037253600001463383,123,A08,cross-session,AdaBN
205,16,1,0.0003629909999744996,123,A08,cross-session,AdaBN
206,16,0,0.00039948799999933726,123,A08,cross-session,AdaBN
207,16,1,0.0003613039999947887,123,A08,cross-session,AdaBN
208,16,1,0.0004112190000000737,123,A08,cross-session,AdaBN
209,16,0,0.00036062899999933506,123,A08,cross-session,AdaBN
210,16,1,0.00036691899998686495,123,A08,cross-session,AdaBN
211,16,0,0.00036578500001382963,123,A08,cross-session,AdaBN
212,16,1,0.00039241500002162866,123,A08,cross-session,AdaBN
213,16,1,0.0003701999999918826,123,A08,cross-session,AdaBN
214,16,1,0.0003726999999855707,123,A08,cross-session,AdaBN
215,16,1,0.00034750400001826165,123,A08,cross-session,AdaBN
216,16,1,0.00036821400001940674,123,A08,cross-session,AdaBN
217,16,1,0.00035408399998004825,123,A08,cross-session,AdaBN
218,16,0,0.000346919999998363,123,A08,cross-session,AdaBN
219,16,0,0.00035841999999775,123,A08,cross-session,AdaBN
220,16,1,0.0003530869999792685,123,A08,cross-session,AdaBN
221,16,1,0.0003573319999929936,123,A08,cross-session,AdaBN
222,16,1,0.0003652430000045115,123,A08,cross-session,AdaBN
223,16,1,0.0003890280000007351,123,A08,cross-session,AdaBN
224,16,0,0.0003759079999952064,123,A08,cross-session,AdaBN
225,16,0,0.0003697859999931552,123,A08,cross-session,AdaBN
226,16,1,0.0003620479999995041,123,A08,cross-session,AdaBN
227,16,0,0.0004043469999999161,123,A08,cross-session,AdaBN
228,16,0,0.00036400000001890476,123,A08,cross-session,AdaBN
229,16,1,0.0003610610000066572,123,A08,cross-session,AdaBN
230,16,1,0.0003818380000097932,123,A08,cross-session,AdaBN
231,16,1,0.0003615519999868866,123,A08,cross-session,AdaBN
232,16,0,0.00038277199999470213,123,A08,cross-session,AdaBN
233,16,0,0.0003655600000058712,123,A08,cross-session,AdaBN
234,16,1,0.0003843149999909201,123,A08,cross-session,AdaBN
235,16,1,0.00042146499998807485,123,A08,cross-session,AdaBN
236,16,1,0.00040767599998048354,123,A08,cross-session,AdaBN
237,16,1,0.00038788699998804077,123,A08,cross-session,AdaBN
238,16,1,0.000396626999986438,123,A08,cross-session,AdaBN
239,16,0,0.0003614400000060414,123,A08,cross-session,AdaBN
240,16,1,0.00039456200002518926,123,A08,cross-session,AdaBN
241,16,1,0.0003631749999897238,123,A08,cross-session,AdaBN
242,16,1,0.00036079299999869363,123,A08,cross-session,AdaBN
243,16,1,0.00036142799999083763,123,A08,cross-session,AdaBN
244,16,1,0.00036143500000207496,123,A08,cross-session,AdaBN
245,16,1,0.00036410699999578355,123,A08,cross-session,AdaBN
246,16,0,0.00038442600001076244,123,A08,cross-session,AdaBN
247,16,0,0.00036569099998473575,123,A08,cross-session,AdaBN
248,16,0,0.00036069899999802146,123,A08,cross-session,AdaBN
249,16,1,0.0003599730000019008,123,A08,cross-session,AdaBN
250,16,0,0.00036722500001928893,123,A08,cross-session,AdaBN
251,16,0,0.00037000599999714723,123,A08,cross-session,AdaBN
252,16,1,0.00035194299999830037,123,A08,cross-session,AdaBN
253,16,1,0.00036470800000643067,123,A08,cross-session,AdaBN
254,16,0,0.0003501180000000659,123,A08,cross-session,AdaBN
255,16,0,0.000365181000006487,123,A08,cross-session,AdaBN
256,16,1,0.00036323000000493266,123,A08,cross-session,AdaBN
257,16,1,0.00035201000000029126,123,A08,cross-session,AdaBN
258,16,1,0.0003560639999875548,123,A08,cross-session,AdaBN
259,16,1,0.0003647590000070977,123,A08,cross-session,AdaBN
260,16,1,0.0003576820000148473,123,A08,cross-session,AdaBN
261,16,0,0.00037127999999597705,123,A08,cross-session,AdaBN
262,16,1,0.00035260300001027645,123,A08,cross-session,AdaBN
263,16,0,0.00035882200000969533,123,A08,cross-session,AdaBN
264,16,0,0.0003722200000026987,123,A08,cross-session,AdaBN
265,16,1,0.0003783409999869036,123,A08,cross-session,AdaBN
266,16,0,0.00036467099999981656,123,A08,cross-session,AdaBN
267,16,1,0.00034715699999310345,123,A08,cross-session,AdaBN
268,16,1,0.0003593829999886111,123,A08,cross-session,AdaBN
269,16,1,0.00037015200001633275,123,A08,cross-session,AdaBN
270,16,1,0.00035098099999686383,123,A08,cross-session,AdaBN
271,16,1,0.000385690999991084,123,A08,cross-session,AdaBN
272,16,0,0.00036111200000732424,123,A08,cross-session,AdaBN
273,16,1,0.0003460160000088308,123,A08,cross-session,AdaBN
274,16,1,0.0003910379999751967,123,A08,cross-session,AdaBN
275,16,1,0.00038802699998541357,123,A08,cross-session,AdaBN
276,16,0,0.0003690780000056293,123,A08,cross-session,AdaBN
277,16,0,0.000355114000001322,123,A08,cross-session,AdaBN
278,16,0,0.00035866299998588147,123,A08,cross-session,AdaBN
279,16,0,0.0003803240000195274,123,A08,cross-session,AdaBN
280,16,1,0.00036318499999765663,123,A08,cross-session,AdaBN
281,16,0,0.00035868899999513815,123,A08,cross-session,AdaBN
282,16,0,0.00039604500000223197,123,A08,cross-session,AdaBN
283,16,1,0.0003478780000136794,123,A08,cross-session,AdaBN
284,16,1,0.00036413899999843125,123,A08,cross-session,AdaBN
285,16,0,0.0003804479999871546,123,A08,cross-session,AdaBN
286,16,0,0.0003907199999844124,123,A08,cross-session,AdaBN
287,16,0,0.0003797459999930197,123,A08,cross-session,AdaBN
0,1,1,0.0005715650000013284,123,A09,cross-session,AdaBN
1,2,1,0.00047333900002399787,123,A09,cross-session,AdaBN
2,3,1,0.00044749399998522676,123,A09,cross-session,AdaBN
3,4,1,0.0004509530000120776,123,A09,cross-session,AdaBN
4,5,1,0.0006588550000117266,123,A09,cross-session,AdaBN
5,6,1,0.0006898469999896406,123,A09,cross-session,AdaBN
6,7,1,0.0006016779999811206,123,A09,cross-session,AdaBN
7,8,0,0.00046820699998306736,123,A09,cross-session,AdaBN
8,9,0,0.0005022720000056324,123,A09,cross-session,AdaBN
9,10,1,0.0004748399999812136,123,A09,cross-session,AdaBN
10,11,1,0.00047762799999873096,123,A09,cross-session,AdaBN
11,12,0,0.00043795700000259785,123,A09,cross-session,AdaBN
12,13,1,0.0004625610000061897,123,A09,cross-session,AdaBN
13,14,1,0.0004432510000071943,123,A09,cross-session,AdaBN
14,15,1,0.0004546499999946718,123,A09,cross-session,AdaBN
15,16,1,0.00042712199999073164,123,A09,cross-session,AdaBN
16,16,1,0.00043984900000282323,123,A09,cross-session,AdaBN
17,16,1,0.0004464099999950122,123,A09,cross-session,AdaBN
18,16,1,0.0004268289999913577,123,A09,cross-session,AdaBN
19,16,1,0.00044021100001145896,123,A09,cross-session,AdaBN
20,16,1,0.0004306300000109786,123,A09,cross-session,AdaBN
21,16,1,0.00042269200000077944,123,A09,cross-session,AdaBN
22,16,1,0.00043985899998233435,123,A09,cross-session,AdaBN
23,16,1,0.0004260210000097686,123,A09,cross-session,AdaBN
24,16,1,0.00042279699999880904,123,A09,cross-session,AdaBN
25,16,1,0.00045571800001198426,123,A09,cross-session,AdaBN
26,16,1,0.0004325999999821306,123,A09,cross-session,AdaBN
27,16,1,0.00043669799998724557,123,A09,cross-session,AdaBN
28,16,1,0.00045036500000605884,123,A09,cross-session,AdaBN
29,16,1,0.00042702100000724386,123,A09,cross-session,AdaBN
30,16,1,0.0004321779999827413,123,A09,cross-session,AdaBN
31,16,1,0.0004309329999898637,123,A09,cross-session,AdaBN
32,16,1,0.0006139779999898565,123,A09,cross-session,AdaBN
33,16,0,0.000519859999997152,123,A09,cross-session,AdaBN
34,16,0,0.0003963610000141671,123,A09,cross-session,AdaBN
35,16,1,0.00039657199999965087,123,A09,cross-session,AdaBN
36,16,1,0.00035240299999372837,123,A09,cross-session,AdaBN
37,16,1,0.00038499800001545736,123,A09,cross-session,AdaBN
38,16,1,0.00036431899999911366,123,A09,cross-session,AdaBN
39,16,1,0.000372213999980886,123,A09,cross-session,AdaBN
40,16,1,0.0003664410000112639,123,A09,cross-session,AdaBN
41,16,1,0.00035175700000422694,123,A09,cross-session,AdaBN
42,16,1,0.0003788239999948928,123,A09,cross-session,AdaBN
43,16,0,0.00035341999998195206,123,A09,cross-session,AdaBN
44,16,1,0.00036842500000489053,123,A09,cross-session,AdaBN
45,16,0,0.00043253700002310325,123,A09,cross-session,AdaBN
46,16,1,0.00037464999999770043,123,A09,cross-session,AdaBN
47,16,1,0.00037867199998231627,123,A09,cross-session,AdaBN
48,16,1,0.00038196899998865774,123,A09,cross-session,AdaBN
49,16,1,0.0004019309999989673,123,A09,cross-session,AdaBN
50,16,1,0.00037004300000376134,123,A09,cross-session,AdaBN
51,16,1,0.00039020599999162187,123,A09,cross-session,AdaBN
52,16,1,0.0003568799999982275,123,A09,cross-session,AdaBN
53,16,1,0.00041253800000617957,123,A09,cross-session,AdaBN
54,16,1,0.0003543710000144529,123,A09,cross-session,AdaBN
55,16,1,0.0003879989999973077,123,A09,cross-session,AdaBN
56,16,1,0.0003988979999860476,123,A09,cross-session,AdaBN
57,16,1,0.00048012400000629896,123,A09,cross-session,AdaBN
58,16,1,0.00038927899998952853,123,A09,cross-session,AdaBN
59,16,1,0.00037683900001184156,123,A09,cross-session,AdaBN
60,16,1,0.0003722040000013749,123,A09,cross-session,AdaBN
61,16,1,0.00035478499998475854,123,A09,cross-session,AdaBN
62,16,1,0.00038872600001127466,123,A09,cross-session,AdaBN
63,16,1,0.00035760000000095715,123,A09,cross-session,AdaBN
64,16,1,0.00038917999998488995,123,A09,cross-session,AdaBN
65,16,1,0.00036685399999214496,123,A09,cross-session,AdaBN
66,16,1,0.0003657100000111768,123,A09,cross-session,AdaBN
67,16,1,0.00038200899999196736,123,A09,cross-session,AdaBN
68,16,1,0.00036276599999496284,123,A09,cross-session,AdaBN
69,16,0,0.00039607799999430426,123,A09,cross-session,AdaBN
70,16,0,0.0003562830000021222,123,A09,cross-session,AdaBN
71,16,1,0.00036660199998550524,123,A09,cross-session,AdaBN
72,16,1,0.0003792889999942872,123,A09,cross-session,AdaBN
73,16,1,0.0003867380000031062,123,A09,cross-session,AdaBN
74,16,1,0.0004283019999888893,123,A09,cross-session,AdaBN
75,16,1,0.00039698700001622456,123,A09,cross-session,AdaBN
76,16,1,0.0003733430000067983,123,A09,cross-session,AdaBN
77,16,1,0.00038148100000512386,123,A09,cross-session,AdaBN
78,16,0,0.00035918300000048475,123,A09,cross-session,AdaBN
79,16,1,0.00036920700000564466,123,A09,cross-session,AdaBN
80,16,1,0.0003718979999973726,123,A09,cross-session,AdaBN
81,16,1,0.0003872919999992064,123,A09,cross-session,AdaBN
82,16,1,0.0003967270000089229,123,A09,cross-session,AdaBN
83,16,1,0.0003595180000104392,123,A09,cross-session,AdaBN
84,16,1,0.0003826589999960106,123,A09,cross-session,AdaBN
85,16,1,0.00036638600002447674,123,A09,cross-session,AdaBN
86,16,1,0.0003660280000019611,123,A09,cross-session,AdaBN
87,16,1,0.0003756259999931899,123,A09,cross-session,AdaBN
88,16,0,0.00035489799998345006,123,A09,cross-session,AdaBN
89,16,1,0.0003791350000028615,123,A09,cross-session,AdaBN
90,16,1,0.0003804430000116099,123,A09,cross-session,AdaBN
91,16,1,0.00037775500001657747,123,A09,cross-session,AdaBN
92,16,1,0.000394256000021187,123,A09,cross-session,AdaBN
93,16,0,0.00035264400000301066,123,A09,cross-session,AdaBN
94,16,0,0.00035545399998682115,123,A09,cross-session,AdaBN
95,16,1,0.0003587340000024142,123,A09,cross-session,AdaBN
96,16,1,0.0003579970000089361,123,A09,cross-session,AdaBN
97,16,1,0.00042574799999783863,123,A09,cross-session,AdaBN
98,16,1,0.00037553600000705956,123,A09,cross-session,AdaBN
99,16,1,0.00041221299997573624,123,A09,cross-session,AdaBN
100,16,1,0.0003824789999953282,123,A09,cross-session,AdaBN
101,16,1,0.0003584540000076686,123,A09,cross-session,AdaBN
102,16,1,0.00037019000001237146,123,A09,cross-session,AdaBN
103,16,1,0.0003928500000256463,123,A09,cross-session,AdaBN
104,16,0,0.00037510799998585753,123,A09,cross-session,AdaBN
105,16,1,0.0003640840000116441,123,A09,cross-session,AdaBN
106,16,1,0.00035910799999783194,123,A09,cross-session,AdaBN
107,16,1,0.0003653219999932844,123,A09,cross-session,AdaBN
108,16,0,0.000358140999992429,123,A09,cross-session,AdaBN
109,16,1,0.00037612500000250293,123,A09,cross-session,AdaBN
110,16,1,0.0003923640000209616,123,A09,cross-session,AdaBN
111,16,1,0.00038468500000021777,123,A09,cross-session,AdaBN
112,16,1,0.0003888509999967482,123,A09,cross-session,AdaBN
113,16,1,0.0003900060000034955,123,A09,cross-session,AdaBN
114,16,0,0.0003501569999855292,123,A09,cross-session,AdaBN
115,16,1,0.0003987349999761136,123,A09,cross-session,AdaBN
116,16,1,0.00035896599999318823,123,A09,cross-session,AdaBN
117,16,0,0.00035562400000799244,123,A09,cross-session,AdaBN
118,16,1,0.00040103599999952166,123,A09,cross-session,AdaBN
119,16,1,0.0003583520000063345,123,A09,cross-session,AdaBN
120,16,0,0.0004047689999993054,123,A09,cross-session,AdaBN
121,16,1,0.00036318899998377674,123,A09,cross-session,AdaBN
122,16,1,0.0003624040000147488,123,A09,cross-session,AdaBN
123,16,1,0.00038538399999765716,123,A09,cross-session,AdaBN
124,16,1,0.00036133300000074087,123,A09,cross-session,AdaBN
125,16,1,0.00039005299998962073,123,A09,cross-session,AdaBN
126,16,0,0.00035165600002073916,123,A09,cross-session,AdaBN
127,16,1,0.0003884200000072724,123,A09,cross-session,AdaBN
128,16,0,0.0003887379999980567,123,A09,cross-session,AdaBN
129,16,1,0.00036259899999890877,123,A09,cross-session,AdaBN
130,16,1,0.00038274399997817454,123,A09,cross-session,AdaBN
131,16,1,0.0003587820000063857,123,A09,cross-session,AdaBN
132,16,0,0.0003617380000093817,123,A09,cross-session,AdaBN
133,16,0,0.00037030000001436747,123,A09,cross-session,AdaBN
134,16,1,0.00038784800000257746,123,A09,cross-session,AdaBN
135,16,1,0.0003563559999975041,123,A09,cross-session,AdaBN
136,16,1,0.0003827900000032969,123,A09,cross-session,AdaBN
137,16,1,0.0003571930000134671,123,A09,cross-session,AdaBN
138,16,0,0.0003909120000002986,123,A09,cross-session,AdaBN
139,16,0,0.0003653509999992366,123,A09,cross-session,AdaBN
140,16,0,0.00036094600000069477,123,A09,cross-session,AdaBN
141,16,0,0.00041137299999149946,123,A09,cross-session,AdaBN
142,16,1,0.0003746829999897727,123,A09,cross-session,AdaBN
143,16,1,0.00039129600000364917,123,A09,cross-session,AdaBN
144,16,0,0.0003537890000018251,123,A09,cross-session,AdaBN
145,16,0,0.00035598499999878186,123,A09,cross-session,AdaBN
146,16,1,0.00039586899998766967,123,A09,cross-session,AdaBN
147,16,1,0.0003618600000265815,123,A09,cross-session,AdaBN
148,16,1,0.0003701970000236088,123,A09,cross-session,AdaBN
149,16,1,0.0003870129999938854,123,A09,cross-session,AdaBN
150,16,1,0.00035988400000519505,123,A09,cross-session,AdaBN
151,16,1,0.000387656000015113,123,A09,cross-session,AdaBN
152,16,1,0.00036111200000732424,123,A09,cross-session,AdaBN
153,16,0,0.0003551860000072793,123,A09,cross-session,AdaBN
154,16,1,0.00038249299998938113,123,A09,cross-session,AdaBN
155,16,1,0.00037044100000116487,123,A09,cross-session,AdaBN
156,16,1,0.00037972500001615117,123,A09,cross-session,AdaBN
157,16,0,0.000380757999977277,123,A09,cross-session,AdaBN
158,16,1,0.0003482689999998456,123,A09,cross-session,AdaBN
159,16,0,0.00036589399999797934,123,A09,cross-session,AdaBN
160,16,0,0.0003538889999958883,123,A09,cross-session,AdaBN
161,16,1,0.00034768200001167315,123,A09,cross-session,AdaBN
162,16,0,0.00034680800001751777,123,A09,cross-session,AdaBN
163,16,1,0.00035808900000233734,123,A09,cross-session,AdaBN
164,16,1,0.0003574090000029173,123,A09,cross-session,AdaBN
165,16,1,0.00035324600000308237,123,A09,cross-session,AdaBN
166,16,1,0.00035479199999599587,123,A09,cross-session,AdaBN
167,16,1,0.00036540599998602374,123,A09,cross-session,AdaBN
168,16,1,0.0003799879999917266,123,A09,cross-session,AdaBN
169,16,0,0.00042146100000195474,123,A09,cross-session,AdaBN
170,16,0,0.00034602499999891734,123,A09,cross-session,AdaBN
171,16,1,0.0004175370000041312,123,A09,cross-session,AdaBN
172,16,1,0.00036811999999031286,123,A09,cross-session,AdaBN
173,16,1,0.0003802629999825058,123,A09,cross-session,AdaBN
174,16,1,0.000394087000017862,123,A09,cross-session,AdaBN
175,16,1,0.00036509699998532597,123,A09,cross-session,AdaBN
176,16,1,0.00036878899999237547,123,A09,cross-session,AdaBN
177,16,0,0.0003806090000182394,123,A09,cross-session,AdaBN
178,16,1,0.0003553589999967244,123,A09,cross-session,AdaBN
179,16,1,0.0003824839999992946,123,A09,cross-session,AdaBN
180,16,1,0.0004301670000188551,123,A09,cross-session,AdaBN
181,16,0,0.0003581480000036663,123,A09,cross-session,AdaBN
182,16,0,0.00039195299999050803,123,A09,cross-session,AdaBN
183,16,1,0.00035903599999187463,123,A09,cross-session,AdaBN
184,16,1,0.0003628900000194335,123,A09,cross-session,AdaBN
185,16,0,0.00037352399999690533,123,A09,cross-session,AdaBN
186,16,1,0.00035760399998707726,123,A09,cross-session,AdaBN
187,16,1,0.00037493400000698784,123,A09,cross-session,AdaBN
188,16,1,0.0003575499999897147,123,A09,cross-session,AdaBN
189,16,1,0.0003672560000040903,123,A09,cross-session,AdaBN
190,16,1,0.00036023299998078073,123,A09,cross-session,AdaBN
191,16,1,0.0003576860000009674,123,A09,cross-session,AdaBN
192,16,1,0.00036983500001497305,123,A09,cross-session,AdaBN
193,16,1,0.0003697420000037255,123,A09,cross-session,AdaBN
194,16,1,0.00034803599999122525,123,A09,cross-session,AdaBN
195,16,1,0.00037419699998508804,123,A09,cross-session,AdaBN
196,16,1,0.0003537489999985155,123,A09,cross-session,AdaBN
197,16,1,0.00036160899998094465,123,A09,cross-session,AdaBN
198,16,1,0.0003591269999958513,123,A09,cross-session,AdaBN
199,16,1,0.0003538889999958883,123,A09,cross-session,AdaBN
200,16,1,0.000353576999998495,123,A09,cross-session,AdaBN
201,16,1,0.00036214200000017627,123,A09,cross-session,AdaBN
202,16,1,0.00036768800001141244,123,A09,cross-session,AdaBN
203,16,1,0.0003722540000126173,123,A09,cross-session,AdaBN
204,16,0,0.0003527679999990596,123,A09,cross-session,AdaBN
205,16,1,0.0003664529999980459,123,A09,cross-session,AdaBN
206,16,1,0.00035829400002285183,123,A09,cross-session,AdaBN
207,16,0,0.00036065300000132083,123,A09,cross-session,AdaBN
208,16,1,0.0003701379999938581,123,A09,cross-session,AdaBN
209,16,1,0.00035020899997562083,123,A09,cross-session,AdaBN
210,16,1,0.0003548630000125286,123,A09,cross-session,AdaBN
211,16,1,0.00038056899998650806,123,A09,cross-session,AdaBN
212,16,1,0.0003711569999893527,123,A09,cross-session,AdaBN
213,16,0,0.00040876500000308624,123,A09,cross-session,AdaBN
214,16,0,0.00035809299998845745,123,A09,cross-session,AdaBN
215,16,1,0.0003674989999922218,123,A09,cross-session,AdaBN
216,16,1,0.0003696130000037101,123,A09,cross-session,AdaBN
217,16,0,0.00035263200001622863,123,A09,cross-session,AdaBN
218,16,0,0.0003681359999916367,123,A09,cross-session,AdaBN
219,16,0,0.0003916180000089753,123,A09,cross-session,AdaBN
220,16,1,0.0003773379999927329,123,A09,cross-session,AdaBN
221,16,1,0.0003613790000258632,123,A09,cross-session,AdaBN
222,16,1,0.0003643759999931717,123,A09,cross-session,AdaBN
223,16,1,0.0003659930000026179,123,A09,cross-session,AdaBN
224,16,1,0.00036181300001203454,123,A09,cross-session,AdaBN
225,16,1,0.00037117899998406756,123,A09,cross-session,AdaBN
226,16,1,0.00036026600000127473,123,A09,cross-session,AdaBN
227,16,1,0.0003506179999988035,123,A09,cross-session,AdaBN
228,16,1,0.00035362799999916206,123,A09,cross-session,AdaBN
229,16,0,0.00036463499998262705,123,A09,cross-session,AdaBN
230,16,0,0.00038379399998689223,123,A09,cross-session,AdaBN
231,16,1,0.0003673629999809691,123,A09,cross-session,AdaBN
232,16,1,0.0003595820000157346,123,A09,cross-session,AdaBN
233,16,1,0.0003572360000134722,123,A09,cross-session,AdaBN
234,16,1,0.000370244000009734,123,A09,cross-session,AdaBN
235,16,1,0.00038632400000437883,123,A09,cross-session,AdaBN
236,16,1,0.00037912599998435326,123,A09,cross-session,AdaBN
237,16,1,0.00036030100000061793,123,A09,cross-session,AdaBN
238,16,1,0.0003517149999936464,123,A09,cross-session,AdaBN
239,16,0,0.00035749700001019846,123,A09,cross-session,AdaBN
240,16,0,0.0003583239999898069,123,A09,cross-session,AdaBN
241,16,1,0.00035365700000511424,123,A09,cross-session,AdaBN
242,16,1,0.0003574330000049031,123,A09,cross-session,AdaBN
243,16,0,0.0003439760000105707,123,A09,cross-session,AdaBN
244,16,1,0.0003641890000096737,123,A09,cross-session,AdaBN
245,16,1,0.0003622209999889492,123,A09,cross-session,AdaBN
246,16,1,0.00037134899997681714,123,A09,cross-session,AdaBN
247,16,0,0.00036762599998496626,123,A09,cross-session,AdaBN
248,16,1,0.00035639800000808464,123,A09,cross-session,AdaBN
249,16,0,0.0003578209999943738,123,A09,cross-session,AdaBN
250,16,1,0.00036139599998818994,123,A09,cross-session,AdaBN
251,16,0,0.00035405399998467146,123,A09,cross-session,AdaBN
252,16,0,0.00036804700002335267,123,A09,cross-session,AdaBN
253,16,1,0.00035398200000713587,123,A09,cross-session,AdaBN
254,16,1,0.0003460400000108166,123,A09,cross-session,AdaBN
255,16,1,0.0003554339999993772,123,A09,cross-session,AdaBN
256,16,0,0.0003552150000132315,123,A09,cross-session,AdaBN
257,16,1,0.00037547099998391786,123,A09,cross-session,AdaBN
258,16,1,0.00035886900002424227,123,A09,cross-session,AdaBN
259,16,0,0.0003475349999746413,123,A09,cross-session,AdaBN
260,16,0,0.0003537040000196612,123,A09,cross-session,AdaBN
261,16,1,0.0003776899999934358,123,A09,cross-session,AdaBN
262,16,1,0.00035423199997808297,123,A09,cross-session,AdaBN
263,16,0,0.00035263700002019505,123,A09,cross-session,AdaBN
264,16,1,0.0003539939999939179,123,A09,cross-session,AdaBN
265,16,1,0.0003522669999824757,123,A09,cross-session,AdaBN
266,16,0,0.00036741400001005786,123,A09,cross-session,AdaBN
267,16,1,0.0003570540000055189,123,A09,cross-session,AdaBN
268,16,1,0.00035756500000161395,123,A09,cross-session,AdaBN
269,16,1,0.0003473499999984142,123,A09,cross-session,AdaBN
270,16,0,0.0003575549999936811,123,A09,cross-session,AdaBN
271,16,1,0.0003603669999847625,123,A09,cross-session,AdaBN
272,16,1,0.0003485510000018621,123,A09,cross-session,AdaBN
273,16,1,0.0003615649999915149,123,A09,cross-session,AdaBN
274,16,1,0.00035425300001179494,123,A09,cross-session,AdaBN
275,16,0,0.00034902400000191847,123,A09,cross-session,AdaBN
276,16,0,0.0003618439999968359,123,A09,cross-session,AdaBN
277,16,1,0.0003606070000046202,123,A09,cross-session,AdaBN
278,16,1,0.0003547999999966578,123,A09,cross-session,AdaBN
279,16,0,0.00036108999998418767,123,A09,cross-session,AdaBN
280,16,1,0.00035038699999745404,123,A09,cross-session,AdaBN
281,16,0,0.0003874070000051688,123,A09,cross-session,AdaBN
282,16,1,0.00035250799999175797,123,A09,cross-session,AdaBN
283,16,1,0.00035819499998979154,123,A09,cross-session,AdaBN
284,16,1,0.00036185200002591955,123,A09,cross-session,AdaBN
285,16,1,0.00035418500002037945,123,A09,cross-session,AdaBN
286,16,1,0.00034941100000196457,123,A09,cross-session,AdaBN
287,16,0,0.0003592429999912383,123,A09,cross-session,AdaBN
