trial_idx,buffer_trials,correct,step_time_sec,seed,subject,protocol,adaptation
0,1,0,0.10483792700006234,42,A01,cross-session,AdaBN
1,2,1,0.0026800129999173805,42,A01,cross-session,AdaBN
2,3,1,0.002047532999995383,42,A01,cross-session,AdaBN
3,4,1,0.0017304290000765832,42,A01,cross-session,AdaBN
4,5,1,0.001720570999964366,42,A01,cross-session,AdaBN
5,6,0,0.0017607350000616862,42,A01,cross-session,AdaBN
6,7,1,0.007817691000013838,42,A01,cross-session,AdaBN
7,8,0,0.0017393110000512024,42,A01,cross-session,AdaBN
8,9,1,0.0018906430000242835,42,A01,cross-session,AdaBN
9,10,1,0.0016179550000288145,42,A01,cross-session,AdaBN
10,11,0,0.0015590399999609872,42,A01,cross-session,AdaBN
11,12,0,0.0015960069999891857,42,A01,cross-session,AdaBN
12,13,1,0.0018260949999557852,42,A01,cross-session,AdaBN
13,14,1,0.001749558999904366,42,A01,cross-session,AdaBN
14,15,0,0.0018182869999918694,42,A01,cross-session,AdaBN
15,16,1,0.0018213629999763725,42,A01,cross-session,AdaBN
16,17,1,0.01436907999993764,42,A01,cross-session,AdaBN
17,18,1,0.001918528000032893,42,A01,cross-session,AdaBN
18,19,1,0.001526035999972919,42,A01,cross-session,AdaBN
19,20,1,0.0015015040000889712,42,A01,cross-session,AdaBN
20,21,1,0.0016032009999662478,42,A01,cross-session,AdaBN
21,22,1,0.001460808000047109,42,A01,cross-session,AdaBN
22,23,1,0.0015380439999717055,42,A01,cross-session,AdaBN
23,24,1,0.0018242810000401732,42,A01,cross-session,AdaBN
24,25,0,0.0016665629999579323,42,A01,cross-session,AdaBN
25,26,1,0.001700520999975197,42,A01,cross-session,AdaBN
26,27,1,0.0017278809999652367,42,A01,cross-session,AdaBN
27,28,1,0.001782077000029858,42,A01,cross-session,AdaBN
28,29,0,0.0016752079999378111,42,A01,cross-session,AdaBN
29,30,0,0.0017380280000907078,42,A01,cross-session,AdaBN
30,31,0,0.0015507340000340264,42,A01,cross-session,AdaBN
31,32,1,0.0018146090000072945,42,A01,cross-session,AdaBN
32,32,1,0.00042593000000579195,42,A01,cross-session,AdaBN
33,32,1,0.00039639699991766975,42,A01,cross-session,AdaBN
34,32,1,0.00042744600000332866,42,A01,cross-session,AdaBN
35,32,1,0.00040475899993452913,42,A01,cross-session,AdaBN
36,32,1,0.00039414499997292296,42,A01,cross-session,AdaBN
37,32,0,0.00041643099996235833,42,A01,cross-session,AdaBN
38,32,1,0.0004679179999129701,42,A01,cross-session,AdaBN
39,32,0,0.0004274920000852944,42,A01,cross-session,AdaBN
40,32,1,0.00042350999990503624,42,A01,cross-session,AdaBN
41,32,1,0.00038264499994511425,42,A01,cross-session,AdaBN
42,32,1,0.0004151130000309422,42,A01,cross-session,AdaBN
43,32,0,0.0004089230000090538,42,A01,cross-session,AdaBN
44,32,1,0.0003880889998981729,42,A01,cross-session,AdaBN
45,32,1,0.0004889119999234026,42,A01,cross-session,AdaBN
46,32,1,0.0004279940000060378,42,A01,cross-session,AdaBN
47,32,0,0.00040926799999851937,42,A01,cross-session,AdaBN
48,32,0,0.00038906500003577094,42,A01,cross-session,AdaBN
49,32,0,0.0003780020000476725,42,A01,cross-session,AdaBN
50,32,1,0.00037978600005317276,42,A01,cross-session,AdaBN
51,32,0,0.00037258999998357467,42,A01,cross-session,AdaBN
52,32,1,0.00039666400004989555,42,A01,cross-session,AdaBN
53,32,1,0.0004954419999876336,42,A01,cross-session,AdaBN
54,32,0,0.0004083950000222103,42,A01,cross-session,AdaBN
55,32,0,0.0004018229999473988,42,A01,cross-session,AdaBN
56,32,1,0.0004458879999447163,42,A01,cross-session,AdaBN
57,32,1,0.00037428099994940567,42,A01,cross-session,AdaBN
58,32,1,0.0004648509999469752,42,A01,cross-session,AdaBN
59,32,1,0.00043672499998592684,42,A01,cross-session,AdaBN
60,32,0,0.0004086430000143082,42,A01,cross-session,AdaBN
61,32,0,0.00039831099991261,42,A01,cross-session,AdaBN
62,32,1,0.0004050589999451404,42,A01,cross-session,AdaBN
63,32,1,0.0003756579999389942,42,A01,cross-session,AdaBN
64,32,1,0.00039692399991508864,42,A01,cross-session,AdaBN
65,32,0,0.000387621999948351,42,A01,cross-session,AdaBN
66,32,0,0.00042368599997644196,42,A01,cross-session,AdaBN
67,32,1,0.00038443100004315056,42,A01,cross-session,AdaBN
68,32,1,0.00039834900007917895,42,A01,cross-session,AdaBN
69,32,0,0.00046664600006351975,42,A01,cross-session,AdaBN
70,32,1,0.00038492099997711193,42,A01,cross-session,AdaBN
71,32,0,0.0003857159999824944,42,A01,cross-session,AdaBN
72,32,0,0.000385712000024796,42,A01,cross-session,AdaBN
73,32,1,0.0003733039999360699,42,A01,cross-session,AdaBN
74,32,1,0.0004269009999688933,42,A01,cross-session,AdaBN
75,32,1,0.0004850200000419136,42,A01,cross-session,AdaBN
76,32,1,0.0003808260000823793,42,A01,cross-session,AdaBN
77,32,0,0.0004003410000450458,42,A01,cross-session,AdaBN
78,32,1,0.000387540000019726,42,A01,cross-session,AdaBN
79,32,1,0.00037849000000278465,42,A01,cross-session,AdaBN
80,32,1,0.0004049240000085774,42,A01,cross-session,AdaBN
81,32,0,0.00039364600002045336,42,A01,cross-session,AdaBN
82,32,1,0.00042795500007741794,42,A01,cross-session,AdaBN
83,32,1,0.00038907999999082676,42,A01,cross-session,AdaBN
84,32,1,0.0003772149999576868,42,A01,cross-session,AdaBN
85,32,0,0.00038723100010429334,42,A01,cross-session,AdaBN
86,32,0,0.0004063709999400089,42,A01,cross-session,AdaBN
87,32,1,0.0004294999999956417,42,A01,cross-session,AdaBN
88,32,1,0.0004123580000623406,42,A01,cross-session,AdaBN
89,32,0,0.00037768999993659236,42,A01,cross-session,AdaBN
90,32,1,0.00038811400008853525,42,A01,cross-session,AdaBN
91,32,1,0.00037789499992868514,42,A01,cross-session,AdaBN
92,32,1,0.0004296459999295621,42,A01,cross-session,AdaBN
93,32,1,0.0004329119999511022,42,A01,cross-session,AdaBN
94,32,0,0.0003951990000814476,42,A01,cross-session,AdaBN
95,32,0,0.00039147099994352175,42,A01,cross-session,AdaBN
96,32,1,0.0003950369999756731,42,A01,cross-session,AdaBN
97,32,0,0.0004125629999407465,42,A01,cross-session,AdaBN
98,32,1,0.0004117039999300687,42,A01,cross-session,AdaBN
99,32,1,0.0004113219999908324,42,A01,cross-session,AdaBN
100,32,1,0.00038654000002225075,42,A01,cross-session,AdaBN
101,32,0,0.00038063600004534237,42,A01,cross-session,AdaBN
102,32,1,0.0003913409999540818,42,A01,cross-session,AdaBN
103,32,0,0.00041470400003618124,42,A01,cross-session,AdaBN
104,32,0,0.0004080080000221642,42,A01,cross-session,AdaBN
105,32,1,0.00039656100000229344,42,A01,cross-session,AdaBN
106,32,1,0.0003970149999759087,42,A01,cross-session,AdaBN
107,32,1,0.0003807230000347772,42,A01,cross-session,AdaBN
108,32,1,0.00038397000002987625,42,A01,cross-session,AdaBN
109,32,1,0.0004461159999209485,42,A01,cross-session,AdaBN
110,32,1,0.0004813099999410042,42,A01,cross-session,AdaBN
111,32,1,0.00037725899994711654,42,A01,cross-session,AdaBN
112,32,0,0.00037595200001305784,42,A01,cross-session,AdaBN
113,32,1,0.00045318499996938044,42,A01,cross-session,AdaBN
114,32,0,0.0004106189999220078,42,A01,cross-session,AdaBN
115,32,1,0.0003838700000642348,42,A01,cross-session,AdaBN
116,32,0,0.00040137999997114093,42,A01,cross-session,AdaBN
117,32,1,0.000432982000006632,42,A01,cross-session,AdaBN
118,32,1,0.00039168199998584896,42,A01,cross-session,AdaBN
119,32,1,0.00041049200001452846,42,A01,cross-session,AdaBN
120,32,1,0.000404011000000537,42,A01,cross-session,AdaBN
121,32,1,0.00037771600000269245,42,A01,cross-session,AdaBN
122,32,0,0.0003807440000400675,42,A01,cross-session,AdaBN
123,32,1,0.00038181800005077093,42,A01,cross-session,AdaBN
124,32,0,0.0003735569999889776,42,A01,cross-session,AdaBN
125,32,0,0.00039180900000701513,42,A01,cross-session,AdaBN
126,32,0,0.0003812850000031176,42,A01,cross-session,AdaBN
127,32,0,0.0003886310000780213,42,A01,cross-session,AdaBN
128,32,1,0.0004057269999293567,42,A01,cross-session,AdaBN
129,32,0,0.0003823069999953077,42,A01,cross-session,AdaBN
130,32,1,0.00040992300000652904,42,A01,cross-session,AdaBN
131,32,1,0.00041692599995712953,42,A01,cross-session,AdaBN
132,32,0,0.0004955529999506325,42,A01,cross-session,AdaBN
133,32,1,0.00040890900004342257,42,A01,cross-session,AdaBN
134,32,0,0.0004586549999885392,42,A01,cross-session,AdaBN
135,32,1,0.00039072799995665264,42,A01,cross-session,AdaBN
136,32,0,0.0004432089999681921,42,A01,cross-session,AdaBN
137,32,0,0.0004071109999586042,42,A01,cross-session,AdaBN
138,32,1,0.0003800929999897562,42,A01,cross-session,AdaBN
139,32,1,0.00040800099998250516,42,A01,cross-session,AdaBN
140,32,1,0.00038713000003554043,42,A01,cross-session,AdaBN
141,32,1,0.00039731499998652,42,A01,cross-session,AdaBN
142,32,0,0.00044712900000831723,42,A01,cross-session,AdaBN
143,32,1,0.00038812499997220584,42,A01,cross-session,AdaBN
144,32,1,0.0003898649999882764,42,A01,cross-session,AdaBN
145,32,1,0.00043943299999682495,42,A01,cross-session,AdaBN
146,32,0,0.0004378360000600878,42,A01,cross-session,AdaBN
147,32,0,0.0004024180000214983,42,A01,cross-session,AdaBN
148,32,1,0.0004584409999779382,42,A01,cross-session,AdaBN
149,32,1,0.0003835720000324727,42,A01,cross-session,AdaBN
150,32,0,0.0003909560000465717,42,A01,cross-session,AdaBN
151,32,1,0.00039603100003660074,42,A01,cross-session,AdaBN
152,32,1,0.0005344260000583745,42,A01,cross-session,AdaBN
153,32,1,0.000420469999994566,42,A01,cross-session,AdaBN
154,32,0,0.0004111499999908119,42,A01,cross-session,AdaBN
155,32,1,0.00044938899998214765,42,A01,cross-session,AdaBN
156,32,0,0.00040321699998457916,42,A01,cross-session,AdaBN
157,32,1,0.00042743699998482043,42,A01,cross-session,AdaBN
158,32,0,0.0004264229999080271,42,A01,cross-session,AdaBN
159,32,0,0.00039381800002047385,42,A01,cross-session,AdaBN
160,32,1,0.0003734470000154033,42,A01,cross-session,AdaBN
161,32,1,0.00044468299995514826,42,A01,cross-session,AdaBN
162,32,0,0.0004032560000268859,42,A01,cross-session,AdaBN
163,32,1,0.00042356000005838723,42,A01,cross-session,AdaBN
164,32,0,0.0003920909999806099,42,A01,cross-session,AdaBN
165,32,1,0.00039384800004427234,42,A01,cross-session,AdaBN
166,32,0,0.0004958810000061931,42,A01,cross-session,AdaBN
167,32,1,0.00040707499999825814,42,A01,cross-session,AdaBN
168,32,1,0.0004045700000006036,42,A01,cross-session,AdaBN
169,32,1,0.0003896230000464129,42,A01,cross-session,AdaBN
170,32,1,0.0005031990000361475,42,A01,cross-session,AdaBN
171,32,0,0.00038784499997746025,42,A01,cross-session,AdaBN
172,32,1,0.00038759599999593775,42,A01,cross-session,AdaBN
173,32,1,0.00039245099992513133,42,A01,cross-session,AdaBN
174,32,0,0.0005071309999493678,42,A01,cross-session,AdaBN
175,32,0,0.0003971810000393816,42,A01,cross-session,AdaBN
176,32,1,0.00037869599998430203,42,A01,cross-session,AdaBN
177,32,1,0.00038559200004328886,42,A01,cross-session,AdaBN
178,32,1,0.00040037499991285586,42,A01,cross-session,AdaBN
179,32,0,0.0003933450000204175,42,A01,cross-session,AdaBN
180,32,0,0.00038918999996440107,42,A01,cross-session,AdaBN
181,32,1,0.0004025329999421956,42,A01,cross-session,AdaBN
182,32,0,0.0004024780000690953,42,A01,cross-session,AdaBN
183,32,0,0.00042769099991346593,42,A01,cross-session,AdaBN
184,32,1,0.0004107500000145592,42,A01,cross-session,AdaBN
185,32,1,0.00038609000000633387,42,A01,cross-session,AdaBN
186,32,1,0.0003903289999698245,42,A01,cross-session,AdaBN
187,32,0,0.00040546299999277835,42,A01,cross-session,AdaBN
188,32,1,0.00047603300004084304,42,A01,cross-session,AdaBN
189,32,1,0.00039808599990465154,42,A01,cross-session,AdaBN
190,32,1,0.00039593500002865767,42,A01,cross-session,AdaBN
191,32,1,0.0003923329999224734,42,A01,cross-session,AdaBN
192,32,0,0.0004120820000252934,42,A01,cross-session,AdaBN
193,32,1,0.00043349199995645904,42,A01,cross-session,AdaBN
194,32,0,0.0004076709999480954,42,A01,cross-session,AdaBN
195,32,0,0.00040655500004049827,42,A01,cross-session,AdaBN
196,32,1,0.00038932100005695247,42,A01,cross-session,AdaBN
197,32,1,0.00039568099998632533,42,A01,cross-session,AdaBN
198,32,1,0.0004985049999959301,42,A01,cross-session,AdaBN
199,32,0,0.0004242640000029496,42,A01,cross-session,AdaBN
200,32,0,0.00037739100002909254,42,A01,cross-session,AdaBN
201,32,1,0.00038830799996958376,42,A01,cross-session,AdaBN
202,32,1,0.00037304499994661455,42,A01,cross-session,AdaBN
203,32,0,0.0003805510000347567,42,A01,cross-session,AdaBN
204,32,1,0.00041526300003624783,42,A01,cross-session,AdaBN
205,32,1,0.0004599960000177816,42,A01,cross-session,AdaBN
206,32,0,0.00039618899995730317,42,A01,cross-session,AdaBN
207,32,1,0.0005169229999637537,42,A01,cross-session,AdaBN
208,32,1,0.00044466999997894163,42,A01,cross-session,AdaBN
209,32,1,0.00039525600004708394,42,A01,cross-session,AdaBN
210,32,0,0.0004882830000951799,42,A01,cross-session,AdaBN
211,32,0,0.0004292959999929735,42,A01,cross-session,AdaBN
212,32,1,0.0003937989999940328,42,A01,cross-session,AdaBN
213,32,1,0.0003934299999173163,42,A01,cross-session,AdaBN
214,32,1,0.0003896219999433015,42,A01,cross-session,AdaBN
215,32,1,0.0003860379999878205,42,A01,cross-session,AdaBN
216,32,0,0.0004167980000602256,42,A01,cross-session,AdaBN
217,32,1,0.000408345000096233,42,A01,cross-session,AdaBN
218,32,1,0.0003847010000299633,42,A01,cross-session,AdaBN
219,32,1,0.000394714999970347,42,A01,cross-session,AdaBN
220,32,1,0.00039636299993617286,42,A01,cross-session,AdaBN
221,32,1,0.00039498000001003675,42,A01,cross-session,AdaBN
222,32,0,0.0003978259999257716,42,A01,cross-session,AdaBN
223,32,1,0.0005043969999860565,42,A01,cross-session,AdaBN
224,32,0,0.00039867899999990186,42,A01,cross-session,AdaBN
225,32,1,0.00037880399997902714,42,A01,cross-session,AdaBN
226,32,0,0.0004012289999764107,42,A01,cross-session,AdaBN
227,32,1,0.00039375500000460306,42,A01,cross-session,AdaBN
228,32,0,0.0003857319999269748,42,A01,cross-session,AdaBN
229,32,1,0.0005269709999993211,42,A01,cross-session,AdaBN
230,32,0,0.00043661400002292794,42,A01,cross-session,AdaBN
231,32,0,0.00042139999993651145,42,A01,cross-session,AdaBN
232,32,0,0.0004188089999388467,42,A01,cross-session,AdaBN
233,32,1,0.0004045850000693463,42,A01,cross-session,AdaBN
234,32,1,0.00039451800000733783,42,A01,cross-session,AdaBN
235,32,1,0.0004686360000505374,42,A01,cross-session,AdaBN
236,32,0,0.00044115399998645444,42,A01,cross-session,AdaBN
237,32,1,0.0004013349999922866,42,A01,cross-session,AdaBN
238,32,1,0.0003854270000829274,42,A01,cross-session,AdaBN
239,32,1,0.0005040259999304908,42,A01,cross-session,AdaBN
240,32,0,0.0004166940000231989,42,A01,cross-session,AdaBN
241,32,1,0.00037141400002838054,42,A01,cross-session,AdaBN
242,32,1,0.00042488699989462475,42,A01,cross-session,AdaBN
243,32,1,0.0004841790000682522,42,A01,cross-session,AdaBN
244,32,1,0.0004287599999770464,42,A01,cross-session,AdaBN
245,32,1,0.00040342199997667194,42,A01,cross-session,AdaBN
246,32,1,0.00038802200003829057,42,A01,cross-session,AdaBN
247,32,1,0.000502594000067802,42,A01,cross-session,AdaBN
248,32,1,0.00041055500003039924,42,A01,cross-session,AdaBN
249,32,1,0.00043046100006449706,42,A01,cross-session,AdaBN
250,32,1,0.0003965160000234391,42,A01,cross-session,AdaBN
251,32,0,0.0003880079999589725,42,A01,cross-session,AdaBN
252,32,1,0.00038157400001637143,42,A01,cross-session,AdaBN
253,32,0,0.00045093100004578446,42,A01,cross-session,AdaBN
254,32,1,0.0004021149999289264,42,A01,cross-session,AdaBN
255,32,1,0.0004013669999949343,42,A01,cross-session,AdaBN
256,32,1,0.00040582399992672435,42,A01,cross-session,AdaBN
257,32,1,0.00039566299994930887,42,A01,cross-session,AdaBN
258,32,1,0.00046997700007977983,42,A01,cross-session,AdaBN
259,32,1,0.00040936000004876405,42,A01,cross-session,AdaBN
260,32,0,0.0003898319999962041,42,A01,cross-session,AdaBN
261,32,1,0.00038917300003049604,42,A01,cross-session,AdaBN
262,32,1,0.00038530500000888424,42,A01,cross-session,AdaBN
263,32,0,0.0003859779999402235,42,A01,cross-session,AdaBN
264,32,1,0.0003755490000685313,42,A01,cross-session,AdaBN
265,32,1,0.00039725900001030823,42,A01,cross-session,AdaBN
266,32,0,0.00044636699999500706,42,A01,cross-session,AdaBN
267,32,0,0.00039490999995450693,42,A01,cross-session,AdaBN
268,32,1,0.00042972500000360014,42,A01,cross-session,AdaBN
269,32,0,0.0004083979999904841,42,A01,cross-session,AdaBN
270,32,1,0.0003858910000644755,42,A01,cross-session,AdaBN
271,32,1,0.0003907050000862,42,A01,cross-session,AdaBN
272,32,1,0.0004921309999872392,42,A01,cross-session,AdaBN
273,32,1,0.00038922499993532256,42,A01,cross-session,AdaBN
274,32,0,0.00038735099997211364,42,A01,cross-session,AdaBN
275,32,0,0.00045058499995320744,42,A01,cross-session,AdaBN
276,32,1,0.0004563679999591841,42,A01,cross-session,AdaBN
277,32,0,0.000410962000046311,42,A01,cross-session,AdaBN
278,32,0,0.0003840629999558587,42,A01,cross-session,AdaBN
279,32,1,0.00038151799992647284,42,A01,cross-session,AdaBN
280,32,1,0.00042794499995579827,42,A01,cross-session,AdaBN
281,32,0,0.0004892979999340241,42,A01,cross-session,AdaBN
282,32,0,0.00042585400001371454,42,A01,cross-session,AdaBN
283,32,0,0.00038985200001206977,42,A01,cross-session,AdaBN
284,32,0,0.00043066099999578,42,A01,cross-session,AdaBN
285,32,1,0.00041412099994886375,42,A01,cross-session,AdaBN
286,32,1,0.00037986300003467477,42,A01,cross-session,AdaBN
287,32,1,0.0003991810000343321,42,A01,cross-session,AdaBN
0,1,0,0.0005573360000425964,42,A02,cross-session,AdaBN
1,2,0,0.00047312799995324895,42,A02,cross-session,AdaBN
2,3,0,0.0004935270000032688,42,A02,cross-session,AdaBN
3,4,0,0.0004641960000526524,42,A02,cross-session,AdaBN
4,5,1,0.00046994900003483053,42,A02,cross-session,AdaBN
5,6,1,0.00045113999999557564,42,A02,cross-session,AdaBN
6,7,0,0.0004512680000061664,42,A02,cross-session,AdaBN
7,8,1,0.0004265420000137965,42,A02,cross-session,AdaBN
8,9,1,0.0005911219999461537,42,A02,cross-session,AdaBN
9,10,0,0.0006691979999686737,42,A02,cross-session,AdaBN
10,11,0,0.000636817999975392,42,A02,cross-session,AdaBN
11,12,0,0.0006378880000283971,42,A02,cross-session,AdaBN
12,13,0,0.0006360510000149588,42,A02,cross-session,AdaBN
13,14,0,0.0006375400000706577,42,A02,cross-session,AdaBN
14,15,0,0.0009066930000471984,42,A02,cross-session,AdaBN
15,16,1,0.0011256529999172926,42,A02,cross-session,AdaBN
16,17,0,0.0010824579999280104,42,A02,cross-session,AdaBN
17,18,1,0.0010951579999982641,42,A02,cross-session,AdaBN
18,19,1,0.0010836989999916113,42,A02,cross-session,AdaBN
19,20,0,0.0010669969999526074,42,A02,cross-session,AdaBN
20,21,0,0.001062434999994366,42,A02,cross-session,AdaBN
21,22,0,0.0010362790000044697,42,A02,cross-session,AdaBN
22,23,0,0.0010950639999691703,42,A02,cross-session,AdaBN
23,24,1,0.0011177659999930256,42,A02,cross-session,AdaBN
24,25,0,0.0010395790000075067,42,A02,cross-session,AdaBN
25,26,1,0.0010329069999670537,42,A02,cross-session,AdaBN
26,27,0,0.001050671000029979,42,A02,cross-session,AdaBN
27,28,0,0.0011243220000096699,42,A02,cross-session,AdaBN
28,29,0,0.0012898690000611168,42,A02,cross-session,AdaBN
29,30,0,0.0005525469999838606,42,A02,cross-session,AdaBN
30,31,0,0.0004032680000136679,42,A02,cross-session,AdaBN
31,32,1,0.0003740960000868654,42,A02,cross-session,AdaBN
32,32,1,0.0003606720000561836,42,A02,cross-session,AdaBN
33,32,0,0.00037525000004734466,42,A02,cross-session,AdaBN
34,32,1,0.00036942099995940225,42,A02,cross-session,AdaBN
35,32,1,0.00044722800009822095,42,A02,cross-session,AdaBN
36,32,0,0.000432772999943154,42,A02,cross-session,AdaBN
37,32,0,0.00041199999998298154,42,A02,cross-session,AdaBN
38,32,0,0.0003798899999765126,42,A02,cross-session,AdaBN
39,32,0,0.0003634539999666231,42,A02,cross-session,AdaBN
40,32,1,0.00036579200002506695,42,A02,cross-session,AdaBN
41,32,0,0.00041668000005756767,42,A02,cross-session,AdaBN
42,32,1,0.0003743519999943601,42,A02,cross-session,AdaBN
43,32,0,0.0004005880000477191,42,A02,cross-session,AdaBN
44,32,0,0.00039325600005213346,42,A02,cross-session,AdaBN
45,32,0,0.000394305999975586,42,A02,cross-session,AdaBN
46,32,1,0.00036082400004033843,42,A02,cross-session,AdaBN
47,32,0,0.0003751300000658375,42,A02,cross-session,AdaBN
48,32,0,0.00038661799999317736,42,A02,cross-session,AdaBN
49,32,0,0.0004321730000356183,42,A02,cross-session,AdaBN
50,32,0,0.00039128000003074703,42,A02,cross-session,AdaBN
51,32,1,0.0003738309999334888,42,A02,cross-session,AdaBN
52,32,1,0.0003623900000775393,42,A02,cross-session,AdaBN
53,32,0,0.0003966730000684038,42,A02,cross-session,AdaBN
54,32,0,0.00036442999999053427,42,A02,cross-session,AdaBN
55,32,0,0.0003566699999737466,42,A02,cross-session,AdaBN
56,32,0,0.0003583569999818792,42,A02,cross-session,AdaBN
57,32,0,0.00038769500008584146,42,A02,cross-session,AdaBN
58,32,1,0.0004276149999213885,42,A02,cross-session,AdaBN
59,32,1,0.00038034300007439015,42,A02,cross-session,AdaBN
60,32,1,0.00038900399999874935,42,A02,cross-session,AdaBN
61,32,0,0.00036199099997702433,42,A02,cross-session,AdaBN
62,32,0,0.0003634939999983544,42,A02,cross-session,AdaBN
63,32,0,0.0003641160000142918,42,A02,cross-session,AdaBN
64,32,0,0.00037050999992516154,42,A02,cross-session,AdaBN
65,32,1,0.00035931800005073455,42,A02,cross-session,AdaBN
66,32,1,0.0003818380000666366,42,A02,cross-session,AdaBN
67,32,0,0.00036938099992767093,42,A02,cross-session,AdaBN
68,32,1,0.0003617690000510265,42,A02,cross-session,AdaBN
69,32,0,0.00035141299997576425,42,A02,cross-session,AdaBN
70,32,0,0.0004171470000073896,42,A02,cross-session,AdaBN
71,32,0,0.0003751030000103128,42,A02,cross-session,AdaBN
72,32,0,0.0003713429999834261,42,A02,cross-session,AdaBN
73,32,0,0.0003663749999986976,42,A02,cross-session,AdaBN
74,32,0,0.0003959869999334842,42,A02,cross-session,AdaBN
75,32,0,0.00036727600001995597,42,A02,cross-session,AdaBN
76,32,1,0.00035807700010082044,42,A02,cross-session,AdaBN
77,32,0,0.0003911170000492348,42,A02,cross-session,AdaBN
78,32,0,0.00037489700002879545,42,A02,cross-session,AdaBN
79,32,0,0.0003933169999754682,42,A02,cross-session,AdaBN
80,32,0,0.0003734199999598786,42,A02,cross-session,AdaBN
81,32,1,0.0003638680000221939,42,A02,cross-session,AdaBN
82,32,0,0.0003738599999678627,42,A02,cross-session,AdaBN
83,32,0,0.00035569700003179605,42,A02,cross-session,AdaBN
84,32,0,0.00035617600008208683,42,A02,cross-session,AdaBN
85,32,1,0.00035618000003978523,42,A02,cross-session,AdaBN
86,32,0,0.00036790000001474255,42,A02,cross-session,AdaBN
87,32,1,0.00037388700002338737,42,A02,cross-session,AdaBN
88,32,0,0.00036410799998520815,42,A02,cross-session,AdaBN
89,32,0,0.00039347400002043287,42,A02,cross-session,AdaBN
90,32,0,0.00037233900002320297,42,A02,cross-session,AdaBN
91,32,1,0.000366790000043693,42,A02,cross-session,AdaBN
92,32,0,0.00036825600000156555,42,A02,cross-session,AdaBN
93,32,1,0.0003951009999809685,42,A02,cross-session,AdaBN
94,32,1,0.0003828200000270954,42,A02,cross-session,AdaBN
95,32,0,0.0003893990000278791,42,A02,cross-session,AdaBN
96,32,0,0.0003842769999664597,42,A02,cross-session,AdaBN
97,32,1,0.00038740700006201223,42,A02,cross-session,AdaBN
98,32,1,0.00036053499991339777,42,A02,cross-session,AdaBN
99,32,0,0.0003657599999087324,42,A02,cross-session,AdaBN
100,32,1,0.000359208999952898,42,A02,cross-session,AdaBN
101,32,0,0.00035611300006621605,42,A02,cross-session,AdaBN
102,32,1,0.0003625460000193925,42,A02,cross-session,AdaBN
103,32,0,0.0003599069999609128,42,A02,cross-session,AdaBN
104,32,0,0.00041587199996229174,42,A02,cross-session,AdaBN
105,32,0,0.0003847270000960634,42,A02,cross-session,AdaBN
106,32,1,0.0003737619999810704,42,A02,cross-session,AdaBN
107,32,0,0.0003598779999265389,42,A02,cross-session,AdaBN
108,32,0,0.0003547389999312145,42,A02,cross-session,AdaBN
109,32,0,0.0004116710000516832,42,A02,cross-session,AdaBN
110,32,0,0.0003686800000650692,42,A02,cross-session,AdaBN
111,32,0,0.0003765859999020904,42,A02,cross-session,AdaBN
112,32,1,0.00039254700004676124,42,A02,cross-session,AdaBN
113,32,0,0.00035605499999746826,42,A02,cross-session,AdaBN
114,32,1,0.0003582589999950869,42,A02,cross-session,AdaBN
115,32,1,0.00040479300002971286,42,A02,cross-session,AdaBN
116,32,0,0.00036470600002758147,42,A02,cross-session,AdaBN
117,32,0,0.0003732019999915792,42,A02,cross-session,AdaBN
118,32,0,0.00037232300007872254,42,A02,cross-session,AdaBN
119,32,0,0.0003927110000176981,42,A02,cross-session,AdaBN
120,32,0,0.00038218400004552677,42,A02,cross-session,AdaBN
121,32,0,0.00038959200003318983,42,A02,cross-session,AdaBN
122,32,0,0.0003528910000341057,42,A02,cross-session,AdaBN
123,32,1,0.0003561429999763277,42,A02,cross-session,AdaBN
124,32,0,0.00041854400001284375,42,A02,cross-session,AdaBN
125,32,1,0.00037518199997066404,42,A02,cross-session,AdaBN
126,32,1,0.000352592000012919,42,A02,cross-session,AdaBN
127,32,1,0.0003756319999865809,42,A02,cross-session,AdaBN
128,32,1,0.00038851199997225194,42,A02,cross-session,AdaBN
129,32,0,0.00037391700004718587,42,A02,cross-session,AdaBN
130,32,0,0.0003745920000710612,42,A02,cross-session,AdaBN
131,32,0,0.00036973699991449394,42,A02,cross-session,AdaBN
132,32,0,0.00039417999994384445,42,A02,cross-session,AdaBN
133,32,1,0.0003686860000016168,42,A02,cross-session,AdaBN
134,32,1,0.0003707390000045052,42,A02,cross-session,AdaBN
135,32,0,0.0003630029999612816,42,A02,cross-session,AdaBN
136,32,1,0.0003523620000578376,42,A02,cross-session,AdaBN
137,32,0,0.00036316399996394466,42,A02,cross-session,AdaBN
138,32,0,0.0003760810000130732,42,A02,cross-session,AdaBN
139,32,1,0.00035766899998179724,42,A02,cross-session,AdaBN
140,32,1,0.00036758100009137706,42,A02,cross-session,AdaBN
141,32,1,0.00039396399995439424,42,A02,cross-session,AdaBN
142,32,1,0.0003706389999251769,42,A02,cross-session,AdaBN
143,32,0,0.00040304899994225707,42,A02,cross-session,AdaBN
144,32,0,0.00039030599998568505,42,A02,cross-session,AdaBN
145,32,0,0.0003750609999997323,42,A02,cross-session,AdaBN
146,32,1,0.000430995000101575,42,A02,cross-session,AdaBN
147,32,0,0.0003893970000490299,42,A02,cross-session,AdaBN
148,32,1,0.0003747680000287801,42,A02,cross-session,AdaBN
149,32,0,0.00036723300001995085,42,A02,cross-session,AdaBN
150,32,0,0.0003738640000392479,42,A02,cross-session,AdaBN
151,32,0,0.00035926199996083596,42,A02,cross-session,AdaBN
152,32,1,0.0003578930000003311,42,A02,cross-session,AdaBN
153,32,0,0.0003580680000823122,42,A02,cross-session,AdaBN
154,32,0,0.00036443099997995887,42,A02,cross-session,AdaBN
155,32,1,0.00035435100005543063,42,A02,cross-session,AdaBN
156,32,0,0.00034627100001216604,42,A02,cross-session,AdaBN
157,32,0,0.0003716830000257687,42,A02,cross-session,AdaBN
158,32,0,0.0003737179999916407,42,A02,cross-session,AdaBN
159,32,0,0.0003508739999915633,42,A02,cross-session,AdaBN
160,32,0,0.00035572900003444374,42,A02,cross-session,AdaBN
161,32,0,0.00035995999996885075,42,A02,cross-session,AdaBN
162,32,0,0.00035559799994189234,42,A02,cross-session,AdaBN
163,32,0,0.0003744940000842689,42,A02,cross-session,AdaBN
164,32,0,0.0003799529999923834,42,A02,cross-session,AdaBN
165,32,0,0.00035791599998447055,42,A02,cross-session,AdaBN
166,32,0,0.00035679300003721437,42,A02,cross-session,AdaBN
167,32,0,0.00035809199994218943,42,A02,cross-session,AdaBN
168,32,0,0.0003476619999673858,42,A02,cross-session,AdaBN
169,32,0,0.0003534739998940495,42,A02,cross-session,AdaBN
170,32,0,0.00035538700001325196,42,A02,cross-session,AdaBN
171,32,1,0.00035569300007409765,42,A02,cross-session,AdaBN
172,32,0,0.000353368999981285,42,A02,cross-session,AdaBN
173,32,0,0.00037627400001838396,42,A02,cross-session,AdaBN
174,32,0,0.0003559930000847089,42,A02,cross-session,AdaBN
175,32,1,0.00038134399994760315,42,A02,cross-session,AdaBN
176,32,0,0.00036582899997483764,42,A02,cross-session,AdaBN
177,32,0,0.00035938700000315293,42,A02,cross-session,AdaBN
178,32,0,0.00035366299994166184,42,A02,cross-session,AdaBN
179,32,1,0.00037655899996025255,42,A02,cross-session,AdaBN
180,32,0,0.00038573799997720926,42,A02,cross-session,AdaBN
181,32,1,0.0003708440000309565,42,A02,cross-session,AdaBN
182,32,1,0.0003672210000331688,42,A02,cross-session,AdaBN
183,32,0,0.00036772600003587286,42,A02,cross-session,AdaBN
184,32,0,0.00036548699995364586,42,A02,cross-session,AdaBN
185,32,0,0.0003565900000239708,42,A02,cross-session,AdaBN
186,32,1,0.00035351400003946765,42,A02,cross-session,AdaBN
187,32,0,0.00035773500007962866,42,A02,cross-session,AdaBN
188,32,0,0.00035028999991482124,42,A02,cross-session,AdaBN
189,32,1,0.00034919600000193896,42,A02,cross-session,AdaBN
190,32,0,0.00035177800009478233,42,A02,cross-session,AdaBN
191,32,0,0.0003616269999611177,42,A02,cross-session,AdaBN
192,32,0,0.00035671500006628776,42,A02,cross-session,AdaBN
193,32,1,0.0003620420000061131,42,A02,cross-session,AdaBN
194,32,1,0.00036681400001725706,42,A02,cross-session,AdaBN
195,32,0,0.00035927800001900323,42,A02,cross-session,AdaBN
196,32,0,0.0004615650000232563,42,A02,cross-session,AdaBN
197,32,0,0.00037267700008669635,42,A02,cross-session,AdaBN
198,32,0,0.00036083800000596966,42,A02,cross-session,AdaBN
199,32,1,0.00037495800006581703,42,A02,cross-session,AdaBN
200,32,0,0.0004125770000200646,42,A02,cross-session,AdaBN
201,32,1,0.00037317600003916596,42,A02,cross-session,AdaBN
202,32,1,0.00035133400001541304,42,A02,cross-session,AdaBN
203,32,1,0.00035963300001640164,42,A02,cross-session,AdaBN
204,32,0,0.00036224899997705506,42,A02,cross-session,AdaBN
205,32,0,0.0003518390000181171,42,A02,cross-session,AdaBN
206,32,0,0.0003711540000495006,42,A02,cross-session,AdaBN
207,32,0,0.0003593400000454494,42,A02,cross-session,AdaBN
208,32,1,0.00037691499994707556,42,A02,cross-session,AdaBN
209,32,0,0.00036529800001972035,42,A02,cross-session,AdaBN
210,32,0,0.0003660669999590027,42,A02,cross-session,AdaBN
211,32,0,0.00035975399998733337,42,A02,cross-session,AdaBN
212,32,1,0.00035591899995779386,42,A02,cross-session,AdaBN
213,32,0,0.000378049000005376,42,A02,cross-session,AdaBN
214,32,1,0.0003524200000128985,42,A02,cross-session,AdaBN
215,32,1,0.0003552530000661136,42,A02,cross-session,AdaBN
216,32,1,0.00035675499998433224,42,A02,cross-session,AdaBN
217,32,1,0.0003506619999598115,42,A02,cross-session,AdaBN
218,32,1,0.0004124320000755688,42,A02,cross-session,AdaBN
219,32,1,0.00036821600008352107,42,A02,cross-session,AdaBN
220,32,1,0.00036333299999569135,42,A02,cross-session,AdaBN
221,32,0,0.00036815299995396344,42,A02,cross-session,AdaBN
222,32,0,0.00040053899999747955,42,A02,cross-session,AdaBN
223,32,0,0.00036704700005429913,42,A02,cross-session,AdaBN
224,32,0,0.00036743900000146823,42,A02,cross-session,AdaBN
225,32,1,0.0003641440000592411,42,A02,cross-session,AdaBN
226,32,0,0.00039354699993054965,42,A02,cross-session,AdaBN
227,32,0,0.00042867499996646075,42,A02,cross-session,AdaBN
228,32,0,0.0003753409999944779,42,A02,cross-session,AdaBN
229,32,1,0.00039033999996718194,42,A02,cross-session,AdaBN
230,32,0,0.00037108800006535603,42,A02,cross-session,AdaBN
231,32,0,0.00037887500002398156,42,A02,cross-session,AdaBN
232,32,1,0.00036715500004902424,42,A02,cross-session,AdaBN
233,32,0,0.00043812700005219085,42,A02,cross-session,AdaBN
234,32,0,0.000362439000014092,42,A02,cross-session,AdaBN
235,32,1,0.00039075799998045113,42,A02,cross-session,AdaBN
236,32,0,0.00038165599994499644,42,A02,cross-session,AdaBN
237,32,0,0.0003739270000551187,42,A02,cross-session,AdaBN
238,32,1,0.0004357980000122552,42,A02,cross-session,AdaBN
239,32,0,0.00040072199999485747,42,A02,cross-session,AdaBN
240,32,0,0.0004029909999871961,42,A02,cross-session,AdaBN
241,32,0,0.00042160899999998946,42,A02,cross-session,AdaBN
242,32,0,0.00036184999999022693,42,A02,cross-session,AdaBN
243,32,0,0.000357376000010845,42,A02,cross-session,AdaBN
244,32,0,0.00035960399998202774,42,A02,cross-session,AdaBN
245,32,0,0.00036001800003759854,42,A02,cross-session,AdaBN
246,32,1,0.00036565000004884496,42,A02,cross-session,AdaBN
247,32,1,0.00037971599999764294,42,A02,cross-session,AdaBN
248,32,1,0.00037155699999402714,42,A02,cross-session,AdaBN
249,32,1,0.00036844599992491567,42,A02,cross-session,AdaBN
250,32,0,0.0003772759999947084,42,A02,cross-session,AdaBN
251,32,1,0.00037131099998077843,42,A02,cross-session,AdaBN
252,32,0,0.00037971999995534134,42,A02,cross-session,AdaBN
253,32,1,0.00035773100000824343,42,A02,cross-session,AdaBN
254,32,0,0.0003756319999865809,42,A02,cross-session,AdaBN
255,32,1,0.00036847699993813876,42,A02,cross-session,AdaBN
256,32,1,0.0003664749999643391,42,A02,cross-session,AdaBN
257,32,1,0.0003695030000017141,42,A02,cross-session,AdaBN
258,32,0,0.0003660979999722258,42,A02,cross-session,AdaBN
259,32,0,0.000365443000077903,42,A02,cross-session,AdaBN
260,32,1,0.0003695789999937915,42,A02,cross-session,AdaBN
261,32,0,0.000373334999949293,42,A02,cross-session,AdaBN
262,32,0,0.0003656819999378058,42,A02,cross-session,AdaBN
263,32,0,0.00036062300000594405,42,A02,cross-session,AdaBN
264,32,0,0.0003738319999229134,42,A02,cross-session,AdaBN
265,32,0,0.0003918159999329873,42,A02,cross-session,AdaBN
266,32,0,0.0003606459999900835,42,A02,cross-session,AdaBN
267,32,0,0.00037617199996020645,42,A02,cross-session,AdaBN
268,32,0,0.00036579300001449155,42,A02,cross-session,AdaBN
269,32,0,0.0003618630000801204,42,A02,cross-session,AdaBN
270,32,0,0.0003627209999876868,42,A02,cross-session,AdaBN
271,32,0,0.0003667639999775929,42,A02,cross-session,AdaBN
272,32,0,0.0003614229999584495,42,A02,cross-session,AdaBN
273,32,0,0.0003659139999854233,42,A02,cross-session,AdaBN
274,32,0,0.0003797739999527039,42,A02,cross-session,AdaBN
275,32,0,0.00037120500007858936,42,A02,cross-session,AdaBN
276,32,0,0.0003718689999914204,42,A02,cross-session,AdaBN
277,32,0,0.00036712899998292414,42,A02,cross-session,AdaBN
278,32,0,0.00036442499992972444,42,A02,cross-session,AdaBN
279,32,0,0.00043960999994396843,42,A02,cross-session,AdaBN
280,32,0,0.0004052030000138984,42,A02,cross-session,AdaBN
281,32,1,0.00036421100003281026,42,A02,cross-session,AdaBN
282,32,1,0.00038633899998785637,42,A02,cross-session,AdaBN
283,32,1,0.00040110600002662977,42,A02,cross-session,AdaBN
284,32,0,0.00039026000001740613,42,A02,cross-session,AdaBN
285,32,0,0.0003751290000764129,42,A02,cross-session,AdaBN
286,32,1,0.0003810750000639018,42,A02,cross-session,AdaBN
287,32,1,0.00037946300005842204,42,A02,cross-session,AdaBN
0,1,1,0.0006653890000052343,42,A03,cross-session,AdaBN
1,2,1,0.0005930170000283397,42,A03,cross-session,AdaBN
2,3,0,0.0005938770000284421,42,A03,cross-session,AdaBN
3,4,1,0.0005491269999993165,42,A03,cross-session,AdaBN
4,5,0,0.0005200780000222949,42,A03,cross-session,AdaBN
5,6,1,0.0005130450000478959,42,A03,cross-session,AdaBN
6,7,1,0.0006374019999384473,42,A03,cross-session,AdaBN
7,8,0,0.0006215539999629982,42,A03,cross-session,AdaBN
8,9,1,0.0006067869999242248,42,A03,cross-session,AdaBN
9,10,0,0.0006046500000138622,42,A03,cross-session,AdaBN
10,11,0,0.000581105999913234,42,A03,cross-session,AdaBN
11,12,0,0.0005761510000183989,42,A03,cross-session,AdaBN
12,13,1,0.000553039000010358,42,A03,cross-session,AdaBN
13,14,0,0.0010745439999482187,42,A03,cross-session,AdaBN
14,15,1,0.0013385789999347253,42,A03,cross-session,AdaBN
15,16,1,0.0005428040000197143,42,A03,cross-session,AdaBN
16,17,1,0.00044196900000770256,42,A03,cross-session,AdaBN
17,18,1,0.0004894820000345135,42,A03,cross-session,AdaBN
18,19,0,0.0004401020000841527,42,A03,cross-session,AdaBN
19,20,1,0.0004402590000154305,42,A03,cross-session,AdaBN
20,21,0,0.00046722799993403896,42,A03,cross-session,AdaBN
21,22,1,0.0004296079999903668,42,A03,cross-session,AdaBN
22,23,1,0.00039868499993644946,42,A03,cross-session,AdaBN
23,24,1,0.00040036799998688366,42,A03,cross-session,AdaBN
24,25,0,0.00042600599999786937,42,A03,cross-session,AdaBN
25,26,1,0.00045398899999327114,42,A03,cross-session,AdaBN
26,27,1,0.0004074249999348467,42,A03,cross-session,AdaBN
27,28,0,0.0004022780000241255,42,A03,cross-session,AdaBN
28,29,0,0.00047893299995394045,42,A03,cross-session,AdaBN
29,30,0,0.0004218310000396741,42,A03,cross-session,AdaBN
30,31,1,0.00039976300001853815,42,A03,cross-session,AdaBN
31,32,1,0.00037620499995227874,42,A03,cross-session,AdaBN
32,32,1,0.00040378199992119335,42,A03,cross-session,AdaBN
33,32,1,0.00040725999997448525,42,A03,cross-session,AdaBN
34,32,1,0.0004116320000093765,42,A03,cross-session,AdaBN
35,32,1,0.0003859949999878154,42,A03,cross-session,AdaBN
36,32,1,0.00037133300008918013,42,A03,cross-session,AdaBN
37,32,1,0.00038496699994539085,42,A03,cross-session,AdaBN
38,32,1,0.0003769339999735166,42,A03,cross-session,AdaBN
39,32,0,0.0003834599999663624,42,A03,cross-session,AdaBN
40,32,0,0.00040411700001641293,42,A03,cross-session,AdaBN
41,32,1,0.0003680219999750989,42,A03,cross-session,AdaBN
42,32,0,0.0003773400000000038,42,A03,cross-session,AdaBN
43,32,0,0.00036792500009141804,42,A03,cross-session,AdaBN
44,32,1,0.00039449899998089677,42,A03,cross-session,AdaBN
45,32,1,0.00038717799998266855,42,A03,cross-session,AdaBN
46,32,1,0.0003908169999249367,42,A03,cross-session,AdaBN
47,32,1,0.0003756950000024517,42,A03,cross-session,AdaBN
48,32,0,0.00040659699993739196,42,A03,cross-session,AdaBN
49,32,0,0.0003743460000578125,42,A03,cross-session,AdaBN
50,32,1,0.0003608890000350584,42,A03,cross-session,AdaBN
51,32,1,0.0003523379999705867,42,A03,cross-session,AdaBN
52,32,1,0.00037626400001045113,42,A03,cross-session,AdaBN
53,32,1,0.00037199399992005056,42,A03,cross-session,AdaBN
54,32,0,0.00035759000002144603,42,A03,cross-session,AdaBN
55,32,1,0.0003691189999699418,42,A03,cross-session,AdaBN
56,32,1,0.0003597860001036679,42,A03,cross-session,AdaBN
57,32,0,0.0003552679999074826,42,A03,cross-session,AdaBN
58,32,0,0.00036211199994795606,42,A03,cross-session,AdaBN
59,32,0,0.0003956429999334432,42,A03,cross-session,AdaBN
60,32,1,0.00038007799992101354,42,A03,cross-session,AdaBN
61,32,1,0.00035847000003741414,42,A03,cross-session,AdaBN
62,32,1,0.0003778529999181046,42,A03,cross-session,AdaBN
63,32,1,0.0003602159999900323,42,A03,cross-session,AdaBN
64,32,1,0.0003532710001081796,42,A03,cross-session,AdaBN
65,32,1,0.0003619069999558633,42,A03,cross-session,AdaBN
66,32,1,0.0003677720000041518,42,A03,cross-session,AdaBN
67,32,1,0.0003690830000095957,42,A03,cross-session,AdaBN
68,32,1,0.0003706999999621985,42,A03,cross-session,AdaBN
69,32,0,0.0003900620000649724,42,A03,cross-session,AdaBN
70,32,1,0.000396550000004936,42,A03,cross-session,AdaBN
71,32,0,0.00035529099989162205,42,A03,cross-session,AdaBN
72,32,1,0.0003606059999583522,42,A03,cross-session,AdaBN
73,32,1,0.0003594579999344205,42,A03,cross-session,AdaBN
74,32,1,0.00035823000007439987,42,A03,cross-session,AdaBN
75,32,1,0.0003754000000526503,42,A03,cross-session,AdaBN
76,32,1,0.00035868500003743975,42,A03,cross-session,AdaBN
77,32,1,0.0003645140000116953,42,A03,cross-session,AdaBN
78,32,1,0.0003727759999492264,42,A03,cross-session,AdaBN
79,32,1,0.0003679490000649821,42,A03,cross-session,AdaBN
80,32,1,0.00038391199996112846,42,A03,cross-session,AdaBN
81,32,0,0.00039814000001570093,42,A03,cross-session,AdaBN
82,32,0,0.0003642630000513236,42,A03,cross-session,AdaBN
83,32,0,0.0003723199999967619,42,A03,cross-session,AdaBN
84,32,1,0.00037194799995177164,42,A03,cross-session,AdaBN
85,32,0,0.0003722400000469861,42,A03,cross-session,AdaBN
86,32,1,0.0003618210000695399,42,A03,cross-session,AdaBN
87,32,1,0.000391482000054566,42,A03,cross-session,AdaBN
88,32,1,0.000358843000071829,42,A03,cross-session,AdaBN
89,32,0,0.0003565160000107426,42,A03,cross-session,AdaBN
90,32,0,0.0003641490000063641,42,A03,cross-session,AdaBN
91,32,0,0.00035536399991542567,42,A03,cross-session,AdaBN
92,32,1,0.00036093599999276194,42,A03,cross-session,AdaBN
93,32,1,0.00036833299998306757,42,A03,cross-session,AdaBN
94,32,0,0.000414836999993895,42,A03,cross-session,AdaBN
95,32,1,0.00039047300003858254,42,A03,cross-session,AdaBN
96,32,1,0.0004089709999561819,42,A03,cross-session,AdaBN
97,32,1,0.0003679589999592281,42,A03,cross-session,AdaBN
98,32,0,0.000371934999975565,42,A03,cross-session,AdaBN
99,32,1,0.00039775100003680564,42,A03,cross-session,AdaBN
100,32,1,0.0004152980000071693,42,A03,cross-session,AdaBN
101,32,0,0.00036339799999041134,42,A03,cross-session,AdaBN
102,32,1,0.00036223400002199924,42,A03,cross-session,AdaBN
103,32,0,0.0003723699999227392,42,A03,cross-session,AdaBN
104,32,1,0.00039413699994383933,42,A03,cross-session,AdaBN
105,32,1,0.000374393000015516,42,A03,cross-session,AdaBN
106,32,0,0.00037116700002570724,42,A03,cross-session,AdaBN
107,32,0,0.0004386889999068444,42,A03,cross-session,AdaBN
108,32,0,0.00038581799992698507,42,A03,cross-session,AdaBN
109,32,1,0.0003862739999931364,42,A03,cross-session,AdaBN
110,32,0,0.00041143999999349035,42,A03,cross-session,AdaBN
111,32,1,0.0004005850000794453,42,A03,cross-session,AdaBN
112,32,1,0.00038509800003794226,42,A03,cross-session,AdaBN
113,32,1,0.0003633740000168473,42,A03,cross-session,AdaBN
114,32,1,0.00036466500000642554,42,A03,cross-session,AdaBN
115,32,1,0.0003623009999955684,42,A03,cross-session,AdaBN
116,32,1,0.0003652609999562628,42,A03,cross-session,AdaBN
117,32,1,0.000372844000025907,42,A03,cross-session,AdaBN
118,32,1,0.0003889859999617329,42,A03,cross-session,AdaBN
119,32,1,0.00035907699998460885,42,A03,cross-session,AdaBN
120,32,1,0.0003953220000312285,42,A03,cross-session,AdaBN
121,32,1,0.0003673239999670841,42,A03,cross-session,AdaBN
122,32,0,0.00036737200002789905,42,A03,cross-session,AdaBN
123,32,1,0.0003647989999535639,42,A03,cross-session,AdaBN
124,32,1,0.00036249999993742676,42,A03,cross-session,AdaBN
125,32,1,0.0003822039999477056,42,A03,cross-session,AdaBN
126,32,0,0.00037937499996587576,42,A03,cross-session,AdaBN
127,32,1,0.00035880299992641085,42,A03,cross-session,AdaBN
128,32,0,0.0003863669999191188,42,A03,cross-session,AdaBN
129,32,0,0.00036545399996157357,42,A03,cross-session,AdaBN
130,32,1,0.00038091199996870273,42,A03,cross-session,AdaBN
131,32,1,0.000377414000013232,42,A03,cross-session,AdaBN
132,32,1,0.0003717199999755394,42,A03,cross-session,AdaBN
133,32,1,0.0004145569999991494,42,A03,cross-session,AdaBN
134,32,1,0.00037397700009478285,42,A03,cross-session,AdaBN
135,32,1,0.0003657690000409275,42,A03,cross-session,AdaBN
136,32,1,0.0003624129999479919,42,A03,cross-session,AdaBN
137,32,0,0.0003605829999742127,42,A03,cross-session,AdaBN
138,32,0,0.00036518900003557064,42,A03,cross-session,AdaBN
139,32,1,0.0003785750000133703,42,A03,cross-session,AdaBN
140,32,1,0.00036396000007243856,42,A03,cross-session,AdaBN
141,32,0,0.0003690109999752167,42,A03,cross-session,AdaBN
142,32,1,0.0003905370000438779,42,A03,cross-session,AdaBN
143,32,1,0.0003685440000253948,42,A03,cross-session,AdaBN
144,32,0,0.00036442700002226047,42,A03,cross-session,AdaBN
145,32,0,0.0003605980000429554,42,A03,cross-session,AdaBN
146,32,1,0.0003802019999739059,42,A03,cross-session,AdaBN
147,32,0,0.00037093100002039137,42,A03,cross-session,AdaBN
148,32,1,0.00036144199998489057,42,A03,cross-session,AdaBN
149,32,1,0.00035436799998933566,42,A03,cross-session,AdaBN
150,32,1,0.00036427899999580404,42,A03,cross-session,AdaBN
151,32,1,0.0003863310000724596,42,A03,cross-session,AdaBN
152,32,0,0.0003651709999985542,42,A03,cross-session,AdaBN
153,32,1,0.00037165800006278005,42,A03,cross-session,AdaBN
154,32,1,0.00036160299998755363,42,A03,cross-session,AdaBN
155,32,1,0.00037779799993131746,42,A03,cross-session,AdaBN
156,32,1,0.00037128099995697994,42,A03,cross-session,AdaBN
157,32,1,0.0003751069999680112,42,A03,cross-session,AdaBN
158,32,0,0.0003870289999667875,42,A03,cross-session,AdaBN
159,32,1,0.0003548000000819229,42,A03,cross-session,AdaBN
160,32,1,0.0003583970000136105,42,A03,cross-session,AdaBN
161,32,1,0.00039314700006798375,42,A03,cross-session,AdaBN
162,32,1,0.0003688680000095701,42,A03,cross-session,AdaBN
163,32,1,0.00036391900005128264,42,A03,cross-session,AdaBN
164,32,0,0.00037325399989640573,42,A03,cross-session,AdaBN
165,32,1,0.00037440899995999644,42,A03,cross-session,AdaBN
166,32,1,0.00038039799994749046,42,A03,cross-session,AdaBN
167,32,1,0.00036709899995912565,42,A03,cross-session,AdaBN
168,32,1,0.00041795200002070487,42,A03,cross-session,AdaBN
169,32,1,0.0004019429999289059,42,A03,cross-session,AdaBN
170,32,1,0.00037824499997896055,42,A03,cross-session,AdaBN
171,32,0,0.00040289499997925304,42,A03,cross-session,AdaBN
172,32,1,0.00035844199999246484,42,A03,cross-session,AdaBN
173,32,1,0.0003510440000127346,42,A03,cross-session,AdaBN
174,32,1,0.0003603170000587852,42,A03,cross-session,AdaBN
175,32,1,0.00035564299992074666,42,A03,cross-session,AdaBN
176,32,1,0.0003610280000430066,42,A03,cross-session,AdaBN
177,32,1,0.00036003599996092817,42,A03,cross-session,AdaBN
178,32,1,0.0004255229999898802,42,A03,cross-session,AdaBN
179,32,0,0.00038788999995631457,42,A03,cross-session,AdaBN
180,32,0,0.00037159000009978627,42,A03,cross-session,AdaBN
181,32,0,0.0003808820000585911,42,A03,cross-session,AdaBN
182,32,0,0.00037401899999167654,42,A03,cross-session,AdaBN
183,32,1,0.0003638680000221939,42,A03,cross-session,AdaBN
184,32,1,0.00036234699996384734,42,A03,cross-session,AdaBN
185,32,1,0.00036410500001693435,42,A03,cross-session,AdaBN
186,32,0,0.00039414599996234756,42,A03,cross-session,AdaBN
187,32,1,0.0003947449999941455,42,A03,cross-session,AdaBN
188,32,0,0.0003556579999894893,42,A03,cross-session,AdaBN
189,32,0,0.0003536419999363716,42,A03,cross-session,AdaBN
190,32,1,0.00040050500001598266,42,A03,cross-session,AdaBN
191,32,1,0.00037560600003416766,42,A03,cross-session,AdaBN
192,32,0,0.0003769339999735166,42,A03,cross-session,AdaBN
193,32,1,0.0003818579999688154,42,A03,cross-session,AdaBN
194,32,1,0.0003800150000188296,42,A03,cross-session,AdaBN
195,32,0,0.00037012699999650067,42,A03,cross-session,AdaBN
196,32,0,0.0003755440000077215,42,A03,cross-session,AdaBN
197,32,1,0.0003840399999717192,42,A03,cross-session,AdaBN
198,32,0,0.000372844000025907,42,A03,cross-session,AdaBN
199,32,1,0.00036656000008861156,42,A03,cross-session,AdaBN
200,32,0,0.00037184799998613016,42,A03,cross-session,AdaBN
201,32,1,0.00036520499998005107,42,A03,cross-session,AdaBN
202,32,1,0.0003634839999904216,42,A03,cross-session,AdaBN
203,32,1,0.00037658100006865425,42,A03,cross-session,AdaBN
204,32,1,0.00037873799999488256,42,A03,cross-session,AdaBN
205,32,1,0.00036823199991431466,42,A03,cross-session,AdaBN
206,32,0,0.00037152100003368105,42,A03,cross-session,AdaBN
207,32,1,0.00036184100008540554,42,A03,cross-session,AdaBN
208,32,0,0.00036230800003522745,42,A03,cross-session,AdaBN
209,32,0,0.0003721000000496133,42,A03,cross-session,AdaBN
210,32,1,0.00036744200008342887,42,A03,cross-session,AdaBN
211,32,1,0.00036062200001651945,42,A03,cross-session,AdaBN
212,32,1,0.0003711430000521432,42,A03,cross-session,AdaBN
213,32,1,0.0003566240000054677,42,A03,cross-session,AdaBN
214,32,1,0.0003605029999107501,42,A03,cross-session,AdaBN
215,32,0,0.0003735909999704745,42,A03,cross-session,AdaBN
216,32,0,0.00038562500003536115,42,A03,cross-session,AdaBN
217,32,1,0.0003889920000119673,42,A03,cross-session,AdaBN
218,32,1,0.0003961209999943094,42,A03,cross-session,AdaBN
219,32,0,0.00039259599998331396,42,A03,cross-session,AdaBN
220,32,1,0.0004590429999780099,42,A03,cross-session,AdaBN
221,32,1,0.00038557999994282,42,A03,cross-session,AdaBN
222,32,1,0.0004128180000861903,42,A03,cross-session,AdaBN
223,32,1,0.0003688389999751962,42,A03,cross-session,AdaBN
224,32,0,0.0003830140000218307,42,A03,cross-session,AdaBN
225,32,0,0.0003623470000775342,42,A03,cross-session,AdaBN
226,32,1,0.0003655550000303265,42,A03,cross-session,AdaBN
227,32,1,0.0003889020000542587,42,A03,cross-session,AdaBN
228,32,1,0.0003680170000279759,42,A03,cross-session,AdaBN
229,32,0,0.00037115099996754,42,A03,cross-session,AdaBN
230,32,1,0.00037300999997569306,42,A03,cross-session,AdaBN
231,32,1,0.00035306600000239996,42,A03,cross-session,AdaBN
232,32,0,0.0003585700000030556,42,A03,cross-session,AdaBN
233,32,1,0.00038059999997130944,42,A03,cross-session,AdaBN
234,32,1,0.00036902800002280856,42,A03,cross-session,AdaBN
235,32,1,0.00041474299996480113,42,A03,cross-session,AdaBN
236,32,1,0.0003690190000043003,42,A03,cross-session,AdaBN
237,32,1,0.0003640520000089964,42,A03,cross-session,AdaBN
238,32,1,0.00037180599997554964,42,A03,cross-session,AdaBN
239,32,0,0.00036422099992705625,42,A03,cross-session,AdaBN
240,32,0,0.0003810449999264165,42,A03,cross-session,AdaBN
241,32,1,0.00037360399994668114,42,A03,cross-session,AdaBN
242,32,1,0.0004030340001008881,42,A03,cross-session,AdaBN
243,32,0,0.0003953589999809992,42,A03,cross-session,AdaBN
244,32,1,0.0003681980000465046,42,A03,cross-session,AdaBN
245,32,1,0.0003587779999634222,42,A03,cross-session,AdaBN
246,32,1,0.0003565719999869543,42,A03,cross-session,AdaBN
247,32,1,0.00035721100005048356,42,A03,cross-session,AdaBN
248,32,0,0.0003615499999796157,42,A03,cross-session,AdaBN
249,32,1,0.0003741049999916868,42,A03,cross-session,AdaBN
250,32,1,0.0003737619999810704,42,A03,cross-session,AdaBN
251,32,1,0.0004178899999942587,42,A03,cross-session,AdaBN
252,32,1,0.0003610679999610511,42,A03,cross-session,AdaBN
253,32,1,0.0003685219999169931,42,A03,cross-session,AdaBN
254,32,1,0.0004020069999342013,42,A03,cross-session,AdaBN
255,32,1,0.00037197599999672093,42,A03,cross-session,AdaBN
256,32,1,0.0003682970000227215,42,A03,cross-session,AdaBN
257,32,1,0.0003716759999861097,42,A03,cross-session,AdaBN
258,32,1,0.00035829700004796905,42,A03,cross-session,AdaBN
259,32,1,0.0003946830000813861,42,A03,cross-session,AdaBN
260,32,0,0.0003692709999540966,42,A03,cross-session,AdaBN
261,32,1,0.00042032500005007023,42,A03,cross-session,AdaBN
262,32,1,0.00038139500009037874,42,A03,cross-session,AdaBN
263,32,1,0.0003690380000307414,42,A03,cross-session,AdaBN
264,32,1,0.00038991799999621435,42,A03,cross-session,AdaBN
265,32,1,0.00040631100000609877,42,A03,cross-session,AdaBN
266,32,1,0.0004099870000118244,42,A03,cross-session,AdaBN
267,32,1,0.00037877499994465325,42,A03,cross-session,AdaBN
268,32,0,0.00036457399994560546,42,A03,cross-session,AdaBN
269,32,1,0.00035443100000520644,42,A03,cross-session,AdaBN
270,32,1,0.00037313500001801003,42,A03,cross-session,AdaBN
271,32,1,0.00037820700003976526,42,A03,cross-session,AdaBN
272,32,1,0.00037820099998953083,42,A03,cross-session,AdaBN
273,32,1,0.0003568490000134261,42,A03,cross-session,AdaBN
274,32,1,0.0003691540000545501,42,A03,cross-session,AdaBN
275,32,1,0.0003996499999630032,42,A03,cross-session,AdaBN
276,32,1,0.0003858619999164148,42,A03,cross-session,AdaBN
277,32,0,0.00038373699999283417,42,A03,cross-session,AdaBN
278,32,0,0.0003877209999245679,42,A03,cross-session,AdaBN
279,32,1,0.0003683800000544579,42,A03,cross-session,AdaBN
280,32,1,0.000399991999984195,42,A03,cross-session,AdaBN
281,32,0,0.0003689410000333737,42,A03,cross-session,AdaBN
282,32,0,0.00035963900006663607,42,A03,cross-session,AdaBN
283,32,0,0.0003600060000508165,42,A03,cross-session,AdaBN
284,32,0,0.00037468400000761903,42,A03,cross-session,AdaBN
285,32,0,0.0004044740001063474,42,A03,cross-session,AdaBN
286,32,1,0.0004139360000863235,42,A03,cross-session,AdaBN
287,32,1,0.0003932040000336201,42,A03,cross-session,AdaBN
0,1,1,0.0006944399999611051,42,A04,cross-session,AdaBN
1,2,0,0.0005933519998961856,42,A04,cross-session,AdaBN
2,3,1,0.0005864089999931821,42,A04,cross-session,AdaBN
3,4,0,0.0005297889999837935,42,A04,cross-session,AdaBN
4,5,0,0.0005176229999506177,42,A04,cross-session,AdaBN
5,6,0,0.0005136529999845152,42,A04,cross-session,AdaBN
6,7,0,0.0005778190000000905,42,A04,cross-session,AdaBN
7,8,0,0.0006284300000061194,42,A04,cross-session,AdaBN
8,9,0,0.0006162739999808764,42,A04,cross-session,AdaBN
9,10,1,0.0006041010000217284,42,A04,cross-session,AdaBN
10,11,0,0.0005773709999630228,42,A04,cross-session,AdaBN
11,12,1,0.0005674889999909283,42,A04,cross-session,AdaBN
12,13,0,0.0005462980000174866,42,A04,cross-session,AdaBN
13,14,1,0.0005649019999509619,42,A04,cross-session,AdaBN
14,15,1,0.00042599899995821033,42,A04,cross-session,AdaBN
15,16,1,0.00041938399999708054,42,A04,cross-session,AdaBN
16,17,0,0.0004307269999799246,42,A04,cross-session,AdaBN
17,18,0,0.0004568909999989046,42,A04,cross-session,AdaBN
18,19,0,0.00045670099996186764,42,A04,cross-session,AdaBN
19,20,0,0.0004419900000129928,42,A04,cross-session,AdaBN
20,21,0,0.0004548580000118818,42,A04,cross-session,AdaBN
21,22,0,0.00041917700002613856,42,A04,cross-session,AdaBN
22,23,1,0.0004159490000574806,42,A04,cross-session,AdaBN
23,24,1,0.00045210299992959335,42,A04,cross-session,AdaBN
24,25,1,0.0004085519999534881,42,A04,cross-session,AdaBN
25,26,1,0.0004000719999339708,42,A04,cross-session,AdaBN
26,27,1,0.00039448000006814254,42,A04,cross-session,AdaBN
27,28,0,0.0003862859999799184,42,A04,cross-session,AdaBN
28,29,0,0.0004090659999747004,42,A04,cross-session,AdaBN
29,30,1,0.0003840870000431096,42,A04,cross-session,AdaBN
30,31,0,0.0003919020000466844,42,A04,cross-session,AdaBN
31,32,1,0.0003757700000051045,42,A04,cross-session,AdaBN
32,32,1,0.000375381999901947,42,A04,cross-session,AdaBN
33,32,0,0.0003874730000461568,42,A04,cross-session,AdaBN
34,32,1,0.0003805750000083208,42,A04,cross-session,AdaBN
35,32,0,0.00036568600000919105,42,A04,cross-session,AdaBN
36,32,1,0.00035802399997919565,42,A04,cross-session,AdaBN
37,32,1,0.0003716169999279373,42,A04,cross-session,AdaBN
38,32,0,0.000366087999964293,42,A04,cross-session,AdaBN
39,32,1,0.0003618869999399976,42,A04,cross-session,AdaBN
40,32,0,0.00037564299998393835,42,A04,cross-session,AdaBN
41,32,1,0.00036198500004047673,42,A04,cross-session,AdaBN
42,32,1,0.0003740820000075473,42,A04,cross-session,AdaBN
43,32,1,0.00036495699998795317,42,A04,cross-session,AdaBN
44,32,1,0.00037067699997805903,42,A04,cross-session,AdaBN
45,32,1,0.00036144099999546597,42,A04,cross-session,AdaBN
46,32,0,0.00038819500002773566,42,A04,cross-session,AdaBN
47,32,1,0.00040409299992916203,42,A04,cross-session,AdaBN
48,32,1,0.00040358700005072023,42,A04,cross-session,AdaBN
49,32,1,0.00036389399997460714,42,A04,cross-session,AdaBN
50,32,1,0.00038294900002711074,42,A04,cross-session,AdaBN
51,32,1,0.0004190930000049775,42,A04,cross-session,AdaBN
52,32,1,0.0003848970000035479,42,A04,cross-session,AdaBN
53,32,0,0.0004369509999833099,42,A04,cross-session,AdaBN
54,32,0,0.0004054080000059912,42,A04,cross-session,AdaBN
55,32,1,0.0004007649999948626,42,A04,cross-session,AdaBN
56,32,0,0.0003784960000530191,42,A04,cross-session,AdaBN
57,32,0,0.00039483800003381475,42,A04,cross-session,AdaBN
58,32,0,0.0004067390000273008,42,A04,cross-session,AdaBN
59,32,1,0.0003577640000003157,42,A04,cross-session,AdaBN
60,32,0,0.0003838279999399674,42,A04,cross-session,AdaBN
61,32,1,0.00038186200004020066,42,A04,cross-session,AdaBN
62,32,0,0.0004090140000698739,42,A04,cross-session,AdaBN
63,32,1,0.00035865600000306586,42,A04,cross-session,AdaBN
64,32,1,0.0003601409999873795,42,A04,cross-session,AdaBN
65,32,0,0.00037191599994912394,42,A04,cross-session,AdaBN
66,32,1,0.00038982399996712047,42,A04,cross-session,AdaBN
67,32,0,0.0003677539999671353,42,A04,cross-session,AdaBN
68,32,1,0.0003822250000666827,42,A04,cross-session,AdaBN
69,32,1,0.0003625879999162862,42,A04,cross-session,AdaBN
70,32,0,0.0003731299999572002,42,A04,cross-session,AdaBN
71,32,1,0.00037581300000510964,42,A04,cross-session,AdaBN
72,32,0,0.0003672919999644364,42,A04,cross-session,AdaBN
73,32,0,0.0004066120000061346,42,A04,cross-session,AdaBN
74,32,1,0.0003632460000062565,42,A04,cross-session,AdaBN
75,32,0,0.0003926110000520566,42,A04,cross-session,AdaBN
76,32,1,0.000365585000054125,42,A04,cross-session,AdaBN
77,32,1,0.00036269500003527355,42,A04,cross-session,AdaBN
78,32,0,0.0003831779999927676,42,A04,cross-session,AdaBN
79,32,1,0.0004422939999813025,42,A04,cross-session,AdaBN
80,32,1,0.0003859949999878154,42,A04,cross-session,AdaBN
81,32,0,0.00037145800001781026,42,A04,cross-session,AdaBN
82,32,0,0.00036157799991087813,42,A04,cross-session,AdaBN
83,32,0,0.0003597130000798643,42,A04,cross-session,AdaBN
84,32,0,0.00038350800002717733,42,A04,cross-session,AdaBN
85,32,1,0.000381721999929141,42,A04,cross-session,AdaBN
86,32,0,0.0003833609999901455,42,A04,cross-session,AdaBN
87,32,0,0.0003846190001013383,42,A04,cross-session,AdaBN
88,32,1,0.00035861100002421153,42,A04,cross-session,AdaBN
89,32,0,0.0003948329999730049,42,A04,cross-session,AdaBN
90,32,1,0.0003663029999643186,42,A04,cross-session,AdaBN
91,32,0,0.0003709159999516487,42,A04,cross-session,AdaBN
92,32,0,0.00037490299996534304,42,A04,cross-session,AdaBN
93,32,0,0.0004035129999238052,42,A04,cross-session,AdaBN
94,32,1,0.0003886340000462951,42,A04,cross-session,AdaBN
95,32,0,0.00037701199994444323,42,A04,cross-session,AdaBN
96,32,0,0.00036519200000384444,42,A04,cross-session,AdaBN
97,32,1,0.0003586010000162787,42,A04,cross-session,AdaBN
98,32,1,0.0004137370000307783,42,A04,cross-session,AdaBN
99,32,0,0.00037824200001068675,42,A04,cross-session,AdaBN
100,32,1,0.00037499900008697296,42,A04,cross-session,AdaBN
101,32,1,0.00037107799994373636,42,A04,cross-session,AdaBN
102,32,0,0.0003586430000268592,42,A04,cross-session,AdaBN
103,32,1,0.00036392899994552863,42,A04,cross-session,AdaBN
104,32,0,0.00036234399999557354,42,A04,cross-session,AdaBN
105,32,0,0.00038222099999529746,42,A04,cross-session,AdaBN
106,32,1,0.0003638980000459924,42,A04,cross-session,AdaBN
107,32,0,0.00040835699996932817,42,A04,cross-session,AdaBN
108,32,1,0.0003859270000248216,42,A04,cross-session,AdaBN
109,32,0,0.0003692909999699623,42,A04,cross-session,AdaBN
110,32,0,0.0003723109999782537,42,A04,cross-session,AdaBN
111,32,1,0.0003929880000441699,42,A04,cross-session,AdaBN
112,32,0,0.00043958899993867817,42,A04,cross-session,AdaBN
113,32,0,0.00040335300002425356,42,A04,cross-session,AdaBN
114,32,0,0.0003951710000364983,42,A04,cross-session,AdaBN
115,32,1,0.0003711319999410989,42,A04,cross-session,AdaBN
116,32,0,0.00038506400005644537,42,A04,cross-session,AdaBN
117,32,0,0.00036731399995915126,42,A04,cross-session,AdaBN
118,32,0,0.00038725399997474597,42,A04,cross-session,AdaBN
119,32,0,0.0003953149999915695,42,A04,cross-session,AdaBN
120,32,0,0.0003719580000733913,42,A04,cross-session,AdaBN
121,32,1,0.00035626700002922007,42,A04,cross-session,AdaBN
122,32,1,0.000360676000013882,42,A04,cross-session,AdaBN
123,32,1,0.0003641519999746379,42,A04,cross-session,AdaBN
124,32,0,0.00036283899999034475,42,A04,cross-session,AdaBN
125,32,0,0.0003825579999556794,42,A04,cross-session,AdaBN
126,32,1,0.0004003629999260738,42,A04,cross-session,AdaBN
127,32,1,0.00038985499998034356,42,A04,cross-session,AdaBN
128,32,1,0.0003627939998978036,42,A04,cross-session,AdaBN
129,32,1,0.0003554620000159048,42,A04,cross-session,AdaBN
130,32,0,0.0003682650000200738,42,A04,cross-session,AdaBN
131,32,0,0.0003732249999757187,42,A04,cross-session,AdaBN
132,32,0,0.0003820929999847067,42,A04,cross-session,AdaBN
133,32,0,0.0004023760000109178,42,A04,cross-session,AdaBN
134,32,1,0.0003650189999007125,42,A04,cross-session,AdaBN
135,32,1,0.0003593369999634888,42,A04,cross-session,AdaBN
136,32,1,0.00036216600005900546,42,A04,cross-session,AdaBN
137,32,0,0.00035752400003730145,42,A04,cross-session,AdaBN
138,32,1,0.00037605900001835835,42,A04,cross-session,AdaBN
139,32,1,0.00036094699999011937,42,A04,cross-session,AdaBN
140,32,1,0.0003983270000844641,42,A04,cross-session,AdaBN
141,32,0,0.00038000199992893613,42,A04,cross-session,AdaBN
142,32,0,0.00036086800002976815,42,A04,cross-session,AdaBN
143,32,1,0.00035098099999686383,42,A04,cross-session,AdaBN
144,32,1,0.0003754209999442537,42,A04,cross-session,AdaBN
145,32,1,0.0003697939999938171,42,A04,cross-session,AdaBN
146,32,1,0.00037028999997801293,42,A04,cross-session,AdaBN
147,32,1,0.00037236699995446543,42,A04,cross-session,AdaBN
148,32,0,0.0003654570000435342,42,A04,cross-session,AdaBN
149,32,0,0.000402789000077064,42,A04,cross-session,AdaBN
150,32,0,0.00035901199998988886,42,A04,cross-session,AdaBN
151,32,1,0.00036635799995110574,42,A04,cross-session,AdaBN
152,32,0,0.0004035389999899053,42,A04,cross-session,AdaBN
153,32,0,0.0003734169999916048,42,A04,cross-session,AdaBN
154,32,1,0.00036757600003056723,42,A04,cross-session,AdaBN
155,32,1,0.000401331999910326,42,A04,cross-session,AdaBN
156,32,0,0.00037426100004722684,42,A04,cross-session,AdaBN
157,32,0,0.00036734100001467596,42,A04,cross-session,AdaBN
158,32,0,0.0003796230000716605,42,A04,cross-session,AdaBN
159,32,1,0.00037687300005018187,42,A04,cross-session,AdaBN
160,32,1,0.0003673630000093908,42,A04,cross-session,AdaBN
161,32,0,0.00035766300004524965,42,A04,cross-session,AdaBN
162,32,0,0.0003874429999086715,42,A04,cross-session,AdaBN
163,32,0,0.0003820260000111375,42,A04,cross-session,AdaBN
164,32,0,0.00036597199994048424,42,A04,cross-session,AdaBN
165,32,0,0.00040668600001936284,42,A04,cross-session,AdaBN
166,32,0,0.00038104999998722633,42,A04,cross-session,AdaBN
167,32,1,0.0003821289999450528,42,A04,cross-session,AdaBN
168,32,1,0.0003931489999331461,42,A04,cross-session,AdaBN
169,32,1,0.0003962690000207658,42,A04,cross-session,AdaBN
170,32,0,0.0004043619999265502,42,A04,cross-session,AdaBN
171,32,1,0.0004152840000415381,42,A04,cross-session,AdaBN
172,32,0,0.0003633879999824785,42,A04,cross-session,AdaBN
173,32,1,0.00036301400007232587,42,A04,cross-session,AdaBN
174,32,0,0.0003629460001093321,42,A04,cross-session,AdaBN
175,32,1,0.00039944299999206123,42,A04,cross-session,AdaBN
176,32,1,0.00039504700009729277,42,A04,cross-session,AdaBN
177,32,0,0.00039906799997879716,42,A04,cross-session,AdaBN
178,32,0,0.00037996599996859004,42,A04,cross-session,AdaBN
179,32,0,0.0004013970000187328,42,A04,cross-session,AdaBN
180,32,1,0.0003791350000028615,42,A04,cross-session,AdaBN
181,32,0,0.00036545499995099817,42,A04,cross-session,AdaBN
182,32,0,0.00043264700002509926,42,A04,cross-session,AdaBN
183,32,1,0.00037300099995718483,42,A04,cross-session,AdaBN
184,32,1,0.00039731499998652,42,A04,cross-session,AdaBN
185,32,1,0.00037026400002559967,42,A04,cross-session,AdaBN
186,32,0,0.0004089220000196292,42,A04,cross-session,AdaBN
187,32,1,0.0003835950000166122,42,A04,cross-session,AdaBN
188,32,1,0.00041172999999616877,42,A04,cross-session,AdaBN
189,32,1,0.0003895680000596258,42,A04,cross-session,AdaBN
190,32,0,0.000368541000057121,42,A04,cross-session,AdaBN
191,32,1,0.0003756269999257711,42,A04,cross-session,AdaBN
192,32,0,0.0003798069999447762,42,A04,cross-session,AdaBN
193,32,1,0.00041858099996261444,42,A04,cross-session,AdaBN
194,32,0,0.0004152090000388853,42,A04,cross-session,AdaBN
195,32,0,0.0003672149999829344,42,A04,cross-session,AdaBN
196,32,0,0.0004089870000143492,42,A04,cross-session,AdaBN
197,32,0,0.0004133490000413076,42,A04,cross-session,AdaBN
198,32,0,0.0004020819999368541,42,A04,cross-session,AdaBN
199,32,0,0.0003723549999676834,42,A04,cross-session,AdaBN
200,32,0,0.0004059789999928398,42,A04,cross-session,AdaBN
201,32,0,0.0003631320000749838,42,A04,cross-session,AdaBN
202,32,1,0.00040995000006205373,42,A04,cross-session,AdaBN
203,32,0,0.0004045429999450789,42,A04,cross-session,AdaBN
204,32,0,0.0004021020000664066,42,A04,cross-session,AdaBN
205,32,1,0.00037721500007137365,42,A04,cross-session,AdaBN
206,32,1,0.00039737999998123996,42,A04,cross-session,AdaBN
207,32,0,0.0003719019999834927,42,A04,cross-session,AdaBN
208,32,0,0.00043065099998784717,42,A04,cross-session,AdaBN
209,32,1,0.0003834429999187705,42,A04,cross-session,AdaBN
210,32,1,0.00041745299995454843,42,A04,cross-session,AdaBN
211,32,1,0.0003773040000396577,42,A04,cross-session,AdaBN
212,32,1,0.00041255500002534973,42,A04,cross-session,AdaBN
213,32,1,0.0003611670000509548,42,A04,cross-session,AdaBN
214,32,0,0.00036308400001416885,42,A04,cross-session,AdaBN
215,32,1,0.0003578329999527341,42,A04,cross-session,AdaBN
216,32,1,0.00038756000003559166,42,A04,cross-session,AdaBN
217,32,0,0.00036977000002025306,42,A04,cross-session,AdaBN
218,32,1,0.000380572000040047,42,A04,cross-session,AdaBN
219,32,0,0.00038699599997471523,42,A04,cross-session,AdaBN
220,32,1,0.0003978269999151962,42,A04,cross-session,AdaBN
221,32,1,0.00037442399991505226,42,A04,cross-session,AdaBN
222,32,1,0.0003711130000283447,42,A04,cross-session,AdaBN
223,32,1,0.00042393399996853987,42,A04,cross-session,AdaBN
224,32,1,0.0004588860000467321,42,A04,cross-session,AdaBN
225,32,1,0.00039839800001573167,42,A04,cross-session,AdaBN
226,32,0,0.00038839500007270544,42,A04,cross-session,AdaBN
227,32,0,0.0003616540000166424,42,A04,cross-session,AdaBN
228,32,1,0.0003596569999899657,42,A04,cross-session,AdaBN
229,32,1,0.0003944759999967573,42,A04,cross-session,AdaBN
230,32,0,0.0003885079999008667,42,A04,cross-session,AdaBN
231,32,0,0.00038703699999587116,42,A04,cross-session,AdaBN
232,32,1,0.0003849419999824022,42,A04,cross-session,AdaBN
233,32,1,0.00036175499997170846,42,A04,cross-session,AdaBN
234,32,0,0.0003640099999984159,42,A04,cross-session,AdaBN
235,32,1,0.0003693039999461689,42,A04,cross-session,AdaBN
236,32,1,0.0003691539999408633,42,A04,cross-session,AdaBN
237,32,0,0.00036208900007750344,42,A04,cross-session,AdaBN
238,32,0,0.00036718800004109653,42,A04,cross-session,AdaBN
239,32,0,0.000364683000043442,42,A04,cross-session,AdaBN
240,32,1,0.0003629640000326617,42,A04,cross-session,AdaBN
241,32,1,0.00037929699999494915,42,A04,cross-session,AdaBN
242,32,0,0.00036101000000599015,42,A04,cross-session,AdaBN
243,32,0,0.00036082300005091383,42,A04,cross-session,AdaBN
244,32,0,0.0003595179999820175,42,A04,cross-session,AdaBN
245,32,1,0.00036406200001692923,42,A04,cross-session,AdaBN
246,32,1,0.0003655680000065331,42,A04,cross-session,AdaBN
247,32,0,0.00035173200001281657,42,A04,cross-session,AdaBN
248,32,0,0.00037367699997048476,42,A04,cross-session,AdaBN
249,32,0,0.00035734900006900716,42,A04,cross-session,AdaBN
250,32,0,0.0003640450000830242,42,A04,cross-session,AdaBN
251,32,1,0.0003708749999304928,42,A04,cross-session,AdaBN
252,32,0,0.0003974539999944682,42,A04,cross-session,AdaBN
253,32,0,0.0003735479999704694,42,A04,cross-session,AdaBN
254,32,0,0.000366383999903519,42,A04,cross-session,AdaBN
255,32,0,0.0003680870000835057,42,A04,cross-session,AdaBN
256,32,1,0.0003625360000114597,42,A04,cross-session,AdaBN
257,32,1,0.0004116469999644323,42,A04,cross-session,AdaBN
258,32,1,0.0003656829999272304,42,A04,cross-session,AdaBN
259,32,0,0.00037652100002105726,42,A04,cross-session,AdaBN
260,32,1,0.00037219299997559574,42,A04,cross-session,AdaBN
261,32,1,0.0003879210000832245,42,A04,cross-session,AdaBN
262,32,1,0.00035527800002910226,42,A04,cross-session,AdaBN
263,32,0,0.0003844390000722342,42,A04,cross-session,AdaBN
264,32,1,0.00038727000003291323,42,A04,cross-session,AdaBN
265,32,1,0.00036639400002513867,42,A04,cross-session,AdaBN
266,32,1,0.0003787279999869497,42,A04,cross-session,AdaBN
267,32,0,0.00040109100007157394,42,A04,cross-session,AdaBN
268,32,1,0.0004052660000297692,42,A04,cross-session,AdaBN
269,32,0,0.0004247809999924357,42,A04,cross-session,AdaBN
270,32,0,0.00038763300005939527,42,A04,cross-session,AdaBN
271,32,1,0.00035759100001087063,42,A04,cross-session,AdaBN
272,32,0,0.0003875549999747818,42,A04,cross-session,AdaBN
273,32,1,0.0003710010000759212,42,A04,cross-session,AdaBN
274,32,0,0.00035644199999751436,42,A04,cross-session,AdaBN
275,32,0,0.00037060700003621605,42,A04,cross-session,AdaBN
276,32,0,0.00037750599994978984,42,A04,cross-session,AdaBN
277,32,1,0.0003680170000279759,42,A04,cross-session,AdaBN
278,32,0,0.0003594700000348894,42,A04,cross-session,AdaBN
279,32,1,0.00038333700001658144,42,A04,cross-session,AdaBN
280,32,0,0.000373758000023372,42,A04,cross-session,AdaBN
281,32,1,0.000359613000000536,42,A04,cross-session,AdaBN
282,32,0,0.0003793829999949594,42,A04,cross-session,AdaBN
283,32,0,0.00038492199996653653,42,A04,cross-session,AdaBN
284,32,1,0.00039322099996752513,42,A04,cross-session,AdaBN
285,32,0,0.000394079999978203,42,A04,cross-session,AdaBN
286,32,0,0.00040352100006657565,42,A04,cross-session,AdaBN
287,32,1,0.0003700309999885576,42,A04,cross-session,AdaBN
0,1,1,0.001126075000001947,42,A05,cross-session,AdaBN
1,2,0,0.0011440819999961604,42,A05,cross-session,AdaBN
2,3,0,0.0011444180000808046,42,A05,cross-session,AdaBN
3,4,1,0.0011200510000435315,42,A05,cross-session,AdaBN
4,5,0,0.0011094159999629483,42,A05,cross-session,AdaBN
5,6,0,0.0010627639999256644,42,A05,cross-session,AdaBN
6,7,1,0.0011085690000527393,42,A05,cross-session,AdaBN
7,8,0,0.0010763779999933831,42,A05,cross-session,AdaBN
8,9,1,0.0010616770000524411,42,A05,cross-session,AdaBN
9,10,0,0.0010647430000290115,42,A05,cross-session,AdaBN
10,11,0,0.0010296120000248266,42,A05,cross-session,AdaBN
11,12,0,0.0011540129999048077,42,A05,cross-session,AdaBN
12,13,0,0.0011464789999990899,42,A05,cross-session,AdaBN
13,14,0,0.0010836760000074719,42,A05,cross-session,AdaBN
14,15,0,0.0010427419999814447,42,A05,cross-session,AdaBN
15,16,0,0.0010328480000225682,42,A05,cross-session,AdaBN
16,17,0,0.0010522669999772916,42,A05,cross-session,AdaBN
17,18,0,0.001172816000007515,42,A05,cross-session,AdaBN
18,19,0,0.0011225090000834825,42,A05,cross-session,AdaBN
19,20,0,0.001181486999939807,42,A05,cross-session,AdaBN
20,21,1,0.00045143799991365086,42,A05,cross-session,AdaBN
21,22,1,0.00038165499995557184,42,A05,cross-session,AdaBN
22,23,0,0.0003775669999868114,42,A05,cross-session,AdaBN
23,24,1,0.0003902900000412046,42,A05,cross-session,AdaBN
24,25,0,0.00045453499990344426,42,A05,cross-session,AdaBN
25,26,0,0.0003932529999701728,42,A05,cross-session,AdaBN
26,27,0,0.0003874430000223583,42,A05,cross-session,AdaBN
27,28,1,0.00038865900000928377,42,A05,cross-session,AdaBN
28,29,1,0.00038278599993191165,42,A05,cross-session,AdaBN
29,30,0,0.0004185989999996309,42,A05,cross-session,AdaBN
30,31,0,0.00043691599989870156,42,A05,cross-session,AdaBN
31,32,0,0.0005070150000392459,42,A05,cross-session,AdaBN
32,32,0,0.000507859000094868,42,A05,cross-session,AdaBN
33,32,0,0.0005338629999869227,42,A05,cross-session,AdaBN
34,32,1,0.0005428370000117866,42,A05,cross-session,AdaBN
35,32,0,0.000529467999967892,42,A05,cross-session,AdaBN
36,32,0,0.0004746629999772267,42,A05,cross-session,AdaBN
37,32,0,0.00042523799993432476,42,A05,cross-session,AdaBN
38,32,0,0.0003908899999487403,42,A05,cross-session,AdaBN
39,32,0,0.00036809600010201393,42,A05,cross-session,AdaBN
40,32,0,0.00035003300001790194,42,A05,cross-session,AdaBN
41,32,0,0.0003894100000252365,42,A05,cross-session,AdaBN
42,32,0,0.00040930199998001626,42,A05,cross-session,AdaBN
43,32,1,0.00036418799993498396,42,A05,cross-session,AdaBN
44,32,0,0.000456966999990982,42,A05,cross-session,AdaBN
45,32,1,0.0004140520001101322,42,A05,cross-session,AdaBN
46,32,0,0.0003491019999728451,42,A05,cross-session,AdaBN
47,32,0,0.0003724289999809116,42,A05,cross-session,AdaBN
48,32,0,0.00039814800004478457,42,A05,cross-session,AdaBN
49,32,0,0.0003790530000742365,42,A05,cross-session,AdaBN
50,32,1,0.00039052299996455986,42,A05,cross-session,AdaBN
51,32,0,0.00043247099995369354,42,A05,cross-session,AdaBN
52,32,0,0.00039118400002280396,42,A05,cross-session,AdaBN
53,32,1,0.00037377800003923767,42,A05,cross-session,AdaBN
54,32,0,0.0003733789999387227,42,A05,cross-session,AdaBN
55,32,1,0.00035432899994702893,42,A05,cross-session,AdaBN
56,32,0,0.0003822310000032303,42,A05,cross-session,AdaBN
57,32,0,0.00036621399999603454,42,A05,cross-session,AdaBN
58,32,0,0.00042290500005037757,42,A05,cross-session,AdaBN
59,32,0,0.0004001109999762775,42,A05,cross-session,AdaBN
60,32,0,0.00036132900004304247,42,A05,cross-session,AdaBN
61,32,0,0.00035197299996525544,42,A05,cross-session,AdaBN
62,32,1,0.00035879999995813705,42,A05,cross-session,AdaBN
63,32,0,0.0003948190000073737,42,A05,cross-session,AdaBN
64,32,0,0.00035664899996845634,42,A05,cross-session,AdaBN
65,32,1,0.0003563339998891024,42,A05,cross-session,AdaBN
66,32,0,0.0003978810000262456,42,A05,cross-session,AdaBN
67,32,0,0.0003798449999976583,42,A05,cross-session,AdaBN
68,32,0,0.0003653579999536305,42,A05,cross-session,AdaBN
69,32,0,0.0003714069999887215,42,A05,cross-session,AdaBN
70,32,0,0.00042709100000593025,42,A05,cross-session,AdaBN
71,32,0,0.0003737260000207243,42,A05,cross-session,AdaBN
72,32,1,0.00038288500002181536,42,A05,cross-session,AdaBN
73,32,1,0.0004175829999439884,42,A05,cross-session,AdaBN
74,32,0,0.00039968200007933774,42,A05,cross-session,AdaBN
75,32,0,0.00039691300003141805,42,A05,cross-session,AdaBN
76,32,1,0.00039234300004409306,42,A05,cross-session,AdaBN
77,32,1,0.0003993349999973361,42,A05,cross-session,AdaBN
78,32,1,0.00038089599991053547,42,A05,cross-session,AdaBN
79,32,0,0.00039685199999439646,42,A05,cross-session,AdaBN
80,32,1,0.0003922930000044289,42,A05,cross-session,AdaBN
81,32,1,0.0003822459999582861,42,A05,cross-session,AdaBN
82,32,0,0.0003667319999749452,42,A05,cross-session,AdaBN
83,32,0,0.000407164000080229,42,A05,cross-session,AdaBN
84,32,0,0.0003639870000142764,42,A05,cross-session,AdaBN
85,32,1,0.00037415700001020014,42,A05,cross-session,AdaBN
86,32,1,0.0003809059999184683,42,A05,cross-session,AdaBN
87,32,0,0.0004203550000738687,42,A05,cross-session,AdaBN
88,32,0,0.0004050679999636486,42,A05,cross-session,AdaBN
89,32,1,0.0003671370000120078,42,A05,cross-session,AdaBN
90,32,1,0.00037160299996230606,42,A05,cross-session,AdaBN
91,32,0,0.00037288400005763833,42,A05,cross-session,AdaBN
92,32,1,0.0004182440000022325,42,A05,cross-session,AdaBN
93,32,0,0.0004027910000559132,42,A05,cross-session,AdaBN
94,32,0,0.0003940819999570522,42,A05,cross-session,AdaBN
95,32,0,0.00038000999995801976,42,A05,cross-session,AdaBN
96,32,0,0.00038974799997504306,42,A05,cross-session,AdaBN
97,32,1,0.00040208200005054096,42,A05,cross-session,AdaBN
98,32,1,0.00039660200002344936,42,A05,cross-session,AdaBN
99,32,0,0.00040343299997402937,42,A05,cross-session,AdaBN
100,32,0,0.0003718980000257943,42,A05,cross-session,AdaBN
101,32,0,0.0003766400000131398,42,A05,cross-session,AdaBN
102,32,0,0.00038822600004095875,42,A05,cross-session,AdaBN
103,32,0,0.0003920079999488735,42,A05,cross-session,AdaBN
104,32,0,0.000384158000088064,42,A05,cross-session,AdaBN
105,32,0,0.00038466300009076804,42,A05,cross-session,AdaBN
106,32,0,0.000415690999943763,42,A05,cross-session,AdaBN
107,32,1,0.000416378999943845,42,A05,cross-session,AdaBN
108,32,0,0.0003771650000317095,42,A05,cross-session,AdaBN
109,32,0,0.0003896240000358375,42,A05,cross-session,AdaBN
110,32,1,0.00038048999999773514,42,A05,cross-session,AdaBN
111,32,1,0.0003972819999944477,42,A05,cross-session,AdaBN
112,32,0,0.0004162769999993543,42,A05,cross-session,AdaBN
113,32,0,0.00038647200005925697,42,A05,cross-session,AdaBN
114,32,0,0.00039224899990131235,42,A05,cross-session,AdaBN
115,32,1,0.0004399130000365403,42,A05,cross-session,AdaBN
116,32,1,0.00037271600001531624,42,A05,cross-session,AdaBN
117,32,1,0.00037764000001061504,42,A05,cross-session,AdaBN
118,32,1,0.00038335499993991107,42,A05,cross-session,AdaBN
119,32,1,0.0004106480000700685,42,A05,cross-session,AdaBN
120,32,0,0.0003938280000284067,42,A05,cross-session,AdaBN
121,32,0,0.00039170100001229,42,A05,cross-session,AdaBN
122,32,0,0.0003742119999969873,42,A05,cross-session,AdaBN
123,32,0,0.00037226000006285176,42,A05,cross-session,AdaBN
124,32,0,0.00037285600001268904,42,A05,cross-session,AdaBN
125,32,1,0.0004093589999456526,42,A05,cross-session,AdaBN
126,32,0,0.00038007499995273974,42,A05,cross-session,AdaBN
127,32,0,0.00037821799992343585,42,A05,cross-session,AdaBN
128,32,1,0.00037775099997361394,42,A05,cross-session,AdaBN
129,32,0,0.00037113600001248415,42,A05,cross-session,AdaBN
130,32,0,0.00038507099998241756,42,A05,cross-session,AdaBN
131,32,1,0.0003800669999236561,42,A05,cross-session,AdaBN
132,32,1,0.0003740789999255867,42,A05,cross-session,AdaBN
133,32,0,0.00037403399994673237,42,A05,cross-session,AdaBN
134,32,0,0.00041914199994153023,42,A05,cross-session,AdaBN
135,32,1,0.0003703800000494084,42,A05,cross-session,AdaBN
136,32,0,0.00037582099992050644,42,A05,cross-session,AdaBN
137,32,0,0.00040464200003498263,42,A05,cross-session,AdaBN
138,32,0,0.0003809910000427408,42,A05,cross-session,AdaBN
139,32,1,0.00038039200001094287,42,A05,cross-session,AdaBN
140,32,0,0.00037694299999202485,42,A05,cross-session,AdaBN
141,32,0,0.0003706250000732325,42,A05,cross-session,AdaBN
142,32,1,0.0003827970000429559,42,A05,cross-session,AdaBN
143,32,0,0.0003972199999680015,42,A05,cross-session,AdaBN
144,32,0,0.00037434499995470105,42,A05,cross-session,AdaBN
145,32,1,0.00038039699995806586,42,A05,cross-session,AdaBN
146,32,0,0.0003755480000791067,42,A05,cross-session,AdaBN
147,32,1,0.00039002599999093945,42,A05,cross-session,AdaBN
148,32,0,0.00037482699997326563,42,A05,cross-session,AdaBN
149,32,0,0.000386200000093595,42,A05,cross-session,AdaBN
150,32,0,0.0003779400000212263,42,A05,cross-session,AdaBN
151,32,0,0.00037163799993322755,42,A05,cross-session,AdaBN
152,32,0,0.0003794949999473829,42,A05,cross-session,AdaBN
153,32,1,0.00040576900005362404,42,A05,cross-session,AdaBN
154,32,0,0.00037650800004485063,42,A05,cross-session,AdaBN
155,32,0,0.00037500100006582215,42,A05,cross-session,AdaBN
156,32,0,0.0003808579999713402,42,A05,cross-session,AdaBN
157,32,1,0.00038024699995276023,42,A05,cross-session,AdaBN
158,32,0,0.0003690229999619987,42,A05,cross-session,AdaBN
159,32,0,0.00038594600005126267,42,A05,cross-session,AdaBN
160,32,0,0.00039734699998916767,42,A05,cross-session,AdaBN
161,32,0,0.00038946500001202367,42,A05,cross-session,AdaBN
162,32,0,0.0004184549999308729,42,A05,cross-session,AdaBN
163,32,0,0.0003684939999857306,42,A05,cross-session,AdaBN
164,32,0,0.00040183699991303,42,A05,cross-session,AdaBN
165,32,0,0.00043598100000963314,42,A05,cross-session,AdaBN
166,32,0,0.00040798600002744934,42,A05,cross-session,AdaBN
167,32,0,0.00043040399998517387,42,A05,cross-session,AdaBN
168,32,0,0.0003982899999073197,42,A05,cross-session,AdaBN
169,32,0,0.0003731870000365234,42,A05,cross-session,AdaBN
170,32,1,0.0003880770000250777,42,A05,cross-session,AdaBN
171,32,0,0.0003773400000000038,42,A05,cross-session,AdaBN
172,32,0,0.000371230000041578,42,A05,cross-session,AdaBN
173,32,1,0.00038218500003495137,42,A05,cross-session,AdaBN
174,32,0,0.0004078279999930601,42,A05,cross-session,AdaBN
175,32,0,0.0004095669999060192,42,A05,cross-session,AdaBN
176,32,0,0.00041907100001026265,42,A05,cross-session,AdaBN
177,32,0,0.00038411399998494744,42,A05,cross-session,AdaBN
178,32,0,0.0003816070000084437,42,A05,cross-session,AdaBN
179,32,1,0.0003870480001069154,42,A05,cross-session,AdaBN
180,32,1,0.0003863110000565939,42,A05,cross-session,AdaBN
181,32,1,0.0004035089999661068,42,A05,cross-session,AdaBN
182,32,1,0.00039410499994119164,42,A05,cross-session,AdaBN
183,32,0,0.00038855399998283247,42,A05,cross-session,AdaBN
184,32,0,0.00037740899995242216,42,A05,cross-session,AdaBN
185,32,0,0.00037316200007353473,42,A05,cross-session,AdaBN
186,32,0,0.0004006949999393328,42,A05,cross-session,AdaBN
187,32,0,0.00039385499997024453,42,A05,cross-session,AdaBN
188,32,0,0.0003720270000258097,42,A05,cross-session,AdaBN
189,32,0,0.0003760330000659451,42,A05,cross-session,AdaBN
190,32,0,0.0004041700000243509,42,A05,cross-session,AdaBN
191,32,0,0.0004080020000856166,42,A05,cross-session,AdaBN
192,32,1,0.0003786269999181968,42,A05,cross-session,AdaBN
193,32,0,0.00039399000002049434,42,A05,cross-session,AdaBN
194,32,0,0.0003737969999519919,42,A05,cross-session,AdaBN
195,32,0,0.00038275499991868855,42,A05,cross-session,AdaBN
196,32,0,0.0003836340000589189,42,A05,cross-session,AdaBN
197,32,0,0.0003749969999944369,42,A05,cross-session,AdaBN
198,32,0,0.0004012319999446845,42,A05,cross-session,AdaBN
199,32,0,0.0004171560000258978,42,A05,cross-session,AdaBN
200,32,1,0.0003788889999896128,42,A05,cross-session,AdaBN
201,32,1,0.0003761430000395194,42,A05,cross-session,AdaBN
202,32,0,0.0004061460000457373,42,A05,cross-session,AdaBN
203,32,1,0.0004202190000341943,42,A05,cross-session,AdaBN
204,32,0,0.000384228000029907,42,A05,cross-session,AdaBN
205,32,0,0.00038738099999591213,42,A05,cross-session,AdaBN
206,32,0,0.00038639500007775496,42,A05,cross-session,AdaBN
207,32,0,0.00038755700006731786,42,A05,cross-session,AdaBN
208,32,0,0.00038581499995871127,42,A05,cross-session,AdaBN
209,32,1,0.0003812879999713914,42,A05,cross-session,AdaBN
210,32,1,0.00037652499997875566,42,A05,cross-session,AdaBN
211,32,0,0.00042477099998450285,42,A05,cross-session,AdaBN
212,32,0,0.00038594000000102824,42,A05,cross-session,AdaBN
213,32,0,0.0003922299999885581,42,A05,cross-session,AdaBN
214,32,0,0.00039219500001763663,42,A05,cross-session,AdaBN
215,32,0,0.00037673700001050747,42,A05,cross-session,AdaBN
216,32,1,0.0003679850000253282,42,A05,cross-session,AdaBN
217,32,0,0.00040778499999305495,42,A05,cross-session,AdaBN
218,32,0,0.0004229140000688858,42,A05,cross-session,AdaBN
219,32,1,0.0003719679999676373,42,A05,cross-session,AdaBN
220,32,0,0.00039282700004150684,42,A05,cross-session,AdaBN
221,32,0,0.0003702010000097289,42,A05,cross-session,AdaBN
222,32,0,0.0003837340000245604,42,A05,cross-session,AdaBN
223,32,0,0.00041531599993049895,42,A05,cross-session,AdaBN
224,32,1,0.00038620399993760657,42,A05,cross-session,AdaBN
225,32,0,0.0003772479999497591,42,A05,cross-session,AdaBN
226,32,0,0.00036534599996684847,42,A05,cross-session,AdaBN
227,32,0,0.0003863430000592416,42,A05,cross-session,AdaBN
228,32,0,0.0003821190000508068,42,A05,cross-session,AdaBN
229,32,0,0.00038168100002167193,42,A05,cross-session,AdaBN
230,32,0,0.0003893509999670641,42,A05,cross-session,AdaBN
231,32,1,0.0003800130000399804,42,A05,cross-session,AdaBN
232,32,0,0.00040521000005355745,42,A05,cross-session,AdaBN
233,32,1,0.00038622299996404763,42,A05,cross-session,AdaBN
234,32,0,0.0003746099999943908,42,A05,cross-session,AdaBN
235,32,0,0.00037091500007591094,42,A05,cross-session,AdaBN
236,32,0,0.0003929900000230191,42,A05,cross-session,AdaBN
237,32,0,0.0003931719999172856,42,A05,cross-session,AdaBN
238,32,0,0.00037838899993403174,42,A05,cross-session,AdaBN
239,32,0,0.00038491899999826273,42,A05,cross-session,AdaBN
240,32,0,0.0003722430000152599,42,A05,cross-session,AdaBN
241,32,0,0.00037202199996499985,42,A05,cross-session,AdaBN
242,32,0,0.0004053320000139138,42,A05,cross-session,AdaBN
243,32,1,0.00038351900002453476,42,A05,cross-session,AdaBN
244,32,1,0.0003670680000595894,42,A05,cross-session,AdaBN
245,32,0,0.0003854630000432735,42,A05,cross-session,AdaBN
246,32,0,0.000415325000062694,42,A05,cross-session,AdaBN
247,32,0,0.00039789300001302763,42,A05,cross-session,AdaBN
248,32,1,0.00038081699995018425,42,A05,cross-session,AdaBN
249,32,1,0.0003811130000030971,42,A05,cross-session,AdaBN
250,32,0,0.00041900999997324107,42,A05,cross-session,AdaBN
251,32,0,0.000383674999966388,42,A05,cross-session,AdaBN
252,32,0,0.0003749879999759287,42,A05,cross-session,AdaBN
253,32,0,0.0003993830000581511,42,A05,cross-session,AdaBN
254,32,0,0.00040395099995294004,42,A05,cross-session,AdaBN
255,32,0,0.00041877500007103663,42,A05,cross-session,AdaBN
256,32,0,0.00036549500009641633,42,A05,cross-session,AdaBN
257,32,0,0.00041213700001208053,42,A05,cross-session,AdaBN
258,32,0,0.00039076299992757413,42,A05,cross-session,AdaBN
259,32,1,0.0003705599999648257,42,A05,cross-session,AdaBN
260,32,1,0.00038168699995821953,42,A05,cross-session,AdaBN
261,32,0,0.0003865750001068591,42,A05,cross-session,AdaBN
262,32,0,0.0003724150000152804,42,A05,cross-session,AdaBN
263,32,0,0.0003797439999289054,42,A05,cross-session,AdaBN
264,32,0,0.00038257199992131063,42,A05,cross-session,AdaBN
265,32,0,0.0003704619999780334,42,A05,cross-session,AdaBN
266,32,0,0.0004097319999800675,42,A05,cross-session,AdaBN
267,32,1,0.0003888759999881586,42,A05,cross-session,AdaBN
268,32,0,0.00041355599989856273,42,A05,cross-session,AdaBN
269,32,0,0.00038609000000633387,42,A05,cross-session,AdaBN
270,32,0,0.00038373099994259974,42,A05,cross-session,AdaBN
271,32,0,0.00037437399998907495,42,A05,cross-session,AdaBN
272,32,1,0.00037799000006089045,42,A05,cross-session,AdaBN
273,32,1,0.000406955000016751,42,A05,cross-session,AdaBN
274,32,0,0.0004180409999889889,42,A05,cross-session,AdaBN
275,32,1,0.00038952800002789445,42,A05,cross-session,AdaBN
276,32,0,0.0003826939999953538,42,A05,cross-session,AdaBN
277,32,0,0.00037630999997873005,42,A05,cross-session,AdaBN
278,32,0,0.0003886550000515854,42,A05,cross-session,AdaBN
279,32,0,0.0003819089999979042,42,A05,cross-session,AdaBN
280,32,0,0.0004052289999663117,42,A05,cross-session,AdaBN
281,32,0,0.00040726099996390985,42,A05,cross-session,AdaBN
282,32,1,0.0004164750000654749,42,A05,cross-session,AdaBN
283,32,0,0.00038299000004826667,42,A05,cross-session,AdaBN
284,32,0,0.00038556499998776417,42,A05,cross-session,AdaBN
285,32,1,0.00037325200003124337,42,A05,cross-session,AdaBN
286,32,0,0.0004745780000803279,42,A05,cross-session,AdaBN
287,32,0,0.000372197000046981,42,A05,cross-session,AdaBN
0,1,1,0.0005540910000263466,42,A06,cross-session,AdaBN
1,2,0,0.0004791160000650052,42,A06,cross-session,AdaBN
2,3,1,0.00047895700004119135,42,A06,cross-session,AdaBN
3,4,0,0.0004994639999722494,42,A06,cross-session,AdaBN
4,5,0,0.00047179599994251475,42,A06,cross-session,AdaBN
5,6,1,0.00040187899992361054,42,A06,cross-session,AdaBN
6,7,1,0.0004398119999677874,42,A06,cross-session,AdaBN
7,8,0,0.0005479530000229715,42,A06,cross-session,AdaBN
8,9,0,0.0006592359999331165,42,A06,cross-session,AdaBN
9,10,1,0.000659165000001849,42,A06,cross-session,AdaBN
10,11,1,0.0006469610000294779,42,A06,cross-session,AdaBN
11,12,0,0.0006171210000047722,42,A06,cross-session,AdaBN
12,13,1,0.0006206120000342707,42,A06,cross-session,AdaBN
13,14,1,0.0006106229999431889,42,A06,cross-session,AdaBN
14,15,0,0.0005835849999584752,42,A06,cross-session,AdaBN
15,16,0,0.0005923940000229777,42,A06,cross-session,AdaBN
16,17,1,0.0005873979999932999,42,A06,cross-session,AdaBN
17,18,1,0.0006032339999819669,42,A06,cross-session,AdaBN
18,19,0,0.000623108000013417,42,A06,cross-session,AdaBN
19,20,1,0.0006242640000664323,42,A06,cross-session,AdaBN
20,21,0,0.0006336269999565047,42,A06,cross-session,AdaBN
21,22,1,0.0005761520000078235,42,A06,cross-session,AdaBN
22,23,0,0.0005766689999973096,42,A06,cross-session,AdaBN
23,24,0,0.0006088049999561918,42,A06,cross-session,AdaBN
24,25,0,0.0005113910000318356,42,A06,cross-session,AdaBN
25,26,1,0.0003862759999719856,42,A06,cross-session,AdaBN
26,27,0,0.0003980889999866122,42,A06,cross-session,AdaBN
27,28,0,0.0003879270000197721,42,A06,cross-session,AdaBN
28,29,0,0.00041046899991670216,42,A06,cross-session,AdaBN
29,30,0,0.00039462699999148754,42,A06,cross-session,AdaBN
30,31,0,0.00040462100002969237,42,A06,cross-session,AdaBN
31,32,1,0.0004109220000145797,42,A06,cross-session,AdaBN
32,32,0,0.0004026709999607192,42,A06,cross-session,AdaBN
33,32,1,0.00039397799992002547,42,A06,cross-session,AdaBN
34,32,0,0.00041396500000701053,42,A06,cross-session,AdaBN
35,32,1,0.00039113500008625124,42,A06,cross-session,AdaBN
36,32,1,0.0003874010000117778,42,A06,cross-session,AdaBN
37,32,1,0.0004036809999661273,42,A06,cross-session,AdaBN
38,32,1,0.00039025900002798153,42,A06,cross-session,AdaBN
39,32,1,0.00038379600005100656,42,A06,cross-session,AdaBN
40,32,0,0.000382768000008582,42,A06,cross-session,AdaBN
41,32,0,0.00038657899995087064,42,A06,cross-session,AdaBN
42,32,0,0.00040552899997692293,42,A06,cross-session,AdaBN
43,32,0,0.00038700599998264806,42,A06,cross-session,AdaBN
44,32,0,0.0003898689999459748,42,A06,cross-session,AdaBN
45,32,0,0.0004256710000163366,42,A06,cross-session,AdaBN
46,32,0,0.00039997800001856376,42,A06,cross-session,AdaBN
47,32,0,0.0003909600000042701,42,A06,cross-session,AdaBN
48,32,0,0.0004012890000240077,42,A06,cross-session,AdaBN
49,32,0,0.000398657000005187,42,A06,cross-session,AdaBN
50,32,0,0.00038815200002773054,42,A06,cross-session,AdaBN
51,32,1,0.0004112850000410617,42,A06,cross-session,AdaBN
52,32,0,0.0004156899999543384,42,A06,cross-session,AdaBN
53,32,1,0.0004166950000126235,42,A06,cross-session,AdaBN
54,32,1,0.00040472699993188144,42,A06,cross-session,AdaBN
55,32,0,0.00043588799996996386,42,A06,cross-session,AdaBN
56,32,1,0.0004199019999759912,42,A06,cross-session,AdaBN
57,32,0,0.00041904199997588876,42,A06,cross-session,AdaBN
58,32,0,0.000395066000010047,42,A06,cross-session,AdaBN
59,32,0,0.0004520119999824601,42,A06,cross-session,AdaBN
60,32,1,0.00041886600001816987,42,A06,cross-session,AdaBN
61,32,0,0.00040528500005621027,42,A06,cross-session,AdaBN
62,32,0,0.00040277900006913114,42,A06,cross-session,AdaBN
63,32,0,0.0003830120000429815,42,A06,cross-session,AdaBN
64,32,1,0.00036790100000416714,42,A06,cross-session,AdaBN
65,32,1,0.00041470999997272884,42,A06,cross-session,AdaBN
66,32,0,0.0003815960000110863,42,A06,cross-session,AdaBN
67,32,1,0.0003838210000139952,42,A06,cross-session,AdaBN
68,32,1,0.0003807470000083413,42,A06,cross-session,AdaBN
69,32,0,0.0003787380001085694,42,A06,cross-session,AdaBN
70,32,1,0.0003762699999469987,42,A06,cross-session,AdaBN
71,32,0,0.00041198199994596507,42,A06,cross-session,AdaBN
72,32,0,0.00043731100004151813,42,A06,cross-session,AdaBN
73,32,0,0.0004198759999098911,42,A06,cross-session,AdaBN
74,32,0,0.00040422000006401504,42,A06,cross-session,AdaBN
75,32,0,0.00040778899995075335,42,A06,cross-session,AdaBN
76,32,1,0.000380086000063784,42,A06,cross-session,AdaBN
77,32,0,0.0003681560000359241,42,A06,cross-session,AdaBN
78,32,0,0.0003774229999180534,42,A06,cross-session,AdaBN
79,32,1,0.0003765469999734705,42,A06,cross-session,AdaBN
80,32,0,0.0004130059999170044,42,A06,cross-session,AdaBN
81,32,1,0.000405834000048344,42,A06,cross-session,AdaBN
82,32,1,0.0003816720000031637,42,A06,cross-session,AdaBN
83,32,0,0.00041276700005710154,42,A06,cross-session,AdaBN
84,32,1,0.0004005490000054124,42,A06,cross-session,AdaBN
85,32,0,0.0004078839999692718,42,A06,cross-session,AdaBN
86,32,0,0.0003865419998874131,42,A06,cross-session,AdaBN
87,32,0,0.00039055199999893375,42,A06,cross-session,AdaBN
88,32,1,0.0003807460000189167,42,A06,cross-session,AdaBN
89,32,0,0.00038060199995015864,42,A06,cross-session,AdaBN
90,32,1,0.0003833649999478439,42,A06,cross-session,AdaBN
91,32,0,0.00044291500000781525,42,A06,cross-session,AdaBN
92,32,1,0.0004131059999963327,42,A06,cross-session,AdaBN
93,32,1,0.00038269500009846524,42,A06,cross-session,AdaBN
94,32,1,0.00038286900007733493,42,A06,cross-session,AdaBN
95,32,0,0.0004285939999135735,42,A06,cross-session,AdaBN
96,32,1,0.0003855660000908756,42,A06,cross-session,AdaBN
97,32,0,0.0003777719999789042,42,A06,cross-session,AdaBN
98,32,0,0.0004001759999709975,42,A06,cross-session,AdaBN
99,32,0,0.00042641200002435653,42,A06,cross-session,AdaBN
100,32,1,0.000376937999931215,42,A06,cross-session,AdaBN
101,32,0,0.0004127880000623918,42,A06,cross-session,AdaBN
102,32,1,0.0003880049999906987,42,A06,cross-session,AdaBN
103,32,0,0.0003774840000687618,42,A06,cross-session,AdaBN
104,32,0,0.0003733600000259685,42,A06,cross-session,AdaBN
105,32,1,0.0004137820000096326,42,A06,cross-session,AdaBN
106,32,1,0.00041850200000226323,42,A06,cross-session,AdaBN
107,32,0,0.00039846599997872545,42,A06,cross-session,AdaBN
108,32,1,0.0007999829999789654,42,A06,cross-session,AdaBN
109,32,1,0.0010992029999670194,42,A06,cross-session,AdaBN
110,32,0,0.0007754599999998391,42,A06,cross-session,AdaBN
111,32,1,0.0005177379999850018,42,A06,cross-session,AdaBN
112,32,0,0.0005103080000026239,42,A06,cross-session,AdaBN
113,32,1,0.00047902799997245893,42,A06,cross-session,AdaBN
114,32,0,0.00046628199993392627,42,A06,cross-session,AdaBN
115,32,1,0.0004484919999185877,42,A06,cross-session,AdaBN
116,32,1,0.0004455739999684738,42,A06,cross-session,AdaBN
117,32,1,0.00042460599991045456,42,A06,cross-session,AdaBN
118,32,1,0.00042174199995770323,42,A06,cross-session,AdaBN
119,32,0,0.0004231819999631625,42,A06,cross-session,AdaBN
120,32,0,0.00042367300000023533,42,A06,cross-session,AdaBN
121,32,0,0.0004263200000877987,42,A06,cross-session,AdaBN
122,32,0,0.0004179679999651853,42,A06,cross-session,AdaBN
123,32,1,0.00042069999994964746,42,A06,cross-session,AdaBN
124,32,1,0.00042181699996035604,42,A06,cross-session,AdaBN
125,32,0,0.0005044949999728487,42,A06,cross-session,AdaBN
126,32,0,0.0003774299999577124,42,A06,cross-session,AdaBN
127,32,1,0.0003861729999243835,42,A06,cross-session,AdaBN
128,32,0,0.0004268270000693519,42,A06,cross-session,AdaBN
129,32,0,0.00040785500004858477,42,A06,cross-session,AdaBN
130,32,0,0.00042082900006334967,42,A06,cross-session,AdaBN
131,32,0,0.0004095589999906224,42,A06,cross-session,AdaBN
132,32,0,0.00041523799995957233,42,A06,cross-session,AdaBN
133,32,1,0.0004150470000467976,42,A06,cross-session,AdaBN
134,32,0,0.0003783959999736908,42,A06,cross-session,AdaBN
135,32,1,0.0003834540000298148,42,A06,cross-session,AdaBN
136,32,1,0.0003715869999041388,42,A06,cross-session,AdaBN
137,32,0,0.0003690249999408479,42,A06,cross-session,AdaBN
138,32,1,0.00038186000006135146,42,A06,cross-session,AdaBN
139,32,0,0.0003994699999338991,42,A06,cross-session,AdaBN
140,32,1,0.000392393999959495,42,A06,cross-session,AdaBN
141,32,0,0.0004157989999384881,42,A06,cross-session,AdaBN
142,32,1,0.0003997939999180744,42,A06,cross-session,AdaBN
143,32,0,0.0004515030000220577,42,A06,cross-session,AdaBN
144,32,0,0.0004102240000065649,42,A06,cross-session,AdaBN
145,32,1,0.0004262699999344477,42,A06,cross-session,AdaBN
146,32,1,0.0003747849999626851,42,A06,cross-session,AdaBN
147,32,1,0.00037053699998068623,42,A06,cross-session,AdaBN
148,32,1,0.0003965660000631033,42,A06,cross-session,AdaBN
149,32,1,0.0004479550000269228,42,A06,cross-session,AdaBN
150,32,0,0.00041513100006795867,42,A06,cross-session,AdaBN
151,32,0,0.00044337399992855353,42,A06,cross-session,AdaBN
152,32,0,0.0003880739999431171,42,A06,cross-session,AdaBN
153,32,1,0.00038248300006671343,42,A06,cross-session,AdaBN
154,32,0,0.00037521699994158553,42,A06,cross-session,AdaBN
155,32,0,0.0004326719999880879,42,A06,cross-session,AdaBN
156,32,1,0.00040352500002427405,42,A06,cross-session,AdaBN
157,32,0,0.0004198980000182928,42,A06,cross-session,AdaBN
158,32,0,0.00038646999996672093,42,A06,cross-session,AdaBN
159,32,0,0.0003881680000858978,42,A06,cross-session,AdaBN
160,32,0,0.00039150999998582847,42,A06,cross-session,AdaBN
161,32,0,0.0003897650000226349,42,A06,cross-session,AdaBN
162,32,0,0.00044519699997636053,42,A06,cross-session,AdaBN
163,32,0,0.0003910550000227886,42,A06,cross-session,AdaBN
164,32,1,0.00038731000006464456,42,A06,cross-session,AdaBN
165,32,0,0.0004099360000964225,42,A06,cross-session,AdaBN
166,32,0,0.0003873389999853316,42,A06,cross-session,AdaBN
167,32,1,0.0005989769999814598,42,A06,cross-session,AdaBN
168,32,0,0.0005461860000650631,42,A06,cross-session,AdaBN
169,32,0,0.00043792400003894727,42,A06,cross-session,AdaBN
170,32,1,0.0004069179999532935,42,A06,cross-session,AdaBN
171,32,0,0.00039378700000725075,42,A06,cross-session,AdaBN
172,32,0,0.00036762799993539375,42,A06,cross-session,AdaBN
173,32,1,0.0003696559999752935,42,A06,cross-session,AdaBN
174,32,0,0.0003940850000390128,42,A06,cross-session,AdaBN
175,32,0,0.0003819060000296304,42,A06,cross-session,AdaBN
176,32,1,0.0003996690001031311,42,A06,cross-session,AdaBN
177,32,1,0.0003692200000386947,42,A06,cross-session,AdaBN
178,32,0,0.0003831789999821922,42,A06,cross-session,AdaBN
179,32,0,0.00038517100006174587,42,A06,cross-session,AdaBN
180,32,0,0.00036950600008367473,42,A06,cross-session,AdaBN
181,32,1,0.000363215999982458,42,A06,cross-session,AdaBN
182,32,0,0.0003905149999354762,42,A06,cross-session,AdaBN
183,32,0,0.0003710790000468478,42,A06,cross-session,AdaBN
184,32,0,0.000396896000097513,42,A06,cross-session,AdaBN
185,32,0,0.0003574859999844193,42,A06,cross-session,AdaBN
186,32,0,0.00037358900010531215,42,A06,cross-session,AdaBN
187,32,0,0.00037313400002858543,42,A06,cross-session,AdaBN
188,32,0,0.0004190160000234755,42,A06,cross-session,AdaBN
189,32,1,0.00038765400006468553,42,A06,cross-session,AdaBN
190,32,0,0.00045515700003306847,42,A06,cross-session,AdaBN
191,32,0,0.00037311699998099357,42,A06,cross-session,AdaBN
192,32,0,0.0003744560000313868,42,A06,cross-session,AdaBN
193,32,1,0.00038985499998034356,42,A06,cross-session,AdaBN
194,32,1,0.0003916990000334408,42,A06,cross-session,AdaBN
195,32,1,0.00040614699992147507,42,A06,cross-session,AdaBN
196,32,1,0.00039075799998045113,42,A06,cross-session,AdaBN
197,32,1,0.00040318599997135607,42,A06,cross-session,AdaBN
198,32,1,0.00041253699998833326,42,A06,cross-session,AdaBN
199,32,1,0.00039870900002370036,42,A06,cross-session,AdaBN
200,32,0,0.00040355999999519554,42,A06,cross-session,AdaBN
201,32,0,0.00038582700005918014,42,A06,cross-session,AdaBN
202,32,0,0.00039755499994953425,42,A06,cross-session,AdaBN
203,32,1,0.0003838540000060675,42,A06,cross-session,AdaBN
204,32,0,0.00037288600003648753,42,A06,cross-session,AdaBN
205,32,0,0.00038855299999340787,42,A06,cross-session,AdaBN
206,32,1,0.00037895000002663437,42,A06,cross-session,AdaBN
207,32,0,0.0004087840000011056,42,A06,cross-session,AdaBN
208,32,0,0.00040733399998771347,42,A06,cross-session,AdaBN
209,32,0,0.00038179799992121843,42,A06,cross-session,AdaBN
210,32,0,0.00038762500003031164,42,A06,cross-session,AdaBN
211,32,1,0.0003921129999753248,42,A06,cross-session,AdaBN
212,32,0,0.00037374299995462934,42,A06,cross-session,AdaBN
213,32,1,0.00036353400003008574,42,A06,cross-session,AdaBN
214,32,0,0.00042586300003222277,42,A06,cross-session,AdaBN
215,32,0,0.00041224799997507944,42,A06,cross-session,AdaBN
216,32,1,0.00037768200002119556,42,A06,cross-session,AdaBN
217,32,1,0.00039215800006786594,42,A06,cross-session,AdaBN
218,32,1,0.00039227100000971404,42,A06,cross-session,AdaBN
219,32,1,0.0003903929999751199,42,A06,cross-session,AdaBN
220,32,0,0.00040098800002397184,42,A06,cross-session,AdaBN
221,32,0,0.00040708100004849257,42,A06,cross-session,AdaBN
222,32,0,0.00044585800003460463,42,A06,cross-session,AdaBN
223,32,0,0.0004066080000484362,42,A06,cross-session,AdaBN
224,32,1,0.0003767829999787864,42,A06,cross-session,AdaBN
225,32,0,0.0003827250000085769,42,A06,cross-session,AdaBN
226,32,1,0.0003860970000459929,42,A06,cross-session,AdaBN
227,32,0,0.0004256739999846104,42,A06,cross-session,AdaBN
228,32,1,0.00039878699999462697,42,A06,cross-session,AdaBN
229,32,0,0.00038115899997137603,42,A06,cross-session,AdaBN
230,32,0,0.00040036100006091146,42,A06,cross-session,AdaBN
231,32,0,0.00038573300003008626,42,A06,cross-session,AdaBN
232,32,0,0.0004174990000365142,42,A06,cross-session,AdaBN
233,32,0,0.00038460600001144485,42,A06,cross-session,AdaBN
234,32,1,0.0003744260000075883,42,A06,cross-session,AdaBN
235,32,1,0.00036800300006234465,42,A06,cross-session,AdaBN
236,32,0,0.00038383899993732484,42,A06,cross-session,AdaBN
237,32,1,0.0003969980000420037,42,A06,cross-session,AdaBN
238,32,0,0.0004086799999640789,42,A06,cross-session,AdaBN
239,32,1,0.00039523199995983305,42,A06,cross-session,AdaBN
240,32,0,0.0004136499999276566,42,A06,cross-session,AdaBN
241,32,1,0.0003979770000341887,42,A06,cross-session,AdaBN
242,32,1,0.0003867449999006567,42,A06,cross-session,AdaBN
243,32,0,0.000391131000014866,42,A06,cross-session,AdaBN
244,32,0,0.00038337700004831277,42,A06,cross-session,AdaBN
245,32,0,0.0004005230000529991,42,A06,cross-session,AdaBN
246,32,0,0.00040710500002205663,42,A06,cross-session,AdaBN
247,32,0,0.00038606699990850757,42,A06,cross-session,AdaBN
248,32,0,0.0003895810000358324,42,A06,cross-session,AdaBN
249,32,0,0.00039614399997844885,42,A06,cross-session,AdaBN
250,32,1,0.0004144310000810947,42,A06,cross-session,AdaBN
251,32,0,0.000392744999999195,42,A06,cross-session,AdaBN
252,32,0,0.00039393099996232195,42,A06,cross-session,AdaBN
253,32,0,0.00038218899999264977,42,A06,cross-session,AdaBN
254,32,0,0.0003813189999846145,42,A06,cross-session,AdaBN
255,32,0,0.00039413900003637536,42,A06,cross-session,AdaBN
256,32,0,0.0003847640000458341,42,A06,cross-session,AdaBN
257,32,1,0.00041132700005164224,42,A06,cross-session,AdaBN
258,32,1,0.00038609699993230606,42,A06,cross-session,AdaBN
259,32,1,0.00040930000000116706,42,A06,cross-session,AdaBN
260,32,0,0.0003865480000513344,42,A06,cross-session,AdaBN
261,32,0,0.00037289800002326956,42,A06,cross-session,AdaBN
262,32,0,0.0004068969999480032,42,A06,cross-session,AdaBN
263,32,0,0.0003800150000188296,42,A06,cross-session,AdaBN
264,32,0,0.00040334300001632073,42,A06,cross-session,AdaBN
265,32,0,0.0003913049999937357,42,A06,cross-session,AdaBN
266,32,0,0.00038967000000411645,42,A06,cross-session,AdaBN
267,32,0,0.00038116600001103507,42,A06,cross-session,AdaBN
268,32,1,0.0003713459999516999,42,A06,cross-session,AdaBN
269,32,0,0.00040173000002141634,42,A06,cross-session,AdaBN
270,32,1,0.0004072809999797755,42,A06,cross-session,AdaBN
271,32,1,0.00038350600004832813,42,A06,cross-session,AdaBN
272,32,1,0.00038559600000098726,42,A06,cross-session,AdaBN
273,32,0,0.0003813580000269212,42,A06,cross-session,AdaBN
274,32,1,0.000384660999998232,42,A06,cross-session,AdaBN
275,32,0,0.00039323499993315636,42,A06,cross-session,AdaBN
276,32,0,0.0004392730000972733,42,A06,cross-session,AdaBN
277,32,0,0.00043964899998627516,42,A06,cross-session,AdaBN
278,32,0,0.0004060040000695153,42,A06,cross-session,AdaBN
279,32,0,0.00039888399999199464,42,A06,cross-session,AdaBN
280,32,0,0.0003861000000142667,42,A06,cross-session,AdaBN
281,32,0,0.00038222199998472206,42,A06,cross-session,AdaBN
282,32,0,0.0003814660000216463,42,A06,cross-session,AdaBN
283,32,0,0.0003838269999505428,42,A06,cross-session,AdaBN
284,32,1,0.00039930100001583924,42,A06,cross-session,AdaBN
285,32,1,0.00039578500002335204,42,A06,cross-session,AdaBN
286,32,1,0.0004047400000217749,42,A06,cross-session,AdaBN
287,32,0,0.0003861630000301375,42,A06,cross-session,AdaBN
0,1,0,0.0006809999999859428,42,A07,cross-session,AdaBN
1,2,0,0.0006022389999316147,42,A07,cross-session,AdaBN
2,3,1,0.00059980399998949,42,A07,cross-session,AdaBN
3,4,0,0.0005609890000641826,42,A07,cross-session,AdaBN
4,5,0,0.0005172219999849403,42,A07,cross-session,AdaBN
5,6,1,0.0005096929999126587,42,A07,cross-session,AdaBN
6,7,1,0.0006353759999910835,42,A07,cross-session,AdaBN
7,8,0,0.000611704999982976,42,A07,cross-session,AdaBN
8,9,0,0.0005992170000581609,42,A07,cross-session,AdaBN
9,10,1,0.0006265419999635924,42,A07,cross-session,AdaBN
10,11,0,0.0005849869999110524,42,A07,cross-session,AdaBN
11,12,0,0.0005711610000389555,42,A07,cross-session,AdaBN
12,13,0,0.0005521440000393341,42,A07,cross-session,AdaBN
13,14,0,0.0005315350000500985,42,A07,cross-session,AdaBN
14,15,1,0.0004175450000047931,42,A07,cross-session,AdaBN
15,16,0,0.00043963400003121933,42,A07,cross-session,AdaBN
16,17,0,0.00044582800001080614,42,A07,cross-session,AdaBN
17,18,0,0.00046109499999147374,42,A07,cross-session,AdaBN
18,19,0,0.00045360399997207423,42,A07,cross-session,AdaBN
19,20,0,0.0004491559999451056,42,A07,cross-session,AdaBN
20,21,1,0.00046968200001629157,42,A07,cross-session,AdaBN
21,22,1,0.00041667899995445623,42,A07,cross-session,AdaBN
22,23,1,0.0004170969999677254,42,A07,cross-session,AdaBN
23,24,0,0.0004426550000289353,42,A07,cross-session,AdaBN
24,25,1,0.00042684200002440775,42,A07,cross-session,AdaBN
25,26,0,0.00040109200006099854,42,A07,cross-session,AdaBN
26,27,1,0.0003783570000450709,42,A07,cross-session,AdaBN
27,28,0,0.0003803139999263294,42,A07,cross-session,AdaBN
28,29,0,0.0004095619999588962,42,A07,cross-session,AdaBN
29,30,0,0.00045090399999025976,42,A07,cross-session,AdaBN
30,31,1,0.00045237699998779135,42,A07,cross-session,AdaBN
31,32,0,0.00041238999995130143,42,A07,cross-session,AdaBN
32,32,1,0.00042690999998740153,42,A07,cross-session,AdaBN
33,32,0,0.000369476999935614,42,A07,cross-session,AdaBN
34,32,1,0.00037240599999677215,42,A07,cross-session,AdaBN
35,32,1,0.00037457400003404473,42,A07,cross-session,AdaBN
36,32,1,0.0004054529999848455,42,A07,cross-session,AdaBN
37,32,1,0.0005934719999913796,42,A07,cross-session,AdaBN
38,32,0,0.00038143899996612163,42,A07,cross-session,AdaBN
39,32,0,0.00036656600002515916,42,A07,cross-session,AdaBN
40,32,1,0.00037081100003888423,42,A07,cross-session,AdaBN
41,32,0,0.00038866699992468057,42,A07,cross-session,AdaBN
42,32,0,0.00038035000000036234,42,A07,cross-session,AdaBN
43,32,0,0.0004561199999670862,42,A07,cross-session,AdaBN
44,32,0,0.0004533169999376696,42,A07,cross-session,AdaBN
45,32,1,0.0004174379999994926,42,A07,cross-session,AdaBN
46,32,1,0.0003894070000569627,42,A07,cross-session,AdaBN
47,32,1,0.00038316699999541015,42,A07,cross-session,AdaBN
48,32,0,0.0003594840000005206,42,A07,cross-session,AdaBN
49,32,0,0.00039442100000997016,42,A07,cross-session,AdaBN
50,32,0,0.00046333500006312534,42,A07,cross-session,AdaBN
51,32,0,0.00040556500005095586,42,A07,cross-session,AdaBN
52,32,0,0.0003736060000392172,42,A07,cross-session,AdaBN
53,32,1,0.0004028119999475166,42,A07,cross-session,AdaBN
54,32,0,0.0003889920000119673,42,A07,cross-session,AdaBN
55,32,0,0.0003782349999710277,42,A07,cross-session,AdaBN
56,32,0,0.00036925199992765556,42,A07,cross-session,AdaBN
57,32,0,0.0003813160000163407,42,A07,cross-session,AdaBN
58,32,0,0.0003699549999964802,42,A07,cross-session,AdaBN
59,32,1,0.0003727230000549753,42,A07,cross-session,AdaBN
60,32,0,0.000368769999909091,42,A07,cross-session,AdaBN
61,32,1,0.00041137999994589336,42,A07,cross-session,AdaBN
62,32,0,0.00038250399995831685,42,A07,cross-session,AdaBN
63,32,0,0.00042263000000275497,42,A07,cross-session,AdaBN
64,32,0,0.0003924980001102085,42,A07,cross-session,AdaBN
65,32,1,0.000397678000013002,42,A07,cross-session,AdaBN
66,32,0,0.000382198000011158,42,A07,cross-session,AdaBN
67,32,1,0.0003984030000765415,42,A07,cross-session,AdaBN
68,32,1,0.00040761499997188366,42,A07,cross-session,AdaBN
69,32,1,0.00040851899996141583,42,A07,cross-session,AdaBN
70,32,1,0.00039260700009435823,42,A07,cross-session,AdaBN
71,32,0,0.0004337550000172996,42,A07,cross-session,AdaBN
72,32,0,0.0004006899999922098,42,A07,cross-session,AdaBN
73,32,1,0.0003816330000745438,42,A07,cross-session,AdaBN
74,32,1,0.00041228999998565996,42,A07,cross-session,AdaBN
75,32,0,0.00041174600005433604,42,A07,cross-session,AdaBN
76,32,1,0.00040936300001703785,42,A07,cross-session,AdaBN
77,32,0,0.0004623830000127782,42,A07,cross-session,AdaBN
78,32,1,0.00044053599992821546,42,A07,cross-session,AdaBN
79,32,0,0.000401678000002903,42,A07,cross-session,AdaBN
80,32,0,0.0003940929999544096,42,A07,cross-session,AdaBN
81,32,0,0.0004123350000782011,42,A07,cross-session,AdaBN
82,32,0,0.0004320769999139884,42,A07,cross-session,AdaBN
83,32,1,0.0005051120000416631,42,A07,cross-session,AdaBN
84,32,1,0.0004340010000305483,42,A07,cross-session,AdaBN
85,32,0,0.00041720400008671277,42,A07,cross-session,AdaBN
86,32,1,0.00042806800001926604,42,A07,cross-session,AdaBN
87,32,1,0.0003870460000143794,42,A07,cross-session,AdaBN
88,32,1,0.0004100129999642377,42,A07,cross-session,AdaBN
89,32,0,0.00038711299998794857,42,A07,cross-session,AdaBN
90,32,0,0.00040995500000917673,42,A07,cross-session,AdaBN
91,32,0,0.00041171500004111294,42,A07,cross-session,AdaBN
92,32,0,0.0003991159999259253,42,A07,cross-session,AdaBN
93,32,0,0.0003916199999594028,42,A07,cross-session,AdaBN
94,32,0,0.00039423999999144144,42,A07,cross-session,AdaBN
95,32,0,0.0003862089999984164,42,A07,cross-session,AdaBN
96,32,1,0.00038784899993515864,42,A07,cross-session,AdaBN
97,32,0,0.0003989000000501619,42,A07,cross-session,AdaBN
98,32,0,0.0003892759999644113,42,A07,cross-session,AdaBN
99,32,0,0.00039609300006304693,42,A07,cross-session,AdaBN
100,32,0,0.0004006939999499082,42,A07,cross-session,AdaBN
101,32,1,0.00041768800008412654,42,A07,cross-session,AdaBN
102,32,0,0.0003896220000569883,42,A07,cross-session,AdaBN
103,32,1,0.00038781699993251095,42,A07,cross-session,AdaBN
104,32,0,0.0003894949999221353,42,A07,cross-session,AdaBN
105,32,0,0.000406801000053747,42,A07,cross-session,AdaBN
106,32,0,0.00041339900008097175,42,A07,cross-session,AdaBN
107,32,0,0.00042307800003982265,42,A07,cross-session,AdaBN
108,32,0,0.00042796699995051313,42,A07,cross-session,AdaBN
109,32,1,0.00041080599999077094,42,A07,cross-session,AdaBN
110,32,0,0.000445494000018698,42,A07,cross-session,AdaBN
111,32,0,0.000391612000044006,42,A07,cross-session,AdaBN
112,32,0,0.00040870199995879375,42,A07,cross-session,AdaBN
113,32,1,0.00042286699999749544,42,A07,cross-session,AdaBN
114,32,0,0.0004321760000038921,42,A07,cross-session,AdaBN
115,32,0,0.0004350269999804368,42,A07,cross-session,AdaBN
116,32,0,0.0003983429999152577,42,A07,cross-session,AdaBN
117,32,1,0.00037613599999986036,42,A07,cross-session,AdaBN
118,32,0,0.00038011699996332027,42,A07,cross-session,AdaBN
119,32,0,0.0003900670000120954,42,A07,cross-session,AdaBN
120,32,0,0.0003884999999854699,42,A07,cross-session,AdaBN
121,32,1,0.00039094099997782905,42,A07,cross-session,AdaBN
122,32,0,0.0004251780000004146,42,A07,cross-session,AdaBN
123,32,1,0.0004057219999822337,42,A07,cross-session,AdaBN
124,32,0,0.00039452999999411986,42,A07,cross-session,AdaBN
125,32,0,0.0004165120000152456,42,A07,cross-session,AdaBN
126,32,0,0.00042092800003956654,42,A07,cross-session,AdaBN
127,32,1,0.0003868410000222866,42,A07,cross-session,AdaBN
128,32,0,0.0003891419999035861,42,A07,cross-session,AdaBN
129,32,1,0.00045385399994302134,42,A07,cross-session,AdaBN
130,32,1,0.00038904999996702827,42,A07,cross-session,AdaBN
131,32,0,0.000385777000019516,42,A07,cross-session,AdaBN
132,32,1,0.0003829169999107762,42,A07,cross-session,AdaBN
133,32,0,0.0003870869999218485,42,A07,cross-session,AdaBN
134,32,1,0.0004161699999940538,42,A07,cross-session,AdaBN
135,32,1,0.00040799800001423137,42,A07,cross-session,AdaBN
136,32,1,0.00040026599992870615,42,A07,cross-session,AdaBN
137,32,0,0.0003807540000480003,42,A07,cross-session,AdaBN
138,32,0,0.0004057369999372895,42,A07,cross-session,AdaBN
139,32,1,0.00039590899996255757,42,A07,cross-session,AdaBN
140,32,0,0.0004291110000167464,42,A07,cross-session,AdaBN
141,32,0,0.0004123029999618666,42,A07,cross-session,AdaBN
142,32,0,0.00039764400003150513,42,A07,cross-session,AdaBN
143,32,0,0.0003933179999648928,42,A07,cross-session,AdaBN
144,32,1,0.0004226710000239109,42,A07,cross-session,AdaBN
145,32,1,0.0003936820000944863,42,A07,cross-session,AdaBN
146,32,0,0.00037582499999189167,42,A07,cross-session,AdaBN
147,32,1,0.00040732100001150684,42,A07,cross-session,AdaBN
148,32,0,0.00041657600002054096,42,A07,cross-session,AdaBN
149,32,1,0.0003907410000465461,42,A07,cross-session,AdaBN
150,32,0,0.0003859600000168939,42,A07,cross-session,AdaBN
151,32,0,0.0003972900000235313,42,A07,cross-session,AdaBN
152,32,0,0.00038488200004849205,42,A07,cross-session,AdaBN
153,32,1,0.0003888429999960863,42,A07,cross-session,AdaBN
154,32,1,0.00042695399997683126,42,A07,cross-session,AdaBN
155,32,1,0.0003894139999829349,42,A07,cross-session,AdaBN
156,32,0,0.0004232349999711005,42,A07,cross-session,AdaBN
157,32,0,0.0003748899999891364,42,A07,cross-session,AdaBN
158,32,0,0.0003852590000406053,42,A07,cross-session,AdaBN
159,32,1,0.00039082500006770715,42,A07,cross-session,AdaBN
160,32,1,0.00039633199992294976,42,A07,cross-session,AdaBN
161,32,0,0.00040256900001622853,42,A07,cross-session,AdaBN
162,32,1,0.0004059020000113378,42,A07,cross-session,AdaBN
163,32,1,0.00043791699999928824,42,A07,cross-session,AdaBN
164,32,0,0.0004226830000106929,42,A07,cross-session,AdaBN
165,32,0,0.0003918639999938023,42,A07,cross-session,AdaBN
166,32,1,0.00038808600004358595,42,A07,cross-session,AdaBN
167,32,0,0.0004102990000092177,42,A07,cross-session,AdaBN
168,32,1,0.00040754099995865545,42,A07,cross-session,AdaBN
169,32,1,0.00039933100003963773,42,A07,cross-session,AdaBN
170,32,0,0.0003940309999279634,42,A07,cross-session,AdaBN
171,32,0,0.0003811029999951643,42,A07,cross-session,AdaBN
172,32,0,0.00038192800002434524,42,A07,cross-session,AdaBN
173,32,0,0.00040642799990564527,42,A07,cross-session,AdaBN
174,32,0,0.00039372000003368157,42,A07,cross-session,AdaBN
175,32,1,0.000391847999935635,42,A07,cross-session,AdaBN
176,32,1,0.0004050739999001962,42,A07,cross-session,AdaBN
177,32,0,0.0003811069999528627,42,A07,cross-session,AdaBN
178,32,0,0.00038083900005858595,42,A07,cross-session,AdaBN
179,32,1,0.0004085799999984374,42,A07,cross-session,AdaBN
180,32,1,0.00043728600007852947,42,A07,cross-session,AdaBN
181,32,0,0.0004277670000192302,42,A07,cross-session,AdaBN
182,32,0,0.0004163390000258005,42,A07,cross-session,AdaBN
183,32,0,0.00038127400000576017,42,A07,cross-session,AdaBN
184,32,0,0.00038052100001095823,42,A07,cross-session,AdaBN
185,32,1,0.00037859500002923596,42,A07,cross-session,AdaBN
186,32,0,0.0003813229999423129,42,A07,cross-session,AdaBN
187,32,0,0.00038415099993471813,42,A07,cross-session,AdaBN
188,32,0,0.00041642999997293373,42,A07,cross-session,AdaBN
189,32,0,0.0004055790000165871,42,A07,cross-session,AdaBN
190,32,1,0.0003842390000272644,42,A07,cross-session,AdaBN
191,32,0,0.0003906690000121671,42,A07,cross-session,AdaBN
192,32,0,0.0003886670000383674,42,A07,cross-session,AdaBN
193,32,1,0.0003911920000518876,42,A07,cross-session,AdaBN
194,32,1,0.00038303299993458495,42,A07,cross-session,AdaBN
195,32,0,0.0004002069999842206,42,A07,cross-session,AdaBN
196,32,1,0.00040106400001604925,42,A07,cross-session,AdaBN
197,32,0,0.0003962289999890345,42,A07,cross-session,AdaBN
198,32,0,0.000381134999997812,42,A07,cross-session,AdaBN
199,32,0,0.000388328999974874,42,A07,cross-session,AdaBN
200,32,1,0.0003830040000138979,42,A07,cross-session,AdaBN
201,32,0,0.00040631199999552337,42,A07,cross-session,AdaBN
202,32,0,0.000394163999999364,42,A07,cross-session,AdaBN
203,32,1,0.00038866699992468057,42,A07,cross-session,AdaBN
204,32,1,0.000408924999987903,42,A07,cross-session,AdaBN
205,32,1,0.00038692999999057065,42,A07,cross-session,AdaBN
206,32,0,0.0003895859999829554,42,A07,cross-session,AdaBN
207,32,0,0.00038172999995822465,42,A07,cross-session,AdaBN
208,32,0,0.00039927599993916374,42,A07,cross-session,AdaBN
209,32,1,0.0003920859999198001,42,A07,cross-session,AdaBN
210,32,0,0.000399987000037072,42,A07,cross-session,AdaBN
211,32,0,0.00040269099997658486,42,A07,cross-session,AdaBN
212,32,0,0.0004145430000335182,42,A07,cross-session,AdaBN
213,32,0,0.0003735100000312741,42,A07,cross-session,AdaBN
214,32,1,0.0004072330000326474,42,A07,cross-session,AdaBN
215,32,1,0.0003795389999368126,42,A07,cross-session,AdaBN
216,32,1,0.0004188859999203487,42,A07,cross-session,AdaBN
217,32,0,0.0003749850000076549,42,A07,cross-session,AdaBN
218,32,0,0.0003746390000287647,42,A07,cross-session,AdaBN
219,32,0,0.00039257700007055973,42,A07,cross-session,AdaBN
220,32,0,0.00038660300003812154,42,A07,cross-session,AdaBN
221,32,0,0.00042071200005011633,42,A07,cross-session,AdaBN
222,32,0,0.00045318000002225745,42,A07,cross-session,AdaBN
223,32,0,0.0004291559999956007,42,A07,cross-session,AdaBN
224,32,0,0.0004194470000129513,42,A07,cross-session,AdaBN
225,32,0,0.0003917520000413788,42,A07,cross-session,AdaBN
226,32,0,0.0003830529999504506,42,A07,cross-session,AdaBN
227,32,0,0.00038389999997434643,42,A07,cross-session,AdaBN
228,32,0,0.0004112589999749616,42,A07,cross-session,AdaBN
229,32,0,0.0004997710000225197,42,A07,cross-session,AdaBN
230,32,1,0.00042147899989686266,42,A07,cross-session,AdaBN
231,32,0,0.0004647019999310942,42,A07,cross-session,AdaBN
232,32,0,0.00038956200000939134,42,A07,cross-session,AdaBN
233,32,0,0.0003856660000565171,42,A07,cross-session,AdaBN
234,32,0,0.000401831999965907,42,A07,cross-session,AdaBN
235,32,0,0.000399991999984195,42,A07,cross-session,AdaBN
236,32,0,0.0004092379999747209,42,A07,cross-session,AdaBN
237,32,1,0.0003962360000286935,42,A07,cross-session,AdaBN
238,32,0,0.0003875149999430505,42,A07,cross-session,AdaBN
239,32,0,0.0003891039999643908,42,A07,cross-session,AdaBN
240,32,0,0.0004036200000427925,42,A07,cross-session,AdaBN
241,32,0,0.00039766499992310855,42,A07,cross-session,AdaBN
242,32,0,0.00040539899998748297,42,A07,cross-session,AdaBN
243,32,1,0.0004189080000287504,42,A07,cross-session,AdaBN
244,32,1,0.00038822999999865715,42,A07,cross-session,AdaBN
245,32,0,0.0003892749999749867,42,A07,cross-session,AdaBN
246,32,1,0.0003957449999916207,42,A07,cross-session,AdaBN
247,32,0,0.0004099189999351438,42,A07,cross-session,AdaBN
248,32,0,0.00041787800000747666,42,A07,cross-session,AdaBN
249,32,1,0.00039269399997010623,42,A07,cross-session,AdaBN
250,32,0,0.0004133200000069337,42,A07,cross-session,AdaBN
251,32,0,0.00038400999994792073,42,A07,cross-session,AdaBN
252,32,0,0.00038428700008807937,42,A07,cross-session,AdaBN
253,32,1,0.0004003400000556212,42,A07,cross-session,AdaBN
254,32,0,0.0004471559999501551,42,A07,cross-session,AdaBN
255,32,1,0.00042237200000272423,42,A07,cross-session,AdaBN
256,32,1,0.0003841809999585166,42,A07,cross-session,AdaBN
257,32,0,0.00039122599991969764,42,A07,cross-session,AdaBN
258,32,0,0.0003825400000323498,42,A07,cross-session,AdaBN
259,32,0,0.0003737220000630259,42,A07,cross-session,AdaBN
260,32,1,0.00041998400001830305,42,A07,cross-session,AdaBN
261,32,0,0.0004321300000356132,42,A07,cross-session,AdaBN
262,32,0,0.00041586999998344254,42,A07,cross-session,AdaBN
263,32,0,0.00039522400004443625,42,A07,cross-session,AdaBN
264,32,1,0.00038635900000372203,42,A07,cross-session,AdaBN
265,32,1,0.00038722499994037207,42,A07,cross-session,AdaBN
266,32,0,0.0003944610000417015,42,A07,cross-session,AdaBN
267,32,1,0.0004033399999343601,42,A07,cross-session,AdaBN
268,32,1,0.0003954229999862946,42,A07,cross-session,AdaBN
269,32,0,0.0003918389999171268,42,A07,cross-session,AdaBN
270,32,0,0.00041579100002309133,42,A07,cross-session,AdaBN
271,32,0,0.0003748569999970641,42,A07,cross-session,AdaBN
272,32,0,0.00044115499997587904,42,A07,cross-session,AdaBN
273,32,0,0.00042110300000786083,42,A07,cross-session,AdaBN
274,32,1,0.0004214410000713542,42,A07,cross-session,AdaBN
275,32,1,0.0004079630000433099,42,A07,cross-session,AdaBN
276,32,0,0.0003774319999365616,42,A07,cross-session,AdaBN
277,32,0,0.00037983099991834024,42,A07,cross-session,AdaBN
278,32,0,0.0004378370000495124,42,A07,cross-session,AdaBN
279,32,0,0.00042906499993478064,42,A07,cross-session,AdaBN
280,32,1,0.0004084339999508302,42,A07,cross-session,AdaBN
281,32,0,0.0003912270000228091,42,A07,cross-session,AdaBN
282,32,1,0.00043026499997722567,42,A07,cross-session,AdaBN
283,32,0,0.0004039020000163873,42,A07,cross-session,AdaBN
284,32,1,0.00038126799995552574,42,A07,cross-session,AdaBN
285,32,0,0.00039094399994610285,42,A07,cross-session,AdaBN
286,32,0,0.0004085449999138291,42,A07,cross-session,AdaBN
287,32,0,0.0004154109999490174,42,A07,cross-session,AdaBN
0,1,1,0.0005464930000016466,42,A08,cross-session,AdaBN
1,2,1,0.000469260000045324,42,A08,cross-session,AdaBN
2,3,1,0.00048059199991712376,42,A08,cross-session,AdaBN
3,4,0,0.0005761310000025333,42,A08,cross-session,AdaBN
4,5,1,0.00048410599993076175,42,A08,cross-session,AdaBN
5,6,0,0.0004198630000473713,42,A08,cross-session,AdaBN
6,7,1,0.0004680750000716216,42,A08,cross-session,AdaBN
7,8,0,0.0005748690000473289,42,A08,cross-session,AdaBN
8,9,1,0.0006671900000583264,42,A08,cross-session,AdaBN
9,10,0,0.0006544940000594579,42,A08,cross-session,AdaBN
10,11,0,0.0006389710000576088,42,A08,cross-session,AdaBN
11,12,1,0.0006186450000313926,42,A08,cross-session,AdaBN
12,13,1,0.0006164410000337739,42,A08,cross-session,AdaBN
13,14,1,0.0006279439999161696,42,A08,cross-session,AdaBN
14,15,0,0.0005868350000355349,42,A08,cross-session,AdaBN
15,16,1,0.0005788019999499738,42,A08,cross-session,AdaBN
16,17,1,0.0005783330000213027,42,A08,cross-session,AdaBN
17,18,1,0.0006391639999492327,42,A08,cross-session,AdaBN
18,19,1,0.0005797039999606568,42,A08,cross-session,AdaBN
19,20,0,0.0005931760000521535,42,A08,cross-session,AdaBN
20,21,0,0.000630687000011676,42,A08,cross-session,AdaBN
21,22,1,0.0005954660000497825,42,A08,cross-session,AdaBN
22,23,1,0.0006165839999994205,42,A08,cross-session,AdaBN
23,24,0,0.0005985010000131297,42,A08,cross-session,AdaBN
24,25,1,0.000388179999958993,42,A08,cross-session,AdaBN
25,26,1,0.0006550670000251557,42,A08,cross-session,AdaBN
26,27,0,0.00043060899997726665,42,A08,cross-session,AdaBN
27,28,0,0.00044590899995000655,42,A08,cross-session,AdaBN
28,29,0,0.00044953199994779425,42,A08,cross-session,AdaBN
29,30,0,0.00047691899999335874,42,A08,cross-session,AdaBN
30,31,1,0.00044200599995747325,42,A08,cross-session,AdaBN
31,32,1,0.0005127729999685471,42,A08,cross-session,AdaBN
32,32,1,0.0004678930000636683,42,A08,cross-session,AdaBN
33,32,1,0.0004286490000140475,42,A08,cross-session,AdaBN
34,32,1,0.0004209119999813993,42,A08,cross-session,AdaBN
35,32,1,0.0003904739999143203,42,A08,cross-session,AdaBN
36,32,1,0.00038389100006952503,42,A08,cross-session,AdaBN
37,32,1,0.00038934799999879033,42,A08,cross-session,AdaBN
38,32,1,0.0005485149999913119,42,A08,cross-session,AdaBN
39,32,1,0.00042575100007979927,42,A08,cross-session,AdaBN
40,32,1,0.00039101799995933106,42,A08,cross-session,AdaBN
41,32,1,0.0003964199999018092,42,A08,cross-session,AdaBN
42,32,0,0.00039473200001793884,42,A08,cross-session,AdaBN
43,32,0,0.000394645000028504,42,A08,cross-session,AdaBN
44,32,1,0.00039652899999964575,42,A08,cross-session,AdaBN
45,32,1,0.0003877180000699809,42,A08,cross-session,AdaBN
46,32,1,0.00045831500005988346,42,A08,cross-session,AdaBN
47,32,1,0.00045233299999836163,42,A08,cross-session,AdaBN
48,32,1,0.0003969399999732559,42,A08,cross-session,AdaBN
49,32,1,0.00041841100005513,42,A08,cross-session,AdaBN
50,32,1,0.00039604599999165657,42,A08,cross-session,AdaBN
51,32,1,0.0003916570000228603,42,A08,cross-session,AdaBN
52,32,1,0.00041927999996005383,42,A08,cross-session,AdaBN
53,32,1,0.0004023239999924044,42,A08,cross-session,AdaBN
54,32,1,0.00039836399992054794,42,A08,cross-session,AdaBN
55,32,1,0.000401403999944705,42,A08,cross-session,AdaBN
56,32,0,0.0003827719999662804,42,A08,cross-session,AdaBN
57,32,1,0.0003758089999337244,42,A08,cross-session,AdaBN
58,32,1,0.0003898160000517237,42,A08,cross-session,AdaBN
59,32,0,0.00041608200001519435,42,A08,cross-session,AdaBN
60,32,0,0.000381854000011117,42,A08,cross-session,AdaBN
61,32,1,0.00040158900003461895,42,A08,cross-session,AdaBN
62,32,1,0.00037610100002893887,42,A08,cross-session,AdaBN
63,32,1,0.00038141999993968057,42,A08,cross-session,AdaBN
64,32,1,0.00039945299999999406,42,A08,cross-session,AdaBN
65,32,1,0.00038253699995038914,42,A08,cross-session,AdaBN
66,32,1,0.0003790779999235383,42,A08,cross-session,AdaBN
67,32,1,0.00038731100005406915,42,A08,cross-session,AdaBN
68,32,1,0.00037661800001842494,42,A08,cross-session,AdaBN
69,32,1,0.00038421100009600195,42,A08,cross-session,AdaBN
70,32,1,0.00039645499998641753,42,A08,cross-session,AdaBN
71,32,1,0.00041939100003673957,42,A08,cross-session,AdaBN
72,32,1,0.0003971450000790355,42,A08,cross-session,AdaBN
73,32,1,0.00039660699997057236,42,A08,cross-session,AdaBN
74,32,1,0.00043964799999685056,42,A08,cross-session,AdaBN
75,32,1,0.0004001710000238745,42,A08,cross-session,AdaBN
76,32,1,0.0003917369999726361,42,A08,cross-session,AdaBN
77,32,1,0.00037799599999743805,42,A08,cross-session,AdaBN
78,32,1,0.00038009800005056604,42,A08,cross-session,AdaBN
79,32,0,0.0004196950000050492,42,A08,cross-session,AdaBN
80,32,1,0.00039452400005757227,42,A08,cross-session,AdaBN
81,32,1,0.0004303140000274652,42,A08,cross-session,AdaBN
82,32,1,0.0003921109999964756,42,A08,cross-session,AdaBN
83,32,0,0.00040862499997729174,42,A08,cross-session,AdaBN
84,32,1,0.0004417669999838836,42,A08,cross-session,AdaBN
85,32,1,0.000387419999924532,42,A08,cross-session,AdaBN
86,32,1,0.00039442399997824396,42,A08,cross-session,AdaBN
87,32,0,0.00040219999993951205,42,A08,cross-session,AdaBN
88,32,0,0.00042005299997072143,42,A08,cross-session,AdaBN
89,32,0,0.0003886260000172115,42,A08,cross-session,AdaBN
90,32,0,0.00039269699993838003,42,A08,cross-session,AdaBN
91,32,0,0.00039561000005505775,42,A08,cross-session,AdaBN
92,32,1,0.0003889870000648443,42,A08,cross-session,AdaBN
93,32,1,0.00039090699999633216,42,A08,cross-session,AdaBN
94,32,1,0.0003948679999439264,42,A08,cross-session,AdaBN
95,32,1,0.00037855999994462763,42,A08,cross-session,AdaBN
96,32,1,0.00040662100002464285,42,A08,cross-session,AdaBN
97,32,0,0.0004119120000041221,42,A08,cross-session,AdaBN
98,32,1,0.0003841669999928854,42,A08,cross-session,AdaBN
99,32,1,0.0004063330000008136,42,A08,cross-session,AdaBN
100,32,1,0.0003966900000023088,42,A08,cross-session,AdaBN
101,32,0,0.00039020199994865834,42,A08,cross-session,AdaBN
102,32,1,0.0003839569999399828,42,A08,cross-session,AdaBN
103,32,1,0.0003773519999867858,42,A08,cross-session,AdaBN
104,32,1,0.0004011620000028415,42,A08,cross-session,AdaBN
105,32,1,0.0004053330000033384,42,A08,cross-session,AdaBN
106,32,1,0.0003813920000084181,42,A08,cross-session,AdaBN
107,32,1,0.0003858820000459673,42,A08,cross-session,AdaBN
108,32,0,0.00038541100002476014,42,A08,cross-session,AdaBN
109,32,1,0.00037751399997887347,42,A08,cross-session,AdaBN
110,32,0,0.00040286099999775615,42,A08,cross-session,AdaBN
111,32,1,0.00037833700002920523,42,A08,cross-session,AdaBN
112,32,1,0.00041461599994363496,42,A08,cross-session,AdaBN
113,32,0,0.000390007999953923,42,A08,cross-session,AdaBN
114,32,1,0.0003786449999552133,42,A08,cross-session,AdaBN
115,32,1,0.00041239099994072603,42,A08,cross-session,AdaBN
116,32,1,0.00039244499998858373,42,A08,cross-session,AdaBN
117,32,1,0.0003897540000252775,42,A08,cross-session,AdaBN
118,32,1,0.0004129760000068927,42,A08,cross-session,AdaBN
119,32,1,0.000386621000075138,42,A08,cross-session,AdaBN
120,32,1,0.0003824090000534852,42,A08,cross-session,AdaBN
121,32,1,0.0003822710000349616,42,A08,cross-session,AdaBN
122,32,0,0.0004031339999528427,42,A08,cross-session,AdaBN
123,32,1,0.00037539999993896345,42,A08,cross-session,AdaBN
124,32,0,0.0003870900000038091,42,A08,cross-session,AdaBN
125,32,1,0.0004224550000344607,42,A08,cross-session,AdaBN
126,32,1,0.0003809489999184734,42,A08,cross-session,AdaBN
127,32,1,0.00042026699998132244,42,A08,cross-session,AdaBN
128,32,0,0.0004219759999841699,42,A08,cross-session,AdaBN
129,32,1,0.00039350500003365596,42,A08,cross-session,AdaBN
130,32,0,0.0003952170000047772,42,A08,cross-session,AdaBN
131,32,0,0.00040321999995285296,42,A08,cross-session,AdaBN
132,32,1,0.00038893399994321953,42,A08,cross-session,AdaBN
133,32,1,0.0003764419999470192,42,A08,cross-session,AdaBN
134,32,1,0.00038640200000372715,42,A08,cross-session,AdaBN
135,32,1,0.00040939600000911014,42,A08,cross-session,AdaBN
136,32,1,0.00038144799998462986,42,A08,cross-session,AdaBN
137,32,0,0.00038236499995036866,42,A08,cross-session,AdaBN
138,32,0,0.00037406399997053086,42,A08,cross-session,AdaBN
139,32,1,0.00038861999996697705,42,A08,cross-session,AdaBN
140,32,0,0.00038344999995842954,42,A08,cross-session,AdaBN
141,32,0,0.0003791750000345928,42,A08,cross-session,AdaBN
142,32,1,0.0003883860000541972,42,A08,cross-session,AdaBN
143,32,1,0.0004157119999490533,42,A08,cross-session,AdaBN
144,32,0,0.00038394899991089915,42,A08,cross-session,AdaBN
145,32,1,0.00041299199995137315,42,A08,cross-session,AdaBN
146,32,0,0.00039556800004447723,42,A08,cross-session,AdaBN
147,32,1,0.0003904550000015661,42,A08,cross-session,AdaBN
148,32,0,0.00037534400007643853,42,A08,cross-session,AdaBN
149,32,1,0.00038844799996695656,42,A08,cross-session,AdaBN
150,32,1,0.00037613599999986036,42,A08,cross-session,AdaBN
151,32,1,0.0003776949999974022,42,A08,cross-session,AdaBN
152,32,0,0.0004281840000430748,42,A08,cross-session,AdaBN
153,32,1,0.000401410999984364,42,A08,cross-session,AdaBN
154,32,1,0.00044263899997076805,42,A08,cross-session,AdaBN
155,32,1,0.0003824969999186578,42,A08,cross-session,AdaBN
156,32,0,0.00037803600002916937,42,A08,cross-session,AdaBN
157,32,1,0.00038957699996444717,42,A08,cross-session,AdaBN
158,32,1,0.00037912799996320246,42,A08,cross-session,AdaBN
159,32,0,0.00037887700000283075,42,A08,cross-session,AdaBN
160,32,1,0.0004256230000692085,42,A08,cross-session,AdaBN
161,32,1,0.00042377600004783744,42,A08,cross-session,AdaBN
162,32,1,0.0003960880000022371,42,A08,cross-session,AdaBN
163,32,0,0.0004063820000510532,42,A08,cross-session,AdaBN
164,32,0,0.00040606899995054846,42,A08,cross-session,AdaBN
165,32,1,0.0003864800000883406,42,A08,cross-session,AdaBN
166,32,0,0.0003824969999186578,42,A08,cross-session,AdaBN
167,32,1,0.0003931940000256873,42,A08,cross-session,AdaBN
168,32,1,0.00040693599999030994,42,A08,cross-session,AdaBN
169,32,1,0.0004061150000325142,42,A08,cross-session,AdaBN
170,32,1,0.0003767800000105126,42,A08,cross-session,AdaBN
171,32,0,0.0003787770000371893,42,A08,cross-session,AdaBN
172,32,1,0.0004054749999795604,42,A08,cross-session,AdaBN
173,32,1,0.00044376699997883406,42,A08,cross-session,AdaBN
174,32,1,0.0004187060000049314,42,A08,cross-session,AdaBN
175,32,1,0.0003856209999639759,42,A08,cross-session,AdaBN
176,32,1,0.0004064250000510583,42,A08,cross-session,AdaBN
177,32,1,0.00039480400005231786,42,A08,cross-session,AdaBN
178,32,1,0.00038559100005386426,42,A08,cross-session,AdaBN
179,32,0,0.0003935379999120414,42,A08,cross-session,AdaBN
180,32,1,0.0003962380000075427,42,A08,cross-session,AdaBN
181,32,0,0.000374474999944141,42,A08,cross-session,AdaBN
182,32,1,0.00038049099998715974,42,A08,cross-session,AdaBN
183,32,1,0.0003890949999458826,42,A08,cross-session,AdaBN
184,32,1,0.0003883430000541921,42,A08,cross-session,AdaBN
185,32,1,0.0004229140000688858,42,A08,cross-session,AdaBN
186,32,1,0.0003982869999390459,42,A08,cross-session,AdaBN
187,32,1,0.0003954610000391767,42,A08,cross-session,AdaBN
188,32,0,0.0003965170000128637,42,A08,cross-session,AdaBN
189,32,1,0.00038633799999843177,42,A08,cross-session,AdaBN
190,32,1,0.0003977090000262251,42,A08,cross-session,AdaBN
191,32,0,0.00037894399997639994,42,A08,cross-session,AdaBN
192,32,1,0.0004336199999670498,42,A08,cross-session,AdaBN
193,32,1,0.0004371940000282848,42,A08,cross-session,AdaBN
194,32,1,0.00041531699991992355,42,A08,cross-session,AdaBN
195,32,1,0.0003957029999810402,42,A08,cross-session,AdaBN
196,32,0,0.00039846499998930085,42,A08,cross-session,AdaBN
197,32,0,0.00040165300003991433,42,A08,cross-session,AdaBN
198,32,0,0.00040177100004257227,42,A08,cross-session,AdaBN
199,32,1,0.00041369500002019777,42,A08,cross-session,AdaBN
200,32,1,0.00038454599996384786,42,A08,cross-session,AdaBN
201,32,0,0.0004052709999768922,42,A08,cross-session,AdaBN
202,32,1,0.0004095070000857959,42,A08,cross-session,AdaBN
203,32,1,0.00039699299998119386,42,A08,cross-session,AdaBN
204,32,1,0.000414699999964796,42,A08,cross-session,AdaBN
205,32,1,0.0003874699999641962,42,A08,cross-session,AdaBN
206,32,0,0.0003682250001020293,42,A08,cross-session,AdaBN
207,32,1,0.000391568999930314,42,A08,cross-session,AdaBN
208,32,1,0.00038355000003775785,42,A08,cross-session,AdaBN
209,32,0,0.00040153599991299416,42,A08,cross-session,AdaBN
210,32,1,0.0004010530000186918,42,A08,cross-session,AdaBN
211,32,0,0.000384644000064327,42,A08,cross-session,AdaBN
212,32,0,0.0004057270000430435,42,A08,cross-session,AdaBN
213,32,1,0.00038777199995365663,42,A08,cross-session,AdaBN
214,32,1,0.00040682899998500943,42,A08,cross-session,AdaBN
215,32,1,0.00037756200003968843,42,A08,cross-session,AdaBN
216,32,1,0.0004238989999976184,42,A08,cross-session,AdaBN
217,32,1,0.00039149700000962184,42,A08,cross-session,AdaBN
218,32,0,0.00039129799995407666,42,A08,cross-session,AdaBN
219,32,1,0.0003704929999912565,42,A08,cross-session,AdaBN
220,32,1,0.00039810700002362864,42,A08,cross-session,AdaBN
221,32,1,0.000423972000021422,42,A08,cross-session,AdaBN
222,32,1,0.0004036210000322171,42,A08,cross-session,AdaBN
223,32,1,0.00039420500002051995,42,A08,cross-session,AdaBN
224,32,1,0.00038748300005408964,42,A08,cross-session,AdaBN
225,32,0,0.00037803800000801857,42,A08,cross-session,AdaBN
226,32,1,0.00037890400005835545,42,A08,cross-session,AdaBN
227,32,0,0.0003770949999761797,42,A08,cross-session,AdaBN
228,32,1,0.0003778669999974227,42,A08,cross-session,AdaBN
229,32,1,0.00039735399991513987,42,A08,cross-session,AdaBN
230,32,1,0.0003898019999724056,42,A08,cross-session,AdaBN
231,32,1,0.0003924349999806509,42,A08,cross-session,AdaBN
232,32,0,0.0003937849999147147,42,A08,cross-session,AdaBN
233,32,0,0.00039023300007556827,42,A08,cross-session,AdaBN
234,32,1,0.000380083999971248,42,A08,cross-session,AdaBN
235,32,1,0.00043430799996713176,42,A08,cross-session,AdaBN
236,32,1,0.00042093900003692397,42,A08,cross-session,AdaBN
237,32,1,0.0004074490000220976,42,A08,cross-session,AdaBN
238,32,1,0.00039409900000464404,42,A08,cross-session,AdaBN
239,32,1,0.0004098539999404238,42,A08,cross-session,AdaBN
240,32,1,0.00041886400003932067,42,A08,cross-session,AdaBN
241,32,1,0.0004070069999215775,42,A08,cross-session,AdaBN
242,32,1,0.00038689200005137536,42,A08,cross-session,AdaBN
243,32,1,0.00040021799998157803,42,A08,cross-session,AdaBN
244,32,1,0.0004033280000612649,42,A08,cross-session,AdaBN
245,32,1,0.00037769099992601696,42,A08,cross-session,AdaBN
246,32,0,0.0003888030000780418,42,A08,cross-session,AdaBN
247,32,0,0.00039975500010314136,42,A08,cross-session,AdaBN
248,32,0,0.00046623200000794895,42,A08,cross-session,AdaBN
249,32,1,0.0003789319999896179,42,A08,cross-session,AdaBN
250,32,1,0.00039472900004966505,42,A08,cross-session,AdaBN
251,32,0,0.0003805730000294716,42,A08,cross-session,AdaBN
252,32,0,0.00038789199993516377,42,A08,cross-session,AdaBN
253,32,1,0.00040521500000068045,42,A08,cross-session,AdaBN
254,32,0,0.0003904089999196003,42,A08,cross-session,AdaBN
255,32,0,0.000409494999985327,42,A08,cross-session,AdaBN
256,32,1,0.0003760040000315712,42,A08,cross-session,AdaBN
257,32,1,0.00037352599997575453,42,A08,cross-session,AdaBN
258,32,1,0.00037047000000711705,42,A08,cross-session,AdaBN
259,32,0,0.0003678130000253077,42,A08,cross-session,AdaBN
260,32,1,0.00038861899997755245,42,A08,cross-session,AdaBN
261,32,0,0.00039059999994606187,42,A08,cross-session,AdaBN
262,32,1,0.00042989799999304523,42,A08,cross-session,AdaBN
263,32,1,0.00039100399999369984,42,A08,cross-session,AdaBN
264,32,0,0.0003766799999311843,42,A08,cross-session,AdaBN
265,32,1,0.0004066300000431511,42,A08,cross-session,AdaBN
266,32,0,0.0003965529999732098,42,A08,cross-session,AdaBN
267,32,0,0.0004274729999451665,42,A08,cross-session,AdaBN
268,32,1,0.00039526299997305614,42,A08,cross-session,AdaBN
269,32,1,0.0003837130000192701,42,A08,cross-session,AdaBN
270,32,1,0.00037627599999723316,42,A08,cross-session,AdaBN
271,32,1,0.000378760999979022,42,A08,cross-session,AdaBN
272,32,0,0.00039354899990939884,42,A08,cross-session,AdaBN
273,32,1,0.0004123610000306144,42,A08,cross-session,AdaBN
274,32,1,0.0003863030000275103,42,A08,cross-session,AdaBN
275,32,1,0.0003790210000715888,42,A08,cross-session,AdaBN
276,32,0,0.0003973970000288318,42,A08,cross-session,AdaBN
277,32,0,0.00039687800006049656,42,A08,cross-session,AdaBN
278,32,1,0.0004126239999777681,42,A08,cross-session,AdaBN
279,32,0,0.00039899499995499355,42,A08,cross-session,AdaBN
280,32,1,0.0003705960000388586,42,A08,cross-session,AdaBN
281,32,1,0.0003870130000223071,42,A08,cross-session,AdaBN
282,32,0,0.0003980900000897236,42,A08,cross-session,AdaBN
283,32,1,0.00037497799996799586,42,A08,cross-session,AdaBN
284,32,1,0.0003821940000534596,42,A08,cross-session,AdaBN
285,32,0,0.0005424039999297747,42,A08,cross-session,AdaBN
286,32,1,0.0004653479999205956,42,A08,cross-session,AdaBN
287,32,0,0.0003870999998980551,42,A08,cross-session,AdaBN
0,1,1,0.0005500190000020666,42,A09,cross-session,AdaBN
1,2,1,0.0004674150000028021,42,A09,cross-session,AdaBN
2,3,1,0.00046988600001895975,42,A09,cross-session,AdaBN
3,4,1,0.0004499689999875045,42,A09,cross-session,AdaBN
4,5,1,0.00046025899996493536,42,A09,cross-session,AdaBN
5,6,1,0.0004176500000312444,42,A09,cross-session,AdaBN
6,7,1,0.00043774000005214475,42,A09,cross-session,AdaBN
7,8,0,0.0004107940000039889,42,A09,cross-session,AdaBN
8,9,0,0.0005755199999839533,42,A09,cross-session,AdaBN
9,10,1,0.0006670640000265848,42,A09,cross-session,AdaBN
10,11,1,0.0006175830000074711,42,A09,cross-session,AdaBN
11,12,0,0.0006730259999585542,42,A09,cross-session,AdaBN
12,13,1,0.000625215000013668,42,A09,cross-session,AdaBN
13,14,1,0.0006195139999363164,42,A09,cross-session,AdaBN
14,15,1,0.0006187480000789947,42,A09,cross-session,AdaBN
15,16,1,0.0005944490000047153,42,A09,cross-session,AdaBN
16,17,1,0.0005806939999501992,42,A09,cross-session,AdaBN
17,18,1,0.000611402000004091,42,A09,cross-session,AdaBN
18,19,1,0.0006474670000216065,42,A09,cross-session,AdaBN
19,20,1,0.0006168070000285297,42,A09,cross-session,AdaBN
20,21,1,0.000601352999979099,42,A09,cross-session,AdaBN
21,22,0,0.0005945130000100107,42,A09,cross-session,AdaBN
22,23,1,0.0005972010000050432,42,A09,cross-session,AdaBN
23,24,1,0.0012574090000043725,42,A09,cross-session,AdaBN
24,25,1,0.0011504659998990974,42,A09,cross-session,AdaBN
25,26,1,0.0005019769999989876,42,A09,cross-session,AdaBN
26,27,1,0.0003976869999178234,42,A09,cross-session,AdaBN
27,28,1,0.0003913290000809866,42,A09,cross-session,AdaBN
28,29,1,0.00042588999997406063,42,A09,cross-session,AdaBN
29,30,1,0.0004031790000453839,42,A09,cross-session,AdaBN
30,31,1,0.00040423799998734466,42,A09,cross-session,AdaBN
31,32,1,0.0004131849999566839,42,A09,cross-session,AdaBN
32,32,1,0.00040964400000120804,42,A09,cross-session,AdaBN
33,32,0,0.0004000319999022395,42,A09,cross-session,AdaBN
34,32,0,0.0003983650000236594,42,A09,cross-session,AdaBN
35,32,1,0.0003642899999931615,42,A09,cross-session,AdaBN
36,32,1,0.00037721200010309985,42,A09,cross-session,AdaBN
37,32,1,0.00036771400004909083,42,A09,cross-session,AdaBN
38,32,1,0.00037870000005568727,42,A09,cross-session,AdaBN
39,32,1,0.0003849889999401057,42,A09,cross-session,AdaBN
40,32,1,0.00041273800002272765,42,A09,cross-session,AdaBN
41,32,1,0.0003847240000141028,42,A09,cross-session,AdaBN
42,32,1,0.00037711499999204534,42,A09,cross-session,AdaBN
43,32,0,0.0003877269999748023,42,A09,cross-session,AdaBN
44,32,1,0.0003854829999454523,42,A09,cross-session,AdaBN
45,32,0,0.00038066700005856546,42,A09,cross-session,AdaBN
46,32,1,0.0003982079999786947,42,A09,cross-session,AdaBN
47,32,1,0.0003831550000086281,42,A09,cross-session,AdaBN
48,32,1,0.0003678470000068046,42,A09,cross-session,AdaBN
49,32,1,0.00036768900008610217,42,A09,cross-session,AdaBN
50,32,1,0.0003913650000413327,42,A09,cross-session,AdaBN
51,32,1,0.00037606499995490594,42,A09,cross-session,AdaBN
52,32,1,0.00036913600001753366,42,A09,cross-session,AdaBN
53,32,1,0.0003907850000359758,42,A09,cross-session,AdaBN
54,32,1,0.00047449199996663083,42,A09,cross-session,AdaBN
55,32,1,0.0003685939999513721,42,A09,cross-session,AdaBN
56,32,1,0.0003563159999657728,42,A09,cross-session,AdaBN
57,32,1,0.0003620909999426658,42,A09,cross-session,AdaBN
58,32,1,0.0003650400000196896,42,A09,cross-session,AdaBN
59,32,1,0.00039540199998100434,42,A09,cross-session,AdaBN
60,32,1,0.0003653160000567368,42,A09,cross-session,AdaBN
61,32,1,0.00035219299991240405,42,A09,cross-session,AdaBN
62,32,1,0.00036129499994785874,42,A09,cross-session,AdaBN
63,32,1,0.00034524900001997594,42,A09,cross-session,AdaBN
64,32,1,0.0003595010000481125,42,A09,cross-session,AdaBN
65,32,1,0.0003606420000323851,42,A09,cross-session,AdaBN
66,32,0,0.00037260999999944033,42,A09,cross-session,AdaBN
67,32,1,0.000425388999929055,42,A09,cross-session,AdaBN
68,32,1,0.0003527000000076441,42,A09,cross-session,AdaBN
69,32,0,0.00035383700003421836,42,A09,cross-session,AdaBN
70,32,0,0.0003891619999194518,42,A09,cross-session,AdaBN
71,32,1,0.000355678000005355,42,A09,cross-session,AdaBN
72,32,1,0.0003576510000584676,42,A09,cross-session,AdaBN
73,32,1,0.000358699000003071,42,A09,cross-session,AdaBN
74,32,1,0.0003919559999303601,42,A09,cross-session,AdaBN
75,32,1,0.0003789300000107687,42,A09,cross-session,AdaBN
76,32,1,0.0003597239999635349,42,A09,cross-session,AdaBN
77,32,0,0.00035484900001847564,42,A09,cross-session,AdaBN
78,32,0,0.00038428000004842033,42,A09,cross-session,AdaBN
79,32,1,0.00037002299995947396,42,A09,cross-session,AdaBN
80,32,1,0.0003692689999752474,42,A09,cross-session,AdaBN
81,32,1,0.0003973470001028545,42,A09,cross-session,AdaBN
82,32,1,0.00037737999991804827,42,A09,cross-session,AdaBN
83,32,1,0.0003629599999612765,42,A09,cross-session,AdaBN
84,32,1,0.0003923180000811044,42,A09,cross-session,AdaBN
85,32,1,0.00035573100001329294,42,A09,cross-session,AdaBN
86,32,1,0.00035098500006824906,42,A09,cross-session,AdaBN
87,32,1,0.0004015759999447255,42,A09,cross-session,AdaBN
88,32,0,0.00036520399999062647,42,A09,cross-session,AdaBN
89,32,1,0.0003544609999153181,42,A09,cross-session,AdaBN
90,32,1,0.00035401799993906025,42,A09,cross-session,AdaBN
91,32,1,0.0003767539999444125,42,A09,cross-session,AdaBN
92,32,1,0.00037078499997278414,42,A09,cross-session,AdaBN
93,32,1,0.0003782900000715017,42,A09,cross-session,AdaBN
94,32,0,0.0004024600000320788,42,A09,cross-session,AdaBN
95,32,1,0.0003541369999311428,42,A09,cross-session,AdaBN
96,32,1,0.0003625770000326156,42,A09,cross-session,AdaBN
97,32,1,0.00035550900008729514,42,A09,cross-session,AdaBN
98,32,1,0.00036460000001170556,42,A09,cross-session,AdaBN
99,32,1,0.00035509999997884734,42,A09,cross-session,AdaBN
100,32,1,0.00035218499999700725,42,A09,cross-session,AdaBN
101,32,1,0.0003730869999571951,42,A09,cross-session,AdaBN
102,32,1,0.0003580139999712628,42,A09,cross-session,AdaBN
103,32,1,0.00038398699996378127,42,A09,cross-session,AdaBN
104,32,1,0.000363704000051257,42,A09,cross-session,AdaBN
105,32,1,0.0003524700000525627,42,A09,cross-session,AdaBN
106,32,1,0.00037299699999948643,42,A09,cross-session,AdaBN
107,32,1,0.00037758299993129185,42,A09,cross-session,AdaBN
108,32,0,0.00035291599999709433,42,A09,cross-session,AdaBN
109,32,1,0.0003639070000645006,42,A09,cross-session,AdaBN
110,32,1,0.0003578649999553818,42,A09,cross-session,AdaBN
111,32,1,0.00035498800002642383,42,A09,cross-session,AdaBN
112,32,1,0.000376018999986627,42,A09,cross-session,AdaBN
113,32,0,0.0003677710000147272,42,A09,cross-session,AdaBN
114,32,1,0.000364692999937688,42,A09,cross-session,AdaBN
115,32,1,0.0003629870000168012,42,A09,cross-session,AdaBN
116,32,1,0.00035757399996327877,42,A09,cross-session,AdaBN
117,32,1,0.0003607690000535513,42,A09,cross-session,AdaBN
118,32,1,0.00035485400007928547,42,A09,cross-session,AdaBN
119,32,1,0.0003563489999578451,42,A09,cross-session,AdaBN
120,32,0,0.00036498800000117626,42,A09,cross-session,AdaBN
121,32,1,0.0003544410000131393,42,A09,cross-session,AdaBN
122,32,1,0.0003555119999418821,42,A09,cross-session,AdaBN
123,32,1,0.0003615190000800794,42,A09,cross-session,AdaBN
124,32,1,0.0003614519999928234,42,A09,cross-session,AdaBN
125,32,1,0.00037187800000992866,42,A09,cross-session,AdaBN
126,32,1,0.0003602159999900323,42,A09,cross-session,AdaBN
127,32,1,0.0003515659999493437,42,A09,cross-session,AdaBN
128,32,1,0.00034891799998604256,42,A09,cross-session,AdaBN
129,32,1,0.000373620999994273,42,A09,cross-session,AdaBN
130,32,1,0.00035468499993385194,42,A09,cross-session,AdaBN
131,32,1,0.0003540500000553948,42,A09,cross-session,AdaBN
132,32,0,0.0003677849999803584,42,A09,cross-session,AdaBN
133,32,0,0.00036301399995863903,42,A09,cross-session,AdaBN
134,32,0,0.0003593380000666002,42,A09,cross-session,AdaBN
135,32,1,0.0003677409999909287,42,A09,cross-session,AdaBN
136,32,1,0.00040372700004809303,42,A09,cross-session,AdaBN
137,32,1,0.00035599799991814507,42,A09,cross-session,AdaBN
138,32,1,0.00035461300001315976,42,A09,cross-session,AdaBN
139,32,0,0.0003523110000287488,42,A09,cross-session,AdaBN
140,32,0,0.00036160100000870443,42,A09,cross-session,AdaBN
141,32,1,0.0003533379999680619,42,A09,cross-session,AdaBN
142,32,1,0.0003542809999999008,42,A09,cross-session,AdaBN
143,32,1,0.0003501880000840174,42,A09,cross-session,AdaBN
144,32,0,0.0003705579999859765,42,A09,cross-session,AdaBN
145,32,0,0.0003873340000382086,42,A09,cross-session,AdaBN
146,32,1,0.0003648530000646133,42,A09,cross-session,AdaBN
147,32,1,0.0003590930000427761,42,A09,cross-session,AdaBN
148,32,1,0.00042470899995805667,42,A09,cross-session,AdaBN
149,32,1,0.0003690449999567136,42,A09,cross-session,AdaBN
150,32,1,0.0003545009999470494,42,A09,cross-session,AdaBN
151,32,1,0.0003569010000319395,42,A09,cross-session,AdaBN
152,32,1,0.0003651549999403869,42,A09,cross-session,AdaBN
153,32,0,0.00035795400003735267,42,A09,cross-session,AdaBN
154,32,1,0.00035875800006124337,42,A09,cross-session,AdaBN
155,32,1,0.00037134000001515233,42,A09,cross-session,AdaBN
156,32,1,0.0003581390000135798,42,A09,cross-session,AdaBN
157,32,0,0.00036164400000870955,42,A09,cross-session,AdaBN
158,32,1,0.0003771839999444637,42,A09,cross-session,AdaBN
159,32,0,0.00035520300002644944,42,A09,cross-session,AdaBN
160,32,0,0.00037240899996504595,42,A09,cross-session,AdaBN
161,32,0,0.0003623310000193669,42,A09,cross-session,AdaBN
162,32,0,0.00035250899998118257,42,A09,cross-session,AdaBN
163,32,1,0.0003598609999926339,42,A09,cross-session,AdaBN
164,32,1,0.00036393000004864007,42,A09,cross-session,AdaBN
165,32,1,0.0003721559999121382,42,A09,cross-session,AdaBN
166,32,1,0.00036666400001195143,42,A09,cross-session,AdaBN
167,32,1,0.00035928099998727703,42,A09,cross-session,AdaBN
168,32,1,0.0003583090000347511,42,A09,cross-session,AdaBN
169,32,0,0.00035672199999225995,42,A09,cross-session,AdaBN
170,32,1,0.00036291499998242216,42,A09,cross-session,AdaBN
171,32,1,0.0003760370000236435,42,A09,cross-session,AdaBN
172,32,1,0.00036342700002478523,42,A09,cross-session,AdaBN
173,32,0,0.0003590510000321956,42,A09,cross-session,AdaBN
174,32,1,0.00035787399997389,42,A09,cross-session,AdaBN
175,32,1,0.0003598069999952713,42,A09,cross-session,AdaBN
176,32,1,0.00036361100001158775,42,A09,cross-session,AdaBN
177,32,1,0.0003708320000441745,42,A09,cross-session,AdaBN
178,32,0,0.0003627199999982622,42,A09,cross-session,AdaBN
179,32,1,0.0003614050000351199,42,A09,cross-session,AdaBN
180,32,1,0.0003530019999971046,42,A09,cross-session,AdaBN
181,32,1,0.00035453800001050695,42,A09,cross-session,AdaBN
182,32,0,0.0003513139999995474,42,A09,cross-session,AdaBN
183,32,1,0.0003516079999599242,42,A09,cross-session,AdaBN
184,32,1,0.0003588350000427454,42,A09,cross-session,AdaBN
185,32,0,0.000356312999997499,42,A09,cross-session,AdaBN
186,32,1,0.000361525000016627,42,A09,cross-session,AdaBN
187,32,1,0.00036418799993498396,42,A09,cross-session,AdaBN
188,32,1,0.0003718870000284369,42,A09,cross-session,AdaBN
189,32,1,0.0003804010000294511,42,A09,cross-session,AdaBN
190,32,1,0.00038116499990792363,42,A09,cross-session,AdaBN
191,32,1,0.00035668000009536627,42,A09,cross-session,AdaBN
192,32,1,0.0003528319999759333,42,A09,cross-session,AdaBN
193,32,1,0.0003788689999737471,42,A09,cross-session,AdaBN
194,32,1,0.0003585279999924751,42,A09,cross-session,AdaBN
195,32,1,0.00036158199998226337,42,A09,cross-session,AdaBN
196,32,1,0.00036730499994064303,42,A09,cross-session,AdaBN
197,32,1,0.00035627699992346606,42,A09,cross-session,AdaBN
198,32,0,0.00035906900006921205,42,A09,cross-session,AdaBN
199,32,0,0.00036068400004296564,42,A09,cross-session,AdaBN
200,32,1,0.00035605499999746826,42,A09,cross-session,AdaBN
201,32,1,0.00036822300000949326,42,A09,cross-session,AdaBN
202,32,1,0.0003565949999710938,42,A09,cross-session,AdaBN
203,32,1,0.00035372800005006866,42,A09,cross-session,AdaBN
204,32,1,0.0003558880000582576,42,A09,cross-session,AdaBN
205,32,1,0.00035749599999235215,42,A09,cross-session,AdaBN
206,32,1,0.0003609139999980471,42,A09,cross-session,AdaBN
207,32,1,0.0003639380000777237,42,A09,cross-session,AdaBN
208,32,1,0.0003667930000119668,42,A09,cross-session,AdaBN
209,32,1,0.0003566059999684512,42,A09,cross-session,AdaBN
210,32,1,0.0003520490000710197,42,A09,cross-session,AdaBN
211,32,1,0.00036019700007727806,42,A09,cross-session,AdaBN
212,32,1,0.0004048120000561539,42,A09,cross-session,AdaBN
213,32,1,0.0003529059999891615,42,A09,cross-session,AdaBN
214,32,0,0.00040863899994292296,42,A09,cross-session,AdaBN
215,32,1,0.0003709939999225753,42,A09,cross-session,AdaBN
216,32,1,0.00035563200003707607,42,A09,cross-session,AdaBN
217,32,0,0.00036779999993541423,42,A09,cross-session,AdaBN
218,32,0,0.0003588239999317011,42,A09,cross-session,AdaBN
219,32,1,0.0003571949999923163,42,A09,cross-session,AdaBN
220,32,1,0.00035943199998200726,42,A09,cross-session,AdaBN
221,32,1,0.0003927909999674739,42,A09,cross-session,AdaBN
222,32,1,0.00036400599992703064,42,A09,cross-session,AdaBN
223,32,1,0.0003607500000271102,42,A09,cross-session,AdaBN
224,32,1,0.0003557080000291535,42,A09,cross-session,AdaBN
225,32,1,0.00035193999997318315,42,A09,cross-session,AdaBN
226,32,1,0.0003569519999473414,42,A09,cross-session,AdaBN
227,32,0,0.00040773900002477603,42,A09,cross-session,AdaBN
228,32,1,0.0003706239999701211,42,A09,cross-session,AdaBN
229,32,1,0.00037592500007122,42,A09,cross-session,AdaBN
230,32,0,0.00037592199998925935,42,A09,cross-session,AdaBN
231,32,1,0.0003769589999365053,42,A09,cross-session,AdaBN
232,32,1,0.00036015600005612214,42,A09,cross-session,AdaBN
233,32,1,0.0003595440000481176,42,A09,cross-session,AdaBN
234,32,1,0.0003517009999995935,42,A09,cross-session,AdaBN
235,32,1,0.00035939200006396277,42,A09,cross-session,AdaBN
236,32,0,0.00036877600007301226,42,A09,cross-session,AdaBN
237,32,1,0.0003638189999719543,42,A09,cross-session,AdaBN
238,32,1,0.00035415199999988545,42,A09,cross-session,AdaBN
239,32,0,0.0003789979999737625,42,A09,cross-session,AdaBN
240,32,0,0.00037821000000803906,42,A09,cross-session,AdaBN
241,32,1,0.0003525130000525678,42,A09,cross-session,AdaBN
242,32,1,0.00035978599998998106,42,A09,cross-session,AdaBN
243,32,0,0.0003558529999736493,42,A09,cross-session,AdaBN
244,32,1,0.00036456199995882344,42,A09,cross-session,AdaBN
245,32,1,0.00035409199995228846,42,A09,cross-session,AdaBN
246,32,1,0.0003870380000989826,42,A09,cross-session,AdaBN
247,32,0,0.0003632469999956811,42,A09,cross-session,AdaBN
248,32,1,0.00036356400005388423,42,A09,cross-session,AdaBN
249,32,1,0.0003544350000765917,42,A09,cross-session,AdaBN
250,32,1,0.00036921699995673407,42,A09,cross-session,AdaBN
251,32,1,0.0003582589999950869,42,A09,cross-session,AdaBN
252,32,1,0.0003528530000949104,42,A09,cross-session,AdaBN
253,32,1,0.0003914110000096116,42,A09,cross-session,AdaBN
254,32,1,0.00036250500011192344,42,A09,cross-session,AdaBN
255,32,1,0.00035658199999488716,42,A09,cross-session,AdaBN
256,32,1,0.0003701970000520305,42,A09,cross-session,AdaBN
257,32,1,0.0003650680000646389,42,A09,cross-session,AdaBN
258,32,1,0.0003801990000056321,42,A09,cross-session,AdaBN
259,32,0,0.0003705679999939093,42,A09,cross-session,AdaBN
260,32,0,0.0003696400000308131,42,A09,cross-session,AdaBN
261,32,1,0.0003800890000320578,42,A09,cross-session,AdaBN
262,32,0,0.0003575499999897147,42,A09,cross-session,AdaBN
263,32,1,0.00035950300002696167,42,A09,cross-session,AdaBN
264,32,1,0.0003890550000278381,42,A09,cross-session,AdaBN
265,32,1,0.0003556819999630534,42,A09,cross-session,AdaBN
266,32,0,0.00036765599998034304,42,A09,cross-session,AdaBN
267,32,1,0.00035906600010093825,42,A09,cross-session,AdaBN
268,32,1,0.0003500870000152645,42,A09,cross-session,AdaBN
269,32,1,0.00036132900004304247,42,A09,cross-session,AdaBN
270,32,0,0.00035855099997661455,42,A09,cross-session,AdaBN
271,32,1,0.00035109299994928733,42,A09,cross-session,AdaBN
272,32,1,0.0003517059999467165,42,A09,cross-session,AdaBN
273,32,1,0.0003738289999546396,42,A09,cross-session,AdaBN
274,32,1,0.0003649049999694398,42,A09,cross-session,AdaBN
275,32,1,0.0003535739999733778,42,A09,cross-session,AdaBN
276,32,0,0.0003754140000182815,42,A09,cross-session,AdaBN
277,32,1,0.00035312800002884615,42,A09,cross-session,AdaBN
278,32,1,0.00035447699997348536,42,A09,cross-session,AdaBN
279,32,1,0.00037859000008211297,42,A09,cross-session,AdaBN
280,32,1,0.0003686280000465558,42,A09,cross-session,AdaBN
281,32,0,0.0003557229999842093,42,A09,cross-session,AdaBN
282,32,1,0.0003904930000544482,42,A09,cross-session,AdaBN
283,32,0,0.00035924200005865714,42,A09,cross-session,AdaBN
284,32,1,0.00036641400004100433,42,A09,cross-session,AdaBN
285,32,0,0.0003630930000326771,42,A09,cross-session,AdaBN
286,32,1,0.0003586250001035296,42,A09,cross-session,AdaBN
287,32,0,0.0003804790000003777,42,A09,cross-session,AdaBN
0,1,1,0.0012723400000140828,97,A01,cross-session,AdaBN
1,2,1,0.0011480969999411172,97,A01,cross-session,AdaBN
2,3,1,0.0011228989999381156,97,A01,cross-session,AdaBN
3,4,1,0.0011218460000463892,97,A01,cross-session,AdaBN
4,5,1,0.0009203889999298553,97,A01,cross-session,AdaBN
5,6,0,0.0004164480000099502,97,A01,cross-session,AdaBN
6,7,1,0.0004053110000086235,97,A01,cross-session,AdaBN
7,8,0,0.0003861149999693225,97,A01,cross-session,AdaBN
8,9,1,0.0003956350000180464,97,A01,cross-session,AdaBN
9,10,1,0.00037957300003199634,97,A01,cross-session,AdaBN
10,11,1,0.00040582399992672435,97,A01,cross-session,AdaBN
11,12,0,0.00038515099993219337,97,A01,cross-session,AdaBN
12,13,1,0.0004265599999371261,97,A01,cross-session,AdaBN
13,14,1,0.0004276360000403656,97,A01,cross-session,AdaBN
14,15,0,0.0004270859999451204,97,A01,cross-session,AdaBN
15,16,1,0.00037820700003976526,97,A01,cross-session,AdaBN
16,17,0,0.0003943340000205353,97,A01,cross-session,AdaBN
17,18,1,0.0003867039999931876,97,A01,cross-session,AdaBN
18,19,0,0.0004287759999215268,97,A01,cross-session,AdaBN
19,20,1,0.00040842599992174655,97,A01,cross-session,AdaBN
20,21,1,0.0004004099999974642,97,A01,cross-session,AdaBN
21,22,1,0.0003585079999766094,97,A01,cross-session,AdaBN
22,23,1,0.0003885930000251392,97,A01,cross-session,AdaBN
23,24,0,0.00036558599992986274,97,A01,cross-session,AdaBN
24,25,0,0.00040162400000554044,97,A01,cross-session,AdaBN
25,26,1,0.0003962659999388052,97,A01,cross-session,AdaBN
26,27,1,0.0004898700000239842,97,A01,cross-session,AdaBN
27,28,1,0.0004070539999929679,97,A01,cross-session,AdaBN
28,29,0,0.0004140580000466798,97,A01,cross-session,AdaBN
29,30,0,0.0003799149999395013,97,A01,cross-session,AdaBN
30,31,0,0.0004169720000390953,97,A01,cross-session,AdaBN
31,32,1,0.00038285400000859227,97,A01,cross-session,AdaBN
32,32,1,0.0003712759998961701,97,A01,cross-session,AdaBN
33,32,1,0.0003578590000188342,97,A01,cross-session,AdaBN
34,32,1,0.0003960200000392433,97,A01,cross-session,AdaBN
35,32,1,0.0003995050000185074,97,A01,cross-session,AdaBN
36,32,1,0.0004979609999509194,97,A01,cross-session,AdaBN
37,32,0,0.0003747470000234898,97,A01,cross-session,AdaBN
38,32,1,0.0003863179999825661,97,A01,cross-session,AdaBN
39,32,0,0.0003847099999347847,97,A01,cross-session,AdaBN
40,32,1,0.00037722100000792125,97,A01,cross-session,AdaBN
41,32,1,0.0003676050000649411,97,A01,cross-session,AdaBN
42,32,1,0.00037452599997322977,97,A01,cross-session,AdaBN
43,32,0,0.0003835769999795957,97,A01,cross-session,AdaBN
44,32,1,0.00040109500002927234,97,A01,cross-session,AdaBN
45,32,0,0.0005138919999581049,97,A01,cross-session,AdaBN
46,32,1,0.0004096630000276491,97,A01,cross-session,AdaBN
47,32,0,0.00038190099996882054,97,A01,cross-session,AdaBN
48,32,0,0.0003878249999615946,97,A01,cross-session,AdaBN
49,32,0,0.0004037890000745392,97,A01,cross-session,AdaBN
50,32,1,0.00042459600001620856,97,A01,cross-session,AdaBN
51,32,0,0.00038024100001621264,97,A01,cross-session,AdaBN
52,32,1,0.0003805759999977454,97,A01,cross-session,AdaBN
53,32,1,0.00041991899990989623,97,A01,cross-session,AdaBN
54,32,0,0.0004923340000004828,97,A01,cross-session,AdaBN
55,32,1,0.000407885999948121,97,A01,cross-session,AdaBN
56,32,1,0.0004227809999974852,97,A01,cross-session,AdaBN
57,32,1,0.0003855429999930493,97,A01,cross-session,AdaBN
58,32,1,0.00039987799993923545,97,A01,cross-session,AdaBN
59,32,1,0.000395131000004767,97,A01,cross-session,AdaBN
60,32,0,0.00039303900007325865,97,A01,cross-session,AdaBN
61,32,0,0.0003949719999809531,97,A01,cross-session,AdaBN
62,32,1,0.0004730960000642881,97,A01,cross-session,AdaBN
63,32,1,0.00038843100003305153,97,A01,cross-session,AdaBN
64,32,1,0.0003877880000118239,97,A01,cross-session,AdaBN
65,32,0,0.0003836729999875388,97,A01,cross-session,AdaBN
66,32,0,0.0011242900000070222,97,A01,cross-session,AdaBN
67,32,1,0.0008917559999872537,97,A01,cross-session,AdaBN
68,32,1,0.0004583680000678214,97,A01,cross-session,AdaBN
69,32,0,0.0004173749999836218,97,A01,cross-session,AdaBN
70,32,1,0.0003797310000663856,97,A01,cross-session,AdaBN
71,32,1,0.0003898140000728745,97,A01,cross-session,AdaBN
72,32,1,0.000372076999951787,97,A01,cross-session,AdaBN
73,32,1,0.00036765200002264464,97,A01,cross-session,AdaBN
74,32,0,0.00036839400002008915,97,A01,cross-session,AdaBN
75,32,1,0.0003663560000859434,97,A01,cross-session,AdaBN
76,32,0,0.00036340999997719337,97,A01,cross-session,AdaBN
77,32,0,0.00037532200008172367,97,A01,cross-session,AdaBN
78,32,1,0.00036512100007257686,97,A01,cross-session,AdaBN
79,32,1,0.00036045000001649896,97,A01,cross-session,AdaBN
80,32,1,0.00035882500003481255,97,A01,cross-session,AdaBN
81,32,0,0.00047330099994269403,97,A01,cross-session,AdaBN
82,32,0,0.00037346199997045915,97,A01,cross-session,AdaBN
83,32,1,0.0003745920000710612,97,A01,cross-session,AdaBN
84,32,1,0.00039958299998943403,97,A01,cross-session,AdaBN
85,32,1,0.00040837000005922164,97,A01,cross-session,AdaBN
86,32,0,0.000440940999965278,97,A01,cross-session,AdaBN
87,32,1,0.0004807630000414065,97,A01,cross-session,AdaBN
88,32,1,0.0005515200000445475,97,A01,cross-session,AdaBN
89,32,0,0.0005952889999889521,97,A01,cross-session,AdaBN
90,32,1,0.0005555619999313421,97,A01,cross-session,AdaBN
91,32,1,0.0005064199999651464,97,A01,cross-session,AdaBN
92,32,0,0.00046718199996576004,97,A01,cross-session,AdaBN
93,32,1,0.0004169159999491967,97,A01,cross-session,AdaBN
94,32,0,0.00043559999994613463,97,A01,cross-session,AdaBN
95,32,0,0.00036768600000414153,97,A01,cross-session,AdaBN
96,32,1,0.0004733519999717828,97,A01,cross-session,AdaBN
97,32,0,0.0003792380000504636,97,A01,cross-session,AdaBN
98,32,1,0.00036716800002523087,97,A01,cross-session,AdaBN
99,32,1,0.000380726000003051,97,A01,cross-session,AdaBN
100,32,1,0.000376014000039504,97,A01,cross-session,AdaBN
101,32,0,0.00038907999999082676,97,A01,cross-session,AdaBN
102,32,0,0.0003993620000528608,97,A01,cross-session,AdaBN
103,32,0,0.0004000269999551165,97,A01,cross-session,AdaBN
104,32,1,0.0004096679999747721,97,A01,cross-session,AdaBN
105,32,1,0.00038363099997695826,97,A01,cross-session,AdaBN
106,32,1,0.0003729530000100567,97,A01,cross-session,AdaBN
107,32,1,0.0003945710000152758,97,A01,cross-session,AdaBN
108,32,0,0.00035496999998940737,97,A01,cross-session,AdaBN
109,32,1,0.0003750999999283522,97,A01,cross-session,AdaBN
110,32,0,0.0003786549999631461,97,A01,cross-session,AdaBN
111,32,1,0.0003654379999034063,97,A01,cross-session,AdaBN
112,32,1,0.00037117099998340564,97,A01,cross-session,AdaBN
113,32,1,0.0003984819999232059,97,A01,cross-session,AdaBN
114,32,0,0.00038861799998812785,97,A01,cross-session,AdaBN
115,32,1,0.0003604700000323646,97,A01,cross-session,AdaBN
116,32,0,0.0003567590000557175,97,A01,cross-session,AdaBN
117,32,0,0.0003721249998989151,97,A01,cross-session,AdaBN
118,32,1,0.0003629300000511648,97,A01,cross-session,AdaBN
119,32,1,0.00036614900000131456,97,A01,cross-session,AdaBN
120,32,1,0.000361246000011306,97,A01,cross-session,AdaBN
121,32,1,0.00036806900004648924,97,A01,cross-session,AdaBN
122,32,0,0.0003692080000519127,97,A01,cross-session,AdaBN
123,32,0,0.0003728039999941757,97,A01,cross-session,AdaBN
124,32,0,0.000360611000019162,97,A01,cross-session,AdaBN
125,32,1,0.0003682940000544477,97,A01,cross-session,AdaBN
126,32,0,0.00035837300004004646,97,A01,cross-session,AdaBN
127,32,0,0.00035963200002697704,97,A01,cross-session,AdaBN
128,32,1,0.00036874600004921376,97,A01,cross-session,AdaBN
129,32,0,0.00036543500004881935,97,A01,cross-session,AdaBN
130,32,1,0.000360336999960964,97,A01,cross-session,AdaBN
131,32,1,0.0003675220000332047,97,A01,cross-session,AdaBN
132,32,0,0.0003914080000413378,97,A01,cross-session,AdaBN
133,32,1,0.000355968999997458,97,A01,cross-session,AdaBN
134,32,0,0.0003626619999295144,97,A01,cross-session,AdaBN
135,32,1,0.00036572999999862077,97,A01,cross-session,AdaBN
136,32,0,0.0003682819999539788,97,A01,cross-session,AdaBN
137,32,0,0.0003649470000937072,97,A01,cross-session,AdaBN
138,32,0,0.00037405900002340786,97,A01,cross-session,AdaBN
139,32,1,0.00037687199994707044,97,A01,cross-session,AdaBN
140,32,1,0.0003506210000523424,97,A01,cross-session,AdaBN
141,32,1,0.0004370949999383811,97,A01,cross-session,AdaBN
142,32,0,0.00037520300008964114,97,A01,cross-session,AdaBN
143,32,1,0.00037603199996283365,97,A01,cross-session,AdaBN
144,32,1,0.0003957039999704648,97,A01,cross-session,AdaBN
145,32,1,0.00038312100002713123,97,A01,cross-session,AdaBN
146,32,0,0.00037770700009787106,97,A01,cross-session,AdaBN
147,32,0,0.00036798499991164135,97,A01,cross-session,AdaBN
148,32,1,0.0003625350000220351,97,A01,cross-session,AdaBN
149,32,1,0.0003914760000043316,97,A01,cross-session,AdaBN
150,32,0,0.00040025800001330936,97,A01,cross-session,AdaBN
151,32,1,0.00037674099996820587,97,A01,cross-session,AdaBN
152,32,1,0.0003870609999694352,97,A01,cross-session,AdaBN
153,32,1,0.0004015889999209321,97,A01,cross-session,AdaBN
154,32,0,0.00036572900000919617,97,A01,cross-session,AdaBN
155,32,1,0.00035952600001110113,97,A01,cross-session,AdaBN
156,32,0,0.0004062420000536804,97,A01,cross-session,AdaBN
157,32,1,0.0004020570000875523,97,A01,cross-session,AdaBN
158,32,0,0.00036206899994795094,97,A01,cross-session,AdaBN
159,32,0,0.0003641219999508394,97,A01,cross-session,AdaBN
160,32,1,0.00036544699992191454,97,A01,cross-session,AdaBN
161,32,1,0.0003559680000080334,97,A01,cross-session,AdaBN
162,32,1,0.00036065500000859174,97,A01,cross-session,AdaBN
163,32,1,0.000369318000025487,97,A01,cross-session,AdaBN
164,32,0,0.00037035600007584435,97,A01,cross-session,AdaBN
165,32,1,0.00036543400005939475,97,A01,cross-session,AdaBN
166,32,0,0.0003562849999525497,97,A01,cross-session,AdaBN
167,32,1,0.0003674860000728586,97,A01,cross-session,AdaBN
168,32,1,0.00036543800001709315,97,A01,cross-session,AdaBN
169,32,1,0.00036586500004887057,97,A01,cross-session,AdaBN
170,32,0,0.00039136599991707044,97,A01,cross-session,AdaBN
171,32,0,0.0003671939999776441,97,A01,cross-session,AdaBN
172,32,1,0.0003585079999766094,97,A01,cross-session,AdaBN
173,32,1,0.000364327000056619,97,A01,cross-session,AdaBN
174,32,0,0.00036167200005365885,97,A01,cross-session,AdaBN
175,32,0,0.000362018000032549,97,A01,cross-session,AdaBN
176,32,1,0.00037807299997894006,97,A01,cross-session,AdaBN
177,32,1,0.0003668269999934637,97,A01,cross-session,AdaBN
178,32,1,0.0003594770000745484,97,A01,cross-session,AdaBN
179,32,0,0.00036723899995649845,97,A01,cross-session,AdaBN
180,32,1,0.000372411000057582,97,A01,cross-session,AdaBN
181,32,1,0.000366374000009273,97,A01,cross-session,AdaBN
182,32,0,0.00036304500008554896,97,A01,cross-session,AdaBN
183,32,0,0.0003588899999158457,97,A01,cross-session,AdaBN
184,32,1,0.0003677670000570288,97,A01,cross-session,AdaBN
185,32,0,0.0003661289999854489,97,A01,cross-session,AdaBN
186,32,0,0.0003767080000898204,97,A01,cross-session,AdaBN
187,32,1,0.0004096640000170737,97,A01,cross-session,AdaBN
188,32,1,0.0003582599999845115,97,A01,cross-session,AdaBN
189,32,1,0.00035949599998730264,97,A01,cross-session,AdaBN
190,32,1,0.0003617769999664233,97,A01,cross-session,AdaBN
191,32,1,0.0003744719999758672,97,A01,cross-session,AdaBN
192,32,1,0.00040360299999520066,97,A01,cross-session,AdaBN
193,32,1,0.00036242700002731,97,A01,cross-session,AdaBN
194,32,0,0.0003558610000027329,97,A01,cross-session,AdaBN
195,32,0,0.0003919360000281813,97,A01,cross-session,AdaBN
196,32,1,0.00036404399997991277,97,A01,cross-session,AdaBN
197,32,1,0.00035555600004499865,97,A01,cross-session,AdaBN
198,32,1,0.00036772100008874986,97,A01,cross-session,AdaBN
199,32,1,0.0003596639999159379,97,A01,cross-session,AdaBN
200,32,0,0.000360680999961005,97,A01,cross-session,AdaBN
201,32,1,0.000371583999935865,97,A01,cross-session,AdaBN
202,32,1,0.00039592699999957404,97,A01,cross-session,AdaBN
203,32,1,0.0003542360000210465,97,A01,cross-session,AdaBN
204,32,1,0.0003672390000701853,97,A01,cross-session,AdaBN
205,32,1,0.00038446799999292125,97,A01,cross-session,AdaBN
206,32,0,0.0003831799999716168,97,A01,cross-session,AdaBN
207,32,1,0.0003914730000360578,97,A01,cross-session,AdaBN
208,32,1,0.0003721099999438593,97,A01,cross-session,AdaBN
209,32,1,0.00037791800002651144,97,A01,cross-session,AdaBN
210,32,0,0.0003673229999776595,97,A01,cross-session,AdaBN
211,32,0,0.00036835299999893323,97,A01,cross-session,AdaBN
212,32,1,0.0003614149999293659,97,A01,cross-session,AdaBN
213,32,1,0.0003922770000599485,97,A01,cross-session,AdaBN
214,32,1,0.000375516000076459,97,A01,cross-session,AdaBN
215,32,1,0.0003669779999881939,97,A01,cross-session,AdaBN
216,32,0,0.00035700099999758095,97,A01,cross-session,AdaBN
217,32,1,0.0003984740000078091,97,A01,cross-session,AdaBN
218,32,0,0.00038545300003534066,97,A01,cross-session,AdaBN
219,32,1,0.00037001400005465257,97,A01,cross-session,AdaBN
220,32,1,0.00037387800000487914,97,A01,cross-session,AdaBN
221,32,0,0.00038576700001158315,97,A01,cross-session,AdaBN
222,32,1,0.0003711230000362775,97,A01,cross-session,AdaBN
223,32,1,0.0003571170000213897,97,A01,cross-session,AdaBN
224,32,0,0.0003662300000542018,97,A01,cross-session,AdaBN
225,32,1,0.0003589219999184934,97,A01,cross-session,AdaBN
226,32,0,0.00037817800000539137,97,A01,cross-session,AdaBN
227,32,1,0.00036133000003246707,97,A01,cross-session,AdaBN
228,32,0,0.000355536000029133,97,A01,cross-session,AdaBN
229,32,1,0.000366515999985495,97,A01,cross-session,AdaBN
230,32,0,0.00036237500000879663,97,A01,cross-session,AdaBN
231,32,0,0.000356029000045055,97,A01,cross-session,AdaBN
232,32,0,0.0003630809999322082,97,A01,cross-session,AdaBN
233,32,1,0.00036764600008609705,97,A01,cross-session,AdaBN
234,32,1,0.00036037300003499695,97,A01,cross-session,AdaBN
235,32,1,0.00035654299995258043,97,A01,cross-session,AdaBN
236,32,0,0.00037315399993076426,97,A01,cross-session,AdaBN
237,32,1,0.0003569209999341183,97,A01,cross-session,AdaBN
238,32,1,0.00037209200002052967,97,A01,cross-session,AdaBN
239,32,1,0.00039192999997794686,97,A01,cross-session,AdaBN
240,32,0,0.0003631370000221068,97,A01,cross-session,AdaBN
241,32,1,0.0003944100000126127,97,A01,cross-session,AdaBN
242,32,1,0.0003853550000485484,97,A01,cross-session,AdaBN
243,32,1,0.00037897400000019843,97,A01,cross-session,AdaBN
244,32,1,0.0003782190000265473,97,A01,cross-session,AdaBN
245,32,0,0.0003637290000142457,97,A01,cross-session,AdaBN
246,32,1,0.0003888470000674715,97,A01,cross-session,AdaBN
247,32,1,0.0004084179998926629,97,A01,cross-session,AdaBN
248,32,1,0.0003606819999504296,97,A01,cross-session,AdaBN
249,32,1,0.0003547369999523653,97,A01,cross-session,AdaBN
250,32,1,0.00036709599999085185,97,A01,cross-session,AdaBN
251,32,0,0.0003581660000691045,97,A01,cross-session,AdaBN
252,32,1,0.000389221000091311,97,A01,cross-session,AdaBN
253,32,0,0.00036041799990016443,97,A01,cross-session,AdaBN
254,32,1,0.00035721699998703116,97,A01,cross-session,AdaBN
255,32,1,0.0003712659998882373,97,A01,cross-session,AdaBN
256,32,1,0.00038971799995124456,97,A01,cross-session,AdaBN
257,32,1,0.00035125500005506183,97,A01,cross-session,AdaBN
258,32,1,0.0003645499999720414,97,A01,cross-session,AdaBN
259,32,1,0.00037627000006068556,97,A01,cross-session,AdaBN
260,32,1,0.0003755889999865758,97,A01,cross-session,AdaBN
261,32,1,0.0003774540000449633,97,A01,cross-session,AdaBN
262,32,1,0.00035766999997122184,97,A01,cross-session,AdaBN
263,32,1,0.00038878999998814834,97,A01,cross-session,AdaBN
264,32,1,0.0003742229999943447,97,A01,cross-session,AdaBN
265,32,0,0.00039098599995668337,97,A01,cross-session,AdaBN
266,32,1,0.00038331099995048135,97,A01,cross-session,AdaBN
267,32,0,0.00039976200002911355,97,A01,cross-session,AdaBN
268,32,1,0.0003664480000225012,97,A01,cross-session,AdaBN
269,32,0,0.0003820450000375786,97,A01,cross-session,AdaBN
270,32,1,0.0003900780000094528,97,A01,cross-session,AdaBN
271,32,1,0.00035724500003198045,97,A01,cross-session,AdaBN
272,32,0,0.0003702029999885781,97,A01,cross-session,AdaBN
273,32,0,0.0003727559999333607,97,A01,cross-session,AdaBN
274,32,0,0.00037937199999760196,97,A01,cross-session,AdaBN
275,32,0,0.00036923499999375053,97,A01,cross-session,AdaBN
276,32,1,0.00036481999995885417,97,A01,cross-session,AdaBN
277,32,0,0.00035186599995995493,97,A01,cross-session,AdaBN
278,32,0,0.00036079400001653994,97,A01,cross-session,AdaBN
279,32,1,0.0003629790001014044,97,A01,cross-session,AdaBN
280,32,1,0.0003642249999984415,97,A01,cross-session,AdaBN
281,32,0,0.00036540799999329465,97,A01,cross-session,AdaBN
282,32,0,0.00035998400005610165,97,A01,cross-session,AdaBN
283,32,0,0.00043680199996742886,97,A01,cross-session,AdaBN
284,32,0,0.00036498999998002546,97,A01,cross-session,AdaBN
285,32,1,0.0003660309999986566,97,A01,cross-session,AdaBN
286,32,1,0.0003810960000691921,97,A01,cross-session,AdaBN
287,32,0,0.0003660610000224551,97,A01,cross-session,AdaBN
0,1,0,0.000683643000002121,97,A02,cross-session,AdaBN
1,2,0,0.0006066290000035224,97,A02,cross-session,AdaBN
2,3,0,0.0006157990000019709,97,A02,cross-session,AdaBN
3,4,0,0.000547771999890756,97,A02,cross-session,AdaBN
4,5,0,0.0005289950000815224,97,A02,cross-session,AdaBN
5,6,1,0.0005118799999763723,97,A02,cross-session,AdaBN
6,7,0,0.0005935209999279323,97,A02,cross-session,AdaBN
7,8,1,0.0005939860000125918,97,A02,cross-session,AdaBN
8,9,1,0.0005824830000165093,97,A02,cross-session,AdaBN
9,10,0,0.0005969430000050124,97,A02,cross-session,AdaBN
10,11,0,0.0005632479999349016,97,A02,cross-session,AdaBN
11,12,0,0.000567605000014737,97,A02,cross-session,AdaBN
12,13,0,0.0005950050000365081,97,A02,cross-session,AdaBN
13,14,0,0.0005566319999843472,97,A02,cross-session,AdaBN
14,15,0,0.00042463399995540385,97,A02,cross-session,AdaBN
15,16,0,0.00045121400000880385,97,A02,cross-session,AdaBN
16,17,0,0.00044603900005313335,97,A02,cross-session,AdaBN
17,18,0,0.00045958500004417147,97,A02,cross-session,AdaBN
18,19,1,0.00046275699992293085,97,A02,cross-session,AdaBN
19,20,0,0.0004585120000228926,97,A02,cross-session,AdaBN
20,21,0,0.00045087199998761207,97,A02,cross-session,AdaBN
21,22,0,0.0004292190000114715,97,A02,cross-session,AdaBN
22,23,0,0.00044034300003659155,97,A02,cross-session,AdaBN
23,24,0,0.00043033199995079485,97,A02,cross-session,AdaBN
24,25,1,0.0004376669999146543,97,A02,cross-session,AdaBN
25,26,0,0.00041097200005424384,97,A02,cross-session,AdaBN
26,27,0,0.0004298860000062632,97,A02,cross-session,AdaBN
27,28,1,0.0003896619999750328,97,A02,cross-session,AdaBN
28,29,0,0.0004018120000637282,97,A02,cross-session,AdaBN
29,30,1,0.0003856040000300709,97,A02,cross-session,AdaBN
30,31,0,0.000398592000010467,97,A02,cross-session,AdaBN
31,32,1,0.00037060600004679145,97,A02,cross-session,AdaBN
32,32,0,0.00037061899990931124,97,A02,cross-session,AdaBN
33,32,1,0.00037047000000711705,97,A02,cross-session,AdaBN
34,32,1,0.0003844550000167146,97,A02,cross-session,AdaBN
35,32,0,0.0003849680000485023,97,A02,cross-session,AdaBN
36,32,1,0.00036628899999868736,97,A02,cross-session,AdaBN
37,32,0,0.00037685600000259,97,A02,cross-session,AdaBN
38,32,0,0.0003844800000933901,97,A02,cross-session,AdaBN
39,32,0,0.000369957999964754,97,A02,cross-session,AdaBN
40,32,0,0.0003930000000309519,97,A02,cross-session,AdaBN
41,32,0,0.00036143199997695774,97,A02,cross-session,AdaBN
42,32,1,0.0003701340000361597,97,A02,cross-session,AdaBN
43,32,0,0.000368760000014845,97,A02,cross-session,AdaBN
44,32,0,0.00036016899991864193,97,A02,cross-session,AdaBN
45,32,0,0.00035622300003979035,97,A02,cross-session,AdaBN
46,32,0,0.00040350099993702315,97,A02,cross-session,AdaBN
47,32,0,0.00037711599998146994,97,A02,cross-session,AdaBN
48,32,0,0.0003838549999954921,97,A02,cross-session,AdaBN
49,32,1,0.00039130700008627173,97,A02,cross-session,AdaBN
50,32,0,0.0003952170000047772,97,A02,cross-session,AdaBN
51,32,0,0.0004022089999580203,97,A02,cross-session,AdaBN
52,32,1,0.00039995299994188827,97,A02,cross-session,AdaBN
53,32,0,0.00040630500006955117,97,A02,cross-session,AdaBN
54,32,0,0.0004000679999762724,97,A02,cross-session,AdaBN
55,32,0,0.00039593099995727243,97,A02,cross-session,AdaBN
56,32,1,0.00036199900000610796,97,A02,cross-session,AdaBN
57,32,0,0.00037501299993891735,97,A02,cross-session,AdaBN
58,32,0,0.00036965000003874593,97,A02,cross-session,AdaBN
59,32,0,0.0003804130000162331,97,A02,cross-session,AdaBN
60,32,1,0.00036107400001128553,97,A02,cross-session,AdaBN
61,32,1,0.00036653899996963446,97,A02,cross-session,AdaBN
62,32,0,0.000366030000009232,97,A02,cross-session,AdaBN
63,32,1,0.00036390799994023837,97,A02,cross-session,AdaBN
64,32,1,0.0003721429999359316,97,A02,cross-session,AdaBN
65,32,1,0.00039606400002867304,97,A02,cross-session,AdaBN
66,32,0,0.0003863169999931415,97,A02,cross-session,AdaBN
67,32,1,0.00036223100005372544,97,A02,cross-session,AdaBN
68,32,0,0.00037240500000734755,97,A02,cross-session,AdaBN
69,32,1,0.00037184300003900717,97,A02,cross-session,AdaBN
70,32,1,0.0003695700000889701,97,A02,cross-session,AdaBN
71,32,0,0.00040978200001973164,97,A02,cross-session,AdaBN
72,32,0,0.0003908200000068973,97,A02,cross-session,AdaBN
73,32,0,0.00039168199998584896,97,A02,cross-session,AdaBN
74,32,0,0.000402673999928993,97,A02,cross-session,AdaBN
75,32,0,0.00037804499993399077,97,A02,cross-session,AdaBN
76,32,1,0.0004266199999847231,97,A02,cross-session,AdaBN
77,32,0,0.0003648759999350659,97,A02,cross-session,AdaBN
78,32,0,0.00036210600001140847,97,A02,cross-session,AdaBN
79,32,0,0.0003668560000278376,97,A02,cross-session,AdaBN
80,32,0,0.00039023800002269127,97,A02,cross-session,AdaBN
81,32,0,0.00040277900006913114,97,A02,cross-session,AdaBN
82,32,1,0.00039205200005199003,97,A02,cross-session,AdaBN
83,32,0,0.0003801670000029844,97,A02,cross-session,AdaBN
84,32,0,0.0003534759999865855,97,A02,cross-session,AdaBN
85,32,0,0.0003583520000347562,97,A02,cross-session,AdaBN
86,32,0,0.000413720999972611,97,A02,cross-session,AdaBN
87,32,1,0.00037922399997114553,97,A02,cross-session,AdaBN
88,32,0,0.00036600099997485813,97,A02,cross-session,AdaBN
89,32,0,0.0003669010000066919,97,A02,cross-session,AdaBN
90,32,0,0.0004110419999960868,97,A02,cross-session,AdaBN
91,32,1,0.00036972400005197414,97,A02,cross-session,AdaBN
92,32,0,0.00036013899989484344,97,A02,cross-session,AdaBN
93,32,1,0.0003699810000625803,97,A02,cross-session,AdaBN
94,32,1,0.00036358299996663845,97,A02,cross-session,AdaBN
95,32,0,0.0003735420000339218,97,A02,cross-session,AdaBN
96,32,0,0.00037314700000479206,97,A02,cross-session,AdaBN
97,32,0,0.00036874900001748756,97,A02,cross-session,AdaBN
98,32,1,0.00036949299999378127,97,A02,cross-session,AdaBN
99,32,0,0.00037222399998881883,97,A02,cross-session,AdaBN
100,32,1,0.00039466900000206806,97,A02,cross-session,AdaBN
101,32,0,0.00036727899998822977,97,A02,cross-session,AdaBN
102,32,0,0.00035870600004273,97,A02,cross-session,AdaBN
103,32,0,0.00037521700005527236,97,A02,cross-session,AdaBN
104,32,0,0.000373555999999553,97,A02,cross-session,AdaBN
105,32,0,0.0003730280000127095,97,A02,cross-session,AdaBN
106,32,0,0.0003622540000378649,97,A02,cross-session,AdaBN
107,32,1,0.0003614549999610972,97,A02,cross-session,AdaBN
108,32,0,0.0003645020000249133,97,A02,cross-session,AdaBN
109,32,0,0.00038307599993459007,97,A02,cross-session,AdaBN
110,32,0,0.00035787500007700146,97,A02,cross-session,AdaBN
111,32,0,0.00036079500000596454,97,A02,cross-session,AdaBN
112,32,1,0.00037912799996320246,97,A02,cross-session,AdaBN
113,32,0,0.0003740990000551392,97,A02,cross-session,AdaBN
114,32,0,0.00036726000007547555,97,A02,cross-session,AdaBN
115,32,0,0.000391277999938211,97,A02,cross-session,AdaBN
116,32,0,0.00036403100000370614,97,A02,cross-session,AdaBN
117,32,0,0.0003871999999773834,97,A02,cross-session,AdaBN
118,32,0,0.0003660569999510699,97,A02,cross-session,AdaBN
119,32,0,0.00041642100006811233,97,A02,cross-session,AdaBN
120,32,0,0.0003852800000458956,97,A02,cross-session,AdaBN
121,32,0,0.0003967920000604863,97,A02,cross-session,AdaBN
122,32,0,0.00036818399996718654,97,A02,cross-session,AdaBN
123,32,0,0.0004261120000137453,97,A02,cross-session,AdaBN
124,32,0,0.00040292100004535314,97,A02,cross-session,AdaBN
125,32,0,0.0003656580000779286,97,A02,cross-session,AdaBN
126,32,0,0.0003604999999424763,97,A02,cross-session,AdaBN
127,32,0,0.0003705550000177027,97,A02,cross-session,AdaBN
128,32,0,0.000393387000030998,97,A02,cross-session,AdaBN
129,32,0,0.0004042919999847072,97,A02,cross-session,AdaBN
130,32,0,0.0003818820000560663,97,A02,cross-session,AdaBN
131,32,0,0.00037026300003617507,97,A02,cross-session,AdaBN
132,32,0,0.0003993870000158495,97,A02,cross-session,AdaBN
133,32,1,0.0003602309999450881,97,A02,cross-session,AdaBN
134,32,0,0.00035600900002918934,97,A02,cross-session,AdaBN
135,32,0,0.000362852999955976,97,A02,cross-session,AdaBN
136,32,0,0.00037709099990479444,97,A02,cross-session,AdaBN
137,32,0,0.0003835690000641989,97,A02,cross-session,AdaBN
138,32,0,0.0003919780000387618,97,A02,cross-session,AdaBN
139,32,0,0.0003895440000860617,97,A02,cross-session,AdaBN
140,32,1,0.00037568099992313364,97,A02,cross-session,AdaBN
141,32,1,0.00037796499998421496,97,A02,cross-session,AdaBN
142,32,1,0.0003755060000685262,97,A02,cross-session,AdaBN
143,32,0,0.0003807179999739674,97,A02,cross-session,AdaBN
144,32,0,0.00035173499998109037,97,A02,cross-session,AdaBN
145,32,0,0.00037300600001799467,97,A02,cross-session,AdaBN
146,32,0,0.00037394500009213516,97,A02,cross-session,AdaBN
147,32,0,0.0003739489999361467,97,A02,cross-session,AdaBN
148,32,0,0.000389165999990837,97,A02,cross-session,AdaBN
149,32,0,0.0003812450000850731,97,A02,cross-session,AdaBN
150,32,0,0.0003759359999548906,97,A02,cross-session,AdaBN
151,32,1,0.00035841199996866635,97,A02,cross-session,AdaBN
152,32,0,0.0003569189999552691,97,A02,cross-session,AdaBN
153,32,0,0.00036667500000930886,97,A02,cross-session,AdaBN
154,32,0,0.0003576159999738593,97,A02,cross-session,AdaBN
155,32,1,0.0003574119999711911,97,A02,cross-session,AdaBN
156,32,0,0.0003658740000673788,97,A02,cross-session,AdaBN
157,32,1,0.00036357600004066626,97,A02,cross-session,AdaBN
158,32,0,0.00036157700003514037,97,A02,cross-session,AdaBN
159,32,0,0.0003506230000311916,97,A02,cross-session,AdaBN
160,32,1,0.0003617979999717136,97,A02,cross-session,AdaBN
161,32,0,0.00037191399997027474,97,A02,cross-session,AdaBN
162,32,0,0.0003834599999663624,97,A02,cross-session,AdaBN
163,32,1,0.000358431999984532,97,A02,cross-session,AdaBN
164,32,0,0.0003624590000299577,97,A02,cross-session,AdaBN
165,32,0,0.0003987039999628905,97,A02,cross-session,AdaBN
166,32,1,0.00037082699998336466,97,A02,cross-session,AdaBN
167,32,1,0.0003920469999911802,97,A02,cross-session,AdaBN
168,32,0,0.0003860709999798928,97,A02,cross-session,AdaBN
169,32,1,0.000363697000011598,97,A02,cross-session,AdaBN
170,32,0,0.00035411200008184096,97,A02,cross-session,AdaBN
171,32,1,0.000418072000002212,97,A02,cross-session,AdaBN
172,32,0,0.0003680190000068251,97,A02,cross-session,AdaBN
173,32,0,0.0003676329999962036,97,A02,cross-session,AdaBN
174,32,0,0.000428477000014027,97,A02,cross-session,AdaBN
175,32,0,0.0003826559999424717,97,A02,cross-session,AdaBN
176,32,0,0.0003939010000522103,97,A02,cross-session,AdaBN
177,32,0,0.00038112100003218075,97,A02,cross-session,AdaBN
178,32,0,0.0003616419999161735,97,A02,cross-session,AdaBN
179,32,1,0.0003776610000159053,97,A02,cross-session,AdaBN
180,32,0,0.0003657149999298781,97,A02,cross-session,AdaBN
181,32,0,0.0003749549999838564,97,A02,cross-session,AdaBN
182,32,1,0.0003621800000246367,97,A02,cross-session,AdaBN
183,32,0,0.0003834039999901506,97,A02,cross-session,AdaBN
184,32,1,0.00039167299996734073,97,A02,cross-session,AdaBN
185,32,1,0.000360736000061479,97,A02,cross-session,AdaBN
186,32,0,0.0003872819999060084,97,A02,cross-session,AdaBN
187,32,0,0.00035331699996277166,97,A02,cross-session,AdaBN
188,32,0,0.0003577349999659418,97,A02,cross-session,AdaBN
189,32,1,0.00035862699996869196,97,A02,cross-session,AdaBN
190,32,0,0.00036823099992489006,97,A02,cross-session,AdaBN
191,32,0,0.0003646199999138844,97,A02,cross-session,AdaBN
192,32,0,0.00040334599998459453,97,A02,cross-session,AdaBN
193,32,1,0.0003939740000760139,97,A02,cross-session,AdaBN
194,32,0,0.00037458799999967596,97,A02,cross-session,AdaBN
195,32,0,0.0003631719999930283,97,A02,cross-session,AdaBN
196,32,0,0.0003899250000358734,97,A02,cross-session,AdaBN
197,32,0,0.00036004099990805116,97,A02,cross-session,AdaBN
198,32,0,0.00035537300004762074,97,A02,cross-session,AdaBN
199,32,1,0.00039568800002598437,97,A02,cross-session,AdaBN
200,32,0,0.00036059100000329636,97,A02,cross-session,AdaBN
201,32,1,0.00036724099993534765,97,A02,cross-session,AdaBN
202,32,1,0.00039775899995220243,97,A02,cross-session,AdaBN
203,32,1,0.00039733799997065944,97,A02,cross-session,AdaBN
204,32,0,0.00041133000001991604,97,A02,cross-session,AdaBN
205,32,0,0.0003667189999987386,97,A02,cross-session,AdaBN
206,32,0,0.00035953999997673236,97,A02,cross-session,AdaBN
207,32,0,0.00039248400003089046,97,A02,cross-session,AdaBN
208,32,1,0.0003865289999112065,97,A02,cross-session,AdaBN
209,32,0,0.0003782520000186196,97,A02,cross-session,AdaBN
210,32,1,0.00040454800000588875,97,A02,cross-session,AdaBN
211,32,0,0.00038534600003004016,97,A02,cross-session,AdaBN
212,32,1,0.0004005629999710436,97,A02,cross-session,AdaBN
213,32,0,0.0003554349999603801,97,A02,cross-session,AdaBN
214,32,0,0.00035243100001025596,97,A02,cross-session,AdaBN
215,32,0,0.0003806800000347721,97,A02,cross-session,AdaBN
216,32,0,0.0003841689999717346,97,A02,cross-session,AdaBN
217,32,0,0.0003821409999318348,97,A02,cross-session,AdaBN
218,32,1,0.0003856189999851267,97,A02,cross-session,AdaBN
219,32,1,0.00035514399996827706,97,A02,cross-session,AdaBN
220,32,0,0.00035836600000038743,97,A02,cross-session,AdaBN
221,32,1,0.00037213299992799875,97,A02,cross-session,AdaBN
222,32,0,0.00038011099991308583,97,A02,cross-session,AdaBN
223,32,0,0.0004020819999368541,97,A02,cross-session,AdaBN
224,32,1,0.0003858679999666492,97,A02,cross-session,AdaBN
225,32,0,0.0003837790000034147,97,A02,cross-session,AdaBN
226,32,0,0.00036772900000414666,97,A02,cross-session,AdaBN
227,32,0,0.00037426999995204824,97,A02,cross-session,AdaBN
228,32,0,0.00036192100003518135,97,A02,cross-session,AdaBN
229,32,1,0.0003766109999787659,97,A02,cross-session,AdaBN
230,32,0,0.0003622840000616634,97,A02,cross-session,AdaBN
231,32,1,0.00037336299999424227,97,A02,cross-session,AdaBN
232,32,0,0.00036326899999039597,97,A02,cross-session,AdaBN
233,32,0,0.00037662900001578237,97,A02,cross-session,AdaBN
234,32,1,0.0003947370000787487,97,A02,cross-session,AdaBN
235,32,1,0.00036342700002478523,97,A02,cross-session,AdaBN
236,32,0,0.00037665800005015626,97,A02,cross-session,AdaBN
237,32,0,0.0003643799999508701,97,A02,cross-session,AdaBN
238,32,1,0.000397682999960125,97,A02,cross-session,AdaBN
239,32,0,0.0003808600000638762,97,A02,cross-session,AdaBN
240,32,0,0.00036684600001990475,97,A02,cross-session,AdaBN
241,32,0,0.0003941279999253311,97,A02,cross-session,AdaBN
242,32,0,0.00035725099996852805,97,A02,cross-session,AdaBN
243,32,0,0.0003586539999105298,97,A02,cross-session,AdaBN
244,32,0,0.0003583919999528007,97,A02,cross-session,AdaBN
245,32,0,0.00035837100006119726,97,A02,cross-session,AdaBN
246,32,0,0.00036734899993007275,97,A02,cross-session,AdaBN
247,32,0,0.0003740119999520175,97,A02,cross-session,AdaBN
248,32,0,0.000416660000041702,97,A02,cross-session,AdaBN
249,32,1,0.0003563269999631302,97,A02,cross-session,AdaBN
250,32,0,0.00038748999998006184,97,A02,cross-session,AdaBN
251,32,1,0.00036991199999647506,97,A02,cross-session,AdaBN
252,32,0,0.0003814990000137186,97,A02,cross-session,AdaBN
253,32,1,0.00040992300000652904,97,A02,cross-session,AdaBN
254,32,0,0.0003570549999949435,97,A02,cross-session,AdaBN
255,32,1,0.0003935969999702138,97,A02,cross-session,AdaBN
256,32,0,0.00035946200000580575,97,A02,cross-session,AdaBN
257,32,1,0.00035902800004805613,97,A02,cross-session,AdaBN
258,32,0,0.00039658700006839354,97,A02,cross-session,AdaBN
259,32,0,0.0003747340000472832,97,A02,cross-session,AdaBN
260,32,1,0.0003851939999321985,97,A02,cross-session,AdaBN
261,32,0,0.00038094800004273566,97,A02,cross-session,AdaBN
262,32,0,0.0003883519999590135,97,A02,cross-session,AdaBN
263,32,0,0.00038867800003572484,97,A02,cross-session,AdaBN
264,32,0,0.0003701389999832827,97,A02,cross-session,AdaBN
265,32,0,0.00039344799995433277,97,A02,cross-session,AdaBN
266,32,1,0.00038651499994557525,97,A02,cross-session,AdaBN
267,32,0,0.000364538999974684,97,A02,cross-session,AdaBN
268,32,0,0.000356029000045055,97,A02,cross-session,AdaBN
269,32,0,0.00038674000006722054,97,A02,cross-session,AdaBN
270,32,0,0.00036703399996440567,97,A02,cross-session,AdaBN
271,32,0,0.0004038729999820134,97,A02,cross-session,AdaBN
272,32,0,0.00040398999999524676,97,A02,cross-session,AdaBN
273,32,0,0.0004063770001039302,97,A02,cross-session,AdaBN
274,32,0,0.00037402899999960937,97,A02,cross-session,AdaBN
275,32,0,0.00035696800000550866,97,A02,cross-session,AdaBN
276,32,0,0.00035611300006621605,97,A02,cross-session,AdaBN
277,32,0,0.0004326739999669371,97,A02,cross-session,AdaBN
278,32,0,0.0003785379999499128,97,A02,cross-session,AdaBN
279,32,0,0.0003853260000141745,97,A02,cross-session,AdaBN
280,32,0,0.0003595949999635195,97,A02,cross-session,AdaBN
281,32,1,0.00036353400003008574,97,A02,cross-session,AdaBN
282,32,1,0.00036634900004628435,97,A02,cross-session,AdaBN
283,32,1,0.0004052389999742445,97,A02,cross-session,AdaBN
284,32,0,0.00039139600005455577,97,A02,cross-session,AdaBN
285,32,0,0.00041855499989651435,97,A02,cross-session,AdaBN
286,32,0,0.00039363400003367133,97,A02,cross-session,AdaBN
287,32,1,0.0003726709999227751,97,A02,cross-session,AdaBN
0,1,0,0.0011968379999416356,97,A03,cross-session,AdaBN
1,2,1,0.0011857420000751517,97,A03,cross-session,AdaBN
2,3,0,0.001112798000008297,97,A03,cross-session,AdaBN
3,4,1,0.0010976900000514433,97,A03,cross-session,AdaBN
4,5,0,0.001166459000046416,97,A03,cross-session,AdaBN
5,6,1,0.0010368130000415476,97,A03,cross-session,AdaBN
6,7,1,0.0011056869999492847,97,A03,cross-session,AdaBN
7,8,0,0.0010962909999534531,97,A03,cross-session,AdaBN
8,9,1,0.0010815340000362994,97,A03,cross-session,AdaBN
9,10,0,0.0010740830000486312,97,A03,cross-session,AdaBN
10,11,1,0.0010663780000186307,97,A03,cross-session,AdaBN
11,12,0,0.0011114300000372168,97,A03,cross-session,AdaBN
12,13,1,0.0011219970000411195,97,A03,cross-session,AdaBN
13,14,0,0.0010905729999421965,97,A03,cross-session,AdaBN
14,15,1,0.0013103269999419354,97,A03,cross-session,AdaBN
15,16,1,0.0004684119999183167,97,A03,cross-session,AdaBN
16,17,1,0.0003791709999632076,97,A03,cross-session,AdaBN
17,18,1,0.0003898839999010306,97,A03,cross-session,AdaBN
18,19,0,0.0003946090000681579,97,A03,cross-session,AdaBN
19,20,1,0.0003780189999815775,97,A03,cross-session,AdaBN
20,21,0,0.00042184200003703154,97,A03,cross-session,AdaBN
21,22,1,0.000407020000011471,97,A03,cross-session,AdaBN
22,23,1,0.0003743969999732144,97,A03,cross-session,AdaBN
23,24,1,0.00036837199991168745,97,A03,cross-session,AdaBN
24,25,0,0.0003655609999668741,97,A03,cross-session,AdaBN
25,26,1,0.00038622199997462303,97,A03,cross-session,AdaBN
26,27,1,0.0004053760000033435,97,A03,cross-session,AdaBN
27,28,0,0.00036442900000110967,97,A03,cross-session,AdaBN
28,29,0,0.00039141099989592476,97,A03,cross-session,AdaBN
29,30,0,0.0003942199999755758,97,A03,cross-session,AdaBN
30,31,1,0.0003764109999337961,97,A03,cross-session,AdaBN
31,32,1,0.00036772700002529746,97,A03,cross-session,AdaBN
32,32,1,0.0004258139999819832,97,A03,cross-session,AdaBN
33,32,1,0.0004238970000187692,97,A03,cross-session,AdaBN
34,32,1,0.00040941199995359057,97,A03,cross-session,AdaBN
35,32,1,0.00038942999992741534,97,A03,cross-session,AdaBN
36,32,1,0.00037288400005763833,97,A03,cross-session,AdaBN
37,32,1,0.00037514000007377035,97,A03,cross-session,AdaBN
38,32,1,0.00036059499996099476,97,A03,cross-session,AdaBN
39,32,0,0.0003832259999398957,97,A03,cross-session,AdaBN
40,32,0,0.0003748080000605114,97,A03,cross-session,AdaBN
41,32,1,0.0004024950000030003,97,A03,cross-session,AdaBN
42,32,0,0.0003740990000551392,97,A03,cross-session,AdaBN
43,32,1,0.0003782329999921785,97,A03,cross-session,AdaBN
44,32,1,0.00039372100002310617,97,A03,cross-session,AdaBN
45,32,1,0.0003698860000440618,97,A03,cross-session,AdaBN
46,32,1,0.00037946500003727124,97,A03,cross-session,AdaBN
47,32,1,0.00035570000000006985,97,A03,cross-session,AdaBN
48,32,0,0.0003577989999712372,97,A03,cross-session,AdaBN
49,32,0,0.00036333799994281435,97,A03,cross-session,AdaBN
50,32,1,0.0003677070000094318,97,A03,cross-session,AdaBN
51,32,1,0.0003820949999635559,97,A03,cross-session,AdaBN
52,32,1,0.000354059000073903,97,A03,cross-session,AdaBN
53,32,1,0.00041390000001229055,97,A03,cross-session,AdaBN
54,32,0,0.0003586750000295069,97,A03,cross-session,AdaBN
55,32,1,0.0003595130000348945,97,A03,cross-session,AdaBN
56,32,1,0.00035328399997069937,97,A03,cross-session,AdaBN
57,32,0,0.0003996030000052997,97,A03,cross-session,AdaBN
58,32,1,0.0003602609999688866,97,A03,cross-session,AdaBN
59,32,0,0.0003623679999691376,97,A03,cross-session,AdaBN
60,32,0,0.00037694100001317565,97,A03,cross-session,AdaBN
61,32,1,0.00036821399999098503,97,A03,cross-session,AdaBN
62,32,1,0.00039073199991435104,97,A03,cross-session,AdaBN
63,32,1,0.0003930350000018734,97,A03,cross-session,AdaBN
64,32,1,0.00039403599998877326,97,A03,cross-session,AdaBN
65,32,1,0.0003617730000087249,97,A03,cross-session,AdaBN
66,32,1,0.0003680679999433778,97,A03,cross-session,AdaBN
67,32,1,0.0003666350000912644,97,A03,cross-session,AdaBN
68,32,1,0.00039245799996479036,97,A03,cross-session,AdaBN
69,32,0,0.00035804900005587115,97,A03,cross-session,AdaBN
70,32,1,0.0003907459999936691,97,A03,cross-session,AdaBN
71,32,0,0.00037793100000271806,97,A03,cross-session,AdaBN
72,32,1,0.0003792510000266702,97,A03,cross-session,AdaBN
73,32,1,0.00040010300006088073,97,A03,cross-session,AdaBN
74,32,1,0.00043683100000180275,97,A03,cross-session,AdaBN
75,32,1,0.0003977469999654204,97,A03,cross-session,AdaBN
76,32,1,0.0004111719999855268,97,A03,cross-session,AdaBN
77,32,1,0.0004358200000069701,97,A03,cross-session,AdaBN
78,32,1,0.00037992900001881935,97,A03,cross-session,AdaBN
79,32,1,0.0004144460000361505,97,A03,cross-session,AdaBN
80,32,1,0.0003812899999502406,97,A03,cross-session,AdaBN
81,32,0,0.00037327500001538283,97,A03,cross-session,AdaBN
82,32,0,0.00039991099993130774,97,A03,cross-session,AdaBN
83,32,1,0.00035678799997640454,97,A03,cross-session,AdaBN
84,32,1,0.00040278799997395254,97,A03,cross-session,AdaBN
85,32,0,0.0003899280000041472,97,A03,cross-session,AdaBN
86,32,1,0.0003866600000037579,97,A03,cross-session,AdaBN
87,32,1,0.0003706379999357523,97,A03,cross-session,AdaBN
88,32,1,0.0003977759999997943,97,A03,cross-session,AdaBN
89,32,0,0.0003776120000793526,97,A03,cross-session,AdaBN
90,32,1,0.00039771600006588415,97,A03,cross-session,AdaBN
91,32,0,0.00038999399998829176,97,A03,cross-session,AdaBN
92,32,1,0.00037616000008711126,97,A03,cross-session,AdaBN
93,32,1,0.0003815979999899355,97,A03,cross-session,AdaBN
94,32,0,0.00037306700005501625,97,A03,cross-session,AdaBN
95,32,1,0.00042529500001364795,97,A03,cross-session,AdaBN
96,32,1,0.0003749790000711073,97,A03,cross-session,AdaBN
97,32,1,0.00036493099992185307,97,A03,cross-session,AdaBN
98,32,0,0.00040890699995088653,97,A03,cross-session,AdaBN
99,32,1,0.0003891220000014073,97,A03,cross-session,AdaBN
100,32,1,0.0003773180000052889,97,A03,cross-session,AdaBN
101,32,1,0.0003744589999996606,97,A03,cross-session,AdaBN
102,32,1,0.000381640000000516,97,A03,cross-session,AdaBN
103,32,0,0.0004468040000347173,97,A03,cross-session,AdaBN
104,32,1,0.00038348400005361327,97,A03,cross-session,AdaBN
105,32,1,0.0003626440000061848,97,A03,cross-session,AdaBN
106,32,1,0.0003822329999820795,97,A03,cross-session,AdaBN
107,32,0,0.00037211500000466913,97,A03,cross-session,AdaBN
108,32,0,0.0003569159999869953,97,A03,cross-session,AdaBN
109,32,1,0.00039764600001035433,97,A03,cross-session,AdaBN
110,32,0,0.00043957100001534855,97,A03,cross-session,AdaBN
111,32,1,0.00037688199995500327,97,A03,cross-session,AdaBN
112,32,0,0.0004008640000847663,97,A03,cross-session,AdaBN
113,32,1,0.0004005470000265632,97,A03,cross-session,AdaBN
114,32,1,0.000370737000025656,97,A03,cross-session,AdaBN
115,32,1,0.00036594299990611034,97,A03,cross-session,AdaBN
116,32,1,0.00036068000008526724,97,A03,cross-session,AdaBN
117,32,1,0.00041636000003109075,97,A03,cross-session,AdaBN
118,32,1,0.00039515599996775563,97,A03,cross-session,AdaBN
119,32,0,0.00041964399997596047,97,A03,cross-session,AdaBN
120,32,1,0.0003829479999239993,97,A03,cross-session,AdaBN
121,32,1,0.00036667699998815806,97,A03,cross-session,AdaBN
122,32,0,0.0003596239999978934,97,A03,cross-session,AdaBN
123,32,1,0.0003605719999768553,97,A03,cross-session,AdaBN
124,32,1,0.00035410500004218193,97,A03,cross-session,AdaBN
125,32,1,0.0004414909999468364,97,A03,cross-session,AdaBN
126,32,1,0.0004268569999794636,97,A03,cross-session,AdaBN
127,32,1,0.0003979790000130379,97,A03,cross-session,AdaBN
128,32,0,0.0004014679999500004,97,A03,cross-session,AdaBN
129,32,0,0.000370320999991236,97,A03,cross-session,AdaBN
130,32,1,0.0003570189999209106,97,A03,cross-session,AdaBN
131,32,1,0.0004047240000772945,97,A03,cross-session,AdaBN
132,32,1,0.0004204520000712364,97,A03,cross-session,AdaBN
133,32,1,0.0004122300000517498,97,A03,cross-session,AdaBN
134,32,1,0.00038552499995603284,97,A03,cross-session,AdaBN
135,32,1,0.00039866100007657224,97,A03,cross-session,AdaBN
136,32,1,0.00039993500001855864,97,A03,cross-session,AdaBN
137,32,0,0.0003825350000852268,97,A03,cross-session,AdaBN
138,32,1,0.00036238799998500326,97,A03,cross-session,AdaBN
139,32,1,0.0003670370000463663,97,A03,cross-session,AdaBN
140,32,1,0.0003676080000332149,97,A03,cross-session,AdaBN
141,32,0,0.0004171250000126747,97,A03,cross-session,AdaBN
142,32,1,0.00036944999999377615,97,A03,cross-session,AdaBN
143,32,1,0.0003662940000594972,97,A03,cross-session,AdaBN
144,32,0,0.0004056190000483184,97,A03,cross-session,AdaBN
145,32,0,0.0003873099999509577,97,A03,cross-session,AdaBN
146,32,1,0.0003602820000878637,97,A03,cross-session,AdaBN
147,32,0,0.0003590989999793237,97,A03,cross-session,AdaBN
148,32,1,0.0003658020000329998,97,A03,cross-session,AdaBN
149,32,1,0.00036400299995875685,97,A03,cross-session,AdaBN
150,32,1,0.00042889299993476016,97,A03,cross-session,AdaBN
151,32,1,0.0004004539999868939,97,A03,cross-session,AdaBN
152,32,0,0.00037107799994373636,97,A03,cross-session,AdaBN
153,32,1,0.0003802260000611568,97,A03,cross-session,AdaBN
154,32,1,0.0004089699999667573,97,A03,cross-session,AdaBN
155,32,1,0.00041520000002037705,97,A03,cross-session,AdaBN
156,32,1,0.0004351559999804522,97,A03,cross-session,AdaBN
157,32,1,0.00035446300000785413,97,A03,cross-session,AdaBN
158,32,0,0.00039090699999633216,97,A03,cross-session,AdaBN
159,32,1,0.0003937630000336867,97,A03,cross-session,AdaBN
160,32,1,0.00036880900006508455,97,A03,cross-session,AdaBN
161,32,1,0.00039919100004226493,97,A03,cross-session,AdaBN
162,32,1,0.0004955160000008618,97,A03,cross-session,AdaBN
163,32,1,0.00039238699991983594,97,A03,cross-session,AdaBN
164,32,0,0.00038102500002423767,97,A03,cross-session,AdaBN
165,32,1,0.00036395700010416476,97,A03,cross-session,AdaBN
166,32,1,0.00038205299995297537,97,A03,cross-session,AdaBN
167,32,1,0.00037360099997840734,97,A03,cross-session,AdaBN
168,32,1,0.0003672489999644313,97,A03,cross-session,AdaBN
169,32,1,0.00043606199994883355,97,A03,cross-session,AdaBN
170,32,1,0.00040747000002738787,97,A03,cross-session,AdaBN
171,32,0,0.00036641100007273053,97,A03,cross-session,AdaBN
172,32,1,0.00037096300002303906,97,A03,cross-session,AdaBN
173,32,1,0.0003701419999515565,97,A03,cross-session,AdaBN
174,32,1,0.00035636400002658775,97,A03,cross-session,AdaBN
175,32,1,0.0004115719999617795,97,A03,cross-session,AdaBN
176,32,1,0.0003615279999849008,97,A03,cross-session,AdaBN
177,32,1,0.00039087300001483527,97,A03,cross-session,AdaBN
178,32,1,0.0003672240000014426,97,A03,cross-session,AdaBN
179,32,0,0.00036913999997523206,97,A03,cross-session,AdaBN
180,32,0,0.0003671010000516617,97,A03,cross-session,AdaBN
181,32,1,0.0004015399999843794,97,A03,cross-session,AdaBN
182,32,0,0.00037614199993640796,97,A03,cross-session,AdaBN
183,32,1,0.0003552200000740413,97,A03,cross-session,AdaBN
184,32,1,0.0003631350000432576,97,A03,cross-session,AdaBN
185,32,1,0.00035808699999506644,97,A03,cross-session,AdaBN
186,32,1,0.0003690650000862661,97,A03,cross-session,AdaBN
187,32,1,0.00040902099999584607,97,A03,cross-session,AdaBN
188,32,0,0.0003694029999223858,97,A03,cross-session,AdaBN
189,32,1,0.00037599999996018596,97,A03,cross-session,AdaBN
190,32,1,0.0003856710000036401,97,A03,cross-session,AdaBN
191,32,1,0.0004215459999841187,97,A03,cross-session,AdaBN
192,32,0,0.00036175200000343466,97,A03,cross-session,AdaBN
193,32,1,0.00037054699998861906,97,A03,cross-session,AdaBN
194,32,1,0.00036238500001672946,97,A03,cross-session,AdaBN
195,32,0,0.0004040700000587094,97,A03,cross-session,AdaBN
196,32,0,0.0003701379999938581,97,A03,cross-session,AdaBN
197,32,1,0.0004303769999296492,97,A03,cross-session,AdaBN
198,32,0,0.00039354199998342665,97,A03,cross-session,AdaBN
199,32,1,0.0003905439999698501,97,A03,cross-session,AdaBN
200,32,1,0.00040057000001070264,97,A03,cross-session,AdaBN
201,32,1,0.0003716429999940374,97,A03,cross-session,AdaBN
202,32,1,0.00037198300003637996,97,A03,cross-session,AdaBN
203,32,1,0.0003631089999771575,97,A03,cross-session,AdaBN
204,32,1,0.00036455100007515284,97,A03,cross-session,AdaBN
205,32,1,0.0003682809999645542,97,A03,cross-session,AdaBN
206,32,0,0.00039894799999729,97,A03,cross-session,AdaBN
207,32,1,0.0003926809999938996,97,A03,cross-session,AdaBN
208,32,0,0.0003827909999927215,97,A03,cross-session,AdaBN
209,32,0,0.00037434399996527645,97,A03,cross-session,AdaBN
210,32,1,0.0003695509999488422,97,A03,cross-session,AdaBN
211,32,1,0.00035696700001608406,97,A03,cross-session,AdaBN
212,32,1,0.00036860700004126556,97,A03,cross-session,AdaBN
213,32,1,0.0003631000000723361,97,A03,cross-session,AdaBN
214,32,1,0.00036400599992703064,97,A03,cross-session,AdaBN
215,32,0,0.00036860600005184097,97,A03,cross-session,AdaBN
216,32,1,0.00037757899997359345,97,A03,cross-session,AdaBN
217,32,1,0.0004341660001045966,97,A03,cross-session,AdaBN
218,32,1,0.000380516999939573,97,A03,cross-session,AdaBN
219,32,0,0.00035890499998458836,97,A03,cross-session,AdaBN
220,32,0,0.0003892400000040652,97,A03,cross-session,AdaBN
221,32,1,0.00042076599993379205,97,A03,cross-session,AdaBN
222,32,1,0.0004061500000034357,97,A03,cross-session,AdaBN
223,32,1,0.00042107800004487217,97,A03,cross-session,AdaBN
224,32,0,0.000457181000001583,97,A03,cross-session,AdaBN
225,32,0,0.00038253000002441695,97,A03,cross-session,AdaBN
226,32,1,0.00035619799996311485,97,A03,cross-session,AdaBN
227,32,1,0.00039852700001574703,97,A03,cross-session,AdaBN
228,32,1,0.0003926379999938945,97,A03,cross-session,AdaBN
229,32,0,0.00036624400001983304,97,A03,cross-session,AdaBN
230,32,1,0.0003914440000016839,97,A03,cross-session,AdaBN
231,32,1,0.00037683799996557354,97,A03,cross-session,AdaBN
232,32,1,0.00035992799996620306,97,A03,cross-session,AdaBN
233,32,0,0.00036912200005190243,97,A03,cross-session,AdaBN
234,32,1,0.00036491599996679724,97,A03,cross-session,AdaBN
235,32,1,0.0004434209999999439,97,A03,cross-session,AdaBN
236,32,1,0.00039180900000701513,97,A03,cross-session,AdaBN
237,32,1,0.0003656379999483761,97,A03,cross-session,AdaBN
238,32,1,0.0003854670000009719,97,A03,cross-session,AdaBN
239,32,0,0.0003647869999667819,97,A03,cross-session,AdaBN
240,32,0,0.00037830999997368053,97,A03,cross-session,AdaBN
241,32,1,0.00038376199995582283,97,A03,cross-session,AdaBN
242,32,1,0.00040152799999759736,97,A03,cross-session,AdaBN
243,32,1,0.0004370670000071186,97,A03,cross-session,AdaBN
244,32,1,0.00037043700001504476,97,A03,cross-session,AdaBN
245,32,1,0.0003795180000452092,97,A03,cross-session,AdaBN
246,32,1,0.0003651839999747608,97,A03,cross-session,AdaBN
247,32,1,0.0003794130000187579,97,A03,cross-session,AdaBN
248,32,0,0.00039853199996287003,97,A03,cross-session,AdaBN
249,32,1,0.00036948299998584844,97,A03,cross-session,AdaBN
250,32,1,0.00038259600000856153,97,A03,cross-session,AdaBN
251,32,1,0.0003651060000038342,97,A03,cross-session,AdaBN
252,32,1,0.00036066600000594917,97,A03,cross-session,AdaBN
253,32,1,0.00036368899998251436,97,A03,cross-session,AdaBN
254,32,1,0.0003775739999127836,97,A03,cross-session,AdaBN
255,32,1,0.00035844100000304024,97,A03,cross-session,AdaBN
256,32,1,0.0003569790000028661,97,A03,cross-session,AdaBN
257,32,1,0.0003530710000632098,97,A03,cross-session,AdaBN
258,32,1,0.0004124020000517703,97,A03,cross-session,AdaBN
259,32,1,0.00038038899992898223,97,A03,cross-session,AdaBN
260,32,0,0.00037447600004725246,97,A03,cross-session,AdaBN
261,32,1,0.00038133900000048015,97,A03,cross-session,AdaBN
262,32,1,0.00038570000003801397,97,A03,cross-session,AdaBN
263,32,0,0.0003533889999971507,97,A03,cross-session,AdaBN
264,32,1,0.00038277800001651485,97,A03,cross-session,AdaBN
265,32,1,0.00037093399998866516,97,A03,cross-session,AdaBN
266,32,1,0.0004130400000121881,97,A03,cross-session,AdaBN
267,32,1,0.0004001419999895006,97,A03,cross-session,AdaBN
268,32,1,0.0003959880000365956,97,A03,cross-session,AdaBN
269,32,1,0.0003641520000883247,97,A03,cross-session,AdaBN
270,32,1,0.0003720099999782178,97,A03,cross-session,AdaBN
271,32,1,0.000401613000008183,97,A03,cross-session,AdaBN
272,32,1,0.0003684170000042286,97,A03,cross-session,AdaBN
273,32,1,0.0003581050000320829,97,A03,cross-session,AdaBN
274,32,1,0.00036933900003077724,97,A03,cross-session,AdaBN
275,32,1,0.00035636999996313534,97,A03,cross-session,AdaBN
276,32,1,0.00036152999996375,97,A03,cross-session,AdaBN
277,32,0,0.00041159499994591897,97,A03,cross-session,AdaBN
278,32,1,0.000374109000063072,97,A03,cross-session,AdaBN
279,32,1,0.0004128680000121676,97,A03,cross-session,AdaBN
280,32,1,0.0003763550000712712,97,A03,cross-session,AdaBN
281,32,1,0.00036769600001207436,97,A03,cross-session,AdaBN
282,32,0,0.00038011599997389567,97,A03,cross-session,AdaBN
283,32,0,0.000423123000018677,97,A03,cross-session,AdaBN
284,32,0,0.0003799139999500767,97,A03,cross-session,AdaBN
285,32,0,0.0003790990000425154,97,A03,cross-session,AdaBN
286,32,1,0.00039301100002830935,97,A03,cross-session,AdaBN
287,32,1,0.00039976599998681195,97,A03,cross-session,AdaBN
0,1,1,0.001291538000032233,97,A04,cross-session,AdaBN
1,2,0,0.0011866959999906612,97,A04,cross-session,AdaBN
2,3,1,0.0011376270000482691,97,A04,cross-session,AdaBN
3,4,1,0.001109156999973493,97,A04,cross-session,AdaBN
4,5,1,0.0011442710000437728,97,A04,cross-session,AdaBN
5,6,0,0.0006949840000061158,97,A04,cross-session,AdaBN
6,7,1,0.0005363200000374491,97,A04,cross-session,AdaBN
7,8,0,0.0005635010001014962,97,A04,cross-session,AdaBN
8,9,1,0.00048652999998921587,97,A04,cross-session,AdaBN
9,10,1,0.00048099700006787316,97,A04,cross-session,AdaBN
10,11,1,0.0004386499999782245,97,A04,cross-session,AdaBN
11,12,1,0.0004370269999753873,97,A04,cross-session,AdaBN
12,13,0,0.00044955700002446974,97,A04,cross-session,AdaBN
13,14,0,0.0004485929999873406,97,A04,cross-session,AdaBN
14,15,0,0.0004426890000104322,97,A04,cross-session,AdaBN
15,16,0,0.0004544260000329814,97,A04,cross-session,AdaBN
16,17,0,0.0004419770000367862,97,A04,cross-session,AdaBN
17,18,0,0.0004508389999955398,97,A04,cross-session,AdaBN
18,19,1,0.0004444090000106371,97,A04,cross-session,AdaBN
19,20,0,0.0005383139999821651,97,A04,cross-session,AdaBN
20,21,0,0.000399417000039648,97,A04,cross-session,AdaBN
21,22,0,0.00040708400001676637,97,A04,cross-session,AdaBN
22,23,1,0.0006787470000517715,97,A04,cross-session,AdaBN
23,24,1,0.0006301150000354028,97,A04,cross-session,AdaBN
24,25,1,0.0005899880000015401,97,A04,cross-session,AdaBN
25,26,0,0.0006201339999734046,97,A04,cross-session,AdaBN
26,27,1,0.0005773980000185475,97,A04,cross-session,AdaBN
27,28,0,0.0004201780000130384,97,A04,cross-session,AdaBN
28,29,0,0.00043721700001242425,97,A04,cross-session,AdaBN
29,30,0,0.00041059000000132073,97,A04,cross-session,AdaBN
30,31,0,0.00039762799997333786,97,A04,cross-session,AdaBN
31,32,1,0.000377474000060829,97,A04,cross-session,AdaBN
32,32,1,0.0003897909999750482,97,A04,cross-session,AdaBN
33,32,0,0.0003780740000820515,97,A04,cross-session,AdaBN
34,32,1,0.00043089099995086144,97,A04,cross-session,AdaBN
35,32,1,0.00041928600001028826,97,A04,cross-session,AdaBN
36,32,1,0.00039205200005199003,97,A04,cross-session,AdaBN
37,32,1,0.00039534599989110575,97,A04,cross-session,AdaBN
38,32,0,0.00039769199997863325,97,A04,cross-session,AdaBN
39,32,1,0.00037965299998177215,97,A04,cross-session,AdaBN
40,32,0,0.0003715399999464353,97,A04,cross-session,AdaBN
41,32,1,0.0004074100000934777,97,A04,cross-session,AdaBN
42,32,1,0.0004172659999994721,97,A04,cross-session,AdaBN
43,32,1,0.0003873399999747562,97,A04,cross-session,AdaBN
44,32,1,0.0003856549999454728,97,A04,cross-session,AdaBN
45,32,1,0.00040374499997142266,97,A04,cross-session,AdaBN
46,32,1,0.0004046369999741728,97,A04,cross-session,AdaBN
47,32,1,0.00042519099997662124,97,A04,cross-session,AdaBN
48,32,1,0.00037545999998656043,97,A04,cross-session,AdaBN
49,32,1,0.0003945869999597562,97,A04,cross-session,AdaBN
50,32,0,0.00038326100002450403,97,A04,cross-session,AdaBN
51,32,1,0.0003793199999790886,97,A04,cross-session,AdaBN
52,32,1,0.0003806510000003982,97,A04,cross-session,AdaBN
53,32,0,0.0003860109999322958,97,A04,cross-session,AdaBN
54,32,1,0.00037883000004512724,97,A04,cross-session,AdaBN
55,32,1,0.00037891599993145064,97,A04,cross-session,AdaBN
56,32,0,0.00038851299996167654,97,A04,cross-session,AdaBN
57,32,0,0.0003623389999347637,97,A04,cross-session,AdaBN
58,32,1,0.0003837870000324983,97,A04,cross-session,AdaBN
59,32,0,0.00038414799996644433,97,A04,cross-session,AdaBN
60,32,1,0.00039102900007037533,97,A04,cross-session,AdaBN
61,32,1,0.00041116099998816935,97,A04,cross-session,AdaBN
62,32,0,0.0004102970000303685,97,A04,cross-session,AdaBN
63,32,1,0.0003818499999397318,97,A04,cross-session,AdaBN
64,32,0,0.00040800299996135436,97,A04,cross-session,AdaBN
65,32,1,0.0003933069999675354,97,A04,cross-session,AdaBN
66,32,1,0.0004173270000364937,97,A04,cross-session,AdaBN
67,32,0,0.0003738739999334939,97,A04,cross-session,AdaBN
68,32,1,0.0006552859999828797,97,A04,cross-session,AdaBN
69,32,1,0.00044280200006596715,97,A04,cross-session,AdaBN
70,32,1,0.00036442700002226047,97,A04,cross-session,AdaBN
71,32,1,0.0003778029999921273,97,A04,cross-session,AdaBN
72,32,1,0.0003735799999731171,97,A04,cross-session,AdaBN
73,32,0,0.00037525000004734466,97,A04,cross-session,AdaBN
74,32,1,0.0003546640000422485,97,A04,cross-session,AdaBN
75,32,0,0.0003852339999639298,97,A04,cross-session,AdaBN
76,32,1,0.0003718899999967107,97,A04,cross-session,AdaBN
77,32,1,0.00039009099998565944,97,A04,cross-session,AdaBN
78,32,1,0.00037494299999707437,97,A04,cross-session,AdaBN
79,32,1,0.0003603930000508626,97,A04,cross-session,AdaBN
80,32,1,0.00036505599996417004,97,A04,cross-session,AdaBN
81,32,0,0.0003638450000380544,97,A04,cross-session,AdaBN
82,32,0,0.00036120099991876486,97,A04,cross-session,AdaBN
83,32,0,0.00035893500000838685,97,A04,cross-session,AdaBN
84,32,1,0.0003592889999026738,97,A04,cross-session,AdaBN
85,32,1,0.0003550249999761945,97,A04,cross-session,AdaBN
86,32,1,0.0003687640000862302,97,A04,cross-session,AdaBN
87,32,0,0.0003600829999186317,97,A04,cross-session,AdaBN
88,32,1,0.0003575050000108604,97,A04,cross-session,AdaBN
89,32,1,0.0003601199999820892,97,A04,cross-session,AdaBN
90,32,1,0.0003916349999144586,97,A04,cross-session,AdaBN
91,32,0,0.00037118199998076307,97,A04,cross-session,AdaBN
92,32,0,0.00035488900005020696,97,A04,cross-session,AdaBN
93,32,1,0.0003574769999659111,97,A04,cross-session,AdaBN
94,32,0,0.0003586590000850265,97,A04,cross-session,AdaBN
95,32,0,0.0003549120000343464,97,A04,cross-session,AdaBN
96,32,0,0.0003617300000087198,97,A04,cross-session,AdaBN
97,32,1,0.00035897999998724117,97,A04,cross-session,AdaBN
98,32,1,0.0003857860000380242,97,A04,cross-session,AdaBN
99,32,0,0.0003714819999913743,97,A04,cross-session,AdaBN
100,32,1,0.0003985460000421881,97,A04,cross-session,AdaBN
101,32,1,0.0003785459999789964,97,A04,cross-session,AdaBN
102,32,0,0.0003642689999878712,97,A04,cross-session,AdaBN
103,32,1,0.0003697360000387562,97,A04,cross-session,AdaBN
104,32,1,0.0003861019999931159,97,A04,cross-session,AdaBN
105,32,0,0.00036199800001668336,97,A04,cross-session,AdaBN
106,32,1,0.0003602499999715292,97,A04,cross-session,AdaBN
107,32,0,0.00035989100001643237,97,A04,cross-session,AdaBN
108,32,1,0.0003901589999486532,97,A04,cross-session,AdaBN
109,32,0,0.0003651589998980853,97,A04,cross-session,AdaBN
110,32,0,0.0003632130000141842,97,A04,cross-session,AdaBN
111,32,0,0.00039370900003632414,97,A04,cross-session,AdaBN
112,32,0,0.00036624999995638063,97,A04,cross-session,AdaBN
113,32,1,0.0003570259999605696,97,A04,cross-session,AdaBN
114,32,0,0.0003901420000147482,97,A04,cross-session,AdaBN
115,32,1,0.00035794500001884444,97,A04,cross-session,AdaBN
116,32,0,0.0003600850000111677,97,A04,cross-session,AdaBN
117,32,0,0.0003748869999071758,97,A04,cross-session,AdaBN
118,32,1,0.0003698450000229059,97,A04,cross-session,AdaBN
119,32,0,0.000362018000032549,97,A04,cross-session,AdaBN
120,32,0,0.00036067499991077057,97,A04,cross-session,AdaBN
121,32,1,0.0003831860000218512,97,A04,cross-session,AdaBN
122,32,0,0.00035732099991037103,97,A04,cross-session,AdaBN
123,32,1,0.0003900379999777215,97,A04,cross-session,AdaBN
124,32,0,0.0003611980000641779,97,A04,cross-session,AdaBN
125,32,0,0.0003792869999870163,97,A04,cross-session,AdaBN
126,32,1,0.000362710999979754,97,A04,cross-session,AdaBN
127,32,0,0.00037209399999937887,97,A04,cross-session,AdaBN
128,32,1,0.0003764690000025439,97,A04,cross-session,AdaBN
129,32,0,0.00037237300000469986,97,A04,cross-session,AdaBN
130,32,0,0.00037919499993677164,97,A04,cross-session,AdaBN
131,32,0,0.00038987200002793543,97,A04,cross-session,AdaBN
132,32,0,0.00037501299993891735,97,A04,cross-session,AdaBN
133,32,1,0.0003631759999507267,97,A04,cross-session,AdaBN
134,32,1,0.00036593300001186435,97,A04,cross-session,AdaBN
135,32,1,0.000404694000053496,97,A04,cross-session,AdaBN
136,32,1,0.00035899400006655924,97,A04,cross-session,AdaBN
137,32,0,0.00035924799999520474,97,A04,cross-session,AdaBN
138,32,1,0.0004007240000873935,97,A04,cross-session,AdaBN
139,32,1,0.0003976499999680527,97,A04,cross-session,AdaBN
140,32,1,0.00038312100002713123,97,A04,cross-session,AdaBN
141,32,1,0.00038268899993454397,97,A04,cross-session,AdaBN
142,32,0,0.0003616830000510163,97,A04,cross-session,AdaBN
143,32,0,0.0003563540000186549,97,A04,cross-session,AdaBN
144,32,1,0.00035541800002647506,97,A04,cross-session,AdaBN
145,32,1,0.00035542000000532425,97,A04,cross-session,AdaBN
146,32,1,0.0003793849999738086,97,A04,cross-session,AdaBN
147,32,0,0.00039407199994911934,97,A04,cross-session,AdaBN
148,32,0,0.0003708640000468222,97,A04,cross-session,AdaBN
149,32,0,0.00036509099993509153,97,A04,cross-session,AdaBN
150,32,0,0.0003518180000128268,97,A04,cross-session,AdaBN
151,32,1,0.0003620249999585212,97,A04,cross-session,AdaBN
152,32,0,0.00035749200003465376,97,A04,cross-session,AdaBN
153,32,0,0.0003647229999614865,97,A04,cross-session,AdaBN
154,32,1,0.00035652099995786557,97,A04,cross-session,AdaBN
155,32,1,0.00036380299991378706,97,A04,cross-session,AdaBN
156,32,0,0.00035960899992915074,97,A04,cross-session,AdaBN
157,32,0,0.00039089699998839933,97,A04,cross-session,AdaBN
158,32,1,0.00035608799998954055,97,A04,cross-session,AdaBN
159,32,1,0.0003571959999817409,97,A04,cross-session,AdaBN
160,32,0,0.0004309010000724811,97,A04,cross-session,AdaBN
161,32,0,0.00035980100005872373,97,A04,cross-session,AdaBN
162,32,0,0.00036961800003609824,97,A04,cross-session,AdaBN
163,32,1,0.0003656330000012531,97,A04,cross-session,AdaBN
164,32,1,0.0003915120000783645,97,A04,cross-session,AdaBN
165,32,1,0.00037370699999428325,97,A04,cross-session,AdaBN
166,32,0,0.0004062519999479264,97,A04,cross-session,AdaBN
167,32,1,0.0003846329999532827,97,A04,cross-session,AdaBN
168,32,1,0.00036314900000888883,97,A04,cross-session,AdaBN
169,32,1,0.00037108599997282,97,A04,cross-session,AdaBN
170,32,0,0.00035989399998470617,97,A04,cross-session,AdaBN
171,32,0,0.00035935300002165604,97,A04,cross-session,AdaBN
172,32,0,0.00038169100002960477,97,A04,cross-session,AdaBN
173,32,1,0.0003936919999887323,97,A04,cross-session,AdaBN
174,32,0,0.0003806050000321193,97,A04,cross-session,AdaBN
175,32,0,0.000380790999997771,97,A04,cross-session,AdaBN
176,32,0,0.0003600789999609333,97,A04,cross-session,AdaBN
177,32,0,0.00042065000002367015,97,A04,cross-session,AdaBN
178,32,0,0.0003811440000163202,97,A04,cross-session,AdaBN
179,32,1,0.00040372500006924383,97,A04,cross-session,AdaBN
180,32,0,0.00037739200001851714,97,A04,cross-session,AdaBN
181,32,1,0.0004016559998945013,97,A04,cross-session,AdaBN
182,32,0,0.00038011300000562187,97,A04,cross-session,AdaBN
183,32,0,0.000399287000050208,97,A04,cross-session,AdaBN
184,32,0,0.00037120399997547793,97,A04,cross-session,AdaBN
185,32,1,0.00037550799993368855,97,A04,cross-session,AdaBN
186,32,0,0.000367081000035796,97,A04,cross-session,AdaBN
187,32,1,0.0003713739999966492,97,A04,cross-session,AdaBN
188,32,1,0.0003583470000876332,97,A04,cross-session,AdaBN
189,32,1,0.00036052999996627477,97,A04,cross-session,AdaBN
190,32,0,0.0003702469999780078,97,A04,cross-session,AdaBN
191,32,0,0.00037377599994670163,97,A04,cross-session,AdaBN
192,32,0,0.00038193800003227807,97,A04,cross-session,AdaBN
193,32,1,0.0003997159999471478,97,A04,cross-session,AdaBN
194,32,0,0.00036193399989770114,97,A04,cross-session,AdaBN
195,32,1,0.0003665529999352657,97,A04,cross-session,AdaBN
196,32,0,0.0003904659999989235,97,A04,cross-session,AdaBN
197,32,0,0.0003888810000489684,97,A04,cross-session,AdaBN
198,32,0,0.00040085499995257123,97,A04,cross-session,AdaBN
199,32,0,0.0003718680000019958,97,A04,cross-session,AdaBN
200,32,0,0.0003596090000428376,97,A04,cross-session,AdaBN
201,32,1,0.00037146099998608406,97,A04,cross-session,AdaBN
202,32,1,0.00037375099998371297,97,A04,cross-session,AdaBN
203,32,0,0.00041049699996165145,97,A04,cross-session,AdaBN
204,32,0,0.00039205600000968843,97,A04,cross-session,AdaBN
205,32,1,0.00042061900001044705,97,A04,cross-session,AdaBN
206,32,1,0.0003875149999430505,97,A04,cross-session,AdaBN
207,32,0,0.00037049500008379255,97,A04,cross-session,AdaBN
208,32,1,0.00038157100004809763,97,A04,cross-session,AdaBN
209,32,1,0.0003953840000576747,97,A04,cross-session,AdaBN
210,32,0,0.00036189899992677965,97,A04,cross-session,AdaBN
211,32,1,0.00038351000000602653,97,A04,cross-session,AdaBN
212,32,1,0.0003877139999985957,97,A04,cross-session,AdaBN
213,32,1,0.00038515700009611464,97,A04,cross-session,AdaBN
214,32,0,0.00038084799996340735,97,A04,cross-session,AdaBN
215,32,1,0.00035626999999749387,97,A04,cross-session,AdaBN
216,32,1,0.00038383300000077725,97,A04,cross-session,AdaBN
217,32,0,0.0003645030000143379,97,A04,cross-session,AdaBN
218,32,1,0.00037897400000019843,97,A04,cross-session,AdaBN
219,32,1,0.00035903400009829056,97,A04,cross-session,AdaBN
220,32,1,0.0003575040000214358,97,A04,cross-session,AdaBN
221,32,0,0.0003717450000522149,97,A04,cross-session,AdaBN
222,32,1,0.00039670000001024164,97,A04,cross-session,AdaBN
223,32,0,0.00037078100001508574,97,A04,cross-session,AdaBN
224,32,1,0.00039051800001743686,97,A04,cross-session,AdaBN
225,32,1,0.0003636940000433242,97,A04,cross-session,AdaBN
226,32,0,0.0003603989999874102,97,A04,cross-session,AdaBN
227,32,1,0.00038790300004620804,97,A04,cross-session,AdaBN
228,32,1,0.00038890199994057184,97,A04,cross-session,AdaBN
229,32,1,0.0003799310001113554,97,A04,cross-session,AdaBN
230,32,1,0.00040155200008484826,97,A04,cross-session,AdaBN
231,32,0,0.0003617009999743459,97,A04,cross-session,AdaBN
232,32,1,0.0003550830000449423,97,A04,cross-session,AdaBN
233,32,1,0.0003685890000042491,97,A04,cross-session,AdaBN
234,32,1,0.00037998299990249507,97,A04,cross-session,AdaBN
235,32,0,0.0003798019999976532,97,A04,cross-session,AdaBN
236,32,1,0.00038566199998513184,97,A04,cross-session,AdaBN
237,32,0,0.0004065320000563588,97,A04,cross-session,AdaBN
238,32,1,0.00039954800001851254,97,A04,cross-session,AdaBN
239,32,1,0.0003823620000957817,97,A04,cross-session,AdaBN
240,32,0,0.0003901889999724517,97,A04,cross-session,AdaBN
241,32,0,0.000371583999935865,97,A04,cross-session,AdaBN
242,32,0,0.0003643449999799486,97,A04,cross-session,AdaBN
243,32,0,0.00037459199995737436,97,A04,cross-session,AdaBN
244,32,0,0.0003701129999171826,97,A04,cross-session,AdaBN
245,32,1,0.00035728000000290194,97,A04,cross-session,AdaBN
246,32,1,0.00037737799993919907,97,A04,cross-session,AdaBN
247,32,0,0.000391698999919754,97,A04,cross-session,AdaBN
248,32,0,0.0004444730000159325,97,A04,cross-session,AdaBN
249,32,0,0.0004402299999810566,97,A04,cross-session,AdaBN
250,32,0,0.00043859699997028656,97,A04,cross-session,AdaBN
251,32,0,0.00039722500002881134,97,A04,cross-session,AdaBN
252,32,0,0.0003696730000228854,97,A04,cross-session,AdaBN
253,32,0,0.00037110699997811025,97,A04,cross-session,AdaBN
254,32,0,0.00037208399999144603,97,A04,cross-session,AdaBN
255,32,0,0.00036224500001935667,97,A04,cross-session,AdaBN
256,32,1,0.0003594360000533925,97,A04,cross-session,AdaBN
257,32,0,0.00035479099994972785,97,A04,cross-session,AdaBN
258,32,1,0.0003689349999831393,97,A04,cross-session,AdaBN
259,32,1,0.00036167500002193265,97,A04,cross-session,AdaBN
260,32,0,0.0003725339998936761,97,A04,cross-session,AdaBN
261,32,1,0.00036043400007201853,97,A04,cross-session,AdaBN
262,32,1,0.00036031199999797536,97,A04,cross-session,AdaBN
263,32,0,0.0003902859999698194,97,A04,cross-session,AdaBN
264,32,1,0.0003650060000381927,97,A04,cross-session,AdaBN
265,32,0,0.0003867549999085895,97,A04,cross-session,AdaBN
266,32,1,0.00036304400009612436,97,A04,cross-session,AdaBN
267,32,1,0.00036385700002483645,97,A04,cross-session,AdaBN
268,32,1,0.00037357099995460885,97,A04,cross-session,AdaBN
269,32,0,0.0003949599999941711,97,A04,cross-session,AdaBN
270,32,0,0.0003868080000302143,97,A04,cross-session,AdaBN
271,32,1,0.00036748100001204875,97,A04,cross-session,AdaBN
272,32,0,0.0003533540000262292,97,A04,cross-session,AdaBN
273,32,1,0.0003584009999713089,97,A04,cross-session,AdaBN
274,32,0,0.00039206500002819666,97,A04,cross-session,AdaBN
275,32,0,0.0003627090000009048,97,A04,cross-session,AdaBN
276,32,0,0.00038865900000928377,97,A04,cross-session,AdaBN
277,32,1,0.0003801240000029793,97,A04,cross-session,AdaBN
278,32,0,0.00035640399994463223,97,A04,cross-session,AdaBN
279,32,1,0.00036688399995910004,97,A04,cross-session,AdaBN
280,32,1,0.0004008749999684369,97,A04,cross-session,AdaBN
281,32,1,0.0003998440000714254,97,A04,cross-session,AdaBN
282,32,0,0.00043377399993005383,97,A04,cross-session,AdaBN
283,32,0,0.00038338899992140796,97,A04,cross-session,AdaBN
284,32,0,0.00036755899998297537,97,A04,cross-session,AdaBN
285,32,0,0.0003511419999995269,97,A04,cross-session,AdaBN
286,32,1,0.0003717619999861199,97,A04,cross-session,AdaBN
287,32,1,0.0003877569999986008,97,A04,cross-session,AdaBN
0,1,1,0.0006804509999938091,97,A05,cross-session,AdaBN
1,2,0,0.0005974770000420904,97,A05,cross-session,AdaBN
2,3,1,0.0005986490000395861,97,A05,cross-session,AdaBN
3,4,1,0.0005352230000426061,97,A05,cross-session,AdaBN
4,5,0,0.0005204860000276312,97,A05,cross-session,AdaBN
5,6,0,0.0005170729999690593,97,A05,cross-session,AdaBN
6,7,0,0.0006010470000319401,97,A05,cross-session,AdaBN
7,8,0,0.0006109579999247217,97,A05,cross-session,AdaBN
8,9,1,0.0006016020000743083,97,A05,cross-session,AdaBN
9,10,0,0.0006036149999317786,97,A05,cross-session,AdaBN
10,11,1,0.0005798770000637887,97,A05,cross-session,AdaBN
11,12,0,0.0005747490000658217,97,A05,cross-session,AdaBN
12,13,0,0.0005458240000280057,97,A05,cross-session,AdaBN
13,14,0,0.0005551159999868105,97,A05,cross-session,AdaBN
14,15,1,0.0004059049999796116,97,A05,cross-session,AdaBN
15,16,0,0.0004230329999472815,97,A05,cross-session,AdaBN
16,17,0,0.0004303460000301129,97,A05,cross-session,AdaBN
17,18,0,0.0004623080000101254,97,A05,cross-session,AdaBN
18,19,0,0.00044051400004718744,97,A05,cross-session,AdaBN
19,20,0,0.00044260999993639416,97,A05,cross-session,AdaBN
20,21,1,0.0004889819999789324,97,A05,cross-session,AdaBN
21,22,1,0.00042375199996058655,97,A05,cross-session,AdaBN
22,23,0,0.00041950299998916307,97,A05,cross-session,AdaBN
23,24,1,0.0004284959999267812,97,A05,cross-session,AdaBN
24,25,0,0.00042673500001910725,97,A05,cross-session,AdaBN
25,26,0,0.0004549520000409757,97,A05,cross-session,AdaBN
26,27,0,0.0003818730000375581,97,A05,cross-session,AdaBN
27,28,0,0.00040781600000627805,97,A05,cross-session,AdaBN
28,29,0,0.00039923100007399626,97,A05,cross-session,AdaBN
29,30,0,0.0004347069999539599,97,A05,cross-session,AdaBN
30,31,0,0.00040258199999243516,97,A05,cross-session,AdaBN
31,32,0,0.00040138500003195077,97,A05,cross-session,AdaBN
32,32,0,0.0003995079999867812,97,A05,cross-session,AdaBN
33,32,1,0.0004663569999365791,97,A05,cross-session,AdaBN
34,32,1,0.0004262639999979001,97,A05,cross-session,AdaBN
35,32,0,0.000392473000033533,97,A05,cross-session,AdaBN
36,32,0,0.00042645600001378625,97,A05,cross-session,AdaBN
37,32,1,0.00039437899999938963,97,A05,cross-session,AdaBN
38,32,0,0.00037443100006839813,97,A05,cross-session,AdaBN
39,32,0,0.0003865229999746589,97,A05,cross-session,AdaBN
40,32,0,0.0003786160000345262,97,A05,cross-session,AdaBN
41,32,0,0.0003724949999650562,97,A05,cross-session,AdaBN
42,32,0,0.0003731570000127249,97,A05,cross-session,AdaBN
43,32,0,0.0004058240000404112,97,A05,cross-session,AdaBN
44,32,1,0.0003683769999724973,97,A05,cross-session,AdaBN
45,32,1,0.00036820600007558824,97,A05,cross-session,AdaBN
46,32,0,0.0003580149999606874,97,A05,cross-session,AdaBN
47,32,1,0.00036189299999023206,97,A05,cross-session,AdaBN
48,32,0,0.0003628309999612611,97,A05,cross-session,AdaBN
49,32,0,0.0003565609999895969,97,A05,cross-session,AdaBN
50,32,1,0.0003682010000147784,97,A05,cross-session,AdaBN
51,32,0,0.00038749899999857007,97,A05,cross-session,AdaBN
52,32,1,0.00038076900000305614,97,A05,cross-session,AdaBN
53,32,1,0.0003599440000243703,97,A05,cross-session,AdaBN
54,32,1,0.0003725589999703516,97,A05,cross-session,AdaBN
55,32,1,0.0003729830000338552,97,A05,cross-session,AdaBN
56,32,0,0.0003703830000176822,97,A05,cross-session,AdaBN
57,32,0,0.0003645209999376675,97,A05,cross-session,AdaBN
58,32,1,0.0003926360000150453,97,A05,cross-session,AdaBN
59,32,0,0.0003618149999056186,97,A05,cross-session,AdaBN
60,32,0,0.00035425300006863836,97,A05,cross-session,AdaBN
61,32,0,0.000410255000019788,97,A05,cross-session,AdaBN
62,32,1,0.00038826899992727704,97,A05,cross-session,AdaBN
63,32,0,0.00035439700002370955,97,A05,cross-session,AdaBN
64,32,0,0.0003945010000734328,97,A05,cross-session,AdaBN
65,32,0,0.00038856900005157513,97,A05,cross-session,AdaBN
66,32,0,0.0003685120000227471,97,A05,cross-session,AdaBN
67,32,1,0.0003781220000291796,97,A05,cross-session,AdaBN
68,32,0,0.00037738900005024334,97,A05,cross-session,AdaBN
69,32,1,0.0003808820000585911,97,A05,cross-session,AdaBN
70,32,0,0.00043559100004131324,97,A05,cross-session,AdaBN
71,32,0,0.0003696380000519639,97,A05,cross-session,AdaBN
72,32,1,0.0003796969999712019,97,A05,cross-session,AdaBN
73,32,1,0.00038443000005372596,97,A05,cross-session,AdaBN
74,32,0,0.00038056500000038795,97,A05,cross-session,AdaBN
75,32,1,0.0003747819999944113,97,A05,cross-session,AdaBN
76,32,0,0.00040282099996602483,97,A05,cross-session,AdaBN
77,32,1,0.00038179800003490527,97,A05,cross-session,AdaBN
78,32,0,0.00036766899995654967,97,A05,cross-session,AdaBN
79,32,0,0.00037145500004953647,97,A05,cross-session,AdaBN
80,32,1,0.00038443899995854736,97,A05,cross-session,AdaBN
81,32,0,0.0003621839999823351,97,A05,cross-session,AdaBN
82,32,1,0.00036565200002769416,97,A05,cross-session,AdaBN
83,32,0,0.00042536299997664173,97,A05,cross-session,AdaBN
84,32,0,0.000394787000004726,97,A05,cross-session,AdaBN
85,32,0,0.0003943069999650106,97,A05,cross-session,AdaBN
86,32,1,0.0004121009999380476,97,A05,cross-session,AdaBN
87,32,1,0.0003759119999813265,97,A05,cross-session,AdaBN
88,32,0,0.000367987999993602,97,A05,cross-session,AdaBN
89,32,0,0.0003655630000594101,97,A05,cross-session,AdaBN
90,32,0,0.0003667959999802406,97,A05,cross-session,AdaBN
91,32,0,0.0003750359999230568,97,A05,cross-session,AdaBN
92,32,0,0.0003950049999730254,97,A05,cross-session,AdaBN
93,32,0,0.00036579000004621776,97,A05,cross-session,AdaBN
94,32,0,0.0003701630000705336,97,A05,cross-session,AdaBN
95,32,0,0.0003641319999587722,97,A05,cross-session,AdaBN
96,32,0,0.0003564869999763687,97,A05,cross-session,AdaBN
97,32,0,0.0003734040000153982,97,A05,cross-session,AdaBN
98,32,0,0.0003617799999346971,97,A05,cross-session,AdaBN
99,32,1,0.00035770500005583017,97,A05,cross-session,AdaBN
100,32,0,0.00037138100003630825,97,A05,cross-session,AdaBN
101,32,1,0.00039168000000699976,97,A05,cross-session,AdaBN
102,32,0,0.0003812810000454192,97,A05,cross-session,AdaBN
103,32,0,0.0003827580000006492,97,A05,cross-session,AdaBN
104,32,0,0.0003800540000611363,97,A05,cross-session,AdaBN
105,32,0,0.00037689300006604753,97,A05,cross-session,AdaBN
106,32,0,0.00036804100000153994,97,A05,cross-session,AdaBN
107,32,1,0.00036516799991659354,97,A05,cross-session,AdaBN
108,32,1,0.0003723810000337835,97,A05,cross-session,AdaBN
109,32,0,0.00039231100004144537,97,A05,cross-session,AdaBN
110,32,1,0.00040648300000611925,97,A05,cross-session,AdaBN
111,32,1,0.0003910630000518722,97,A05,cross-session,AdaBN
112,32,0,0.0003979250000156753,97,A05,cross-session,AdaBN
113,32,0,0.00036347200000363955,97,A05,cross-session,AdaBN
114,32,1,0.00035739699990244844,97,A05,cross-session,AdaBN
115,32,0,0.00038720999998531624,97,A05,cross-session,AdaBN
116,32,1,0.00039716399999178975,97,A05,cross-session,AdaBN
117,32,1,0.0003674560000490601,97,A05,cross-session,AdaBN
118,32,0,0.0003891569999723288,97,A05,cross-session,AdaBN
119,32,1,0.00037135000002308516,97,A05,cross-session,AdaBN
120,32,0,0.0003659730000435957,97,A05,cross-session,AdaBN
121,32,0,0.0003695999999990818,97,A05,cross-session,AdaBN
122,32,0,0.00037738900005024334,97,A05,cross-session,AdaBN
123,32,0,0.0003856559999348974,97,A05,cross-session,AdaBN
124,32,0,0.0003714960000706924,97,A05,cross-session,AdaBN
125,32,1,0.0003714780000336759,97,A05,cross-session,AdaBN
126,32,0,0.0003733050000391813,97,A05,cross-session,AdaBN
127,32,0,0.00038352000001395936,97,A05,cross-session,AdaBN
128,32,1,0.0004184550000445597,97,A05,cross-session,AdaBN
129,32,0,0.0003804699999818695,97,A05,cross-session,AdaBN
130,32,0,0.00036269999998239655,97,A05,cross-session,AdaBN
131,32,1,0.00035553099996832316,97,A05,cross-session,AdaBN
132,32,1,0.00037025599999651604,97,A05,cross-session,AdaBN
133,32,0,0.00035941700002695143,97,A05,cross-session,AdaBN
134,32,0,0.0003778689999762719,97,A05,cross-session,AdaBN
135,32,1,0.00039487599997301004,97,A05,cross-session,AdaBN
136,32,0,0.0003995240000449485,97,A05,cross-session,AdaBN
137,32,0,0.0003798760000108814,97,A05,cross-session,AdaBN
138,32,1,0.0003687299999910465,97,A05,cross-session,AdaBN
139,32,0,0.0003870390000884072,97,A05,cross-session,AdaBN
140,32,0,0.00037173400005485746,97,A05,cross-session,AdaBN
141,32,0,0.00036522200002764293,97,A05,cross-session,AdaBN
142,32,0,0.0003842779999558843,97,A05,cross-session,AdaBN
143,32,1,0.0003715720000627698,97,A05,cross-session,AdaBN
144,32,1,0.0003594190000058006,97,A05,cross-session,AdaBN
145,32,0,0.0004054510000059963,97,A05,cross-session,AdaBN
146,32,0,0.000387188999980026,97,A05,cross-session,AdaBN
147,32,0,0.0004022350000241204,97,A05,cross-session,AdaBN
148,32,0,0.0004394090000232609,97,A05,cross-session,AdaBN
149,32,0,0.0004057259999399321,97,A05,cross-session,AdaBN
150,32,0,0.0003551490000290869,97,A05,cross-session,AdaBN
151,32,0,0.00037156899998080917,97,A05,cross-session,AdaBN
152,32,0,0.00037905499993939884,97,A05,cross-session,AdaBN
153,32,1,0.0004069949999347955,97,A05,cross-session,AdaBN
154,32,1,0.0003669730000410709,97,A05,cross-session,AdaBN
155,32,0,0.0003853709999930288,97,A05,cross-session,AdaBN
156,32,0,0.0003731170000946804,97,A05,cross-session,AdaBN
157,32,0,0.00039140100000167877,97,A05,cross-session,AdaBN
158,32,0,0.0003600759999926595,97,A05,cross-session,AdaBN
159,32,0,0.0003867749999244552,97,A05,cross-session,AdaBN
160,32,0,0.0003965849999758575,97,A05,cross-session,AdaBN
161,32,1,0.00035952400003225193,97,A05,cross-session,AdaBN
162,32,0,0.0003797760000452399,97,A05,cross-session,AdaBN
163,32,0,0.0003694290001021727,97,A05,cross-session,AdaBN
164,32,0,0.00036743800001204363,97,A05,cross-session,AdaBN
165,32,0,0.00038027699997655873,97,A05,cross-session,AdaBN
166,32,1,0.0004087410000011005,97,A05,cross-session,AdaBN
167,32,0,0.00038791400004356547,97,A05,cross-session,AdaBN
168,32,0,0.0003699320000123407,97,A05,cross-session,AdaBN
169,32,0,0.0003541679999443659,97,A05,cross-session,AdaBN
170,32,0,0.00035724700001082965,97,A05,cross-session,AdaBN
171,32,0,0.0003743510000049355,97,A05,cross-session,AdaBN
172,32,0,0.00039061600000422914,97,A05,cross-session,AdaBN
173,32,1,0.00042354000004252157,97,A05,cross-session,AdaBN
174,32,1,0.00040974500006996095,97,A05,cross-session,AdaBN
175,32,1,0.00036908800007040554,97,A05,cross-session,AdaBN
176,32,0,0.000357869000026767,97,A05,cross-session,AdaBN
177,32,0,0.00040624299992941815,97,A05,cross-session,AdaBN
178,32,1,0.000366571000085969,97,A05,cross-session,AdaBN
179,32,1,0.0004153019999648677,97,A05,cross-session,AdaBN
180,32,0,0.00037911100002929743,97,A05,cross-session,AdaBN
181,32,0,0.0003821590000825381,97,A05,cross-session,AdaBN
182,32,0,0.00037647500005277834,97,A05,cross-session,AdaBN
183,32,0,0.000372642000002088,97,A05,cross-session,AdaBN
184,32,1,0.0003657210000937994,97,A05,cross-session,AdaBN
185,32,0,0.0003655980000303316,97,A05,cross-session,AdaBN
186,32,0,0.0003613589999531541,97,A05,cross-session,AdaBN
187,32,1,0.00038468699995064526,97,A05,cross-session,AdaBN
188,32,0,0.0003603669999847625,97,A05,cross-session,AdaBN
189,32,0,0.00036376799994286557,97,A05,cross-session,AdaBN
190,32,0,0.000360603999979503,97,A05,cross-session,AdaBN
191,32,1,0.00040384199996879033,97,A05,cross-session,AdaBN
192,32,0,0.00040940899998531677,97,A05,cross-session,AdaBN
193,32,0,0.00038390300005630706,97,A05,cross-session,AdaBN
194,32,1,0.00037144999998872663,97,A05,cross-session,AdaBN
195,32,1,0.0003853990000379781,97,A05,cross-session,AdaBN
196,32,0,0.00040482300005351135,97,A05,cross-session,AdaBN
197,32,0,0.00037180499998612504,97,A05,cross-session,AdaBN
198,32,0,0.0003987600000527891,97,A05,cross-session,AdaBN
199,32,0,0.00036086700004034356,97,A05,cross-session,AdaBN
200,32,0,0.0003903580000041984,97,A05,cross-session,AdaBN
201,32,0,0.0003920179999568063,97,A05,cross-session,AdaBN
202,32,0,0.000378118999947219,97,A05,cross-session,AdaBN
203,32,0,0.00037692099999731,97,A05,cross-session,AdaBN
204,32,0,0.0003623389999347637,97,A05,cross-session,AdaBN
205,32,0,0.0003924359999700755,97,A05,cross-session,AdaBN
206,32,0,0.00038941900004374475,97,A05,cross-session,AdaBN
207,32,0,0.0003998229999524483,97,A05,cross-session,AdaBN
208,32,0,0.00038407600004575215,97,A05,cross-session,AdaBN
209,32,0,0.0003939160000072661,97,A05,cross-session,AdaBN
210,32,1,0.0003569100000504477,97,A05,cross-session,AdaBN
211,32,1,0.00035716800005047844,97,A05,cross-session,AdaBN
212,32,1,0.0004104849999748694,97,A05,cross-session,AdaBN
213,32,1,0.0003921559999753299,97,A05,cross-session,AdaBN
214,32,0,0.000378611999963141,97,A05,cross-session,AdaBN
215,32,0,0.0003866389999984676,97,A05,cross-session,AdaBN
216,32,0,0.00036884600001485524,97,A05,cross-session,AdaBN
217,32,1,0.0003865349999614409,97,A05,cross-session,AdaBN
218,32,1,0.00035900700004276587,97,A05,cross-session,AdaBN
219,32,0,0.0003571649999685178,97,A05,cross-session,AdaBN
220,32,0,0.0003777399999762565,97,A05,cross-session,AdaBN
221,32,0,0.00043500599997514655,97,A05,cross-session,AdaBN
222,32,0,0.0004192239999838421,97,A05,cross-session,AdaBN
223,32,0,0.00035859199999777047,97,A05,cross-session,AdaBN
224,32,1,0.0003666229999907955,97,A05,cross-session,AdaBN
225,32,0,0.00037659599991002324,97,A05,cross-session,AdaBN
226,32,1,0.00035692699998435273,97,A05,cross-session,AdaBN
227,32,0,0.00039399500008130417,97,A05,cross-session,AdaBN
228,32,0,0.00041059399995901913,97,A05,cross-session,AdaBN
229,32,0,0.0003750609999997323,97,A05,cross-session,AdaBN
230,32,0,0.00036195000006955524,97,A05,cross-session,AdaBN
231,32,1,0.0003511209999942366,97,A05,cross-session,AdaBN
232,32,0,0.00036755400003585237,97,A05,cross-session,AdaBN
233,32,0,0.0003835360000721266,97,A05,cross-session,AdaBN
234,32,0,0.00038650300007248006,97,A05,cross-session,AdaBN
235,32,0,0.0003627119999691786,97,A05,cross-session,AdaBN
236,32,0,0.0003765940000448609,97,A05,cross-session,AdaBN
237,32,0,0.0003590909999502401,97,A05,cross-session,AdaBN
238,32,0,0.0003937300000416144,97,A05,cross-session,AdaBN
239,32,0,0.00040139299994734756,97,A05,cross-session,AdaBN
240,32,0,0.0003741809999837642,97,A05,cross-session,AdaBN
241,32,1,0.00037705299996559916,97,A05,cross-session,AdaBN
242,32,0,0.000372553000033804,97,A05,cross-session,AdaBN
243,32,1,0.00037391099999695143,97,A05,cross-session,AdaBN
244,32,1,0.00037493799993626453,97,A05,cross-session,AdaBN
245,32,0,0.00037630300005275785,97,A05,cross-session,AdaBN
246,32,0,0.00037686699999994744,97,A05,cross-session,AdaBN
247,32,0,0.00037349799993080524,97,A05,cross-session,AdaBN
248,32,0,0.00038682399997469474,97,A05,cross-session,AdaBN
249,32,0,0.0003810909998946954,97,A05,cross-session,AdaBN
250,32,1,0.00037001900000177557,97,A05,cross-session,AdaBN
251,32,1,0.0003965180000022883,97,A05,cross-session,AdaBN
252,32,0,0.00038045500002681365,97,A05,cross-session,AdaBN
253,32,0,0.00036414099997728044,97,A05,cross-session,AdaBN
254,32,0,0.0003805129999818746,97,A05,cross-session,AdaBN
255,32,0,0.0004039259999899514,97,A05,cross-session,AdaBN
256,32,1,0.0003803060000109326,97,A05,cross-session,AdaBN
257,32,0,0.0003622880000193618,97,A05,cross-session,AdaBN
258,32,0,0.00036687800002255244,97,A05,cross-session,AdaBN
259,32,1,0.0003556830000661648,97,A05,cross-session,AdaBN
260,32,0,0.00035973800004285295,97,A05,cross-session,AdaBN
261,32,0,0.00036831900001743634,97,A05,cross-session,AdaBN
262,32,0,0.0003776649999736037,97,A05,cross-session,AdaBN
263,32,1,0.0003976360000024215,97,A05,cross-session,AdaBN
264,32,0,0.00039810700002362864,97,A05,cross-session,AdaBN
265,32,1,0.00037028700000973913,97,A05,cross-session,AdaBN
266,32,1,0.0003761639999311228,97,A05,cross-session,AdaBN
267,32,1,0.00036523400001442496,97,A05,cross-session,AdaBN
268,32,0,0.00038608100010151247,97,A05,cross-session,AdaBN
269,32,0,0.00042698499999005435,97,A05,cross-session,AdaBN
270,32,0,0.00035547900006349664,97,A05,cross-session,AdaBN
271,32,0,0.0003511209999942366,97,A05,cross-session,AdaBN
272,32,1,0.00038673700009894674,97,A05,cross-session,AdaBN
273,32,1,0.000391198000102122,97,A05,cross-session,AdaBN
274,32,0,0.000381284000013693,97,A05,cross-session,AdaBN
275,32,1,0.00040218000003733323,97,A05,cross-session,AdaBN
276,32,0,0.00036034100003234926,97,A05,cross-session,AdaBN
277,32,0,0.00036491799994564644,97,A05,cross-session,AdaBN
278,32,0,0.0003576830000611153,97,A05,cross-session,AdaBN
279,32,0,0.0003624520001039855,97,A05,cross-session,AdaBN
280,32,0,0.000362164999955894,97,A05,cross-session,AdaBN
281,32,0,0.00039843799993377615,97,A05,cross-session,AdaBN
282,32,0,0.00036991100000705046,97,A05,cross-session,AdaBN
283,32,0,0.00037680399998407665,97,A05,cross-session,AdaBN
284,32,0,0.0003742909999573385,97,A05,cross-session,AdaBN
285,32,1,0.0003559240000186037,97,A05,cross-session,AdaBN
286,32,0,0.00037485900008960016,97,A05,cross-session,AdaBN
287,32,0,0.0003887359999907858,97,A05,cross-session,AdaBN
0,1,1,0.0006761580000329559,97,A06,cross-session,AdaBN
1,2,0,0.0005942730000469965,97,A06,cross-session,AdaBN
2,3,0,0.0006215669999392048,97,A06,cross-session,AdaBN
3,4,0,0.0005595439999979135,97,A06,cross-session,AdaBN
4,5,0,0.0005134769999131095,97,A06,cross-session,AdaBN
5,6,1,0.0005200030000196421,97,A06,cross-session,AdaBN
6,7,0,0.0005948950000629338,97,A06,cross-session,AdaBN
7,8,0,0.0005988030000025901,97,A06,cross-session,AdaBN
8,9,1,0.0006074169999692458,97,A06,cross-session,AdaBN
9,10,1,0.0005925330000309259,97,A06,cross-session,AdaBN
10,11,1,0.0005695939998986432,97,A06,cross-session,AdaBN
11,12,1,0.0005772350000370352,97,A06,cross-session,AdaBN
12,13,0,0.0005529359999627559,97,A06,cross-session,AdaBN
13,14,1,0.0005456940000385657,97,A06,cross-session,AdaBN
14,15,0,0.0004428009999628557,97,A06,cross-session,AdaBN
15,16,1,0.00041755899997042434,97,A06,cross-session,AdaBN
16,17,1,0.00041695499999150343,97,A06,cross-session,AdaBN
17,18,0,0.00045778100002280553,97,A06,cross-session,AdaBN
18,19,0,0.00043767899990143633,97,A06,cross-session,AdaBN
19,20,1,0.000459567000007155,97,A06,cross-session,AdaBN
20,21,0,0.000466106999965632,97,A06,cross-session,AdaBN
21,22,1,0.00045399600003293017,97,A06,cross-session,AdaBN
22,23,0,0.00041679499997826497,97,A06,cross-session,AdaBN
23,24,1,0.00042097200002899626,97,A06,cross-session,AdaBN
24,25,0,0.00042107199999463774,97,A06,cross-session,AdaBN
25,26,1,0.000377074999960314,97,A06,cross-session,AdaBN
26,27,0,0.0003752339999891774,97,A06,cross-session,AdaBN
27,28,0,0.0004464099999950122,97,A06,cross-session,AdaBN
28,29,1,0.0004163429999834989,97,A06,cross-session,AdaBN
29,30,0,0.0003864430000248831,97,A06,cross-session,AdaBN
30,31,0,0.000408443999958763,97,A06,cross-session,AdaBN
31,32,0,0.00040227499994216487,97,A06,cross-session,AdaBN
32,32,0,0.00042202200006613566,97,A06,cross-session,AdaBN
33,32,0,0.00038359499990292534,97,A06,cross-session,AdaBN
34,32,0,0.00042146900000261667,97,A06,cross-session,AdaBN
35,32,1,0.00037833299995782,97,A06,cross-session,AdaBN
36,32,1,0.000410825000017212,97,A06,cross-session,AdaBN
37,32,1,0.00035879500001101405,97,A06,cross-session,AdaBN
38,32,1,0.00035710600002403226,97,A06,cross-session,AdaBN
39,32,0,0.0003639720000592206,97,A06,cross-session,AdaBN
40,32,1,0.0003620440000986491,97,A06,cross-session,AdaBN
41,32,1,0.0004005939999842667,97,A06,cross-session,AdaBN
42,32,0,0.00043046100006449706,97,A06,cross-session,AdaBN
43,32,1,0.0003872550000778574,97,A06,cross-session,AdaBN
44,32,1,0.0004010299999208655,97,A06,cross-session,AdaBN
45,32,0,0.00039617499999167194,97,A06,cross-session,AdaBN
46,32,0,0.0003951270000470686,97,A06,cross-session,AdaBN
47,32,0,0.00037929600000552455,97,A06,cross-session,AdaBN
48,32,1,0.00039475800008403894,97,A06,cross-session,AdaBN
49,32,0,0.0003840900000113834,97,A06,cross-session,AdaBN
50,32,0,0.00039269299998068163,97,A06,cross-session,AdaBN
51,32,1,0.0004184649999388057,97,A06,cross-session,AdaBN
52,32,1,0.00039244700008111977,97,A06,cross-session,AdaBN
53,32,0,0.0004138969999303299,97,A06,cross-session,AdaBN
54,32,1,0.0004028700000162644,97,A06,cross-session,AdaBN
55,32,0,0.0004039339999053482,97,A06,cross-session,AdaBN
56,32,0,0.0004036220000216417,97,A06,cross-session,AdaBN
57,32,0,0.0003839770000695353,97,A06,cross-session,AdaBN
58,32,0,0.00036508599998796853,97,A06,cross-session,AdaBN
59,32,1,0.00036455700001170044,97,A06,cross-session,AdaBN
60,32,1,0.0004201479999892399,97,A06,cross-session,AdaBN
61,32,1,0.00035967700000583136,97,A06,cross-session,AdaBN
62,32,0,0.00035636300003716315,97,A06,cross-session,AdaBN
63,32,1,0.0003629510000564551,97,A06,cross-session,AdaBN
64,32,1,0.0003902930000094784,97,A06,cross-session,AdaBN
65,32,0,0.0003580070000452906,97,A06,cross-session,AdaBN
66,32,0,0.0003634820000115724,97,A06,cross-session,AdaBN
67,32,0,0.00039068800003860815,97,A06,cross-session,AdaBN
68,32,1,0.000376860999949713,97,A06,cross-session,AdaBN
69,32,1,0.0004008330000715432,97,A06,cross-session,AdaBN
70,32,0,0.0003821329999027512,97,A06,cross-session,AdaBN
71,32,0,0.0003923579999991489,97,A06,cross-session,AdaBN
72,32,1,0.0004023939999342474,97,A06,cross-session,AdaBN
73,32,0,0.0003916279999884864,97,A06,cross-session,AdaBN
74,32,0,0.000358783000024232,97,A06,cross-session,AdaBN
75,32,0,0.000362799999948038,97,A06,cross-session,AdaBN
76,32,0,0.0004001680000556007,97,A06,cross-session,AdaBN
77,32,0,0.00037195599998085527,97,A06,cross-session,AdaBN
78,32,0,0.0003725569999915024,97,A06,cross-session,AdaBN
79,32,0,0.0003581739999845013,97,A06,cross-session,AdaBN
80,32,1,0.00036156600003778294,97,A06,cross-session,AdaBN
81,32,0,0.00039198900003611925,97,A06,cross-session,AdaBN
82,32,1,0.00039526099999420694,97,A06,cross-session,AdaBN
83,32,0,0.00040032000003975554,97,A06,cross-session,AdaBN
84,32,1,0.00041027600002507825,97,A06,cross-session,AdaBN
85,32,0,0.0003773480000290874,97,A06,cross-session,AdaBN
86,32,0,0.00036596799998278584,97,A06,cross-session,AdaBN
87,32,0,0.0003624580000405331,97,A06,cross-session,AdaBN
88,32,1,0.00038464700003260077,97,A06,cross-session,AdaBN
89,32,0,0.000366794999990816,97,A06,cross-session,AdaBN
90,32,1,0.0003659830000515285,97,A06,cross-session,AdaBN
91,32,0,0.00036197399992943247,97,A06,cross-session,AdaBN
92,32,0,0.00037791500005823764,97,A06,cross-session,AdaBN
93,32,1,0.0003777260000106253,97,A06,cross-session,AdaBN
94,32,0,0.0003683710000359497,97,A06,cross-session,AdaBN
95,32,1,0.0004159879999861005,97,A06,cross-session,AdaBN
96,32,1,0.00039877799997611874,97,A06,cross-session,AdaBN
97,32,1,0.00036586600003829517,97,A06,cross-session,AdaBN
98,32,0,0.0003838949999135366,97,A06,cross-session,AdaBN
99,32,0,0.0003892779999432605,97,A06,cross-session,AdaBN
100,32,1,0.00036132499997165723,97,A06,cross-session,AdaBN
101,32,0,0.0003948979999677249,97,A06,cross-session,AdaBN
102,32,1,0.0003684380000095189,97,A06,cross-session,AdaBN
103,32,0,0.0003764260000025388,97,A06,cross-session,AdaBN
104,32,0,0.0003925370000388284,97,A06,cross-session,AdaBN
105,32,1,0.0004012140000213549,97,A06,cross-session,AdaBN
106,32,1,0.00041650000002846355,97,A06,cross-session,AdaBN
107,32,1,0.0003990039999735018,97,A06,cross-session,AdaBN
108,32,1,0.0004311070000539985,97,A06,cross-session,AdaBN
109,32,1,0.0003678809999883015,97,A06,cross-session,AdaBN
110,32,0,0.0003724649999412577,97,A06,cross-session,AdaBN
111,32,1,0.00036428099997465324,97,A06,cross-session,AdaBN
112,32,1,0.00037193900004695024,97,A06,cross-session,AdaBN
113,32,0,0.0003924349999806509,97,A06,cross-session,AdaBN
114,32,0,0.0004283990000431004,97,A06,cross-session,AdaBN
115,32,1,0.00038336800002980453,97,A06,cross-session,AdaBN
116,32,1,0.00036488599994299875,97,A06,cross-session,AdaBN
117,32,0,0.00038629599998785125,97,A06,cross-session,AdaBN
118,32,1,0.00037310699997306074,97,A06,cross-session,AdaBN
119,32,1,0.00035731799994209723,97,A06,cross-session,AdaBN
120,32,1,0.0003776249999418724,97,A06,cross-session,AdaBN
121,32,0,0.00036276200000884273,97,A06,cross-session,AdaBN
122,32,0,0.00038232699989748653,97,A06,cross-session,AdaBN
123,32,0,0.0003711599999860482,97,A06,cross-session,AdaBN
124,32,1,0.0004138760000387265,97,A06,cross-session,AdaBN
125,32,1,0.00040619399999286543,97,A06,cross-session,AdaBN
126,32,0,0.00039508700001533725,97,A06,cross-session,AdaBN
127,32,0,0.0003678599999830112,97,A06,cross-session,AdaBN
128,32,0,0.00037039699998331344,97,A06,cross-session,AdaBN
129,32,1,0.00037961999998969986,97,A06,cross-session,AdaBN
130,32,0,0.00037377800003923767,97,A06,cross-session,AdaBN
131,32,0,0.00037903500003722,97,A06,cross-session,AdaBN
132,32,0,0.00036284599991631694,97,A06,cross-session,AdaBN
133,32,1,0.000366022999969573,97,A06,cross-session,AdaBN
134,32,0,0.00036483400003817223,97,A06,cross-session,AdaBN
135,32,0,0.00039698499995211023,97,A06,cross-session,AdaBN
136,32,0,0.0003782219999948211,97,A06,cross-session,AdaBN
137,32,0,0.00039828000001307373,97,A06,cross-session,AdaBN
138,32,1,0.00042789400004039635,97,A06,cross-session,AdaBN
139,32,0,0.00037293499997304025,97,A06,cross-session,AdaBN
140,32,0,0.00039509199996246025,97,A06,cross-session,AdaBN
141,32,0,0.00037725599997884274,97,A06,cross-session,AdaBN
142,32,1,0.00039800199999717734,97,A06,cross-session,AdaBN
143,32,0,0.00038955900004111754,97,A06,cross-session,AdaBN
144,32,0,0.00036304100001416373,97,A06,cross-session,AdaBN
145,32,1,0.0003638769999270153,97,A06,cross-session,AdaBN
146,32,1,0.00039868099997875106,97,A06,cross-session,AdaBN
147,32,1,0.0003806750000876491,97,A06,cross-session,AdaBN
148,32,0,0.0003902999999354506,97,A06,cross-session,AdaBN
149,32,1,0.00035978000005343347,97,A06,cross-session,AdaBN
150,32,0,0.00038535199996658775,97,A06,cross-session,AdaBN
151,32,1,0.00036846399996193213,97,A06,cross-session,AdaBN
152,32,0,0.0003734480000048279,97,A06,cross-session,AdaBN
153,32,0,0.00040225500003998604,97,A06,cross-session,AdaBN
154,32,0,0.00036587099998541817,97,A06,cross-session,AdaBN
155,32,0,0.00036181600000873004,97,A06,cross-session,AdaBN
156,32,1,0.00038182700006927917,97,A06,cross-session,AdaBN
157,32,1,0.0003699290000440669,97,A06,cross-session,AdaBN
158,32,0,0.00039421499991476594,97,A06,cross-session,AdaBN
159,32,0,0.0003747079999811831,97,A06,cross-session,AdaBN
160,32,1,0.0003610059999346049,97,A06,cross-session,AdaBN
161,32,1,0.00035268399994947686,97,A06,cross-session,AdaBN
162,32,0,0.00036251100004847103,97,A06,cross-session,AdaBN
163,32,0,0.00036316399996394466,97,A06,cross-session,AdaBN
164,32,1,0.00037146299996493326,97,A06,cross-session,AdaBN
165,32,0,0.0003946069999756219,97,A06,cross-session,AdaBN
166,32,1,0.0003897619999406743,97,A06,cross-session,AdaBN
167,32,1,0.00037331999999423715,97,A06,cross-session,AdaBN
168,32,1,0.0003924900000811249,97,A06,cross-session,AdaBN
169,32,0,0.00037696800006870035,97,A06,cross-session,AdaBN
170,32,0,0.0003683410000121512,97,A06,cross-session,AdaBN
171,32,0,0.000417497000057665,97,A06,cross-session,AdaBN
172,32,0,0.0003654100000858307,97,A06,cross-session,AdaBN
173,32,1,0.00037176400007865595,97,A06,cross-session,AdaBN
174,32,0,0.0003656330000012531,97,A06,cross-session,AdaBN
175,32,0,0.00036086600005091896,97,A06,cross-session,AdaBN
176,32,1,0.00039583499994932936,97,A06,cross-session,AdaBN
177,32,0,0.00041069200005949824,97,A06,cross-session,AdaBN
178,32,1,0.0003786350000609673,97,A06,cross-session,AdaBN
179,32,0,0.0003700969999727022,97,A06,cross-session,AdaBN
180,32,0,0.0003721040000073117,97,A06,cross-session,AdaBN
181,32,1,0.0004018939999923532,97,A06,cross-session,AdaBN
182,32,0,0.00043489600000157225,97,A06,cross-session,AdaBN
183,32,0,0.0003615609999769731,97,A06,cross-session,AdaBN
184,32,1,0.000403655000013714,97,A06,cross-session,AdaBN
185,32,1,0.00040409300004284887,97,A06,cross-session,AdaBN
186,32,1,0.0003843790000246372,97,A06,cross-session,AdaBN
187,32,1,0.000387196000019685,97,A06,cross-session,AdaBN
188,32,0,0.00039937300005021825,97,A06,cross-session,AdaBN
189,32,1,0.00041185700001733494,97,A06,cross-session,AdaBN
190,32,0,0.00042264699993666,97,A06,cross-session,AdaBN
191,32,1,0.00037293000002591725,97,A06,cross-session,AdaBN
192,32,0,0.0003584229999660238,97,A06,cross-session,AdaBN
193,32,0,0.00037443000007897353,97,A06,cross-session,AdaBN
194,32,0,0.0003607800000509087,97,A06,cross-session,AdaBN
195,32,0,0.00038624800004072313,97,A06,cross-session,AdaBN
196,32,1,0.00041419499996209197,97,A06,cross-session,AdaBN
197,32,1,0.0003666520000251694,97,A06,cross-session,AdaBN
198,32,1,0.00036066099994513934,97,A06,cross-session,AdaBN
199,32,1,0.0003760700000157158,97,A06,cross-session,AdaBN
200,32,0,0.0003586429999131724,97,A06,cross-session,AdaBN
201,32,0,0.00035678200003985694,97,A06,cross-session,AdaBN
202,32,0,0.000412176999930125,97,A06,cross-session,AdaBN
203,32,1,0.0004094570000461317,97,A06,cross-session,AdaBN
204,32,1,0.00041447399996741296,97,A06,cross-session,AdaBN
205,32,0,0.00041018100000655977,97,A06,cross-session,AdaBN
206,32,1,0.00039942299997619557,97,A06,cross-session,AdaBN
207,32,1,0.0004169809999439167,97,A06,cross-session,AdaBN
208,32,0,0.0003897610000649365,97,A06,cross-session,AdaBN
209,32,0,0.00038875499990354,97,A06,cross-session,AdaBN
210,32,0,0.00043645299990657804,97,A06,cross-session,AdaBN
211,32,1,0.0003902549999565963,97,A06,cross-session,AdaBN
212,32,0,0.0003672199999300574,97,A06,cross-session,AdaBN
213,32,1,0.00039358300000458257,97,A06,cross-session,AdaBN
214,32,1,0.00039828900003158196,97,A06,cross-session,AdaBN
215,32,0,0.00039008500004911184,97,A06,cross-session,AdaBN
216,32,0,0.0003694650000625188,97,A06,cross-session,AdaBN
217,32,0,0.00036518600006729685,97,A06,cross-session,AdaBN
218,32,0,0.0003608920000033322,97,A06,cross-session,AdaBN
219,32,1,0.00036389199999575794,97,A06,cross-session,AdaBN
220,32,0,0.0004004529999974693,97,A06,cross-session,AdaBN
221,32,0,0.0003841980000061085,97,A06,cross-session,AdaBN
222,32,0,0.00040979899995363667,97,A06,cross-session,AdaBN
223,32,0,0.00040746299998772884,97,A06,cross-session,AdaBN
224,32,1,0.0004180639999731284,97,A06,cross-session,AdaBN
225,32,0,0.0003730959999757033,97,A06,cross-session,AdaBN
226,32,1,0.00036611499990613083,97,A06,cross-session,AdaBN
227,32,0,0.0003732789999730812,97,A06,cross-session,AdaBN
228,32,1,0.00036585600003036234,97,A06,cross-session,AdaBN
229,32,0,0.0003600899999582907,97,A06,cross-session,AdaBN
230,32,1,0.00036582699999598844,97,A06,cross-session,AdaBN
231,32,0,0.00038880099998550577,97,A06,cross-session,AdaBN
232,32,0,0.0003722939999306618,97,A06,cross-session,AdaBN
233,32,0,0.0003706960000045001,97,A06,cross-session,AdaBN
234,32,0,0.00038320299995575624,97,A06,cross-session,AdaBN
235,32,1,0.0003659100000277249,97,A06,cross-session,AdaBN
236,32,1,0.00037740699997357297,97,A06,cross-session,AdaBN
237,32,0,0.0004314970000223184,97,A06,cross-session,AdaBN
238,32,0,0.0003819989999556128,97,A06,cross-session,AdaBN
239,32,1,0.00037050200000976474,97,A06,cross-session,AdaBN
240,32,1,0.0004024910000453019,97,A06,cross-session,AdaBN
241,32,0,0.0003675269999803277,97,A06,cross-session,AdaBN
242,32,1,0.00037001199996211653,97,A06,cross-session,AdaBN
243,32,0,0.0003775970000106099,97,A06,cross-session,AdaBN
244,32,1,0.0003799160000426127,97,A06,cross-session,AdaBN
245,32,0,0.0003586719999475463,97,A06,cross-session,AdaBN
246,32,0,0.000397726000073817,97,A06,cross-session,AdaBN
247,32,0,0.00044681600002149935,97,A06,cross-session,AdaBN
248,32,0,0.00037585400002626557,97,A06,cross-session,AdaBN
249,32,1,0.0003609510000615046,97,A06,cross-session,AdaBN
250,32,0,0.0003620119999823146,97,A06,cross-session,AdaBN
251,32,1,0.0003892290000067078,97,A06,cross-session,AdaBN
252,32,0,0.00039371000002574874,97,A06,cross-session,AdaBN
253,32,0,0.00041808999992554163,97,A06,cross-session,AdaBN
254,32,1,0.0003814650000322217,97,A06,cross-session,AdaBN
255,32,1,0.0003758089999337244,97,A06,cross-session,AdaBN
256,32,0,0.0003876929999933054,97,A06,cross-session,AdaBN
257,32,0,0.00036251900007755467,97,A06,cross-session,AdaBN
258,32,1,0.0004119559999935518,97,A06,cross-session,AdaBN
259,32,0,0.0003695129998959601,97,A06,cross-session,AdaBN
260,32,0,0.00037511100003939646,97,A06,cross-session,AdaBN
261,32,0,0.000392530999988594,97,A06,cross-session,AdaBN
262,32,0,0.0004198589999759861,97,A06,cross-session,AdaBN
263,32,0,0.0003682750000280066,97,A06,cross-session,AdaBN
264,32,1,0.0003700809999145349,97,A06,cross-session,AdaBN
265,32,1,0.00038894299996172776,97,A06,cross-session,AdaBN
266,32,1,0.00040137400003459334,97,A06,cross-session,AdaBN
267,32,1,0.00036701500005165144,97,A06,cross-session,AdaBN
268,32,1,0.00038636300007510727,97,A06,cross-session,AdaBN
269,32,0,0.0003745650000155365,97,A06,cross-session,AdaBN
270,32,0,0.00038325400009853183,97,A06,cross-session,AdaBN
271,32,1,0.0003737860000683213,97,A06,cross-session,AdaBN
272,32,1,0.0003661669999246442,97,A06,cross-session,AdaBN
273,32,0,0.0003822319999926549,97,A06,cross-session,AdaBN
274,32,1,0.0003607740000006743,97,A06,cross-session,AdaBN
275,32,0,0.0003967629999124256,97,A06,cross-session,AdaBN
276,32,0,0.00038120299996080576,97,A06,cross-session,AdaBN
277,32,0,0.0003846400001066286,97,A06,cross-session,AdaBN
278,32,0,0.00036585899999863614,97,A06,cross-session,AdaBN
279,32,0,0.00039243700007318694,97,A06,cross-session,AdaBN
280,32,1,0.00036170500004573114,97,A06,cross-session,AdaBN
281,32,1,0.00035340900001301634,97,A06,cross-session,AdaBN
282,32,0,0.00041203900002528826,97,A06,cross-session,AdaBN
283,32,0,0.00043359999995118415,97,A06,cross-session,AdaBN
284,32,1,0.0004050190000270959,97,A06,cross-session,AdaBN
285,32,1,0.0003777950000767305,97,A06,cross-session,AdaBN
286,32,1,0.0003649170000699087,97,A06,cross-session,AdaBN
287,32,0,0.0003806170000189013,97,A06,cross-session,AdaBN
0,1,0,0.0006827610000073037,97,A07,cross-session,AdaBN
1,2,1,0.0006238830000029338,97,A07,cross-session,AdaBN
2,3,1,0.0006019869999818184,97,A07,cross-session,AdaBN
3,4,0,0.0005461220000597677,97,A07,cross-session,AdaBN
4,5,0,0.000537912999902801,97,A07,cross-session,AdaBN
5,6,1,0.0005855510000856157,97,A07,cross-session,AdaBN
6,7,1,0.0006192349999309954,97,A07,cross-session,AdaBN
7,8,0,0.0006122060000279816,97,A07,cross-session,AdaBN
8,9,1,0.0005996989999630387,97,A07,cross-session,AdaBN
9,10,1,0.0006156739999596539,97,A07,cross-session,AdaBN
10,11,1,0.0005813630000375269,97,A07,cross-session,AdaBN
11,12,1,0.0005704669999886391,97,A07,cross-session,AdaBN
12,13,1,0.0005556779999551509,97,A07,cross-session,AdaBN
13,14,1,0.0005650859999377644,97,A07,cross-session,AdaBN
14,15,1,0.00042082999993908743,97,A07,cross-session,AdaBN
15,16,0,0.0004203869999628296,97,A07,cross-session,AdaBN
16,17,0,0.0004441930000211869,97,A07,cross-session,AdaBN
17,18,1,0.00045997899997018976,97,A07,cross-session,AdaBN
18,19,0,0.00043577700000696495,97,A07,cross-session,AdaBN
19,20,1,0.00043065499994554557,97,A07,cross-session,AdaBN
20,21,1,0.00045762799993553926,97,A07,cross-session,AdaBN
21,22,1,0.00041421399998853303,97,A07,cross-session,AdaBN
22,23,0,0.00042276600004242937,97,A07,cross-session,AdaBN
23,24,0,0.00043135099997471116,97,A07,cross-session,AdaBN
24,25,0,0.000375727999994524,97,A07,cross-session,AdaBN
25,26,1,0.0003672190000543196,97,A07,cross-session,AdaBN
26,27,0,0.00038458199992419395,97,A07,cross-session,AdaBN
27,28,0,0.0003683090000095035,97,A07,cross-session,AdaBN
28,29,0,0.00040739899998243345,97,A07,cross-session,AdaBN
29,30,0,0.0003928600000335791,97,A07,cross-session,AdaBN
30,31,1,0.00039132400002017675,97,A07,cross-session,AdaBN
31,32,0,0.00038777999998274026,97,A07,cross-session,AdaBN
32,32,1,0.00041696699997828546,97,A07,cross-session,AdaBN
33,32,1,0.0003864149999799338,97,A07,cross-session,AdaBN
34,32,1,0.00039217200003349717,97,A07,cross-session,AdaBN
35,32,0,0.00041653599998880964,97,A07,cross-session,AdaBN
36,32,1,0.0003707459999304774,97,A07,cross-session,AdaBN
37,32,1,0.00038531400002739247,97,A07,cross-session,AdaBN
38,32,1,0.0003628609999850596,97,A07,cross-session,AdaBN
39,32,1,0.0003998820000106207,97,A07,cross-session,AdaBN
40,32,1,0.00040747599996393546,97,A07,cross-session,AdaBN
41,32,1,0.0003740409999863914,97,A07,cross-session,AdaBN
42,32,1,0.00039775699997335323,97,A07,cross-session,AdaBN
43,32,0,0.0003811740000401187,97,A07,cross-session,AdaBN
44,32,1,0.0003779529999974329,97,A07,cross-session,AdaBN
45,32,1,0.0004004429999895365,97,A07,cross-session,AdaBN
46,32,1,0.0003530410000394113,97,A07,cross-session,AdaBN
47,32,1,0.0003782830000318427,97,A07,cross-session,AdaBN
48,32,0,0.0003712599999516897,97,A07,cross-session,AdaBN
49,32,0,0.00036947800003872544,97,A07,cross-session,AdaBN
50,32,0,0.00036937400000169873,97,A07,cross-session,AdaBN
51,32,0,0.0003682320000280015,97,A07,cross-session,AdaBN
52,32,0,0.0003540259999681439,97,A07,cross-session,AdaBN
53,32,1,0.0003701980000414551,97,A07,cross-session,AdaBN
54,32,0,0.0003560729999207979,97,A07,cross-session,AdaBN
55,32,1,0.0003821349999952872,97,A07,cross-session,AdaBN
56,32,1,0.00037328999997043866,97,A07,cross-session,AdaBN
57,32,0,0.0003917630000387362,97,A07,cross-session,AdaBN
58,32,1,0.0003689949999170494,97,A07,cross-session,AdaBN
59,32,1,0.00035612699991816044,97,A07,cross-session,AdaBN
60,32,0,0.0003716279999252947,97,A07,cross-session,AdaBN
61,32,0,0.00039202799996473914,97,A07,cross-session,AdaBN
62,32,0,0.0003930389999595718,97,A07,cross-session,AdaBN
63,32,0,0.000437333000036233,97,A07,cross-session,AdaBN
64,32,1,0.0004044329999715046,97,A07,cross-session,AdaBN
65,32,1,0.00038742699996419105,97,A07,cross-session,AdaBN
66,32,1,0.00043503500000952045,97,A07,cross-session,AdaBN
67,32,0,0.00038440099990566523,97,A07,cross-session,AdaBN
68,32,1,0.0003662960000383464,97,A07,cross-session,AdaBN
69,32,1,0.00041707299999416136,97,A07,cross-session,AdaBN
70,32,0,0.00037194200001522404,97,A07,cross-session,AdaBN
71,32,0,0.0003889160000198899,97,A07,cross-session,AdaBN
72,32,1,0.00038893900000402937,97,A07,cross-session,AdaBN
73,32,1,0.00036561100000653823,97,A07,cross-session,AdaBN
74,32,1,0.00038415500000610336,97,A07,cross-session,AdaBN
75,32,1,0.00038626899993232655,97,A07,cross-session,AdaBN
76,32,0,0.0003801569999950516,97,A07,cross-session,AdaBN
77,32,1,0.0003784389999736959,97,A07,cross-session,AdaBN
78,32,0,0.0004100849999986167,97,A07,cross-session,AdaBN
79,32,1,0.00037207800005489844,97,A07,cross-session,AdaBN
80,32,0,0.00036299399994277337,97,A07,cross-session,AdaBN
81,32,0,0.0003646220000064204,97,A07,cross-session,AdaBN
82,32,0,0.00036703599994325486,97,A07,cross-session,AdaBN
83,32,1,0.00041756600001008337,97,A07,cross-session,AdaBN
84,32,1,0.00040325199995550065,97,A07,cross-session,AdaBN
85,32,1,0.00039298000001508626,97,A07,cross-session,AdaBN
86,32,0,0.0003919559999303601,97,A07,cross-session,AdaBN
87,32,1,0.0003974969999944733,97,A07,cross-session,AdaBN
88,32,1,0.00037054200004149607,97,A07,cross-session,AdaBN
89,32,1,0.00038763199995628383,97,A07,cross-session,AdaBN
90,32,1,0.0003523139999970226,97,A07,cross-session,AdaBN
91,32,1,0.0004148759999225149,97,A07,cross-session,AdaBN
92,32,1,0.0004137729999911244,97,A07,cross-session,AdaBN
93,32,1,0.00036895599998842954,97,A07,cross-session,AdaBN
94,32,1,0.0004133630000069388,97,A07,cross-session,AdaBN
95,32,1,0.0005527630000869976,97,A07,cross-session,AdaBN
96,32,1,0.00039944200000263663,97,A07,cross-session,AdaBN
97,32,1,0.00039575599998897815,97,A07,cross-session,AdaBN
98,32,0,0.00036430900001960254,97,A07,cross-session,AdaBN
99,32,1,0.0003692929999488115,97,A07,cross-session,AdaBN
100,32,0,0.0003639550000116287,97,A07,cross-session,AdaBN
101,32,0,0.00040488600006938213,97,A07,cross-session,AdaBN
102,32,0,0.0003732229999968695,97,A07,cross-session,AdaBN
103,32,1,0.000403231999939635,97,A07,cross-session,AdaBN
104,32,0,0.0003702779999912309,97,A07,cross-session,AdaBN
105,32,0,0.0003894100000252365,97,A07,cross-session,AdaBN
106,32,0,0.0004516189999321796,97,A07,cross-session,AdaBN
107,32,1,0.00040606400000342546,97,A07,cross-session,AdaBN
108,32,0,0.0003779909999366282,97,A07,cross-session,AdaBN
109,32,0,0.00042628400001376576,97,A07,cross-session,AdaBN
110,32,0,0.00039929900003699004,97,A07,cross-session,AdaBN
111,32,0,0.0004088110000566303,97,A07,cross-session,AdaBN
112,32,0,0.0003875789999483459,97,A07,cross-session,AdaBN
113,32,1,0.00043999899992286373,97,A07,cross-session,AdaBN
114,32,0,0.00039424600004167587,97,A07,cross-session,AdaBN
115,32,0,0.0003928450000785233,97,A07,cross-session,AdaBN
116,32,1,0.0003978450000658995,97,A07,cross-session,AdaBN
117,32,0,0.0004066529999136037,97,A07,cross-session,AdaBN
118,32,1,0.0003995899999154062,97,A07,cross-session,AdaBN
119,32,0,0.0003702169999542093,97,A07,cross-session,AdaBN
120,32,0,0.0003803950000929035,97,A07,cross-session,AdaBN
121,32,1,0.00036540300004617166,97,A07,cross-session,AdaBN
122,32,1,0.00039926800002376694,97,A07,cross-session,AdaBN
123,32,0,0.0003682539999090295,97,A07,cross-session,AdaBN
124,32,0,0.0003771719999576817,97,A07,cross-session,AdaBN
125,32,0,0.0003930010000203765,97,A07,cross-session,AdaBN
126,32,0,0.0003988409999919895,97,A07,cross-session,AdaBN
127,32,1,0.00036887600003865373,97,A07,cross-session,AdaBN
128,32,0,0.00036470100008045847,97,A07,cross-session,AdaBN
129,32,0,0.0003699709999409606,97,A07,cross-session,AdaBN
130,32,1,0.0003655330000356116,97,A07,cross-session,AdaBN
131,32,0,0.00037220000001525477,97,A07,cross-session,AdaBN
132,32,1,0.0003596950000428478,97,A07,cross-session,AdaBN
133,32,1,0.00036353500001951033,97,A07,cross-session,AdaBN
134,32,1,0.0003780400001005546,97,A07,cross-session,AdaBN
135,32,0,0.0003691619999699469,97,A07,cross-session,AdaBN
136,32,1,0.0003624670000590413,97,A07,cross-session,AdaBN
137,32,1,0.00041109999995114777,97,A07,cross-session,AdaBN
138,32,0,0.00037677599993912736,97,A07,cross-session,AdaBN
139,32,1,0.00037283299991486274,97,A07,cross-session,AdaBN
140,32,0,0.0004017149999526737,97,A07,cross-session,AdaBN
141,32,0,0.0003729420000126993,97,A07,cross-session,AdaBN
142,32,0,0.0003765719999364592,97,A07,cross-session,AdaBN
143,32,0,0.00040577400000074704,97,A07,cross-session,AdaBN
144,32,1,0.0003801210000347055,97,A07,cross-session,AdaBN
145,32,0,0.0003939790000231369,97,A07,cross-session,AdaBN
146,32,0,0.0003725309999254023,97,A07,cross-session,AdaBN
147,32,0,0.0003567090000160533,97,A07,cross-session,AdaBN
148,32,0,0.0003656469999668843,97,A07,cross-session,AdaBN
149,32,0,0.0003675799999882656,97,A07,cross-session,AdaBN
150,32,1,0.0003873279999879742,97,A07,cross-session,AdaBN
151,32,0,0.0003783739999789759,97,A07,cross-session,AdaBN
152,32,0,0.00040662699996119045,97,A07,cross-session,AdaBN
153,32,1,0.00039076999996723316,97,A07,cross-session,AdaBN
154,32,1,0.0003739989999758109,97,A07,cross-session,AdaBN
155,32,1,0.00035731200000554963,97,A07,cross-session,AdaBN
156,32,1,0.0003788689999737471,97,A07,cross-session,AdaBN
157,32,1,0.0003904259999671922,97,A07,cross-session,AdaBN
158,32,1,0.00035679799998433737,97,A07,cross-session,AdaBN
159,32,1,0.0004330070000833075,97,A07,cross-session,AdaBN
160,32,1,0.0003790429999526168,97,A07,cross-session,AdaBN
161,32,1,0.00038555900005121657,97,A07,cross-session,AdaBN
162,32,1,0.00036367799998515693,97,A07,cross-session,AdaBN
163,32,0,0.0003775890000952131,97,A07,cross-session,AdaBN
164,32,1,0.0003999959999418934,97,A07,cross-session,AdaBN
165,32,1,0.0003786730000001626,97,A07,cross-session,AdaBN
166,32,0,0.0003802290000294306,97,A07,cross-session,AdaBN
167,32,0,0.00037588700001833786,97,A07,cross-session,AdaBN
168,32,1,0.00038643200002752565,97,A07,cross-session,AdaBN
169,32,1,0.00042507500006649934,97,A07,cross-session,AdaBN
170,32,0,0.00041278799994870496,97,A07,cross-session,AdaBN
171,32,0,0.00036069399993721163,97,A07,cross-session,AdaBN
172,32,0,0.00037063700006001454,97,A07,cross-session,AdaBN
173,32,0,0.00036793100002796564,97,A07,cross-session,AdaBN
174,32,1,0.00037114099995960714,97,A07,cross-session,AdaBN
175,32,1,0.00038207499994769023,97,A07,cross-session,AdaBN
176,32,1,0.0004082570000036867,97,A07,cross-session,AdaBN
177,32,0,0.00036084299995309266,97,A07,cross-session,AdaBN
178,32,0,0.00038517500001944427,97,A07,cross-session,AdaBN
179,32,1,0.00039307500003360474,97,A07,cross-session,AdaBN
180,32,1,0.0003888119999828632,97,A07,cross-session,AdaBN
181,32,1,0.0003602289999662389,97,A07,cross-session,AdaBN
182,32,0,0.00035706200003460253,97,A07,cross-session,AdaBN
183,32,0,0.0003875289999086817,97,A07,cross-session,AdaBN
184,32,0,0.00035617900005036063,97,A07,cross-session,AdaBN
185,32,1,0.0003587230000903219,97,A07,cross-session,AdaBN
186,32,0,0.0003670230000807351,97,A07,cross-session,AdaBN
187,32,0,0.0003782520000186196,97,A07,cross-session,AdaBN
188,32,0,0.00036578700007794396,97,A07,cross-session,AdaBN
189,32,0,0.00036171199997170334,97,A07,cross-session,AdaBN
190,32,1,0.00038770899993778585,97,A07,cross-session,AdaBN
191,32,0,0.00036962500007575727,97,A07,cross-session,AdaBN
192,32,0,0.0003623659999902884,97,A07,cross-session,AdaBN
193,32,1,0.0003897980000147072,97,A07,cross-session,AdaBN
194,32,1,0.0003583159999607233,97,A07,cross-session,AdaBN
195,32,0,0.0003722110000126122,97,A07,cross-session,AdaBN
196,32,1,0.0004030989999819212,97,A07,cross-session,AdaBN
197,32,1,0.00041658499992536235,97,A07,cross-session,AdaBN
198,32,0,0.0003890279999723134,97,A07,cross-session,AdaBN
199,32,0,0.000364555999908589,97,A07,cross-session,AdaBN
200,32,1,0.0003748609999547625,97,A07,cross-session,AdaBN
201,32,0,0.000369180999996388,97,A07,cross-session,AdaBN
202,32,0,0.0003835779999690203,97,A07,cross-session,AdaBN
203,32,1,0.0003568980000636657,97,A07,cross-session,AdaBN
204,32,0,0.00039318400001775444,97,A07,cross-session,AdaBN
205,32,1,0.00038182200000846933,97,A07,cross-session,AdaBN
206,32,0,0.0003713410000045769,97,A07,cross-session,AdaBN
207,32,0,0.00036740699999882054,97,A07,cross-session,AdaBN
208,32,0,0.0003852199999982986,97,A07,cross-session,AdaBN
209,32,0,0.0003588949999766555,97,A07,cross-session,AdaBN
210,32,0,0.00036533399998006644,97,A07,cross-session,AdaBN
211,32,1,0.00039459699996768904,97,A07,cross-session,AdaBN
212,32,1,0.0004298459999745319,97,A07,cross-session,AdaBN
213,32,0,0.00036656500003573456,97,A07,cross-session,AdaBN
214,32,0,0.0003961310000022422,97,A07,cross-session,AdaBN
215,32,0,0.00038598000003275956,97,A07,cross-session,AdaBN
216,32,0,0.00036147200000868906,97,A07,cross-session,AdaBN
217,32,0,0.00036392799995610403,97,A07,cross-session,AdaBN
218,32,1,0.00037971500000821834,97,A07,cross-session,AdaBN
219,32,0,0.0003744830000869115,97,A07,cross-session,AdaBN
220,32,0,0.000370818999954281,97,A07,cross-session,AdaBN
221,32,0,0.0003654590000223834,97,A07,cross-session,AdaBN
222,32,1,0.00036446199999318196,97,A07,cross-session,AdaBN
223,32,0,0.0003628249999110267,97,A07,cross-session,AdaBN
224,32,1,0.00039572000002863206,97,A07,cross-session,AdaBN
225,32,1,0.0003726009999809321,97,A07,cross-session,AdaBN
226,32,1,0.00037261299996771413,97,A07,cross-session,AdaBN
227,32,0,0.00036713999998028157,97,A07,cross-session,AdaBN
228,32,1,0.0003857529999322651,97,A07,cross-session,AdaBN
229,32,0,0.0004094600000144055,97,A07,cross-session,AdaBN
230,32,1,0.0003935249999358348,97,A07,cross-session,AdaBN
231,32,0,0.0003571580000425456,97,A07,cross-session,AdaBN
232,32,0,0.00038815400000657974,97,A07,cross-session,AdaBN
233,32,0,0.00035819999993691454,97,A07,cross-session,AdaBN
234,32,0,0.00035725099996852805,97,A07,cross-session,AdaBN
235,32,1,0.00035368700002891273,97,A07,cross-session,AdaBN
236,32,1,0.0004007779999710692,97,A07,cross-session,AdaBN
237,32,0,0.000386356999911186,97,A07,cross-session,AdaBN
238,32,0,0.0003908420000016122,97,A07,cross-session,AdaBN
239,32,0,0.00040761100001418527,97,A07,cross-session,AdaBN
240,32,0,0.0003700339999568314,97,A07,cross-session,AdaBN
241,32,0,0.0003948920000311773,97,A07,cross-session,AdaBN
242,32,0,0.00035788200000297365,97,A07,cross-session,AdaBN
243,32,1,0.00036550200002238853,97,A07,cross-session,AdaBN
244,32,1,0.00037725499998941814,97,A07,cross-session,AdaBN
245,32,0,0.00045079100004841166,97,A07,cross-session,AdaBN
246,32,0,0.0003717619999861199,97,A07,cross-session,AdaBN
247,32,0,0.00037715999997089966,97,A07,cross-session,AdaBN
248,32,1,0.0003633199999057979,97,A07,cross-session,AdaBN
249,32,0,0.0003907310000386133,97,A07,cross-session,AdaBN
250,32,1,0.00039850699999988137,97,A07,cross-session,AdaBN
251,32,0,0.0003853939999771683,97,A07,cross-session,AdaBN
252,32,0,0.0003876559999298479,97,A07,cross-session,AdaBN
253,32,1,0.0003707030000441591,97,A07,cross-session,AdaBN
254,32,0,0.00035552999997889856,97,A07,cross-session,AdaBN
255,32,1,0.00038216499990539887,97,A07,cross-session,AdaBN
256,32,1,0.00036878499997783365,97,A07,cross-session,AdaBN
257,32,0,0.0004025929999897926,97,A07,cross-session,AdaBN
258,32,1,0.0003791660000160846,97,A07,cross-session,AdaBN
259,32,0,0.0003943279999703009,97,A07,cross-session,AdaBN
260,32,1,0.00039087200002541067,97,A07,cross-session,AdaBN
261,32,0,0.00036812299993016495,97,A07,cross-session,AdaBN
262,32,1,0.00036870100007035944,97,A07,cross-session,AdaBN
263,32,1,0.000414125000020249,97,A07,cross-session,AdaBN
264,32,0,0.00038451499995062477,97,A07,cross-session,AdaBN
265,32,1,0.0003933850000521488,97,A07,cross-session,AdaBN
266,32,0,0.00036414299995612964,97,A07,cross-session,AdaBN
267,32,1,0.00038512900005116535,97,A07,cross-session,AdaBN
268,32,1,0.00042071300003954093,97,A07,cross-session,AdaBN
269,32,0,0.00038333600002715684,97,A07,cross-session,AdaBN
270,32,0,0.00038603900009093195,97,A07,cross-session,AdaBN
271,32,1,0.0004295029999639155,97,A07,cross-session,AdaBN
272,32,0,0.0003884439998955713,97,A07,cross-session,AdaBN
273,32,0,0.00036917099998845515,97,A07,cross-session,AdaBN
274,32,1,0.00041248600007293135,97,A07,cross-session,AdaBN
275,32,0,0.0004051759999583737,97,A07,cross-session,AdaBN
276,32,0,0.00041094200003044534,97,A07,cross-session,AdaBN
277,32,0,0.0003721509999650152,97,A07,cross-session,AdaBN
278,32,1,0.00037610300000778807,97,A07,cross-session,AdaBN
279,32,1,0.00036161000002721266,97,A07,cross-session,AdaBN
280,32,0,0.00036678799995115696,97,A07,cross-session,AdaBN
281,32,0,0.0004089140001042324,97,A07,cross-session,AdaBN
282,32,1,0.0004150779999463339,97,A07,cross-session,AdaBN
283,32,1,0.0004026319999184125,97,A07,cross-session,AdaBN
284,32,0,0.0004288200000246434,97,A07,cross-session,AdaBN
285,32,1,0.00038151299997934984,97,A07,cross-session,AdaBN
286,32,0,0.0003672529999221297,97,A07,cross-session,AdaBN
287,32,0,0.0004476089999343458,97,A07,cross-session,AdaBN
0,1,0,0.00130330199999662,97,A08,cross-session,AdaBN
1,2,0,0.0011572749999686494,97,A08,cross-session,AdaBN
2,3,1,0.0011279409999360723,97,A08,cross-session,AdaBN
3,4,1,0.0010974179999720945,97,A08,cross-session,AdaBN
4,5,1,0.0010956180000221138,97,A08,cross-session,AdaBN
5,6,1,0.0011029290000124092,97,A08,cross-session,AdaBN
6,7,1,0.0011398970000300324,97,A08,cross-session,AdaBN
7,8,0,0.0011114929999394008,97,A08,cross-session,AdaBN
8,9,1,0.001108500000100321,97,A08,cross-session,AdaBN
9,10,0,0.0011653990000013437,97,A08,cross-session,AdaBN
10,11,1,0.00111116999994465,97,A08,cross-session,AdaBN
11,12,1,0.0011047760000337803,97,A08,cross-session,AdaBN
12,13,1,0.0010523160000275311,97,A08,cross-session,AdaBN
13,14,1,0.001010621999967043,97,A08,cross-session,AdaBN
14,15,0,0.0010073370000327486,97,A08,cross-session,AdaBN
15,16,1,0.001009823000003962,97,A08,cross-session,AdaBN
16,17,1,0.0010439960000212523,97,A08,cross-session,AdaBN
17,18,1,0.0011422329999959402,97,A08,cross-session,AdaBN
18,19,1,0.000535743000000366,97,A08,cross-session,AdaBN
19,20,1,0.0004110300000093048,97,A08,cross-session,AdaBN
20,21,0,0.0004173029999492428,97,A08,cross-session,AdaBN
21,22,1,0.0004165589999729491,97,A08,cross-session,AdaBN
22,23,1,0.00037987299992892076,97,A08,cross-session,AdaBN
23,24,0,0.00037757400002647046,97,A08,cross-session,AdaBN
24,25,0,0.0004118780000226252,97,A08,cross-session,AdaBN
25,26,1,0.0008011339999711709,97,A08,cross-session,AdaBN
26,27,1,0.0004904029999579507,97,A08,cross-session,AdaBN
27,28,0,0.00043849299993325985,97,A08,cross-session,AdaBN
28,29,0,0.0004757730000619631,97,A08,cross-session,AdaBN
29,30,0,0.0005025719999594003,97,A08,cross-session,AdaBN
30,31,1,0.0005442899999934525,97,A08,cross-session,AdaBN
31,32,1,0.0005423519999112614,97,A08,cross-session,AdaBN
32,32,1,0.0006078520000301069,97,A08,cross-session,AdaBN
33,32,1,0.0006819070000574357,97,A08,cross-session,AdaBN
34,32,1,0.0006393070000285661,97,A08,cross-session,AdaBN
35,32,1,0.0006137899999885121,97,A08,cross-session,AdaBN
36,32,1,0.0005496269999412107,97,A08,cross-session,AdaBN
37,32,1,0.0004991370000198003,97,A08,cross-session,AdaBN
38,32,0,0.0004637239999283338,97,A08,cross-session,AdaBN
39,32,1,0.00043190600001707935,97,A08,cross-session,AdaBN
40,32,1,0.00039367600004425185,97,A08,cross-session,AdaBN
41,32,1,0.000364413999932367,97,A08,cross-session,AdaBN
42,32,1,0.00035461899994970736,97,A08,cross-session,AdaBN
43,32,0,0.000389444999996158,97,A08,cross-session,AdaBN
44,32,1,0.0003723930000205655,97,A08,cross-session,AdaBN
45,32,1,0.0003589209999290688,97,A08,cross-session,AdaBN
46,32,1,0.00035302799994951783,97,A08,cross-session,AdaBN
47,32,1,0.0003528649999680056,97,A08,cross-session,AdaBN
48,32,0,0.0003845920000458136,97,A08,cross-session,AdaBN
49,32,1,0.00035935599998992984,97,A08,cross-session,AdaBN
50,32,1,0.0003676080000332149,97,A08,cross-session,AdaBN
51,32,1,0.0003552749999471416,97,A08,cross-session,AdaBN
52,32,1,0.00036024799999268,97,A08,cross-session,AdaBN
53,32,1,0.00035401799993906025,97,A08,cross-session,AdaBN
54,32,1,0.00037184099994647113,97,A08,cross-session,AdaBN
55,32,1,0.0003669029999855411,97,A08,cross-session,AdaBN
56,32,0,0.00035594300004504476,97,A08,cross-session,AdaBN
57,32,0,0.00037633200008713175,97,A08,cross-session,AdaBN
58,32,1,0.00037872600000810053,97,A08,cross-session,AdaBN
59,32,0,0.00035749999995005055,97,A08,cross-session,AdaBN
60,32,0,0.0003555640000740823,97,A08,cross-session,AdaBN
61,32,1,0.0003732970000100977,97,A08,cross-session,AdaBN
62,32,1,0.00039822299993375054,97,A08,cross-session,AdaBN
63,32,1,0.0003565260000186754,97,A08,cross-session,AdaBN
64,32,1,0.00036730500005432987,97,A08,cross-session,AdaBN
65,32,1,0.0003877909999800977,97,A08,cross-session,AdaBN
66,32,1,0.00040272000001095876,97,A08,cross-session,AdaBN
67,32,1,0.0003934070000468637,97,A08,cross-session,AdaBN
68,32,1,0.00037057700001241756,97,A08,cross-session,AdaBN
69,32,1,0.0003744240000287391,97,A08,cross-session,AdaBN
70,32,1,0.0003676329999962036,97,A08,cross-session,AdaBN
71,32,0,0.00038088700000571407,97,A08,cross-session,AdaBN
72,32,1,0.00042110100002901163,97,A08,cross-session,AdaBN
73,32,1,0.0003804159999845069,97,A08,cross-session,AdaBN
74,32,1,0.00037219399996502034,97,A08,cross-session,AdaBN
75,32,1,0.00045373800003289944,97,A08,cross-session,AdaBN
76,32,1,0.00036963000002288027,97,A08,cross-session,AdaBN
77,32,1,0.00038786700008586195,97,A08,cross-session,AdaBN
78,32,0,0.0003856129999348923,97,A08,cross-session,AdaBN
79,32,0,0.0003723989999571131,97,A08,cross-session,AdaBN
80,32,1,0.0003945869999597562,97,A08,cross-session,AdaBN
81,32,1,0.0003904210000200692,97,A08,cross-session,AdaBN
82,32,0,0.0003833349999240454,97,A08,cross-session,AdaBN
83,32,0,0.00037824200001068675,97,A08,cross-session,AdaBN
84,32,1,0.00039041900004122,97,A08,cross-session,AdaBN
85,32,0,0.00038130500001898326,97,A08,cross-session,AdaBN
86,32,1,0.0003747099999600323,97,A08,cross-session,AdaBN
87,32,0,0.0003844569999955638,97,A08,cross-session,AdaBN
88,32,0,0.0003828699999530727,97,A08,cross-session,AdaBN
89,32,0,0.0003933219999225912,97,A08,cross-session,AdaBN
90,32,0,0.00038056799996866175,97,A08,cross-session,AdaBN
91,32,0,0.0003926350000256207,97,A08,cross-session,AdaBN
92,32,1,0.0004043200000296565,97,A08,cross-session,AdaBN
93,32,1,0.0003986899999972593,97,A08,cross-session,AdaBN
94,32,0,0.000384867999969174,97,A08,cross-session,AdaBN
95,32,1,0.0004138939999620561,97,A08,cross-session,AdaBN
96,32,1,0.0003803010000638096,97,A08,cross-session,AdaBN
97,32,0,0.00039605099993877957,97,A08,cross-session,AdaBN
98,32,1,0.00038672199991651723,97,A08,cross-session,AdaBN
99,32,1,0.0003916639999488325,97,A08,cross-session,AdaBN
100,32,1,0.0004027039999527915,97,A08,cross-session,AdaBN
101,32,0,0.00042533099997399404,97,A08,cross-session,AdaBN
102,32,1,0.0004767269999774726,97,A08,cross-session,AdaBN
103,32,1,0.0003948289999016197,97,A08,cross-session,AdaBN
104,32,1,0.0004087840000011056,97,A08,cross-session,AdaBN
105,32,1,0.00038052900004004186,97,A08,cross-session,AdaBN
106,32,1,0.00037317999999686435,97,A08,cross-session,AdaBN
107,32,1,0.00037300200006029627,97,A08,cross-session,AdaBN
108,32,0,0.0003706979999833493,97,A08,cross-session,AdaBN
109,32,0,0.00044023999998898944,97,A08,cross-session,AdaBN
110,32,1,0.00042508900003213057,97,A08,cross-session,AdaBN
111,32,0,0.00039048399992225313,97,A08,cross-session,AdaBN
112,32,1,0.0003966939999600072,97,A08,cross-session,AdaBN
113,32,1,0.0003727879999360084,97,A08,cross-session,AdaBN
114,32,1,0.00037848400006623706,97,A08,cross-session,AdaBN
115,32,1,0.00041323499999634805,97,A08,cross-session,AdaBN
116,32,1,0.0003867930000751585,97,A08,cross-session,AdaBN
117,32,1,0.0004116759999988062,97,A08,cross-session,AdaBN
118,32,1,0.000380018999976528,97,A08,cross-session,AdaBN
119,32,1,0.00038467499996386323,97,A08,cross-session,AdaBN
120,32,0,0.0003730189999942013,97,A08,cross-session,AdaBN
121,32,1,0.00039248300004146586,97,A08,cross-session,AdaBN
122,32,1,0.0004050550001011288,97,A08,cross-session,AdaBN
123,32,1,0.00037732999999207095,97,A08,cross-session,AdaBN
124,32,1,0.0003877249999959531,97,A08,cross-session,AdaBN
125,32,1,0.00041768199992020527,97,A08,cross-session,AdaBN
126,32,1,0.00042540100002952386,97,A08,cross-session,AdaBN
127,32,1,0.00042649099998470774,97,A08,cross-session,AdaBN
128,32,0,0.0004088400000910042,97,A08,cross-session,AdaBN
129,32,1,0.00040081300005567755,97,A08,cross-session,AdaBN
130,32,0,0.0003803299999844967,97,A08,cross-session,AdaBN
131,32,0,0.0004161310000654339,97,A08,cross-session,AdaBN
132,32,1,0.0003825119999874005,97,A08,cross-session,AdaBN
133,32,0,0.00040838199993231683,97,A08,cross-session,AdaBN
134,32,1,0.00042719600003238156,97,A08,cross-session,AdaBN
135,32,1,0.0003951250000682194,97,A08,cross-session,AdaBN
136,32,1,0.00039219600000706123,97,A08,cross-session,AdaBN
137,32,1,0.00037913499988917465,97,A08,cross-session,AdaBN
138,32,0,0.000400687000023936,97,A08,cross-session,AdaBN
139,32,1,0.0004123659999777374,97,A08,cross-session,AdaBN
140,32,0,0.000403161999997792,97,A08,cross-session,AdaBN
141,32,0,0.00040166799999497016,97,A08,cross-session,AdaBN
142,32,1,0.00039239999989604257,97,A08,cross-session,AdaBN
143,32,1,0.00039413699994383933,97,A08,cross-session,AdaBN
144,32,0,0.00039037399994867883,97,A08,cross-session,AdaBN
145,32,1,0.0003839150000430891,97,A08,cross-session,AdaBN
146,32,0,0.0003807629999528217,97,A08,cross-session,AdaBN
147,32,0,0.0003613139999742998,97,A08,cross-session,AdaBN
148,32,0,0.000377770000000055,97,A08,cross-session,AdaBN
149,32,1,0.00042029100006857334,97,A08,cross-session,AdaBN
150,32,1,0.00039128599996729463,97,A08,cross-session,AdaBN
151,32,1,0.0004112139999961073,97,A08,cross-session,AdaBN
152,32,0,0.0003790030000345723,97,A08,cross-session,AdaBN
153,32,1,0.00037872300003982673,97,A08,cross-session,AdaBN
154,32,1,0.0003786710000213134,97,A08,cross-session,AdaBN
155,32,1,0.0003816590000269571,97,A08,cross-session,AdaBN
156,32,0,0.000433879000070192,97,A08,cross-session,AdaBN
157,32,0,0.00040296800000305666,97,A08,cross-session,AdaBN
158,32,1,0.0003865319999931671,97,A08,cross-session,AdaBN
159,32,1,0.0004031280000162951,97,A08,cross-session,AdaBN
160,32,1,0.00038823299996693095,97,A08,cross-session,AdaBN
161,32,1,0.00037982499998179264,97,A08,cross-session,AdaBN
162,32,1,0.00037230799989629304,97,A08,cross-session,AdaBN
163,32,0,0.0003688040000042747,97,A08,cross-session,AdaBN
164,32,1,0.00040489299999535433,97,A08,cross-session,AdaBN
165,32,1,0.0004145649999145462,97,A08,cross-session,AdaBN
166,32,0,0.00040018000004238274,97,A08,cross-session,AdaBN
167,32,1,0.0003968979999626754,97,A08,cross-session,AdaBN
168,32,0,0.0003727429999571541,97,A08,cross-session,AdaBN
169,32,1,0.00042480799993427354,97,A08,cross-session,AdaBN
170,32,0,0.00041692499996770493,97,A08,cross-session,AdaBN
171,32,1,0.0004046010000138267,97,A08,cross-session,AdaBN
172,32,1,0.00039036600003328203,97,A08,cross-session,AdaBN
173,32,0,0.00041204499996183586,97,A08,cross-session,AdaBN
174,32,1,0.0003713290000177949,97,A08,cross-session,AdaBN
175,32,1,0.00037712799996825197,97,A08,cross-session,AdaBN
176,32,1,0.0003831559999980527,97,A08,cross-session,AdaBN
177,32,1,0.00039857299998402596,97,A08,cross-session,AdaBN
178,32,0,0.0004093109999985245,97,A08,cross-session,AdaBN
179,32,0,0.0004161320000548585,97,A08,cross-session,AdaBN
180,32,1,0.00038609099999575847,97,A08,cross-session,AdaBN
181,32,0,0.000382970000032401,97,A08,cross-session,AdaBN
182,32,0,0.00037468799996531743,97,A08,cross-session,AdaBN
183,32,1,0.00036825699999099015,97,A08,cross-session,AdaBN
184,32,1,0.0003892019999511831,97,A08,cross-session,AdaBN
185,32,0,0.000391207999996368,97,A08,cross-session,AdaBN
186,32,0,0.00045423999995364284,97,A08,cross-session,AdaBN
187,32,0,0.00037887100006628316,97,A08,cross-session,AdaBN
188,32,0,0.00036322400001154165,97,A08,cross-session,AdaBN
189,32,1,0.00043152199998530705,97,A08,cross-session,AdaBN
190,32,1,0.0003988489999073863,97,A08,cross-session,AdaBN
191,32,0,0.0003741809999837642,97,A08,cross-session,AdaBN
192,32,1,0.00039160799997262075,97,A08,cross-session,AdaBN
193,32,1,0.00044333699997878284,97,A08,cross-session,AdaBN
194,32,1,0.0003715410000495467,97,A08,cross-session,AdaBN
195,32,1,0.0003783959999736908,97,A08,cross-session,AdaBN
196,32,0,0.00037627599999723316,97,A08,cross-session,AdaBN
197,32,1,0.0003948620000073788,97,A08,cross-session,AdaBN
198,32,0,0.00042937000000620174,97,A08,cross-session,AdaBN
199,32,1,0.0003913650000413327,97,A08,cross-session,AdaBN
200,32,1,0.00037651399998139823,97,A08,cross-session,AdaBN
201,32,0,0.0003705200000467812,97,A08,cross-session,AdaBN
202,32,1,0.00043675300003087614,97,A08,cross-session,AdaBN
203,32,1,0.0004304839999349497,97,A08,cross-session,AdaBN
204,32,1,0.0004209180000316337,97,A08,cross-session,AdaBN
205,32,1,0.0004239849999976286,97,A08,cross-session,AdaBN
206,32,1,0.0003996030000052997,97,A08,cross-session,AdaBN
207,32,1,0.0003962550000551346,97,A08,cross-session,AdaBN
208,32,1,0.00041333700005452556,97,A08,cross-session,AdaBN
209,32,0,0.00042339900005572417,97,A08,cross-session,AdaBN
210,32,1,0.000407869000014216,97,A08,cross-session,AdaBN
211,32,1,0.00038519700001415913,97,A08,cross-session,AdaBN
212,32,1,0.00039958900003966846,97,A08,cross-session,AdaBN
213,32,1,0.00037552800006324105,97,A08,cross-session,AdaBN
214,32,1,0.00041292200000953017,97,A08,cross-session,AdaBN
215,32,1,0.0003848880000987265,97,A08,cross-session,AdaBN
216,32,1,0.0004129679999778091,97,A08,cross-session,AdaBN
217,32,0,0.00039368299997022405,97,A08,cross-session,AdaBN
218,32,0,0.0003829759999689486,97,A08,cross-session,AdaBN
219,32,1,0.00040979699997478747,97,A08,cross-session,AdaBN
220,32,0,0.0003870919999826583,97,A08,cross-session,AdaBN
221,32,1,0.0003941950000125871,97,A08,cross-session,AdaBN
222,32,1,0.00044776900006127107,97,A08,cross-session,AdaBN
223,32,1,0.0003975009999521717,97,A08,cross-session,AdaBN
224,32,1,0.00038647999997465377,97,A08,cross-session,AdaBN
225,32,0,0.0004031679999343396,97,A08,cross-session,AdaBN
226,32,1,0.00038362999998753367,97,A08,cross-session,AdaBN
227,32,0,0.0003971050000473042,97,A08,cross-session,AdaBN
228,32,0,0.0003943560000152502,97,A08,cross-session,AdaBN
229,32,1,0.0003709540000045308,97,A08,cross-session,AdaBN
230,32,1,0.00039878699999462697,97,A08,cross-session,AdaBN
231,32,1,0.00041727400002855575,97,A08,cross-session,AdaBN
232,32,0,0.00038088899998456327,97,A08,cross-session,AdaBN
233,32,0,0.00039329599997017795,97,A08,cross-session,AdaBN
234,32,1,0.000425735000021632,97,A08,cross-session,AdaBN
235,32,1,0.0004172309999148638,97,A08,cross-session,AdaBN
236,32,1,0.00041464200000973506,97,A08,cross-session,AdaBN
237,32,0,0.0003775980000000345,97,A08,cross-session,AdaBN
238,32,1,0.0003798340000003009,97,A08,cross-session,AdaBN
239,32,0,0.00039918099992064526,97,A08,cross-session,AdaBN
240,32,1,0.00043840900002578564,97,A08,cross-session,AdaBN
241,32,1,0.00037518800002089847,97,A08,cross-session,AdaBN
242,32,1,0.0003777950000767305,97,A08,cross-session,AdaBN
243,32,0,0.00043867499994121317,97,A08,cross-session,AdaBN
244,32,1,0.00048050700002022495,97,A08,cross-session,AdaBN
245,32,1,0.0003909230000544994,97,A08,cross-session,AdaBN
246,32,1,0.0003804169999739315,97,A08,cross-session,AdaBN
247,32,0,0.00037808099989433686,97,A08,cross-session,AdaBN
248,32,0,0.0003822400000217385,97,A08,cross-session,AdaBN
249,32,1,0.0004334270000754259,97,A08,cross-session,AdaBN
250,32,0,0.0004219379999312878,97,A08,cross-session,AdaBN
251,32,0,0.00041784300003655517,97,A08,cross-session,AdaBN
252,32,0,0.00038109899992377905,97,A08,cross-session,AdaBN
253,32,1,0.00037712899995767657,97,A08,cross-session,AdaBN
254,32,0,0.00042987699998775497,97,A08,cross-session,AdaBN
255,32,0,0.0003900189999512804,97,A08,cross-session,AdaBN
256,32,1,0.00038658899995880347,97,A08,cross-session,AdaBN
257,32,1,0.0004132840000465876,97,A08,cross-session,AdaBN
258,32,1,0.00039191999997001403,97,A08,cross-session,AdaBN
259,32,0,0.0003782229999842457,97,A08,cross-session,AdaBN
260,32,0,0.0004154980000521391,97,A08,cross-session,AdaBN
261,32,0,0.00042258700000274985,97,A08,cross-session,AdaBN
262,32,1,0.0003764589999946111,97,A08,cross-session,AdaBN
263,32,0,0.0004149109998934364,97,A08,cross-session,AdaBN
264,32,0,0.00042195399998945504,97,A08,cross-session,AdaBN
265,32,1,0.000399635999997372,97,A08,cross-session,AdaBN
266,32,0,0.00044339000010040763,97,A08,cross-session,AdaBN
267,32,0,0.0003946089999544711,97,A08,cross-session,AdaBN
268,32,0,0.00038843499999074993,97,A08,cross-session,AdaBN
269,32,1,0.0004228249999869149,97,A08,cross-session,AdaBN
270,32,1,0.0003888469999537847,97,A08,cross-session,AdaBN
271,32,1,0.00039891599999464233,97,A08,cross-session,AdaBN
272,32,0,0.0004187810000075842,97,A08,cross-session,AdaBN
273,32,1,0.0004138909999937823,97,A08,cross-session,AdaBN
274,32,1,0.00042332500004249596,97,A08,cross-session,AdaBN
275,32,1,0.0004373340000256576,97,A08,cross-session,AdaBN
276,32,0,0.0003902509999988979,97,A08,cross-session,AdaBN
277,32,0,0.0003977860000077271,97,A08,cross-session,AdaBN
278,32,1,0.0003843719999849782,97,A08,cross-session,AdaBN
279,32,0,0.0004266509999979462,97,A08,cross-session,AdaBN
280,32,1,0.0003895539999803077,97,A08,cross-session,AdaBN
281,32,0,0.00038820299994313245,97,A08,cross-session,AdaBN
282,32,0,0.0003746610000234796,97,A08,cross-session,AdaBN
283,32,1,0.0004265810000561032,97,A08,cross-session,AdaBN
284,32,1,0.0004150749999780601,97,A08,cross-session,AdaBN
285,32,0,0.00041241400003855233,97,A08,cross-session,AdaBN
286,32,0,0.0003872959999853265,97,A08,cross-session,AdaBN
287,32,0,0.00045297700000901386,97,A08,cross-session,AdaBN
0,1,1,0.0005809449999105709,97,A09,cross-session,AdaBN
1,2,1,0.0005014509999909933,97,A09,cross-session,AdaBN
2,3,1,0.00045884500002557616,97,A09,cross-session,AdaBN
3,4,1,0.0008009450000372453,97,A09,cross-session,AdaBN
4,5,1,0.000690844000018842,97,A09,cross-session,AdaBN
5,6,1,0.0006743650000089474,97,A09,cross-session,AdaBN
6,7,1,0.0005859099999270256,97,A09,cross-session,AdaBN
7,8,0,0.0006605179999041866,97,A09,cross-session,AdaBN
8,9,0,0.0006583809999938239,97,A09,cross-session,AdaBN
9,10,1,0.0006782520000570003,97,A09,cross-session,AdaBN
10,11,1,0.0006120220000411791,97,A09,cross-session,AdaBN
11,12,0,0.0006429499999285326,97,A09,cross-session,AdaBN
12,13,1,0.0006252599999925224,97,A09,cross-session,AdaBN
13,14,1,0.0006198400000130277,97,A09,cross-session,AdaBN
14,15,1,0.0012473150000005262,97,A09,cross-session,AdaBN
15,16,1,0.0011208739999801764,97,A09,cross-session,AdaBN
16,17,1,0.0011203260000911541,97,A09,cross-session,AdaBN
17,18,1,0.0011305929999707587,97,A09,cross-session,AdaBN
18,19,1,0.0011002379999354162,97,A09,cross-session,AdaBN
19,20,1,0.0011516560000472964,97,A09,cross-session,AdaBN
20,21,0,0.0005648049999535942,97,A09,cross-session,AdaBN
21,22,0,0.00044972900002449023,97,A09,cross-session,AdaBN
22,23,1,0.0004939959999319399,97,A09,cross-session,AdaBN
23,24,1,0.0006681459999526851,97,A09,cross-session,AdaBN
24,25,1,0.0005767190000369737,97,A09,cross-session,AdaBN
25,26,1,0.0004920279999396371,97,A09,cross-session,AdaBN
26,27,1,0.00046566200001052493,97,A09,cross-session,AdaBN
27,28,0,0.00045113100009075424,97,A09,cross-session,AdaBN
28,29,1,0.0004984049999166018,97,A09,cross-session,AdaBN
29,30,1,0.00046952800005328754,97,A09,cross-session,AdaBN
30,31,1,0.0004775090000066484,97,A09,cross-session,AdaBN
31,32,1,0.00043886700007078616,97,A09,cross-session,AdaBN
32,32,1,0.0004614370000126655,97,A09,cross-session,AdaBN
33,32,0,0.00045009400002982147,97,A09,cross-session,AdaBN
34,32,0,0.00043439800003852724,97,A09,cross-session,AdaBN
35,32,1,0.00041600999998081534,97,A09,cross-session,AdaBN
36,32,1,0.00041292100002010557,97,A09,cross-session,AdaBN
37,32,0,0.000408564000053957,97,A09,cross-session,AdaBN
38,32,1,0.00041099399993527186,97,A09,cross-session,AdaBN
39,32,1,0.0003792869999870163,97,A09,cross-session,AdaBN
40,32,1,0.00040708699998504017,97,A09,cross-session,AdaBN
41,32,1,0.0007550770000079865,97,A09,cross-session,AdaBN
42,32,1,0.0006322210000462292,97,A09,cross-session,AdaBN
43,32,0,0.0006534289999535758,97,A09,cross-session,AdaBN
44,32,1,0.0010916239999687605,97,A09,cross-session,AdaBN
45,32,0,0.0006348219999381399,97,A09,cross-session,AdaBN
46,32,1,0.0004760580000038317,97,A09,cross-session,AdaBN
47,32,1,0.00040486299997155584,97,A09,cross-session,AdaBN
48,32,1,0.00043377499991947843,97,A09,cross-session,AdaBN
49,32,1,0.00041110900008334283,97,A09,cross-session,AdaBN
50,32,1,0.00041760099998100486,97,A09,cross-session,AdaBN
51,32,1,0.00041368400002284034,97,A09,cross-session,AdaBN
52,32,1,0.0003815049999502662,97,A09,cross-session,AdaBN
53,32,1,0.00038559400002213806,97,A09,cross-session,AdaBN
54,32,1,0.0003668349999088605,97,A09,cross-session,AdaBN
55,32,1,0.00036987900000440277,97,A09,cross-session,AdaBN
56,32,1,0.0003776940000079776,97,A09,cross-session,AdaBN
57,32,1,0.0003843119999373812,97,A09,cross-session,AdaBN
58,32,1,0.0003778539999075292,97,A09,cross-session,AdaBN
59,32,1,0.00036611600000924227,97,A09,cross-session,AdaBN
60,32,1,0.0003806209999765997,97,A09,cross-session,AdaBN
61,32,1,0.00036984299993036984,97,A09,cross-session,AdaBN
62,32,0,0.00037138400000458205,97,A09,cross-session,AdaBN
63,32,1,0.00037067700009174587,97,A09,cross-session,AdaBN
64,32,1,0.00036554500002239365,97,A09,cross-session,AdaBN
65,32,1,0.00036898000007568044,97,A09,cross-session,AdaBN
66,32,1,0.00037184500001785636,97,A09,cross-session,AdaBN
67,32,1,0.000374818999944182,97,A09,cross-session,AdaBN
68,32,1,0.0003689430000122229,97,A09,cross-session,AdaBN
69,32,0,0.00037029000009169977,97,A09,cross-session,AdaBN
70,32,1,0.00036772999999357125,97,A09,cross-session,AdaBN
71,32,1,0.00036733900003582676,97,A09,cross-session,AdaBN
72,32,1,0.00037926799996057525,97,A09,cross-session,AdaBN
73,32,1,0.00046886899997389264,97,A09,cross-session,AdaBN
74,32,1,0.00038073700000040844,97,A09,cross-session,AdaBN
75,32,1,0.0003848380000590623,97,A09,cross-session,AdaBN
76,32,1,0.00038899500009392796,97,A09,cross-session,AdaBN
77,32,1,0.00039368299997022405,97,A09,cross-session,AdaBN
78,32,1,0.0003644800000301984,97,A09,cross-session,AdaBN
79,32,1,0.00036512899998797366,97,A09,cross-session,AdaBN
80,32,0,0.0003776219999735986,97,A09,cross-session,AdaBN
81,32,1,0.0003849909999189549,97,A09,cross-session,AdaBN
82,32,1,0.00036042599992924806,97,A09,cross-session,AdaBN
83,32,1,0.0003542549999338007,97,A09,cross-session,AdaBN
84,32,0,0.0003673520000120334,97,A09,cross-session,AdaBN
85,32,1,0.0003611719999980778,97,A09,cross-session,AdaBN
86,32,1,0.000398031999907289,97,A09,cross-session,AdaBN
87,32,1,0.0003935559999490579,97,A09,cross-session,AdaBN
88,32,0,0.00038943499998822517,97,A09,cross-session,AdaBN
89,32,1,0.00036083899999539426,97,A09,cross-session,AdaBN
90,32,0,0.00036056399994777166,97,A09,cross-session,AdaBN
91,32,1,0.00036607599997751095,97,A09,cross-session,AdaBN
92,32,1,0.00038886200002252735,97,A09,cross-session,AdaBN
93,32,0,0.0003647470000487374,97,A09,cross-session,AdaBN
94,32,0,0.00036881500000163214,97,A09,cross-session,AdaBN
95,32,1,0.00036347699995076255,97,A09,cross-session,AdaBN
96,32,1,0.0003639430000248467,97,A09,cross-session,AdaBN
97,32,1,0.00035876000004009256,97,A09,cross-session,AdaBN
98,32,1,0.0003603659999953379,97,A09,cross-session,AdaBN
99,32,1,0.0003620789999558838,97,A09,cross-session,AdaBN
100,32,1,0.00035910899998725654,97,A09,cross-session,AdaBN
101,32,1,0.0003551519999973607,97,A09,cross-session,AdaBN
102,32,1,0.0003669910000780874,97,A09,cross-session,AdaBN
103,32,1,0.0003573669999923368,97,A09,cross-session,AdaBN
104,32,0,0.00036165299991353095,97,A09,cross-session,AdaBN
105,32,1,0.00036717199998292926,97,A09,cross-session,AdaBN
106,32,1,0.00036698600001727755,97,A09,cross-session,AdaBN
107,32,1,0.00035291699998651893,97,A09,cross-session,AdaBN
108,32,0,0.0003538130000606543,97,A09,cross-session,AdaBN
109,32,1,0.0003551940000079412,97,A09,cross-session,AdaBN
110,32,1,0.00036602700004095823,97,A09,cross-session,AdaBN
111,32,1,0.00038601999995080405,97,A09,cross-session,AdaBN
112,32,1,0.0003646499999376829,97,A09,cross-session,AdaBN
113,32,1,0.0003572620000795723,97,A09,cross-session,AdaBN
114,32,1,0.00035576699997363903,97,A09,cross-session,AdaBN
115,32,1,0.00035844000001361565,97,A09,cross-session,AdaBN
116,32,1,0.00035485799992329703,97,A09,cross-session,AdaBN
117,32,1,0.00039319799998338567,97,A09,cross-session,AdaBN
118,32,1,0.0003584209999871746,97,A09,cross-session,AdaBN
119,32,1,0.00035614600005828834,97,A09,cross-session,AdaBN
120,32,0,0.00036620300011236395,97,A09,cross-session,AdaBN
121,32,1,0.0003582580000056623,97,A09,cross-session,AdaBN
122,32,1,0.0003515280000101484,97,A09,cross-session,AdaBN
123,32,1,0.00036525000007259223,97,A09,cross-session,AdaBN
124,32,1,0.0003907440000148199,97,A09,cross-session,AdaBN
125,32,1,0.0003518999999414518,97,A09,cross-session,AdaBN
126,32,0,0.0003613789999690198,97,A09,cross-session,AdaBN
127,32,1,0.0003634909999163938,97,A09,cross-session,AdaBN
128,32,0,0.000356822999947326,97,A09,cross-session,AdaBN
129,32,1,0.0003624060000220197,97,A09,cross-session,AdaBN
130,32,1,0.00035846600007971574,97,A09,cross-session,AdaBN
131,32,1,0.0003523489999679441,97,A09,cross-session,AdaBN
132,32,0,0.00036314500005119044,97,A09,cross-session,AdaBN
133,32,0,0.00035569600004237145,97,A09,cross-session,AdaBN
134,32,1,0.0003560280000556304,97,A09,cross-session,AdaBN
135,32,1,0.00036547199999859004,97,A09,cross-session,AdaBN
136,32,1,0.0003783610000027693,97,A09,cross-session,AdaBN
137,32,1,0.0003829769999583732,97,A09,cross-session,AdaBN
138,32,1,0.00037054500000976986,97,A09,cross-session,AdaBN
139,32,0,0.0003612780000139537,97,A09,cross-session,AdaBN
140,32,0,0.00036079400001653994,97,A09,cross-session,AdaBN
141,32,0,0.00035683199996583426,97,A09,cross-session,AdaBN
142,32,1,0.00036583199994311144,97,A09,cross-session,AdaBN
143,32,1,0.00035700599994470394,97,A09,cross-session,AdaBN
144,32,0,0.0003538860000844579,97,A09,cross-session,AdaBN
145,32,0,0.0003544259999443966,97,A09,cross-session,AdaBN
146,32,1,0.0003564369999367045,97,A09,cross-session,AdaBN
147,32,1,0.00035235799998645234,97,A09,cross-session,AdaBN
148,32,1,0.00036008900008255296,97,A09,cross-session,AdaBN
149,32,1,0.00037172400004692463,97,A09,cross-session,AdaBN
150,32,1,0.00035422600001311366,97,A09,cross-session,AdaBN
151,32,1,0.00035056399997301924,97,A09,cross-session,AdaBN
152,32,1,0.00037325100004181877,97,A09,cross-session,AdaBN
153,32,0,0.0003805820000479798,97,A09,cross-session,AdaBN
154,32,1,0.0003790640000715939,97,A09,cross-session,AdaBN
155,32,1,0.00036351099993225944,97,A09,cross-session,AdaBN
156,32,1,0.00038074499991580524,97,A09,cross-session,AdaBN
157,32,0,0.0003825860000006287,97,A09,cross-session,AdaBN
158,32,1,0.000366592999966997,97,A09,cross-session,AdaBN
159,32,0,0.0003574739999976373,97,A09,cross-session,AdaBN
160,32,0,0.00035777100003997475,97,A09,cross-session,AdaBN
161,32,1,0.00035555600004499865,97,A09,cross-session,AdaBN
162,32,0,0.00036211900010130194,97,A09,cross-session,AdaBN
163,32,1,0.0003846049999083334,97,A09,cross-session,AdaBN
164,32,1,0.0003892739999855621,97,A09,cross-session,AdaBN
165,32,1,0.00040972099998271005,97,A09,cross-session,AdaBN
166,32,1,0.0003936699999940174,97,A09,cross-session,AdaBN
167,32,1,0.00036550100003296393,97,A09,cross-session,AdaBN
168,32,1,0.0003611799999134746,97,A09,cross-session,AdaBN
169,32,1,0.000359827000011137,97,A09,cross-session,AdaBN
170,32,0,0.00035865600000306586,97,A09,cross-session,AdaBN
171,32,1,0.00035642600005303393,97,A09,cross-session,AdaBN
172,32,1,0.0003673150000622627,97,A09,cross-session,AdaBN
173,32,0,0.00037922100000287173,97,A09,cross-session,AdaBN
174,32,1,0.00038633300005130877,97,A09,cross-session,AdaBN
175,32,1,0.00037113999997018254,97,A09,cross-session,AdaBN
176,32,1,0.0003952040000285706,97,A09,cross-session,AdaBN
177,32,0,0.0003513589999784017,97,A09,cross-session,AdaBN
178,32,1,0.00038973599998826103,97,A09,cross-session,AdaBN
179,32,0,0.0003779350000741033,97,A09,cross-session,AdaBN
180,32,0,0.0003639789999851928,97,A09,cross-session,AdaBN
181,32,0,0.0003715389999570107,97,A09,cross-session,AdaBN
182,32,0,0.00036611799998809147,97,A09,cross-session,AdaBN
183,32,1,0.0003969980000420037,97,A09,cross-session,AdaBN
184,32,1,0.00038375500002985063,97,A09,cross-session,AdaBN
185,32,0,0.0003659549998928924,97,A09,cross-session,AdaBN
186,32,1,0.0003614930000139793,97,A09,cross-session,AdaBN
187,32,1,0.00035476199991535395,97,A09,cross-session,AdaBN
188,32,1,0.00036252200004582846,97,A09,cross-session,AdaBN
189,32,1,0.00038219499992919737,97,A09,cross-session,AdaBN
190,32,1,0.00037151800006540725,97,A09,cross-session,AdaBN
191,32,1,0.0003654930000038803,97,A09,cross-session,AdaBN
192,32,1,0.00040648399999554385,97,A09,cross-session,AdaBN
193,32,1,0.00038222299997414666,97,A09,cross-session,AdaBN
194,32,1,0.00036730600004375447,97,A09,cross-session,AdaBN
195,32,1,0.0003965149999203277,97,A09,cross-session,AdaBN
196,32,1,0.0003564849999975195,97,A09,cross-session,AdaBN
197,32,1,0.0003771819999656145,97,A09,cross-session,AdaBN
198,32,1,0.00039166800002021773,97,A09,cross-session,AdaBN
199,32,1,0.0003935539999702087,97,A09,cross-session,AdaBN
200,32,1,0.00039016100004118925,97,A09,cross-session,AdaBN
201,32,1,0.0003950340000073993,97,A09,cross-session,AdaBN
202,32,1,0.00036234499998499814,97,A09,cross-session,AdaBN
203,32,1,0.0003540239999892947,97,A09,cross-session,AdaBN
204,32,0,0.00037908199999492354,97,A09,cross-session,AdaBN
205,32,1,0.00036069399993721163,97,A09,cross-session,AdaBN
206,32,1,0.00037109600009443966,97,A09,cross-session,AdaBN
207,32,1,0.0003735929999493237,97,A09,cross-session,AdaBN
208,32,0,0.0003803280000056475,97,A09,cross-session,AdaBN
209,32,1,0.0003868359999614768,97,A09,cross-session,AdaBN
210,32,1,0.00036969500001760025,97,A09,cross-session,AdaBN
211,32,0,0.00035991899994769483,97,A09,cross-session,AdaBN
212,32,1,0.000353364000034162,97,A09,cross-session,AdaBN
213,32,0,0.0003909460000386389,97,A09,cross-session,AdaBN
214,32,0,0.00035925500003486377,97,A09,cross-session,AdaBN
215,32,1,0.00043053399997461383,97,A09,cross-session,AdaBN
216,32,1,0.00037459599991507275,97,A09,cross-session,AdaBN
217,32,0,0.00041115999999874475,97,A09,cross-session,AdaBN
218,32,0,0.00038141799996083137,97,A09,cross-session,AdaBN
219,32,0,0.00037324100003388594,97,A09,cross-session,AdaBN
220,32,1,0.0003904659999989235,97,A09,cross-session,AdaBN
221,32,1,0.0003560659999948257,97,A09,cross-session,AdaBN
222,32,1,0.00038541000003533554,97,A09,cross-session,AdaBN
223,32,1,0.0004180700000233628,97,A09,cross-session,AdaBN
224,32,1,0.00037932899999759684,97,A09,cross-session,AdaBN
225,32,1,0.00037843099994461227,97,A09,cross-session,AdaBN
226,32,1,0.0003725239999994301,97,A09,cross-session,AdaBN
227,32,1,0.0003947390000575979,97,A09,cross-session,AdaBN
228,32,1,0.00036206599997967714,97,A09,cross-session,AdaBN
229,32,0,0.00036790899991956394,97,A09,cross-session,AdaBN
230,32,0,0.00035873000001629407,97,A09,cross-session,AdaBN
231,32,1,0.0003615450000324927,97,A09,cross-session,AdaBN
232,32,1,0.00036040700001649384,97,A09,cross-session,AdaBN
233,32,1,0.0004141990000334772,97,A09,cross-session,AdaBN
234,32,0,0.0003893829999697118,97,A09,cross-session,AdaBN
235,32,1,0.0003578860000743589,97,A09,cross-session,AdaBN
236,32,0,0.0003883179999775166,97,A09,cross-session,AdaBN
237,32,1,0.00036494999994829413,97,A09,cross-session,AdaBN
238,32,1,0.00035545200000797195,97,A09,cross-session,AdaBN
239,32,0,0.00035545200000797195,97,A09,cross-session,AdaBN
240,32,0,0.0003650090000064665,97,A09,cross-session,AdaBN
241,32,1,0.0003713759999754984,97,A09,cross-session,AdaBN
242,32,1,0.00038308900002448354,97,A09,cross-session,AdaBN
243,32,0,0.000385360999985096,97,A09,cross-session,AdaBN
244,32,1,0.000370811999914622,97,A09,cross-session,AdaBN
245,32,0,0.0003529419999495076,97,A09,cross-session,AdaBN
246,32,1,0.00036117700005888764,97,A09,cross-session,AdaBN
247,32,0,0.0003632420000485581,97,A09,cross-session,AdaBN
248,32,1,0.00037057300005471916,97,A09,cross-session,AdaBN
249,32,0,0.00035875599996870733,97,A09,cross-session,AdaBN
250,32,1,0.0003749830000288057,97,A09,cross-session,AdaBN
251,32,0,0.0003798849999157028,97,A09,cross-session,AdaBN
252,32,0,0.00040784400005122734,97,A09,cross-session,AdaBN
253,32,1,0.0003595489999952406,97,A09,cross-session,AdaBN
254,32,1,0.00037328899998101406,97,A09,cross-session,AdaBN
255,32,1,0.0003760179999972024,97,A09,cross-session,AdaBN
256,32,0,0.00040427099997941696,97,A09,cross-session,AdaBN
257,32,1,0.0003798899999765126,97,A09,cross-session,AdaBN
258,32,1,0.0004386719999729394,97,A09,cross-session,AdaBN
259,32,0,0.0003589649999184985,97,A09,cross-session,AdaBN
260,32,0,0.00035394199994698283,97,A09,cross-session,AdaBN
261,32,1,0.0003654130000541045,97,A09,cross-session,AdaBN
262,32,1,0.00035642700004245853,97,A09,cross-session,AdaBN
263,32,0,0.00035598499994193844,97,A09,cross-session,AdaBN
264,32,1,0.00039122699990912224,97,A09,cross-session,AdaBN
265,32,1,0.00040370699991854053,97,A09,cross-session,AdaBN
266,32,0,0.00037016099997799756,97,A09,cross-session,AdaBN
267,32,1,0.00040471900001648464,97,A09,cross-session,AdaBN
268,32,1,0.0003575389999923573,97,A09,cross-session,AdaBN
269,32,1,0.0003646210000169958,97,A09,cross-session,AdaBN
270,32,0,0.0003790299999764102,97,A09,cross-session,AdaBN
271,32,1,0.00041601999998874817,97,A09,cross-session,AdaBN
272,32,1,0.00040314799991847394,97,A09,cross-session,AdaBN
273,32,0,0.0003882440000779752,97,A09,cross-session,AdaBN
274,32,1,0.000360813000042981,97,A09,cross-session,AdaBN
275,32,0,0.00039404099993589625,97,A09,cross-session,AdaBN
276,32,0,0.0003701729999647796,97,A09,cross-session,AdaBN
277,32,1,0.0003947129999914978,97,A09,cross-session,AdaBN
278,32,1,0.0003789550000874442,97,A09,cross-session,AdaBN
279,32,1,0.00038595599994550867,97,A09,cross-session,AdaBN
280,32,1,0.0003620219999902474,97,A09,cross-session,AdaBN
281,32,0,0.00035859299998719507,97,A09,cross-session,AdaBN
282,32,1,0.00041857999997318984,97,A09,cross-session,AdaBN
283,32,0,0.0003790990000425154,97,A09,cross-session,AdaBN
284,32,1,0.0003748889999997118,97,A09,cross-session,AdaBN
285,32,0,0.0003729750000047716,97,A09,cross-session,AdaBN
286,32,1,0.0003584699999237273,97,A09,cross-session,AdaBN
287,32,0,0.00035405599999194237,97,A09,cross-session,AdaBN
0,1,0,0.0007036169999992126,123,A01,cross-session,AdaBN
1,2,1,0.0006277759999875343,123,A01,cross-session,AdaBN
2,3,1,0.0005988820000766282,123,A01,cross-session,AdaBN
3,4,1,0.0005477369999198345,123,A01,cross-session,AdaBN
4,5,1,0.0005765159999100433,123,A01,cross-session,AdaBN
5,6,0,0.0005658820000462583,123,A01,cross-session,AdaBN
6,7,1,0.0006329340000092998,123,A01,cross-session,AdaBN
7,8,0,0.0006071210000300198,123,A01,cross-session,AdaBN
8,9,1,0.0006022180000400112,123,A01,cross-session,AdaBN
9,10,1,0.0006039090000058422,123,A01,cross-session,AdaBN
10,11,0,0.0005774479999445248,123,A01,cross-session,AdaBN
11,12,0,0.0005600220000587797,123,A01,cross-session,AdaBN
12,13,1,0.0005410019999771976,123,A01,cross-session,AdaBN
13,14,1,0.0005313130000104138,123,A01,cross-session,AdaBN
14,15,0,0.0004571350000333041,123,A01,cross-session,AdaBN
15,16,1,0.00045401300008052203,123,A01,cross-session,AdaBN
16,17,1,0.00044948499999009073,123,A01,cross-session,AdaBN
17,18,1,0.0004705740000190417,123,A01,cross-session,AdaBN
18,19,1,0.00043754199998602417,123,A01,cross-session,AdaBN
19,20,1,0.00044932699995570147,123,A01,cross-session,AdaBN
20,21,1,0.0004661440000290895,123,A01,cross-session,AdaBN
21,22,1,0.00042839599996113975,123,A01,cross-session,AdaBN
22,23,1,0.0004175779999968654,123,A01,cross-session,AdaBN
23,24,1,0.00046208499998101615,123,A01,cross-session,AdaBN
24,25,0,0.000394645000028504,123,A01,cross-session,AdaBN
25,26,1,0.0003786739999895872,123,A01,cross-session,AdaBN
26,27,1,0.0003672190000543196,123,A01,cross-session,AdaBN
27,28,1,0.000385728999958701,123,A01,cross-session,AdaBN
28,29,0,0.00040454800000588875,123,A01,cross-session,AdaBN
29,30,1,0.0004460069999367988,123,A01,cross-session,AdaBN
30,31,0,0.0003999530000555751,123,A01,cross-session,AdaBN
31,32,1,0.0004310809999878984,123,A01,cross-session,AdaBN
32,32,1,0.0003862119999666902,123,A01,cross-session,AdaBN
33,32,1,0.000368355999967207,123,A01,cross-session,AdaBN
34,32,1,0.0003859629999851677,123,A01,cross-session,AdaBN
35,32,1,0.00038078199997926276,123,A01,cross-session,AdaBN
36,32,1,0.0003812830000242684,123,A01,cross-session,AdaBN
37,32,0,0.000391054000033364,123,A01,cross-session,AdaBN
38,32,1,0.00041326600000957114,123,A01,cross-session,AdaBN
39,32,0,0.00038981099999091384,123,A01,cross-session,AdaBN
40,32,1,0.0003861789999746179,123,A01,cross-session,AdaBN
41,32,1,0.0003805520000241813,123,A01,cross-session,AdaBN
42,32,1,0.00039761699997598043,123,A01,cross-session,AdaBN
43,32,0,0.000369402000046648,123,A01,cross-session,AdaBN
44,32,1,0.00037131900000986207,123,A01,cross-session,AdaBN
45,32,0,0.00038861899997755245,123,A01,cross-session,AdaBN
46,32,1,0.0003753650000817288,123,A01,cross-session,AdaBN
47,32,0,0.00036778800006231904,123,A01,cross-session,AdaBN
48,32,0,0.000390714999980446,123,A01,cross-session,AdaBN
49,32,0,0.0003918410000096628,123,A01,cross-session,AdaBN
50,32,1,0.00036029700004291954,123,A01,cross-session,AdaBN
51,32,1,0.0003526950000605211,123,A01,cross-session,AdaBN
52,32,1,0.0003642759999138434,123,A01,cross-session,AdaBN
53,32,1,0.000377144999902157,123,A01,cross-session,AdaBN
54,32,0,0.0003699359999700391,123,A01,cross-session,AdaBN
55,32,0,0.00037418800002342323,123,A01,cross-session,AdaBN
56,32,1,0.0003680620000068302,123,A01,cross-session,AdaBN
57,32,1,0.000389242999972339,123,A01,cross-session,AdaBN
58,32,1,0.0004041340000640048,123,A01,cross-session,AdaBN
59,32,1,0.0004378710000310093,123,A01,cross-session,AdaBN
60,32,0,0.0004268490000640668,123,A01,cross-session,AdaBN
61,32,0,0.0003788919999578866,123,A01,cross-session,AdaBN
62,32,1,0.0003719630000205143,123,A01,cross-session,AdaBN
63,32,1,0.0003704560000414858,123,A01,cross-session,AdaBN
64,32,1,0.00043634399992242834,123,A01,cross-session,AdaBN
65,32,0,0.00037999700009549997,123,A01,cross-session,AdaBN
66,32,0,0.0004558790000146473,123,A01,cross-session,AdaBN
67,32,1,0.00036430500006190414,123,A01,cross-session,AdaBN
68,32,1,0.00036506599997210287,123,A01,cross-session,AdaBN
69,32,0,0.0003644469999244393,123,A01,cross-session,AdaBN
70,32,1,0.00036636699996961397,123,A01,cross-session,AdaBN
71,32,0,0.0003794159999870317,123,A01,cross-session,AdaBN
72,32,0,0.00036679900006220123,123,A01,cross-session,AdaBN
73,32,1,0.00041541000007327966,123,A01,cross-session,AdaBN
74,32,0,0.0003709909999543015,123,A01,cross-session,AdaBN
75,32,1,0.00035748800007695536,123,A01,cross-session,AdaBN
76,32,1,0.0003747380000049816,123,A01,cross-session,AdaBN
77,32,0,0.0003865130000804129,123,A01,cross-session,AdaBN
78,32,1,0.00036999399992510007,123,A01,cross-session,AdaBN
79,32,1,0.0003713319999860687,123,A01,cross-session,AdaBN
80,32,1,0.0004012969999394045,123,A01,cross-session,AdaBN
81,32,0,0.00037550000001829176,123,A01,cross-session,AdaBN
82,32,1,0.0004060859999981403,123,A01,cross-session,AdaBN
83,32,1,0.00039367500005482725,123,A01,cross-session,AdaBN
84,32,1,0.00037030199996479496,123,A01,cross-session,AdaBN
85,32,0,0.00036448700006985746,123,A01,cross-session,AdaBN
86,32,1,0.00039494999998623825,123,A01,cross-session,AdaBN
87,32,1,0.00035703699995792704,123,A01,cross-session,AdaBN
88,32,1,0.000358015999950112,123,A01,cross-session,AdaBN
89,32,0,0.00036121100004038453,123,A01,cross-session,AdaBN
90,32,1,0.0003681339999275224,123,A01,cross-session,AdaBN
91,32,1,0.0003658059999906982,123,A01,cross-session,AdaBN
92,32,1,0.00037677199998142896,123,A01,cross-session,AdaBN
93,32,1,0.0003926110000520566,123,A01,cross-session,AdaBN
94,32,0,0.00037346299995988375,123,A01,cross-session,AdaBN
95,32,0,0.0003676100000120641,123,A01,cross-session,AdaBN
96,32,1,0.00037553799995748705,123,A01,cross-session,AdaBN
97,32,0,0.0003727729999809526,123,A01,cross-session,AdaBN
98,32,1,0.00036572600004092237,123,A01,cross-session,AdaBN
99,32,1,0.0004270719999794892,123,A01,cross-session,AdaBN
100,32,1,0.0003731719999677807,123,A01,cross-session,AdaBN
101,32,0,0.00035996199994769995,123,A01,cross-session,AdaBN
102,32,0,0.0003841660000034608,123,A01,cross-session,AdaBN
103,32,0,0.00036505100001704704,123,A01,cross-session,AdaBN
104,32,1,0.0003898600000411534,123,A01,cross-session,AdaBN
105,32,1,0.00039917399999467307,123,A01,cross-session,AdaBN
106,32,1,0.00037169100005485234,123,A01,cross-session,AdaBN
107,32,1,0.00037001900000177557,123,A01,cross-session,AdaBN
108,32,0,0.00038790999997218023,123,A01,cross-session,AdaBN
109,32,1,0.0003752059999442281,123,A01,cross-session,AdaBN
110,32,1,0.0003627979999691888,123,A01,cross-session,AdaBN
111,32,1,0.00037851500007946015,123,A01,cross-session,AdaBN
112,32,1,0.0004866790000050969,123,A01,cross-session,AdaBN
113,32,1,0.000399296999944454,123,A01,cross-session,AdaBN
114,32,0,0.00037075399995956104,123,A01,cross-session,AdaBN
115,32,0,0.0004186940000181494,123,A01,cross-session,AdaBN
116,32,0,0.000365739000017129,123,A01,cross-session,AdaBN
117,32,1,0.0003635980000353811,123,A01,cross-session,AdaBN
118,32,1,0.00037933800001610507,123,A01,cross-session,AdaBN
119,32,1,0.0004716590000271026,123,A01,cross-session,AdaBN
120,32,1,0.0003938769999649594,123,A01,cross-session,AdaBN
121,32,0,0.0003798809999580044,123,A01,cross-session,AdaBN
122,32,0,0.0003957740000259946,123,A01,cross-session,AdaBN
123,32,1,0.0003821940000534596,123,A01,cross-session,AdaBN
124,32,0,0.00039801200000511017,123,A01,cross-session,AdaBN
125,32,1,0.0003778750000265063,123,A01,cross-session,AdaBN
126,32,0,0.00038736499993774487,123,A01,cross-session,AdaBN
127,32,0,0.00042755000004035537,123,A01,cross-session,AdaBN
128,32,1,0.0004057319999901665,123,A01,cross-session,AdaBN
129,32,0,0.0003879669999378166,123,A01,cross-session,AdaBN
130,32,1,0.0003632959999322338,123,A01,cross-session,AdaBN
131,32,0,0.0003529699999944569,123,A01,cross-session,AdaBN
132,32,0,0.0003534300000183066,123,A01,cross-session,AdaBN
133,32,1,0.00040559800004302815,123,A01,cross-session,AdaBN
134,32,0,0.00038079800003743003,123,A01,cross-session,AdaBN
135,32,1,0.0003663070000357038,123,A01,cross-session,AdaBN
136,32,0,0.0004170879999492172,123,A01,cross-session,AdaBN
137,32,1,0.0003838149999637608,123,A01,cross-session,AdaBN
138,32,0,0.00038375500002985063,123,A01,cross-session,AdaBN
139,32,1,0.00036129000000073574,123,A01,cross-session,AdaBN
140,32,1,0.0003624260000378854,123,A01,cross-session,AdaBN
141,32,1,0.0003592449999132441,123,A01,cross-session,AdaBN
142,32,0,0.0003874419999192469,123,A01,cross-session,AdaBN
143,32,0,0.00040316700005860184,123,A01,cross-session,AdaBN
144,32,1,0.00037033199998859345,123,A01,cross-session,AdaBN
145,32,1,0.0003647180000143635,123,A01,cross-session,AdaBN
146,32,0,0.0003533349999997881,123,A01,cross-session,AdaBN
147,32,0,0.0003700920000255792,123,A01,cross-session,AdaBN
148,32,1,0.0003710000000864966,123,A01,cross-session,AdaBN
149,32,1,0.00037345900000218535,123,A01,cross-session,AdaBN
150,32,1,0.0003684750000729764,123,A01,cross-session,AdaBN
151,32,1,0.00036170400005630654,123,A01,cross-session,AdaBN
152,32,1,0.00036213500004578236,123,A01,cross-session,AdaBN
153,32,1,0.00036964700007047213,123,A01,cross-session,AdaBN
154,32,0,0.00041317399995932647,123,A01,cross-session,AdaBN
155,32,1,0.00036280599999827245,123,A01,cross-session,AdaBN
156,32,0,0.0003603989999874102,123,A01,cross-session,AdaBN
157,32,1,0.00035370199998396856,123,A01,cross-session,AdaBN
158,32,1,0.0003606529999160557,123,A01,cross-session,AdaBN
159,32,0,0.00036695400001462986,123,A01,cross-session,AdaBN
160,32,1,0.000393517000020438,123,A01,cross-session,AdaBN
161,32,1,0.00037297599999419617,123,A01,cross-session,AdaBN
162,32,0,0.0003957320000154141,123,A01,cross-session,AdaBN
163,32,1,0.000372148999986166,123,A01,cross-session,AdaBN
164,32,0,0.0003865840000116805,123,A01,cross-session,AdaBN
165,32,1,0.0003696400000308131,123,A01,cross-session,AdaBN
166,32,0,0.00037303900001006696,123,A01,cross-session,AdaBN
167,32,1,0.00037898000005043286,123,A01,cross-session,AdaBN
168,32,1,0.00042159800000263203,123,A01,cross-session,AdaBN
169,32,1,0.00037317800001801515,123,A01,cross-session,AdaBN
170,32,1,0.0003500259999782429,123,A01,cross-session,AdaBN
171,32,0,0.0003898799999433322,123,A01,cross-session,AdaBN
172,32,1,0.0003682349999962753,123,A01,cross-session,AdaBN
173,32,1,0.0004140059999144796,123,A01,cross-session,AdaBN
174,32,0,0.0003953169999704187,123,A01,cross-session,AdaBN
175,32,0,0.00038194699993709946,123,A01,cross-session,AdaBN
176,32,1,0.0003704090000837823,123,A01,cross-session,AdaBN
177,32,1,0.00035756499994477053,123,A01,cross-session,AdaBN
178,32,1,0.0003766820000237203,123,A01,cross-session,AdaBN
179,32,0,0.00036856700000953424,123,A01,cross-session,AdaBN
180,32,1,0.0003923579999991489,123,A01,cross-session,AdaBN
181,32,1,0.00037715200005550287,123,A01,cross-session,AdaBN
182,32,0,0.00036456600003020867,123,A01,cross-session,AdaBN
183,32,1,0.0003976399999601199,123,A01,cross-session,AdaBN
184,32,1,0.0003874109999060238,123,A01,cross-session,AdaBN
185,32,1,0.00040300099999512895,123,A01,cross-session,AdaBN
186,32,1,0.0004338200000120196,123,A01,cross-session,AdaBN
187,32,0,0.0003589919999740232,123,A01,cross-session,AdaBN
188,32,1,0.00036235599998235557,123,A01,cross-session,AdaBN
189,32,1,0.0003759489999310972,123,A01,cross-session,AdaBN
190,32,1,0.00036378000004333444,123,A01,cross-session,AdaBN
191,32,1,0.00036216300009073166,123,A01,cross-session,AdaBN
192,32,1,0.00043324000000666274,123,A01,cross-session,AdaBN
193,32,1,0.0003756539999812958,123,A01,cross-session,AdaBN
194,32,0,0.0003664170000092781,123,A01,cross-session,AdaBN
195,32,0,0.0003599350000058621,123,A01,cross-session,AdaBN
196,32,1,0.0003656359999695269,123,A01,cross-session,AdaBN
197,32,1,0.000405471000021862,123,A01,cross-session,AdaBN
198,32,1,0.0004326469999114124,123,A01,cross-session,AdaBN
199,32,1,0.0003963369999837596,123,A01,cross-session,AdaBN
200,32,0,0.0003922810000176469,123,A01,cross-session,AdaBN
201,32,0,0.0003909179999936896,123,A01,cross-session,AdaBN
202,32,1,0.00042715400002180104,123,A01,cross-session,AdaBN
203,32,0,0.0003646470000830959,123,A01,cross-session,AdaBN
204,32,1,0.0003782269999419441,123,A01,cross-session,AdaBN
205,32,1,0.0003752449999865348,123,A01,cross-session,AdaBN
206,32,0,0.0003631370000221068,123,A01,cross-session,AdaBN
207,32,1,0.00041225099994335324,123,A01,cross-session,AdaBN
208,32,1,0.00040879300001961383,123,A01,cross-session,AdaBN
209,32,1,0.00037236299999676703,123,A01,cross-session,AdaBN
210,32,0,0.00040733100001943967,123,A01,cross-session,AdaBN
211,32,0,0.00036717199998292926,123,A01,cross-session,AdaBN
212,32,1,0.0003659090000383003,123,A01,cross-session,AdaBN
213,32,1,0.000391333000038685,123,A01,cross-session,AdaBN
214,32,0,0.00039093600003070605,123,A01,cross-session,AdaBN
215,32,1,0.0003665460000092935,123,A01,cross-session,AdaBN
216,32,0,0.0003829280000218205,123,A01,cross-session,AdaBN
217,32,1,0.0003799439999738752,123,A01,cross-session,AdaBN
218,32,0,0.00038344400002188195,123,A01,cross-session,AdaBN
219,32,1,0.00035823600001094746,123,A01,cross-session,AdaBN
220,32,1,0.000380232999987129,123,A01,cross-session,AdaBN
221,32,1,0.0003836559999399469,123,A01,cross-session,AdaBN
222,32,1,0.0004172389999439474,123,A01,cross-session,AdaBN
223,32,1,0.0003791709999632076,123,A01,cross-session,AdaBN
224,32,0,0.00041871700000228884,123,A01,cross-session,AdaBN
225,32,1,0.00039108199996462645,123,A01,cross-session,AdaBN
226,32,0,0.00037293000002591725,123,A01,cross-session,AdaBN
227,32,1,0.0003938390000257641,123,A01,cross-session,AdaBN
228,32,0,0.0003560029999789549,123,A01,cross-session,AdaBN
229,32,1,0.00036277899994274776,123,A01,cross-session,AdaBN
230,32,1,0.00039259899995158776,123,A01,cross-session,AdaBN
231,32,0,0.0003697199999805889,123,A01,cross-session,AdaBN
232,32,0,0.0003802649999897767,123,A01,cross-session,AdaBN
233,32,1,0.0003738640000392479,123,A01,cross-session,AdaBN
234,32,1,0.00037041299992779386,123,A01,cross-session,AdaBN
235,32,1,0.0003571979999605901,123,A01,cross-session,AdaBN
236,32,0,0.000399587999936557,123,A01,cross-session,AdaBN
237,32,1,0.0003955410001026394,123,A01,cross-session,AdaBN
238,32,1,0.00036323099993751384,123,A01,cross-session,AdaBN
239,32,0,0.0003557879999789293,123,A01,cross-session,AdaBN
240,32,0,0.0003803079999897818,123,A01,cross-session,AdaBN
241,32,1,0.00036705100001199753,123,A01,cross-session,AdaBN
242,32,1,0.0003991519999999582,123,A01,cross-session,AdaBN
243,32,1,0.00042916600000353355,123,A01,cross-session,AdaBN
244,32,1,0.0003734650000524198,123,A01,cross-session,AdaBN
245,32,1,0.00038570399999571237,123,A01,cross-session,AdaBN
246,32,1,0.00037388999999166117,123,A01,cross-session,AdaBN
247,32,1,0.0003618729999743664,123,A01,cross-session,AdaBN
248,32,1,0.00037809900004504016,123,A01,cross-session,AdaBN
249,32,1,0.00043156599997473677,123,A01,cross-session,AdaBN
250,32,1,0.0003888070000357402,123,A01,cross-session,AdaBN
251,32,0,0.0003953140000021449,123,A01,cross-session,AdaBN
252,32,1,0.00040679599999293714,123,A01,cross-session,AdaBN
253,32,1,0.00039023499994073063,123,A01,cross-session,AdaBN
254,32,1,0.0003625229999215662,123,A01,cross-session,AdaBN
255,32,1,0.000383828999929392,123,A01,cross-session,AdaBN
256,32,1,0.0003718599999729122,123,A01,cross-session,AdaBN
257,32,1,0.00036432399997465836,123,A01,cross-session,AdaBN
258,32,1,0.00037060499994368,123,A01,cross-session,AdaBN
259,32,1,0.00036458700003549893,123,A01,cross-session,AdaBN
260,32,0,0.00039449400003377377,123,A01,cross-session,AdaBN
261,32,1,0.0003661739999643032,123,A01,cross-session,AdaBN
262,32,1,0.0003578959999686049,123,A01,cross-session,AdaBN
263,32,0,0.0003901629999063516,123,A01,cross-session,AdaBN
264,32,1,0.000391907999983232,123,A01,cross-session,AdaBN
265,32,1,0.00036065400001916714,123,A01,cross-session,AdaBN
266,32,1,0.0003739449999784483,123,A01,cross-session,AdaBN
267,32,0,0.000419609000005039,123,A01,cross-session,AdaBN
268,32,1,0.00036796200004118873,123,A01,cross-session,AdaBN
269,32,0,0.0003787679999049942,123,A01,cross-session,AdaBN
270,32,1,0.0004081229999428615,123,A01,cross-session,AdaBN
271,32,1,0.0003680009999698086,123,A01,cross-session,AdaBN
272,32,1,0.000402592000000368,123,A01,cross-session,AdaBN
273,32,0,0.000397670999973343,123,A01,cross-session,AdaBN
274,32,1,0.00038827999992463447,123,A01,cross-session,AdaBN
275,32,0,0.0003770319999603089,123,A01,cross-session,AdaBN
276,32,1,0.00036498700001175166,123,A01,cross-session,AdaBN
277,32,0,0.0003521339999679185,123,A01,cross-session,AdaBN
278,32,0,0.00041161900003316987,123,A01,cross-session,AdaBN
279,32,1,0.00041381900007309014,123,A01,cross-session,AdaBN
280,32,1,0.00038063900001361617,123,A01,cross-session,AdaBN
281,32,0,0.00037325200003124337,123,A01,cross-session,AdaBN
282,32,0,0.00036860099999103113,123,A01,cross-session,AdaBN
283,32,0,0.0003554610000264802,123,A01,cross-session,AdaBN
284,32,0,0.0003577540001060697,123,A01,cross-session,AdaBN
285,32,1,0.00040004000004500995,123,A01,cross-session,AdaBN
286,32,1,0.0004000369999630493,123,A01,cross-session,AdaBN
287,32,0,0.00039181500005724956,123,A01,cross-session,AdaBN
0,1,1,0.0007638240000460428,123,A02,cross-session,AdaBN
1,2,1,0.0006258759999582253,123,A02,cross-session,AdaBN
2,3,0,0.0006050739999636789,123,A02,cross-session,AdaBN
3,4,0,0.0005417909999323456,123,A02,cross-session,AdaBN
4,5,0,0.0005936490000522099,123,A02,cross-session,AdaBN
5,6,1,0.0006140520000599281,123,A02,cross-session,AdaBN
6,7,0,0.0006493089999821677,123,A02,cross-session,AdaBN
7,8,0,0.0011673590000782497,123,A02,cross-session,AdaBN
8,9,1,0.0006327030000647937,123,A02,cross-session,AdaBN
9,10,0,0.0005235559999618999,123,A02,cross-session,AdaBN
10,11,0,0.0004770089999510674,123,A02,cross-session,AdaBN
11,12,0,0.000474274999987756,123,A02,cross-session,AdaBN
12,13,0,0.00046363299998120056,123,A02,cross-session,AdaBN
13,14,0,0.0004307560000142985,123,A02,cross-session,AdaBN
14,15,0,0.00046735300009004277,123,A02,cross-session,AdaBN
15,16,1,0.00047495199999048054,123,A02,cross-session,AdaBN
16,17,0,0.00044583699991562753,123,A02,cross-session,AdaBN
17,18,0,0.0004763360000197281,123,A02,cross-session,AdaBN
18,19,0,0.0005087279999997918,123,A02,cross-session,AdaBN
19,20,0,0.0004583670000783968,123,A02,cross-session,AdaBN
20,21,0,0.0004520090000141863,123,A02,cross-session,AdaBN
21,22,1,0.0004554820000066684,123,A02,cross-session,AdaBN
22,23,0,0.00048253500006012473,123,A02,cross-session,AdaBN
23,24,0,0.00048460900006830343,123,A02,cross-session,AdaBN
24,25,0,0.000496148000024732,123,A02,cross-session,AdaBN
25,26,1,0.0004609489999438665,123,A02,cross-session,AdaBN
26,27,0,0.000412090000054377,123,A02,cross-session,AdaBN
27,28,0,0.0004291209999109924,123,A02,cross-session,AdaBN
28,29,0,0.0004724809999743229,123,A02,cross-session,AdaBN
29,30,1,0.0004137010000704322,123,A02,cross-session,AdaBN
30,31,0,0.00044216900005267235,123,A02,cross-session,AdaBN
31,32,1,0.0004316790000302717,123,A02,cross-session,AdaBN
32,32,1,0.00041766699996514944,123,A02,cross-session,AdaBN
33,32,1,0.00043654900002820796,123,A02,cross-session,AdaBN
34,32,0,0.00041677700005493534,123,A02,cross-session,AdaBN
35,32,1,0.0003908269999328695,123,A02,cross-session,AdaBN
36,32,0,0.00041379200001756544,123,A02,cross-session,AdaBN
37,32,0,0.0004101549999404597,123,A02,cross-session,AdaBN
38,32,0,0.0004033920000665603,123,A02,cross-session,AdaBN
39,32,0,0.0003903250000121261,123,A02,cross-session,AdaBN
40,32,1,0.0003870619999588598,123,A02,cross-session,AdaBN
41,32,0,0.00038402599989240116,123,A02,cross-session,AdaBN
42,32,1,0.00040314699992904934,123,A02,cross-session,AdaBN
43,32,0,0.00039348599989352806,123,A02,cross-session,AdaBN
44,32,0,0.0003986560000157624,123,A02,cross-session,AdaBN
45,32,1,0.00038611200000104873,123,A02,cross-session,AdaBN
46,32,0,0.0003927599999542508,123,A02,cross-session,AdaBN
47,32,0,0.00040048900007150223,123,A02,cross-session,AdaBN
48,32,0,0.00040450200003760983,123,A02,cross-session,AdaBN
49,32,0,0.0004360059999726218,123,A02,cross-session,AdaBN
50,32,0,0.0004299760000776587,123,A02,cross-session,AdaBN
51,32,0,0.0004165530000364015,123,A02,cross-session,AdaBN
52,32,1,0.00041873699990446767,123,A02,cross-session,AdaBN
53,32,1,0.0004010139999763851,123,A02,cross-session,AdaBN
54,32,0,0.000401896999960627,123,A02,cross-session,AdaBN
55,32,0,0.0004213139999365012,123,A02,cross-session,AdaBN
56,32,0,0.000389165999990837,123,A02,cross-session,AdaBN
57,32,0,0.00041357500003869063,123,A02,cross-session,AdaBN
58,32,1,0.00042423500008226256,123,A02,cross-session,AdaBN
59,32,1,0.0004042619999609087,123,A02,cross-session,AdaBN
60,32,1,0.00042003199996543117,123,A02,cross-session,AdaBN
61,32,0,0.0004029199999422417,123,A02,cross-session,AdaBN
62,32,0,0.000397957000018323,123,A02,cross-session,AdaBN
63,32,1,0.0004041380000217032,123,A02,cross-session,AdaBN
64,32,1,0.00039101899994875566,123,A02,cross-session,AdaBN
65,32,1,0.00038752000000386033,123,A02,cross-session,AdaBN
66,32,0,0.0003896999999142281,123,A02,cross-session,AdaBN
67,32,1,0.0003781159999789452,123,A02,cross-session,AdaBN
68,32,0,0.000403796999989936,123,A02,cross-session,AdaBN
69,32,1,0.0004109999999855063,123,A02,cross-session,AdaBN
70,32,0,0.0004109000000198648,123,A02,cross-session,AdaBN
71,32,0,0.0004034390000242638,123,A02,cross-session,AdaBN
72,32,0,0.0004134929999963788,123,A02,cross-session,AdaBN
73,32,0,0.00042476900000565365,123,A02,cross-session,AdaBN
74,32,0,0.0004009460000133913,123,A02,cross-session,AdaBN
75,32,0,0.00038692999999057065,123,A02,cross-session,AdaBN
76,32,1,0.0003929179999886401,123,A02,cross-session,AdaBN
77,32,0,0.0003897510000570037,123,A02,cross-session,AdaBN
78,32,0,0.00038668000001962355,123,A02,cross-session,AdaBN
79,32,0,0.0005038240000203587,123,A02,cross-session,AdaBN
80,32,1,0.0003797980000399548,123,A02,cross-session,AdaBN
81,32,0,0.00036244700004317565,123,A02,cross-session,AdaBN
82,32,1,0.00038327499999013526,123,A02,cross-session,AdaBN
83,32,0,0.0003630319999956555,123,A02,cross-session,AdaBN
84,32,0,0.00038886300001195195,123,A02,cross-session,AdaBN
85,32,1,0.00037064200000713754,123,A02,cross-session,AdaBN
86,32,0,0.0003589240000110294,123,A02,cross-session,AdaBN
87,32,1,0.00035855099997661455,123,A02,cross-session,AdaBN
88,32,0,0.00036187700004575163,123,A02,cross-session,AdaBN
89,32,0,0.00036646599994583084,123,A02,cross-session,AdaBN
90,32,0,0.0003650429999879634,123,A02,cross-session,AdaBN
91,32,1,0.00041815700001279765,123,A02,cross-session,AdaBN
92,32,0,0.0004063289999294284,123,A02,cross-session,AdaBN
93,32,1,0.0003943269999808763,123,A02,cross-session,AdaBN
94,32,0,0.00040335300002425356,123,A02,cross-session,AdaBN
95,32,0,0.0003947510000443799,123,A02,cross-session,AdaBN
96,32,0,0.0003743140000551648,123,A02,cross-session,AdaBN
97,32,0,0.00037208600008398207,123,A02,cross-session,AdaBN
98,32,1,0.00036740300004112214,123,A02,cross-session,AdaBN
99,32,0,0.0003748770000129298,123,A02,cross-session,AdaBN
100,32,1,0.00036846900002274197,123,A02,cross-session,AdaBN
101,32,1,0.000368820000062442,123,A02,cross-session,AdaBN
102,32,0,0.0003718890000072861,123,A02,cross-session,AdaBN
103,32,0,0.00036336899995603744,123,A02,cross-session,AdaBN
104,32,0,0.0003780569999207728,123,A02,cross-session,AdaBN
105,32,0,0.00037279299999681825,123,A02,cross-session,AdaBN
106,32,0,0.0003635560000248006,123,A02,cross-session,AdaBN
107,32,1,0.0003649230000064563,123,A02,cross-session,AdaBN
108,32,0,0.00037085100007061556,123,A02,cross-session,AdaBN
109,32,1,0.00038640100001430255,123,A02,cross-session,AdaBN
110,32,0,0.00038816500000393717,123,A02,cross-session,AdaBN
111,32,0,0.0003665899999987232,123,A02,cross-session,AdaBN
112,32,0,0.00036488799992184795,123,A02,cross-session,AdaBN
113,32,1,0.0003978189999997994,123,A02,cross-session,AdaBN
114,32,0,0.00039801399998395937,123,A02,cross-session,AdaBN
115,32,0,0.00037426200003665144,123,A02,cross-session,AdaBN
116,32,0,0.00038623199998255586,123,A02,cross-session,AdaBN
117,32,0,0.00039350600002308056,123,A02,cross-session,AdaBN
118,32,0,0.000365169000019705,123,A02,cross-session,AdaBN
119,32,0,0.0003742569999758416,123,A02,cross-session,AdaBN
120,32,1,0.0003682479999724819,123,A02,cross-session,AdaBN
121,32,0,0.0003796230000716605,123,A02,cross-session,AdaBN
122,32,0,0.0003620520000140459,123,A02,cross-session,AdaBN
123,32,0,0.0003634189999957016,123,A02,cross-session,AdaBN
124,32,0,0.00037670199992589914,123,A02,cross-session,AdaBN
125,32,0,0.00039198900003611925,123,A02,cross-session,AdaBN
126,32,0,0.00036269400004584895,123,A02,cross-session,AdaBN
127,32,0,0.0004060129999743367,123,A02,cross-session,AdaBN
128,32,0,0.00040022199993927643,123,A02,cross-session,AdaBN
129,32,0,0.0003672469999855821,123,A02,cross-session,AdaBN
130,32,0,0.0003643509999164962,123,A02,cross-session,AdaBN
131,32,0,0.00036759199997504766,123,A02,cross-session,AdaBN
132,32,1,0.00037528400002884155,123,A02,cross-session,AdaBN
133,32,1,0.0003651119999403818,123,A02,cross-session,AdaBN
134,32,0,0.00038433199995324685,123,A02,cross-session,AdaBN
135,32,0,0.00040771299995867594,123,A02,cross-session,AdaBN
136,32,0,0.0003941669999676378,123,A02,cross-session,AdaBN
137,32,0,0.0004064379999135781,123,A02,cross-session,AdaBN
138,32,1,0.0003824450000138313,123,A02,cross-session,AdaBN
139,32,0,0.0003781440000238945,123,A02,cross-session,AdaBN
140,32,1,0.00036765100003322004,123,A02,cross-session,AdaBN
141,32,1,0.0003699270000652177,123,A02,cross-session,AdaBN
142,32,1,0.00036312700001417397,123,A02,cross-session,AdaBN
143,32,0,0.0003653960000065126,123,A02,cross-session,AdaBN
144,32,0,0.0003606740000350328,123,A02,cross-session,AdaBN
145,32,0,0.0003829280000218205,123,A02,cross-session,AdaBN
146,32,0,0.00040676799994798785,123,A02,cross-session,AdaBN
147,32,0,0.0004082269999798882,123,A02,cross-session,AdaBN
148,32,0,0.0003975880000552934,123,A02,cross-session,AdaBN
149,32,1,0.0003761919999760721,123,A02,cross-session,AdaBN
150,32,0,0.0003783619999921939,123,A02,cross-session,AdaBN
151,32,1,0.0003610500000377215,123,A02,cross-session,AdaBN
152,32,1,0.0003631789999190005,123,A02,cross-session,AdaBN
153,32,0,0.0003575389999923573,123,A02,cross-session,AdaBN
154,32,0,0.00036421400000108406,123,A02,cross-session,AdaBN
155,32,0,0.00037728899997091503,123,A02,cross-session,AdaBN
156,32,0,0.00036294999995334365,123,A02,cross-session,AdaBN
157,32,0,0.00039388100003634463,123,A02,cross-session,AdaBN
158,32,0,0.00037571699999716657,123,A02,cross-session,AdaBN
159,32,0,0.0003633909999507523,123,A02,cross-session,AdaBN
160,32,1,0.00037051599997539597,123,A02,cross-session,AdaBN
161,32,0,0.00039554600004976237,123,A02,cross-session,AdaBN
162,32,1,0.00036714399993797997,123,A02,cross-session,AdaBN
163,32,0,0.0003646589999561911,123,A02,cross-session,AdaBN
164,32,0,0.00040018699996835494,123,A02,cross-session,AdaBN
165,32,0,0.00038460200005374645,123,A02,cross-session,AdaBN
166,32,0,0.0003859619999957431,123,A02,cross-session,AdaBN
167,32,0,0.00038892500003839814,123,A02,cross-session,AdaBN
168,32,0,0.00037325799996779097,123,A02,cross-session,AdaBN
169,32,0,0.00041398099995149096,123,A02,cross-session,AdaBN
170,32,0,0.00037714600000526843,123,A02,cross-session,AdaBN
171,32,1,0.00046409100002620107,123,A02,cross-session,AdaBN
172,32,0,0.00037406399997053086,123,A02,cross-session,AdaBN
173,32,1,0.00039833399989674945,123,A02,cross-session,AdaBN
174,32,0,0.00040507599999273225,123,A02,cross-session,AdaBN
175,32,1,0.0004068040000220208,123,A02,cross-session,AdaBN
176,32,0,0.00040991800005940604,123,A02,cross-session,AdaBN
177,32,1,0.00040024500003710273,123,A02,cross-session,AdaBN
178,32,0,0.0003789049999340932,123,A02,cross-session,AdaBN
179,32,0,0.0003878290000329798,123,A02,cross-session,AdaBN
180,32,0,0.0003929580000203714,123,A02,cross-session,AdaBN
181,32,0,0.0003684460000386025,123,A02,cross-session,AdaBN
182,32,1,0.00036790100000416714,123,A02,cross-session,AdaBN
183,32,1,0.0003738970000313202,123,A02,cross-session,AdaBN
184,32,0,0.0003767460000290157,123,A02,cross-session,AdaBN
185,32,0,0.000396538000018154,123,A02,cross-session,AdaBN
186,32,0,0.00041567099992789736,123,A02,cross-session,AdaBN
187,32,0,0.00039256200000181707,123,A02,cross-session,AdaBN
188,32,0,0.0003779780000741084,123,A02,cross-session,AdaBN
189,32,0,0.0003701650000493828,123,A02,cross-session,AdaBN
190,32,0,0.00037278800004969526,123,A02,cross-session,AdaBN
191,32,0,0.00037061499995161284,123,A02,cross-session,AdaBN
192,32,0,0.0003840629999558587,123,A02,cross-session,AdaBN
193,32,1,0.0003787910000028205,123,A02,cross-session,AdaBN
194,32,1,0.00036895499999900494,123,A02,cross-session,AdaBN
195,32,0,0.0003726630000073783,123,A02,cross-session,AdaBN
196,32,0,0.0003835310000113168,123,A02,cross-session,AdaBN
197,32,0,0.0003865280000354687,123,A02,cross-session,AdaBN
198,32,0,0.00041280900006768206,123,A02,cross-session,AdaBN
199,32,1,0.00038530500000888424,123,A02,cross-session,AdaBN
200,32,1,0.00038764299995364127,123,A02,cross-session,AdaBN
201,32,0,0.00038280600006146415,123,A02,cross-session,AdaBN
202,32,1,0.0003702189999330585,123,A02,cross-session,AdaBN
203,32,1,0.0003596560000005411,123,A02,cross-session,AdaBN
204,32,0,0.0003704939999806811,123,A02,cross-session,AdaBN
205,32,1,0.00037263300009726663,123,A02,cross-session,AdaBN
206,32,0,0.00037180899994382344,123,A02,cross-session,AdaBN
207,32,1,0.0004133810000439553,123,A02,cross-session,AdaBN
208,32,0,0.00040915199997471063,123,A02,cross-session,AdaBN
209,32,0,0.0004027600000426901,123,A02,cross-session,AdaBN
210,32,1,0.00037958600000820297,123,A02,cross-session,AdaBN
211,32,0,0.000380221000000347,123,A02,cross-session,AdaBN
212,32,1,0.00037771699999211705,123,A02,cross-session,AdaBN
213,32,0,0.0003633879999824785,123,A02,cross-session,AdaBN
214,32,1,0.0003579749999289561,123,A02,cross-session,AdaBN
215,32,0,0.0003624629999876561,123,A02,cross-session,AdaBN
216,32,0,0.0003773869999577073,123,A02,cross-session,AdaBN
217,32,0,0.00041214899999886256,123,A02,cross-session,AdaBN
218,32,1,0.00036939700009952503,123,A02,cross-session,AdaBN
219,32,1,0.00038474699999824225,123,A02,cross-session,AdaBN
220,32,1,0.0004090639999958512,123,A02,cross-session,AdaBN
221,32,0,0.0003870520000646138,123,A02,cross-session,AdaBN
222,32,0,0.0003841049999664392,123,A02,cross-session,AdaBN
223,32,0,0.00037306300009731785,123,A02,cross-session,AdaBN
224,32,0,0.00038756300000386545,123,A02,cross-session,AdaBN
225,32,0,0.00036371300006976526,123,A02,cross-session,AdaBN
226,32,0,0.0003628299999718365,123,A02,cross-session,AdaBN
227,32,0,0.00037518699991778703,123,A02,cross-session,AdaBN
228,32,0,0.000375586000018302,123,A02,cross-session,AdaBN
229,32,1,0.0003606369999715753,123,A02,cross-session,AdaBN
230,32,1,0.0004139070000519496,123,A02,cross-session,AdaBN
231,32,0,0.00037573200006590923,123,A02,cross-session,AdaBN
232,32,1,0.0003687240000544989,123,A02,cross-session,AdaBN
233,32,0,0.0004089579999799753,123,A02,cross-session,AdaBN
234,32,0,0.0003731939999624956,123,A02,cross-session,AdaBN
235,32,1,0.0004052749999345906,123,A02,cross-session,AdaBN
236,32,0,0.0003881879999880766,123,A02,cross-session,AdaBN
237,32,0,0.0004151969999384164,123,A02,cross-session,AdaBN
238,32,1,0.0003960159999678581,123,A02,cross-session,AdaBN
239,32,1,0.00037638799994965666,123,A02,cross-session,AdaBN
240,32,0,0.00044988799993461726,123,A02,cross-session,AdaBN
241,32,0,0.0003746400000181893,123,A02,cross-session,AdaBN
242,32,0,0.00037119700004950573,123,A02,cross-session,AdaBN
243,32,0,0.00038529199991899077,123,A02,cross-session,AdaBN
244,32,0,0.0003804819999686515,123,A02,cross-session,AdaBN
245,32,0,0.00037662500005808397,123,A02,cross-session,AdaBN
246,32,1,0.00036443199996938347,123,A02,cross-session,AdaBN
247,32,0,0.00037507000001824053,123,A02,cross-session,AdaBN
248,32,0,0.0003691609999805223,123,A02,cross-session,AdaBN
249,32,1,0.00037897300001077383,123,A02,cross-session,AdaBN
250,32,0,0.00038260300004822057,123,A02,cross-session,AdaBN
251,32,1,0.00039737400004469237,123,A02,cross-session,AdaBN
252,32,0,0.0003655379999827346,123,A02,cross-session,AdaBN
253,32,0,0.0003607380000403282,123,A02,cross-session,AdaBN
254,32,1,0.00038449800001671974,123,A02,cross-session,AdaBN
255,32,0,0.0004058629999690311,123,A02,cross-session,AdaBN
256,32,0,0.0003797020000320117,123,A02,cross-session,AdaBN
257,32,1,0.00039758399998390814,123,A02,cross-session,AdaBN
258,32,0,0.00038956200000939134,123,A02,cross-session,AdaBN
259,32,0,0.00037102999999660824,123,A02,cross-session,AdaBN
260,32,1,0.0003652740000461563,123,A02,cross-session,AdaBN
261,32,0,0.00036596500001451204,123,A02,cross-session,AdaBN
262,32,0,0.0004005539999525354,123,A02,cross-session,AdaBN
263,32,0,0.0003824130000111836,123,A02,cross-session,AdaBN
264,32,0,0.0004036560000031386,123,A02,cross-session,AdaBN
265,32,0,0.00035857700004271464,123,A02,cross-session,AdaBN
266,32,1,0.00036286400006702024,123,A02,cross-session,AdaBN
267,32,0,0.00036355099996399076,123,A02,cross-session,AdaBN
268,32,0,0.0003566709999631712,123,A02,cross-session,AdaBN
269,32,0,0.00036220100002992694,123,A02,cross-session,AdaBN
270,32,0,0.0003757700000051045,123,A02,cross-session,AdaBN
271,32,0,0.0003856370000221432,123,A02,cross-session,AdaBN
272,32,0,0.0003878349999695274,123,A02,cross-session,AdaBN
273,32,0,0.00040603299999020237,123,A02,cross-session,AdaBN
274,32,0,0.0003751459998966311,123,A02,cross-session,AdaBN
275,32,0,0.00036262399999031913,123,A02,cross-session,AdaBN
276,32,0,0.00038151100000050064,123,A02,cross-session,AdaBN
277,32,0,0.00038674699999319273,123,A02,cross-session,AdaBN
278,32,0,0.00038891099995908007,123,A02,cross-session,AdaBN
279,32,0,0.00040524400003505434,123,A02,cross-session,AdaBN
280,32,0,0.00036086900001919275,123,A02,cross-session,AdaBN
281,32,0,0.00035901599994758726,123,A02,cross-session,AdaBN
282,32,1,0.00037238099992009666,123,A02,cross-session,AdaBN
283,32,1,0.00036919800004397985,123,A02,cross-session,AdaBN
284,32,0,0.00036094799997954397,123,A02,cross-session,AdaBN
285,32,1,0.0003934860000072149,123,A02,cross-session,AdaBN
286,32,0,0.00036743000009664684,123,A02,cross-session,AdaBN
287,32,1,0.0003610029999663311,123,A02,cross-session,AdaBN
0,1,0,0.0005487569999331754,123,A03,cross-session,AdaBN
1,2,1,0.0004830329999094829,123,A03,cross-session,AdaBN
2,3,0,0.00045427099996686593,123,A03,cross-session,AdaBN
3,4,1,0.0004783450000331868,123,A03,cross-session,AdaBN
4,5,1,0.0004618140000047788,123,A03,cross-session,AdaBN
5,6,1,0.0004485400000930895,123,A03,cross-session,AdaBN
6,7,1,0.0004240110000637287,123,A03,cross-session,AdaBN
7,8,0,0.00042433400005847943,123,A03,cross-session,AdaBN
8,9,1,0.00045572199996968266,123,A03,cross-session,AdaBN
9,10,0,0.00047951400006240874,123,A03,cross-session,AdaBN
10,11,1,0.00045198600003004685,123,A03,cross-session,AdaBN
11,12,0,0.00046306299998377654,123,A03,cross-session,AdaBN
12,13,1,0.00044541499994465994,123,A03,cross-session,AdaBN
13,14,0,0.00044023999998898944,123,A03,cross-session,AdaBN
14,15,1,0.00046307100001286017,123,A03,cross-session,AdaBN
15,16,1,0.00045151800009080034,123,A03,cross-session,AdaBN
16,17,1,0.0004183289998991313,123,A03,cross-session,AdaBN
17,18,1,0.0004693000000770553,123,A03,cross-session,AdaBN
18,19,1,0.00047256000004836096,123,A03,cross-session,AdaBN
19,20,1,0.0004777750000357628,123,A03,cross-session,AdaBN
20,21,1,0.00044193400003678107,123,A03,cross-session,AdaBN
21,22,1,0.0004238739999209429,123,A03,cross-session,AdaBN
22,23,1,0.0004382880000548539,123,A03,cross-session,AdaBN
23,24,1,0.0004320180000831897,123,A03,cross-session,AdaBN
24,25,0,0.00044020300003921875,123,A03,cross-session,AdaBN
25,26,1,0.00044734999994489044,123,A03,cross-session,AdaBN
26,27,1,0.00046566799994707253,123,A03,cross-session,AdaBN
27,28,0,0.00043403700010458124,123,A03,cross-session,AdaBN
28,29,0,0.000436840000020311,123,A03,cross-session,AdaBN
29,30,0,0.0004051580000350441,123,A03,cross-session,AdaBN
30,31,1,0.00039579700001013407,123,A03,cross-session,AdaBN
31,32,1,0.00041074399996432476,123,A03,cross-session,AdaBN
32,32,1,0.0004339700000173252,123,A03,cross-session,AdaBN
33,32,1,0.0004075519999560129,123,A03,cross-session,AdaBN
34,32,1,0.0004256729999951858,123,A03,cross-session,AdaBN
35,32,1,0.0004020049999553521,123,A03,cross-session,AdaBN
36,32,1,0.00039676899996266,123,A03,cross-session,AdaBN
37,32,1,0.0003951179999148735,123,A03,cross-session,AdaBN
38,32,1,0.0003979979999257921,123,A03,cross-session,AdaBN
39,32,0,0.00037722499996561965,123,A03,cross-session,AdaBN
40,32,0,0.00043249200007267063,123,A03,cross-session,AdaBN
41,32,1,0.0004200869999522183,123,A03,cross-session,AdaBN
42,32,0,0.0004357589999699485,123,A03,cross-session,AdaBN
43,32,0,0.00040208999996593775,123,A03,cross-session,AdaBN
44,32,1,0.0003959209999493396,123,A03,cross-session,AdaBN
45,32,1,0.0004213829998889196,123,A03,cross-session,AdaBN
46,32,1,0.00038700400000379886,123,A03,cross-session,AdaBN
47,32,1,0.00040215499996065773,123,A03,cross-session,AdaBN
48,32,0,0.00040851200003544363,123,A03,cross-session,AdaBN
49,32,0,0.00044385900002907874,123,A03,cross-session,AdaBN
50,32,1,0.0003862680000565888,123,A03,cross-session,AdaBN
51,32,1,0.00037548700004208513,123,A03,cross-session,AdaBN
52,32,1,0.00037883799996052403,123,A03,cross-session,AdaBN
53,32,1,0.00041267599999628146,123,A03,cross-session,AdaBN
54,32,1,0.0003671579999036112,123,A03,cross-session,AdaBN
55,32,1,0.000409418000003825,123,A03,cross-session,AdaBN
56,32,1,0.0003804379999792218,123,A03,cross-session,AdaBN
57,32,0,0.00037647900001047674,123,A03,cross-session,AdaBN
58,32,0,0.0004045659999292184,123,A03,cross-session,AdaBN
59,32,0,0.000374462999957359,123,A03,cross-session,AdaBN
60,32,1,0.00038688600000114093,123,A03,cross-session,AdaBN
61,32,1,0.00038081200000306126,123,A03,cross-session,AdaBN
62,32,1,0.0004286900000352034,123,A03,cross-session,AdaBN
63,32,1,0.00039325800003098266,123,A03,cross-session,AdaBN
64,32,1,0.00038158200004545506,123,A03,cross-session,AdaBN
65,32,1,0.0003853550000485484,123,A03,cross-session,AdaBN
66,32,1,0.00037434699993355025,123,A03,cross-session,AdaBN
67,32,1,0.0003900640000438216,123,A03,cross-session,AdaBN
68,32,1,0.00037585600000511477,123,A03,cross-session,AdaBN
69,32,0,0.0004345219999777328,123,A03,cross-session,AdaBN
70,32,1,0.0004167779999306731,123,A03,cross-session,AdaBN
71,32,0,0.0003744269999970129,123,A03,cross-session,AdaBN
72,32,1,0.0003640539999878456,123,A03,cross-session,AdaBN
73,32,1,0.00041022700008852553,123,A03,cross-session,AdaBN
74,32,1,0.00038875400002780225,123,A03,cross-session,AdaBN
75,32,1,0.0003622680000034961,123,A03,cross-session,AdaBN
76,32,1,0.00046554800007925223,123,A03,cross-session,AdaBN
77,32,1,0.00037042400003883813,123,A03,cross-session,AdaBN
78,32,1,0.0003902140000491272,123,A03,cross-session,AdaBN
79,32,1,0.00041143800001464115,123,A03,cross-session,AdaBN
80,32,1,0.00039139800003340497,123,A03,cross-session,AdaBN
81,32,0,0.00039011300009406114,123,A03,cross-session,AdaBN
82,32,1,0.00041949199999180564,123,A03,cross-session,AdaBN
83,32,1,0.0003730339999492571,123,A03,cross-session,AdaBN
84,32,1,0.00036005399999794463,123,A03,cross-session,AdaBN
85,32,0,0.0003609510000615046,123,A03,cross-session,AdaBN
86,32,1,0.0003603830000429298,123,A03,cross-session,AdaBN
87,32,1,0.0003718120000257841,123,A03,cross-session,AdaBN
88,32,1,0.00036726300004374934,123,A03,cross-session,AdaBN
89,32,0,0.00040851400001429283,123,A03,cross-session,AdaBN
90,32,1,0.000386423999998442,123,A03,cross-session,AdaBN
91,32,0,0.0003921090000176264,123,A03,cross-session,AdaBN
92,32,1,0.000374534999991738,123,A03,cross-session,AdaBN
93,32,1,0.0003649409999297859,123,A03,cross-session,AdaBN
94,32,0,0.0003710989999490266,123,A03,cross-session,AdaBN
95,32,1,0.0004222939999181108,123,A03,cross-session,AdaBN
96,32,1,0.0003888899999537898,123,A03,cross-session,AdaBN
97,32,1,0.00038185900007192686,123,A03,cross-session,AdaBN
98,32,0,0.00039100600008623587,123,A03,cross-session,AdaBN
99,32,1,0.00039434100006019435,123,A03,cross-session,AdaBN
100,32,1,0.0003619370000933486,123,A03,cross-session,AdaBN
101,32,0,0.00039363100006539753,123,A03,cross-session,AdaBN
102,32,1,0.0003802580000638045,123,A03,cross-session,AdaBN
103,32,0,0.0003865999999561609,123,A03,cross-session,AdaBN
104,32,1,0.00038326000003507943,123,A03,cross-session,AdaBN
105,32,1,0.0004051910000271164,123,A03,cross-session,AdaBN
106,32,0,0.00037539499999184045,123,A03,cross-session,AdaBN
107,32,0,0.0004088199999614517,123,A03,cross-session,AdaBN
108,32,0,0.00042846600001666957,123,A03,cross-session,AdaBN
109,32,0,0.0003716480000548472,123,A03,cross-session,AdaBN
110,32,0,0.0003596929999503118,123,A03,cross-session,AdaBN
111,32,1,0.0003880709999748433,123,A03,cross-session,AdaBN
112,32,1,0.00036217399997440225,123,A03,cross-session,AdaBN
113,32,1,0.00039357200000722514,123,A03,cross-session,AdaBN
114,32,1,0.000437345000023015,123,A03,cross-session,AdaBN
115,32,0,0.00038059999997130944,123,A03,cross-session,AdaBN
116,32,1,0.0003947140000946092,123,A03,cross-session,AdaBN
117,32,0,0.0003805299999157796,123,A03,cross-session,AdaBN
118,32,1,0.0003836479999108633,123,A03,cross-session,AdaBN
119,32,0,0.0003884940000489223,123,A03,cross-session,AdaBN
120,32,1,0.0003825609999239532,123,A03,cross-session,AdaBN
121,32,1,0.000398308000058023,123,A03,cross-session,AdaBN
122,32,0,0.00038172500001110166,123,A03,cross-session,AdaBN
123,32,1,0.00037792299997363443,123,A03,cross-session,AdaBN
124,32,1,0.0003675970000358575,123,A03,cross-session,AdaBN
125,32,1,0.0003934929999331871,123,A03,cross-session,AdaBN
126,32,0,0.0003894139999829349,123,A03,cross-session,AdaBN
127,32,1,0.00039713899991511425,123,A03,cross-session,AdaBN
128,32,0,0.00038657899995087064,123,A03,cross-session,AdaBN
129,32,0,0.0003715100000363236,123,A03,cross-session,AdaBN
130,32,1,0.00037771300003441866,123,A03,cross-session,AdaBN
131,32,1,0.000381086999936997,123,A03,cross-session,AdaBN
132,32,1,0.00042119399995499407,123,A03,cross-session,AdaBN
133,32,1,0.00037494299999707437,123,A03,cross-session,AdaBN
134,32,1,0.00037028400004146533,123,A03,cross-session,AdaBN
135,32,1,0.00038579300007768325,123,A03,cross-session,AdaBN
136,32,0,0.0003724460000285035,123,A03,cross-session,AdaBN
137,32,0,0.0003599020000137898,123,A03,cross-session,AdaBN
138,32,1,0.0003653139999642008,123,A03,cross-session,AdaBN
139,32,1,0.0004345199999988836,123,A03,cross-session,AdaBN
140,32,1,0.0003938300000072559,123,A03,cross-session,AdaBN
141,32,0,0.00038988100004644366,123,A03,cross-session,AdaBN
142,32,1,0.00037653099991530325,123,A03,cross-session,AdaBN
143,32,1,0.00036898500002280343,123,A03,cross-session,AdaBN
144,32,0,0.0003620090000140408,123,A03,cross-session,AdaBN
145,32,0,0.0004120470000543719,123,A03,cross-session,AdaBN
146,32,1,0.0003860040000063236,123,A03,cross-session,AdaBN
147,32,0,0.000364336999950865,123,A03,cross-session,AdaBN
148,32,0,0.00040320499999779713,123,A03,cross-session,AdaBN
149,32,1,0.00038113799996608577,123,A03,cross-session,AdaBN
150,32,1,0.000389870999924824,123,A03,cross-session,AdaBN
151,32,1,0.00044107200005782943,123,A03,cross-session,AdaBN
152,32,0,0.00040563200002452504,123,A03,cross-session,AdaBN
153,32,1,0.00039899399996556895,123,A03,cross-session,AdaBN
154,32,1,0.00036755299993274093,123,A03,cross-session,AdaBN
155,32,1,0.0003665479999881427,123,A03,cross-session,AdaBN
156,32,1,0.0003931049999437164,123,A03,cross-session,AdaBN
157,32,1,0.00043539499995404185,123,A03,cross-session,AdaBN
158,32,0,0.0003939089999676071,123,A03,cross-session,AdaBN
159,32,1,0.0003676350000887396,123,A03,cross-session,AdaBN
160,32,1,0.0003748770000129298,123,A03,cross-session,AdaBN
161,32,1,0.0003640989999666999,123,A03,cross-session,AdaBN
162,32,1,0.00036062799995306705,123,A03,cross-session,AdaBN
163,32,1,0.00036175499997170846,123,A03,cross-session,AdaBN
164,32,0,0.0003899350000438062,123,A03,cross-session,AdaBN
165,32,1,0.0003948549999677198,123,A03,cross-session,AdaBN
166,32,1,0.0003855080000221278,123,A03,cross-session,AdaBN
167,32,1,0.00037742699998943863,123,A03,cross-session,AdaBN
168,32,1,0.0003832450000800236,123,A03,cross-session,AdaBN
169,32,1,0.00036980499999117455,123,A03,cross-session,AdaBN
170,32,1,0.0003880040000012741,123,A03,cross-session,AdaBN
171,32,0,0.000395482000044467,123,A03,cross-session,AdaBN
172,32,1,0.00037159200007863546,123,A03,cross-session,AdaBN
173,32,1,0.00038299899995308806,123,A03,cross-session,AdaBN
174,32,1,0.00039438999999674706,123,A03,cross-session,AdaBN
175,32,1,0.00038735599991923664,123,A03,cross-session,AdaBN
176,32,1,0.0004124409999803902,123,A03,cross-session,AdaBN
177,32,1,0.0003711400000838694,123,A03,cross-session,AdaBN
178,32,1,0.0003658290000885245,123,A03,cross-session,AdaBN
179,32,0,0.0003725340000073629,123,A03,cross-session,AdaBN
180,32,0,0.00039579500003128487,123,A03,cross-session,AdaBN
181,32,1,0.0003701379999938581,123,A03,cross-session,AdaBN
182,32,0,0.00038829100003567874,123,A03,cross-session,AdaBN
183,32,1,0.0004066529999136037,123,A03,cross-session,AdaBN
184,32,1,0.0003727399999888803,123,A03,cross-session,AdaBN
185,32,1,0.0003860699999904682,123,A03,cross-session,AdaBN
186,32,0,0.00040272199998980795,123,A03,cross-session,AdaBN
187,32,1,0.0003642850000460385,123,A03,cross-session,AdaBN
188,32,0,0.00038052200000038283,123,A03,cross-session,AdaBN
189,32,1,0.00038741000003028603,123,A03,cross-session,AdaBN
190,32,1,0.00036557700002504134,123,A03,cross-session,AdaBN
191,32,1,0.0003723190000073373,123,A03,cross-session,AdaBN
192,32,0,0.0003690159999223397,123,A03,cross-session,AdaBN
193,32,1,0.0003755509999336937,123,A03,cross-session,AdaBN
194,32,1,0.0004431929999100248,123,A03,cross-session,AdaBN
195,32,0,0.00037338300001010793,123,A03,cross-session,AdaBN
196,32,0,0.00036164300001928495,123,A03,cross-session,AdaBN
197,32,1,0.00037945099995795317,123,A03,cross-session,AdaBN
198,32,0,0.00037656199992852635,123,A03,cross-session,AdaBN
199,32,1,0.0003617989999611382,123,A03,cross-session,AdaBN
200,32,1,0.00041590000000724103,123,A03,cross-session,AdaBN
201,32,1,0.00041503399995690415,123,A03,cross-session,AdaBN
202,32,1,0.00040318799995020527,123,A03,cross-session,AdaBN
203,32,1,0.0003741900000022724,123,A03,cross-session,AdaBN
204,32,1,0.00036288499995862367,123,A03,cross-session,AdaBN
205,32,1,0.0003591479999158764,123,A03,cross-session,AdaBN
206,32,0,0.000401059999944664,123,A03,cross-session,AdaBN
207,32,1,0.0004001099999868529,123,A03,cross-session,AdaBN
208,32,0,0.00039058899994870444,123,A03,cross-session,AdaBN
209,32,0,0.00038099199991847854,123,A03,cross-session,AdaBN
210,32,1,0.0003983379999681347,123,A03,cross-session,AdaBN
211,32,0,0.00039231699997799296,123,A03,cross-session,AdaBN
212,32,1,0.00036392800006979087,123,A03,cross-session,AdaBN
213,32,1,0.00040539400004035997,123,A03,cross-session,AdaBN
214,32,1,0.0003896130000384801,123,A03,cross-session,AdaBN
215,32,0,0.0003665770000225166,123,A03,cross-session,AdaBN
216,32,1,0.00040455599992128555,123,A03,cross-session,AdaBN
217,32,1,0.00037138699997285585,123,A03,cross-session,AdaBN
218,32,1,0.00037769099992601696,123,A03,cross-session,AdaBN
219,32,0,0.00042701999996097584,123,A03,cross-session,AdaBN
220,32,0,0.00038943499998822517,123,A03,cross-session,AdaBN
221,32,1,0.00038946399990891223,123,A03,cross-session,AdaBN
222,32,1,0.00041623299989623774,123,A03,cross-session,AdaBN
223,32,1,0.000365390000069965,123,A03,cross-session,AdaBN
224,32,0,0.00036926200004927523,123,A03,cross-session,AdaBN
225,32,0,0.00040103000003455236,123,A03,cross-session,AdaBN
226,32,1,0.00043514399999367015,123,A03,cross-session,AdaBN
227,32,0,0.0004031580000400936,123,A03,cross-session,AdaBN
228,32,1,0.00039012100000945793,123,A03,cross-session,AdaBN
229,32,0,0.00036638200003835664,123,A03,cross-session,AdaBN
230,32,1,0.00037042400003883813,123,A03,cross-session,AdaBN
231,32,1,0.0003767489999972895,123,A03,cross-session,AdaBN
232,32,0,0.0004260529999555729,123,A03,cross-session,AdaBN
233,32,1,0.00042621399995823595,123,A03,cross-session,AdaBN
234,32,1,0.0003701859999409862,123,A03,cross-session,AdaBN
235,32,1,0.00037320000001273,123,A03,cross-session,AdaBN
236,32,1,0.000391616999991129,123,A03,cross-session,AdaBN
237,32,1,0.0004202210000130435,123,A03,cross-session,AdaBN
238,32,1,0.00038271300002179487,123,A03,cross-session,AdaBN
239,32,0,0.00038376600002720807,123,A03,cross-session,AdaBN
240,32,0,0.0003788589999658143,123,A03,cross-session,AdaBN
241,32,1,0.00038091999999778636,123,A03,cross-session,AdaBN
242,32,1,0.0004080249999560692,123,A03,cross-session,AdaBN
243,32,1,0.00038563199996133335,123,A03,cross-session,AdaBN
244,32,1,0.0003963789999943401,123,A03,cross-session,AdaBN
245,32,1,0.00038046099996336125,123,A03,cross-session,AdaBN
246,32,1,0.00038101899997400324,123,A03,cross-session,AdaBN
247,32,1,0.0003573989999949845,123,A03,cross-session,AdaBN
248,32,0,0.0003942969999570778,123,A03,cross-session,AdaBN
249,32,1,0.0003802910000558768,123,A03,cross-session,AdaBN
250,32,1,0.0004215919999523976,123,A03,cross-session,AdaBN
251,32,1,0.0003714620000891955,123,A03,cross-session,AdaBN
252,32,1,0.0003659120000065741,123,A03,cross-session,AdaBN
253,32,1,0.00037753500009785057,123,A03,cross-session,AdaBN
254,32,1,0.0004157119999490533,123,A03,cross-session,AdaBN
255,32,1,0.0003615009999293761,123,A03,cross-session,AdaBN
256,32,1,0.00040036400002918526,123,A03,cross-session,AdaBN
257,32,1,0.000384737999979734,123,A03,cross-session,AdaBN
258,32,1,0.00037093699995693896,123,A03,cross-session,AdaBN
259,32,1,0.0003634319999719082,123,A03,cross-session,AdaBN
260,32,0,0.00035393699999985984,123,A03,cross-session,AdaBN
261,32,1,0.0003662069999563755,123,A03,cross-session,AdaBN
262,32,1,0.0003838869999981398,123,A03,cross-session,AdaBN
263,32,1,0.00039707399992039427,123,A03,cross-session,AdaBN
264,32,0,0.00038186300002962525,123,A03,cross-session,AdaBN
265,32,1,0.0003839820000166583,123,A03,cross-session,AdaBN
266,32,1,0.0003576100000373117,123,A03,cross-session,AdaBN
267,32,0,0.0003805469999633715,123,A03,cross-session,AdaBN
268,32,1,0.0003881899999669258,123,A03,cross-session,AdaBN
269,32,1,0.0003852319999850806,123,A03,cross-session,AdaBN
270,32,1,0.0004076540000141904,123,A03,cross-session,AdaBN
271,32,1,0.00036736499998824,123,A03,cross-session,AdaBN
272,32,1,0.00043135599992183415,123,A03,cross-session,AdaBN
273,32,1,0.00036366700010148634,123,A03,cross-session,AdaBN
274,32,1,0.00038389100006952503,123,A03,cross-session,AdaBN
275,32,1,0.0003743290000102206,123,A03,cross-session,AdaBN
276,32,1,0.00037398300003133045,123,A03,cross-session,AdaBN
277,32,0,0.0003715779999993174,123,A03,cross-session,AdaBN
278,32,1,0.0003706190000229981,123,A03,cross-session,AdaBN
279,32,1,0.00036533800005145167,123,A03,cross-session,AdaBN
280,32,1,0.00037398699998902885,123,A03,cross-session,AdaBN
281,32,0,0.0003834530000403902,123,A03,cross-session,AdaBN
282,32,0,0.00038042799997128895,123,A03,cross-session,AdaBN
283,32,0,0.00037971300002936914,123,A03,cross-session,AdaBN
284,32,1,0.00037118899990673526,123,A03,cross-session,AdaBN
285,32,0,0.00043184799994833156,123,A03,cross-session,AdaBN
286,32,1,0.0003742499999361826,123,A03,cross-session,AdaBN
287,32,1,0.00039153599993824173,123,A03,cross-session,AdaBN
0,1,1,0.0005621230000087962,123,A04,cross-session,AdaBN
1,2,0,0.0004836619999650793,123,A04,cross-session,AdaBN
2,3,1,0.0004673230000662443,123,A04,cross-session,AdaBN
3,4,1,0.00044794799998726376,123,A04,cross-session,AdaBN
4,5,0,0.0004853390000789659,123,A04,cross-session,AdaBN
5,6,1,0.00041083999997226783,123,A04,cross-session,AdaBN
6,7,1,0.00044559000002664106,123,A04,cross-session,AdaBN
7,8,0,0.0004178259999889633,123,A04,cross-session,AdaBN
8,9,1,0.00045255099996666104,123,A04,cross-session,AdaBN
9,10,0,0.0004741359999798078,123,A04,cross-session,AdaBN
10,11,1,0.0004775370000515977,123,A04,cross-session,AdaBN
11,12,0,0.0004709930000217355,123,A04,cross-session,AdaBN
12,13,0,0.0004626029999599268,123,A04,cross-session,AdaBN
13,14,0,0.0004585100000440434,123,A04,cross-session,AdaBN
14,15,1,0.00044791199991323083,123,A04,cross-session,AdaBN
15,16,1,0.0004510979999849951,123,A04,cross-session,AdaBN
16,17,0,0.00043061099995611585,123,A04,cross-session,AdaBN
17,18,0,0.00043092300006719597,123,A04,cross-session,AdaBN
18,19,1,0.0004288049999559007,123,A04,cross-session,AdaBN
19,20,0,0.0004575680000016291,123,A04,cross-session,AdaBN
20,21,0,0.00042800999995051825,123,A04,cross-session,AdaBN
21,22,0,0.00041415399994093605,123,A04,cross-session,AdaBN
22,23,1,0.000446545000045262,123,A04,cross-session,AdaBN
23,24,1,0.0004166490000443446,123,A04,cross-session,AdaBN
24,25,1,0.00041284500002802815,123,A04,cross-session,AdaBN
25,26,0,0.00040968700000121316,123,A04,cross-session,AdaBN
26,27,0,0.00042346100008217036,123,A04,cross-session,AdaBN
27,28,0,0.0004561549999380077,123,A04,cross-session,AdaBN
28,29,1,0.00048476999995727965,123,A04,cross-session,AdaBN
29,30,0,0.000415892999967582,123,A04,cross-session,AdaBN
30,31,0,0.00042673200005083345,123,A04,cross-session,AdaBN
31,32,1,0.0004187419999652775,123,A04,cross-session,AdaBN
32,32,1,0.00038792099996953766,123,A04,cross-session,AdaBN
33,32,0,0.000375513999983923,123,A04,cross-session,AdaBN
34,32,1,0.0004062770000246019,123,A04,cross-session,AdaBN
35,32,1,0.00040332300000045507,123,A04,cross-session,AdaBN
36,32,1,0.0003780150000238791,123,A04,cross-session,AdaBN
37,32,0,0.0003689600000598148,123,A04,cross-session,AdaBN
38,32,1,0.00036061700006939645,123,A04,cross-session,AdaBN
39,32,1,0.0003677740000966878,123,A04,cross-session,AdaBN
40,32,1,0.0003662230000145428,123,A04,cross-session,AdaBN
41,32,0,0.0004404699999440709,123,A04,cross-session,AdaBN
42,32,1,0.0004309459999376486,123,A04,cross-session,AdaBN
43,32,0,0.0004018560000531579,123,A04,cross-session,AdaBN
44,32,1,0.00041502300007323356,123,A04,cross-session,AdaBN
45,32,1,0.00040872600004604465,123,A04,cross-session,AdaBN
46,32,0,0.00039277299993045744,123,A04,cross-session,AdaBN
47,32,0,0.00039853400005540607,123,A04,cross-session,AdaBN
48,32,0,0.00039836399992054794,123,A04,cross-session,AdaBN
49,32,1,0.00040165799998703733,123,A04,cross-session,AdaBN
50,32,0,0.0003937799999675917,123,A04,cross-session,AdaBN
51,32,1,0.0003605680000191569,123,A04,cross-session,AdaBN
52,32,1,0.00036850699996193725,123,A04,cross-session,AdaBN
53,32,0,0.0003822429999900123,123,A04,cross-session,AdaBN
54,32,0,0.0003582519999554279,123,A04,cross-session,AdaBN
55,32,1,0.00037529699989136134,123,A04,cross-session,AdaBN
56,32,0,0.00045583699989037996,123,A04,cross-session,AdaBN
57,32,0,0.0004281389999505336,123,A04,cross-session,AdaBN
58,32,1,0.00041411000006519316,123,A04,cross-session,AdaBN
59,32,0,0.00040609500001664856,123,A04,cross-session,AdaBN
60,32,0,0.0004221460000053412,123,A04,cross-session,AdaBN
61,32,1,0.0004068629999665063,123,A04,cross-session,AdaBN
62,32,0,0.00042975899998509703,123,A04,cross-session,AdaBN
63,32,1,0.0004376580000098329,123,A04,cross-session,AdaBN
64,32,1,0.0004098670000303173,123,A04,cross-session,AdaBN
65,32,1,0.0003552929999841581,123,A04,cross-session,AdaBN
66,32,1,0.0004008700000213139,123,A04,cross-session,AdaBN
67,32,0,0.00037149699994643015,123,A04,cross-session,AdaBN
68,32,1,0.00036975700004404644,123,A04,cross-session,AdaBN
69,32,0,0.00039295799990668456,123,A04,cross-session,AdaBN
70,32,1,0.00038245600001118873,123,A04,cross-session,AdaBN
71,32,1,0.0003905459999486993,123,A04,cross-session,AdaBN
72,32,1,0.00039645499998641753,123,A04,cross-session,AdaBN
73,32,0,0.00038004799989721505,123,A04,cross-session,AdaBN
74,32,1,0.0003810719999819412,123,A04,cross-session,AdaBN
75,32,1,0.0004174909998937437,123,A04,cross-session,AdaBN
76,32,1,0.0004159810000601283,123,A04,cross-session,AdaBN
77,32,1,0.00037777800002913864,123,A04,cross-session,AdaBN
78,32,0,0.0003845850000061546,123,A04,cross-session,AdaBN
79,32,1,0.0003632219999190056,123,A04,cross-session,AdaBN
80,32,1,0.0003606829999398542,123,A04,cross-session,AdaBN
81,32,0,0.00035999299996092304,123,A04,cross-session,AdaBN
82,32,0,0.00043055400010416633,123,A04,cross-session,AdaBN
83,32,0,0.00037768800007143,123,A04,cross-session,AdaBN
84,32,0,0.0003874839999298274,123,A04,cross-session,AdaBN
85,32,0,0.0003929530000732484,123,A04,cross-session,AdaBN
86,32,0,0.00040914999999586144,123,A04,cross-session,AdaBN
87,32,0,0.0004089579999799753,123,A04,cross-session,AdaBN
88,32,1,0.00043342599997231446,123,A04,cross-session,AdaBN
89,32,0,0.00040198399995006184,123,A04,cross-session,AdaBN
90,32,0,0.0003669469999749708,123,A04,cross-session,AdaBN
91,32,0,0.00036325300004591554,123,A04,cross-session,AdaBN
92,32,0,0.0003891810000595797,123,A04,cross-session,AdaBN
93,32,0,0.00043154700006198254,123,A04,cross-session,AdaBN
94,32,1,0.00044393500002115616,123,A04,cross-session,AdaBN
95,32,0,0.00047336400007225166,123,A04,cross-session,AdaBN
96,32,0,0.0003888480000568961,123,A04,cross-session,AdaBN
97,32,1,0.000369953000017631,123,A04,cross-session,AdaBN
98,32,1,0.00036266300003262586,123,A04,cross-session,AdaBN
99,32,0,0.0003782310000133293,123,A04,cross-session,AdaBN
100,32,1,0.00040543299996897986,123,A04,cross-session,AdaBN
101,32,1,0.0004973119999931441,123,A04,cross-session,AdaBN
102,32,0,0.00040331299999252224,123,A04,cross-session,AdaBN
103,32,1,0.00038374399991880637,123,A04,cross-session,AdaBN
104,32,1,0.00038025100002414547,123,A04,cross-session,AdaBN
105,32,1,0.0003646269999535434,123,A04,cross-session,AdaBN
106,32,1,0.0004193290000102934,123,A04,cross-session,AdaBN
107,32,0,0.00047249199997168034,123,A04,cross-session,AdaBN
108,32,1,0.00036980300001232536,123,A04,cross-session,AdaBN
109,32,0,0.0003840949999585064,123,A04,cross-session,AdaBN
110,32,0,0.00039739500004998263,123,A04,cross-session,AdaBN
111,32,1,0.00037912000004780566,123,A04,cross-session,AdaBN
112,32,0,0.0004218709999577186,123,A04,cross-session,AdaBN
113,32,1,0.00039828600006330817,123,A04,cross-session,AdaBN
114,32,1,0.0003952170000047772,123,A04,cross-session,AdaBN
115,32,1,0.0003647810000302343,123,A04,cross-session,AdaBN
116,32,1,0.00036108799997691676,123,A04,cross-session,AdaBN
117,32,0,0.00043120099996940553,123,A04,cross-session,AdaBN
118,32,0,0.0003804719999607187,123,A04,cross-session,AdaBN
119,32,0,0.00039323299995430716,123,A04,cross-session,AdaBN
120,32,0,0.00044222199994692346,123,A04,cross-session,AdaBN
121,32,1,0.00040862000003016874,123,A04,cross-session,AdaBN
122,32,0,0.0003911300000254414,123,A04,cross-session,AdaBN
123,32,1,0.00039903999993384787,123,A04,cross-session,AdaBN
124,32,1,0.00038147500004015455,123,A04,cross-session,AdaBN
125,32,0,0.00037556500001301174,123,A04,cross-session,AdaBN
126,32,1,0.00039596500005245616,123,A04,cross-session,AdaBN
127,32,1,0.0003733339999598684,123,A04,cross-session,AdaBN
128,32,1,0.00039811999999983527,123,A04,cross-session,AdaBN
129,32,1,0.00040770900000097754,123,A04,cross-session,AdaBN
130,32,0,0.0004028719999951136,123,A04,cross-session,AdaBN
131,32,0,0.0004031470000427362,123,A04,cross-session,AdaBN
132,32,0,0.000414278999983253,123,A04,cross-session,AdaBN
133,32,1,0.00040997299993250635,123,A04,cross-session,AdaBN
134,32,1,0.00036414199996670504,123,A04,cross-session,AdaBN
135,32,1,0.0003700240000625854,123,A04,cross-session,AdaBN
136,32,1,0.0003903520000676508,123,A04,cross-session,AdaBN
137,32,0,0.00036825999995926395,123,A04,cross-session,AdaBN
138,32,1,0.0004076530000247658,123,A04,cross-session,AdaBN
139,32,1,0.00046524000003955734,123,A04,cross-session,AdaBN
140,32,1,0.00037683599998672435,123,A04,cross-session,AdaBN
141,32,1,0.00037370600000485865,123,A04,cross-session,AdaBN
142,32,0,0.00038310100001126557,123,A04,cross-session,AdaBN
143,32,0,0.0003616930000589491,123,A04,cross-session,AdaBN
144,32,1,0.00038412599997172947,123,A04,cross-session,AdaBN
145,32,1,0.00043243100003564905,123,A04,cross-session,AdaBN
146,32,1,0.00037260600004174194,123,A04,cross-session,AdaBN
147,32,0,0.0003698140000096828,123,A04,cross-session,AdaBN
148,32,0,0.0003875810000408819,123,A04,cross-session,AdaBN
149,32,0,0.0003840419999505684,123,A04,cross-session,AdaBN
150,32,0,0.00038193000000319444,123,A04,cross-session,AdaBN
151,32,1,0.0004457100000081482,123,A04,cross-session,AdaBN
152,32,0,0.0003745039999785149,123,A04,cross-session,AdaBN
153,32,0,0.0003862510000089969,123,A04,cross-session,AdaBN
154,32,1,0.0003655779999007791,123,A04,cross-session,AdaBN
155,32,1,0.00037546600003679487,123,A04,cross-session,AdaBN
156,32,0,0.00040306500000042433,123,A04,cross-session,AdaBN
157,32,0,0.00043472599998040096,123,A04,cross-session,AdaBN
158,32,0,0.00042768999992404133,123,A04,cross-session,AdaBN
159,32,1,0.0003704520000837874,123,A04,cross-session,AdaBN
160,32,0,0.0003659730000435957,123,A04,cross-session,AdaBN
161,32,0,0.000371295000036298,123,A04,cross-session,AdaBN
162,32,0,0.0003847360000008848,123,A04,cross-session,AdaBN
163,32,0,0.0004312989999561978,123,A04,cross-session,AdaBN
164,32,1,0.0004019909999897209,123,A04,cross-session,AdaBN
165,32,1,0.00041215599992483476,123,A04,cross-session,AdaBN
166,32,0,0.0003866439999455906,123,A04,cross-session,AdaBN
167,32,1,0.00038899800006220175,123,A04,cross-session,AdaBN
168,32,1,0.00037169799998082453,123,A04,cross-session,AdaBN
169,32,1,0.00036754100005964574,123,A04,cross-session,AdaBN
170,32,0,0.00040114499995524966,123,A04,cross-session,AdaBN
171,32,1,0.0003785779999816441,123,A04,cross-session,AdaBN
172,32,0,0.0003986269999813885,123,A04,cross-session,AdaBN
173,32,1,0.0003922230000625859,123,A04,cross-session,AdaBN
174,32,0,0.0003831100000297738,123,A04,cross-session,AdaBN
175,32,1,0.00037014999998064013,123,A04,cross-session,AdaBN
176,32,1,0.0004294320000326479,123,A04,cross-session,AdaBN
177,32,1,0.00038427099991622526,123,A04,cross-session,AdaBN
178,32,0,0.00037575499993636186,123,A04,cross-session,AdaBN
179,32,1,0.0004395550000708681,123,A04,cross-session,AdaBN
180,32,1,0.00038231700000324054,123,A04,cross-session,AdaBN
181,32,0,0.00038582700005918014,123,A04,cross-session,AdaBN
182,32,0,0.00045048599997699057,123,A04,cross-session,AdaBN
183,32,1,0.0003961950000075376,123,A04,cross-session,AdaBN
184,32,0,0.00037156600001253537,123,A04,cross-session,AdaBN
185,32,0,0.00035915000000841246,123,A04,cross-session,AdaBN
186,32,0,0.0003830160000006799,123,A04,cross-session,AdaBN
187,32,1,0.0005811130000665798,123,A04,cross-session,AdaBN
188,32,1,0.00042741400000068097,123,A04,cross-session,AdaBN
189,32,1,0.0004009809999843128,123,A04,cross-session,AdaBN
190,32,0,0.000395077999996829,123,A04,cross-session,AdaBN
191,32,1,0.00038400200003252394,123,A04,cross-session,AdaBN
192,32,0,0.0003658300000779491,123,A04,cross-session,AdaBN
193,32,1,0.0003667120000727664,123,A04,cross-session,AdaBN
194,32,1,0.00038453599995591503,123,A04,cross-session,AdaBN
195,32,0,0.0003686630000174773,123,A04,cross-session,AdaBN
196,32,0,0.0003580009999950562,123,A04,cross-session,AdaBN
197,32,0,0.0003715109999120614,123,A04,cross-session,AdaBN
198,32,0,0.0003708039999992252,123,A04,cross-session,AdaBN
199,32,0,0.00036589900003036746,123,A04,cross-session,AdaBN
200,32,0,0.00037240300002849835,123,A04,cross-session,AdaBN
201,32,0,0.0003740139999308667,123,A04,cross-session,AdaBN
202,32,0,0.00036755099995389173,123,A04,cross-session,AdaBN
203,32,0,0.0003574029999526829,123,A04,cross-session,AdaBN
204,32,0,0.00036797999996451836,123,A04,cross-session,AdaBN
205,32,1,0.00036836899994341366,123,A04,cross-session,AdaBN
206,32,0,0.00037044100008643,123,A04,cross-session,AdaBN
207,32,0,0.00036747400008607656,123,A04,cross-session,AdaBN
208,32,1,0.00041132799992738,123,A04,cross-session,AdaBN
209,32,1,0.00036717299997235386,123,A04,cross-session,AdaBN
210,32,1,0.0003832909999346157,123,A04,cross-session,AdaBN
211,32,0,0.00036819399997511937,123,A04,cross-session,AdaBN
212,32,0,0.00036465700009102875,123,A04,cross-session,AdaBN
213,32,1,0.00037149799993585475,123,A04,cross-session,AdaBN
214,32,1,0.000371927999935906,123,A04,cross-session,AdaBN
215,32,1,0.00037821699993401126,123,A04,cross-session,AdaBN
216,32,1,0.0003703459999542247,123,A04,cross-session,AdaBN
217,32,1,0.00036572699991666013,123,A04,cross-session,AdaBN
218,32,1,0.0003828640000165251,123,A04,cross-session,AdaBN
219,32,0,0.0003799569999500818,123,A04,cross-session,AdaBN
220,32,1,0.00037721300009252445,123,A04,cross-session,AdaBN
221,32,0,0.00043046300004334626,123,A04,cross-session,AdaBN
222,32,1,0.0003908790000650697,123,A04,cross-session,AdaBN
223,32,1,0.0003811330000189628,123,A04,cross-session,AdaBN
224,32,1,0.00047031299993705034,123,A04,cross-session,AdaBN
225,32,1,0.0004153940000151124,123,A04,cross-session,AdaBN
226,32,0,0.0003785440000001472,123,A04,cross-session,AdaBN
227,32,0,0.0003701640000599582,123,A04,cross-session,AdaBN
228,32,0,0.000387826000064706,123,A04,cross-session,AdaBN
229,32,0,0.0003748609999547625,123,A04,cross-session,AdaBN
230,32,0,0.0003775229999973817,123,A04,cross-session,AdaBN
231,32,1,0.0003976089999468968,123,A04,cross-session,AdaBN
232,32,0,0.00038650800001960306,123,A04,cross-session,AdaBN
233,32,1,0.00043155899993507774,123,A04,cross-session,AdaBN
234,32,1,0.000400003999970977,123,A04,cross-session,AdaBN
235,32,1,0.000390917000004265,123,A04,cross-session,AdaBN
236,32,1,0.00038720700001704245,123,A04,cross-session,AdaBN
237,32,0,0.00038034600004266395,123,A04,cross-session,AdaBN
238,32,1,0.00037932300006104924,123,A04,cross-session,AdaBN
239,32,0,0.0003888509999114831,123,A04,cross-session,AdaBN
240,32,1,0.0003976699999839184,123,A04,cross-session,AdaBN
241,32,1,0.0003908179999143613,123,A04,cross-session,AdaBN
242,32,0,0.0003713250000600965,123,A04,cross-session,AdaBN
243,32,1,0.0003706310000097801,123,A04,cross-session,AdaBN
244,32,0,0.00038039300000036746,123,A04,cross-session,AdaBN
245,32,1,0.00038711999991392076,123,A04,cross-session,AdaBN
246,32,1,0.0003833120000535928,123,A04,cross-session,AdaBN
247,32,0,0.0004032399999687186,123,A04,cross-session,AdaBN
248,32,0,0.0004441870000846393,123,A04,cross-session,AdaBN
249,32,1,0.0003868359999614768,123,A04,cross-session,AdaBN
250,32,0,0.0003933909999886964,123,A04,cross-session,AdaBN
251,32,0,0.00037469599999440106,123,A04,cross-session,AdaBN
252,32,1,0.0004075790000115376,123,A04,cross-session,AdaBN
253,32,0,0.0003729430000021239,123,A04,cross-session,AdaBN
254,32,0,0.0003880699999854187,123,A04,cross-session,AdaBN
255,32,0,0.0003935249999358348,123,A04,cross-session,AdaBN
256,32,1,0.00038381699994261,123,A04,cross-session,AdaBN
257,32,0,0.0003742860000102155,123,A04,cross-session,AdaBN
258,32,1,0.0003672459999961575,123,A04,cross-session,AdaBN
259,32,0,0.00040188399998442037,123,A04,cross-session,AdaBN
260,32,1,0.00040718399998240784,123,A04,cross-session,AdaBN
261,32,1,0.0003956550000339121,123,A04,cross-session,AdaBN
262,32,0,0.0004059709999637562,123,A04,cross-session,AdaBN
263,32,0,0.0003794500000822154,123,A04,cross-session,AdaBN
264,32,1,0.0003990879999946628,123,A04,cross-session,AdaBN
265,32,1,0.0003781579999895257,123,A04,cross-session,AdaBN
266,32,0,0.0003696779999700084,123,A04,cross-session,AdaBN
267,32,0,0.00038745000006201735,123,A04,cross-session,AdaBN
268,32,1,0.00039143899994087406,123,A04,cross-session,AdaBN
269,32,0,0.0004253129999369776,123,A04,cross-session,AdaBN
270,32,0,0.00038477400005376694,123,A04,cross-session,AdaBN
271,32,1,0.0003817470000058165,123,A04,cross-session,AdaBN
272,32,0,0.00040125700002136,123,A04,cross-session,AdaBN
273,32,1,0.0003849980000723008,123,A04,cross-session,AdaBN
274,32,0,0.00038817299991933396,123,A04,cross-session,AdaBN
275,32,0,0.0004051659999504409,123,A04,cross-session,AdaBN
276,32,0,0.00039005799999358715,123,A04,cross-session,AdaBN
277,32,1,0.00038274000007731956,123,A04,cross-session,AdaBN
278,32,0,0.0003744299999652867,123,A04,cross-session,AdaBN
279,32,1,0.00038636199997199583,123,A04,cross-session,AdaBN
280,32,0,0.0004225760000053924,123,A04,cross-session,AdaBN
281,32,1,0.00037975400005052506,123,A04,cross-session,AdaBN
282,32,0,0.0004067450000775352,123,A04,cross-session,AdaBN
283,32,0,0.00037240599999677215,123,A04,cross-session,AdaBN
284,32,0,0.0003668659999220836,123,A04,cross-session,AdaBN
285,32,0,0.0003788599999552389,123,A04,cross-session,AdaBN
286,32,0,0.00039518200003385573,123,A04,cross-session,AdaBN
287,32,1,0.00038580199998250464,123,A04,cross-session,AdaBN
0,1,0,0.0005583700000215686,123,A05,cross-session,AdaBN
1,2,0,0.0004746949999798744,123,A05,cross-session,AdaBN
2,3,1,0.00046433699992576294,123,A05,cross-session,AdaBN
3,4,1,0.0005094599999893035,123,A05,cross-session,AdaBN
4,5,0,0.000468718999968587,123,A05,cross-session,AdaBN
5,6,1,0.00045317800004340825,123,A05,cross-session,AdaBN
6,7,0,0.00042819699990559457,123,A05,cross-session,AdaBN
7,8,1,0.0006110760000410664,123,A05,cross-session,AdaBN
8,9,1,0.000688499000034426,123,A05,cross-session,AdaBN
9,10,0,0.0006558369999538627,123,A05,cross-session,AdaBN
10,11,0,0.0006398699999863311,123,A05,cross-session,AdaBN
11,12,0,0.0006365589999859367,123,A05,cross-session,AdaBN
12,13,0,0.0006274090000033539,123,A05,cross-session,AdaBN
13,14,0,0.0012681229999316201,123,A05,cross-session,AdaBN
14,15,1,0.0005114400000820751,123,A05,cross-session,AdaBN
15,16,0,0.00041010000006735936,123,A05,cross-session,AdaBN
16,17,1,0.0004428580000421789,123,A05,cross-session,AdaBN
17,18,0,0.00047881300008612016,123,A05,cross-session,AdaBN
18,19,0,0.00044275299990204076,123,A05,cross-session,AdaBN
19,20,1,0.00042650499995033897,123,A05,cross-session,AdaBN
20,21,0,0.00044871400007195916,123,A05,cross-session,AdaBN
21,22,0,0.00042029700000512094,123,A05,cross-session,AdaBN
22,23,0,0.0004244030000108978,123,A05,cross-session,AdaBN
23,24,0,0.00039544399999158486,123,A05,cross-session,AdaBN
24,25,0,0.0003954840000233162,123,A05,cross-session,AdaBN
25,26,0,0.00044093600001815503,123,A05,cross-session,AdaBN
26,27,0,0.0004153529999939565,123,A05,cross-session,AdaBN
27,28,0,0.00039547400001538335,123,A05,cross-session,AdaBN
28,29,0,0.0004074510000009468,123,A05,cross-session,AdaBN
29,30,0,0.00040148699997644144,123,A05,cross-session,AdaBN
30,31,0,0.00040074300000014773,123,A05,cross-session,AdaBN
31,32,0,0.00042878299996118585,123,A05,cross-session,AdaBN
32,32,0,0.00042189599992070725,123,A05,cross-session,AdaBN
33,32,0,0.00041963199998917844,123,A05,cross-session,AdaBN
34,32,1,0.0004065640000590065,123,A05,cross-session,AdaBN
35,32,0,0.0003647590000355194,123,A05,cross-session,AdaBN
36,32,0,0.0003677879999486322,123,A05,cross-session,AdaBN
37,32,0,0.00037517700002354104,123,A05,cross-session,AdaBN
38,32,0,0.0004179940000312854,123,A05,cross-session,AdaBN
39,32,0,0.0004013300000451636,123,A05,cross-session,AdaBN
40,32,1,0.0003922930000044289,123,A05,cross-session,AdaBN
41,32,0,0.00040370099998199294,123,A05,cross-session,AdaBN
42,32,0,0.0004191009999203743,123,A05,cross-session,AdaBN
43,32,0,0.000388733000022512,123,A05,cross-session,AdaBN
44,32,1,0.00040278200003740494,123,A05,cross-session,AdaBN
45,32,1,0.00038816599999336177,123,A05,cross-session,AdaBN
46,32,0,0.00039671499996529747,123,A05,cross-session,AdaBN
47,32,1,0.0004098079999721449,123,A05,cross-session,AdaBN
48,32,0,0.00038886400000137655,123,A05,cross-session,AdaBN
49,32,0,0.0004095269999879747,123,A05,cross-session,AdaBN
50,32,0,0.0004229899999472764,123,A05,cross-session,AdaBN
51,32,0,0.00040459999991071527,123,A05,cross-session,AdaBN
52,32,0,0.00039694100007636735,123,A05,cross-session,AdaBN
53,32,0,0.00041672499992273515,123,A05,cross-session,AdaBN
54,32,0,0.00042266999992079946,123,A05,cross-session,AdaBN
55,32,1,0.00038998200000150973,123,A05,cross-session,AdaBN
56,32,0,0.00039434699999674194,123,A05,cross-session,AdaBN
57,32,0,0.0005015360000015789,123,A05,cross-session,AdaBN
58,32,1,0.0004116039999644272,123,A05,cross-session,AdaBN
59,32,1,0.000427709999939907,123,A05,cross-session,AdaBN
60,32,0,0.00036224799998763046,123,A05,cross-session,AdaBN
61,32,0,0.00037589099997603626,123,A05,cross-session,AdaBN
62,32,1,0.00037039200003619044,123,A05,cross-session,AdaBN
63,32,0,0.00040733599996656267,123,A05,cross-session,AdaBN
64,32,0,0.00038729199991394125,123,A05,cross-session,AdaBN
65,32,0,0.0003581030000532337,123,A05,cross-session,AdaBN
66,32,0,0.0003925049999224939,123,A05,cross-session,AdaBN
67,32,0,0.00039550700000745564,123,A05,cross-session,AdaBN
68,32,0,0.00038587000005918526,123,A05,cross-session,AdaBN
69,32,1,0.00039002799996978865,123,A05,cross-session,AdaBN
70,32,0,0.00036923599998317513,123,A05,cross-session,AdaBN
71,32,1,0.00037019799992776825,123,A05,cross-session,AdaBN
72,32,0,0.0003646440000011353,123,A05,cross-session,AdaBN
73,32,1,0.00037065799995161797,123,A05,cross-session,AdaBN
74,32,0,0.000361525000016627,123,A05,cross-session,AdaBN
75,32,0,0.000360320000027059,123,A05,cross-session,AdaBN
76,32,0,0.0003672170000754704,123,A05,cross-session,AdaBN
77,32,1,0.0003651700000091296,123,A05,cross-session,AdaBN
78,32,1,0.00037263800004438963,123,A05,cross-session,AdaBN
79,32,0,0.00038090999998985353,123,A05,cross-session,AdaBN
80,32,0,0.0003776270000344084,123,A05,cross-session,AdaBN
81,32,0,0.00038996899991161627,123,A05,cross-session,AdaBN
82,32,0,0.00035949499999787804,123,A05,cross-session,AdaBN
83,32,0,0.0003584009999713089,123,A05,cross-session,AdaBN
84,32,0,0.00036903099999108235,123,A05,cross-session,AdaBN
85,32,0,0.00035996099995827535,123,A05,cross-session,AdaBN
86,32,0,0.0003572639999447347,123,A05,cross-session,AdaBN
87,32,1,0.00041805399996519554,123,A05,cross-session,AdaBN
88,32,1,0.00040367299993704364,123,A05,cross-session,AdaBN
89,32,0,0.00036621300000660995,123,A05,cross-session,AdaBN
90,32,0,0.0003940450000072815,123,A05,cross-session,AdaBN
91,32,0,0.00041091699995376985,123,A05,cross-session,AdaBN
92,32,0,0.0003844090000484357,123,A05,cross-session,AdaBN
93,32,0,0.00038194899991594866,123,A05,cross-session,AdaBN
94,32,0,0.00036794300001474767,123,A05,cross-session,AdaBN
95,32,0,0.00035977799996089743,123,A05,cross-session,AdaBN
96,32,0,0.0003688990000227932,123,A05,cross-session,AdaBN
97,32,1,0.00037042000008113973,123,A05,cross-session,AdaBN
98,32,1,0.00038161400004810275,123,A05,cross-session,AdaBN
99,32,0,0.00037897000004250003,123,A05,cross-session,AdaBN
100,32,0,0.00036519999991924124,123,A05,cross-session,AdaBN
101,32,1,0.00037127600000985694,123,A05,cross-session,AdaBN
102,32,0,0.00040053500003978115,123,A05,cross-session,AdaBN
103,32,0,0.00035985099998470105,123,A05,cross-session,AdaBN
104,32,0,0.0003782399999181507,123,A05,cross-session,AdaBN
105,32,0,0.00036670100007540896,123,A05,cross-session,AdaBN
106,32,0,0.0003728519999413038,123,A05,cross-session,AdaBN
107,32,0,0.0003608480000139025,123,A05,cross-session,AdaBN
108,32,0,0.000362932000030014,123,A05,cross-session,AdaBN
109,32,1,0.00038275399992926395,123,A05,cross-session,AdaBN
110,32,0,0.0003987549999919793,123,A05,cross-session,AdaBN
111,32,1,0.00036987499993301753,123,A05,cross-session,AdaBN
112,32,0,0.0003736109999863402,123,A05,cross-session,AdaBN
113,32,0,0.0003729279999333812,123,A05,cross-session,AdaBN
114,32,0,0.00035977799996089743,123,A05,cross-session,AdaBN
115,32,1,0.00036017999991599936,123,A05,cross-session,AdaBN
116,32,1,0.0003656979999959731,123,A05,cross-session,AdaBN
117,32,1,0.00038123199999517965,123,A05,cross-session,AdaBN
118,32,0,0.00036715300007017504,123,A05,cross-session,AdaBN
119,32,1,0.00036474399996677676,123,A05,cross-session,AdaBN
120,32,0,0.0003646540000090681,123,A05,cross-session,AdaBN
121,32,0,0.00036417399996935274,123,A05,cross-session,AdaBN
122,32,0,0.0003581690000373783,123,A05,cross-session,AdaBN
123,32,0,0.00036411099995348195,123,A05,cross-session,AdaBN
124,32,0,0.0003634090001014556,123,A05,cross-session,AdaBN
125,32,1,0.00036147100001926447,123,A05,cross-session,AdaBN
126,32,0,0.00035738700000820245,123,A05,cross-session,AdaBN
127,32,0,0.000358059000063804,123,A05,cross-session,AdaBN
128,32,1,0.0003788569999869651,123,A05,cross-session,AdaBN
129,32,0,0.0003739349999705155,123,A05,cross-session,AdaBN
130,32,0,0.00036664499998551037,123,A05,cross-session,AdaBN
131,32,0,0.00040683400004581927,123,A05,cross-session,AdaBN
132,32,0,0.00036288399996919907,123,A05,cross-session,AdaBN
133,32,0,0.0003607849999980317,123,A05,cross-session,AdaBN
134,32,0,0.0003886270000066361,123,A05,cross-session,AdaBN
135,32,1,0.0003952450000497265,123,A05,cross-session,AdaBN
136,32,0,0.00037778600005822227,123,A05,cross-session,AdaBN
137,32,0,0.0003786409999975149,123,A05,cross-session,AdaBN
138,32,1,0.00036586300007002137,123,A05,cross-session,AdaBN
139,32,1,0.0003579010000294147,123,A05,cross-session,AdaBN
140,32,0,0.000361517999976968,123,A05,cross-session,AdaBN
141,32,0,0.0003604969999742025,123,A05,cross-session,AdaBN
142,32,0,0.00037047000000711705,123,A05,cross-session,AdaBN
143,32,1,0.000364271999956145,123,A05,cross-session,AdaBN
144,32,0,0.0003729450000946599,123,A05,cross-session,AdaBN
145,32,0,0.0003671819999908621,123,A05,cross-session,AdaBN
146,32,0,0.0003912690000333896,123,A05,cross-session,AdaBN
147,32,0,0.0003562169999895559,123,A05,cross-session,AdaBN
148,32,1,0.00037490199997591844,123,A05,cross-session,AdaBN
149,32,1,0.000386356999911186,123,A05,cross-session,AdaBN
150,32,0,0.0003634199999851262,123,A05,cross-session,AdaBN
151,32,0,0.00035850300002948643,123,A05,cross-session,AdaBN
152,32,0,0.00037876900000810565,123,A05,cross-session,AdaBN
153,32,1,0.00038020800002414035,123,A05,cross-session,AdaBN
154,32,1,0.00035815900002944545,123,A05,cross-session,AdaBN
155,32,0,0.00035640300006889447,123,A05,cross-session,AdaBN
156,32,0,0.00036365099992963223,123,A05,cross-session,AdaBN
157,32,0,0.00036507099991922587,123,A05,cross-session,AdaBN
158,32,1,0.00037299899997833563,123,A05,cross-session,AdaBN
159,32,0,0.00036967099993034935,123,A05,cross-session,AdaBN
160,32,0,0.0003742189999229595,123,A05,cross-session,AdaBN
161,32,1,0.0003704870000547089,123,A05,cross-session,AdaBN
162,32,0,0.0003657720000092013,123,A05,cross-session,AdaBN
163,32,0,0.00037183899996762193,123,A05,cross-session,AdaBN
164,32,1,0.00038428699997439253,123,A05,cross-session,AdaBN
165,32,0,0.00037883300001340103,123,A05,cross-session,AdaBN
166,32,0,0.0003565739999658035,123,A05,cross-session,AdaBN
167,32,0,0.0003779109999868524,123,A05,cross-session,AdaBN
168,32,1,0.00036650699996698677,123,A05,cross-session,AdaBN
169,32,0,0.000363078999953359,123,A05,cross-session,AdaBN
170,32,1,0.00038011100002677267,123,A05,cross-session,AdaBN
171,32,1,0.00037908400008745957,123,A05,cross-session,AdaBN
172,32,0,0.0003617580000536691,123,A05,cross-session,AdaBN
173,32,1,0.00040380600000844424,123,A05,cross-session,AdaBN
174,32,0,0.0003805100000136008,123,A05,cross-session,AdaBN
175,32,1,0.0003770329999497335,123,A05,cross-session,AdaBN
176,32,0,0.0003788269999631666,123,A05,cross-session,AdaBN
177,32,0,0.0003731989999096186,123,A05,cross-session,AdaBN
178,32,0,0.0003851080000458751,123,A05,cross-session,AdaBN
179,32,1,0.0003711520000706514,123,A05,cross-session,AdaBN
180,32,0,0.0003621160000193413,123,A05,cross-session,AdaBN
181,32,1,0.00035758500007432303,123,A05,cross-session,AdaBN
182,32,1,0.0003730270000232849,123,A05,cross-session,AdaBN
183,32,0,0.00042012200003682665,123,A05,cross-session,AdaBN
184,32,1,0.0003645000000460641,123,A05,cross-session,AdaBN
185,32,0,0.00038091500005066337,123,A05,cross-session,AdaBN
186,32,0,0.0003722769999967568,123,A05,cross-session,AdaBN
187,32,0,0.0003826810000191472,123,A05,cross-session,AdaBN
188,32,0,0.0003702079999357011,123,A05,cross-session,AdaBN
189,32,0,0.0003550249999761945,123,A05,cross-session,AdaBN
190,32,0,0.0003713739999966492,123,A05,cross-session,AdaBN
191,32,0,0.000373053000089385,123,A05,cross-session,AdaBN
192,32,0,0.0003804000000400265,123,A05,cross-session,AdaBN
193,32,0,0.00037929899997379835,123,A05,cross-session,AdaBN
194,32,0,0.00036300100009611924,123,A05,cross-session,AdaBN
195,32,1,0.00036330399996131746,123,A05,cross-session,AdaBN
196,32,0,0.0003685500000756292,123,A05,cross-session,AdaBN
197,32,0,0.0003594789999397108,123,A05,cross-session,AdaBN
198,32,1,0.000361508000082722,123,A05,cross-session,AdaBN
199,32,0,0.00037494200000764977,123,A05,cross-session,AdaBN
200,32,0,0.00035384799991788896,123,A05,cross-session,AdaBN
201,32,1,0.00037271799999416544,123,A05,cross-session,AdaBN
202,32,0,0.00036367999996400613,123,A05,cross-session,AdaBN
203,32,1,0.0003537139999707506,123,A05,cross-session,AdaBN
204,32,1,0.000367138999990857,123,A05,cross-session,AdaBN
205,32,0,0.00039297199998600263,123,A05,cross-session,AdaBN
206,32,1,0.0003668269999934637,123,A05,cross-session,AdaBN
207,32,0,0.0003726779999624341,123,A05,cross-session,AdaBN
208,32,0,0.00036726200005432474,123,A05,cross-session,AdaBN
209,32,0,0.0003584539999792469,123,A05,cross-session,AdaBN
210,32,1,0.0003699349999806145,123,A05,cross-session,AdaBN
211,32,0,0.00036358999989261065,123,A05,cross-session,AdaBN
212,32,0,0.00040890599996146193,123,A05,cross-session,AdaBN
213,32,1,0.00036491000003024965,123,A05,cross-session,AdaBN
214,32,0,0.00037271500002589164,123,A05,cross-session,AdaBN
215,32,0,0.0003671380000014324,123,A05,cross-session,AdaBN
216,32,1,0.00037437599996792414,123,A05,cross-session,AdaBN
217,32,1,0.00036147399998753826,123,A05,cross-session,AdaBN
218,32,0,0.0003652680001096087,123,A05,cross-session,AdaBN
219,32,1,0.0003734720000920788,123,A05,cross-session,AdaBN
220,32,0,0.00039523799989638064,123,A05,cross-session,AdaBN
221,32,0,0.00037860199995520816,123,A05,cross-session,AdaBN
222,32,0,0.00036139600001661165,123,A05,cross-session,AdaBN
223,32,0,0.00035935500000050524,123,A05,cross-session,AdaBN
224,32,1,0.0003604680000535154,123,A05,cross-session,AdaBN
225,32,0,0.000379795000071681,123,A05,cross-session,AdaBN
226,32,1,0.000395761000049788,123,A05,cross-session,AdaBN
227,32,0,0.00036599500003831054,123,A05,cross-session,AdaBN
228,32,0,0.00037772299992866465,123,A05,cross-session,AdaBN
229,32,0,0.0003659919999563499,123,A05,cross-session,AdaBN
230,32,0,0.000357561000100759,123,A05,cross-session,AdaBN
231,32,0,0.00039762699998391327,123,A05,cross-session,AdaBN
232,32,0,0.0003556890000027124,123,A05,cross-session,AdaBN
233,32,0,0.0003662010000198279,123,A05,cross-session,AdaBN
234,32,0,0.0003528309999865087,123,A05,cross-session,AdaBN
235,32,0,0.00035513100010575727,123,A05,cross-session,AdaBN
236,32,0,0.0003808599999501894,123,A05,cross-session,AdaBN
237,32,0,0.00037390600004982844,123,A05,cross-session,AdaBN
238,32,0,0.0003593630000295889,123,A05,cross-session,AdaBN
239,32,1,0.00036783500002002256,123,A05,cross-session,AdaBN
240,32,0,0.000359273999947618,123,A05,cross-session,AdaBN
241,32,1,0.00036037600000327075,123,A05,cross-session,AdaBN
242,32,0,0.0003566069999578758,123,A05,cross-session,AdaBN
243,32,0,0.00036368700000366516,123,A05,cross-session,AdaBN
244,32,1,0.0003618260000166629,123,A05,cross-session,AdaBN
245,32,0,0.00036318700006177096,123,A05,cross-session,AdaBN
246,32,0,0.00037290599993866635,123,A05,cross-session,AdaBN
247,32,0,0.0003639090000433498,123,A05,cross-session,AdaBN
248,32,1,0.00036329900001419446,123,A05,cross-session,AdaBN
249,32,1,0.00037100299994108354,123,A05,cross-session,AdaBN
250,32,0,0.0004605299999411727,123,A05,cross-session,AdaBN
251,32,1,0.0003876539999509987,123,A05,cross-session,AdaBN
252,32,1,0.0004246050000347168,123,A05,cross-session,AdaBN
253,32,1,0.00038928799995119334,123,A05,cross-session,AdaBN
254,32,0,0.0004018339999447562,123,A05,cross-session,AdaBN
255,32,0,0.0004012390000980304,123,A05,cross-session,AdaBN
256,32,0,0.00039688699996531795,123,A05,cross-session,AdaBN
257,32,0,0.00037764599994716264,123,A05,cross-session,AdaBN
258,32,0,0.0003888080000251648,123,A05,cross-session,AdaBN
259,32,1,0.0003963069999599611,123,A05,cross-session,AdaBN
260,32,1,0.00039564899998367764,123,A05,cross-session,AdaBN
261,32,1,0.00037381399999958376,123,A05,cross-session,AdaBN
262,32,1,0.0003736070000286418,123,A05,cross-session,AdaBN
263,32,0,0.00035955100008777663,123,A05,cross-session,AdaBN
264,32,0,0.00038185899995824,123,A05,cross-session,AdaBN
265,32,1,0.00037637799994172383,123,A05,cross-session,AdaBN
266,32,0,0.00037405700004455866,123,A05,cross-session,AdaBN
267,32,0,0.0003685259999883783,123,A05,cross-session,AdaBN
268,32,0,0.00042987400001948117,123,A05,cross-session,AdaBN
269,32,0,0.000382412000021759,123,A05,cross-session,AdaBN
270,32,0,0.00038551800003006065,123,A05,cross-session,AdaBN
271,32,0,0.00036944900000435155,123,A05,cross-session,AdaBN
272,32,0,0.0003620100000034654,123,A05,cross-session,AdaBN
273,32,1,0.0004106420000198341,123,A05,cross-session,AdaBN
274,32,0,0.00036364599998250924,123,A05,cross-session,AdaBN
275,32,1,0.00038129400002162583,123,A05,cross-session,AdaBN
276,32,0,0.0003927430000203458,123,A05,cross-session,AdaBN
277,32,0,0.00036218099990037445,123,A05,cross-session,AdaBN
278,32,0,0.0003603650000059133,123,A05,cross-session,AdaBN
279,32,0,0.0003648739999562167,123,A05,cross-session,AdaBN
280,32,0,0.00035826300006647216,123,A05,cross-session,AdaBN
281,32,0,0.00037475999999969645,123,A05,cross-session,AdaBN
282,32,1,0.0003728189999492315,123,A05,cross-session,AdaBN
283,32,0,0.0003614999999399515,123,A05,cross-session,AdaBN
284,32,0,0.0003614249999372987,123,A05,cross-session,AdaBN
285,32,1,0.0003586679999898479,123,A05,cross-session,AdaBN
286,32,0,0.00036828500003593945,123,A05,cross-session,AdaBN
287,32,0,0.00038126300000840274,123,A05,cross-session,AdaBN
0,1,1,0.0006686829999580368,123,A06,cross-session,AdaBN
1,2,0,0.0005953849999968952,123,A06,cross-session,AdaBN
2,3,0,0.0005988759999127069,123,A06,cross-session,AdaBN
3,4,1,0.0005335500000001048,123,A06,cross-session,AdaBN
4,5,0,0.0005373720000534377,123,A06,cross-session,AdaBN
5,6,1,0.0005210460000171224,123,A06,cross-session,AdaBN
6,7,1,0.0005901600000015605,123,A06,cross-session,AdaBN
7,8,0,0.0006341269998983989,123,A06,cross-session,AdaBN
8,9,1,0.0006141900000784517,123,A06,cross-session,AdaBN
9,10,1,0.0006058359999769891,123,A06,cross-session,AdaBN
10,11,1,0.0005809130000216101,123,A06,cross-session,AdaBN
11,12,0,0.0005819719999635709,123,A06,cross-session,AdaBN
12,13,1,0.0005453100000067934,123,A06,cross-session,AdaBN
13,14,1,0.0005069149999599176,123,A06,cross-session,AdaBN
14,15,1,0.00038433599991094525,123,A06,cross-session,AdaBN
15,16,1,0.00040667600001143,123,A06,cross-session,AdaBN
16,17,0,0.00041397200004666956,123,A06,cross-session,AdaBN
17,18,0,0.0004536249999773645,123,A06,cross-session,AdaBN
18,19,1,0.00044797999998991145,123,A06,cross-session,AdaBN
19,20,1,0.0004208410000501317,123,A06,cross-session,AdaBN
20,21,1,0.0004350140000042302,123,A06,cross-session,AdaBN
21,22,1,0.00039115499998843006,123,A06,cross-session,AdaBN
22,23,0,0.00041679899993596337,123,A06,cross-session,AdaBN
23,24,0,0.0004166719999147972,123,A06,cross-session,AdaBN
24,25,0,0.00043342599997231446,123,A06,cross-session,AdaBN
25,26,1,0.00043666699991717906,123,A06,cross-session,AdaBN
26,27,1,0.0004245680000849461,123,A06,cross-session,AdaBN
27,28,0,0.00040108499990765267,123,A06,cross-session,AdaBN
28,29,0,0.00042892099997970945,123,A06,cross-session,AdaBN
29,30,0,0.000388449000070068,123,A06,cross-session,AdaBN
30,31,1,0.0004017979999844101,123,A06,cross-session,AdaBN
31,32,0,0.00037581499998395884,123,A06,cross-session,AdaBN
32,32,0,0.0003780199999710021,123,A06,cross-session,AdaBN
33,32,1,0.0003904079999301757,123,A06,cross-session,AdaBN
34,32,1,0.00039768900001035945,123,A06,cross-session,AdaBN
35,32,1,0.0003812830000242684,123,A06,cross-session,AdaBN
36,32,1,0.0003751560000182508,123,A06,cross-session,AdaBN
37,32,1,0.00038847400003305665,123,A06,cross-session,AdaBN
38,32,1,0.00037226500000997476,123,A06,cross-session,AdaBN
39,32,1,0.00037092599995958153,123,A06,cross-session,AdaBN
40,32,0,0.0003651490000038393,123,A06,cross-session,AdaBN
41,32,1,0.00039012100000945793,123,A06,cross-session,AdaBN
42,32,0,0.00037679800004752906,123,A06,cross-session,AdaBN
43,32,1,0.00036835299999893323,123,A06,cross-session,AdaBN
44,32,0,0.00036342999999305903,123,A06,cross-session,AdaBN
45,32,1,0.00036439099994822755,123,A06,cross-session,AdaBN
46,32,0,0.0003672240000014426,123,A06,cross-session,AdaBN
47,32,0,0.00040517900004033436,123,A06,cross-session,AdaBN
48,32,0,0.0004061899999214802,123,A06,cross-session,AdaBN
49,32,0,0.0003861799999640425,123,A06,cross-session,AdaBN
50,32,0,0.0003883790000145382,123,A06,cross-session,AdaBN
51,32,1,0.000365387999977429,123,A06,cross-session,AdaBN
52,32,1,0.00040296600002420746,123,A06,cross-session,AdaBN
53,32,0,0.0003881730000330208,123,A06,cross-session,AdaBN
54,32,1,0.00038558699998247903,123,A06,cross-session,AdaBN
55,32,0,0.00040656199996647047,123,A06,cross-session,AdaBN
56,32,1,0.0003832569999531188,123,A06,cross-session,AdaBN
57,32,0,0.00037545500003943744,123,A06,cross-session,AdaBN
58,32,1,0.00037651399998139823,123,A06,cross-session,AdaBN
59,32,0,0.0003751930000817083,123,A06,cross-session,AdaBN
60,32,1,0.0003617240000721722,123,A06,cross-session,AdaBN
61,32,0,0.0003759949998993761,123,A06,cross-session,AdaBN
62,32,0,0.0003725260000919661,123,A06,cross-session,AdaBN
63,32,0,0.0004130459999487357,123,A06,cross-session,AdaBN
64,32,1,0.00044836799997938215,123,A06,cross-session,AdaBN
65,32,0,0.00039867899999990186,123,A06,cross-session,AdaBN
66,32,0,0.00038692999999057065,123,A06,cross-session,AdaBN
67,32,0,0.0003707260000282986,123,A06,cross-session,AdaBN
68,32,0,0.0004144399999859161,123,A06,cross-session,AdaBN
69,32,1,0.0004490420000138329,123,A06,cross-session,AdaBN
70,32,1,0.0003952810000100726,123,A06,cross-session,AdaBN
71,32,0,0.00039126699994085357,123,A06,cross-session,AdaBN
72,32,1,0.0003789300000107687,123,A06,cross-session,AdaBN
73,32,0,0.000379323999936787,123,A06,cross-session,AdaBN
74,32,0,0.0003881320000118649,123,A06,cross-session,AdaBN
75,32,0,0.00040525999997953477,123,A06,cross-session,AdaBN
76,32,1,0.00038711000001967477,123,A06,cross-session,AdaBN
77,32,0,0.0003730110000788045,123,A06,cross-session,AdaBN
78,32,0,0.000367862999951285,123,A06,cross-session,AdaBN
79,32,1,0.00041552000004685397,123,A06,cross-session,AdaBN
80,32,1,0.000416939000047023,123,A06,cross-session,AdaBN
81,32,1,0.0003953730000603173,123,A06,cross-session,AdaBN
82,32,1,0.00041434600007050904,123,A06,cross-session,AdaBN
83,32,0,0.00037620099999458034,123,A06,cross-session,AdaBN
84,32,1,0.0003904609999381137,123,A06,cross-session,AdaBN
85,32,0,0.0003704309999648103,123,A06,cross-session,AdaBN
86,32,1,0.000450557000021945,123,A06,cross-session,AdaBN
87,32,0,0.00038374099995053257,123,A06,cross-session,AdaBN
88,32,1,0.00041650699995443574,123,A06,cross-session,AdaBN
89,32,0,0.0004133229999752075,123,A06,cross-session,AdaBN
90,32,0,0.00042550399996343913,123,A06,cross-session,AdaBN
91,32,0,0.0004389400000945898,123,A06,cross-session,AdaBN
92,32,0,0.0004325200000039331,123,A06,cross-session,AdaBN
93,32,1,0.0003937750000204687,123,A06,cross-session,AdaBN
94,32,0,0.0004202589999522388,123,A06,cross-session,AdaBN
95,32,1,0.00036731399995915126,123,A06,cross-session,AdaBN
96,32,1,0.00036266699999032426,123,A06,cross-session,AdaBN
97,32,1,0.00037427899997055647,123,A06,cross-session,AdaBN
98,32,0,0.00038350800002717733,123,A06,cross-session,AdaBN
99,32,0,0.0004037900000639638,123,A06,cross-session,AdaBN
100,32,1,0.0003755550000050789,123,A06,cross-session,AdaBN
101,32,1,0.00043135099997471116,123,A06,cross-session,AdaBN
102,32,1,0.000389509999990878,123,A06,cross-session,AdaBN
103,32,0,0.000408710999977302,123,A06,cross-session,AdaBN
104,32,0,0.00038753299998006696,123,A06,cross-session,AdaBN
105,32,1,0.0003843519999691125,123,A06,cross-session,AdaBN
106,32,1,0.00038432799999554845,123,A06,cross-session,AdaBN
107,32,0,0.00043236199996954383,123,A06,cross-session,AdaBN
108,32,1,0.00040124300005572877,123,A06,cross-session,AdaBN
109,32,1,0.0004077359999428154,123,A06,cross-session,AdaBN
110,32,0,0.00041523999993842153,123,A06,cross-session,AdaBN
111,32,1,0.0004209800000580799,123,A06,cross-session,AdaBN
112,32,0,0.0003806040000426947,123,A06,cross-session,AdaBN
113,32,1,0.00040839299992967426,123,A06,cross-session,AdaBN
114,32,1,0.0003725999999915075,123,A06,cross-session,AdaBN
115,32,1,0.00038841399998545967,123,A06,cross-session,AdaBN
116,32,0,0.0003761589999839998,123,A06,cross-session,AdaBN
117,32,0,0.00041260299997247785,123,A06,cross-session,AdaBN
118,32,1,0.00038387199992939713,123,A06,cross-session,AdaBN
119,32,1,0.0004245000000082655,123,A06,cross-session,AdaBN
120,32,0,0.00040556900000865426,123,A06,cross-session,AdaBN
121,32,0,0.00038784299999861105,123,A06,cross-session,AdaBN
122,32,0,0.0004067710000299485,123,A06,cross-session,AdaBN
123,32,0,0.0003982690000157163,123,A06,cross-session,AdaBN
124,32,1,0.0003772039999603294,123,A06,cross-session,AdaBN
125,32,0,0.00037390700003925303,123,A06,cross-session,AdaBN
126,32,0,0.00039363400003367133,123,A06,cross-session,AdaBN
127,32,0,0.000411241000051632,123,A06,cross-session,AdaBN
128,32,0,0.00038324499996633676,123,A06,cross-session,AdaBN
129,32,0,0.0003937640000231113,123,A06,cross-session,AdaBN
130,32,1,0.0003730500000074244,123,A06,cross-session,AdaBN
131,32,0,0.00039838999998664804,123,A06,cross-session,AdaBN
132,32,0,0.00043997399995987507,123,A06,cross-session,AdaBN
133,32,1,0.0003735690000894465,123,A06,cross-session,AdaBN
134,32,0,0.00037359899999955815,123,A06,cross-session,AdaBN
135,32,1,0.0003686620000280527,123,A06,cross-session,AdaBN
136,32,0,0.00038088999997398787,123,A06,cross-session,AdaBN
137,32,0,0.0003693689999408889,123,A06,cross-session,AdaBN
138,32,1,0.0003632429999242959,123,A06,cross-session,AdaBN
139,32,1,0.00038429200003520236,123,A06,cross-session,AdaBN
140,32,0,0.0003792400000293128,123,A06,cross-session,AdaBN
141,32,1,0.00039094299995667825,123,A06,cross-session,AdaBN
142,32,0,0.00038862599990352464,123,A06,cross-session,AdaBN
143,32,0,0.00040022700000008626,123,A06,cross-session,AdaBN
144,32,0,0.00038546399991901126,123,A06,cross-session,AdaBN
145,32,1,0.0003939219999438137,123,A06,cross-session,AdaBN
146,32,1,0.0003750910000235308,123,A06,cross-session,AdaBN
147,32,1,0.00037465200000497134,123,A06,cross-session,AdaBN
148,32,0,0.00039231299990660773,123,A06,cross-session,AdaBN
149,32,1,0.0003721379999888086,123,A06,cross-session,AdaBN
150,32,1,0.0003721809999888137,123,A06,cross-session,AdaBN
151,32,1,0.00037893600006100314,123,A06,cross-session,AdaBN
152,32,0,0.00044542899991029117,123,A06,cross-session,AdaBN
153,32,0,0.0003753549999601091,123,A06,cross-session,AdaBN
154,32,0,0.00038667700005134975,123,A06,cross-session,AdaBN
155,32,0,0.0003874450000012075,123,A06,cross-session,AdaBN
156,32,0,0.000365885999940474,123,A06,cross-session,AdaBN
157,32,1,0.00037708000002112385,123,A06,cross-session,AdaBN
158,32,0,0.00040501199998743687,123,A06,cross-session,AdaBN
159,32,1,0.00035995899997942615,123,A06,cross-session,AdaBN
160,32,0,0.0004250079999792433,123,A06,cross-session,AdaBN
161,32,1,0.00037334800003918645,123,A06,cross-session,AdaBN
162,32,0,0.0003719019999834927,123,A06,cross-session,AdaBN
163,32,1,0.0003889070000013817,123,A06,cross-session,AdaBN
164,32,1,0.00037997399999767367,123,A06,cross-session,AdaBN
165,32,0,0.00038544100004855864,123,A06,cross-session,AdaBN
166,32,0,0.00037179500009187905,123,A06,cross-session,AdaBN
167,32,0,0.0003714739999622907,123,A06,cross-session,AdaBN
168,32,1,0.0003822400000217385,123,A06,cross-session,AdaBN
169,32,0,0.0003867780000064158,123,A06,cross-session,AdaBN
170,32,0,0.00040929299996150803,123,A06,cross-session,AdaBN
171,32,0,0.00036888900001486036,123,A06,cross-session,AdaBN
172,32,1,0.0003920770000149787,123,A06,cross-session,AdaBN
173,32,1,0.000380495000058545,123,A06,cross-session,AdaBN
174,32,1,0.00038458299991361855,123,A06,cross-session,AdaBN
175,32,0,0.00041203900002528826,123,A06,cross-session,AdaBN
176,32,1,0.00041820699993877497,123,A06,cross-session,AdaBN
177,32,1,0.0003781120000212468,123,A06,cross-session,AdaBN
178,32,1,0.0004016189999447306,123,A06,cross-session,AdaBN
179,32,0,0.0003804260001061266,123,A06,cross-session,AdaBN
180,32,0,0.0003867950000540077,123,A06,cross-session,AdaBN
181,32,1,0.0004026069999554238,123,A06,cross-session,AdaBN
182,32,0,0.0003976479999892035,123,A06,cross-session,AdaBN
183,32,1,0.00037879900003190414,123,A06,cross-session,AdaBN
184,32,0,0.0003696420000096623,123,A06,cross-session,AdaBN
185,32,0,0.0003787860000556975,123,A06,cross-session,AdaBN
186,32,1,0.0003958060000286423,123,A06,cross-session,AdaBN
187,32,0,0.00037003600004936743,123,A06,cross-session,AdaBN
188,32,0,0.0003614170000219019,123,A06,cross-session,AdaBN
189,32,1,0.0004187810000075842,123,A06,cross-session,AdaBN
190,32,0,0.00039645799995469133,123,A06,cross-session,AdaBN
191,32,1,0.00038868899991939543,123,A06,cross-session,AdaBN
192,32,0,0.0003798080000478876,123,A06,cross-session,AdaBN
193,32,0,0.00040432600007989095,123,A06,cross-session,AdaBN
194,32,0,0.0003804409999474956,123,A06,cross-session,AdaBN
195,32,1,0.00040834300000369694,123,A06,cross-session,AdaBN
196,32,1,0.0003687349999381695,123,A06,cross-session,AdaBN
197,32,0,0.0003631060000088837,123,A06,cross-session,AdaBN
198,32,1,0.00039168599994354736,123,A06,cross-session,AdaBN
199,32,1,0.0003736820000312946,123,A06,cross-session,AdaBN
200,32,0,0.0003940599999623373,123,A06,cross-session,AdaBN
201,32,0,0.00042976499992164463,123,A06,cross-session,AdaBN
202,32,0,0.00037701399992329243,123,A06,cross-session,AdaBN
203,32,1,0.0003746060000366924,123,A06,cross-session,AdaBN
204,32,1,0.000383823999982269,123,A06,cross-session,AdaBN
205,32,0,0.000373555999999553,123,A06,cross-session,AdaBN
206,32,1,0.00036628999998811196,123,A06,cross-session,AdaBN
207,32,1,0.0003800529999580249,123,A06,cross-session,AdaBN
208,32,1,0.0004434610000316752,123,A06,cross-session,AdaBN
209,32,0,0.00039103400001749833,123,A06,cross-session,AdaBN
210,32,0,0.00037025300002824224,123,A06,cross-session,AdaBN
211,32,1,0.00038633400004073337,123,A06,cross-session,AdaBN
212,32,0,0.00038803099994311196,123,A06,cross-session,AdaBN
213,32,1,0.00037166300000990304,123,A06,cross-session,AdaBN
214,32,1,0.00038752000000386033,123,A06,cross-session,AdaBN
215,32,0,0.000366362000022491,123,A06,cross-session,AdaBN
216,32,0,0.00037907500006895134,123,A06,cross-session,AdaBN
217,32,0,0.0003989720000845409,123,A06,cross-session,AdaBN
218,32,0,0.0003910659999064592,123,A06,cross-session,AdaBN
219,32,1,0.00035890399999516376,123,A06,cross-session,AdaBN
220,32,0,0.0003705560000071273,123,A06,cross-session,AdaBN
221,32,1,0.00039357100001780054,123,A06,cross-session,AdaBN
222,32,1,0.0003672480000886935,123,A06,cross-session,AdaBN
223,32,0,0.0003800460000320527,123,A06,cross-session,AdaBN
224,32,1,0.00036262600008285517,123,A06,cross-session,AdaBN
225,32,0,0.00038595199998781027,123,A06,cross-session,AdaBN
226,32,1,0.00038122800003748125,123,A06,cross-session,AdaBN
227,32,0,0.0003886250000277869,123,A06,cross-session,AdaBN
228,32,1,0.0003928060000362166,123,A06,cross-session,AdaBN
229,32,1,0.00040015899992340564,123,A06,cross-session,AdaBN
230,32,0,0.00036143099998753314,123,A06,cross-session,AdaBN
231,32,0,0.00035889100001895713,123,A06,cross-session,AdaBN
232,32,1,0.0003571049999209208,123,A06,cross-session,AdaBN
233,32,0,0.00041239799998038507,123,A06,cross-session,AdaBN
234,32,0,0.0003693200000043362,123,A06,cross-session,AdaBN
235,32,1,0.0003599549999080409,123,A06,cross-session,AdaBN
236,32,0,0.00038727000003291323,123,A06,cross-session,AdaBN
237,32,1,0.00036414099997728044,123,A06,cross-session,AdaBN
238,32,1,0.00037008000003879715,123,A06,cross-session,AdaBN
239,32,1,0.0003794639999341598,123,A06,cross-session,AdaBN
240,32,0,0.00037215800000467425,123,A06,cross-session,AdaBN
241,32,1,0.000373474000070928,123,A06,cross-session,AdaBN
242,32,1,0.0003762869999945906,123,A06,cross-session,AdaBN
243,32,0,0.0003691849999540864,123,A06,cross-session,AdaBN
244,32,1,0.0004203229999575342,123,A06,cross-session,AdaBN
245,32,0,0.0003839830000060829,123,A06,cross-session,AdaBN
246,32,0,0.00037760500003969355,123,A06,cross-session,AdaBN
247,32,1,0.00036430200009363034,123,A06,cross-session,AdaBN
248,32,1,0.0003728469999941808,123,A06,cross-session,AdaBN
249,32,1,0.0003929260000177237,123,A06,cross-session,AdaBN
250,32,0,0.0003945650000787282,123,A06,cross-session,AdaBN
251,32,0,0.0003700019999541837,123,A06,cross-session,AdaBN
252,32,1,0.0004000290000476525,123,A06,cross-session,AdaBN
253,32,0,0.00036805399997774657,123,A06,cross-session,AdaBN
254,32,1,0.00036322699997981545,123,A06,cross-session,AdaBN
255,32,1,0.0003670370000463663,123,A06,cross-session,AdaBN
256,32,0,0.00039368899990677164,123,A06,cross-session,AdaBN
257,32,0,0.00036082400004033843,123,A06,cross-session,AdaBN
258,32,1,0.0003564770000821227,123,A06,cross-session,AdaBN
259,32,0,0.00038707899989276484,123,A06,cross-session,AdaBN
260,32,1,0.0003786730000001626,123,A06,cross-session,AdaBN
261,32,0,0.0003685899999936737,123,A06,cross-session,AdaBN
262,32,1,0.00037443799999437033,123,A06,cross-session,AdaBN
263,32,0,0.00041741000006823015,123,A06,cross-session,AdaBN
264,32,1,0.0003936570000178108,123,A06,cross-session,AdaBN
265,32,0,0.00039064100008090463,123,A06,cross-session,AdaBN
266,32,1,0.0003610679999610511,123,A06,cross-session,AdaBN
267,32,0,0.000377839999941898,123,A06,cross-session,AdaBN
268,32,1,0.00039910299994971865,123,A06,cross-session,AdaBN
269,32,1,0.0004228870000133611,123,A06,cross-session,AdaBN
270,32,1,0.00038745999995626335,123,A06,cross-session,AdaBN
271,32,1,0.0003685929999619475,123,A06,cross-session,AdaBN
272,32,1,0.0003744709999864426,123,A06,cross-session,AdaBN
273,32,0,0.000370867000015096,123,A06,cross-session,AdaBN
274,32,0,0.0003808650000109992,123,A06,cross-session,AdaBN
275,32,0,0.00039611099998637656,123,A06,cross-session,AdaBN
276,32,1,0.00037222399998881883,123,A06,cross-session,AdaBN
277,32,1,0.0003783949999842662,123,A06,cross-session,AdaBN
278,32,0,0.00036425299992970395,123,A06,cross-session,AdaBN
279,32,0,0.0003681289999803994,123,A06,cross-session,AdaBN
280,32,1,0.00036136599999281316,123,A06,cross-session,AdaBN
281,32,1,0.0003778330000159258,123,A06,cross-session,AdaBN
282,32,0,0.000413511999909133,123,A06,cross-session,AdaBN
283,32,0,0.0003737260000207243,123,A06,cross-session,AdaBN
284,32,0,0.00037131800002043747,123,A06,cross-session,AdaBN
285,32,1,0.00038349199996901007,123,A06,cross-session,AdaBN
286,32,1,0.0003666520000251694,123,A06,cross-session,AdaBN
287,32,0,0.00042170400001850794,123,A06,cross-session,AdaBN
0,1,1,0.0006826249999676293,123,A07,cross-session,AdaBN
1,2,0,0.0005977910000183329,123,A07,cross-session,AdaBN
2,3,1,0.0006002310000212674,123,A07,cross-session,AdaBN
3,4,0,0.0005386369999769158,123,A07,cross-session,AdaBN
4,5,1,0.00043395399995915795,123,A07,cross-session,AdaBN
5,6,1,0.0004021320000902051,123,A07,cross-session,AdaBN
6,7,1,0.0005169789999399654,123,A07,cross-session,AdaBN
7,8,1,0.0004828180000231441,123,A07,cross-session,AdaBN
8,9,0,0.00047992799989060586,123,A07,cross-session,AdaBN
9,10,1,0.0004841569999598505,123,A07,cross-session,AdaBN
10,11,1,0.0004479660000242802,123,A07,cross-session,AdaBN
11,12,1,0.0004598639999358056,123,A07,cross-session,AdaBN
12,13,1,0.00044621200004257844,123,A07,cross-session,AdaBN
13,14,0,0.0004521189999877606,123,A07,cross-session,AdaBN
14,15,1,0.0004496720000588539,123,A07,cross-session,AdaBN
15,16,0,0.00041084899999077606,123,A07,cross-session,AdaBN
16,17,0,0.0004295679999586355,123,A07,cross-session,AdaBN
17,18,1,0.00044997899999543733,123,A07,cross-session,AdaBN
18,19,0,0.00045178400000622787,123,A07,cross-session,AdaBN
19,20,1,0.00043528799994874134,123,A07,cross-session,AdaBN
20,21,0,0.000441768000086995,123,A07,cross-session,AdaBN
21,22,1,0.00043946599998889724,123,A07,cross-session,AdaBN
22,23,1,0.0004326639999590043,123,A07,cross-session,AdaBN
23,24,1,0.0004260629999635057,123,A07,cross-session,AdaBN
24,25,0,0.0004213879999497294,123,A07,cross-session,AdaBN
25,26,0,0.0004183119999652263,123,A07,cross-session,AdaBN
26,27,1,0.0004184890000260566,123,A07,cross-session,AdaBN
27,28,0,0.00044238800001039635,123,A07,cross-session,AdaBN
28,29,1,0.00039463100006287277,123,A07,cross-session,AdaBN
29,30,1,0.00039473200001793884,123,A07,cross-session,AdaBN
30,31,1,0.00038833799999338225,123,A07,cross-session,AdaBN
31,32,0,0.00038864900000135094,123,A07,cross-session,AdaBN
32,32,0,0.00038935999998557236,123,A07,cross-session,AdaBN
33,32,0,0.00039880899998934183,123,A07,cross-session,AdaBN
34,32,1,0.0003992629999629571,123,A07,cross-session,AdaBN
35,32,0,0.00039758599996275734,123,A07,cross-session,AdaBN
36,32,1,0.0003909979999434654,123,A07,cross-session,AdaBN
37,32,1,0.00037518199997066404,123,A07,cross-session,AdaBN
38,32,0,0.00036842800000158604,123,A07,cross-session,AdaBN
39,32,0,0.0003716060000442667,123,A07,cross-session,AdaBN
40,32,1,0.0003838210000139952,123,A07,cross-session,AdaBN
41,32,0,0.00039659399999436573,123,A07,cross-session,AdaBN
42,32,1,0.00042817799999284034,123,A07,cross-session,AdaBN
43,32,0,0.0003962960000762905,123,A07,cross-session,AdaBN
44,32,1,0.00038537800003268785,123,A07,cross-session,AdaBN
45,32,0,0.0003731870000365234,123,A07,cross-session,AdaBN
46,32,0,0.00038250299996889225,123,A07,cross-session,AdaBN
47,32,1,0.00037187600003107946,123,A07,cross-session,AdaBN
48,32,0,0.00037417499993352976,123,A07,cross-session,AdaBN
49,32,0,0.00039970699992863956,123,A07,cross-session,AdaBN
50,32,0,0.000392615000009755,123,A07,cross-session,AdaBN
51,32,0,0.0003866950000883662,123,A07,cross-session,AdaBN
52,32,0,0.0003828359999715758,123,A07,cross-session,AdaBN
53,32,1,0.0004019550000293748,123,A07,cross-session,AdaBN
54,32,1,0.00040619599997171463,123,A07,cross-session,AdaBN
55,32,0,0.00044218299990461674,123,A07,cross-session,AdaBN
56,32,0,0.00040167199995266856,123,A07,cross-session,AdaBN
57,32,1,0.00040005999994718877,123,A07,cross-session,AdaBN
58,32,1,0.00036252699999295146,123,A07,cross-session,AdaBN
59,32,1,0.00035524100007933157,123,A07,cross-session,AdaBN
60,32,1,0.0004083630000195626,123,A07,cross-session,AdaBN
61,32,0,0.00037454999994679383,123,A07,cross-session,AdaBN
62,32,0,0.0003684060000068712,123,A07,cross-session,AdaBN
63,32,1,0.0003721049999967363,123,A07,cross-session,AdaBN
64,32,1,0.00040680199992948474,123,A07,cross-session,AdaBN
65,32,1,0.00039194500004668953,123,A07,cross-session,AdaBN
66,32,0,0.00039065999999365886,123,A07,cross-session,AdaBN
67,32,1,0.0003707580000309463,123,A07,cross-session,AdaBN
68,32,1,0.00037466599997060257,123,A07,cross-session,AdaBN
69,32,0,0.0003847419999374324,123,A07,cross-session,AdaBN
70,32,1,0.00043461100005970366,123,A07,cross-session,AdaBN
71,32,0,0.0003654570000435342,123,A07,cross-session,AdaBN
72,32,0,0.0003739729999097108,123,A07,cross-session,AdaBN
73,32,1,0.00035769500004789734,123,A07,cross-session,AdaBN
74,32,1,0.00035492200004227925,123,A07,cross-session,AdaBN
75,32,1,0.0003672400000596099,123,A07,cross-session,AdaBN
76,32,1,0.0003725999999915075,123,A07,cross-session,AdaBN
77,32,1,0.0004081239999322861,123,A07,cross-session,AdaBN
78,32,1,0.0003849690000379269,123,A07,cross-session,AdaBN
79,32,0,0.0003792799999473573,123,A07,cross-session,AdaBN
80,32,0,0.0003901110000015251,123,A07,cross-session,AdaBN
81,32,0,0.00037236100001791783,123,A07,cross-session,AdaBN
82,32,0,0.0003782260000662063,123,A07,cross-session,AdaBN
83,32,1,0.00037718400005815056,123,A07,cross-session,AdaBN
84,32,0,0.00036005900005875446,123,A07,cross-session,AdaBN
85,32,0,0.0003571639999790932,123,A07,cross-session,AdaBN
86,32,1,0.00037260999999944033,123,A07,cross-session,AdaBN
87,32,0,0.00038287400002445793,123,A07,cross-session,AdaBN
88,32,0,0.0003884949999246601,123,A07,cross-session,AdaBN
89,32,1,0.0004425700000183497,123,A07,cross-session,AdaBN
90,32,1,0.00038502600000356324,123,A07,cross-session,AdaBN
91,32,0,0.0003813559999343852,123,A07,cross-session,AdaBN
92,32,0,0.0004434600000422506,123,A07,cross-session,AdaBN
93,32,0,0.0004057359999478649,123,A07,cross-session,AdaBN
94,32,1,0.00040317299999514944,123,A07,cross-session,AdaBN
95,32,0,0.00048592500002087036,123,A07,cross-session,AdaBN
96,32,1,0.00039409999999406864,123,A07,cross-session,AdaBN
97,32,0,0.00036913799999638286,123,A07,cross-session,AdaBN
98,32,0,0.0003606310000350277,123,A07,cross-session,AdaBN
99,32,0,0.00037714400002641923,123,A07,cross-session,AdaBN
100,32,1,0.00037297899996246997,123,A07,cross-session,AdaBN
101,32,1,0.0004088559999217978,123,A07,cross-session,AdaBN
102,32,1,0.0004185429999097323,123,A07,cross-session,AdaBN
103,32,0,0.0004076349999877493,123,A07,cross-session,AdaBN
104,32,0,0.00037672500002372544,123,A07,cross-session,AdaBN
105,32,0,0.0003729529998963699,123,A07,cross-session,AdaBN
106,32,1,0.00038805500003036286,123,A07,cross-session,AdaBN
107,32,0,0.0003769599999259299,123,A07,cross-session,AdaBN
108,32,0,0.0003836020000562712,123,A07,cross-session,AdaBN
109,32,0,0.0003721790000099645,123,A07,cross-session,AdaBN
110,32,0,0.0004001639999842155,123,A07,cross-session,AdaBN
111,32,0,0.0004002869999339964,123,A07,cross-session,AdaBN
112,32,0,0.00037993000000824395,123,A07,cross-session,AdaBN
113,32,1,0.00038087899997663044,123,A07,cross-session,AdaBN
114,32,0,0.00038129799997932423,123,A07,cross-session,AdaBN
115,32,0,0.0003729619999148781,123,A07,cross-session,AdaBN
116,32,1,0.00036236800008282444,123,A07,cross-session,AdaBN
117,32,0,0.000367562000064936,123,A07,cross-session,AdaBN
118,32,0,0.00040120500000284665,123,A07,cross-session,AdaBN
119,32,0,0.000375023000060537,123,A07,cross-session,AdaBN
120,32,0,0.0003786080000054426,123,A07,cross-session,AdaBN
121,32,0,0.00043332099994586315,123,A07,cross-session,AdaBN
122,32,1,0.00038415000005898037,123,A07,cross-session,AdaBN
123,32,0,0.0003857279999692764,123,A07,cross-session,AdaBN
124,32,1,0.0003954549999889423,123,A07,cross-session,AdaBN
125,32,1,0.0003765910000765871,123,A07,cross-session,AdaBN
126,32,1,0.00036182199994527764,123,A07,cross-session,AdaBN
127,32,1,0.0003717889999279578,123,A07,cross-session,AdaBN
128,32,1,0.000388963999967018,123,A07,cross-session,AdaBN
129,32,1,0.00037772399991808925,123,A07,cross-session,AdaBN
130,32,0,0.0004206309999972291,123,A07,cross-session,AdaBN
131,32,0,0.00038891900010185054,123,A07,cross-session,AdaBN
132,32,1,0.0003726689999439259,123,A07,cross-session,AdaBN
133,32,0,0.00043138099999850965,123,A07,cross-session,AdaBN
134,32,1,0.0004391039999518398,123,A07,cross-session,AdaBN
135,32,1,0.00036171500005366397,123,A07,cross-session,AdaBN
136,32,0,0.0003710109999701672,123,A07,cross-session,AdaBN
137,32,0,0.000356252999949902,123,A07,cross-session,AdaBN
138,32,0,0.00038583200000630313,123,A07,cross-session,AdaBN
139,32,1,0.0004608020000205215,123,A07,cross-session,AdaBN
140,32,0,0.0004167060000099809,123,A07,cross-session,AdaBN
141,32,1,0.00038970999992216093,123,A07,cross-session,AdaBN
142,32,1,0.000364117999993141,123,A07,cross-session,AdaBN
143,32,1,0.0003623590000643162,123,A07,cross-session,AdaBN
144,32,0,0.0003693989999646874,123,A07,cross-session,AdaBN
145,32,1,0.00039618499999960477,123,A07,cross-session,AdaBN
146,32,0,0.0003768110000237357,123,A07,cross-session,AdaBN
147,32,1,0.0004010119999975359,123,A07,cross-session,AdaBN
148,32,1,0.0003625699999929566,123,A07,cross-session,AdaBN
149,32,1,0.00038711100000909937,123,A07,cross-session,AdaBN
150,32,1,0.00042623600006663764,123,A07,cross-session,AdaBN
151,32,1,0.0003769719999127119,123,A07,cross-session,AdaBN
152,32,0,0.0003906059999962963,123,A07,cross-session,AdaBN
153,32,0,0.00037065899994104257,123,A07,cross-session,AdaBN
154,32,0,0.0003673219999882349,123,A07,cross-session,AdaBN
155,32,1,0.00037987299992892076,123,A07,cross-session,AdaBN
156,32,1,0.00038738200009902357,123,A07,cross-session,AdaBN
157,32,1,0.000394224000046961,123,A07,cross-session,AdaBN
158,32,0,0.00042937400007758697,123,A07,cross-session,AdaBN
159,32,0,0.00042056800009504514,123,A07,cross-session,AdaBN
160,32,0,0.000368271999946046,123,A07,cross-session,AdaBN
161,32,0,0.00037947600003462867,123,A07,cross-session,AdaBN
162,32,1,0.00036162099991088326,123,A07,cross-session,AdaBN
163,32,0,0.00035848100003477157,123,A07,cross-session,AdaBN
164,32,1,0.0003594700000348894,123,A07,cross-session,AdaBN
165,32,1,0.0004813280000917075,123,A07,cross-session,AdaBN
166,32,0,0.000384579000069607,123,A07,cross-session,AdaBN
167,32,0,0.0003984119999813629,123,A07,cross-session,AdaBN
168,32,1,0.0003925950001075762,123,A07,cross-session,AdaBN
169,32,0,0.00037201700001787685,123,A07,cross-session,AdaBN
170,32,0,0.00038833799999338225,123,A07,cross-session,AdaBN
171,32,0,0.0003799549999712326,123,A07,cross-session,AdaBN
172,32,0,0.0003603569999768297,123,A07,cross-session,AdaBN
173,32,1,0.00035661000003983645,123,A07,cross-session,AdaBN
174,32,1,0.00039638600003399915,123,A07,cross-session,AdaBN
175,32,1,0.00036743300006492063,123,A07,cross-session,AdaBN
176,32,1,0.00036665199991148256,123,A07,cross-session,AdaBN
177,32,0,0.0003929279999965729,123,A07,cross-session,AdaBN
178,32,0,0.0003747089999706077,123,A07,cross-session,AdaBN
179,32,0,0.000368416000014804,123,A07,cross-session,AdaBN
180,32,1,0.0003741460000128427,123,A07,cross-session,AdaBN
181,32,0,0.0004235970000081579,123,A07,cross-session,AdaBN
182,32,1,0.0003750959999706538,123,A07,cross-session,AdaBN
183,32,0,0.0003672199999300574,123,A07,cross-session,AdaBN
184,32,1,0.00037124200002836005,123,A07,cross-session,AdaBN
185,32,1,0.00035704399999758607,123,A07,cross-session,AdaBN
186,32,0,0.0003709549999939554,123,A07,cross-session,AdaBN
187,32,1,0.0003888879999749406,123,A07,cross-session,AdaBN
188,32,0,0.0003972599999997328,123,A07,cross-session,AdaBN
189,32,0,0.0003930389999595718,123,A07,cross-session,AdaBN
190,32,1,0.00039276300003621145,123,A07,cross-session,AdaBN
191,32,1,0.00037408700006835716,123,A07,cross-session,AdaBN
192,32,0,0.0003613800000721312,123,A07,cross-session,AdaBN
193,32,1,0.00037416999998640676,123,A07,cross-session,AdaBN
194,32,1,0.00035968399993180356,123,A07,cross-session,AdaBN
195,32,0,0.0003621639999664694,123,A07,cross-session,AdaBN
196,32,1,0.00037465899993094354,123,A07,cross-session,AdaBN
197,32,0,0.0003764240000236896,123,A07,cross-session,AdaBN
198,32,1,0.000365031999990606,123,A07,cross-session,AdaBN
199,32,1,0.0003998040000396941,123,A07,cross-session,AdaBN
200,32,1,0.0003838469999664085,123,A07,cross-session,AdaBN
201,32,0,0.0003938390000257641,123,A07,cross-session,AdaBN
202,32,0,0.00037648900001840957,123,A07,cross-session,AdaBN
203,32,0,0.00039698199998383643,123,A07,cross-session,AdaBN
204,32,0,0.00037898599998698046,123,A07,cross-session,AdaBN
205,32,1,0.0003627599999163067,123,A07,cross-session,AdaBN
206,32,1,0.00037120299998605333,123,A07,cross-session,AdaBN
207,32,1,0.00036561000001711363,123,A07,cross-session,AdaBN
208,32,0,0.0004289710000193736,123,A07,cross-session,AdaBN
209,32,0,0.00038221499994506303,123,A07,cross-session,AdaBN
210,32,1,0.00036396400003013696,123,A07,cross-session,AdaBN
211,32,1,0.00042078500007391995,123,A07,cross-session,AdaBN
212,32,1,0.0003807830000823742,123,A07,cross-session,AdaBN
213,32,0,0.00036206100003255415,123,A07,cross-session,AdaBN
214,32,1,0.00038288999996893835,123,A07,cross-session,AdaBN
215,32,0,0.0003831520000403543,123,A07,cross-session,AdaBN
216,32,1,0.0003934860000072149,123,A07,cross-session,AdaBN
217,32,0,0.000371865000033722,123,A07,cross-session,AdaBN
218,32,0,0.000363139000000956,123,A07,cross-session,AdaBN
219,32,0,0.00035618700007944426,123,A07,cross-session,AdaBN
220,32,0,0.0004015780000372615,123,A07,cross-session,AdaBN
221,32,0,0.0003872959999853265,123,A07,cross-session,AdaBN
222,32,1,0.0003930650000256719,123,A07,cross-session,AdaBN
223,32,1,0.0003741110000419212,123,A07,cross-session,AdaBN
224,32,1,0.0003772069999286032,123,A07,cross-session,AdaBN
225,32,1,0.0003732419999096237,123,A07,cross-session,AdaBN
226,32,1,0.0003704810000044745,123,A07,cross-session,AdaBN
227,32,0,0.00035186299999168114,123,A07,cross-session,AdaBN
228,32,1,0.0003695789999937915,123,A07,cross-session,AdaBN
229,32,1,0.0003608580000218353,123,A07,cross-session,AdaBN
230,32,1,0.0003650690000540635,123,A07,cross-session,AdaBN
231,32,0,0.00041086300007009413,123,A07,cross-session,AdaBN
232,32,0,0.00040008600001328887,123,A07,cross-session,AdaBN
233,32,0,0.00040573800004040095,123,A07,cross-session,AdaBN
234,32,0,0.00038383799994790024,123,A07,cross-session,AdaBN
235,32,1,0.00036698100007015455,123,A07,cross-session,AdaBN
236,32,0,0.0004213749999735228,123,A07,cross-session,AdaBN
237,32,0,0.00036443699991650647,123,A07,cross-session,AdaBN
238,32,0,0.0003799119999712275,123,A07,cross-session,AdaBN
239,32,0,0.0003869079999958558,123,A07,cross-session,AdaBN
240,32,0,0.0003826570000455831,123,A07,cross-session,AdaBN
241,32,1,0.0003785159999551979,123,A07,cross-session,AdaBN
242,32,0,0.00038622399995347223,123,A07,cross-session,AdaBN
243,32,1,0.00037518999999974767,123,A07,cross-session,AdaBN
244,32,1,0.0003931439999860231,123,A07,cross-session,AdaBN
245,32,0,0.0003713639999887164,123,A07,cross-session,AdaBN
246,32,1,0.00038077200008501677,123,A07,cross-session,AdaBN
247,32,0,0.00037401999998110114,123,A07,cross-session,AdaBN
248,32,1,0.00037520900002618873,123,A07,cross-session,AdaBN
249,32,0,0.00035392499989939097,123,A07,cross-session,AdaBN
250,32,1,0.0003723890000628671,123,A07,cross-session,AdaBN
251,32,0,0.00039125099999637314,123,A07,cross-session,AdaBN
252,32,1,0.0004122220000226662,123,A07,cross-session,AdaBN
253,32,1,0.0003943280000839877,123,A07,cross-session,AdaBN
254,32,0,0.0003879390000065541,123,A07,cross-session,AdaBN
255,32,1,0.0003751240000156031,123,A07,cross-session,AdaBN
256,32,1,0.00037275499994393613,123,A07,cross-session,AdaBN
257,32,0,0.0003591999999343898,123,A07,cross-session,AdaBN
258,32,0,0.00038428999994266633,123,A07,cross-session,AdaBN
259,32,0,0.000357150000013462,123,A07,cross-session,AdaBN
260,32,1,0.00041665399999146757,123,A07,cross-session,AdaBN
261,32,0,0.0004039950000560566,123,A07,cross-session,AdaBN
262,32,1,0.0003820919999952821,123,A07,cross-session,AdaBN
263,32,0,0.00037687099995764584,123,A07,cross-session,AdaBN
264,32,0,0.000385081999979775,123,A07,cross-session,AdaBN
265,32,1,0.0003715499999543681,123,A07,cross-session,AdaBN
266,32,1,0.00037105200010500994,123,A07,cross-session,AdaBN
267,32,1,0.0003898150000622991,123,A07,cross-session,AdaBN
268,32,1,0.0003626789999771063,123,A07,cross-session,AdaBN
269,32,1,0.00043029500000102416,123,A07,cross-session,AdaBN
270,32,0,0.00036614800001188996,123,A07,cross-session,AdaBN
271,32,1,0.00035989699995297997,123,A07,cross-session,AdaBN
272,32,0,0.0003729730000259224,123,A07,cross-session,AdaBN
273,32,1,0.0003673869999829549,123,A07,cross-session,AdaBN
274,32,1,0.0003650099999958911,123,A07,cross-session,AdaBN
275,32,1,0.00037573700001303223,123,A07,cross-session,AdaBN
276,32,0,0.00040101900003719493,123,A07,cross-session,AdaBN
277,32,1,0.0003699239999832571,123,A07,cross-session,AdaBN
278,32,1,0.00036031299998739996,123,A07,cross-session,AdaBN
279,32,0,0.0003605849999530619,123,A07,cross-session,AdaBN
280,32,0,0.00036688799991679844,123,A07,cross-session,AdaBN
281,32,0,0.00038861600000927865,123,A07,cross-session,AdaBN
282,32,1,0.00039855800002897013,123,A07,cross-session,AdaBN
283,32,0,0.00037561299996013986,123,A07,cross-session,AdaBN
284,32,1,0.00038011300000562187,123,A07,cross-session,AdaBN
285,32,0,0.00035611900000276364,123,A07,cross-session,AdaBN
286,32,1,0.0003915709999091632,123,A07,cross-session,AdaBN
287,32,0,0.0003938799999332332,123,A07,cross-session,AdaBN
0,1,0,0.0005491960000654217,123,A08,cross-session,AdaBN
1,2,1,0.00047867800003587035,123,A08,cross-session,AdaBN
2,3,1,0.00047583499997472245,123,A08,cross-session,AdaBN
3,4,1,0.0004999650000172551,123,A08,cross-session,AdaBN
4,5,1,0.0006824209999649611,123,A08,cross-session,AdaBN
5,6,1,0.0006360759999779475,123,A08,cross-session,AdaBN
6,7,1,0.0006741839999904187,123,A08,cross-session,AdaBN
7,8,0,0.0006652700000131517,123,A08,cross-session,AdaBN
8,9,1,0.0006659069999841449,123,A08,cross-session,AdaBN
9,10,0,0.0006624389999387859,123,A08,cross-session,AdaBN
10,11,1,0.00062520099993435,123,A08,cross-session,AdaBN
11,12,1,0.0006272869999293107,123,A08,cross-session,AdaBN
12,13,1,0.0006357260000413589,123,A08,cross-session,AdaBN
13,14,1,0.0005894849999776852,123,A08,cross-session,AdaBN
14,15,0,0.0005792939999764712,123,A08,cross-session,AdaBN
15,16,1,0.0006257100000084392,123,A08,cross-session,AdaBN
16,17,1,0.0006170890000021245,123,A08,cross-session,AdaBN
17,18,1,0.0006205019999470096,123,A08,cross-session,AdaBN
18,19,1,0.0006077180000829685,123,A08,cross-session,AdaBN
19,20,0,0.0006244119999792019,123,A08,cross-session,AdaBN
20,21,0,0.0006351560000439349,123,A08,cross-session,AdaBN
21,22,1,0.0005960739999864018,123,A08,cross-session,AdaBN
22,23,1,0.00044661399999768037,123,A08,cross-session,AdaBN
23,24,0,0.00045445099999597005,123,A08,cross-session,AdaBN
24,25,0,0.00044114900003933144,123,A08,cross-session,AdaBN
25,26,1,0.00041264899994075677,123,A08,cross-session,AdaBN
26,27,0,0.0004074130000617515,123,A08,cross-session,AdaBN
27,28,0,0.0003829779999477978,123,A08,cross-session,AdaBN
28,29,0,0.0003958720000127869,123,A08,cross-session,AdaBN
29,30,0,0.00040605300000606803,123,A08,cross-session,AdaBN
30,31,1,0.00038960799997767026,123,A08,cross-session,AdaBN
31,32,1,0.00036336200003006525,123,A08,cross-session,AdaBN
32,32,1,0.00036001900002702314,123,A08,cross-session,AdaBN
33,32,1,0.0003997110000000248,123,A08,cross-session,AdaBN
34,32,1,0.00036511300004349323,123,A08,cross-session,AdaBN
35,32,1,0.0003723849999914819,123,A08,cross-session,AdaBN
36,32,1,0.00036708700008603046,123,A08,cross-session,AdaBN
37,32,1,0.0003880849999404745,123,A08,cross-session,AdaBN
38,32,1,0.00036955200005195366,123,A08,cross-session,AdaBN
39,32,0,0.0003582919999871592,123,A08,cross-session,AdaBN
40,32,0,0.0004045680000217544,123,A08,cross-session,AdaBN
41,32,1,0.0004077280000274186,123,A08,cross-session,AdaBN
42,32,1,0.00038766199998008233,123,A08,cross-session,AdaBN
43,32,0,0.0003740960000868654,123,A08,cross-session,AdaBN
44,32,1,0.0003745989999970334,123,A08,cross-session,AdaBN
45,32,0,0.0004093299999112787,123,A08,cross-session,AdaBN
46,32,1,0.00036776699994334194,123,A08,cross-session,AdaBN
47,32,1,0.00039185399998586945,123,A08,cross-session,AdaBN
48,32,0,0.00036160000001927983,123,A08,cross-session,AdaBN
49,32,1,0.00037288999999418593,123,A08,cross-session,AdaBN
50,32,1,0.0003605660000403077,123,A08,cross-session,AdaBN
51,32,1,0.00037486700000499695,123,A08,cross-session,AdaBN
52,32,1,0.0004149209999013692,123,A08,cross-session,AdaBN
53,32,1,0.00039424099998086604,123,A08,cross-session,AdaBN
54,32,1,0.0003771910000978096,123,A08,cross-session,AdaBN
55,32,1,0.00038854500007801107,123,A08,cross-session,AdaBN
56,32,0,0.0003792769999790835,123,A08,cross-session,AdaBN
57,32,1,0.00039617200002339814,123,A08,cross-session,AdaBN
58,32,1,0.0003808550000030664,123,A08,cross-session,AdaBN
59,32,0,0.0004184910000049058,123,A08,cross-session,AdaBN
60,32,0,0.00038818600000922743,123,A08,cross-session,AdaBN
61,32,1,0.00037325999994664016,123,A08,cross-session,AdaBN
62,32,1,0.000361376000000746,123,A08,cross-session,AdaBN
63,32,1,0.00038626899993232655,123,A08,cross-session,AdaBN
64,32,1,0.0004117330000781294,123,A08,cross-session,AdaBN
65,32,1,0.0003922509999938484,123,A08,cross-session,AdaBN
66,32,1,0.00037830799999483133,123,A08,cross-session,AdaBN
67,32,1,0.00037345300006563775,123,A08,cross-session,AdaBN
68,32,1,0.00036952100003873056,123,A08,cross-session,AdaBN
69,32,1,0.0003679649998957757,123,A08,cross-session,AdaBN
70,32,1,0.0003672550000146657,123,A08,cross-session,AdaBN
71,32,0,0.0003597550000904448,123,A08,cross-session,AdaBN
72,32,1,0.00036789600005704415,123,A08,cross-session,AdaBN
73,32,1,0.00041859299994939647,123,A08,cross-session,AdaBN
74,32,1,0.00038485999994009035,123,A08,cross-session,AdaBN
75,32,1,0.00040211700002146245,123,A08,cross-session,AdaBN
76,32,1,0.00039333099994109944,123,A08,cross-session,AdaBN
77,32,1,0.00037042799999653653,123,A08,cross-session,AdaBN
78,32,1,0.0003704959999595303,123,A08,cross-session,AdaBN
79,32,1,0.0004023879999976998,123,A08,cross-session,AdaBN
80,32,1,0.00037194899994119623,123,A08,cross-session,AdaBN
81,32,0,0.0003813189999846145,123,A08,cross-session,AdaBN
82,32,1,0.0003721479999967414,123,A08,cross-session,AdaBN
83,32,0,0.0003648629999588593,123,A08,cross-session,AdaBN
84,32,1,0.00036302199998772267,123,A08,cross-session,AdaBN
85,32,0,0.00040028900002653245,123,A08,cross-session,AdaBN
86,32,1,0.0003984810000474681,123,A08,cross-session,AdaBN
87,32,0,0.000450852999961171,123,A08,cross-session,AdaBN
88,32,0,0.0003601569999318599,123,A08,cross-session,AdaBN
89,32,0,0.0003850999999031046,123,A08,cross-session,AdaBN
90,32,0,0.00037694899992857245,123,A08,cross-session,AdaBN
91,32,0,0.0003653090000170778,123,A08,cross-session,AdaBN
92,32,1,0.00039523099997040845,123,A08,cross-session,AdaBN
93,32,1,0.00041671700000733836,123,A08,cross-session,AdaBN
94,32,0,0.00041822299999694224,123,A08,cross-session,AdaBN
95,32,0,0.00038424900003519724,123,A08,cross-session,AdaBN
96,32,1,0.0003623709999374114,123,A08,cross-session,AdaBN
97,32,0,0.00036857500003861787,123,A08,cross-session,AdaBN
98,32,1,0.000380860999939614,123,A08,cross-session,AdaBN
99,32,1,0.00040479999995568505,123,A08,cross-session,AdaBN
100,32,1,0.00042015999997602194,123,A08,cross-session,AdaBN
101,32,0,0.0004198610000685221,123,A08,cross-session,AdaBN
102,32,1,0.00039934999995239195,123,A08,cross-session,AdaBN
103,32,0,0.0003899099999671307,123,A08,cross-session,AdaBN
104,32,1,0.00037508100001559797,123,A08,cross-session,AdaBN
105,32,1,0.00040374299999257346,123,A08,cross-session,AdaBN
106,32,1,0.000412867000022743,123,A08,cross-session,AdaBN
107,32,0,0.00036157700003514037,123,A08,cross-session,AdaBN
108,32,0,0.0003612750000456799,123,A08,cross-session,AdaBN
109,32,1,0.0003766840000025695,123,A08,cross-session,AdaBN
110,32,0,0.00038400599999022234,123,A08,cross-session,AdaBN
111,32,0,0.0003840699999955177,123,A08,cross-session,AdaBN
112,32,1,0.00037295600009201735,123,A08,cross-session,AdaBN
113,32,1,0.00040303100001892744,123,A08,cross-session,AdaBN
114,32,1,0.0003614330000800692,123,A08,cross-session,AdaBN
115,32,1,0.00040623500001402135,123,A08,cross-session,AdaBN
116,32,1,0.00035980200004814833,123,A08,cross-session,AdaBN
117,32,1,0.00037272400004439987,123,A08,cross-session,AdaBN
118,32,1,0.0004138819999752741,123,A08,cross-session,AdaBN
119,32,1,0.0004074470000432484,123,A08,cross-session,AdaBN
120,32,0,0.0003775480000740572,123,A08,cross-session,AdaBN
121,32,1,0.00038035000000036234,123,A08,cross-session,AdaBN
122,32,1,0.00035846700006914034,123,A08,cross-session,AdaBN
123,32,1,0.00037455100004990527,123,A08,cross-session,AdaBN
124,32,1,0.00041195900007551245,123,A08,cross-session,AdaBN
125,32,0,0.00039726800002881646,123,A08,cross-session,AdaBN
126,32,1,0.00040341800001897354,123,A08,cross-session,AdaBN
127,32,1,0.00036592900005416595,123,A08,cross-session,AdaBN
128,32,0,0.0003650789999483095,123,A08,cross-session,AdaBN
129,32,1,0.000372492999986207,123,A08,cross-session,AdaBN
130,32,0,0.00038943999993534817,123,A08,cross-session,AdaBN
131,32,0,0.0004188400000657566,123,A08,cross-session,AdaBN
132,32,1,0.0004163419999940743,123,A08,cross-session,AdaBN
133,32,0,0.00038139600007980334,123,A08,cross-session,AdaBN
134,32,1,0.0003861469999719702,123,A08,cross-session,AdaBN
135,32,1,0.00038984399998298613,123,A08,cross-session,AdaBN
136,32,1,0.0003762719999258479,123,A08,cross-session,AdaBN
137,32,1,0.00044272800005273893,123,A08,cross-session,AdaBN
138,32,0,0.00037044399994101695,123,A08,cross-session,AdaBN
139,32,1,0.0003739969999969617,123,A08,cross-session,AdaBN
140,32,0,0.0003783720000001267,123,A08,cross-session,AdaBN
141,32,0,0.00037793000001329347,123,A08,cross-session,AdaBN
142,32,1,0.00037739999993391393,123,A08,cross-session,AdaBN
143,32,1,0.00036627300005420693,123,A08,cross-session,AdaBN
144,32,0,0.0003564689999393522,123,A08,cross-session,AdaBN
145,32,1,0.00038075199995546427,123,A08,cross-session,AdaBN
146,32,1,0.0003777260000106253,123,A08,cross-session,AdaBN
147,32,0,0.00036766400000942667,123,A08,cross-session,AdaBN
148,32,1,0.00037662299996554793,123,A08,cross-session,AdaBN
149,32,1,0.0004044460000613981,123,A08,cross-session,AdaBN
150,32,1,0.00036742699990099936,123,A08,cross-session,AdaBN
151,32,1,0.0003716479999411604,123,A08,cross-session,AdaBN
152,32,0,0.0003646509999271075,123,A08,cross-session,AdaBN
153,32,1,0.00037852200000543235,123,A08,cross-session,AdaBN
154,32,1,0.0004037950000110868,123,A08,cross-session,AdaBN
155,32,0,0.00038556399999833957,123,A08,cross-session,AdaBN
156,32,0,0.00041720700005498657,123,A08,cross-session,AdaBN
157,32,0,0.00037507799993363733,123,A08,cross-session,AdaBN
158,32,1,0.0003738249999969412,123,A08,cross-session,AdaBN
159,32,0,0.00036719600007018016,123,A08,cross-session,AdaBN
160,32,1,0.0003621199999770397,123,A08,cross-session,AdaBN
161,32,1,0.00038375999997697363,123,A08,cross-session,AdaBN
162,32,1,0.0003613090000271768,123,A08,cross-session,AdaBN
163,32,0,0.0003911709999329105,123,A08,cross-session,AdaBN
164,32,1,0.00041475399996215856,123,A08,cross-session,AdaBN
165,32,1,0.0004461759999685455,123,A08,cross-session,AdaBN
166,32,0,0.0003961359999493652,123,A08,cross-session,AdaBN
167,32,1,0.00039923999997881765,123,A08,cross-session,AdaBN
168,32,0,0.00038767199998801516,123,A08,cross-session,AdaBN
169,32,1,0.00036287900002207607,123,A08,cross-session,AdaBN
170,32,0,0.0003620170000431244,123,A08,cross-session,AdaBN
171,32,0,0.00039878400002635317,123,A08,cross-session,AdaBN
172,32,1,0.00036678799995115696,123,A08,cross-session,AdaBN
173,32,1,0.0004086959999085593,123,A08,cross-session,AdaBN
174,32,1,0.0004221070000767213,123,A08,cross-session,AdaBN
175,32,1,0.00038319999998748244,123,A08,cross-session,AdaBN
176,32,1,0.0003930230000150914,123,A08,cross-session,AdaBN
177,32,1,0.00039315000003625755,123,A08,cross-session,AdaBN
178,32,0,0.0003616919999558377,123,A08,cross-session,AdaBN
179,32,0,0.00037637800005541067,123,A08,cross-session,AdaBN
180,32,1,0.00037289700003384496,123,A08,cross-session,AdaBN
181,32,0,0.00041432899990923033,123,A08,cross-session,AdaBN
182,32,0,0.0003966540000419627,123,A08,cross-session,AdaBN
183,32,1,0.00039774099991518597,123,A08,cross-session,AdaBN
184,32,1,0.0003852339999639298,123,A08,cross-session,AdaBN
185,32,1,0.00036759299996447226,123,A08,cross-session,AdaBN
186,32,0,0.00036264600009872083,123,A08,cross-session,AdaBN
187,32,0,0.0003796689999262526,123,A08,cross-session,AdaBN
188,32,0,0.0003960510000524664,123,A08,cross-session,AdaBN
189,32,1,0.00037989500003732246,123,A08,cross-session,AdaBN
190,32,1,0.0003715099999226368,123,A08,cross-session,AdaBN
191,32,0,0.00037830899998425593,123,A08,cross-session,AdaBN
192,32,1,0.0003701370000044335,123,A08,cross-session,AdaBN
193,32,1,0.0004064220000827845,123,A08,cross-session,AdaBN
194,32,1,0.00036601099998279096,123,A08,cross-session,AdaBN
195,32,1,0.00041611899996496504,123,A08,cross-session,AdaBN
196,32,0,0.00040668300005108904,123,A08,cross-session,AdaBN
197,32,0,0.00037578000001303735,123,A08,cross-session,AdaBN
198,32,0,0.0004061110000748158,123,A08,cross-session,AdaBN
199,32,1,0.0003726329999835798,123,A08,cross-session,AdaBN
200,32,1,0.0003576750000320317,123,A08,cross-session,AdaBN
201,32,0,0.00037406000001283246,123,A08,cross-session,AdaBN
202,32,1,0.0003772380000555131,123,A08,cross-session,AdaBN
203,32,1,0.00040463600009843503,123,A08,cross-session,AdaBN
204,32,1,0.0004015380000055302,123,A08,cross-session,AdaBN
205,32,1,0.00042966099999830476,123,A08,cross-session,AdaBN
206,32,0,0.0003691659999276453,123,A08,cross-session,AdaBN
207,32,1,0.0003612089999478485,123,A08,cross-session,AdaBN
208,32,1,0.0003694339999356089,123,A08,cross-session,AdaBN
209,32,0,0.0004142709999541694,123,A08,cross-session,AdaBN
210,32,1,0.00038805999997748586,123,A08,cross-session,AdaBN
211,32,0,0.0003680679999433778,123,A08,cross-session,AdaBN
212,32,1,0.00037680299999465205,123,A08,cross-session,AdaBN
213,32,1,0.00037550100000771636,123,A08,cross-session,AdaBN
214,32,1,0.0004024830000162183,123,A08,cross-session,AdaBN
215,32,1,0.00037043400004677096,123,A08,cross-session,AdaBN
216,32,1,0.00035880099994756165,123,A08,cross-session,AdaBN
217,32,1,0.0003798330000108763,123,A08,cross-session,AdaBN
218,32,0,0.00044842800002697913,123,A08,cross-session,AdaBN
219,32,0,0.00038861500001985405,123,A08,cross-session,AdaBN
220,32,1,0.0004125539999222383,123,A08,cross-session,AdaBN
221,32,1,0.0004165709999597311,123,A08,cross-session,AdaBN
222,32,1,0.0004067539999823566,123,A08,cross-session,AdaBN
223,32,1,0.00037550100000771636,123,A08,cross-session,AdaBN
224,32,0,0.0004293250000273474,123,A08,cross-session,AdaBN
225,32,0,0.00042251399997894623,123,A08,cross-session,AdaBN
226,32,1,0.00041235899993807834,123,A08,cross-session,AdaBN
227,32,0,0.0003733230000761978,123,A08,cross-session,AdaBN
228,32,0,0.000396056999989014,123,A08,cross-session,AdaBN
229,32,1,0.0003816700000243145,123,A08,cross-session,AdaBN
230,32,1,0.0003983000000289394,123,A08,cross-session,AdaBN
231,32,1,0.00037015800000972376,123,A08,cross-session,AdaBN
232,32,0,0.00037489800001822005,123,A08,cross-session,AdaBN
233,32,0,0.00039378700000725075,123,A08,cross-session,AdaBN
234,32,1,0.0004248699999607197,123,A08,cross-session,AdaBN
235,32,1,0.00040532499997425475,123,A08,cross-session,AdaBN
236,32,1,0.00039296600004945503,123,A08,cross-session,AdaBN
237,32,1,0.0003792740000108097,123,A08,cross-session,AdaBN
238,32,1,0.00039855200009242253,123,A08,cross-session,AdaBN
239,32,0,0.00038692600003287225,123,A08,cross-session,AdaBN
240,32,1,0.000370737000025656,123,A08,cross-session,AdaBN
241,32,1,0.0003951230000893702,123,A08,cross-session,AdaBN
242,32,1,0.00037391499995464983,123,A08,cross-session,AdaBN
243,32,1,0.00037652899993645406,123,A08,cross-session,AdaBN
244,32,1,0.0003843440000537157,123,A08,cross-session,AdaBN
245,32,1,0.0003609850000430015,123,A08,cross-session,AdaBN
246,32,0,0.0003593260000798182,123,A08,cross-session,AdaBN
247,32,0,0.000373544000012771,123,A08,cross-session,AdaBN
248,32,0,0.000400687000023936,123,A08,cross-session,AdaBN
249,32,1,0.00037068799997541646,123,A08,cross-session,AdaBN
250,32,0,0.00038428300001669413,123,A08,cross-session,AdaBN
251,32,0,0.00042087099996024335,123,A08,cross-session,AdaBN
252,32,1,0.0003840339999214848,123,A08,cross-session,AdaBN
253,32,1,0.00035765299992363,123,A08,cross-session,AdaBN
254,32,0,0.0003546510000660419,123,A08,cross-session,AdaBN
255,32,0,0.0004027390000373998,123,A08,cross-session,AdaBN
256,32,1,0.00046049599995967583,123,A08,cross-session,AdaBN
257,32,1,0.0003958470000497982,123,A08,cross-session,AdaBN
258,32,1,0.0004006610000715227,123,A08,cross-session,AdaBN
259,32,1,0.00037303800002064236,123,A08,cross-session,AdaBN
260,32,1,0.00035668700002133846,123,A08,cross-session,AdaBN
261,32,0,0.00038566000000628264,123,A08,cross-session,AdaBN
262,32,1,0.0004391509999095433,123,A08,cross-session,AdaBN
263,32,0,0.0003995899999154062,123,A08,cross-session,AdaBN
264,32,0,0.0004145420000440936,123,A08,cross-session,AdaBN
265,32,1,0.00038324499996633676,123,A08,cross-session,AdaBN
266,32,0,0.00041540000006534683,123,A08,cross-session,AdaBN
267,32,1,0.00037897300001077383,123,A08,cross-session,AdaBN
268,32,1,0.0004234919999817066,123,A08,cross-session,AdaBN
269,32,1,0.0004030090000242126,123,A08,cross-session,AdaBN
270,32,1,0.0003807629999528217,123,A08,cross-session,AdaBN
271,32,1,0.0003620749999981854,123,A08,cross-session,AdaBN
272,32,0,0.0003668589999961114,123,A08,cross-session,AdaBN
273,32,1,0.00035759000002144603,123,A08,cross-session,AdaBN
274,32,1,0.0003580499999316089,123,A08,cross-session,AdaBN
275,32,1,0.00043401499999617954,123,A08,cross-session,AdaBN
276,32,0,0.0004149060000600002,123,A08,cross-session,AdaBN
277,32,0,0.0003875469999456982,123,A08,cross-session,AdaBN
278,32,0,0.00041250499998568557,123,A08,cross-session,AdaBN
279,32,0,0.00037638399999195826,123,A08,cross-session,AdaBN
280,32,1,0.00036813900010201905,123,A08,cross-session,AdaBN
281,32,0,0.00039101699996990646,123,A08,cross-session,AdaBN
282,32,0,0.00039754700003413745,123,A08,cross-session,AdaBN
283,32,1,0.0003790749999552645,123,A08,cross-session,AdaBN
284,32,1,0.00036144299997431517,123,A08,cross-session,AdaBN
285,32,0,0.0003703109999833032,123,A08,cross-session,AdaBN
286,32,0,0.0003567119999843271,123,A08,cross-session,AdaBN
287,32,0,0.00035327299997334194,123,A08,cross-session,AdaBN
0,1,1,0.0005659809999087884,123,A09,cross-session,AdaBN
1,2,1,0.0004662619999180606,123,A09,cross-session,AdaBN
2,3,1,0.00046580100001847313,123,A09,cross-session,AdaBN
3,4,1,0.0004541829999880065,123,A09,cross-session,AdaBN
4,5,1,0.00047094199999264674,123,A09,cross-session,AdaBN
5,6,1,0.0004245000000082655,123,A09,cross-session,AdaBN
6,7,1,0.0004696269999158176,123,A09,cross-session,AdaBN
7,8,0,0.0004162799999676281,123,A09,cross-session,AdaBN
8,9,0,0.00044383499994182785,123,A09,cross-session,AdaBN
9,10,1,0.0004375450000679848,123,A09,cross-session,AdaBN
10,11,1,0.00043806899998344306,123,A09,cross-session,AdaBN
11,12,0,0.00044973499996103783,123,A09,cross-session,AdaBN
12,13,1,0.0004345699999248609,123,A09,cross-session,AdaBN
13,14,1,0.00043446900008348166,123,A09,cross-session,AdaBN
14,15,1,0.00043858699996235373,123,A09,cross-session,AdaBN
15,16,1,0.0004328129999748853,123,A09,cross-session,AdaBN
16,17,1,0.0004442350000317674,123,A09,cross-session,AdaBN
17,18,1,0.0004627910000181146,123,A09,cross-session,AdaBN
18,19,1,0.0004518560000406069,123,A09,cross-session,AdaBN
19,20,1,0.000462385999981052,123,A09,cross-session,AdaBN
20,21,1,0.00045027499993466336,123,A09,cross-session,AdaBN
21,22,1,0.0004258449999952063,123,A09,cross-session,AdaBN
22,23,1,0.00043141799994828034,123,A09,cross-session,AdaBN
23,24,1,0.0004218210000317413,123,A09,cross-session,AdaBN
24,25,1,0.0004307039999957851,123,A09,cross-session,AdaBN
25,26,1,0.0004366849999541955,123,A09,cross-session,AdaBN
26,27,1,0.0004227489999948375,123,A09,cross-session,AdaBN
27,28,1,0.0004285889999664505,123,A09,cross-session,AdaBN
28,29,1,0.0004502000000456974,123,A09,cross-session,AdaBN
29,30,1,0.00038523900002473965,123,A09,cross-session,AdaBN
30,31,1,0.00043350499993266567,123,A09,cross-session,AdaBN
31,32,1,0.0003750430000764027,123,A09,cross-session,AdaBN
32,32,1,0.000370094999993853,123,A09,cross-session,AdaBN
33,32,0,0.00037078699995163333,123,A09,cross-session,AdaBN
34,32,0,0.00037766900004498893,123,A09,cross-session,AdaBN
35,32,1,0.0003605960000641062,123,A09,cross-session,AdaBN
36,32,1,0.0004163790000575318,123,A09,cross-session,AdaBN
37,32,1,0.0003732659999968746,123,A09,cross-session,AdaBN
38,32,1,0.000390277000064998,123,A09,cross-session,AdaBN
39,32,1,0.000367992999940725,123,A09,cross-session,AdaBN
40,32,1,0.00037289700003384496,123,A09,cross-session,AdaBN
41,32,1,0.00036173500006952963,123,A09,cross-session,AdaBN
42,32,1,0.0003806229999554489,123,A09,cross-session,AdaBN
43,32,0,0.00035770199997386953,123,A09,cross-session,AdaBN
44,32,1,0.0003682499999513311,123,A09,cross-session,AdaBN
45,32,0,0.00044674200000827113,123,A09,cross-session,AdaBN
46,32,1,0.00045860999989599804,123,A09,cross-session,AdaBN
47,32,1,0.00040862800005925237,123,A09,cross-session,AdaBN
48,32,1,0.00039944100001321203,123,A09,cross-session,AdaBN
49,32,1,0.0003764580000051865,123,A09,cross-session,AdaBN
50,32,1,0.000374523000004956,123,A09,cross-session,AdaBN
51,32,1,0.0003768840000475393,123,A09,cross-session,AdaBN
52,32,1,0.0003635180000856053,123,A09,cross-session,AdaBN
53,32,1,0.0003887590000886121,123,A09,cross-session,AdaBN
54,32,1,0.00041134599996439647,123,A09,cross-session,AdaBN
55,32,1,0.0003777040000159104,123,A09,cross-session,AdaBN
56,32,1,0.0003716519998988588,123,A09,cross-session,AdaBN
57,32,1,0.00039762799997333786,123,A09,cross-session,AdaBN
58,32,1,0.0004017239999711819,123,A09,cross-session,AdaBN
59,32,1,0.00038232400004289957,123,A09,cross-session,AdaBN
60,32,1,0.00037341000006563263,123,A09,cross-session,AdaBN
61,32,1,0.0004030220000004192,123,A09,cross-session,AdaBN
62,32,1,0.000403582999979335,123,A09,cross-session,AdaBN
63,32,1,0.00037575099997866346,123,A09,cross-session,AdaBN
64,32,1,0.0004225059999498626,123,A09,cross-session,AdaBN
65,32,1,0.0003763639999760926,123,A09,cross-session,AdaBN
66,32,1,0.00036435699996673065,123,A09,cross-session,AdaBN
67,32,1,0.00040450599999530823,123,A09,cross-session,AdaBN
68,32,1,0.00039135999998052284,123,A09,cross-session,AdaBN
69,32,0,0.0003653589999430551,123,A09,cross-session,AdaBN
70,32,0,0.0004034449999608114,123,A09,cross-session,AdaBN
71,32,1,0.0003772349999735525,123,A09,cross-session,AdaBN
72,32,1,0.0003729589999466043,123,A09,cross-session,AdaBN
73,32,1,0.00038355000003775785,123,A09,cross-session,AdaBN
74,32,1,0.00040786199997455697,123,A09,cross-session,AdaBN
75,32,1,0.00038591099996665434,123,A09,cross-session,AdaBN
76,32,1,0.00038027599998713413,123,A09,cross-session,AdaBN
77,32,1,0.0003757349999204962,123,A09,cross-session,AdaBN
78,32,0,0.0004062510000721886,123,A09,cross-session,AdaBN
79,32,1,0.00037794600007146073,123,A09,cross-session,AdaBN
80,32,1,0.00040851100004601903,123,A09,cross-session,AdaBN
81,32,1,0.0003917600000704624,123,A09,cross-session,AdaBN
82,32,1,0.000359543000058693,123,A09,cross-session,AdaBN
83,32,1,0.0003730319999704079,123,A09,cross-session,AdaBN
84,32,1,0.00036807200001476303,123,A09,cross-session,AdaBN
85,32,1,0.0003827699999874312,123,A09,cross-session,AdaBN
86,32,1,0.00036755600001470157,123,A09,cross-session,AdaBN
87,32,1,0.0003842720000193367,123,A09,cross-session,AdaBN
88,32,0,0.0004122029999962251,123,A09,cross-session,AdaBN
89,32,1,0.00046554700008982763,123,A09,cross-session,AdaBN
90,32,1,0.0004036870000163617,123,A09,cross-session,AdaBN
91,32,1,0.0003845620000220151,123,A09,cross-session,AdaBN
92,32,1,0.00037543299993103574,123,A09,cross-session,AdaBN
93,32,0,0.0003885009999748945,123,A09,cross-session,AdaBN
94,32,0,0.0003844520000484408,123,A09,cross-session,AdaBN
95,32,1,0.00037511200002882106,123,A09,cross-session,AdaBN
96,32,1,0.00037645499992322584,123,A09,cross-session,AdaBN
97,32,1,0.00037303600004179316,123,A09,cross-session,AdaBN
98,32,1,0.0004020740000214573,123,A09,cross-session,AdaBN
99,32,1,0.0004055050000033589,123,A09,cross-session,AdaBN
100,32,1,0.0003833989999293408,123,A09,cross-session,AdaBN
101,32,1,0.0003921200000149838,123,A09,cross-session,AdaBN
102,32,1,0.00037437299999965035,123,A09,cross-session,AdaBN
103,32,1,0.00036287900002207607,123,A09,cross-session,AdaBN
104,32,0,0.0003760569999258223,123,A09,cross-session,AdaBN
105,32,1,0.0003629009999031041,123,A09,cross-session,AdaBN
106,32,1,0.0003790570000319349,123,A09,cross-session,AdaBN
107,32,1,0.00038872499999342836,123,A09,cross-session,AdaBN
108,32,0,0.000370085000099607,123,A09,cross-session,AdaBN
109,32,1,0.0004247979999263407,123,A09,cross-session,AdaBN
110,32,1,0.0003884550000066156,123,A09,cross-session,AdaBN
111,32,1,0.00040525099996102654,123,A09,cross-session,AdaBN
112,32,1,0.0004167270000152712,123,A09,cross-session,AdaBN
113,32,1,0.00042836099999021826,123,A09,cross-session,AdaBN
114,32,0,0.00037183200004164974,123,A09,cross-session,AdaBN
115,32,1,0.0003605350000270846,123,A09,cross-session,AdaBN
116,32,1,0.00037912400000550406,123,A09,cross-session,AdaBN
117,32,0,0.00036807699996188603,123,A09,cross-session,AdaBN
118,32,1,0.00041980200001034973,123,A09,cross-session,AdaBN
119,32,1,0.00041201399994861276,123,A09,cross-session,AdaBN
120,32,0,0.00037949900001876813,123,A09,cross-session,AdaBN
121,32,1,0.0003822740000032354,123,A09,cross-session,AdaBN
122,32,1,0.00042327099993144657,123,A09,cross-session,AdaBN
123,32,1,0.00041227200006233033,123,A09,cross-session,AdaBN
124,32,1,0.000422286000002714,123,A09,cross-session,AdaBN
125,32,1,0.0003650620000144045,123,A09,cross-session,AdaBN
126,32,0,0.0003610069999240295,123,A09,cross-session,AdaBN
127,32,1,0.00036511000007521943,123,A09,cross-session,AdaBN
128,32,0,0.000369269999964672,123,A09,cross-session,AdaBN
129,32,1,0.000400764000005438,123,A09,cross-session,AdaBN
130,32,1,0.00037905399994997424,123,A09,cross-session,AdaBN
131,32,1,0.0003794579999976122,123,A09,cross-session,AdaBN
132,32,0,0.00040007000006880844,123,A09,cross-session,AdaBN
133,32,0,0.0003764270001056502,123,A09,cross-session,AdaBN
134,32,1,0.0003751729999521558,123,A09,cross-session,AdaBN
135,32,1,0.0003757670000368307,123,A09,cross-session,AdaBN
136,32,1,0.00036474499995620135,123,A09,cross-session,AdaBN
137,32,1,0.00038414999994529353,123,A09,cross-session,AdaBN
138,32,0,0.00038180000001375447,123,A09,cross-session,AdaBN
139,32,0,0.00035604200002126163,123,A09,cross-session,AdaBN
140,32,0,0.0003663159999405252,123,A09,cross-session,AdaBN
141,32,0,0.0004175730000497424,123,A09,cross-session,AdaBN
142,32,1,0.0003915190000043367,123,A09,cross-session,AdaBN
143,32,1,0.00038703500001702196,123,A09,cross-session,AdaBN
144,32,0,0.0003822059999265548,123,A09,cross-session,AdaBN
145,32,1,0.0003978460000553241,123,A09,cross-session,AdaBN
146,32,1,0.0003951070000312029,123,A09,cross-session,AdaBN
147,32,1,0.0003674280000041108,123,A09,cross-session,AdaBN
148,32,1,0.0003757690000156799,123,A09,cross-session,AdaBN
149,32,1,0.0003659169999536971,123,A09,cross-session,AdaBN
150,32,1,0.00038544000005913404,123,A09,cross-session,AdaBN
151,32,1,0.0004035340000427823,123,A09,cross-session,AdaBN
152,32,1,0.0003712989999939964,123,A09,cross-session,AdaBN
153,32,0,0.0003666989999828729,123,A09,cross-session,AdaBN
154,32,1,0.0003937620000442621,123,A09,cross-session,AdaBN
155,32,1,0.0003655599999774495,123,A09,cross-session,AdaBN
156,32,1,0.0003719920000548882,123,A09,cross-session,AdaBN
157,32,0,0.0003697930000043925,123,A09,cross-session,AdaBN
158,32,1,0.0003754150000077061,123,A09,cross-session,AdaBN
159,32,0,0.0003712190000442206,123,A09,cross-session,AdaBN
160,32,0,0.00038144400002693146,123,A09,cross-session,AdaBN
161,32,1,0.0004102699999748438,123,A09,cross-session,AdaBN
162,32,0,0.00039213499997003964,123,A09,cross-session,AdaBN
163,32,1,0.0003748380000843099,123,A09,cross-session,AdaBN
164,32,1,0.00040486299997155584,123,A09,cross-session,AdaBN
165,32,0,0.00044413500006612594,123,A09,cross-session,AdaBN
166,32,1,0.0003898319999962041,123,A09,cross-session,AdaBN
167,32,1,0.00038936299995384616,123,A09,cross-session,AdaBN
168,32,1,0.0003755220000130066,123,A09,cross-session,AdaBN
169,32,0,0.0003880970000409434,123,A09,cross-session,AdaBN
170,32,0,0.0003751230000261785,123,A09,cross-session,AdaBN
171,32,1,0.00037508599996272096,123,A09,cross-session,AdaBN
172,32,1,0.00037350899992816267,123,A09,cross-session,AdaBN
173,32,1,0.0003888139999617124,123,A09,cross-session,AdaBN
174,32,1,0.0004105060000938465,123,A09,cross-session,AdaBN
175,32,1,0.0004160989999490994,123,A09,cross-session,AdaBN
176,32,1,0.0003880030000118495,123,A09,cross-session,AdaBN
177,32,0,0.0003853619999745206,123,A09,cross-session,AdaBN
178,32,1,0.0003684179999936532,123,A09,cross-session,AdaBN
179,32,1,0.00042935299995860987,123,A09,cross-session,AdaBN
180,32,1,0.00037547199997334246,123,A09,cross-session,AdaBN
181,32,0,0.00036034499999004765,123,A09,cross-session,AdaBN
182,32,0,0.00036871700001483987,123,A09,cross-session,AdaBN
183,32,1,0.0004502649999267305,123,A09,cross-session,AdaBN
184,32,1,0.00040015399997628265,123,A09,cross-session,AdaBN
185,32,0,0.0003824340000164739,123,A09,cross-session,AdaBN
186,32,1,0.00039307700001245394,123,A09,cross-session,AdaBN
187,32,1,0.0004038339999397067,123,A09,cross-session,AdaBN
188,32,1,0.0003737590000127966,123,A09,cross-session,AdaBN
189,32,1,0.00041545099998074875,123,A09,cross-session,AdaBN
190,32,1,0.00041710200002853526,123,A09,cross-session,AdaBN
191,32,1,0.0003679569999803789,123,A09,cross-session,AdaBN
192,32,1,0.00037197300002844713,123,A09,cross-session,AdaBN
193,32,1,0.0003638489999957528,123,A09,cross-session,AdaBN
194,32,1,0.0003669400000489986,123,A09,cross-session,AdaBN
195,32,1,0.0003902930000094784,123,A09,cross-session,AdaBN
196,32,1,0.00040828199996667536,123,A09,cross-session,AdaBN
197,32,1,0.0003673570000728432,123,A09,cross-session,AdaBN
198,32,1,0.0003609520000509292,123,A09,cross-session,AdaBN
199,32,1,0.0003585580000162736,123,A09,cross-session,AdaBN
200,32,1,0.00037223100002847787,123,A09,cross-session,AdaBN
201,32,1,0.000426576999984718,123,A09,cross-session,AdaBN
202,32,1,0.00038791099996160483,123,A09,cross-session,AdaBN
203,32,1,0.00037091900003360934,123,A09,cross-session,AdaBN
204,32,1,0.0003732799999625058,123,A09,cross-session,AdaBN
205,32,1,0.0003758409999363721,123,A09,cross-session,AdaBN
206,32,1,0.00037749400007669465,123,A09,cross-session,AdaBN
207,32,0,0.00037634199998137774,123,A09,cross-session,AdaBN
208,32,1,0.0004136059999382269,123,A09,cross-session,AdaBN
209,32,1,0.00035763500000030035,123,A09,cross-session,AdaBN
210,32,1,0.0003607490000376856,123,A09,cross-session,AdaBN
211,32,1,0.0003778730000476571,123,A09,cross-session,AdaBN
212,32,1,0.0003848449999850345,123,A09,cross-session,AdaBN
213,32,0,0.00037570899996808294,123,A09,cross-session,AdaBN
214,32,0,0.00038159399991855025,123,A09,cross-session,AdaBN
215,32,1,0.0003810310000744721,123,A09,cross-session,AdaBN
216,32,1,0.0003711260000045513,123,A09,cross-session,AdaBN
217,32,0,0.0003784640000503714,123,A09,cross-session,AdaBN
218,32,0,0.00036794799996187066,123,A09,cross-session,AdaBN
219,32,0,0.00040370599992911593,123,A09,cross-session,AdaBN
220,32,1,0.00039589100003922795,123,A09,cross-session,AdaBN
221,32,1,0.00044727400006649987,123,A09,cross-session,AdaBN
222,32,1,0.00044087599997055804,123,A09,cross-session,AdaBN
223,32,1,0.0003889909999088559,123,A09,cross-session,AdaBN
224,32,1,0.0003813280000031227,123,A09,cross-session,AdaBN
225,32,1,0.000432626000019809,123,A09,cross-session,AdaBN
226,32,1,0.00038636299996142043,123,A09,cross-session,AdaBN
227,32,1,0.0004336139999168154,123,A09,cross-session,AdaBN
228,32,1,0.00036392700008036627,123,A09,cross-session,AdaBN
229,32,0,0.0004117700000279001,123,A09,cross-session,AdaBN
230,32,0,0.00038806099996691046,123,A09,cross-session,AdaBN
231,32,1,0.000378623999949923,123,A09,cross-session,AdaBN
232,32,1,0.0003951090000100521,123,A09,cross-session,AdaBN
233,32,1,0.00040046699996310053,123,A09,cross-session,AdaBN
234,32,1,0.0003648870000461102,123,A09,cross-session,AdaBN
235,32,1,0.00036701700003050064,123,A09,cross-session,AdaBN
236,32,1,0.00037154800008920574,123,A09,cross-session,AdaBN
237,32,1,0.0003797360000135086,123,A09,cross-session,AdaBN
238,32,1,0.00042030599990994233,123,A09,cross-session,AdaBN
239,32,0,0.00041998699998657685,123,A09,cross-session,AdaBN
240,32,0,0.0003662980000171956,123,A09,cross-session,AdaBN
241,32,1,0.00038552499995603284,123,A09,cross-session,AdaBN
242,32,1,0.0004181760000392387,123,A09,cross-session,AdaBN
243,32,0,0.0003692339998906391,123,A09,cross-session,AdaBN
244,32,1,0.00040964100003293424,123,A09,cross-session,AdaBN
245,32,1,0.0004481720000057976,123,A09,cross-session,AdaBN
246,32,1,0.0004013250000980406,123,A09,cross-session,AdaBN
247,32,0,0.00036962199999379663,123,A09,cross-session,AdaBN
248,32,1,0.0003841290000536901,123,A09,cross-session,AdaBN
249,32,1,0.00040441399994506355,123,A09,cross-session,AdaBN
250,32,1,0.0003787859999420107,123,A09,cross-session,AdaBN
251,32,1,0.00038956799994593894,123,A09,cross-session,AdaBN
252,32,0,0.0004140979999647243,123,A09,cross-session,AdaBN
253,32,1,0.0003923520000626013,123,A09,cross-session,AdaBN
254,32,1,0.000416241999914746,123,A09,cross-session,AdaBN
255,32,1,0.000366446000043652,123,A09,cross-session,AdaBN
256,32,0,0.0003752479999548086,123,A09,cross-session,AdaBN
257,32,1,0.0004027380000479752,123,A09,cross-session,AdaBN
258,32,1,0.0003831530000297789,123,A09,cross-session,AdaBN
259,32,0,0.00040397300006134174,123,A09,cross-session,AdaBN
260,32,1,0.00038643300001695025,123,A09,cross-session,AdaBN
261,32,1,0.0003784020000239252,123,A09,cross-session,AdaBN
262,32,1,0.0004042849999450482,123,A09,cross-session,AdaBN
263,32,0,0.0003742229999943447,123,A09,cross-session,AdaBN
264,32,1,0.00038039599996864126,123,A09,cross-session,AdaBN
265,32,1,0.0003779579999445559,123,A09,cross-session,AdaBN
266,32,0,0.00038236299997151946,123,A09,cross-session,AdaBN
267,32,1,0.00040979199991397763,123,A09,cross-session,AdaBN
268,32,0,0.0003959880000365956,123,A09,cross-session,AdaBN
269,32,1,0.0003746139999520892,123,A09,cross-session,AdaBN
270,32,0,0.00037391199998637603,123,A09,cross-session,AdaBN
271,32,1,0.00038501399990309437,123,A09,cross-session,AdaBN
272,32,1,0.0003784079999604728,123,A09,cross-session,AdaBN
273,32,1,0.0003734370000074705,123,A09,cross-session,AdaBN
274,32,1,0.00038259300004028773,123,A09,cross-session,AdaBN
275,32,0,0.00037158000009185344,123,A09,cross-session,AdaBN
276,32,0,0.00039460199991481204,123,A09,cross-session,AdaBN
277,32,1,0.00036395400002220413,123,A09,cross-session,AdaBN
278,32,1,0.0003605300000799616,123,A09,cross-session,AdaBN
279,32,0,0.0004359000000704327,123,A09,cross-session,AdaBN
280,32,1,0.00038288500002181536,123,A09,cross-session,AdaBN
281,32,0,0.00039866800000254443,123,A09,cross-session,AdaBN
282,32,1,0.0003804209999316299,123,A09,cross-session,AdaBN
283,32,1,0.0003752430000076856,123,A09,cross-session,AdaBN
284,32,1,0.0003742899999679139,123,A09,cross-session,AdaBN
285,32,1,0.00037792499995248363,123,A09,cross-session,AdaBN
286,32,1,0.0003776900000502792,123,A09,cross-session,AdaBN
287,32,0,0.00036864100002276246,123,A09,cross-session,AdaBN
