trial_idx,buffer_trials,correct,step_time_sec,seed,subject,protocol,adaptation
0,1,0,0.1577963429999727,42,A01,cross-session,AdaBN
1,2,1,0.0026086719999511843,42,A01,cross-session,AdaBN
2,3,1,0.0021358279998366925,42,A01,cross-session,AdaBN
3,4,1,0.0017554400001245085,42,A01,cross-session,AdaBN
4,5,1,0.0016852890000791376,42,A01,cross-session,AdaBN
5,6,0,0.001795986999923116,42,A01,cross-session,AdaBN
6,7,1,0.015365414999905624,42,A01,cross-session,AdaBN
7,8,0,0.0016632940000818053,42,A01,cross-session,AdaBN
8,9,1,0.0017708959999254148,42,A01,cross-session,AdaBN
9,10,1,0.0016847090000737808,42,A01,cross-session,AdaBN
10,11,0,0.0016084490000594087,42,A01,cross-session,AdaBN
11,12,0,0.001638114999877871,42,A01,cross-session,AdaBN
12,13,1,0.0016432260001693066,42,A01,cross-session,AdaBN
13,14,1,0.0018783059999805118,42,A01,cross-session,AdaBN
14,15,0,0.0017678809999779332,42,A01,cross-session,AdaBN
15,16,1,0.0017870730000595358,42,A01,cross-session,AdaBN
16,16,1,0.00040775899992695486,42,A01,cross-session,AdaBN
17,16,1,0.00038247899988164136,42,A01,cross-session,AdaBN
18,16,1,0.0003659669998796744,42,A01,cross-session,AdaBN
19,16,1,0.00047109399997680157,42,A01,cross-session,AdaBN
20,16,1,0.00042276599992874253,42,A01,cross-session,AdaBN
21,16,1,0.0003894690000834089,42,A01,cross-session,AdaBN
22,16,1,0.00037409700007629,42,A01,cross-session,AdaBN
23,16,1,0.0003734980000444921,42,A01,cross-session,AdaBN
24,16,0,0.00040394899997409084,42,A01,cross-session,AdaBN
25,16,1,0.00038374299992938177,42,A01,cross-session,AdaBN
26,16,1,0.0003672440000173083,42,A01,cross-session,AdaBN
27,16,1,0.000366794999990816,42,A01,cross-session,AdaBN
28,16,0,0.00037345800001276075,42,A01,cross-session,AdaBN
29,16,0,0.0004616030000761384,42,A01,cross-session,AdaBN
30,16,0,0.00039021499992486497,42,A01,cross-session,AdaBN
31,16,1,0.00037988400003996503,42,A01,cross-session,AdaBN
32,16,1,0.0003931120002107491,42,A01,cross-session,AdaBN
33,16,1,0.0003599190001750685,42,A01,cross-session,AdaBN
34,16,1,0.00037578499996016035,42,A01,cross-session,AdaBN
35,16,1,0.0003747400000975176,42,A01,cross-session,AdaBN
36,16,1,0.0003914119999990362,42,A01,cross-session,AdaBN
37,16,0,0.00044532299989441526,42,A01,cross-session,AdaBN
38,16,1,0.0004250649999448797,42,A01,cross-session,AdaBN
39,16,0,0.0003820189999714785,42,A01,cross-session,AdaBN
40,16,1,0.0003640730001279735,42,A01,cross-session,AdaBN
41,16,1,0.00035813099998449616,42,A01,cross-session,AdaBN
42,16,1,0.0003570579999632173,42,A01,cross-session,AdaBN
43,16,0,0.0003646960001333355,42,A01,cross-session,AdaBN
44,16,1,0.00036426300016501045,42,A01,cross-session,AdaBN
45,16,1,0.00035164600012649316,42,A01,cross-session,AdaBN
46,16,1,0.00035502200012160756,42,A01,cross-session,AdaBN
47,16,0,0.0004530559999693651,42,A01,cross-session,AdaBN
48,16,0,0.00047363900011987425,42,A01,cross-session,AdaBN
49,16,0,0.0004407500000525033,42,A01,cross-session,AdaBN
50,16,1,0.00039376400013679813,42,A01,cross-session,AdaBN
51,16,0,0.00039170600007309986,42,A01,cross-session,AdaBN
52,16,1,0.00038064000000304077,42,A01,cross-session,AdaBN
53,16,1,0.0003604300000006333,42,A01,cross-session,AdaBN
54,16,0,0.00036201099987920315,42,A01,cross-session,AdaBN
55,16,0,0.0003619760000219685,42,A01,cross-session,AdaBN
56,16,1,0.0003866570000354841,42,A01,cross-session,AdaBN
57,16,1,0.0004175010001290502,42,A01,cross-session,AdaBN
58,16,1,0.00039032600011523755,42,A01,cross-session,AdaBN
59,16,1,0.0003937999999834574,42,A01,cross-session,AdaBN
60,16,0,0.0003558539999630739,42,A01,cross-session,AdaBN
61,16,0,0.0003634750000856002,42,A01,cross-session,AdaBN
62,16,1,0.0003826769998340751,42,A01,cross-session,AdaBN
63,16,1,0.00041522700007590174,42,A01,cross-session,AdaBN
64,16,1,0.0003631029999269231,42,A01,cross-session,AdaBN
65,16,0,0.0004333999997925275,42,A01,cross-session,AdaBN
66,16,0,0.0004304179999508051,42,A01,cross-session,AdaBN
67,16,1,0.0003773640000872547,42,A01,cross-session,AdaBN
68,16,1,0.00035770799991041713,42,A01,cross-session,AdaBN
69,16,0,0.00036415699992176087,42,A01,cross-session,AdaBN
70,16,1,0.00037727400012954604,42,A01,cross-session,AdaBN
71,16,0,0.00036648900004365714,42,A01,cross-session,AdaBN
72,16,0,0.0003620499999215099,42,A01,cross-session,AdaBN
73,16,1,0.0003633599999375292,42,A01,cross-session,AdaBN
74,16,1,0.00035798199996861513,42,A01,cross-session,AdaBN
75,16,1,0.00047110600007727044,42,A01,cross-session,AdaBN
76,16,1,0.0004279749998659099,42,A01,cross-session,AdaBN
77,16,0,0.0003717790000337118,42,A01,cross-session,AdaBN
78,16,1,0.0003621850000854465,42,A01,cross-session,AdaBN
79,16,1,0.0003577630000108911,42,A01,cross-session,AdaBN
80,16,1,0.0003716219998750603,42,A01,cross-session,AdaBN
81,16,0,0.0003558009998414491,42,A01,cross-session,AdaBN
82,16,1,0.00035719300012715394,42,A01,cross-session,AdaBN
83,16,1,0.0003598830001010356,42,A01,cross-session,AdaBN
84,16,1,0.00035498700003699923,42,A01,cross-session,AdaBN
85,16,1,0.00046845199995004805,42,A01,cross-session,AdaBN
86,16,0,0.0004069480000907788,42,A01,cross-session,AdaBN
87,16,1,0.0003655099999377853,42,A01,cross-session,AdaBN
88,16,1,0.0003632469999956811,42,A01,cross-session,AdaBN
89,16,0,0.00035626599992610863,42,A01,cross-session,AdaBN
90,16,1,0.0003548980000687152,42,A01,cross-session,AdaBN
91,16,1,0.000350696999930733,42,A01,cross-session,AdaBN
92,16,1,0.0003839890000563173,42,A01,cross-session,AdaBN
93,16,1,0.0003602299998419767,42,A01,cross-session,AdaBN
94,16,0,0.00037529199994423834,42,A01,cross-session,AdaBN
95,16,0,0.00040333099991585186,42,A01,cross-session,AdaBN
96,16,1,0.00036776699994334194,42,A01,cross-session,AdaBN
97,16,0,0.0003989899998941837,42,A01,cross-session,AdaBN
98,16,1,0.00035797900000034133,42,A01,cross-session,AdaBN
99,16,1,0.00035134199993080983,42,A01,cross-session,AdaBN
100,16,1,0.0003839380001409154,42,A01,cross-session,AdaBN
101,16,0,0.00041522100013935415,42,A01,cross-session,AdaBN
102,16,1,0.00034768499995152524,42,A01,cross-session,AdaBN
103,16,0,0.00041295800019724993,42,A01,cross-session,AdaBN
104,16,0,0.0004360400000678055,42,A01,cross-session,AdaBN
105,16,1,0.0004263030000402068,42,A01,cross-session,AdaBN
106,16,1,0.00036542300017572416,42,A01,cross-session,AdaBN
107,16,1,0.0003588769998259522,42,A01,cross-session,AdaBN
108,16,1,0.00036289900003794173,42,A01,cross-session,AdaBN
109,16,1,0.00036393799996403686,42,A01,cross-session,AdaBN
110,16,0,0.00035553800012166903,42,A01,cross-session,AdaBN
111,16,1,0.00035890999993171135,42,A01,cross-session,AdaBN
112,16,1,0.0003655089999483607,42,A01,cross-session,AdaBN
113,16,1,0.00045694100003856875,42,A01,cross-session,AdaBN
114,16,0,0.000384600999950635,42,A01,cross-session,AdaBN
115,16,1,0.00037444899999172776,42,A01,cross-session,AdaBN
116,16,0,0.00036222500011717784,42,A01,cross-session,AdaBN
117,16,1,0.00035940399993705796,42,A01,cross-session,AdaBN
118,16,1,0.00036084899988964025,42,A01,cross-session,AdaBN
119,16,1,0.0003597259999423841,42,A01,cross-session,AdaBN
120,16,1,0.00036051199981557147,42,A01,cross-session,AdaBN
121,16,0,0.00039840899989940226,42,A01,cross-session,AdaBN
122,16,0,0.00037726699997620017,42,A01,cross-session,AdaBN
123,16,1,0.0004426509999575501,42,A01,cross-session,AdaBN
124,16,0,0.00044238999998924555,42,A01,cross-session,AdaBN
125,16,0,0.00035646400010591606,42,A01,cross-session,AdaBN
126,16,0,0.0003548019999470853,42,A01,cross-session,AdaBN
127,16,0,0.00038248700002441183,42,A01,cross-session,AdaBN
128,16,1,0.0004143090000070515,42,A01,cross-session,AdaBN
129,16,0,0.00037090299997544207,42,A01,cross-session,AdaBN
130,16,1,0.0003897460001098807,42,A01,cross-session,AdaBN
131,16,1,0.00041660500005491485,42,A01,cross-session,AdaBN
132,16,0,0.000475609999966764,42,A01,cross-session,AdaBN
133,16,1,0.0003630200001225603,42,A01,cross-session,AdaBN
134,16,0,0.00035717199989449,42,A01,cross-session,AdaBN
135,16,1,0.0003861490001781931,42,A01,cross-session,AdaBN
136,16,0,0.00036273299997446884,42,A01,cross-session,AdaBN
137,16,0,0.00035913400006393204,42,A01,cross-session,AdaBN
138,16,1,0.0003600790000746201,42,A01,cross-session,AdaBN
139,16,1,0.00037185300016062683,42,A01,cross-session,AdaBN
140,16,1,0.0003560600000582781,42,A01,cross-session,AdaBN
141,16,1,0.0004287950000616547,42,A01,cross-session,AdaBN
142,16,0,0.0004885909997938143,42,A01,cross-session,AdaBN
143,16,1,0.0003915760000836599,42,A01,cross-session,AdaBN
144,16,1,0.000350194000020565,42,A01,cross-session,AdaBN
145,16,1,0.000364194999974643,42,A01,cross-session,AdaBN
146,16,0,0.0003704490000018268,42,A01,cross-session,AdaBN
147,16,0,0.00036256199996387295,42,A01,cross-session,AdaBN
148,16,1,0.00037002999988544616,42,A01,cross-session,AdaBN
149,16,1,0.00036714999987452757,42,A01,cross-session,AdaBN
150,16,0,0.00036636699996961397,42,A01,cross-session,AdaBN
151,16,1,0.00045522799996433605,42,A01,cross-session,AdaBN
152,16,1,0.00042092900002899114,42,A01,cross-session,AdaBN
153,16,1,0.0003851600001780753,42,A01,cross-session,AdaBN
154,16,0,0.0003861509999296686,42,A01,cross-session,AdaBN
155,16,1,0.0003612670000165963,42,A01,cross-session,AdaBN
156,16,0,0.0003551629999947181,42,A01,cross-session,AdaBN
157,16,1,0.0004126009998799418,42,A01,cross-session,AdaBN
158,16,0,0.0003873329999350972,42,A01,cross-session,AdaBN
159,16,0,0.00037858900009268837,42,A01,cross-session,AdaBN
160,16,1,0.00044693899985759344,42,A01,cross-session,AdaBN
161,16,1,0.0004159560000971396,42,A01,cross-session,AdaBN
162,16,1,0.00036411499991118035,42,A01,cross-session,AdaBN
163,16,1,0.0003596729998207593,42,A01,cross-session,AdaBN
164,16,0,0.0004404379999414232,42,A01,cross-session,AdaBN
165,16,1,0.00037018900002294686,42,A01,cross-session,AdaBN
166,16,1,0.0003759080000236281,42,A01,cross-session,AdaBN
167,16,1,0.000360389999968902,42,A01,cross-session,AdaBN
168,16,1,0.00036450199991122645,42,A01,cross-session,AdaBN
169,16,1,0.00036815999987993564,42,A01,cross-session,AdaBN
170,16,1,0.0004471140000532614,42,A01,cross-session,AdaBN
171,16,0,0.00038799999992988887,42,A01,cross-session,AdaBN
172,16,1,0.0003887559998929646,42,A01,cross-session,AdaBN
173,16,1,0.00037671900008717785,42,A01,cross-session,AdaBN
174,16,0,0.00035604300001068623,42,A01,cross-session,AdaBN
175,16,0,0.0003612719999637193,42,A01,cross-session,AdaBN
176,16,1,0.0003664529999696242,42,A01,cross-session,AdaBN
177,16,1,0.0003768039998703898,42,A01,cross-session,AdaBN
178,16,1,0.0003573399999368121,42,A01,cross-session,AdaBN
179,16,0,0.0004160290000072564,42,A01,cross-session,AdaBN
180,16,0,0.0004684269999870594,42,A01,cross-session,AdaBN
181,16,1,0.00037571400002889277,42,A01,cross-session,AdaBN
182,16,0,0.0003626019999956043,42,A01,cross-session,AdaBN
183,16,0,0.00036465500011217955,42,A01,cross-session,AdaBN
184,16,1,0.0004010720001588197,42,A01,cross-session,AdaBN
185,16,1,0.00036467899985836993,42,A01,cross-session,AdaBN
186,16,1,0.0003550760000052833,42,A01,cross-session,AdaBN
187,16,0,0.0003891510000357812,42,A01,cross-session,AdaBN
188,16,1,0.00044421500001590175,42,A01,cross-session,AdaBN
189,16,1,0.0004265340000983997,42,A01,cross-session,AdaBN
190,16,1,0.0003679970000121102,42,A01,cross-session,AdaBN
191,16,1,0.0003585990000374295,42,A01,cross-session,AdaBN
192,16,0,0.0004143109999859007,42,A01,cross-session,AdaBN
193,16,1,0.00042811999992409255,42,A01,cross-session,AdaBN
194,16,0,0.00035986599982607004,42,A01,cross-session,AdaBN
195,16,0,0.00039647399989917176,42,A01,cross-session,AdaBN
196,16,1,0.00038867200009917724,42,A01,cross-session,AdaBN
197,16,1,0.00039580900011060294,42,A01,cross-session,AdaBN
198,16,1,0.00042057900009240257,42,A01,cross-session,AdaBN
199,16,0,0.0004319550000673189,42,A01,cross-session,AdaBN
200,16,0,0.0003852530001040577,42,A01,cross-session,AdaBN
201,16,1,0.000365623999869058,42,A01,cross-session,AdaBN
202,16,1,0.00036079000005884154,42,A01,cross-session,AdaBN
203,16,0,0.000398387999894112,42,A01,cross-session,AdaBN
204,16,1,0.0003964990000895341,42,A01,cross-session,AdaBN
205,16,1,0.00035638199983623053,42,A01,cross-session,AdaBN
206,16,0,0.0003773470000396628,42,A01,cross-session,AdaBN
207,16,1,0.00040284200008500193,42,A01,cross-session,AdaBN
208,16,1,0.0004199590000553144,42,A01,cross-session,AdaBN
209,16,1,0.0003775949999180739,42,A01,cross-session,AdaBN
210,16,0,0.00039365899988297315,42,A01,cross-session,AdaBN
211,16,0,0.00041162499996971746,42,A01,cross-session,AdaBN
212,16,1,0.00036354200005916937,42,A01,cross-session,AdaBN
213,16,1,0.0003622390001964959,42,A01,cross-session,AdaBN
214,16,1,0.0003904200000306446,42,A01,cross-session,AdaBN
215,16,1,0.0003908579999460926,42,A01,cross-session,AdaBN
216,16,0,0.0004204910001135431,42,A01,cross-session,AdaBN
217,16,1,0.0004139870000017254,42,A01,cross-session,AdaBN
218,16,1,0.00039388200002576923,42,A01,cross-session,AdaBN
219,16,1,0.0003731759998117923,42,A01,cross-session,AdaBN
220,16,1,0.00035797099985757086,42,A01,cross-session,AdaBN
221,16,1,0.0003709949999119999,42,A01,cross-session,AdaBN
222,16,0,0.00038042000005589216,42,A01,cross-session,AdaBN
223,16,1,0.00035769100009019894,42,A01,cross-session,AdaBN
224,16,0,0.00035764399990512175,42,A01,cross-session,AdaBN
225,16,1,0.0003588759998365276,42,A01,cross-session,AdaBN
226,16,0,0.0004606210000019928,42,A01,cross-session,AdaBN
227,16,1,0.0003743490001397731,42,A01,cross-session,AdaBN
228,16,0,0.00035775299988927145,42,A01,cross-session,AdaBN
229,16,1,0.00035869699991053494,42,A01,cross-session,AdaBN
230,16,0,0.0003570100000160892,42,A01,cross-session,AdaBN
231,16,0,0.0003644759999588132,42,A01,cross-session,AdaBN
232,16,0,0.0003624309999850084,42,A01,cross-session,AdaBN
233,16,1,0.0003660840000065946,42,A01,cross-session,AdaBN
234,16,1,0.0003651860001809837,42,A01,cross-session,AdaBN
235,16,1,0.00038136500006658025,42,A01,cross-session,AdaBN
236,16,0,0.0004395539999677567,42,A01,cross-session,AdaBN
237,16,1,0.000422221000007994,42,A01,cross-session,AdaBN
238,16,1,0.00036561000001711363,42,A01,cross-session,AdaBN
239,16,1,0.0003557780000846833,42,A01,cross-session,AdaBN
240,16,1,0.0004254420000506798,42,A01,cross-session,AdaBN
241,16,1,0.00037058400016576343,42,A01,cross-session,AdaBN
242,16,1,0.0003608590000112599,42,A01,cross-session,AdaBN
243,16,1,0.0003693979999752628,42,A01,cross-session,AdaBN
244,16,1,0.000363692000064475,42,A01,cross-session,AdaBN
245,16,1,0.0004026920000796963,42,A01,cross-session,AdaBN
246,16,1,0.0004301789999772154,42,A01,cross-session,AdaBN
247,16,1,0.000379674999976487,42,A01,cross-session,AdaBN
248,16,1,0.0003816690000348899,42,A01,cross-session,AdaBN
249,16,1,0.00044316499997876235,42,A01,cross-session,AdaBN
250,16,1,0.0003775070001665881,42,A01,cross-session,AdaBN
251,16,0,0.0003768070000660373,42,A01,cross-session,AdaBN
252,16,1,0.0004041390000111278,42,A01,cross-session,AdaBN
253,16,0,0.0003938300001209427,42,A01,cross-session,AdaBN
254,16,1,0.00042464299986022525,42,A01,cross-session,AdaBN
255,16,1,0.000401266999915606,42,A01,cross-session,AdaBN
256,16,1,0.0004071799999110226,42,A01,cross-session,AdaBN
257,16,1,0.00036509400001705217,42,A01,cross-session,AdaBN
258,16,1,0.0003568820000054984,42,A01,cross-session,AdaBN
259,16,1,0.0003612709999742947,42,A01,cross-session,AdaBN
260,16,0,0.00036776899992219114,42,A01,cross-session,AdaBN
261,16,1,0.00038054199990256166,42,A01,cross-session,AdaBN
262,16,1,0.00035392000017964165,42,A01,cross-session,AdaBN
263,16,0,0.0004124279998904967,42,A01,cross-session,AdaBN
264,16,1,0.00048653699991518806,42,A01,cross-session,AdaBN
265,16,1,0.0003862549999666953,42,A01,cross-session,AdaBN
266,16,0,0.0003636439998899732,42,A01,cross-session,AdaBN
267,16,0,0.0003587260000585957,42,A01,cross-session,AdaBN
268,16,1,0.0003706269999383949,42,A01,cross-session,AdaBN
269,16,0,0.0003615289999743254,42,A01,cross-session,AdaBN
270,16,1,0.0003560030002063286,42,A01,cross-session,AdaBN
271,16,1,0.0003604799999266106,42,A01,cross-session,AdaBN
272,16,1,0.00036648899981628347,42,A01,cross-session,AdaBN
273,16,1,0.0003773739999815007,42,A01,cross-session,AdaBN
274,16,0,0.0004331689999617083,42,A01,cross-session,AdaBN
275,16,0,0.00043657800006258185,42,A01,cross-session,AdaBN
276,16,1,0.00036178000004838395,42,A01,cross-session,AdaBN
277,16,0,0.00035745300010603387,42,A01,cross-session,AdaBN
278,16,0,0.00043010400008824945,42,A01,cross-session,AdaBN
279,16,1,0.0003696050000598916,42,A01,cross-session,AdaBN
280,16,1,0.00035966600012216077,42,A01,cross-session,AdaBN
281,16,0,0.00037240100004964916,42,A01,cross-session,AdaBN
282,16,0,0.0004433999999946536,42,A01,cross-session,AdaBN
283,16,0,0.00046291800003928074,42,A01,cross-session,AdaBN
284,16,0,0.00036382100006449036,42,A01,cross-session,AdaBN
285,16,1,0.0003720380000231671,42,A01,cross-session,AdaBN
286,16,1,0.00035946100001638115,42,A01,cross-session,AdaBN
287,16,1,0.00038370199990822584,42,A01,cross-session,AdaBN
0,1,0,0.0022956279999561957,42,A02,cross-session,AdaBN
1,2,0,0.0021017260000917304,42,A02,cross-session,AdaBN
2,3,0,0.0019560729999739124,42,A02,cross-session,AdaBN
3,4,0,0.0018887230000927957,42,A02,cross-session,AdaBN
4,5,1,0.001913253999873632,42,A02,cross-session,AdaBN
5,6,1,0.0017816129998209362,42,A02,cross-session,AdaBN
6,7,0,0.0018083489999298763,42,A02,cross-session,AdaBN
7,8,1,0.0018307720001757843,42,A02,cross-session,AdaBN
8,9,1,0.0017763320001904503,42,A02,cross-session,AdaBN
9,10,0,0.0018078680000144232,42,A02,cross-session,AdaBN
10,11,0,0.0013997839998864947,42,A02,cross-session,AdaBN
11,12,0,0.0010861349999231606,42,A02,cross-session,AdaBN
12,13,0,0.0011098360000687535,42,A02,cross-session,AdaBN
13,14,0,0.0010452689998601272,42,A02,cross-session,AdaBN
14,15,0,0.0010287610000432323,42,A02,cross-session,AdaBN
15,16,1,0.0010256350001327519,42,A02,cross-session,AdaBN
16,16,0,0.0010279629998422024,42,A02,cross-session,AdaBN
17,16,1,0.0012225509999552742,42,A02,cross-session,AdaBN
18,16,1,0.001281486000152654,42,A02,cross-session,AdaBN
19,16,0,0.0013372450000588287,42,A02,cross-session,AdaBN
20,16,0,0.001472002000127759,42,A02,cross-session,AdaBN
21,16,0,0.0016512019999481709,42,A02,cross-session,AdaBN
22,16,0,0.001784508999890022,42,A02,cross-session,AdaBN
23,16,1,0.0008753380000143807,42,A02,cross-session,AdaBN
24,16,0,0.0008387709999624349,42,A02,cross-session,AdaBN
25,16,1,0.0008570699999381759,42,A02,cross-session,AdaBN
26,16,0,0.0009209489999193465,42,A02,cross-session,AdaBN
27,16,0,0.0009600349999345781,42,A02,cross-session,AdaBN
28,16,0,0.0010327929999220942,42,A02,cross-session,AdaBN
29,16,0,0.0014217699999790057,42,A02,cross-session,AdaBN
30,16,0,0.0011872600000515376,42,A02,cross-session,AdaBN
31,16,1,0.0010972579998451693,42,A02,cross-session,AdaBN
32,16,1,0.0010858690000077331,42,A02,cross-session,AdaBN
33,16,0,0.0010281049999321112,42,A02,cross-session,AdaBN
34,16,1,0.0009891560000596655,42,A02,cross-session,AdaBN
35,16,1,0.0010076280000248516,42,A02,cross-session,AdaBN
36,16,0,0.0009365050000269548,42,A02,cross-session,AdaBN
37,16,0,0.0009277560000100493,42,A02,cross-session,AdaBN
38,16,0,0.0009023410000281729,42,A02,cross-session,AdaBN
39,16,0,0.0008840069999678235,42,A02,cross-session,AdaBN
40,16,1,0.0008492119998209091,42,A02,cross-session,AdaBN
41,16,0,0.0008177890001661581,42,A02,cross-session,AdaBN
42,16,1,0.0007971420000103535,42,A02,cross-session,AdaBN
43,16,0,0.0007833419999769831,42,A02,cross-session,AdaBN
44,16,0,0.0007702909999807162,42,A02,cross-session,AdaBN
45,16,0,0.000763065999990431,42,A02,cross-session,AdaBN
46,16,1,0.0007243869999911112,42,A02,cross-session,AdaBN
47,16,0,0.0007292129998859309,42,A02,cross-session,AdaBN
48,16,0,0.0007478059999357356,42,A02,cross-session,AdaBN
49,16,0,0.0007553099999313417,42,A02,cross-session,AdaBN
50,16,0,0.0006848729999546777,42,A02,cross-session,AdaBN
51,16,1,0.0006612150000364636,42,A02,cross-session,AdaBN
52,16,1,0.0006553200000780635,42,A02,cross-session,AdaBN
53,16,0,0.000639966000107961,42,A02,cross-session,AdaBN
54,16,0,0.0006161360001897265,42,A02,cross-session,AdaBN
55,16,0,0.0006002310001349542,42,A02,cross-session,AdaBN
56,16,0,0.0005847669999639038,42,A02,cross-session,AdaBN
57,16,0,0.0005563830000028247,42,A02,cross-session,AdaBN
58,16,1,0.0005590049997863389,42,A02,cross-session,AdaBN
59,16,1,0.0005738799998198374,42,A02,cross-session,AdaBN
60,16,1,0.0005411359998106491,42,A02,cross-session,AdaBN
61,16,0,0.0005118420001508639,42,A02,cross-session,AdaBN
62,16,0,0.0005402470001172333,42,A02,cross-session,AdaBN
63,16,0,0.0005014860000756016,42,A02,cross-session,AdaBN
64,16,0,0.0004785880000781617,42,A02,cross-session,AdaBN
65,16,1,0.0005005860000437679,42,A02,cross-session,AdaBN
66,16,1,0.0004659650001030968,42,A02,cross-session,AdaBN
67,16,0,0.0004684159998760151,42,A02,cross-session,AdaBN
68,16,1,0.0004408170000260725,42,A02,cross-session,AdaBN
69,16,0,0.0004550890000700747,42,A02,cross-session,AdaBN
70,16,0,0.0004311760001201037,42,A02,cross-session,AdaBN
71,16,0,0.0004351129998667602,42,A02,cross-session,AdaBN
72,16,0,0.0004129160001866694,42,A02,cross-session,AdaBN
73,16,0,0.00043038199987677217,42,A02,cross-session,AdaBN
74,16,0,0.00039945100002114486,42,A02,cross-session,AdaBN
75,16,0,0.00041816399993876985,42,A02,cross-session,AdaBN
76,16,0,0.0003873000000567117,42,A02,cross-session,AdaBN
77,16,0,0.0003807230000347772,42,A02,cross-session,AdaBN
78,16,0,0.00036217000001670385,42,A02,cross-session,AdaBN
79,16,0,0.0004013580000901129,42,A02,cross-session,AdaBN
80,16,0,0.0004133679999540618,42,A02,cross-session,AdaBN
81,16,1,0.0004333250001309352,42,A02,cross-session,AdaBN
82,16,0,0.0003577679999580141,42,A02,cross-session,AdaBN
83,16,0,0.00036881199980598467,42,A02,cross-session,AdaBN
84,16,0,0.00034480399995118205,42,A02,cross-session,AdaBN
85,16,1,0.00035420700010035944,42,A02,cross-session,AdaBN
86,16,0,0.00035603399987849116,42,A02,cross-session,AdaBN
87,16,1,0.0003498630001104175,42,A02,cross-session,AdaBN
88,16,0,0.0003491350000786042,42,A02,cross-session,AdaBN
89,16,0,0.0003607080000165297,42,A02,cross-session,AdaBN
90,16,0,0.00035354800002096454,42,A02,cross-session,AdaBN
91,16,1,0.0003601659998366813,42,A02,cross-session,AdaBN
92,16,0,0.00037859899998693436,42,A02,cross-session,AdaBN
93,16,1,0.0003577090001272154,42,A02,cross-session,AdaBN
94,16,1,0.0004385580000416667,42,A02,cross-session,AdaBN
95,16,0,0.0004497180000271328,42,A02,cross-session,AdaBN
96,16,1,0.0003988219998518616,42,A02,cross-session,AdaBN
97,16,1,0.00038594500006183807,42,A02,cross-session,AdaBN
98,16,1,0.00038750599992454227,42,A02,cross-session,AdaBN
99,16,0,0.0003636310000274534,42,A02,cross-session,AdaBN
100,16,1,0.00039573500021106156,42,A02,cross-session,AdaBN
101,16,0,0.00035543499984669324,42,A02,cross-session,AdaBN
102,16,1,0.00037299900009202247,42,A02,cross-session,AdaBN
103,16,0,0.000357705000169517,42,A02,cross-session,AdaBN
104,16,0,0.00035681800000020303,42,A02,cross-session,AdaBN
105,16,0,0.00038003899999239366,42,A02,cross-session,AdaBN
106,16,1,0.00034641299998838804,42,A02,cross-session,AdaBN
107,16,0,0.0004501149999214249,42,A02,cross-session,AdaBN
108,16,0,0.00043059800009359606,42,A02,cross-session,AdaBN
109,16,0,0.0004002529999524995,42,A02,cross-session,AdaBN
110,16,0,0.0003718880000178615,42,A02,cross-session,AdaBN
111,16,0,0.0003581060000215075,42,A02,cross-session,AdaBN
112,16,1,0.0003785010001138289,42,A02,cross-session,AdaBN
113,16,0,0.00035850600011144707,42,A02,cross-session,AdaBN
114,16,1,0.00038584499998250976,42,A02,cross-session,AdaBN
115,16,1,0.00035407700011091947,42,A02,cross-session,AdaBN
116,16,0,0.000359208999952898,42,A02,cross-session,AdaBN
117,16,0,0.0003849840002203564,42,A02,cross-session,AdaBN
118,16,0,0.00040599199996904645,42,A02,cross-session,AdaBN
119,16,0,0.0004435199998624739,42,A02,cross-session,AdaBN
120,16,0,0.0003539609999734239,42,A02,cross-session,AdaBN
121,16,0,0.0003646899999694142,42,A02,cross-session,AdaBN
122,16,0,0.0003516650001529342,42,A02,cross-session,AdaBN
123,16,1,0.00035336900009497185,42,A02,cross-session,AdaBN
124,16,0,0.0003604280000217841,42,A02,cross-session,AdaBN
125,16,1,0.0003557130000899633,42,A02,cross-session,AdaBN
126,16,1,0.00036189699994793045,42,A02,cross-session,AdaBN
127,16,1,0.0003720489999068377,42,A02,cross-session,AdaBN
128,16,1,0.00035383299996283313,42,A02,cross-session,AdaBN
129,16,0,0.00035996699989482295,42,A02,cross-session,AdaBN
130,16,0,0.0004031449998365133,42,A02,cross-session,AdaBN
131,16,0,0.00039950500013219425,42,A02,cross-session,AdaBN
132,16,0,0.00034712000001491106,42,A02,cross-session,AdaBN
133,16,0,0.0003681040000174107,42,A02,cross-session,AdaBN
134,16,1,0.0003600370000640396,42,A02,cross-session,AdaBN
135,16,0,0.00035078099995189405,42,A02,cross-session,AdaBN
136,16,1,0.0003597649999846908,42,A02,cross-session,AdaBN
137,16,0,0.0003499919998830592,42,A02,cross-session,AdaBN
138,16,0,0.0003557790000741079,42,A02,cross-session,AdaBN
139,16,1,0.00039930200000526384,42,A02,cross-session,AdaBN
140,16,1,0.00034661600011531846,42,A02,cross-session,AdaBN
141,16,1,0.0004260649998286681,42,A02,cross-session,AdaBN
142,16,1,0.00041101900001194736,42,A02,cross-session,AdaBN
143,16,0,0.00035155199998371245,42,A02,cross-session,AdaBN
144,16,0,0.00036317899980531365,42,A02,cross-session,AdaBN
145,16,0,0.0003567270000530698,42,A02,cross-session,AdaBN
146,16,1,0.0003519680001318193,42,A02,cross-session,AdaBN
147,16,0,0.00036692000003313296,42,A02,cross-session,AdaBN
148,16,0,0.0003571120000742667,42,A02,cross-session,AdaBN
149,16,0,0.00035939800000051036,42,A02,cross-session,AdaBN
150,16,0,0.000365748999911375,42,A02,cross-session,AdaBN
151,16,0,0.0003556199999366072,42,A02,cross-session,AdaBN
152,16,1,0.0004296009999507078,42,A02,cross-session,AdaBN
153,16,0,0.00037140899985388387,42,A02,cross-session,AdaBN
154,16,0,0.0003530789999786066,42,A02,cross-session,AdaBN
155,16,1,0.0003558930000053806,42,A02,cross-session,AdaBN
156,16,0,0.00035984700002700265,42,A02,cross-session,AdaBN
157,16,0,0.00035664999995788094,42,A02,cross-session,AdaBN
158,16,0,0.00036299900011727004,42,A02,cross-session,AdaBN
159,16,0,0.00035957999989477685,42,A02,cross-session,AdaBN
160,16,0,0.00035337999997864245,42,A02,cross-session,AdaBN
161,16,0,0.0003617060001488426,42,A02,cross-session,AdaBN
162,16,0,0.00035344000002623943,42,A02,cross-session,AdaBN
163,16,0,0.0003628710001066793,42,A02,cross-session,AdaBN
164,16,0,0.0004738909999559837,42,A02,cross-session,AdaBN
165,16,0,0.00038939099999879545,42,A02,cross-session,AdaBN
166,16,0,0.0004277470000033645,42,A02,cross-session,AdaBN
167,16,0,0.00037412000006042945,42,A02,cross-session,AdaBN
168,16,0,0.00037346199997045915,42,A02,cross-session,AdaBN
169,16,0,0.00037705900012952043,42,A02,cross-session,AdaBN
170,16,0,0.0003562379999948462,42,A02,cross-session,AdaBN
171,16,1,0.0003679070000544016,42,A02,cross-session,AdaBN
172,16,0,0.0003616369999690505,42,A02,cross-session,AdaBN
173,16,0,0.0003609829998367786,42,A02,cross-session,AdaBN
174,16,0,0.00041832500005511974,42,A02,cross-session,AdaBN
175,16,1,0.0003992480001215881,42,A02,cross-session,AdaBN
176,16,0,0.00035944900014328596,42,A02,cross-session,AdaBN
177,16,0,0.0003586500001802051,42,A02,cross-session,AdaBN
178,16,0,0.0003517950001423742,42,A02,cross-session,AdaBN
179,16,1,0.0003675640000437852,42,A02,cross-session,AdaBN
180,16,0,0.0003591759998471389,42,A02,cross-session,AdaBN
181,16,1,0.00038783500008321425,42,A02,cross-session,AdaBN
182,16,1,0.00035945900003753195,42,A02,cross-session,AdaBN
183,16,0,0.00035497300018505484,42,A02,cross-session,AdaBN
184,16,0,0.00035469599993120937,42,A02,cross-session,AdaBN
185,16,0,0.00043340400020497327,42,A02,cross-session,AdaBN
186,16,1,0.00036511600001176703,42,A02,cross-session,AdaBN
187,16,0,0.00039941099998941354,42,A02,cross-session,AdaBN
188,16,0,0.00044399899979907786,42,A02,cross-session,AdaBN
189,16,1,0.0003540309999152669,42,A02,cross-session,AdaBN
190,16,0,0.00035424100019554317,42,A02,cross-session,AdaBN
191,16,0,0.00037451499997587234,42,A02,cross-session,AdaBN
192,16,0,0.0003638719999798923,42,A02,cross-session,AdaBN
193,16,1,0.000369060999901194,42,A02,cross-session,AdaBN
194,16,1,0.00036710399990624865,42,A02,cross-session,AdaBN
195,16,0,0.00041551699996489333,42,A02,cross-session,AdaBN
196,16,0,0.00039905600010570197,42,A02,cross-session,AdaBN
197,16,0,0.00037097099993843585,42,A02,cross-session,AdaBN
198,16,0,0.00039360200003102364,42,A02,cross-session,AdaBN
199,16,1,0.00042811799994524335,42,A02,cross-session,AdaBN
200,16,0,0.0003748639999230363,42,A02,cross-session,AdaBN
201,16,1,0.00035774299999502546,42,A02,cross-session,AdaBN
202,16,1,0.0003910800000994641,42,A02,cross-session,AdaBN
203,16,1,0.00041046499995900376,42,A02,cross-session,AdaBN
204,16,0,0.0003608639999583829,42,A02,cross-session,AdaBN
205,16,0,0.00035913900001105503,42,A02,cross-session,AdaBN
206,16,0,0.00036555899987433804,42,A02,cross-session,AdaBN
207,16,0,0.00042468399988138117,42,A02,cross-session,AdaBN
208,16,1,0.0004725090000192722,42,A02,cross-session,AdaBN
209,16,0,0.00035092099983558,42,A02,cross-session,AdaBN
210,16,0,0.0003684030000385974,42,A02,cross-session,AdaBN
211,16,0,0.0003713889998380182,42,A02,cross-session,AdaBN
212,16,1,0.00038016599978618615,42,A02,cross-session,AdaBN
213,16,0,0.00041407399999116024,42,A02,cross-session,AdaBN
214,16,1,0.0003641230000539508,42,A02,cross-session,AdaBN
215,16,1,0.0003672489999644313,42,A02,cross-session,AdaBN
216,16,1,0.00035537999997359293,42,A02,cross-session,AdaBN
217,16,0,0.00035779999984697497,42,A02,cross-session,AdaBN
218,16,1,0.00041798300003392796,42,A02,cross-session,AdaBN
219,16,1,0.0004371069999251631,42,A02,cross-session,AdaBN
220,16,1,0.0003528549998463859,42,A02,cross-session,AdaBN
221,16,0,0.00036981099992772215,42,A02,cross-session,AdaBN
222,16,0,0.0003815059999396908,42,A02,cross-session,AdaBN
223,16,0,0.00035612900001069647,42,A02,cross-session,AdaBN
224,16,0,0.00037141699999665434,42,A02,cross-session,AdaBN
225,16,1,0.0003749919999336271,42,A02,cross-session,AdaBN
226,16,0,0.0003986599999734608,42,A02,cross-session,AdaBN
227,16,0,0.00039448899997296394,42,A02,cross-session,AdaBN
228,16,0,0.00040471800002706004,42,A02,cross-session,AdaBN
229,16,1,0.0003888219998771092,42,A02,cross-session,AdaBN
230,16,0,0.0003779649998705281,42,A02,cross-session,AdaBN
231,16,0,0.0003571299998839095,42,A02,cross-session,AdaBN
232,16,1,0.00035077899997304485,42,A02,cross-session,AdaBN
233,16,0,0.00035552600002120016,42,A02,cross-session,AdaBN
234,16,0,0.0003448820000357955,42,A02,cross-session,AdaBN
235,16,1,0.0003887049999775627,42,A02,cross-session,AdaBN
236,16,0,0.0003922780001630599,42,A02,cross-session,AdaBN
237,16,0,0.00036040000009052164,42,A02,cross-session,AdaBN
238,16,1,0.0003603729999213101,42,A02,cross-session,AdaBN
239,16,0,0.0004678570001033222,42,A02,cross-session,AdaBN
240,16,0,0.0003661969999484427,42,A02,cross-session,AdaBN
241,16,0,0.0003770959999656043,42,A02,cross-session,AdaBN
242,16,0,0.0003918169998087251,42,A02,cross-session,AdaBN
243,16,0,0.00035109000009470037,42,A02,cross-session,AdaBN
244,16,0,0.000399936999883721,42,A02,cross-session,AdaBN
245,16,0,0.0003773700000238023,42,A02,cross-session,AdaBN
246,16,1,0.00035254499994152866,42,A02,cross-session,AdaBN
247,16,1,0.0003881510001519928,42,A02,cross-session,AdaBN
248,16,1,0.0003738560001238511,42,A02,cross-session,AdaBN
249,16,1,0.0003699540000070556,42,A02,cross-session,AdaBN
250,16,0,0.00044515300010061765,42,A02,cross-session,AdaBN
251,16,1,0.0003807430000506429,42,A02,cross-session,AdaBN
252,16,0,0.0003534659999786527,42,A02,cross-session,AdaBN
253,16,1,0.0003859799999190727,42,A02,cross-session,AdaBN
254,16,0,0.000358501999926375,42,A02,cross-session,AdaBN
255,16,1,0.00038600000016231206,42,A02,cross-session,AdaBN
256,16,1,0.00036130299986325554,42,A02,cross-session,AdaBN
257,16,1,0.00036167600001135725,42,A02,cross-session,AdaBN
258,16,0,0.00036251899996386783,42,A02,cross-session,AdaBN
259,16,0,0.0003563359998679516,42,A02,cross-session,AdaBN
260,16,0,0.0003632469999956811,42,A02,cross-session,AdaBN
261,16,0,0.0004401539999889792,42,A02,cross-session,AdaBN
262,16,0,0.00039365899988297315,42,A02,cross-session,AdaBN
263,16,0,0.0003549540001586138,42,A02,cross-session,AdaBN
264,16,0,0.0003683420000015758,42,A02,cross-session,AdaBN
265,16,0,0.0003724459998011298,42,A02,cross-session,AdaBN
266,16,0,0.0003541259998200985,42,A02,cross-session,AdaBN
267,16,0,0.00035155899990968464,42,A02,cross-session,AdaBN
268,16,0,0.0003618169998844678,42,A02,cross-session,AdaBN
269,16,0,0.00035492300003170385,42,A02,cross-session,AdaBN
270,16,0,0.0003579950000585086,42,A02,cross-session,AdaBN
271,16,0,0.0003974260000632057,42,A02,cross-session,AdaBN
272,16,0,0.0004687969999395136,42,A02,cross-session,AdaBN
273,16,0,0.00040953600000648294,42,A02,cross-session,AdaBN
274,16,0,0.00034396799992464366,42,A02,cross-session,AdaBN
275,16,0,0.0003739630001291516,42,A02,cross-session,AdaBN
276,16,0,0.0003895419999935257,42,A02,cross-session,AdaBN
277,16,0,0.0003727109999545064,42,A02,cross-session,AdaBN
278,16,0,0.0003695739999329817,42,A02,cross-session,AdaBN
279,16,0,0.0003927940001631214,42,A02,cross-session,AdaBN
280,16,0,0.0003594949998841912,42,A02,cross-session,AdaBN
281,16,1,0.00038091400006123877,42,A02,cross-session,AdaBN
282,16,1,0.0003894779999882303,42,A02,cross-session,AdaBN
283,16,1,0.00046359099997062003,42,A02,cross-session,AdaBN
284,16,0,0.00036869599989586277,42,A02,cross-session,AdaBN
285,16,0,0.00035891099992113595,42,A02,cross-session,AdaBN
286,16,1,0.00035590300012700027,42,A02,cross-session,AdaBN
287,16,1,0.00036526300004879886,42,A02,cross-session,AdaBN
0,1,1,0.0014395989999229641,42,A03,cross-session,AdaBN
1,2,1,0.0012363099999674887,42,A03,cross-session,AdaBN
2,3,0,0.0012153269999544136,42,A03,cross-session,AdaBN
3,4,1,0.0011477669997930207,42,A03,cross-session,AdaBN
4,5,0,0.0011226350000015373,42,A03,cross-session,AdaBN
5,6,1,0.001091947000077198,42,A03,cross-session,AdaBN
6,7,1,0.001175375000002532,42,A03,cross-session,AdaBN
7,8,0,0.0011331959999552055,42,A03,cross-session,AdaBN
8,9,1,0.0010827119999703427,42,A03,cross-session,AdaBN
9,10,0,0.0010838169998805824,42,A03,cross-session,AdaBN
10,11,0,0.0010054060001039034,42,A03,cross-session,AdaBN
11,12,0,0.001045759000135149,42,A03,cross-session,AdaBN
12,13,1,0.0010072889999719337,42,A03,cross-session,AdaBN
13,14,0,0.0010521040001094661,42,A03,cross-session,AdaBN
14,15,1,0.0010245139999369712,42,A03,cross-session,AdaBN
15,16,1,0.0018248180001592118,42,A03,cross-session,AdaBN
16,16,1,0.0011865740000303049,42,A03,cross-session,AdaBN
17,16,1,0.001091314999939641,42,A03,cross-session,AdaBN
18,16,0,0.0013473950000388868,42,A03,cross-session,AdaBN
19,16,1,0.0005850750001172855,42,A03,cross-session,AdaBN
20,16,0,0.00046176099999684084,42,A03,cross-session,AdaBN
21,16,1,0.000493954000148733,42,A03,cross-session,AdaBN
22,16,1,0.0004826829999728943,42,A03,cross-session,AdaBN
23,16,1,0.0005720809999729681,42,A03,cross-session,AdaBN
24,16,0,0.0004649770000924036,42,A03,cross-session,AdaBN
25,16,1,0.000596345000076326,42,A03,cross-session,AdaBN
26,16,1,0.000596169999880658,42,A03,cross-session,AdaBN
27,16,0,0.0005471229999329807,42,A03,cross-session,AdaBN
28,16,0,0.0005987750000713277,42,A03,cross-session,AdaBN
29,16,0,0.0005338619998838112,42,A03,cross-session,AdaBN
30,16,1,0.0005237529999249091,42,A03,cross-session,AdaBN
31,16,1,0.0005842260000008537,42,A03,cross-session,AdaBN
32,16,1,0.0005942390000654996,42,A03,cross-session,AdaBN
33,16,1,0.0005919160000757984,42,A03,cross-session,AdaBN
34,16,1,0.0006734930000220629,42,A03,cross-session,AdaBN
35,16,1,0.0006990090000726923,42,A03,cross-session,AdaBN
36,16,1,0.0007449889999406878,42,A03,cross-session,AdaBN
37,16,1,0.0007542069999999512,42,A03,cross-session,AdaBN
38,16,1,0.000759563999963575,42,A03,cross-session,AdaBN
39,16,0,0.0007954420000260143,42,A03,cross-session,AdaBN
40,16,0,0.0008468940000057046,42,A03,cross-session,AdaBN
41,16,1,0.0009179849998872669,42,A03,cross-session,AdaBN
42,16,0,0.0009676689999196242,42,A03,cross-session,AdaBN
43,16,0,0.0010260039998684078,42,A03,cross-session,AdaBN
44,16,1,0.0010331140001653694,42,A03,cross-session,AdaBN
45,16,1,0.0011176599998634629,42,A03,cross-session,AdaBN
46,16,1,0.001205022000021927,42,A03,cross-session,AdaBN
47,16,1,0.0012755660000038915,42,A03,cross-session,AdaBN
48,16,0,0.0014006779999817809,42,A03,cross-session,AdaBN
49,16,0,0.0020479719999002555,42,A03,cross-session,AdaBN
50,16,1,0.0017168239999136858,42,A03,cross-session,AdaBN
51,16,1,0.0015901790000043547,42,A03,cross-session,AdaBN
52,16,1,0.001504145999888351,42,A03,cross-session,AdaBN
53,16,1,0.0015039649999835092,42,A03,cross-session,AdaBN
54,16,0,0.0014597909998883551,42,A03,cross-session,AdaBN
55,16,1,0.001328532999878007,42,A03,cross-session,AdaBN
56,16,1,0.0013130439999713417,42,A03,cross-session,AdaBN
57,16,0,0.00121563600009722,42,A03,cross-session,AdaBN
58,16,0,0.0012249249998603773,42,A03,cross-session,AdaBN
59,16,0,0.0011681949999911012,42,A03,cross-session,AdaBN
60,16,1,0.0011415980000037962,42,A03,cross-session,AdaBN
61,16,1,0.0010774800000490359,42,A03,cross-session,AdaBN
62,16,1,0.001052927000046111,42,A03,cross-session,AdaBN
63,16,1,0.0010100100000727252,42,A03,cross-session,AdaBN
64,16,1,0.0009988970000449626,42,A03,cross-session,AdaBN
65,16,1,0.0009959120000075927,42,A03,cross-session,AdaBN
66,16,1,0.0009451600001284532,42,A03,cross-session,AdaBN
67,16,1,0.0009029240000018035,42,A03,cross-session,AdaBN
68,16,1,0.0009061799999017239,42,A03,cross-session,AdaBN
69,16,0,0.0008629529997961072,42,A03,cross-session,AdaBN
70,16,1,0.0008357120000255236,42,A03,cross-session,AdaBN
71,16,0,0.0008150840001235338,42,A03,cross-session,AdaBN
72,16,1,0.0007944939998196787,42,A03,cross-session,AdaBN
73,16,1,0.0007600040000852459,42,A03,cross-session,AdaBN
74,16,1,0.0007543530000475585,42,A03,cross-session,AdaBN
75,16,1,0.0007261120001658128,42,A03,cross-session,AdaBN
76,16,1,0.0006997369998771319,42,A03,cross-session,AdaBN
77,16,1,0.000669432999984565,42,A03,cross-session,AdaBN
78,16,1,0.0006755140000223037,42,A03,cross-session,AdaBN
79,16,1,0.0006503439999505645,42,A03,cross-session,AdaBN
80,16,1,0.0006504069999664353,42,A03,cross-session,AdaBN
81,16,0,0.0006098759999986214,42,A03,cross-session,AdaBN
82,16,0,0.0006105509999088099,42,A03,cross-session,AdaBN
83,16,0,0.0006020600001193088,42,A03,cross-session,AdaBN
84,16,1,0.0005721439999888389,42,A03,cross-session,AdaBN
85,16,0,0.0005608279998341459,42,A03,cross-session,AdaBN
86,16,1,0.0005365010001696646,42,A03,cross-session,AdaBN
87,16,1,0.0005404890000590967,42,A03,cross-session,AdaBN
88,16,1,0.0005245600000307604,42,A03,cross-session,AdaBN
89,16,0,0.0005004130000543228,42,A03,cross-session,AdaBN
90,16,0,0.0005037819998960913,42,A03,cross-session,AdaBN
91,16,0,0.0004747799998767732,42,A03,cross-session,AdaBN
92,16,1,0.0004649200000130804,42,A03,cross-session,AdaBN
93,16,1,0.0004854049998357368,42,A03,cross-session,AdaBN
94,16,0,0.0004518289999850822,42,A03,cross-session,AdaBN
95,16,1,0.0004475609998735308,42,A03,cross-session,AdaBN
96,16,1,0.0004426279999734106,42,A03,cross-session,AdaBN
97,16,1,0.0004219549998651928,42,A03,cross-session,AdaBN
98,16,0,0.00040648300000611925,42,A03,cross-session,AdaBN
99,16,1,0.000416085000097155,42,A03,cross-session,AdaBN
100,16,1,0.0003867130001253827,42,A03,cross-session,AdaBN
101,16,0,0.0004017559999738296,42,A03,cross-session,AdaBN
102,16,1,0.00037982200001351885,42,A03,cross-session,AdaBN
103,16,0,0.0003822379999292025,42,A03,cross-session,AdaBN
104,16,1,0.00036326800000097137,42,A03,cross-session,AdaBN
105,16,1,0.00036304800005382276,42,A03,cross-session,AdaBN
106,16,0,0.00035090399978798814,42,A03,cross-session,AdaBN
107,16,0,0.0003578790001483867,42,A03,cross-session,AdaBN
108,16,0,0.00035652899987326236,42,A03,cross-session,AdaBN
109,16,1,0.0004397719999360561,42,A03,cross-session,AdaBN
110,16,0,0.00040078899996842665,42,A03,cross-session,AdaBN
111,16,1,0.00044770199997401505,42,A03,cross-session,AdaBN
112,16,1,0.0004271560001143371,42,A03,cross-session,AdaBN
113,16,1,0.0004321220001202164,42,A03,cross-session,AdaBN
114,16,1,0.0003401409999241878,42,A03,cross-session,AdaBN
115,16,1,0.0003720429999702901,42,A03,cross-session,AdaBN
116,16,1,0.00034541099989837676,42,A03,cross-session,AdaBN
117,16,1,0.0004204460001346888,42,A03,cross-session,AdaBN
118,16,1,0.00035006200005227583,42,A03,cross-session,AdaBN
119,16,1,0.00037965899991831975,42,A03,cross-session,AdaBN
120,16,1,0.00035099699994134426,42,A03,cross-session,AdaBN
121,16,1,0.0003801919999659731,42,A03,cross-session,AdaBN
122,16,0,0.0003587720000268746,42,A03,cross-session,AdaBN
123,16,1,0.0004422439999416383,42,A03,cross-session,AdaBN
124,16,1,0.00041494900006000535,42,A03,cross-session,AdaBN
125,16,0,0.00044599400007427903,42,A03,cross-session,AdaBN
126,16,0,0.00035112000000481203,42,A03,cross-session,AdaBN
127,16,1,0.0004135480000968528,42,A03,cross-session,AdaBN
128,16,0,0.0003631419999692298,42,A03,cross-session,AdaBN
129,16,0,0.0003855939999084512,42,A03,cross-session,AdaBN
130,16,1,0.0003532800001266878,42,A03,cross-session,AdaBN
131,16,1,0.0004006639999261097,42,A03,cross-session,AdaBN
132,16,1,0.0003592010000375012,42,A03,cross-session,AdaBN
133,16,1,0.0003812360000665649,42,A03,cross-session,AdaBN
134,16,1,0.00035946299999523035,42,A03,cross-session,AdaBN
135,16,1,0.0004112760000225535,42,A03,cross-session,AdaBN
136,16,1,0.00042143899986513134,42,A03,cross-session,AdaBN
137,16,0,0.000508397999965382,42,A03,cross-session,AdaBN
138,16,0,0.0004228469999816298,42,A03,cross-session,AdaBN
139,16,1,0.0003662940000594972,42,A03,cross-session,AdaBN
140,16,1,0.0003481599999304308,42,A03,cross-session,AdaBN
141,16,0,0.00038236899990806705,42,A03,cross-session,AdaBN
142,16,1,0.0003608540000641369,42,A03,cross-session,AdaBN
143,16,1,0.00037628099994435615,42,A03,cross-session,AdaBN
144,16,0,0.00035210300006838224,42,A03,cross-session,AdaBN
145,16,0,0.00039773100002094,42,A03,cross-session,AdaBN
146,16,1,0.0003686570000809297,42,A03,cross-session,AdaBN
147,16,0,0.0003541700000369019,42,A03,cross-session,AdaBN
148,16,1,0.0003840409999611438,42,A03,cross-session,AdaBN
149,16,1,0.0004330839999511227,42,A03,cross-session,AdaBN
150,16,1,0.0004980850001174986,42,A03,cross-session,AdaBN
151,16,1,0.00042143199993915914,42,A03,cross-session,AdaBN
152,16,0,0.0004114969999591267,42,A03,cross-session,AdaBN
153,16,1,0.00034689700009948865,42,A03,cross-session,AdaBN
154,16,1,0.0004214069999761705,42,A03,cross-session,AdaBN
155,16,1,0.0003570420001324237,42,A03,cross-session,AdaBN
156,16,1,0.00041628099984336586,42,A03,cross-session,AdaBN
157,16,1,0.0003477699999621109,42,A03,cross-session,AdaBN
158,16,0,0.00038512300011461775,42,A03,cross-session,AdaBN
159,16,1,0.00036587899990081496,42,A03,cross-session,AdaBN
160,16,1,0.00036444199986362946,42,A03,cross-session,AdaBN
161,16,1,0.0003761899999972229,42,A03,cross-session,AdaBN
162,16,1,0.00041056700001718127,42,A03,cross-session,AdaBN
163,16,1,0.00043988200013700407,42,A03,cross-session,AdaBN
164,16,0,0.00041485699989607383,42,A03,cross-session,AdaBN
165,16,1,0.00040034999983618036,42,A03,cross-session,AdaBN
166,16,1,0.0003609230000165553,42,A03,cross-session,AdaBN
167,16,1,0.00044545199989443063,42,A03,cross-session,AdaBN
168,16,1,0.00037163199999667995,42,A03,cross-session,AdaBN
169,16,1,0.0004056759999002679,42,A03,cross-session,AdaBN
170,16,1,0.0003532240000367892,42,A03,cross-session,AdaBN
171,16,0,0.0004083490000539314,42,A03,cross-session,AdaBN
172,16,1,0.00038490700012516754,42,A03,cross-session,AdaBN
173,16,1,0.0003940010001315386,42,A03,cross-session,AdaBN
174,16,1,0.00036378699996930663,42,A03,cross-session,AdaBN
175,16,1,0.00036388000012266275,42,A03,cross-session,AdaBN
176,16,1,0.0004354000000148517,42,A03,cross-session,AdaBN
177,16,1,0.0004261900000983587,42,A03,cross-session,AdaBN
178,16,1,0.00044554900000548514,42,A03,cross-session,AdaBN
179,16,0,0.0003544599999258935,42,A03,cross-session,AdaBN
180,16,0,0.000388749999956417,42,A03,cross-session,AdaBN
181,16,0,0.00035172399998373294,42,A03,cross-session,AdaBN
182,16,0,0.0003783920001296792,42,A03,cross-session,AdaBN
183,16,1,0.00034872300011556945,42,A03,cross-session,AdaBN
184,16,1,0.0003997209998942708,42,A03,cross-session,AdaBN
185,16,1,0.00035830799993163964,42,A03,cross-session,AdaBN
186,16,0,0.0003633080000327027,42,A03,cross-session,AdaBN
187,16,1,0.0003811789999872417,42,A03,cross-session,AdaBN
188,16,0,0.00043791799998871284,42,A03,cross-session,AdaBN
189,16,0,0.00040958500017040933,42,A03,cross-session,AdaBN
190,16,1,0.00035414000012679026,42,A03,cross-session,AdaBN
191,16,1,0.0003671250001389126,42,A03,cross-session,AdaBN
192,16,0,0.0003849299998819333,42,A03,cross-session,AdaBN
193,16,1,0.0003488029999516584,42,A03,cross-session,AdaBN
194,16,1,0.00038231200005611754,42,A03,cross-session,AdaBN
195,16,0,0.0003618759999426402,42,A03,cross-session,AdaBN
196,16,0,0.00038417400014623126,42,A03,cross-session,AdaBN
197,16,1,0.00036981199991714675,42,A03,cross-session,AdaBN
198,16,0,0.0003492390001156309,42,A03,cross-session,AdaBN
199,16,1,0.00042976300005648227,42,A03,cross-session,AdaBN
200,16,0,0.0005904659999487194,42,A03,cross-session,AdaBN
201,16,1,0.0003791330000240123,42,A03,cross-session,AdaBN
202,16,1,0.0004065660000378557,42,A03,cross-session,AdaBN
203,16,1,0.00037661099986507907,42,A03,cross-session,AdaBN
204,16,1,0.0003698509999594535,42,A03,cross-session,AdaBN
205,16,1,0.00035851600000569306,42,A03,cross-session,AdaBN
206,16,0,0.0003686610000386281,42,A03,cross-session,AdaBN
207,16,1,0.00037698599999203,42,A03,cross-session,AdaBN
208,16,0,0.0003974329999891779,42,A03,cross-session,AdaBN
209,16,0,0.00038141799996083137,42,A03,cross-session,AdaBN
210,16,1,0.00038879099997757294,42,A03,cross-session,AdaBN
211,16,1,0.00047447799988731276,42,A03,cross-session,AdaBN
212,16,1,0.00042661899988161167,42,A03,cross-session,AdaBN
213,16,1,0.0004148190000705654,42,A03,cross-session,AdaBN
214,16,1,0.00036998599989601644,42,A03,cross-session,AdaBN
215,16,0,0.0003539560000263009,42,A03,cross-session,AdaBN
216,16,1,0.00040997899986905395,42,A03,cross-session,AdaBN
217,16,1,0.00035624800011646585,42,A03,cross-session,AdaBN
218,16,1,0.00036533599995891564,42,A03,cross-session,AdaBN
219,16,0,0.00039360599998872203,42,A03,cross-session,AdaBN
220,16,1,0.00037186100007602363,42,A03,cross-session,AdaBN
221,16,1,0.0004299830000036309,42,A03,cross-session,AdaBN
222,16,1,0.0004718970001249545,42,A03,cross-session,AdaBN
223,16,1,0.0003705569999965519,42,A03,cross-session,AdaBN
224,16,0,0.000371934999975565,42,A03,cross-session,AdaBN
225,16,0,0.0003665740000542428,42,A03,cross-session,AdaBN
226,16,1,0.0003607599999213562,42,A03,cross-session,AdaBN
227,16,1,0.0003931149999516492,42,A03,cross-session,AdaBN
228,16,1,0.0003616469998632965,42,A03,cross-session,AdaBN
229,16,0,0.0003704499999912514,42,A03,cross-session,AdaBN
230,16,1,0.0003897669998877973,42,A03,cross-session,AdaBN
231,16,1,0.0003660689999378519,42,A03,cross-session,AdaBN
232,16,0,0.0004378189998988091,42,A03,cross-session,AdaBN
233,16,1,0.0005104940000819624,42,A03,cross-session,AdaBN
234,16,1,0.0003641740001967264,42,A03,cross-session,AdaBN
235,16,1,0.0004109069998321502,42,A03,cross-session,AdaBN
236,16,1,0.0003759710000394989,42,A03,cross-session,AdaBN
237,16,1,0.00035433199991530273,42,A03,cross-session,AdaBN
238,16,1,0.0003932319998511957,42,A03,cross-session,AdaBN
239,16,0,0.00036149300012766616,42,A03,cross-session,AdaBN
240,16,0,0.0003657409999959782,42,A03,cross-session,AdaBN
241,16,1,0.0003857030001199746,42,A03,cross-session,AdaBN
242,16,1,0.0003571140000531159,42,A03,cross-session,AdaBN
243,16,0,0.0004369379998934164,42,A03,cross-session,AdaBN
244,16,1,0.0004466200000479148,42,A03,cross-session,AdaBN
245,16,1,0.0004113939999115246,42,A03,cross-session,AdaBN
246,16,1,0.00039851800011092564,42,A03,cross-session,AdaBN
247,16,1,0.00035619200002656726,42,A03,cross-session,AdaBN
248,16,0,0.00036510400013867184,42,A03,cross-session,AdaBN
249,16,1,0.00039842099999987113,42,A03,cross-session,AdaBN
250,16,1,0.0003558360001534311,42,A03,cross-session,AdaBN
251,16,1,0.000362920000043232,42,A03,cross-session,AdaBN
252,16,1,0.00037903300017205765,42,A03,cross-session,AdaBN
253,16,1,0.000376297999991948,42,A03,cross-session,AdaBN
254,16,1,0.000432830000136164,42,A03,cross-session,AdaBN
255,16,1,0.0004727430000457389,42,A03,cross-session,AdaBN
256,16,1,0.0003705000001446024,42,A03,cross-session,AdaBN
257,16,1,0.0003849419999824022,42,A03,cross-session,AdaBN
258,16,1,0.00038976600012574636,42,A03,cross-session,AdaBN
259,16,1,0.0003601139999318548,42,A03,cross-session,AdaBN
260,16,0,0.000401540999973804,42,A03,cross-session,AdaBN
261,16,1,0.00036526899998534645,42,A03,cross-session,AdaBN
262,16,1,0.00036053400003766,42,A03,cross-session,AdaBN
263,16,1,0.0004011430000900873,42,A03,cross-session,AdaBN
264,16,1,0.0003592130001379701,42,A03,cross-session,AdaBN
265,16,1,0.0004458860000795539,42,A03,cross-session,AdaBN
266,16,1,0.0004357739999250043,42,A03,cross-session,AdaBN
267,16,1,0.00036910099993292533,42,A03,cross-session,AdaBN
268,16,0,0.00036622299990085594,42,A03,cross-session,AdaBN
269,16,1,0.0003566249999948923,42,A03,cross-session,AdaBN
270,16,1,0.0003578899998046836,42,A03,cross-session,AdaBN
271,16,1,0.00041716200007613224,42,A03,cross-session,AdaBN
272,16,1,0.0003696000001127686,42,A03,cross-session,AdaBN
273,16,1,0.00035127599994666525,42,A03,cross-session,AdaBN
274,16,1,0.0003759109999919019,42,A03,cross-session,AdaBN
275,16,1,0.00042563399983919226,42,A03,cross-session,AdaBN
276,16,1,0.0004193540000869689,42,A03,cross-session,AdaBN
277,16,0,0.00039496400017924316,42,A03,cross-session,AdaBN
278,16,1,0.00036256299995329755,42,A03,cross-session,AdaBN
279,16,1,0.00035729199998968397,42,A03,cross-session,AdaBN
280,16,1,0.0004082360001120833,42,A03,cross-session,AdaBN
281,16,0,0.00042694900002970826,42,A03,cross-session,AdaBN
282,16,0,0.00041136200002256373,42,A03,cross-session,AdaBN
283,16,0,0.00039055699994605675,42,A03,cross-session,AdaBN
284,16,0,0.00036782600000151433,42,A03,cross-session,AdaBN
285,16,0,0.00039645900005780277,42,A03,cross-session,AdaBN
286,16,1,0.000449775000106456,42,A03,cross-session,AdaBN
287,16,1,0.00044061100015824195,42,A03,cross-session,AdaBN
0,1,1,0.001213288999906581,42,A04,cross-session,AdaBN
1,2,0,0.0013591040001301735,42,A04,cross-session,AdaBN
2,3,1,0.0013383049999902141,42,A04,cross-session,AdaBN
3,4,0,0.0012115640001866268,42,A04,cross-session,AdaBN
4,5,0,0.000895416000048499,42,A04,cross-session,AdaBN
5,6,0,0.0009096999999655964,42,A04,cross-session,AdaBN
6,7,0,0.0009075990001292666,42,A04,cross-session,AdaBN
7,8,0,0.0008691830000771006,42,A04,cross-session,AdaBN
8,9,0,0.0008983830000488524,42,A04,cross-session,AdaBN
9,10,1,0.0008805449999726989,42,A04,cross-session,AdaBN
10,11,0,0.0008003570001164917,42,A04,cross-session,AdaBN
11,12,1,0.0007479169998987345,42,A04,cross-session,AdaBN
12,13,0,0.0007567299999209354,42,A04,cross-session,AdaBN
13,14,1,0.000747386999819355,42,A04,cross-session,AdaBN
14,15,1,0.0007525890000579238,42,A04,cross-session,AdaBN
15,16,1,0.000760136999815586,42,A04,cross-session,AdaBN
16,16,0,0.0007617379999373952,42,A04,cross-session,AdaBN
17,16,0,0.0007517609999467822,42,A04,cross-session,AdaBN
18,16,0,0.0007536149998941255,42,A04,cross-session,AdaBN
19,16,0,0.0008079300000645162,42,A04,cross-session,AdaBN
20,16,0,0.0007690919999276957,42,A04,cross-session,AdaBN
21,16,0,0.0008058129999426455,42,A04,cross-session,AdaBN
22,16,1,0.0004972919998635916,42,A04,cross-session,AdaBN
23,16,1,0.0004311150000830821,42,A04,cross-session,AdaBN
24,16,1,0.00045932500006529153,42,A04,cross-session,AdaBN
25,16,1,0.0005257840000467695,42,A04,cross-session,AdaBN
26,16,1,0.0004567559999486548,42,A04,cross-session,AdaBN
27,16,0,0.0004405820000101812,42,A04,cross-session,AdaBN
28,16,0,0.000393800999972882,42,A04,cross-session,AdaBN
29,16,1,0.00047359299992422166,42,A04,cross-session,AdaBN
30,16,0,0.0004892269998890697,42,A04,cross-session,AdaBN
31,16,1,0.0004968000000644679,42,A04,cross-session,AdaBN
32,16,1,0.0004993520001335128,42,A04,cross-session,AdaBN
33,16,0,0.0004198059998543613,42,A04,cross-session,AdaBN
34,16,1,0.0004454669999631733,42,A04,cross-session,AdaBN
35,16,0,0.0006985279999298655,42,A04,cross-session,AdaBN
36,16,1,0.0006660030001057748,42,A04,cross-session,AdaBN
37,16,1,0.0006291390000114916,42,A04,cross-session,AdaBN
38,16,0,0.0005342289998679917,42,A04,cross-session,AdaBN
39,16,1,0.0005037939999965602,42,A04,cross-session,AdaBN
40,16,0,0.0003976499999680527,42,A04,cross-session,AdaBN
41,16,1,0.0004045149999001296,42,A04,cross-session,AdaBN
42,16,1,0.00048560599998381804,42,A04,cross-session,AdaBN
43,16,1,0.00038031700000829005,42,A04,cross-session,AdaBN
44,16,1,0.0005746169999838457,42,A04,cross-session,AdaBN
45,16,1,0.0005534960000659339,42,A04,cross-session,AdaBN
46,16,0,0.0005458980001549207,42,A04,cross-session,AdaBN
47,16,1,0.000732319999997344,42,A04,cross-session,AdaBN
48,16,1,0.0005022269999699347,42,A04,cross-session,AdaBN
49,16,1,0.0004495499999848107,42,A04,cross-session,AdaBN
50,16,1,0.00044774900015909225,42,A04,cross-session,AdaBN
51,16,1,0.00040719700018598814,42,A04,cross-session,AdaBN
52,16,1,0.00046771900019848545,42,A04,cross-session,AdaBN
53,16,0,0.00043283799982418714,42,A04,cross-session,AdaBN
54,16,0,0.00043978500002594956,42,A04,cross-session,AdaBN
55,16,1,0.0005528150002191978,42,A04,cross-session,AdaBN
56,16,0,0.0004973830000380985,42,A04,cross-session,AdaBN
57,16,0,0.0005736040000101639,42,A04,cross-session,AdaBN
58,16,0,0.00042734699991342495,42,A04,cross-session,AdaBN
59,16,1,0.0004294020000088494,42,A04,cross-session,AdaBN
60,16,0,0.0003753590001451812,42,A04,cross-session,AdaBN
61,16,1,0.00040256199986288266,42,A04,cross-session,AdaBN
62,16,0,0.00045262799994816305,42,A04,cross-session,AdaBN
63,16,1,0.00037678400008189783,42,A04,cross-session,AdaBN
64,16,1,0.000506839999843578,42,A04,cross-session,AdaBN
65,16,0,0.00046688600014022086,42,A04,cross-session,AdaBN
66,16,1,0.0004216520001136814,42,A04,cross-session,AdaBN
67,16,0,0.0004310350000196195,42,A04,cross-session,AdaBN
68,16,1,0.00037760100008199515,42,A04,cross-session,AdaBN
69,16,1,0.00041439999995418475,42,A04,cross-session,AdaBN
70,16,0,0.00037427899997055647,42,A04,cross-session,AdaBN
71,16,1,0.00039076600000953476,42,A04,cross-session,AdaBN
72,16,0,0.0003927940001631214,42,A04,cross-session,AdaBN
73,16,0,0.00037635899980159593,42,A04,cross-session,AdaBN
74,16,1,0.00045452399990608683,42,A04,cross-session,AdaBN
75,16,0,0.0004001639999842155,42,A04,cross-session,AdaBN
76,16,1,0.0004344410001522192,42,A04,cross-session,AdaBN
77,16,1,0.00046060499994382553,42,A04,cross-session,AdaBN
78,16,0,0.0003627510000114853,42,A04,cross-session,AdaBN
79,16,1,0.00036494100004347274,42,A04,cross-session,AdaBN
80,16,1,0.0003583269999580807,42,A04,cross-session,AdaBN
81,16,0,0.0003705520000494289,42,A04,cross-session,AdaBN
82,16,0,0.00037986200004525017,42,A04,cross-session,AdaBN
83,16,0,0.00039280900000449037,42,A04,cross-session,AdaBN
84,16,0,0.00039370500007862574,42,A04,cross-session,AdaBN
85,16,1,0.00037789999987580813,42,A04,cross-session,AdaBN
86,16,0,0.0003636950000327488,42,A04,cross-session,AdaBN
87,16,0,0.0003606579998631787,42,A04,cross-session,AdaBN
88,16,1,0.00043504199993549264,42,A04,cross-session,AdaBN
89,16,0,0.000459143999933076,42,A04,cross-session,AdaBN
90,16,1,0.0003706759998749476,42,A04,cross-session,AdaBN
91,16,0,0.0004265410000243719,42,A04,cross-session,AdaBN
92,16,0,0.00036278499987929536,42,A04,cross-session,AdaBN
93,16,0,0.0003913489999831654,42,A04,cross-session,AdaBN
94,16,1,0.0004272640001090622,42,A04,cross-session,AdaBN
95,16,0,0.0003636899998582521,42,A04,cross-session,AdaBN
96,16,0,0.0004412020000472694,42,A04,cross-session,AdaBN
97,16,1,0.0003813890000401443,42,A04,cross-session,AdaBN
98,16,1,0.00036749099990629475,42,A04,cross-session,AdaBN
99,16,0,0.0004166520000126184,42,A04,cross-session,AdaBN
100,16,1,0.0004286460000457737,42,A04,cross-session,AdaBN
101,16,1,0.0004349870000623923,42,A04,cross-session,AdaBN
102,16,0,0.00038075999987086107,42,A04,cross-session,AdaBN
103,16,1,0.0003651439999430295,42,A04,cross-session,AdaBN
104,16,0,0.00040837899996404303,42,A04,cross-session,AdaBN
105,16,0,0.000363632000016878,42,A04,cross-session,AdaBN
106,16,1,0.00038463999999294174,42,A04,cross-session,AdaBN
107,16,0,0.0003585629999633966,42,A04,cross-session,AdaBN
108,16,1,0.0003607609999107808,42,A04,cross-session,AdaBN
109,16,0,0.0003688420001708437,42,A04,cross-session,AdaBN
110,16,0,0.00042408200010868313,42,A04,cross-session,AdaBN
111,16,1,0.0004314630000408215,42,A04,cross-session,AdaBN
112,16,0,0.0004287940000722301,42,A04,cross-session,AdaBN
113,16,0,0.00035913699980483216,42,A04,cross-session,AdaBN
114,16,0,0.0004105400000753434,42,A04,cross-session,AdaBN
115,16,1,0.0003603109998948639,42,A04,cross-session,AdaBN
116,16,0,0.00037430299994412053,42,A04,cross-session,AdaBN
117,16,0,0.0004033709999475832,42,A04,cross-session,AdaBN
118,16,0,0.0003589460000057443,42,A04,cross-session,AdaBN
119,16,0,0.0003839959999822895,42,A04,cross-session,AdaBN
120,16,0,0.000384776000146303,42,A04,cross-session,AdaBN
121,16,1,0.00036134500010120973,42,A04,cross-session,AdaBN
122,16,1,0.00045488199998544587,42,A04,cross-session,AdaBN
123,16,1,0.0004294240000035643,42,A04,cross-session,AdaBN
124,16,0,0.0003934229998776573,42,A04,cross-session,AdaBN
125,16,0,0.00038375400004042604,42,A04,cross-session,AdaBN
126,16,1,0.00035166200018466043,42,A04,cross-session,AdaBN
127,16,1,0.00041112799999609706,42,A04,cross-session,AdaBN
128,16,1,0.0003584890000638552,42,A04,cross-session,AdaBN
129,16,1,0.0003706510001393326,42,A04,cross-session,AdaBN
130,16,0,0.00038042699998186436,42,A04,cross-session,AdaBN
131,16,0,0.0003616679998685868,42,A04,cross-session,AdaBN
132,16,0,0.0004055100000641687,42,A04,cross-session,AdaBN
133,16,0,0.00037246900001264294,42,A04,cross-session,AdaBN
134,16,1,0.0004331110001203342,42,A04,cross-session,AdaBN
135,16,1,0.0004789330000676273,42,A04,cross-session,AdaBN
136,16,1,0.0003786390000186657,42,A04,cross-session,AdaBN
137,16,0,0.0006899390000398853,42,A04,cross-session,AdaBN
138,16,1,0.0004473369999686838,42,A04,cross-session,AdaBN
139,16,1,0.00037040600000182167,42,A04,cross-session,AdaBN
140,16,1,0.00045948999991196615,42,A04,cross-session,AdaBN
141,16,0,0.0003944890002003376,42,A04,cross-session,AdaBN
142,16,0,0.00036195300003782904,42,A04,cross-session,AdaBN
143,16,1,0.00045308999983717513,42,A04,cross-session,AdaBN
144,16,1,0.00048148900009437057,42,A04,cross-session,AdaBN
145,16,1,0.000436835000073188,42,A04,cross-session,AdaBN
146,16,1,0.0004190770000604971,42,A04,cross-session,AdaBN
147,16,1,0.0003626639997946768,42,A04,cross-session,AdaBN
148,16,0,0.0003702149999753601,42,A04,cross-session,AdaBN
149,16,0,0.0003920670001207327,42,A04,cross-session,AdaBN
150,16,0,0.00037634000000252854,42,A04,cross-session,AdaBN
151,16,1,0.00042768799994519213,42,A04,cross-session,AdaBN
152,16,0,0.0003816729999925883,42,A04,cross-session,AdaBN
153,16,0,0.00036293000016485166,42,A04,cross-session,AdaBN
154,16,1,0.0005042190000494884,42,A04,cross-session,AdaBN
155,16,1,0.0004927509999106405,42,A04,cross-session,AdaBN
156,16,0,0.0004379459999199753,42,A04,cross-session,AdaBN
157,16,0,0.0005073889999493986,42,A04,cross-session,AdaBN
158,16,0,0.0003918469999462104,42,A04,cross-session,AdaBN
159,16,0,0.000423221999881207,42,A04,cross-session,AdaBN
160,16,1,0.0003984909999417141,42,A04,cross-session,AdaBN
161,16,0,0.0003929589997824223,42,A04,cross-session,AdaBN
162,16,0,0.0004108240000277874,42,A04,cross-session,AdaBN
163,16,0,0.0004000379999524739,42,A04,cross-session,AdaBN
164,16,0,0.0003881879999880766,42,A04,cross-session,AdaBN
165,16,0,0.00040510100006940775,42,A04,cross-session,AdaBN
166,16,0,0.0004513700000643439,42,A04,cross-session,AdaBN
167,16,1,0.0004071799999110226,42,A04,cross-session,AdaBN
168,16,1,0.0004082380000909325,42,A04,cross-session,AdaBN
169,16,1,0.00041610400012359605,42,A04,cross-session,AdaBN
170,16,0,0.00035742499994739774,42,A04,cross-session,AdaBN
171,16,1,0.0004142549998960021,42,A04,cross-session,AdaBN
172,16,0,0.0003701709999859304,42,A04,cross-session,AdaBN
173,16,1,0.0003799050000452553,42,A04,cross-session,AdaBN
174,16,0,0.00042385899996588705,42,A04,cross-session,AdaBN
175,16,1,0.00037374299995462934,42,A04,cross-session,AdaBN
176,16,1,0.0003832040001725545,42,A04,cross-session,AdaBN
177,16,0,0.00044785700015381735,42,A04,cross-session,AdaBN
178,16,0,0.0004376759998194757,42,A04,cross-session,AdaBN
179,16,0,0.00039543200000480283,42,A04,cross-session,AdaBN
180,16,1,0.0003817760000401904,42,A04,cross-session,AdaBN
181,16,0,0.00035895899986826407,42,A04,cross-session,AdaBN
182,16,0,0.00038059400003476185,42,A04,cross-session,AdaBN
183,16,1,0.00039076400003068557,42,A04,cross-session,AdaBN
184,16,1,0.00036014099987369264,42,A04,cross-session,AdaBN
185,16,1,0.0006968539998979395,42,A04,cross-session,AdaBN
186,16,0,0.00047929900006238313,42,A04,cross-session,AdaBN
187,16,1,0.0004182750001291424,42,A04,cross-session,AdaBN
188,16,1,0.00043062399981863564,42,A04,cross-session,AdaBN
189,16,1,0.00038491600002998894,42,A04,cross-session,AdaBN
190,16,0,0.0003688869999223243,42,A04,cross-session,AdaBN
191,16,1,0.0004079489999639918,42,A04,cross-session,AdaBN
192,16,0,0.0004136000000016793,42,A04,cross-session,AdaBN
193,16,1,0.0003684010000597482,42,A04,cross-session,AdaBN
194,16,0,0.00042495699995015457,42,A04,cross-session,AdaBN
195,16,0,0.0003892920001362654,42,A04,cross-session,AdaBN
196,16,0,0.000353994000079183,42,A04,cross-session,AdaBN
197,16,0,0.00040338200005862745,42,A04,cross-session,AdaBN
198,16,0,0.000459506999959558,42,A04,cross-session,AdaBN
199,16,0,0.00041727600000740495,42,A04,cross-session,AdaBN
200,16,0,0.0004712919999292353,42,A04,cross-session,AdaBN
201,16,0,0.00037417699991237896,42,A04,cross-session,AdaBN
202,16,1,0.0003807419998338446,42,A04,cross-session,AdaBN
203,16,0,0.000400595000201065,42,A04,cross-session,AdaBN
204,16,0,0.000362311999879239,42,A04,cross-session,AdaBN
205,16,1,0.00037966699983371655,42,A04,cross-session,AdaBN
206,16,1,0.00040249700009553635,42,A04,cross-session,AdaBN
207,16,0,0.0003655719999642315,42,A04,cross-session,AdaBN
208,16,0,0.00037108500009708223,42,A04,cross-session,AdaBN
209,16,1,0.0004679469998336572,42,A04,cross-session,AdaBN
210,16,1,0.00045124000007490395,42,A04,cross-session,AdaBN
211,16,1,0.0004004770000847202,42,A04,cross-session,AdaBN
212,16,1,0.000386419000051319,42,A04,cross-session,AdaBN
213,16,1,0.00035829000012199685,42,A04,cross-session,AdaBN
214,16,0,0.00042671899996094,42,A04,cross-session,AdaBN
215,16,1,0.0003954479998355964,42,A04,cross-session,AdaBN
216,16,1,0.0003585530000691506,42,A04,cross-session,AdaBN
217,16,0,0.00041178700007549196,42,A04,cross-session,AdaBN
218,16,1,0.00039647699986744556,42,A04,cross-session,AdaBN
219,16,0,0.0004213820000131818,42,A04,cross-session,AdaBN
220,16,1,0.0004512209998210892,42,A04,cross-session,AdaBN
221,16,1,0.0003872010001941817,42,A04,cross-session,AdaBN
222,16,1,0.0003630670000802638,42,A04,cross-session,AdaBN
223,16,1,0.000437766000004558,42,A04,cross-session,AdaBN
224,16,1,0.00037744299993391905,42,A04,cross-session,AdaBN
225,16,1,0.00042103800001314085,42,A04,cross-session,AdaBN
226,16,0,0.0005025870000281429,42,A04,cross-session,AdaBN
227,16,0,0.00041513099995427183,42,A04,cross-session,AdaBN
228,16,1,0.00041943099995478406,42,A04,cross-session,AdaBN
229,16,1,0.0004705329999978858,42,A04,cross-session,AdaBN
230,16,0,0.0004780499998560117,42,A04,cross-session,AdaBN
231,16,0,0.000430184999913763,42,A04,cross-session,AdaBN
232,16,1,0.00040797099995870667,42,A04,cross-session,AdaBN
233,16,1,0.00041583799998079485,42,A04,cross-session,AdaBN
234,16,0,0.00039193100019474514,42,A04,cross-session,AdaBN
235,16,1,0.0003974310000103287,42,A04,cross-session,AdaBN
236,16,1,0.0003594579998207337,42,A04,cross-session,AdaBN
237,16,0,0.0004003080000529735,42,A04,cross-session,AdaBN
238,16,0,0.00038220400006139243,42,A04,cross-session,AdaBN
239,16,0,0.00038523300008819206,42,A04,cross-session,AdaBN
240,16,1,0.0004297079999560083,42,A04,cross-session,AdaBN
241,16,1,0.00046993199998723867,42,A04,cross-session,AdaBN
242,16,0,0.00045621999993272766,42,A04,cross-session,AdaBN
243,16,0,0.0004529200000433775,42,A04,cross-session,AdaBN
244,16,0,0.00038268700018306845,42,A04,cross-session,AdaBN
245,16,1,0.00035254399995210406,42,A04,cross-session,AdaBN
246,16,1,0.00041972399981204944,42,A04,cross-session,AdaBN
247,16,0,0.00036343500005386886,42,A04,cross-session,AdaBN
248,16,0,0.0003634619999957067,42,A04,cross-session,AdaBN
249,16,0,0.00044322300004751014,42,A04,cross-session,AdaBN
250,16,0,0.0003690390001338528,42,A04,cross-session,AdaBN
251,16,1,0.00043972299999950337,42,A04,cross-session,AdaBN
252,16,0,0.00044444099989959795,42,A04,cross-session,AdaBN
253,16,0,0.0003582819999792264,42,A04,cross-session,AdaBN
254,16,0,0.0003725429999121843,42,A04,cross-session,AdaBN
255,16,0,0.00037133900013941457,42,A04,cross-session,AdaBN
256,16,1,0.0003510379999625002,42,A04,cross-session,AdaBN
257,16,1,0.00041505700005473045,42,A04,cross-session,AdaBN
258,16,1,0.00039397099999405327,42,A04,cross-session,AdaBN
259,16,0,0.0003729289999228058,42,A04,cross-session,AdaBN
260,16,1,0.000391335000131221,42,A04,cross-session,AdaBN
261,16,1,0.00036365100004331907,42,A04,cross-session,AdaBN
262,16,0,0.00042951699992954673,42,A04,cross-session,AdaBN
263,16,0,0.00047330999996120227,42,A04,cross-session,AdaBN
264,16,1,0.0003809029999501945,42,A04,cross-session,AdaBN
265,16,1,0.0003725280000708153,42,A04,cross-session,AdaBN
266,16,1,0.0004136430000016844,42,A04,cross-session,AdaBN
267,16,0,0.0003531120000843657,42,A04,cross-session,AdaBN
268,16,1,0.00037351000014496094,42,A04,cross-session,AdaBN
269,16,0,0.00039859699995759,42,A04,cross-session,AdaBN
270,16,0,0.00035160099992026517,42,A04,cross-session,AdaBN
271,16,1,0.00038619599990852294,42,A04,cross-session,AdaBN
272,16,0,0.0003878039999563043,42,A04,cross-session,AdaBN
273,16,1,0.000401745000090159,42,A04,cross-session,AdaBN
274,16,0,0.00044323499992060533,42,A04,cross-session,AdaBN
275,16,0,0.0003998110000793531,42,A04,cross-session,AdaBN
276,16,0,0.000352733999989141,42,A04,cross-session,AdaBN
277,16,1,0.0004212970000025962,42,A04,cross-session,AdaBN
278,16,0,0.00039570300009472703,42,A04,cross-session,AdaBN
279,16,1,0.0003663999998479994,42,A04,cross-session,AdaBN
280,16,0,0.00039955900001586997,42,A04,cross-session,AdaBN
281,16,1,0.00035642800003188313,42,A04,cross-session,AdaBN
282,16,0,0.0003707189998749527,42,A04,cross-session,AdaBN
283,16,0,0.00047874500000943954,42,A04,cross-session,AdaBN
284,16,1,0.00045999200006008323,42,A04,cross-session,AdaBN
285,16,0,0.00036389699994288094,42,A04,cross-session,AdaBN
286,16,0,0.0004020680000849097,42,A04,cross-session,AdaBN
287,16,1,0.0003647470000487374,42,A04,cross-session,AdaBN
0,1,1,0.0011039680000521912,42,A05,cross-session,AdaBN
1,2,0,0.0009065389999705076,42,A05,cross-session,AdaBN
2,3,0,0.0008623660000921518,42,A05,cross-session,AdaBN
3,4,1,0.0008553610000490153,42,A05,cross-session,AdaBN
4,5,0,0.0008276000000932981,42,A05,cross-session,AdaBN
5,6,0,0.0008232000000134576,42,A05,cross-session,AdaBN
6,7,1,0.000839441999914925,42,A05,cross-session,AdaBN
7,8,0,0.0008488920000218059,42,A05,cross-session,AdaBN
8,9,1,0.0008439829998678761,42,A05,cross-session,AdaBN
9,10,0,0.0008750239999244513,42,A05,cross-session,AdaBN
10,11,0,0.0008157569998274994,42,A05,cross-session,AdaBN
11,12,0,0.0007244739999805461,42,A05,cross-session,AdaBN
12,13,0,0.0007080499999574386,42,A05,cross-session,AdaBN
13,14,0,0.0006956349998290534,42,A05,cross-session,AdaBN
14,15,0,0.0006778130000384408,42,A05,cross-session,AdaBN
15,16,0,0.0007266000000072381,42,A05,cross-session,AdaBN
16,16,0,0.000689415999886478,42,A05,cross-session,AdaBN
17,16,0,0.0007066499999837106,42,A05,cross-session,AdaBN
18,16,0,0.0007355389998338069,42,A05,cross-session,AdaBN
19,16,0,0.0007125340000584401,42,A05,cross-session,AdaBN
20,16,1,0.0007213280000542,42,A05,cross-session,AdaBN
21,16,1,0.0005773020000106044,42,A05,cross-session,AdaBN
22,16,0,0.0004328509999140806,42,A05,cross-session,AdaBN
23,16,1,0.0005461289999857399,42,A05,cross-session,AdaBN
24,16,0,0.0005686150000201451,42,A05,cross-session,AdaBN
25,16,0,0.00041954199991778296,42,A05,cross-session,AdaBN
26,16,0,0.00047950999987733667,42,A05,cross-session,AdaBN
27,16,1,0.00043165700003555685,42,A05,cross-session,AdaBN
28,16,1,0.00044807900007981516,42,A05,cross-session,AdaBN
29,16,0,0.0004495600001064304,42,A05,cross-session,AdaBN
30,16,0,0.00045230399996398774,42,A05,cross-session,AdaBN
31,16,0,0.0005538190000606846,42,A05,cross-session,AdaBN
32,16,0,0.000451478000059069,42,A05,cross-session,AdaBN
33,16,0,0.000504648000060115,42,A05,cross-session,AdaBN
34,16,1,0.0005373009998947964,42,A05,cross-session,AdaBN
35,16,0,0.0006883210000978579,42,A05,cross-session,AdaBN
36,16,0,0.0006563269998878241,42,A05,cross-session,AdaBN
37,16,0,0.00047410100000888633,42,A05,cross-session,AdaBN
38,16,0,0.00048055599995677767,42,A05,cross-session,AdaBN
39,16,0,0.00042888000007224036,42,A05,cross-session,AdaBN
40,16,0,0.00040276700019603595,42,A05,cross-session,AdaBN
41,16,0,0.000437217999888162,42,A05,cross-session,AdaBN
42,16,0,0.00044593200004783284,42,A05,cross-session,AdaBN
43,16,1,0.0005162300001302356,42,A05,cross-session,AdaBN
44,16,0,0.0006778270001177589,42,A05,cross-session,AdaBN
45,16,1,0.0004354539998985274,42,A05,cross-session,AdaBN
46,16,0,0.00044089699986216146,42,A05,cross-session,AdaBN
47,16,0,0.0004527460000645078,42,A05,cross-session,AdaBN
48,16,0,0.000446901000032085,42,A05,cross-session,AdaBN
49,16,0,0.0003862829998979578,42,A05,cross-session,AdaBN
50,16,1,0.0004689239999606798,42,A05,cross-session,AdaBN
51,16,0,0.0003618270000060875,42,A05,cross-session,AdaBN
52,16,0,0.000417788000049768,42,A05,cross-session,AdaBN
53,16,1,0.0004543299999113515,42,A05,cross-session,AdaBN
54,16,0,0.0004539359999853332,42,A05,cross-session,AdaBN
55,16,1,0.0005424020000646124,42,A05,cross-session,AdaBN
56,16,0,0.0005019729999276024,42,A05,cross-session,AdaBN
57,16,0,0.00044393500002115616,42,A05,cross-session,AdaBN
58,16,0,0.0005805089999739721,42,A05,cross-session,AdaBN
59,16,0,0.0004910140000902175,42,A05,cross-session,AdaBN
60,16,0,0.00058197399994242,42,A05,cross-session,AdaBN
61,16,0,0.0003983650001373462,42,A05,cross-session,AdaBN
62,16,1,0.00046114800011309853,42,A05,cross-session,AdaBN
63,16,0,0.0005239419999725214,42,A05,cross-session,AdaBN
64,16,0,0.0004445319998467312,42,A05,cross-session,AdaBN
65,16,1,0.0004464659998575371,42,A05,cross-session,AdaBN
66,16,0,0.0003950520001581026,42,A05,cross-session,AdaBN
67,16,0,0.00045643299995390407,42,A05,cross-session,AdaBN
68,16,0,0.00037450600007105095,42,A05,cross-session,AdaBN
69,16,0,0.00036631400007536286,42,A05,cross-session,AdaBN
70,16,0,0.0004045530001803854,42,A05,cross-session,AdaBN
71,16,0,0.0003634660001807788,42,A05,cross-session,AdaBN
72,16,1,0.0004324500000620901,42,A05,cross-session,AdaBN
73,16,1,0.00036471999987952586,42,A05,cross-session,AdaBN
74,16,0,0.000494806000006065,42,A05,cross-session,AdaBN
75,16,0,0.0003997670000899234,42,A05,cross-session,AdaBN
76,16,1,0.00039774099991518597,42,A05,cross-session,AdaBN
77,16,1,0.00042430300004525634,42,A05,cross-session,AdaBN
78,16,1,0.0003894169999512087,42,A05,cross-session,AdaBN
79,16,0,0.0004333419999511534,42,A05,cross-session,AdaBN
80,16,1,0.00038309199999275734,42,A05,cross-session,AdaBN
81,16,1,0.0003944059999412275,42,A05,cross-session,AdaBN
82,16,0,0.00037383500011856086,42,A05,cross-session,AdaBN
83,16,0,0.0003514239999731217,42,A05,cross-session,AdaBN
84,16,0,0.0004347409999354568,42,A05,cross-session,AdaBN
85,16,1,0.0003770710000026156,42,A05,cross-session,AdaBN
86,16,1,0.0004178709998541308,42,A05,cross-session,AdaBN
87,16,0,0.0004645810001875361,42,A05,cross-session,AdaBN
88,16,0,0.00037594299988086277,42,A05,cross-session,AdaBN
89,16,1,0.0004235029998653772,42,A05,cross-session,AdaBN
90,16,1,0.0004060220001065318,42,A05,cross-session,AdaBN
91,16,0,0.00036632299998018425,42,A05,cross-session,AdaBN
92,16,1,0.0004105999998955667,42,A05,cross-session,AdaBN
93,16,0,0.00036505999992186844,42,A05,cross-session,AdaBN
94,16,0,0.00036650099991675233,42,A05,cross-session,AdaBN
95,16,0,0.00037279100001796905,42,A05,cross-session,AdaBN
96,16,0,0.00038696599995091674,42,A05,cross-session,AdaBN
97,16,1,0.0004054829998949572,42,A05,cross-session,AdaBN
98,16,1,0.00035707000006368617,42,A05,cross-session,AdaBN
99,16,0,0.0003719389999332634,42,A05,cross-session,AdaBN
100,16,0,0.0004215030000978004,42,A05,cross-session,AdaBN
101,16,0,0.0003838220000034198,42,A05,cross-session,AdaBN
102,16,0,0.00038562400004593655,42,A05,cross-session,AdaBN
103,16,0,0.00037140300014470995,42,A05,cross-session,AdaBN
104,16,0,0.0003552939999735827,42,A05,cross-session,AdaBN
105,16,0,0.0004015299998627597,42,A05,cross-session,AdaBN
106,16,0,0.0003872089998822048,42,A05,cross-session,AdaBN
107,16,1,0.0003585550000479998,42,A05,cross-session,AdaBN
108,16,0,0.0003921239999726822,42,A05,cross-session,AdaBN
109,16,0,0.0003674100000807812,42,A05,cross-session,AdaBN
110,16,1,0.0004021920001378021,42,A05,cross-session,AdaBN
111,16,1,0.0003935180000098626,42,A05,cross-session,AdaBN
112,16,0,0.00047308500006693066,42,A05,cross-session,AdaBN
113,16,0,0.0003988860000845307,42,A05,cross-session,AdaBN
114,16,0,0.0003576239998892561,42,A05,cross-session,AdaBN
115,16,1,0.0004236269999182696,42,A05,cross-session,AdaBN
116,16,1,0.0003675090001706849,42,A05,cross-session,AdaBN
117,16,1,0.0003643590000592667,42,A05,cross-session,AdaBN
118,16,1,0.0004809050001313153,42,A05,cross-session,AdaBN
119,16,1,0.0003673960000014631,42,A05,cross-session,AdaBN
120,16,0,0.0004137560001709062,42,A05,cross-session,AdaBN
121,16,0,0.0004049140000006446,42,A05,cross-session,AdaBN
122,16,0,0.0003678489999856538,42,A05,cross-session,AdaBN
123,16,0,0.000469344000066485,42,A05,cross-session,AdaBN
124,16,0,0.00046555700009776046,42,A05,cross-session,AdaBN
125,16,1,0.00040553799999543116,42,A05,cross-session,AdaBN
126,16,0,0.00045727199994871626,42,A05,cross-session,AdaBN
127,16,0,0.0003532489999997779,42,A05,cross-session,AdaBN
128,16,1,0.00040787500006445043,42,A05,cross-session,AdaBN
129,16,0,0.00039326099999925646,42,A05,cross-session,AdaBN
130,16,0,0.00036034400000062305,42,A05,cross-session,AdaBN
131,16,1,0.0004382160000204749,42,A05,cross-session,AdaBN
132,16,1,0.00039903399988361343,42,A05,cross-session,AdaBN
133,16,0,0.00039399799993589113,42,A05,cross-session,AdaBN
134,16,0,0.0004688660001193057,42,A05,cross-session,AdaBN
135,16,1,0.0003978760000791226,42,A05,cross-session,AdaBN
136,16,0,0.0004044190000058734,42,A05,cross-session,AdaBN
137,16,0,0.0003918709999197745,42,A05,cross-session,AdaBN
138,16,0,0.00036747600006492576,42,A05,cross-session,AdaBN
139,16,1,0.00038967599994066404,42,A05,cross-session,AdaBN
140,16,0,0.0003530909998517018,42,A05,cross-session,AdaBN
141,16,0,0.00038143100005072483,42,A05,cross-session,AdaBN
142,16,1,0.0003695099999276863,42,A05,cross-session,AdaBN
143,16,0,0.0003559500000847038,42,A05,cross-session,AdaBN
144,16,0,0.0003800869999395218,42,A05,cross-session,AdaBN
145,16,1,0.00045994899983270443,42,A05,cross-session,AdaBN
146,16,0,0.0004554110000754008,42,A05,cross-session,AdaBN
147,16,1,0.0003878759998769965,42,A05,cross-session,AdaBN
148,16,0,0.00036179599987917754,42,A05,cross-session,AdaBN
149,16,0,0.00035641399995256506,42,A05,cross-session,AdaBN
150,16,0,0.0003831249998711428,42,A05,cross-session,AdaBN
151,16,0,0.0003646340001068893,42,A05,cross-session,AdaBN
152,16,0,0.0003609699999742588,42,A05,cross-session,AdaBN
153,16,1,0.0004215679998651467,42,A05,cross-session,AdaBN
154,16,0,0.0004154700000071898,42,A05,cross-session,AdaBN
155,16,0,0.000454715999921973,42,A05,cross-session,AdaBN
156,16,0,0.0004030779998629441,42,A05,cross-session,AdaBN
157,16,1,0.0003721209998275299,42,A05,cross-session,AdaBN
158,16,0,0.0003970089999256743,42,A05,cross-session,AdaBN
159,16,0,0.00038828400010970654,42,A05,cross-session,AdaBN
160,16,0,0.00039364000008390576,42,A05,cross-session,AdaBN
161,16,0,0.0003807150001193804,42,A05,cross-session,AdaBN
162,16,0,0.0003924000000097294,42,A05,cross-session,AdaBN
163,16,0,0.0003634189999957016,42,A05,cross-session,AdaBN
164,16,0,0.00035735999995267775,42,A05,cross-session,AdaBN
165,16,0,0.0004189750000023196,42,A05,cross-session,AdaBN
166,16,0,0.0004504260000430804,42,A05,cross-session,AdaBN
167,16,0,0.0003953840000576747,42,A05,cross-session,AdaBN
168,16,0,0.0003904789998614433,42,A05,cross-session,AdaBN
169,16,0,0.0003893869998137234,42,A05,cross-session,AdaBN
170,16,1,0.0004006520000530145,42,A05,cross-session,AdaBN
171,16,0,0.000386703000003763,42,A05,cross-session,AdaBN
172,16,0,0.00036731900013364793,42,A05,cross-session,AdaBN
173,16,1,0.00037063499985379167,42,A05,cross-session,AdaBN
174,16,0,0.0003743809998013603,42,A05,cross-session,AdaBN
175,16,0,0.00036171800002193777,42,A05,cross-session,AdaBN
176,16,0,0.0004184670001450286,42,A05,cross-session,AdaBN
177,16,0,0.000438538000025801,42,A05,cross-session,AdaBN
178,16,0,0.0004039080001803086,42,A05,cross-session,AdaBN
179,16,1,0.00038738300008844817,42,A05,cross-session,AdaBN
180,16,1,0.00039619499989385076,42,A05,cross-session,AdaBN
181,16,1,0.00036084800012758933,42,A05,cross-session,AdaBN
182,16,1,0.0003619199999320699,42,A05,cross-session,AdaBN
183,16,0,0.0003790099999605445,42,A05,cross-session,AdaBN
184,16,0,0.00035604400000011083,42,A05,cross-session,AdaBN
185,16,0,0.0003904170000623708,42,A05,cross-session,AdaBN
186,16,0,0.0004392209998513863,42,A05,cross-session,AdaBN
187,16,0,0.000414420999959475,42,A05,cross-session,AdaBN
188,16,0,0.0003560980001111602,42,A05,cross-session,AdaBN
189,16,0,0.00035569500005294685,42,A05,cross-session,AdaBN
190,16,0,0.000355627999852004,42,A05,cross-session,AdaBN
191,16,0,0.00036217199999555305,42,A05,cross-session,AdaBN
192,16,1,0.00037013599990132207,42,A05,cross-session,AdaBN
193,16,0,0.0003798039999765024,42,A05,cross-session,AdaBN
194,16,0,0.0003569919999790727,42,A05,cross-session,AdaBN
195,16,0,0.00038932699999350007,42,A05,cross-session,AdaBN
196,16,0,0.0004283000000668835,42,A05,cross-session,AdaBN
197,16,0,0.00043956400008937635,42,A05,cross-session,AdaBN
198,16,0,0.0004135469998800545,42,A05,cross-session,AdaBN
199,16,0,0.00036742099996445177,42,A05,cross-session,AdaBN
200,16,1,0.0003530120000050374,42,A05,cross-session,AdaBN
201,16,1,0.0003636829999322799,42,A05,cross-session,AdaBN
202,16,0,0.0004855460001635947,42,A05,cross-session,AdaBN
203,16,1,0.00039845900005275325,42,A05,cross-session,AdaBN
204,16,0,0.0003899630000887555,42,A05,cross-session,AdaBN
205,16,0,0.0004319609997764928,42,A05,cross-session,AdaBN
206,16,0,0.0003743649999705667,42,A05,cross-session,AdaBN
207,16,0,0.00046995299999252893,42,A05,cross-session,AdaBN
208,16,0,0.00046694799993929337,42,A05,cross-session,AdaBN
209,16,1,0.0004081700001279387,42,A05,cross-session,AdaBN
210,16,1,0.00038401899996642896,42,A05,cross-session,AdaBN
211,16,0,0.0003894190001574316,42,A05,cross-session,AdaBN
212,16,0,0.00035592100016401673,42,A05,cross-session,AdaBN
213,16,0,0.0003877659999034222,42,A05,cross-session,AdaBN
214,16,0,0.00040194300004259276,42,A05,cross-session,AdaBN
215,16,0,0.00035991400000057183,42,A05,cross-session,AdaBN
216,16,1,0.0003579950000585086,42,A05,cross-session,AdaBN
217,16,0,0.00041467699998065655,42,A05,cross-session,AdaBN
218,16,0,0.0004456369999843446,42,A05,cross-session,AdaBN
219,16,1,0.00037611800007653073,42,A05,cross-session,AdaBN
220,16,0,0.00041334000002279936,42,A05,cross-session,AdaBN
221,16,0,0.00040370300007452897,42,A05,cross-session,AdaBN
222,16,0,0.00036819900014961604,42,A05,cross-session,AdaBN
223,16,0,0.000411941000038496,42,A05,cross-session,AdaBN
224,16,1,0.0003906960000676918,42,A05,cross-session,AdaBN
225,16,0,0.00038047700013521535,42,A05,cross-session,AdaBN
226,16,0,0.00037867599985474953,42,A05,cross-session,AdaBN
227,16,0,0.00041795799984356563,42,A05,cross-session,AdaBN
228,16,0,0.00043813699994643684,42,A05,cross-session,AdaBN
229,16,0,0.00038002500014044927,42,A05,cross-session,AdaBN
230,16,0,0.0003794470001139416,42,A05,cross-session,AdaBN
231,16,1,0.00035126000011587166,42,A05,cross-session,AdaBN
232,16,0,0.00036952200002815516,42,A05,cross-session,AdaBN
233,16,1,0.0003938439999728871,42,A05,cross-session,AdaBN
234,16,0,0.0003893719999723544,42,A05,cross-session,AdaBN
235,16,0,0.00042162700015069277,42,A05,cross-session,AdaBN
236,16,0,0.00038512800006174075,42,A05,cross-session,AdaBN
237,16,0,0.00039737299994158093,42,A05,cross-session,AdaBN
238,16,0,0.0004445649999524903,42,A05,cross-session,AdaBN
239,16,0,0.00043825299985655874,42,A05,cross-session,AdaBN
240,16,0,0.000355444000206262,42,A05,cross-session,AdaBN
241,16,0,0.0003935040001579182,42,A05,cross-session,AdaBN
242,16,0,0.00038237599983403925,42,A05,cross-session,AdaBN
243,16,1,0.00035200599995732773,42,A05,cross-session,AdaBN
244,16,1,0.0003950970001369569,42,A05,cross-session,AdaBN
245,16,0,0.0003895459999512241,42,A05,cross-session,AdaBN
246,16,0,0.00039075900008356257,42,A05,cross-session,AdaBN
247,16,0,0.0004221719998440676,42,A05,cross-session,AdaBN
248,16,1,0.00047421999988728203,42,A05,cross-session,AdaBN
249,16,1,0.0004070719999162975,42,A05,cross-session,AdaBN
250,16,0,0.000371651000023121,42,A05,cross-session,AdaBN
251,16,0,0.00039686700006313913,42,A05,cross-session,AdaBN
252,16,0,0.0003498600001421437,42,A05,cross-session,AdaBN
253,16,0,0.00036687200008600485,42,A05,cross-session,AdaBN
254,16,0,0.00040942100008578564,42,A05,cross-session,AdaBN
255,16,0,0.0003560669999842503,42,A05,cross-session,AdaBN
256,16,0,0.00036666599999080063,42,A05,cross-session,AdaBN
257,16,0,0.0003902419998667028,42,A05,cross-session,AdaBN
258,16,0,0.00040619800006425066,42,A05,cross-session,AdaBN
259,16,1,0.00040249700009553635,42,A05,cross-session,AdaBN
260,16,1,0.00041642600012892217,42,A05,cross-session,AdaBN
261,16,0,0.00036534499986373703,42,A05,cross-session,AdaBN
262,16,0,0.0003788530000292667,42,A05,cross-session,AdaBN
263,16,0,0.0004230510000979848,42,A05,cross-session,AdaBN
264,16,0,0.00036538099993776996,42,A05,cross-session,AdaBN
265,16,0,0.0003666879999855155,42,A05,cross-session,AdaBN
266,16,0,0.0003988270000263583,42,A05,cross-session,AdaBN
267,16,1,0.0003640899999481917,42,A05,cross-session,AdaBN
268,16,0,0.0003828839999187039,42,A05,cross-session,AdaBN
269,16,0,0.0004516100000273582,42,A05,cross-session,AdaBN
270,16,0,0.0003629650000220863,42,A05,cross-session,AdaBN
271,16,0,0.00036605199989026005,42,A05,cross-session,AdaBN
272,16,1,0.00040788299997984723,42,A05,cross-session,AdaBN
273,16,1,0.0003537319998940802,42,A05,cross-session,AdaBN
274,16,0,0.0004067980000854732,42,A05,cross-session,AdaBN
275,16,1,0.0004342839999935677,42,A05,cross-session,AdaBN
276,16,0,0.0003800079998654837,42,A05,cross-session,AdaBN
277,16,0,0.0003708290000759007,42,A05,cross-session,AdaBN
278,16,0,0.00039917200001582387,42,A05,cross-session,AdaBN
279,16,0,0.0004330809999828489,42,A05,cross-session,AdaBN
280,16,0,0.0004316290001042944,42,A05,cross-session,AdaBN
281,16,0,0.00041052300002775155,42,A05,cross-session,AdaBN
282,16,1,0.00035880299992641085,42,A05,cross-session,AdaBN
283,16,0,0.000380288000087603,42,A05,cross-session,AdaBN
284,16,0,0.00040637699999024335,42,A05,cross-session,AdaBN
285,16,1,0.00035731499997382343,42,A05,cross-session,AdaBN
286,16,0,0.0004075269998793374,42,A05,cross-session,AdaBN
287,16,0,0.00044688200000564393,42,A05,cross-session,AdaBN
0,1,1,0.0011660130001018842,42,A06,cross-session,AdaBN
1,2,1,0.0008604180000020278,42,A06,cross-session,AdaBN
2,3,1,0.0006866349999654631,42,A06,cross-session,AdaBN
3,4,0,0.0008151840002028621,42,A06,cross-session,AdaBN
4,5,0,0.0008886420000635553,42,A06,cross-session,AdaBN
5,6,1,0.0008601060001183214,42,A06,cross-session,AdaBN
6,7,1,0.0009203869999510061,42,A06,cross-session,AdaBN
7,8,0,0.0008874749998994957,42,A06,cross-session,AdaBN
8,9,0,0.0008791330001258757,42,A06,cross-session,AdaBN
9,10,1,0.0008128340000439493,42,A06,cross-session,AdaBN
10,11,1,0.0008012860000690125,42,A06,cross-session,AdaBN
11,12,0,0.0007626929998423293,42,A06,cross-session,AdaBN
12,13,1,0.0007477899998775683,42,A06,cross-session,AdaBN
13,14,1,0.0007813129998339718,42,A06,cross-session,AdaBN
14,15,0,0.000821799000050305,42,A06,cross-session,AdaBN
15,16,0,0.0007298949999494653,42,A06,cross-session,AdaBN
16,16,1,0.0007846900000458845,42,A06,cross-session,AdaBN
17,16,1,0.000755530000105864,42,A06,cross-session,AdaBN
18,16,0,0.0007573590000902186,42,A06,cross-session,AdaBN
19,16,1,0.000748009000062666,42,A06,cross-session,AdaBN
20,16,0,0.0007276910000655334,42,A06,cross-session,AdaBN
21,16,1,0.0007454880001205311,42,A06,cross-session,AdaBN
22,16,0,0.0007073050001054071,42,A06,cross-session,AdaBN
23,16,0,0.0007128869999633025,42,A06,cross-session,AdaBN
24,16,0,0.0008045839999795135,42,A06,cross-session,AdaBN
25,16,1,0.0007499999999254214,42,A06,cross-session,AdaBN
26,16,0,0.0007284939999863127,42,A06,cross-session,AdaBN
27,16,0,0.0007362779999766644,42,A06,cross-session,AdaBN
28,16,0,0.0007981909998306946,42,A06,cross-session,AdaBN
29,16,0,0.0004589709999436309,42,A06,cross-session,AdaBN
30,16,0,0.0005199679999350337,42,A06,cross-session,AdaBN
31,16,1,0.00045637800008080376,42,A06,cross-session,AdaBN
32,16,0,0.00047398399988196616,42,A06,cross-session,AdaBN
33,16,1,0.00045908000015515427,42,A06,cross-session,AdaBN
34,16,0,0.0004167930001131026,42,A06,cross-session,AdaBN
35,16,1,0.0005650320001677755,42,A06,cross-session,AdaBN
36,16,1,0.0005780569999842555,42,A06,cross-session,AdaBN
37,16,1,0.00044273100002101273,42,A06,cross-session,AdaBN
38,16,1,0.0005496440001024894,42,A06,cross-session,AdaBN
39,16,1,0.00046418500005529495,42,A06,cross-session,AdaBN
40,16,0,0.0004845790001581918,42,A06,cross-session,AdaBN
41,16,0,0.0003584850001061568,42,A06,cross-session,AdaBN
42,16,0,0.0004210099998545047,42,A06,cross-session,AdaBN
43,16,0,0.0004065299999638228,42,A06,cross-session,AdaBN
44,16,0,0.00044670099987342837,42,A06,cross-session,AdaBN
45,16,0,0.00042689700012488174,42,A06,cross-session,AdaBN
46,16,0,0.0004883740000423131,42,A06,cross-session,AdaBN
47,16,0,0.0005836329999056034,42,A06,cross-session,AdaBN
48,16,0,0.0004632679999758693,42,A06,cross-session,AdaBN
49,16,0,0.0003935570000521693,42,A06,cross-session,AdaBN
50,16,0,0.0006280819998210063,42,A06,cross-session,AdaBN
51,16,1,0.00047011399988150515,42,A06,cross-session,AdaBN
52,16,0,0.0004100060000382655,42,A06,cross-session,AdaBN
53,16,1,0.00035976699996354,42,A06,cross-session,AdaBN
54,16,1,0.00041692700006024097,42,A06,cross-session,AdaBN
55,16,0,0.0003802270000505814,42,A06,cross-session,AdaBN
56,16,1,0.00044659200011665234,42,A06,cross-session,AdaBN
57,16,0,0.00047556600020470796,42,A06,cross-session,AdaBN
58,16,0,0.0005146109999714099,42,A06,cross-session,AdaBN
59,16,0,0.0005727650000153517,42,A06,cross-session,AdaBN
60,16,1,0.0006028120001246862,42,A06,cross-session,AdaBN
61,16,0,0.0005435849998320919,42,A06,cross-session,AdaBN
62,16,0,0.0006120989999089943,42,A06,cross-session,AdaBN
63,16,0,0.00046120100000734965,42,A06,cross-session,AdaBN
64,16,1,0.00035679200004778977,42,A06,cross-session,AdaBN
65,16,1,0.00039242899993041647,42,A06,cross-session,AdaBN
66,16,0,0.00042999500010409974,42,A06,cross-session,AdaBN
67,16,1,0.0004553660000965465,42,A06,cross-session,AdaBN
68,16,1,0.00040306999994754733,42,A06,cross-session,AdaBN
69,16,0,0.00043896699980905396,42,A06,cross-session,AdaBN
70,16,1,0.00040315500018550665,42,A06,cross-session,AdaBN
71,16,0,0.0004091129999324039,42,A06,cross-session,AdaBN
72,16,0,0.0004045250000217493,42,A06,cross-session,AdaBN
73,16,0,0.00039265199984583887,42,A06,cross-session,AdaBN
74,16,0,0.00043387300001995754,42,A06,cross-session,AdaBN
75,16,0,0.00040096699990499474,42,A06,cross-session,AdaBN
76,16,1,0.0003755690001980838,42,A06,cross-session,AdaBN
77,16,0,0.00043170999992980796,42,A06,cross-session,AdaBN
78,16,0,0.0003790100001879182,42,A06,cross-session,AdaBN
79,16,1,0.00045219399999041343,42,A06,cross-session,AdaBN
80,16,0,0.0004531489998953475,42,A06,cross-session,AdaBN
81,16,1,0.0003783139998176921,42,A06,cross-session,AdaBN
82,16,1,0.0004059499999584659,42,A06,cross-session,AdaBN
83,16,0,0.0003877269998611155,42,A06,cross-session,AdaBN
84,16,1,0.0003582150000056572,42,A06,cross-session,AdaBN
85,16,0,0.0004022610000902205,42,A06,cross-session,AdaBN
86,16,0,0.0003545660001691431,42,A06,cross-session,AdaBN
87,16,0,0.000362078000080146,42,A06,cross-session,AdaBN
88,16,1,0.0004142590000810742,42,A06,cross-session,AdaBN
89,16,0,0.0004230560000451078,42,A06,cross-session,AdaBN
90,16,1,0.00045389199999590346,42,A06,cross-session,AdaBN
91,16,0,0.00039336000008916017,42,A06,cross-session,AdaBN
92,16,1,0.0003543850000369275,42,A06,cross-session,AdaBN
93,16,1,0.0004196299998966424,42,A06,cross-session,AdaBN
94,16,1,0.00034533900020505826,42,A06,cross-session,AdaBN
95,16,0,0.0003684010000597482,42,A06,cross-session,AdaBN
96,16,1,0.0004178669998964324,42,A06,cross-session,AdaBN
97,16,0,0.0003539169999839942,42,A06,cross-session,AdaBN
98,16,0,0.0004246630001034646,42,A06,cross-session,AdaBN
99,16,0,0.00037762299984933634,42,A06,cross-session,AdaBN
100,16,1,0.0003748819999600528,42,A06,cross-session,AdaBN
101,16,0,0.0004408199999943463,42,A06,cross-session,AdaBN
102,16,1,0.0004238670001086575,42,A06,cross-session,AdaBN
103,16,0,0.0003526840000631637,42,A06,cross-session,AdaBN
104,16,0,0.0003607690000535513,42,A06,cross-session,AdaBN
105,16,1,0.00036171800002193777,42,A06,cross-session,AdaBN
106,16,1,0.00039618799996787857,42,A06,cross-session,AdaBN
107,16,0,0.00036605299987968465,42,A06,cross-session,AdaBN
108,16,1,0.0003504620001422154,42,A06,cross-session,AdaBN
109,16,1,0.0003767480000078649,42,A06,cross-session,AdaBN
110,16,0,0.00035509400004229974,42,A06,cross-session,AdaBN
111,16,1,0.0003697800000281859,42,A06,cross-session,AdaBN
112,16,0,0.00040791200012790796,42,A06,cross-session,AdaBN
113,16,1,0.0004154660000494914,42,A06,cross-session,AdaBN
114,16,0,0.00040289899993695144,42,A06,cross-session,AdaBN
115,16,1,0.0003648930000963446,42,A06,cross-session,AdaBN
116,16,1,0.0003531849999944825,42,A06,cross-session,AdaBN
117,16,1,0.0003875970000990492,42,A06,cross-session,AdaBN
118,16,1,0.0003603610000482149,42,A06,cross-session,AdaBN
119,16,0,0.0003694320000704465,42,A06,cross-session,AdaBN
120,16,0,0.0003722149999703106,42,A06,cross-session,AdaBN
121,16,0,0.0003590890000850777,42,A06,cross-session,AdaBN
122,16,0,0.00043169900004613737,42,A06,cross-session,AdaBN
123,16,1,0.00042868499986070674,42,A06,cross-session,AdaBN
124,16,1,0.00042795299987119506,42,A06,cross-session,AdaBN
125,16,0,0.0003975579998041212,42,A06,cross-session,AdaBN
126,16,0,0.00034995300006812613,42,A06,cross-session,AdaBN
127,16,1,0.0003707210000811756,42,A06,cross-session,AdaBN
128,16,0,0.0003694059998906596,42,A06,cross-session,AdaBN
129,16,0,0.00035548200003177044,42,A06,cross-session,AdaBN
130,16,0,0.0003701210000599531,42,A06,cross-session,AdaBN
131,16,0,0.0003615450000324927,42,A06,cross-session,AdaBN
132,16,0,0.00035332599986759305,42,A06,cross-session,AdaBN
133,16,1,0.00035989899993182917,42,A06,cross-session,AdaBN
134,16,0,0.00041134299999612267,42,A06,cross-session,AdaBN
135,16,1,0.0004363230000308249,42,A06,cross-session,AdaBN
136,16,1,0.0004212459998598206,42,A06,cross-session,AdaBN
137,16,0,0.0004003629999260738,42,A06,cross-session,AdaBN
138,16,1,0.0004010559998732788,42,A06,cross-session,AdaBN
139,16,0,0.00035830999991048884,42,A06,cross-session,AdaBN
140,16,1,0.00040785600003800937,42,A06,cross-session,AdaBN
141,16,0,0.0003881509999246191,42,A06,cross-session,AdaBN
142,16,1,0.00039164899999377667,42,A06,cross-session,AdaBN
143,16,0,0.0004677890001403284,42,A06,cross-session,AdaBN
144,16,0,0.00042242399990755075,42,A06,cross-session,AdaBN
145,16,1,0.0003746419999970385,42,A06,cross-session,AdaBN
146,16,1,0.00046711400000276626,42,A06,cross-session,AdaBN
147,16,1,0.0004661489999762125,42,A06,cross-session,AdaBN
148,16,1,0.00038585799984502955,42,A06,cross-session,AdaBN
149,16,1,0.00043286200002512487,42,A06,cross-session,AdaBN
150,16,0,0.00041300799989585357,42,A06,cross-session,AdaBN
151,16,0,0.0003572230000372656,42,A06,cross-session,AdaBN
152,16,0,0.00039740900001561386,42,A06,cross-session,AdaBN
153,16,1,0.0004023269998469914,42,A06,cross-session,AdaBN
154,16,0,0.0003610250000747328,42,A06,cross-session,AdaBN
155,16,0,0.0004681549999077106,42,A06,cross-session,AdaBN
156,16,1,0.0004885230000581942,42,A06,cross-session,AdaBN
157,16,0,0.0003591649999634683,42,A06,cross-session,AdaBN
158,16,0,0.00037208699995971983,42,A06,cross-session,AdaBN
159,16,0,0.00040295600001627463,42,A06,cross-session,AdaBN
160,16,0,0.00035731699995267263,42,A06,cross-session,AdaBN
161,16,0,0.00037211400012893137,42,A06,cross-session,AdaBN
162,16,0,0.00041821399986474717,42,A06,cross-session,AdaBN
163,16,0,0.00035850600011144707,42,A06,cross-session,AdaBN
164,16,1,0.00035017899995182233,42,A06,cross-session,AdaBN
165,16,0,0.0004117089999908785,42,A06,cross-session,AdaBN
166,16,0,0.0004304829999455251,42,A06,cross-session,AdaBN
167,16,1,0.0004096679999747721,42,A06,cross-session,AdaBN
168,16,0,0.00040687399996386375,42,A06,cross-session,AdaBN
169,16,0,0.00035497999988365336,42,A06,cross-session,AdaBN
170,16,1,0.00036017100001117797,42,A06,cross-session,AdaBN
171,16,0,0.00041295999994872545,42,A06,cross-session,AdaBN
172,16,0,0.00035780700000032084,42,A06,cross-session,AdaBN
173,16,1,0.00035736599988922535,42,A06,cross-session,AdaBN
174,16,0,0.00038607399983447976,42,A06,cross-session,AdaBN
175,16,0,0.0003597739998895122,42,A06,cross-session,AdaBN
176,16,0,0.0004095910001069569,42,A06,cross-session,AdaBN
177,16,1,0.00046085899998615787,42,A06,cross-session,AdaBN
178,16,0,0.0003632450000168319,42,A06,cross-session,AdaBN
179,16,0,0.0003569909999896481,42,A06,cross-session,AdaBN
180,16,0,0.00039785400008440774,42,A06,cross-session,AdaBN
181,16,1,0.00034998800015273446,42,A06,cross-session,AdaBN
182,16,0,0.0003496879999147495,42,A06,cross-session,AdaBN
183,16,0,0.00038595000000896107,42,A06,cross-session,AdaBN
184,16,0,0.0003508470001634123,42,A06,cross-session,AdaBN
185,16,0,0.0003583210000215331,42,A06,cross-session,AdaBN
186,16,0,0.0003969330000472837,42,A06,cross-session,AdaBN
187,16,0,0.00044001399987791956,42,A06,cross-session,AdaBN
188,16,0,0.0004247010001563467,42,A06,cross-session,AdaBN
189,16,1,0.0003805569999713043,42,A06,cross-session,AdaBN
190,16,0,0.0003516379999837227,42,A06,cross-session,AdaBN
191,16,0,0.0003954430001158471,42,A06,cross-session,AdaBN
192,16,0,0.00044113499984632654,42,A06,cross-session,AdaBN
193,16,1,0.00038734100007786765,42,A06,cross-session,AdaBN
194,16,1,0.00036210600001140847,42,A06,cross-session,AdaBN
195,16,1,0.000389870999924824,42,A06,cross-session,AdaBN
196,16,1,0.0004435680000369757,42,A06,cross-session,AdaBN
197,16,1,0.0004305110001041612,42,A06,cross-session,AdaBN
198,16,1,0.0003694619999805582,42,A06,cross-session,AdaBN
199,16,1,0.0003585649999422458,42,A06,cross-session,AdaBN
200,16,0,0.00035912599992116156,42,A06,cross-session,AdaBN
201,16,0,0.000384740999834321,42,A06,cross-session,AdaBN
202,16,0,0.0003681220000544272,42,A06,cross-session,AdaBN
203,16,1,0.0003553520000423305,42,A06,cross-session,AdaBN
204,16,1,0.0003843179999876156,42,A06,cross-session,AdaBN
205,16,0,0.00036780799996449787,42,A06,cross-session,AdaBN
206,16,1,0.0003602009999212896,42,A06,cross-session,AdaBN
207,16,0,0.00043415400000412774,42,A06,cross-session,AdaBN
208,16,0,0.0004365459999462473,42,A06,cross-session,AdaBN
209,16,0,0.0003562179999789805,42,A06,cross-session,AdaBN
210,16,0,0.0003726610000285291,42,A06,cross-session,AdaBN
211,16,1,0.00036035299990544445,42,A06,cross-session,AdaBN
212,16,0,0.00036173000012240664,42,A06,cross-session,AdaBN
213,16,1,0.0003698499999700289,42,A06,cross-session,AdaBN
214,16,0,0.00036340799988465733,42,A06,cross-session,AdaBN
215,16,0,0.0003581600001325569,42,A06,cross-session,AdaBN
216,16,1,0.0004034239998418343,42,A06,cross-session,AdaBN
217,16,1,0.00038131300016175373,42,A06,cross-session,AdaBN
218,16,1,0.00042003399994428037,42,A06,cross-session,AdaBN
219,16,1,0.00043010000013055105,42,A06,cross-session,AdaBN
220,16,0,0.00038423299997703,42,A06,cross-session,AdaBN
221,16,0,0.0003632469999956811,42,A06,cross-session,AdaBN
222,16,0,0.0003858210000089457,42,A06,cross-session,AdaBN
223,16,0,0.00037610300000778807,42,A06,cross-session,AdaBN
224,16,1,0.0003618200000801153,42,A06,cross-session,AdaBN
225,16,0,0.00038561800010938896,42,A06,cross-session,AdaBN
226,16,1,0.00037893200010330474,42,A06,cross-session,AdaBN
227,16,0,0.00035396700013734517,42,A06,cross-session,AdaBN
228,16,1,0.0003955570000471198,42,A06,cross-session,AdaBN
229,16,0,0.0004196869999759656,42,A06,cross-session,AdaBN
230,16,0,0.0003762390001611493,42,A06,cross-session,AdaBN
231,16,0,0.0003701050000017858,42,A06,cross-session,AdaBN
232,16,0,0.00039497100010521535,42,A06,cross-session,AdaBN
233,16,0,0.00036417699993762653,42,A06,cross-session,AdaBN
234,16,0,0.0003641260000222246,42,A06,cross-session,AdaBN
235,16,1,0.00040244900014840823,42,A06,cross-session,AdaBN
236,16,0,0.00035979700010102533,42,A06,cross-session,AdaBN
237,16,1,0.0003984720001426467,42,A06,cross-session,AdaBN
238,16,0,0.0004917159999422438,42,A06,cross-session,AdaBN
239,16,1,0.00039741699993101065,42,A06,cross-session,AdaBN
240,16,0,0.00036118100001658604,42,A06,cross-session,AdaBN
241,16,1,0.0003971189998992486,42,A06,cross-session,AdaBN
242,16,1,0.00035028100000999984,42,A06,cross-session,AdaBN
243,16,0,0.0003784990001349797,42,A06,cross-session,AdaBN
244,16,0,0.0003881089999140386,42,A06,cross-session,AdaBN
245,16,0,0.00035083900002064183,42,A06,cross-session,AdaBN
246,16,0,0.00035951299992120767,42,A06,cross-session,AdaBN
247,16,0,0.0003905200001099729,42,A06,cross-session,AdaBN
248,16,0,0.0004111629998533317,42,A06,cross-session,AdaBN
249,16,0,0.0004748860001200228,42,A06,cross-session,AdaBN
250,16,1,0.00038827100001981307,42,A06,cross-session,AdaBN
251,16,0,0.000402652000047965,42,A06,cross-session,AdaBN
252,16,0,0.0003481989999727375,42,A06,cross-session,AdaBN
253,16,0,0.0003911799999514187,42,A06,cross-session,AdaBN
254,16,0,0.00035862100003214437,42,A06,cross-session,AdaBN
255,16,0,0.00035183399995730724,42,A06,cross-session,AdaBN
256,16,0,0.0003610860001117544,42,A06,cross-session,AdaBN
257,16,1,0.00036085200008528773,42,A06,cross-session,AdaBN
258,16,1,0.00035095299995191453,42,A06,cross-session,AdaBN
259,16,1,0.000426993000019138,42,A06,cross-session,AdaBN
260,16,0,0.0004872350000368897,42,A06,cross-session,AdaBN
261,16,0,0.0003543969999100227,42,A06,cross-session,AdaBN
262,16,0,0.00040610699988974375,42,A06,cross-session,AdaBN
263,16,0,0.0004200710000077379,42,A06,cross-session,AdaBN
264,16,0,0.00038849800012030755,42,A06,cross-session,AdaBN
265,16,0,0.00038712400009899284,42,A06,cross-session,AdaBN
266,16,0,0.00040250100005323475,42,A06,cross-session,AdaBN
267,16,0,0.00035138099997311656,42,A06,cross-session,AdaBN
268,16,1,0.00037240000006022456,42,A06,cross-session,AdaBN
269,16,0,0.0004097329999694921,42,A06,cross-session,AdaBN
270,16,1,0.00040903300009631494,42,A06,cross-session,AdaBN
271,16,1,0.0003944410000258358,42,A06,cross-session,AdaBN
272,16,1,0.0004418099999838887,42,A06,cross-session,AdaBN
273,16,0,0.0003596100000322622,42,A06,cross-session,AdaBN
274,16,1,0.00036040499981027097,42,A06,cross-session,AdaBN
275,16,0,0.0004056230000060168,42,A06,cross-session,AdaBN
276,16,0,0.0003501420001157385,42,A06,cross-session,AdaBN
277,16,0,0.0003697869999541581,42,A06,cross-session,AdaBN
278,16,0,0.00041601599991736293,42,A06,cross-session,AdaBN
279,16,0,0.0004501569999320054,42,A06,cross-session,AdaBN
280,16,0,0.000384586000109266,42,A06,cross-session,AdaBN
281,16,1,0.00037334699982238817,42,A06,cross-session,AdaBN
282,16,0,0.00036157699992145353,42,A06,cross-session,AdaBN
283,16,0,0.0003649159998531104,42,A06,cross-session,AdaBN
284,16,1,0.0003743089998806681,42,A06,cross-session,AdaBN
285,16,1,0.0003812780000771454,42,A06,cross-session,AdaBN
286,16,1,0.00036604399997486325,42,A06,cross-session,AdaBN
287,16,0,0.00037490699992304144,42,A06,cross-session,AdaBN
0,1,0,0.00261137300003611,42,A07,cross-session,AdaBN
1,2,0,0.0020112600000175007,42,A07,cross-session,AdaBN
2,3,1,0.0019176640000750922,42,A07,cross-session,AdaBN
3,4,0,0.0018889010000293638,42,A07,cross-session,AdaBN
4,5,0,0.0018661609999526263,42,A07,cross-session,AdaBN
5,6,1,0.0015771020000556746,42,A07,cross-session,AdaBN
6,7,1,0.0016358020000097895,42,A07,cross-session,AdaBN
7,8,0,0.001635904000067967,42,A07,cross-session,AdaBN
8,9,0,0.001657193000028201,42,A07,cross-session,AdaBN
9,10,1,0.0015966449998359167,42,A07,cross-session,AdaBN
10,11,0,0.0013696080000045185,42,A07,cross-session,AdaBN
11,12,0,0.0014477669999450882,42,A07,cross-session,AdaBN
12,13,0,0.0005434510001123272,42,A07,cross-session,AdaBN
13,14,0,0.00045543200008069107,42,A07,cross-session,AdaBN
14,15,1,0.0004938870001751638,42,A07,cross-session,AdaBN
15,16,0,0.0005343990001165366,42,A07,cross-session,AdaBN
16,16,0,0.0006055270000615565,42,A07,cross-session,AdaBN
17,16,0,0.0005440699999326171,42,A07,cross-session,AdaBN
18,16,0,0.0005462489998535602,42,A07,cross-session,AdaBN
19,16,0,0.0005661969998982386,42,A07,cross-session,AdaBN
20,16,1,0.0004176400000233116,42,A07,cross-session,AdaBN
21,16,1,0.0005907309998747223,42,A07,cross-session,AdaBN
22,16,1,0.0005554690001190465,42,A07,cross-session,AdaBN
23,16,0,0.0004908319999685773,42,A07,cross-session,AdaBN
24,16,1,0.0005661120001150266,42,A07,cross-session,AdaBN
25,16,0,0.0003980649998993613,42,A07,cross-session,AdaBN
26,16,1,0.0004596850001234998,42,A07,cross-session,AdaBN
27,16,0,0.00036830600015491655,42,A07,cross-session,AdaBN
28,16,0,0.00039663699999437085,42,A07,cross-session,AdaBN
29,16,0,0.00037352599997575453,42,A07,cross-session,AdaBN
30,16,1,0.00041112200005954946,42,A07,cross-session,AdaBN
31,16,0,0.00041628899998613633,42,A07,cross-session,AdaBN
32,16,1,0.0004295630001251993,42,A07,cross-session,AdaBN
33,16,0,0.0005315810001320642,42,A07,cross-session,AdaBN
34,16,1,0.000531086000137293,42,A07,cross-session,AdaBN
35,16,1,0.000470186000029571,42,A07,cross-session,AdaBN
36,16,1,0.0006148999998458748,42,A07,cross-session,AdaBN
37,16,1,0.0005179400000088208,42,A07,cross-session,AdaBN
38,16,0,0.0004834919998302212,42,A07,cross-session,AdaBN
39,16,0,0.0003936250000151631,42,A07,cross-session,AdaBN
40,16,1,0.0004238889998759987,42,A07,cross-session,AdaBN
41,16,0,0.0004174779999175371,42,A07,cross-session,AdaBN
42,16,0,0.0004300680000142165,42,A07,cross-session,AdaBN
43,16,0,0.00037722699994446884,42,A07,cross-session,AdaBN
44,16,0,0.00041400300005989266,42,A07,cross-session,AdaBN
45,16,0,0.0003762579999602167,42,A07,cross-session,AdaBN
46,16,1,0.00042418099997121317,42,A07,cross-session,AdaBN
47,16,1,0.00051604899999802,42,A07,cross-session,AdaBN
48,16,0,0.00045346399997470144,42,A07,cross-session,AdaBN
49,16,0,0.00042440900006113225,42,A07,cross-session,AdaBN
50,16,0,0.000358273000074405,42,A07,cross-session,AdaBN
51,16,0,0.0004547579999325535,42,A07,cross-session,AdaBN
52,16,0,0.0003669469999749708,42,A07,cross-session,AdaBN
53,16,1,0.00042722400007733086,42,A07,cross-session,AdaBN
54,16,0,0.00039823400015848165,42,A07,cross-session,AdaBN
55,16,0,0.00047695100010969327,42,A07,cross-session,AdaBN
56,16,0,0.0003743889999441308,42,A07,cross-session,AdaBN
57,16,0,0.0004296370000247407,42,A07,cross-session,AdaBN
58,16,0,0.0003712740001446946,42,A07,cross-session,AdaBN
59,16,1,0.00040032600008999,42,A07,cross-session,AdaBN
60,16,0,0.00039110799980335287,42,A07,cross-session,AdaBN
61,16,1,0.00036492900017037755,42,A07,cross-session,AdaBN
62,16,0,0.0004076839998106152,42,A07,cross-session,AdaBN
63,16,0,0.0003630810001595819,42,A07,cross-session,AdaBN
64,16,0,0.00041955200003940263,42,A07,cross-session,AdaBN
65,16,1,0.00036460599994825316,42,A07,cross-session,AdaBN
66,16,0,0.00037368500011325523,42,A07,cross-session,AdaBN
67,16,1,0.000352175999978499,42,A07,cross-session,AdaBN
68,16,1,0.00040421300013804284,42,A07,cross-session,AdaBN
69,16,1,0.0003729999998540734,42,A07,cross-session,AdaBN
70,16,1,0.00036652700009653927,42,A07,cross-session,AdaBN
71,16,0,0.00037650900003427523,42,A07,cross-session,AdaBN
72,16,0,0.000359757000069294,42,A07,cross-session,AdaBN
73,16,1,0.0003549589998783631,42,A07,cross-session,AdaBN
74,16,1,0.0003630299997894326,42,A07,cross-session,AdaBN
75,16,0,0.00036454999985835457,42,A07,cross-session,AdaBN
76,16,1,0.0003581139999369043,42,A07,cross-session,AdaBN
77,16,0,0.00036382899997988716,42,A07,cross-session,AdaBN
78,16,1,0.0003483120001419593,42,A07,cross-session,AdaBN
79,16,1,0.00036207599987392314,42,A07,cross-session,AdaBN
80,16,0,0.0003764720001981914,42,A07,cross-session,AdaBN
81,16,0,0.00044609099995795987,42,A07,cross-session,AdaBN
82,16,0,0.0004231620000609837,42,A07,cross-session,AdaBN
83,16,1,0.00035663200014823815,42,A07,cross-session,AdaBN
84,16,1,0.0003531400000156282,42,A07,cross-session,AdaBN
85,16,0,0.00035326300007909595,42,A07,cross-session,AdaBN
86,16,1,0.00036510999984784576,42,A07,cross-session,AdaBN
87,16,1,0.00035110999988319236,42,A07,cross-session,AdaBN
88,16,1,0.0003602669999054342,42,A07,cross-session,AdaBN
89,16,0,0.00035559499997361854,42,A07,cross-session,AdaBN
90,16,0,0.0003531370000473544,42,A07,cross-session,AdaBN
91,16,0,0.00034746000005725364,42,A07,cross-session,AdaBN
92,16,0,0.0003587030000744562,42,A07,cross-session,AdaBN
93,16,0,0.000386474000151793,42,A07,cross-session,AdaBN
94,16,0,0.0004658160000872158,42,A07,cross-session,AdaBN
95,16,0,0.00034999500007870665,42,A07,cross-session,AdaBN
96,16,1,0.00044672199987871863,42,A07,cross-session,AdaBN
97,16,0,0.0004175349999968603,42,A07,cross-session,AdaBN
98,16,0,0.00035011399995710235,42,A07,cross-session,AdaBN
99,16,0,0.0003555650000635069,42,A07,cross-session,AdaBN
100,16,0,0.00036256999987926974,42,A07,cross-session,AdaBN
101,16,1,0.00035870099986823334,42,A07,cross-session,AdaBN
102,16,0,0.000350631999936013,42,A07,cross-session,AdaBN
103,16,1,0.0003668260001177259,42,A07,cross-session,AdaBN
104,16,0,0.0003589870000269002,42,A07,cross-session,AdaBN
105,16,0,0.0003531209999891871,42,A07,cross-session,AdaBN
106,16,0,0.00035709100006897643,42,A07,cross-session,AdaBN
107,16,0,0.00036144700015938724,42,A07,cross-session,AdaBN
108,16,0,0.000430737999977282,42,A07,cross-session,AdaBN
109,16,1,0.00045196500013844343,42,A07,cross-session,AdaBN
110,16,0,0.00034899700017376745,42,A07,cross-session,AdaBN
111,16,0,0.0004078849999586964,42,A07,cross-session,AdaBN
112,16,0,0.0003795109998918633,42,A07,cross-session,AdaBN
113,16,1,0.0003617089998897427,42,A07,cross-session,AdaBN
114,16,0,0.0003661690000171802,42,A07,cross-session,AdaBN
115,16,0,0.00036251099982109736,42,A07,cross-session,AdaBN
116,16,0,0.0003559360000053857,42,A07,cross-session,AdaBN
117,16,1,0.0003474239999832207,42,A07,cross-session,AdaBN
118,16,0,0.0003645100000539969,42,A07,cross-session,AdaBN
119,16,0,0.0003583820000585547,42,A07,cross-session,AdaBN
120,16,0,0.00042957199980264704,42,A07,cross-session,AdaBN
121,16,1,0.0004009889998997096,42,A07,cross-session,AdaBN
122,16,0,0.0003551219999735622,42,A07,cross-session,AdaBN
123,16,0,0.0003548859999682463,42,A07,cross-session,AdaBN
124,16,0,0.00037788199983879167,42,A07,cross-session,AdaBN
125,16,0,0.00037510900006054726,42,A07,cross-session,AdaBN
126,16,0,0.00036260600018067635,42,A07,cross-session,AdaBN
127,16,1,0.0005156589998023264,42,A07,cross-session,AdaBN
128,16,0,0.00042562800013001834,42,A07,cross-session,AdaBN
129,16,1,0.00042318100008742476,42,A07,cross-session,AdaBN
130,16,1,0.00039684400007899967,42,A07,cross-session,AdaBN
131,16,0,0.00043884699994123366,42,A07,cross-session,AdaBN
132,16,1,0.0004482299998471717,42,A07,cross-session,AdaBN
133,16,0,0.00035609099995781435,42,A07,cross-session,AdaBN
134,16,1,0.00037550000001829176,42,A07,cross-session,AdaBN
135,16,1,0.00038442400000349153,42,A07,cross-session,AdaBN
136,16,1,0.0003500889999941137,42,A07,cross-session,AdaBN
137,16,0,0.00045053200005895633,42,A07,cross-session,AdaBN
138,16,0,0.0004105530001652369,42,A07,cross-session,AdaBN
139,16,1,0.0003772039999603294,42,A07,cross-session,AdaBN
140,16,0,0.00039770199987287924,42,A07,cross-session,AdaBN
141,16,0,0.00037617899988617864,42,A07,cross-session,AdaBN
142,16,0,0.0004688470000928646,42,A07,cross-session,AdaBN
143,16,0,0.00043124099988745,42,A07,cross-session,AdaBN
144,16,1,0.00036195899997437664,42,A07,cross-session,AdaBN
145,16,1,0.0003620340000907163,42,A07,cross-session,AdaBN
146,16,0,0.0004172880001078738,42,A07,cross-session,AdaBN
147,16,1,0.0003676210001231084,42,A07,cross-session,AdaBN
148,16,0,0.00041311300014967856,42,A07,cross-session,AdaBN
149,16,1,0.00043802300001516414,42,A07,cross-session,AdaBN
150,16,0,0.00035731200000554963,42,A07,cross-session,AdaBN
151,16,1,0.0004097769999589218,42,A07,cross-session,AdaBN
152,16,0,0.00042436099988663045,42,A07,cross-session,AdaBN
153,16,1,0.00044643199998972705,42,A07,cross-session,AdaBN
154,16,1,0.0003538840001056087,42,A07,cross-session,AdaBN
155,16,1,0.00043393000009928073,42,A07,cross-session,AdaBN
156,16,0,0.00034822899988284917,42,A07,cross-session,AdaBN
157,16,0,0.00035321199993632035,42,A07,cross-session,AdaBN
158,16,0,0.0004275819999293162,42,A07,cross-session,AdaBN
159,16,1,0.0003527049998410803,42,A07,cross-session,AdaBN
160,16,1,0.0003538820001267595,42,A07,cross-session,AdaBN
161,16,0,0.00041023600010703376,42,A07,cross-session,AdaBN
162,16,1,0.0003947110001263354,42,A07,cross-session,AdaBN
163,16,1,0.00040903900003286253,42,A07,cross-session,AdaBN
164,16,0,0.00039037900000948866,42,A07,cross-session,AdaBN
165,16,0,0.0003628080000908085,42,A07,cross-session,AdaBN
166,16,1,0.000351240000100006,42,A07,cross-session,AdaBN
167,16,0,0.00037589799990200845,42,A07,cross-session,AdaBN
168,16,1,0.00036803199986934487,42,A07,cross-session,AdaBN
169,16,1,0.00034799900004145456,42,A07,cross-session,AdaBN
170,16,0,0.000369938000176262,42,A07,cross-session,AdaBN
171,16,0,0.00037462399996002205,42,A07,cross-session,AdaBN
172,16,0,0.00041654500000731787,42,A07,cross-session,AdaBN
173,16,0,0.0004209129999708239,42,A07,cross-session,AdaBN
174,16,0,0.0003778039999815519,42,A07,cross-session,AdaBN
175,16,1,0.0003510670001105609,42,A07,cross-session,AdaBN
176,16,1,0.0003695030000017141,42,A07,cross-session,AdaBN
177,16,0,0.00035995300004287856,42,A07,cross-session,AdaBN
178,16,0,0.00036962600006518187,42,A07,cross-session,AdaBN
179,16,1,0.0003588229999422765,42,A07,cross-session,AdaBN
180,16,1,0.0003606450000006589,42,A07,cross-session,AdaBN
181,16,0,0.00034899900015261665,42,A07,cross-session,AdaBN
182,16,0,0.0003828769999927317,42,A07,cross-session,AdaBN
183,16,0,0.0004305330000988761,42,A07,cross-session,AdaBN
184,16,0,0.00042755799995575217,42,A07,cross-session,AdaBN
185,16,1,0.0003754140000182815,42,A07,cross-session,AdaBN
186,16,0,0.0003543039999840403,42,A07,cross-session,AdaBN
187,16,0,0.00035310999987814284,42,A07,cross-session,AdaBN
188,16,0,0.0003587609999158303,42,A07,cross-session,AdaBN
189,16,0,0.00035642400007418473,42,A07,cross-session,AdaBN
190,16,1,0.0003461979999883624,42,A07,cross-session,AdaBN
191,16,0,0.00034950000008393545,42,A07,cross-session,AdaBN
192,16,0,0.00037172900010773446,42,A07,cross-session,AdaBN
193,16,1,0.00047336900001937465,42,A07,cross-session,AdaBN
194,16,1,0.0006229279999843129,42,A07,cross-session,AdaBN
195,16,0,0.0005049609999332461,42,A07,cross-session,AdaBN
196,16,1,0.00037222400010250567,42,A07,cross-session,AdaBN
197,16,0,0.0003977000001214037,42,A07,cross-session,AdaBN
198,16,0,0.00038281499996628554,42,A07,cross-session,AdaBN
199,16,0,0.0003770299999814597,42,A07,cross-session,AdaBN
200,16,1,0.00039762699998391327,42,A07,cross-session,AdaBN
201,16,0,0.0003966219999256282,42,A07,cross-session,AdaBN
202,16,0,0.00036930700002812955,42,A07,cross-session,AdaBN
203,16,1,0.00044820500011155673,42,A07,cross-session,AdaBN
204,16,1,0.0004525939998529793,42,A07,cross-session,AdaBN
205,16,1,0.00041587700002310157,42,A07,cross-session,AdaBN
206,16,0,0.00046351900004992785,42,A07,cross-session,AdaBN
207,16,0,0.00038194299986571423,42,A07,cross-session,AdaBN
208,16,0,0.00038584699996135896,42,A07,cross-session,AdaBN
209,16,1,0.00036266600000089966,42,A07,cross-session,AdaBN
210,16,0,0.000374590000092212,42,A07,cross-session,AdaBN
211,16,0,0.0003912039999249828,42,A07,cross-session,AdaBN
212,16,0,0.0003760280001188221,42,A07,cross-session,AdaBN
213,16,0,0.0003621910000219941,42,A07,cross-session,AdaBN
214,16,1,0.00043532099994081364,42,A07,cross-session,AdaBN
215,16,1,0.0003689209997901344,42,A07,cross-session,AdaBN
216,16,1,0.0003597610000269924,42,A07,cross-session,AdaBN
217,16,0,0.00035939700001108577,42,A07,cross-session,AdaBN
218,16,0,0.00035502200012160756,42,A07,cross-session,AdaBN
219,16,0,0.0003786279999076214,42,A07,cross-session,AdaBN
220,16,0,0.00036537200003294856,42,A07,cross-session,AdaBN
221,16,0,0.00035405699986768013,42,A07,cross-session,AdaBN
222,16,0,0.0003501419998883648,42,A07,cross-session,AdaBN
223,16,0,0.00035759100001087063,42,A07,cross-session,AdaBN
224,16,0,0.0004283670000404527,42,A07,cross-session,AdaBN
225,16,0,0.0003523430000313965,42,A07,cross-session,AdaBN
226,16,0,0.00036167000007480965,42,A07,cross-session,AdaBN
227,16,0,0.0003501319999941188,42,A07,cross-session,AdaBN
228,16,0,0.00035502600007930596,42,A07,cross-session,AdaBN
229,16,0,0.00035908399991058104,42,A07,cross-session,AdaBN
230,16,1,0.0003469870000571973,42,A07,cross-session,AdaBN
231,16,0,0.0003535110001848807,42,A07,cross-session,AdaBN
232,16,0,0.0003619690000959963,42,A07,cross-session,AdaBN
233,16,0,0.0003489459998036182,42,A07,cross-session,AdaBN
234,16,0,0.0004366659998140676,42,A07,cross-session,AdaBN
235,16,0,0.0003942959999676532,42,A07,cross-session,AdaBN
236,16,0,0.00035454799990475294,42,A07,cross-session,AdaBN
237,16,1,0.0003511300001264317,42,A07,cross-session,AdaBN
238,16,0,0.00035991200002172263,42,A07,cross-session,AdaBN
239,16,0,0.0003585109998311964,42,A07,cross-session,AdaBN
240,16,0,0.0003499189999729424,42,A07,cross-session,AdaBN
241,16,0,0.0003617089998897427,42,A07,cross-session,AdaBN
242,16,0,0.00035642099987853726,42,A07,cross-session,AdaBN
243,16,1,0.00035686499995790655,42,A07,cross-session,AdaBN
244,16,1,0.00045262799994816305,42,A07,cross-session,AdaBN
245,16,0,0.00036404200000106357,42,A07,cross-session,AdaBN
246,16,1,0.0003491439999834256,42,A07,cross-session,AdaBN
247,16,0,0.00035830100000566745,42,A07,cross-session,AdaBN
248,16,0,0.0004159379998327495,42,A07,cross-session,AdaBN
249,16,1,0.00044360399988363497,42,A07,cross-session,AdaBN
250,16,0,0.00047219700013556576,42,A07,cross-session,AdaBN
251,16,0,0.0005208749998928397,42,A07,cross-session,AdaBN
252,16,1,0.00046230200018726464,42,A07,cross-session,AdaBN
253,16,1,0.00040914399983194016,42,A07,cross-session,AdaBN
254,16,0,0.00041582100016057666,42,A07,cross-session,AdaBN
255,16,1,0.0005065499999545864,42,A07,cross-session,AdaBN
256,16,1,0.00043692399981409835,42,A07,cross-session,AdaBN
257,16,0,0.00044411599992599804,42,A07,cross-session,AdaBN
258,16,0,0.00037650599983862776,42,A07,cross-session,AdaBN
259,16,0,0.0005593860000772111,42,A07,cross-session,AdaBN
260,16,1,0.0004805940000096598,42,A07,cross-session,AdaBN
261,16,0,0.00043470500008879753,42,A07,cross-session,AdaBN
262,16,0,0.0004176730001290707,42,A07,cross-session,AdaBN
263,16,0,0.00048597600016364595,42,A07,cross-session,AdaBN
264,16,1,0.0005014169998958096,42,A07,cross-session,AdaBN
265,16,1,0.0004900830001588474,42,A07,cross-session,AdaBN
266,16,0,0.0004818160000468197,42,A07,cross-session,AdaBN
267,16,1,0.0005076519998965523,42,A07,cross-session,AdaBN
268,16,1,0.0005859410000539356,42,A07,cross-session,AdaBN
269,16,0,0.0005158049998499337,42,A07,cross-session,AdaBN
270,16,0,0.0005273110000416636,42,A07,cross-session,AdaBN
271,16,0,0.0006425450001188437,42,A07,cross-session,AdaBN
272,16,0,0.0005524959999547718,42,A07,cross-session,AdaBN
273,16,0,0.0005267920000733284,42,A07,cross-session,AdaBN
274,16,1,0.00045765999993818696,42,A07,cross-session,AdaBN
275,16,1,0.0004811549999885756,42,A07,cross-session,AdaBN
276,16,0,0.00046717400005036325,42,A07,cross-session,AdaBN
277,16,0,0.0004330070000833075,42,A07,cross-session,AdaBN
278,16,0,0.0003526160001001699,42,A07,cross-session,AdaBN
279,16,0,0.00042353499998171174,42,A07,cross-session,AdaBN
280,16,0,0.00041444599992246367,42,A07,cross-session,AdaBN
281,16,0,0.0003534600000421051,42,A07,cross-session,AdaBN
282,16,1,0.0004187029999229708,42,A07,cross-session,AdaBN
283,16,0,0.00046408799994424044,42,A07,cross-session,AdaBN
284,16,1,0.0003533970000262343,42,A07,cross-session,AdaBN
285,16,0,0.00048791700010042405,42,A07,cross-session,AdaBN
286,16,0,0.0005179150000458321,42,A07,cross-session,AdaBN
287,16,0,0.00046064799994383065,42,A07,cross-session,AdaBN
0,1,1,0.0011497360001158086,42,A08,cross-session,AdaBN
1,2,1,0.0009268759999940812,42,A08,cross-session,AdaBN
2,3,1,0.0008752800001730066,42,A08,cross-session,AdaBN
3,4,0,0.0008773740000833641,42,A08,cross-session,AdaBN
4,5,1,0.0008415929999046057,42,A08,cross-session,AdaBN
5,6,0,0.0008392160000312288,42,A08,cross-session,AdaBN
6,7,1,0.0009009670000068581,42,A08,cross-session,AdaBN
7,8,0,0.0008659390000502754,42,A08,cross-session,AdaBN
8,9,1,0.000859126000023025,42,A08,cross-session,AdaBN
9,10,0,0.0008959120000326948,42,A08,cross-session,AdaBN
10,11,0,0.000725864000060028,42,A08,cross-session,AdaBN
11,12,1,0.0007020240000201738,42,A08,cross-session,AdaBN
12,13,1,0.0006794490000174847,42,A08,cross-session,AdaBN
13,14,1,0.0006716330001381721,42,A08,cross-session,AdaBN
14,15,0,0.0006794539999646076,42,A08,cross-session,AdaBN
15,16,1,0.0006818120000389172,42,A08,cross-session,AdaBN
16,16,1,0.0006747249999534688,42,A08,cross-session,AdaBN
17,16,1,0.0006613870000364841,42,A08,cross-session,AdaBN
18,16,1,0.000672047000080056,42,A08,cross-session,AdaBN
19,16,0,0.000692150000077163,42,A08,cross-session,AdaBN
20,16,0,0.0016547049999644514,42,A08,cross-session,AdaBN
21,16,1,0.001235726999993858,42,A08,cross-session,AdaBN
22,16,1,0.0010995349998665915,42,A08,cross-session,AdaBN
23,16,0,0.0005887740001071506,42,A08,cross-session,AdaBN
24,16,1,0.0004706910001459619,42,A08,cross-session,AdaBN
25,16,1,0.000471177000008538,42,A08,cross-session,AdaBN
26,16,0,0.0005483970001023408,42,A08,cross-session,AdaBN
27,16,0,0.0004588970000440895,42,A08,cross-session,AdaBN
28,16,0,0.0005095459998756269,42,A08,cross-session,AdaBN
29,16,0,0.0005306789998940076,42,A08,cross-session,AdaBN
30,16,1,0.0004448400000001129,42,A08,cross-session,AdaBN
31,16,1,0.0005359639999369392,42,A08,cross-session,AdaBN
32,16,1,0.000475451000056637,42,A08,cross-session,AdaBN
33,16,1,0.00052512399997795,42,A08,cross-session,AdaBN
34,16,1,0.0004402249999202468,42,A08,cross-session,AdaBN
35,16,1,0.0005578459999924235,42,A08,cross-session,AdaBN
36,16,1,0.0005030780000652157,42,A08,cross-session,AdaBN
37,16,1,0.0004173679999439628,42,A08,cross-session,AdaBN
38,16,1,0.00045230699993226153,42,A08,cross-session,AdaBN
39,16,1,0.0003838869999981398,42,A08,cross-session,AdaBN
40,16,1,0.0006429400000342866,42,A08,cross-session,AdaBN
41,16,1,0.0006223129998943477,42,A08,cross-session,AdaBN
42,16,0,0.0004133830000228045,42,A08,cross-session,AdaBN
43,16,0,0.00047653899991928483,42,A08,cross-session,AdaBN
44,16,1,0.00040465400002176466,42,A08,cross-session,AdaBN
45,16,1,0.0004391350000787497,42,A08,cross-session,AdaBN
46,16,1,0.0003696700000546116,42,A08,cross-session,AdaBN
47,16,1,0.00044882299994242203,42,A08,cross-session,AdaBN
48,16,1,0.00036488699993242335,42,A08,cross-session,AdaBN
49,16,1,0.00042280000002392626,42,A08,cross-session,AdaBN
50,16,1,0.0004293769998184871,42,A08,cross-session,AdaBN
51,16,1,0.0004270980000455893,42,A08,cross-session,AdaBN
52,16,1,0.0004099899999800982,42,A08,cross-session,AdaBN
53,16,1,0.0005263730001843214,42,A08,cross-session,AdaBN
54,16,1,0.0005612689999452414,42,A08,cross-session,AdaBN
55,16,1,0.00041332700016027957,42,A08,cross-session,AdaBN
56,16,0,0.0004454930001429602,42,A08,cross-session,AdaBN
57,16,1,0.00038928200001464575,42,A08,cross-session,AdaBN
58,16,1,0.0004830909999782307,42,A08,cross-session,AdaBN
59,16,0,0.0005532429997856525,42,A08,cross-session,AdaBN
60,16,0,0.00036017100001117797,42,A08,cross-session,AdaBN
61,16,1,0.0004636080000182119,42,A08,cross-session,AdaBN
62,16,1,0.0003957819999413914,42,A08,cross-session,AdaBN
63,16,1,0.0004628240001238737,42,A08,cross-session,AdaBN
64,16,1,0.00039164800000435207,42,A08,cross-session,AdaBN
65,16,1,0.00040085499995257123,42,A08,cross-session,AdaBN
66,16,1,0.0003688840001814242,42,A08,cross-session,AdaBN
67,16,1,0.000354073999915272,42,A08,cross-session,AdaBN
68,16,1,0.00038890499990884564,42,A08,cross-session,AdaBN
69,16,1,0.00035250399992037273,42,A08,cross-session,AdaBN
70,16,1,0.0003718860000390123,42,A08,cross-session,AdaBN
71,16,1,0.0003616910000800999,42,A08,cross-session,AdaBN
72,16,1,0.00038048099986554007,42,A08,cross-session,AdaBN
73,16,1,0.00035017300001527474,42,A08,cross-session,AdaBN
74,16,1,0.00038539800016224035,42,A08,cross-session,AdaBN
75,16,1,0.00040332900016437634,42,A08,cross-session,AdaBN
76,16,1,0.0004198390001874941,42,A08,cross-session,AdaBN
77,16,1,0.00036278999982641835,42,A08,cross-session,AdaBN
78,16,1,0.0003886500001044624,42,A08,cross-session,AdaBN
79,16,0,0.0003454830000464426,42,A08,cross-session,AdaBN
80,16,1,0.00038403000007747323,42,A08,cross-session,AdaBN
81,16,1,0.0003575440000531671,42,A08,cross-session,AdaBN
82,16,1,0.0003801909999765485,42,A08,cross-session,AdaBN
83,16,0,0.0003605459999107552,42,A08,cross-session,AdaBN
84,16,1,0.0003769790000660578,42,A08,cross-session,AdaBN
85,16,1,0.0003583389998311759,42,A08,cross-session,AdaBN
86,16,1,0.00036620100013351475,42,A08,cross-session,AdaBN
87,16,0,0.0003576610001800873,42,A08,cross-session,AdaBN
88,16,0,0.00039942399985193333,42,A08,cross-session,AdaBN
89,16,1,0.00044232599998395017,42,A08,cross-session,AdaBN
90,16,0,0.0004114200000913115,42,A08,cross-session,AdaBN
91,16,0,0.00045102300009602914,42,A08,cross-session,AdaBN
92,16,1,0.00040864899983716896,42,A08,cross-session,AdaBN
93,16,1,0.00042063700016115035,42,A08,cross-session,AdaBN
94,16,0,0.00035065400015810155,42,A08,cross-session,AdaBN
95,16,1,0.00040874599994822347,42,A08,cross-session,AdaBN
96,16,1,0.00035653100007948524,42,A08,cross-session,AdaBN
97,16,0,0.0004083530000116298,42,A08,cross-session,AdaBN
98,16,1,0.00036134900005890813,42,A08,cross-session,AdaBN
99,16,1,0.0004158000001552864,42,A08,cross-session,AdaBN
100,16,1,0.00036112299994783825,42,A08,cross-session,AdaBN
101,16,0,0.00046583000016653386,42,A08,cross-session,AdaBN
102,16,1,0.0004366729999674135,42,A08,cross-session,AdaBN
103,16,1,0.00041173899990099017,42,A08,cross-session,AdaBN
104,16,1,0.0003598840000904602,42,A08,cross-session,AdaBN
105,16,1,0.00042379599995001627,42,A08,cross-session,AdaBN
106,16,1,0.000359194000111529,42,A08,cross-session,AdaBN
107,16,1,0.0003713429998697393,42,A08,cross-session,AdaBN
108,16,0,0.0003720979998433904,42,A08,cross-session,AdaBN
109,16,1,0.00037972699988131353,42,A08,cross-session,AdaBN
110,16,0,0.00036876000012853183,42,A08,cross-session,AdaBN
111,16,1,0.0003612040000007255,42,A08,cross-session,AdaBN
112,16,1,0.0003658079999695474,42,A08,cross-session,AdaBN
113,16,0,0.00036672099986390094,42,A08,cross-session,AdaBN
114,16,1,0.0004084659999534779,42,A08,cross-session,AdaBN
115,16,1,0.00047369399999297457,42,A08,cross-session,AdaBN
116,16,1,0.0004389339999306685,42,A08,cross-session,AdaBN
117,16,1,0.0003742370001873496,42,A08,cross-session,AdaBN
118,16,1,0.00046363000001292676,42,A08,cross-session,AdaBN
119,16,1,0.00036860099999103113,42,A08,cross-session,AdaBN
120,16,1,0.00047177999999803433,42,A08,cross-session,AdaBN
121,16,1,0.0003973190000579052,42,A08,cross-session,AdaBN
122,16,0,0.0003565009999419999,42,A08,cross-session,AdaBN
123,16,1,0.00040493500000593485,42,A08,cross-session,AdaBN
124,16,0,0.0003711720000865171,42,A08,cross-session,AdaBN
125,16,1,0.00046658299993396213,42,A08,cross-session,AdaBN
126,16,1,0.0004759679998187494,42,A08,cross-session,AdaBN
127,16,1,0.0003610429998843756,42,A08,cross-session,AdaBN
128,16,0,0.00041410700009691936,42,A08,cross-session,AdaBN
129,16,1,0.0003894169999512087,42,A08,cross-session,AdaBN
130,16,0,0.0003563489999578451,42,A08,cross-session,AdaBN
131,16,0,0.00041360400018675136,42,A08,cross-session,AdaBN
132,16,1,0.00036892999992232944,42,A08,cross-session,AdaBN
133,16,1,0.00037793399997099186,42,A08,cross-session,AdaBN
134,16,1,0.00041643600002316816,42,A08,cross-session,AdaBN
135,16,1,0.00036978900016038097,42,A08,cross-session,AdaBN
136,16,1,0.00043039499996666564,42,A08,cross-session,AdaBN
137,16,0,0.00045825800020793395,42,A08,cross-session,AdaBN
138,16,0,0.0003611499998896761,42,A08,cross-session,AdaBN
139,16,1,0.0003830030000244733,42,A08,cross-session,AdaBN
140,16,0,0.00039978300014809065,42,A08,cross-session,AdaBN
141,16,0,0.000351035999983651,42,A08,cross-session,AdaBN
142,16,1,0.00037712199991801754,42,A08,cross-session,AdaBN
143,16,1,0.0003610240000853082,42,A08,cross-session,AdaBN
144,16,0,0.0003520239999943442,42,A08,cross-session,AdaBN
145,16,1,0.00038667800004077435,42,A08,cross-session,AdaBN
146,16,0,0.0003613569999743049,42,A08,cross-session,AdaBN
147,16,1,0.0004451329998573783,42,A08,cross-session,AdaBN
148,16,0,0.0004375000000891305,42,A08,cross-session,AdaBN
149,16,1,0.00039115999993555306,42,A08,cross-session,AdaBN
150,16,1,0.00036123799986853555,42,A08,cross-session,AdaBN
151,16,1,0.00036199300006956037,42,A08,cross-session,AdaBN
152,16,1,0.0003886970000621659,42,A08,cross-session,AdaBN
153,16,1,0.00035044199989897606,42,A08,cross-session,AdaBN
154,16,1,0.0003534519998993346,42,A08,cross-session,AdaBN
155,16,1,0.0003550619999259652,42,A08,cross-session,AdaBN
156,16,0,0.0003460420000465092,42,A08,cross-session,AdaBN
157,16,0,0.0003676260000702314,42,A08,cross-session,AdaBN
158,16,1,0.0004675389998283208,42,A08,cross-session,AdaBN
159,16,0,0.0003919620000942814,42,A08,cross-session,AdaBN
160,16,1,0.00037373099985416047,42,A08,cross-session,AdaBN
161,16,1,0.0003865860001042165,42,A08,cross-session,AdaBN
162,16,1,0.0003494840000257682,42,A08,cross-session,AdaBN
163,16,0,0.00035939400004281197,42,A08,cross-session,AdaBN
164,16,0,0.0003607759999795235,42,A08,cross-session,AdaBN
165,16,1,0.00035122899998896173,42,A08,cross-session,AdaBN
166,16,0,0.00035432599997875514,42,A08,cross-session,AdaBN
167,16,1,0.00043386800007283455,42,A08,cross-session,AdaBN
168,16,1,0.00038823599993520475,42,A08,cross-session,AdaBN
169,16,1,0.0004051160001381504,42,A08,cross-session,AdaBN
170,16,1,0.00036437800008570775,42,A08,cross-session,AdaBN
171,16,0,0.0003599459998895327,42,A08,cross-session,AdaBN
172,16,1,0.00035204200003136066,42,A08,cross-session,AdaBN
173,16,1,0.0003589419998206722,42,A08,cross-session,AdaBN
174,16,1,0.00035243399997852976,42,A08,cross-session,AdaBN
175,16,1,0.00035747700007959793,42,A08,cross-session,AdaBN
176,16,1,0.0003536159999839583,42,A08,cross-session,AdaBN
177,16,1,0.0004904300001271622,42,A08,cross-session,AdaBN
178,16,1,0.0004145369998695969,42,A08,cross-session,AdaBN
179,16,0,0.00041886400003932067,42,A08,cross-session,AdaBN
180,16,1,0.00036887400005980453,42,A08,cross-session,AdaBN
181,16,0,0.00038655700018352945,42,A08,cross-session,AdaBN
182,16,1,0.0003836660000615666,42,A08,cross-session,AdaBN
183,16,1,0.0003574909999315423,42,A08,cross-session,AdaBN
184,16,1,0.00035277899996799533,42,A08,cross-session,AdaBN
185,16,1,0.0003783619999921939,42,A08,cross-session,AdaBN
186,16,1,0.00036449899994295265,42,A08,cross-session,AdaBN
187,16,1,0.0003530020001107914,42,A08,cross-session,AdaBN
188,16,0,0.0004074689998105896,42,A08,cross-session,AdaBN
189,16,1,0.00046070600001257844,42,A08,cross-session,AdaBN
190,16,1,0.0003944019999835291,42,A08,cross-session,AdaBN
191,16,0,0.000402098999984446,42,A08,cross-session,AdaBN
192,16,1,0.0003805759999977454,42,A08,cross-session,AdaBN
193,16,1,0.0003590989999793237,42,A08,cross-session,AdaBN
194,16,1,0.0003748629999336117,42,A08,cross-session,AdaBN
195,16,1,0.0003786680001667264,42,A08,cross-session,AdaBN
196,16,0,0.0003493740000521939,42,A08,cross-session,AdaBN
197,16,0,0.00040105800007950165,42,A08,cross-session,AdaBN
198,16,0,0.00046767300000283285,42,A08,cross-session,AdaBN
199,16,1,0.00044183400018482644,42,A08,cross-session,AdaBN
200,16,1,0.000422011999944516,42,A08,cross-session,AdaBN
201,16,0,0.00038027000005058653,42,A08,cross-session,AdaBN
202,16,1,0.0003487620001578762,42,A08,cross-session,AdaBN
203,16,1,0.00037781800006086996,42,A08,cross-session,AdaBN
204,16,1,0.00038985199989838293,42,A08,cross-session,AdaBN
205,16,1,0.0003541409998888412,42,A08,cross-session,AdaBN
206,16,0,0.0003810190000876901,42,A08,cross-session,AdaBN
207,16,1,0.00038673200015182374,42,A08,cross-session,AdaBN
208,16,1,0.00036310700011199515,42,A08,cross-session,AdaBN
209,16,0,0.00046008699996491487,42,A08,cross-session,AdaBN
210,16,1,0.0005342319998362655,42,A08,cross-session,AdaBN
211,16,0,0.00045018000014351855,42,A08,cross-session,AdaBN
212,16,0,0.00039774900005795644,42,A08,cross-session,AdaBN
213,16,1,0.0003949930000999302,42,A08,cross-session,AdaBN
214,16,1,0.0003708899998855486,42,A08,cross-session,AdaBN
215,16,1,0.00035624799988909217,42,A08,cross-session,AdaBN
216,16,1,0.0004219930001454486,42,A08,cross-session,AdaBN
217,16,1,0.0003734229999281524,42,A08,cross-session,AdaBN
218,16,0,0.0003585039999052242,42,A08,cross-session,AdaBN
219,16,1,0.00042301200005567807,42,A08,cross-session,AdaBN
220,16,1,0.0004278149999663583,42,A08,cross-session,AdaBN
221,16,1,0.00044144100002085906,42,A08,cross-session,AdaBN
222,16,1,0.0005011000000649801,42,A08,cross-session,AdaBN
223,16,1,0.0005151620000560797,42,A08,cross-session,AdaBN
224,16,1,0.0004956499999480002,42,A08,cross-session,AdaBN
225,16,0,0.000416602999848692,42,A08,cross-session,AdaBN
226,16,1,0.0004804250002052868,42,A08,cross-session,AdaBN
227,16,0,0.00037130400005480624,42,A08,cross-session,AdaBN
228,16,1,0.0004057959999954619,42,A08,cross-session,AdaBN
229,16,1,0.0004612170000655169,42,A08,cross-session,AdaBN
230,16,1,0.00047360499979731685,42,A08,cross-session,AdaBN
231,16,1,0.00040886800002226664,42,A08,cross-session,AdaBN
232,16,0,0.00045844100009162503,42,A08,cross-session,AdaBN
233,16,0,0.0003993389998413477,42,A08,cross-session,AdaBN
234,16,1,0.0003669640000225627,42,A08,cross-session,AdaBN
235,16,1,0.0004751750000195898,42,A08,cross-session,AdaBN
236,16,1,0.0003749730001345597,42,A08,cross-session,AdaBN
237,16,1,0.0004002030000265222,42,A08,cross-session,AdaBN
238,16,1,0.000465697999970871,42,A08,cross-session,AdaBN
239,16,1,0.00043819100005748624,42,A08,cross-session,AdaBN
240,16,1,0.00041018199999598437,42,A08,cross-session,AdaBN
241,16,1,0.0004321209999034181,42,A08,cross-session,AdaBN
242,16,1,0.0003995350000423059,42,A08,cross-session,AdaBN
243,16,1,0.00041826300002867356,42,A08,cross-session,AdaBN
244,16,1,0.0004435759999523725,42,A08,cross-session,AdaBN
245,16,1,0.0004127729998799623,42,A08,cross-session,AdaBN
246,16,0,0.00039477099994655873,42,A08,cross-session,AdaBN
247,16,0,0.0004212239998651057,42,A08,cross-session,AdaBN
248,16,0,0.0003801660000135598,42,A08,cross-session,AdaBN
249,16,1,0.0004062180000801163,42,A08,cross-session,AdaBN
250,16,1,0.0004526169998371188,42,A08,cross-session,AdaBN
251,16,0,0.0004260950001935271,42,A08,cross-session,AdaBN
252,16,0,0.00038436099998762074,42,A08,cross-session,AdaBN
253,16,1,0.00036351499988995783,42,A08,cross-session,AdaBN
254,16,0,0.0003546349998941878,42,A08,cross-session,AdaBN
255,16,0,0.0003538810001373349,42,A08,cross-session,AdaBN
256,16,1,0.0003560579998520552,42,A08,cross-session,AdaBN
257,16,1,0.0003544209998835868,42,A08,cross-session,AdaBN
258,16,1,0.00034828899993044615,42,A08,cross-session,AdaBN
259,16,1,0.00038176599991857074,42,A08,cross-session,AdaBN
260,16,1,0.00043780700002571393,42,A08,cross-session,AdaBN
261,16,0,0.00043493099997249374,42,A08,cross-session,AdaBN
262,16,1,0.0004205100001399842,42,A08,cross-session,AdaBN
263,16,1,0.0003806750000876491,42,A08,cross-session,AdaBN
264,16,0,0.0003488129998459044,42,A08,cross-session,AdaBN
265,16,1,0.0003849519998766482,42,A08,cross-session,AdaBN
266,16,0,0.00035618500010059506,42,A08,cross-session,AdaBN
267,16,0,0.00040348500010622956,42,A08,cross-session,AdaBN
268,16,1,0.0004079430000274442,42,A08,cross-session,AdaBN
269,16,1,0.00036033100013810326,42,A08,cross-session,AdaBN
270,16,1,0.00042426299978615134,42,A08,cross-session,AdaBN
271,16,1,0.0004104429999642889,42,A08,cross-session,AdaBN
272,16,0,0.0003647429998636653,42,A08,cross-session,AdaBN
273,16,1,0.00039592500002072484,42,A08,cross-session,AdaBN
274,16,1,0.0004008089999842923,42,A08,cross-session,AdaBN
275,16,1,0.00034661200015762006,42,A08,cross-session,AdaBN
276,16,0,0.0003526270002112142,42,A08,cross-session,AdaBN
277,16,1,0.0003936200000680401,42,A08,cross-session,AdaBN
278,16,1,0.0003536399999575224,42,A08,cross-session,AdaBN
279,16,0,0.00037993699993421615,42,A08,cross-session,AdaBN
280,16,1,0.000395349999962491,42,A08,cross-session,AdaBN
281,16,1,0.00043543399988266174,42,A08,cross-session,AdaBN
282,16,0,0.0003960070000630367,42,A08,cross-session,AdaBN
283,16,1,0.0003816079999978683,42,A08,cross-session,AdaBN
284,16,1,0.00034491999986130395,42,A08,cross-session,AdaBN
285,16,0,0.00038263900000856665,42,A08,cross-session,AdaBN
286,16,1,0.00037782600020364043,42,A08,cross-session,AdaBN
287,16,0,0.0003556650001428352,42,A08,cross-session,AdaBN
0,1,1,0.0024402720000580302,42,A09,cross-session,AdaBN
1,2,1,0.0020145440000760573,42,A09,cross-session,AdaBN
2,3,1,0.001909239000042362,42,A09,cross-session,AdaBN
3,4,1,0.0019168709998211853,42,A09,cross-session,AdaBN
4,5,1,0.0019354050000401912,42,A09,cross-session,AdaBN
5,6,1,0.0016646479998598807,42,A09,cross-session,AdaBN
6,7,1,0.0016658170000027894,42,A09,cross-session,AdaBN
7,8,0,0.0017196599999351747,42,A09,cross-session,AdaBN
8,9,0,0.0016887530000531115,42,A09,cross-session,AdaBN
9,10,1,0.0016490559999056131,42,A09,cross-session,AdaBN
10,11,1,0.0010292899999058136,42,A09,cross-session,AdaBN
11,12,0,0.0006724480001594202,42,A09,cross-session,AdaBN
12,13,1,0.0006929600001512881,42,A09,cross-session,AdaBN
13,14,1,0.000591568000118059,42,A09,cross-session,AdaBN
14,15,1,0.0006190100000367238,42,A09,cross-session,AdaBN
15,16,1,0.0004472989999158017,42,A09,cross-session,AdaBN
16,16,1,0.00047730000005685724,42,A09,cross-session,AdaBN
17,16,1,0.00043042900006184937,42,A09,cross-session,AdaBN
18,16,1,0.0005599199998869153,42,A09,cross-session,AdaBN
19,16,1,0.0006307620001280156,42,A09,cross-session,AdaBN
20,16,1,0.0004851720000260684,42,A09,cross-session,AdaBN
21,16,0,0.0005616710000140301,42,A09,cross-session,AdaBN
22,16,1,0.0005361829998946632,42,A09,cross-session,AdaBN
23,16,1,0.0005328129998360964,42,A09,cross-session,AdaBN
24,16,1,0.0005539539999972476,42,A09,cross-session,AdaBN
25,16,1,0.0006814829998802452,42,A09,cross-session,AdaBN
26,16,1,0.0004462340000372933,42,A09,cross-session,AdaBN
27,16,1,0.0007202899998901557,42,A09,cross-session,AdaBN
28,16,1,0.0005677750000359083,42,A09,cross-session,AdaBN
29,16,1,0.0004928260000269802,42,A09,cross-session,AdaBN
30,16,1,0.00043193300007260405,42,A09,cross-session,AdaBN
31,16,1,0.00037141500001780514,42,A09,cross-session,AdaBN
32,16,1,0.0004316790000302717,42,A09,cross-session,AdaBN
33,16,0,0.00037473099996532255,42,A09,cross-session,AdaBN
34,16,0,0.0004140920000281767,42,A09,cross-session,AdaBN
35,16,1,0.00042960600012520445,42,A09,cross-session,AdaBN
36,16,1,0.0004996700001811405,42,A09,cross-session,AdaBN
37,16,1,0.0005253159999938362,42,A09,cross-session,AdaBN
38,16,1,0.0005906779999804712,42,A09,cross-session,AdaBN
39,16,1,0.000670931000058772,42,A09,cross-session,AdaBN
40,16,1,0.0005822850000640756,42,A09,cross-session,AdaBN
41,16,1,0.0005652749998716899,42,A09,cross-session,AdaBN
42,16,1,0.000626752000016495,42,A09,cross-session,AdaBN
43,16,0,0.0004760960000567138,42,A09,cross-session,AdaBN
44,16,1,0.0003974369999468763,42,A09,cross-session,AdaBN
45,16,0,0.000397168000063175,42,A09,cross-session,AdaBN
46,16,1,0.00042124900005546806,42,A09,cross-session,AdaBN
47,16,1,0.0006328290000965353,42,A09,cross-session,AdaBN
48,16,1,0.000538258999995378,42,A09,cross-session,AdaBN
49,16,1,0.0004177840000920696,42,A09,cross-session,AdaBN
50,16,1,0.000350961000094685,42,A09,cross-session,AdaBN
51,16,1,0.000418579999859503,42,A09,cross-session,AdaBN
52,16,1,0.000353635999999824,42,A09,cross-session,AdaBN
53,16,1,0.00039968400005818694,42,A09,cross-session,AdaBN
54,16,1,0.00035946100001638115,42,A09,cross-session,AdaBN
55,16,1,0.0004062359998897591,42,A09,cross-session,AdaBN
56,16,1,0.00036661099989032664,42,A09,cross-session,AdaBN
57,16,1,0.00040643100010129274,42,A09,cross-session,AdaBN
58,16,1,0.00036095200016461604,42,A09,cross-session,AdaBN
59,16,1,0.0004483239999899524,42,A09,cross-session,AdaBN
60,16,1,0.0004211860000395973,42,A09,cross-session,AdaBN
61,16,1,0.0004463589998522366,42,A09,cross-session,AdaBN
62,16,1,0.0003547700000581244,42,A09,cross-session,AdaBN
63,16,1,0.0004362010001841554,42,A09,cross-session,AdaBN
64,16,1,0.000351413999851502,42,A09,cross-session,AdaBN
65,16,1,0.0004189660000974982,42,A09,cross-session,AdaBN
66,16,0,0.0003517390000524756,42,A09,cross-session,AdaBN
67,16,1,0.00038895800003047043,42,A09,cross-session,AdaBN
68,16,1,0.0003610979999848496,42,A09,cross-session,AdaBN
69,16,0,0.00040113199997904303,42,A09,cross-session,AdaBN
70,16,0,0.0003785899998547393,42,A09,cross-session,AdaBN
71,16,1,0.0004478579999158683,42,A09,cross-session,AdaBN
72,16,1,0.00043314399999871966,42,A09,cross-session,AdaBN
73,16,1,0.00043935899998359673,42,A09,cross-session,AdaBN
74,16,1,0.0004029269998682139,42,A09,cross-session,AdaBN
75,16,1,0.0003542379999998957,42,A09,cross-session,AdaBN
76,16,1,0.0003808220001246809,42,A09,cross-session,AdaBN
77,16,0,0.0003539079998517991,42,A09,cross-session,AdaBN
78,16,0,0.00036625899997488887,42,A09,cross-session,AdaBN
79,16,1,0.00036450399989007565,42,A09,cross-session,AdaBN
80,16,1,0.0003750420000869781,42,A09,cross-session,AdaBN
81,16,1,0.00036688000000140164,42,A09,cross-session,AdaBN
82,16,1,0.00037090599994371587,42,A09,cross-session,AdaBN
83,16,1,0.0003546929999629356,42,A09,cross-session,AdaBN
84,16,1,0.0003643649999958143,42,A09,cross-session,AdaBN
85,16,1,0.00035425700002633675,42,A09,cross-session,AdaBN
86,16,1,0.0004304809999666759,42,A09,cross-session,AdaBN
87,16,1,0.0004127500001231965,42,A09,cross-session,AdaBN
88,16,0,0.0004298629999084369,42,A09,cross-session,AdaBN
89,16,1,0.0004006019998996635,42,A09,cross-session,AdaBN
90,16,1,0.00036023699999532255,42,A09,cross-session,AdaBN
91,16,1,0.000366794999990816,42,A09,cross-session,AdaBN
92,16,1,0.00035939200006396277,42,A09,cross-session,AdaBN
93,16,1,0.0003744759999335656,42,A09,cross-session,AdaBN
94,16,0,0.00039917000003697467,42,A09,cross-session,AdaBN
95,16,1,0.00037263800004438963,42,A09,cross-session,AdaBN
96,16,1,0.000404699000000619,42,A09,cross-session,AdaBN
97,16,1,0.0003590480000639218,42,A09,cross-session,AdaBN
98,16,1,0.0003568950000953919,42,A09,cross-session,AdaBN
99,16,1,0.00035985099998470105,42,A09,cross-session,AdaBN
100,16,1,0.00042518800000834744,42,A09,cross-session,AdaBN
101,16,1,0.0004368130000784731,42,A09,cross-session,AdaBN
102,16,1,0.00037887400003455696,42,A09,cross-session,AdaBN
103,16,1,0.00041522400010762794,42,A09,cross-session,AdaBN
104,16,0,0.00044284699993113463,42,A09,cross-session,AdaBN
105,16,1,0.00040809200004332524,42,A09,cross-session,AdaBN
106,16,1,0.00035388399987823504,42,A09,cross-session,AdaBN
107,16,1,0.0005070209999757935,42,A09,cross-session,AdaBN
108,16,0,0.00038912399986656965,42,A09,cross-session,AdaBN
109,16,1,0.000357450999899811,42,A09,cross-session,AdaBN
110,16,1,0.00040670700013833994,42,A09,cross-session,AdaBN
111,16,1,0.00043119700012539397,42,A09,cross-session,AdaBN
112,16,1,0.0004883589999735705,42,A09,cross-session,AdaBN
113,16,0,0.0003687220000756497,42,A09,cross-session,AdaBN
114,16,1,0.0004271929999504209,42,A09,cross-session,AdaBN
115,16,1,0.0003810119999343442,42,A09,cross-session,AdaBN
116,16,1,0.0003626850000273407,42,A09,cross-session,AdaBN
117,16,1,0.0003870579998874746,42,A09,cross-session,AdaBN
118,16,1,0.0003788440001244453,42,A09,cross-session,AdaBN
119,16,1,0.0003886580000198592,42,A09,cross-session,AdaBN
120,16,0,0.00035496999998940737,42,A09,cross-session,AdaBN
121,16,1,0.00038646300004074874,42,A09,cross-session,AdaBN
122,16,1,0.0003602679998948588,42,A09,cross-session,AdaBN
123,16,1,0.00039940500005286594,42,A09,cross-session,AdaBN
124,16,1,0.0005188579998502973,42,A09,cross-session,AdaBN
125,16,1,0.00044245300000511634,42,A09,cross-session,AdaBN
126,16,1,0.0004313419999562029,42,A09,cross-session,AdaBN
127,16,1,0.00035786200010079483,42,A09,cross-session,AdaBN
128,16,1,0.0003859299999930954,42,A09,cross-session,AdaBN
129,16,1,0.00036161999992145866,42,A09,cross-session,AdaBN
130,16,1,0.00037557199993898394,42,A09,cross-session,AdaBN
131,16,1,0.0004443410000476433,42,A09,cross-session,AdaBN
132,16,0,0.0003617530001065461,42,A09,cross-session,AdaBN
133,16,0,0.0003756549999707204,42,A09,cross-session,AdaBN
134,16,0,0.00035000899993065104,42,A09,cross-session,AdaBN
135,16,1,0.000400499999841486,42,A09,cross-session,AdaBN
136,16,1,0.00037704900000790076,42,A09,cross-session,AdaBN
137,16,1,0.00044168399995214713,42,A09,cross-session,AdaBN
138,16,1,0.0004584739999700105,42,A09,cross-session,AdaBN
139,16,0,0.0003622009999162401,42,A09,cross-session,AdaBN
140,16,0,0.0004573559999698773,42,A09,cross-session,AdaBN
141,16,1,0.00036172399995848536,42,A09,cross-session,AdaBN
142,16,1,0.000397322000026179,42,A09,cross-session,AdaBN
143,16,1,0.0003590490000533464,42,A09,cross-session,AdaBN
144,16,0,0.00040678199979993224,42,A09,cross-session,AdaBN
145,16,0,0.00035160600009476184,42,A09,cross-session,AdaBN
146,16,1,0.00043065199997727177,42,A09,cross-session,AdaBN
147,16,1,0.00038767000000916596,42,A09,cross-session,AdaBN
148,16,1,0.0004283249998024985,42,A09,cross-session,AdaBN
149,16,1,0.0004466909999791824,42,A09,cross-session,AdaBN
150,16,1,0.0003493649999199988,42,A09,cross-session,AdaBN
151,16,1,0.00040799199996399693,42,A09,cross-session,AdaBN
152,16,1,0.00036276600008022797,42,A09,cross-session,AdaBN
153,16,0,0.00043591400003606395,42,A09,cross-session,AdaBN
154,16,1,0.0003805730000294716,42,A09,cross-session,AdaBN
155,16,1,0.00035327299997334194,42,A09,cross-session,AdaBN
156,16,1,0.00039951000007931725,42,A09,cross-session,AdaBN
157,16,0,0.0003562859999419743,42,A09,cross-session,AdaBN
158,16,1,0.00041478299999653245,42,A09,cross-session,AdaBN
159,16,0,0.0003546709999682207,42,A09,cross-session,AdaBN
160,16,0,0.0004355470000518835,42,A09,cross-session,AdaBN
161,16,0,0.00044094999998378626,42,A09,cross-session,AdaBN
162,16,0,0.0004040789999635308,42,A09,cross-session,AdaBN
163,16,1,0.00042634300007193815,42,A09,cross-session,AdaBN
164,16,1,0.00036909300001752854,42,A09,cross-session,AdaBN
165,16,1,0.00040947799993773515,42,A09,cross-session,AdaBN
166,16,1,0.0003534970001055626,42,A09,cross-session,AdaBN
167,16,1,0.0003914169999461592,42,A09,cross-session,AdaBN
168,16,1,0.0003533820001848653,42,A09,cross-session,AdaBN
169,16,0,0.0003628460001436906,42,A09,cross-session,AdaBN
170,16,1,0.00036459800003285636,42,A09,cross-session,AdaBN
171,16,1,0.00036003399986839213,42,A09,cross-session,AdaBN
172,16,1,0.00039075400013643957,42,A09,cross-session,AdaBN
173,16,0,0.00035747399988395046,42,A09,cross-session,AdaBN
174,16,1,0.0004440590000740485,42,A09,cross-session,AdaBN
175,16,1,0.0004323480000039126,42,A09,cross-session,AdaBN
176,16,1,0.0003694930001074681,42,A09,cross-session,AdaBN
177,16,1,0.00037313200004973623,42,A09,cross-session,AdaBN
178,16,0,0.0003643459999693732,42,A09,cross-session,AdaBN
179,16,1,0.00038324199999806297,42,A09,cross-session,AdaBN
180,16,1,0.00036427999998522864,42,A09,cross-session,AdaBN
181,16,1,0.00039994700000534067,42,A09,cross-session,AdaBN
182,16,0,0.0003513540000312787,42,A09,cross-session,AdaBN
183,16,1,0.00039149799999904644,42,A09,cross-session,AdaBN
184,16,1,0.000351961999967898,42,A09,cross-session,AdaBN
185,16,0,0.00042319799990764295,42,A09,cross-session,AdaBN
186,16,1,0.0004637279998860322,42,A09,cross-session,AdaBN
187,16,1,0.0003761410000606702,42,A09,cross-session,AdaBN
188,16,1,0.0004029289998470631,42,A09,cross-session,AdaBN
189,16,1,0.00035264899997855537,42,A09,cross-session,AdaBN
190,16,1,0.00035798099997919053,42,A09,cross-session,AdaBN
191,16,1,0.00037689800001317053,42,A09,cross-session,AdaBN
192,16,1,0.0003532509999786271,42,A09,cross-session,AdaBN
193,16,1,0.0003706269999383949,42,A09,cross-session,AdaBN
194,16,1,0.00035962199990535737,42,A09,cross-session,AdaBN
195,16,1,0.0003552700000000186,42,A09,cross-session,AdaBN
196,16,1,0.00038165299997672264,42,A09,cross-session,AdaBN
197,16,1,0.00042402400003993534,42,A09,cross-session,AdaBN
198,16,0,0.00045958700002302066,42,A09,cross-session,AdaBN
199,16,1,0.00045711899997513683,42,A09,cross-session,AdaBN
200,16,1,0.00035255299985692545,42,A09,cross-session,AdaBN
201,16,1,0.0004159840000284021,42,A09,cross-session,AdaBN
202,16,1,0.0003619350000008126,42,A09,cross-session,AdaBN
203,16,1,0.0003583379998417513,42,A09,cross-session,AdaBN
204,16,1,0.0004194050000023708,42,A09,cross-session,AdaBN
205,16,1,0.0003678909999962343,42,A09,cross-session,AdaBN
206,16,1,0.00036836200001744146,42,A09,cross-session,AdaBN
207,16,1,0.00043154099989806127,42,A09,cross-session,AdaBN
208,16,1,0.0004394909999518859,42,A09,cross-session,AdaBN
209,16,1,0.0003644150001491653,42,A09,cross-session,AdaBN
210,16,1,0.0004377150000891561,42,A09,cross-session,AdaBN
211,16,1,0.0003676259998428577,42,A09,cross-session,AdaBN
212,16,1,0.00037766200011901674,42,A09,cross-session,AdaBN
213,16,1,0.00040178700010073953,42,A09,cross-session,AdaBN
214,16,0,0.0003913580001153605,42,A09,cross-session,AdaBN
215,16,1,0.00035488099979374965,42,A09,cross-session,AdaBN
216,16,1,0.00038257799997154507,42,A09,cross-session,AdaBN
217,16,0,0.0003480350001154875,42,A09,cross-session,AdaBN
218,16,0,0.0004280339999240823,42,A09,cross-session,AdaBN
219,16,1,0.00047330600000350387,42,A09,cross-session,AdaBN
220,16,1,0.0003722579999703157,42,A09,cross-session,AdaBN
221,16,1,0.00036249999993742676,42,A09,cross-session,AdaBN
222,16,1,0.0003588199999740027,42,A09,cross-session,AdaBN
223,16,1,0.00037037099991721334,42,A09,cross-session,AdaBN
224,16,1,0.0003562220001640526,42,A09,cross-session,AdaBN
225,16,1,0.00035907400001633505,42,A09,cross-session,AdaBN
226,16,1,0.00036398200018084026,42,A09,cross-session,AdaBN
227,16,0,0.0003891300000304909,42,A09,cross-session,AdaBN
228,16,1,0.00035995300004287856,42,A09,cross-session,AdaBN
229,16,1,0.0004205170000659564,42,A09,cross-session,AdaBN
230,16,0,0.000449222000042937,42,A09,cross-session,AdaBN
231,16,1,0.00039565999986734823,42,A09,cross-session,AdaBN
232,16,1,0.000353724999968108,42,A09,cross-session,AdaBN
233,16,1,0.0003636450001067715,42,A09,cross-session,AdaBN
234,16,1,0.00038325900004565483,42,A09,cross-session,AdaBN
235,16,1,0.00036537500000122236,42,A09,cross-session,AdaBN
236,16,0,0.00036289900003794173,42,A09,cross-session,AdaBN
237,16,1,0.000385368000024755,42,A09,cross-session,AdaBN
238,16,1,0.00038490800011459214,42,A09,cross-session,AdaBN
239,16,0,0.0004596349999701488,42,A09,cross-session,AdaBN
240,16,0,0.0004047820000323554,42,A09,cross-session,AdaBN
241,16,1,0.00035890799995286216,42,A09,cross-session,AdaBN
242,16,1,0.0003650779999588849,42,A09,cross-session,AdaBN
243,16,0,0.00040293699998983357,42,A09,cross-session,AdaBN
244,16,1,0.00037079100002301857,42,A09,cross-session,AdaBN
245,16,0,0.0003632589998687763,42,A09,cross-session,AdaBN
246,16,1,0.00038507900012518803,42,A09,cross-session,AdaBN
247,16,0,0.00035785799991572276,42,A09,cross-session,AdaBN
248,16,1,0.00035574100002122577,42,A09,cross-session,AdaBN
249,16,0,0.00043099300000903895,42,A09,cross-session,AdaBN
250,16,1,0.0004520079999110749,42,A09,cross-session,AdaBN
251,16,1,0.00036638400001720584,42,A09,cross-session,AdaBN
252,16,1,0.00037905699991824804,42,A09,cross-session,AdaBN
253,16,1,0.00034485299988773477,42,A09,cross-session,AdaBN
254,16,1,0.00036091199990551104,42,A09,cross-session,AdaBN
255,16,1,0.0003895640002156142,42,A09,cross-session,AdaBN
256,16,1,0.00035066400005234755,42,A09,cross-session,AdaBN
257,16,1,0.0003730930000074295,42,A09,cross-session,AdaBN
258,16,1,0.0003823509998710506,42,A09,cross-session,AdaBN
259,16,0,0.0003472710000096413,42,A09,cross-session,AdaBN
260,16,0,0.0004496770000059769,42,A09,cross-session,AdaBN
261,16,1,0.00042728099992928037,42,A09,cross-session,AdaBN
262,16,1,0.00035171500007891154,42,A09,cross-session,AdaBN
263,16,1,0.00038873000016792503,42,A09,cross-session,AdaBN
264,16,1,0.000392689999898721,42,A09,cross-session,AdaBN
265,16,1,0.0003702899998643261,42,A09,cross-session,AdaBN
266,16,0,0.00038486199991893955,42,A09,cross-session,AdaBN
267,16,1,0.000401740000143036,42,A09,cross-session,AdaBN
268,16,1,0.0003585440001643292,42,A09,cross-session,AdaBN
269,16,1,0.00035282399994684965,42,A09,cross-session,AdaBN
270,16,0,0.00037484800009224273,42,A09,cross-session,AdaBN
271,16,1,0.0004105650000383321,42,A09,cross-session,AdaBN
272,16,1,0.0003954379999413504,42,A09,cross-session,AdaBN
273,16,1,0.00040724600012254086,42,A09,cross-session,AdaBN
274,16,1,0.0003443819998665276,42,A09,cross-session,AdaBN
275,16,1,0.0003589909999845986,42,A09,cross-session,AdaBN
276,16,0,0.0003936699999940174,42,A09,cross-session,AdaBN
277,16,1,0.0003598600001168961,42,A09,cross-session,AdaBN
278,16,1,0.00035802100001092185,42,A09,cross-session,AdaBN
279,16,1,0.00038141400000313297,42,A09,cross-session,AdaBN
280,16,1,0.0004680770000504708,42,A09,cross-session,AdaBN
281,16,0,0.0004232799999499548,42,A09,cross-session,AdaBN
282,16,1,0.000412369000059698,42,A09,cross-session,AdaBN
283,16,0,0.00036085399983676325,42,A09,cross-session,AdaBN
284,16,1,0.0003569780001271283,42,A09,cross-session,AdaBN
285,16,0,0.00038203100007194735,42,A09,cross-session,AdaBN
286,16,1,0.00034573400012050115,42,A09,cross-session,AdaBN
287,16,0,0.0003632550001384516,42,A09,cross-session,AdaBN
0,1,1,0.0012158800000179326,97,A01,cross-session,AdaBN
1,2,1,0.0020401069998570165,97,A01,cross-session,AdaBN
2,3,1,0.0021070580000923655,97,A01,cross-session,AdaBN
3,4,1,0.0018421270001454104,97,A01,cross-session,AdaBN
4,5,1,0.0018578799999886542,97,A01,cross-session,AdaBN
5,6,0,0.0018892820000928623,97,A01,cross-session,AdaBN
6,7,0,0.001681656999835468,97,A01,cross-session,AdaBN
7,8,0,0.0016237390000242158,97,A01,cross-session,AdaBN
8,9,1,0.0017021379999277997,97,A01,cross-session,AdaBN
9,10,1,0.0016674850000981678,97,A01,cross-session,AdaBN
10,11,1,0.0015812420001566352,97,A01,cross-session,AdaBN
11,12,0,0.0015475590000733064,97,A01,cross-session,AdaBN
12,13,1,0.0013221749998137966,97,A01,cross-session,AdaBN
13,14,1,0.0009120970000822126,97,A01,cross-session,AdaBN
14,15,0,0.0005405540000538167,97,A01,cross-session,AdaBN
15,16,1,0.00047841499986134295,97,A01,cross-session,AdaBN
16,16,0,0.0004369309999674442,97,A01,cross-session,AdaBN
17,16,1,0.00047309299998232746,97,A01,cross-session,AdaBN
18,16,0,0.0004306920000090031,97,A01,cross-session,AdaBN
19,16,1,0.0005431009999483649,97,A01,cross-session,AdaBN
20,16,1,0.0005639190001147654,97,A01,cross-session,AdaBN
21,16,1,0.0004933210000217514,97,A01,cross-session,AdaBN
22,16,1,0.0005980249998174259,97,A01,cross-session,AdaBN
23,16,0,0.0005235129999618948,97,A01,cross-session,AdaBN
24,16,0,0.0006007590000081109,97,A01,cross-session,AdaBN
25,16,1,0.0006078179999349231,97,A01,cross-session,AdaBN
26,16,1,0.00047635500004616915,97,A01,cross-session,AdaBN
27,16,1,0.0005628110000088782,97,A01,cross-session,AdaBN
28,16,0,0.0005488399999649118,97,A01,cross-session,AdaBN
29,16,0,0.00047530000006190676,97,A01,cross-session,AdaBN
30,16,0,0.00043431800008875143,97,A01,cross-session,AdaBN
31,16,1,0.00038296499997159117,97,A01,cross-session,AdaBN
32,16,1,0.0004635529999177379,97,A01,cross-session,AdaBN
33,16,1,0.0003999849998308491,97,A01,cross-session,AdaBN
34,16,1,0.0004670519999763201,97,A01,cross-session,AdaBN
35,16,1,0.00043958499986729294,97,A01,cross-session,AdaBN
36,16,1,0.0005236409999724856,97,A01,cross-session,AdaBN
37,16,0,0.0005101149999973131,97,A01,cross-session,AdaBN
38,16,1,0.0005035209999277868,97,A01,cross-session,AdaBN
39,16,0,0.0006105669999669772,97,A01,cross-session,AdaBN
40,16,1,0.0005140759999449074,97,A01,cross-session,AdaBN
41,16,1,0.0005407480000485521,97,A01,cross-session,AdaBN
42,16,1,0.0005839169998580473,97,A01,cross-session,AdaBN
43,16,0,0.0006229730001905409,97,A01,cross-session,AdaBN
44,16,1,0.0006224470000688598,97,A01,cross-session,AdaBN
45,16,0,0.0006632170000102633,97,A01,cross-session,AdaBN
46,16,1,0.0007243090001338715,97,A01,cross-session,AdaBN
47,16,0,0.000736194999944928,97,A01,cross-session,AdaBN
48,16,0,0.0007674670000596961,97,A01,cross-session,AdaBN
49,16,0,0.0007928479999463889,97,A01,cross-session,AdaBN
50,16,1,0.00075919599998997,97,A01,cross-session,AdaBN
51,16,0,0.0007832709998183418,97,A01,cross-session,AdaBN
52,16,1,0.0007594209998842416,97,A01,cross-session,AdaBN
53,16,1,0.0007358159998602787,97,A01,cross-session,AdaBN
54,16,0,0.0007091320001109125,97,A01,cross-session,AdaBN
55,16,1,0.0007068389998039493,97,A01,cross-session,AdaBN
56,16,1,0.0006506529998659971,97,A01,cross-session,AdaBN
57,16,1,0.0006759420000435057,97,A01,cross-session,AdaBN
58,16,1,0.0006663680001111061,97,A01,cross-session,AdaBN
59,16,1,0.0006089900000461057,97,A01,cross-session,AdaBN
60,16,0,0.0006205990000580641,97,A01,cross-session,AdaBN
61,16,0,0.0006077139998978964,97,A01,cross-session,AdaBN
62,16,1,0.0005945549999069044,97,A01,cross-session,AdaBN
63,16,1,0.0005541250000078435,97,A01,cross-session,AdaBN
64,16,1,0.0005892880001283629,97,A01,cross-session,AdaBN
65,16,0,0.0005577700001140329,97,A01,cross-session,AdaBN
66,16,0,0.0005481780001446168,97,A01,cross-session,AdaBN
67,16,1,0.000522449999834862,97,A01,cross-session,AdaBN
68,16,1,0.0005286329999307782,97,A01,cross-session,AdaBN
69,16,0,0.000504597999906764,97,A01,cross-session,AdaBN
70,16,1,0.0005056469999544788,97,A01,cross-session,AdaBN
71,16,1,0.00047562899999320507,97,A01,cross-session,AdaBN
72,16,1,0.00047182299999803945,97,A01,cross-session,AdaBN
73,16,1,0.00046440500000244356,97,A01,cross-session,AdaBN
74,16,0,0.0004841400000259455,97,A01,cross-session,AdaBN
75,16,1,0.0004574109998429776,97,A01,cross-session,AdaBN
76,16,0,0.000438942000073439,97,A01,cross-session,AdaBN
77,16,0,0.00044084099999963655,97,A01,cross-session,AdaBN
78,16,1,0.0004000300000370771,97,A01,cross-session,AdaBN
79,16,1,0.0006632580000314192,97,A01,cross-session,AdaBN
80,16,1,0.0004354480001893535,97,A01,cross-session,AdaBN
81,16,0,0.00040022000007411407,97,A01,cross-session,AdaBN
82,16,0,0.0004150349998326419,97,A01,cross-session,AdaBN
83,16,1,0.00042414299991833104,97,A01,cross-session,AdaBN
84,16,1,0.00045075200000610494,97,A01,cross-session,AdaBN
85,16,1,0.00046500300004481687,97,A01,cross-session,AdaBN
86,16,0,0.0004801579998456873,97,A01,cross-session,AdaBN
87,16,1,0.000544902000001457,97,A01,cross-session,AdaBN
88,16,1,0.0005159199999980046,97,A01,cross-session,AdaBN
89,16,0,0.0005590109999502602,97,A01,cross-session,AdaBN
90,16,1,0.0005869789999906061,97,A01,cross-session,AdaBN
91,16,1,0.0006014579998918634,97,A01,cross-session,AdaBN
92,16,0,0.0006534480000937037,97,A01,cross-session,AdaBN
93,16,1,0.0006695750000744738,97,A01,cross-session,AdaBN
94,16,0,0.0007096130000263656,97,A01,cross-session,AdaBN
95,16,0,0.0007559690000107366,97,A01,cross-session,AdaBN
96,16,1,0.0007702419998167898,97,A01,cross-session,AdaBN
97,16,0,0.0008347870000307012,97,A01,cross-session,AdaBN
98,16,1,0.0009094320000713196,97,A01,cross-session,AdaBN
99,16,1,0.0009143360000507528,97,A01,cross-session,AdaBN
100,16,1,0.0010095360000832443,97,A01,cross-session,AdaBN
101,16,0,0.0010393119998752809,97,A01,cross-session,AdaBN
102,16,0,0.001138363999871217,97,A01,cross-session,AdaBN
103,16,0,0.001220836000129566,97,A01,cross-session,AdaBN
104,16,1,0.001302005999832545,97,A01,cross-session,AdaBN
105,16,1,0.0014157929999782937,97,A01,cross-session,AdaBN
106,16,1,0.001523555999938253,97,A01,cross-session,AdaBN
107,16,1,0.0016393529999731982,97,A01,cross-session,AdaBN
108,16,0,0.0016203320001295651,97,A01,cross-session,AdaBN
109,16,1,0.0016466439999476279,97,A01,cross-session,AdaBN
110,16,0,0.0014972569999827101,97,A01,cross-session,AdaBN
111,16,1,0.001483566000160863,97,A01,cross-session,AdaBN
112,16,1,0.001406789000157005,97,A01,cross-session,AdaBN
113,16,1,0.0013250370000150724,97,A01,cross-session,AdaBN
114,16,0,0.001360104000013962,97,A01,cross-session,AdaBN
115,16,1,0.0013021559998378507,97,A01,cross-session,AdaBN
116,16,0,0.0012092299998585077,97,A01,cross-session,AdaBN
117,16,0,0.0011451510001734277,97,A01,cross-session,AdaBN
118,16,1,0.0011606089999531832,97,A01,cross-session,AdaBN
119,16,1,0.0010957080000935093,97,A01,cross-session,AdaBN
120,16,1,0.0010220019998996577,97,A01,cross-session,AdaBN
121,16,1,0.0010018699999818637,97,A01,cross-session,AdaBN
122,16,0,0.0009563809999235673,97,A01,cross-session,AdaBN
123,16,0,0.000928394000084154,97,A01,cross-session,AdaBN
124,16,0,0.0009288960000048974,97,A01,cross-session,AdaBN
125,16,1,0.0008667009999498987,97,A01,cross-session,AdaBN
126,16,0,0.0008804310000414262,97,A01,cross-session,AdaBN
127,16,0,0.0008211179999761953,97,A01,cross-session,AdaBN
128,16,1,0.0007913019999250537,97,A01,cross-session,AdaBN
129,16,0,0.0007575710001219704,97,A01,cross-session,AdaBN
130,16,1,0.0007232929999645421,97,A01,cross-session,AdaBN
131,16,1,0.000699058000009245,97,A01,cross-session,AdaBN
132,16,0,0.0006722739999531768,97,A01,cross-session,AdaBN
133,16,1,0.0006623910001053446,97,A01,cross-session,AdaBN
134,16,0,0.0006646200001796387,97,A01,cross-session,AdaBN
135,16,1,0.0006365619999542105,97,A01,cross-session,AdaBN
136,16,0,0.0005955980000180716,97,A01,cross-session,AdaBN
137,16,0,0.0006097719999615947,97,A01,cross-session,AdaBN
138,16,0,0.0005819219998102199,97,A01,cross-session,AdaBN
139,16,1,0.0005460679999487184,97,A01,cross-session,AdaBN
140,16,1,0.0005482389999542647,97,A01,cross-session,AdaBN
141,16,1,0.0005261129999780678,97,A01,cross-session,AdaBN
142,16,0,0.0005079200000182027,97,A01,cross-session,AdaBN
143,16,1,0.0005071450000286859,97,A01,cross-session,AdaBN
144,16,1,0.000480331999824557,97,A01,cross-session,AdaBN
145,16,1,0.0004861959998834209,97,A01,cross-session,AdaBN
146,16,0,0.00047045399992384773,97,A01,cross-session,AdaBN
147,16,0,0.00043880199996237934,97,A01,cross-session,AdaBN
148,16,1,0.00042982900004062685,97,A01,cross-session,AdaBN
149,16,1,0.000425039999981891,97,A01,cross-session,AdaBN
150,16,0,0.0004221050000978721,97,A01,cross-session,AdaBN
151,16,1,0.00039618300002075557,97,A01,cross-session,AdaBN
152,16,1,0.0003943009999147762,97,A01,cross-session,AdaBN
153,16,1,0.0003701259997797024,97,A01,cross-session,AdaBN
154,16,0,0.00037085000008119096,97,A01,cross-session,AdaBN
155,16,1,0.0003750120001768664,97,A01,cross-session,AdaBN
156,16,0,0.0003967130001001351,97,A01,cross-session,AdaBN
157,16,1,0.00045145200010665576,97,A01,cross-session,AdaBN
158,16,0,0.00038751200008846354,97,A01,cross-session,AdaBN
159,16,0,0.00036731299996972666,97,A01,cross-session,AdaBN
160,16,1,0.0003676020000966673,97,A01,cross-session,AdaBN
161,16,1,0.00037382900018201326,97,A01,cross-session,AdaBN
162,16,1,0.00034384900004624797,97,A01,cross-session,AdaBN
163,16,1,0.0003553150002062466,97,A01,cross-session,AdaBN
164,16,0,0.00035084000001006643,97,A01,cross-session,AdaBN
165,16,1,0.0003425009999773465,97,A01,cross-session,AdaBN
166,16,0,0.0003517390000524756,97,A01,cross-session,AdaBN
167,16,1,0.0003533029998834536,97,A01,cross-session,AdaBN
168,16,1,0.0003591689999211667,97,A01,cross-session,AdaBN
169,16,1,0.0003963320000366366,97,A01,cross-session,AdaBN
170,16,0,0.00044409300016923225,97,A01,cross-session,AdaBN
171,16,0,0.0003726159998223011,97,A01,cross-session,AdaBN
172,16,1,0.0003484740000203601,97,A01,cross-session,AdaBN
173,16,1,0.000384237999924153,97,A01,cross-session,AdaBN
174,16,0,0.0003518089999943186,97,A01,cross-session,AdaBN
175,16,0,0.00037761999988106254,97,A01,cross-session,AdaBN
176,16,1,0.0003500979998989351,97,A01,cross-session,AdaBN
177,16,1,0.00037922599994999473,97,A01,cross-session,AdaBN
178,16,1,0.0003769089998968411,97,A01,cross-session,AdaBN
179,16,0,0.0003557190000265109,97,A01,cross-session,AdaBN
180,16,1,0.0003962339999361575,97,A01,cross-session,AdaBN
181,16,1,0.00039203300002554897,97,A01,cross-session,AdaBN
182,16,0,0.0004324090000409342,97,A01,cross-session,AdaBN
183,16,0,0.00040500000000065484,97,A01,cross-session,AdaBN
184,16,1,0.00034933899996758555,97,A01,cross-session,AdaBN
185,16,0,0.0003852199999982986,97,A01,cross-session,AdaBN
186,16,0,0.00035293800010549603,97,A01,cross-session,AdaBN
187,16,1,0.00039918600009514194,97,A01,cross-session,AdaBN
188,16,1,0.0003530839999257296,97,A01,cross-session,AdaBN
189,16,1,0.0003618270000060875,97,A01,cross-session,AdaBN
190,16,1,0.0003719840001394914,97,A01,cross-session,AdaBN
191,16,1,0.00040128099999492406,97,A01,cross-session,AdaBN
192,16,1,0.00043831199991473113,97,A01,cross-session,AdaBN
193,16,1,0.00042274699990230147,97,A01,cross-session,AdaBN
194,16,0,0.000399224999910075,97,A01,cross-session,AdaBN
195,16,0,0.0003755230000024312,97,A01,cross-session,AdaBN
196,16,1,0.000352007000174126,97,A01,cross-session,AdaBN
197,16,1,0.00038296699995044037,97,A01,cross-session,AdaBN
198,16,1,0.0003508529998725862,97,A01,cross-session,AdaBN
199,16,1,0.0003673999999591615,97,A01,cross-session,AdaBN
200,16,0,0.000364134999927046,97,A01,cross-session,AdaBN
201,16,1,0.00035575399988374556,97,A01,cross-session,AdaBN
202,16,1,0.00035759499996856903,97,A01,cross-session,AdaBN
203,16,1,0.00035388299988881045,97,A01,cross-session,AdaBN
204,16,1,0.0004143660000863747,97,A01,cross-session,AdaBN
205,16,1,0.00045687200008615036,97,A01,cross-session,AdaBN
206,16,0,0.0004381229998671188,97,A01,cross-session,AdaBN
207,16,1,0.0003749309998966055,97,A01,cross-session,AdaBN
208,16,1,0.000368334000086179,97,A01,cross-session,AdaBN
209,16,1,0.00037711899994974374,97,A01,cross-session,AdaBN
210,16,0,0.000349258000142072,97,A01,cross-session,AdaBN
211,16,0,0.00036992199989072105,97,A01,cross-session,AdaBN
212,16,1,0.000371785999959684,97,A01,cross-session,AdaBN
213,16,1,0.00035298900002089795,97,A01,cross-session,AdaBN
214,16,1,0.0004179700001714082,97,A01,cross-session,AdaBN
215,16,1,0.00046037800007070473,97,A01,cross-session,AdaBN
216,16,0,0.00037037599986433634,97,A01,cross-session,AdaBN
217,16,1,0.00038541599997188314,97,A01,cross-session,AdaBN
218,16,0,0.00037301800011846353,97,A01,cross-session,AdaBN
219,16,1,0.0003485369998088572,97,A01,cross-session,AdaBN
220,16,1,0.00038478300007227517,97,A01,cross-session,AdaBN
221,16,0,0.00037195499999143067,97,A01,cross-session,AdaBN
222,16,1,0.00035221600001023035,97,A01,cross-session,AdaBN
223,16,1,0.000419974999886108,97,A01,cross-session,AdaBN
224,16,0,0.0003808469998602959,97,A01,cross-session,AdaBN
225,16,1,0.0004202529999020044,97,A01,cross-session,AdaBN
226,16,0,0.0004311110001253837,97,A01,cross-session,AdaBN
227,16,1,0.0003723889999491803,97,A01,cross-session,AdaBN
228,16,0,0.00034518200004640676,97,A01,cross-session,AdaBN
229,16,1,0.0003860029999032122,97,A01,cross-session,AdaBN
230,16,0,0.00036960900001759,97,A01,cross-session,AdaBN
231,16,0,0.0003435440000885137,97,A01,cross-session,AdaBN
232,16,0,0.000377967000076751,97,A01,cross-session,AdaBN
233,16,1,0.00036742900010722224,97,A01,cross-session,AdaBN
234,16,1,0.0003441219998876477,97,A01,cross-session,AdaBN
235,16,1,0.00042005099999187223,97,A01,cross-session,AdaBN
236,16,0,0.0004734569999982341,97,A01,cross-session,AdaBN
237,16,1,0.00038916799985599937,97,A01,cross-session,AdaBN
238,16,1,0.00038683799994032597,97,A01,cross-session,AdaBN
239,16,1,0.00040050999996310566,97,A01,cross-session,AdaBN
240,16,0,0.00035996799988424755,97,A01,cross-session,AdaBN
241,16,1,0.00035222399992562714,97,A01,cross-session,AdaBN
242,16,1,0.0003694520000863122,97,A01,cross-session,AdaBN
243,16,1,0.0003566690002116957,97,A01,cross-session,AdaBN
244,16,1,0.00038413599986597546,97,A01,cross-session,AdaBN
245,16,0,0.00048007000009420153,97,A01,cross-session,AdaBN
246,16,1,0.0004377590000785858,97,A01,cross-session,AdaBN
247,16,1,0.00035674400010066165,97,A01,cross-session,AdaBN
248,16,1,0.0003754229999231029,97,A01,cross-session,AdaBN
249,16,1,0.00036129799991613254,97,A01,cross-session,AdaBN
250,16,1,0.00035630799993668916,97,A01,cross-session,AdaBN
251,16,0,0.0003830489999927522,97,A01,cross-session,AdaBN
252,16,1,0.0003562179999789805,97,A01,cross-session,AdaBN
253,16,0,0.00034612300009939645,97,A01,cross-session,AdaBN
254,16,1,0.00036289099989517126,97,A01,cross-session,AdaBN
255,16,1,0.0004544799999166571,97,A01,cross-session,AdaBN
256,16,0,0.00039281099998333957,97,A01,cross-session,AdaBN
257,16,1,0.00044613200020648947,97,A01,cross-session,AdaBN
258,16,1,0.0003736050000497926,97,A01,cross-session,AdaBN
259,16,1,0.0003651829999853362,97,A01,cross-session,AdaBN
260,16,1,0.0004174590001184697,97,A01,cross-session,AdaBN
261,16,1,0.00038855499997225706,97,A01,cross-session,AdaBN
262,16,1,0.0003535240000474005,97,A01,cross-session,AdaBN
263,16,1,0.00037771699999211705,97,A01,cross-session,AdaBN
264,16,1,0.0003862510000089969,97,A01,cross-session,AdaBN
265,16,0,0.00037296999994396174,97,A01,cross-session,AdaBN
266,16,1,0.00043101200003548,97,A01,cross-session,AdaBN
267,16,0,0.0004089599999588245,97,A01,cross-session,AdaBN
268,16,1,0.000373260000060327,97,A01,cross-session,AdaBN
269,16,0,0.0003568459999314655,97,A01,cross-session,AdaBN
270,16,1,0.0003987049999523151,97,A01,cross-session,AdaBN
271,16,1,0.00037113100006536115,97,A01,cross-session,AdaBN
272,16,0,0.0003503179998460837,97,A01,cross-session,AdaBN
273,16,0,0.00038728499998796906,97,A01,cross-session,AdaBN
274,16,0,0.00037610699996548647,97,A01,cross-session,AdaBN
275,16,0,0.00034414399988236255,97,A01,cross-session,AdaBN
276,16,1,0.0004276049999134557,97,A01,cross-session,AdaBN
277,16,0,0.0004632299999229872,97,A01,cross-session,AdaBN
278,16,0,0.00036343500005386886,97,A01,cross-session,AdaBN
279,16,1,0.0003659610001705005,97,A01,cross-session,AdaBN
280,16,1,0.00039051299995662703,97,A01,cross-session,AdaBN
281,16,0,0.00035305200003676873,97,A01,cross-session,AdaBN
282,16,0,0.0003563790000953304,97,A01,cross-session,AdaBN
283,16,0,0.00039614299998902425,97,A01,cross-session,AdaBN
284,16,0,0.0003499659999306459,97,A01,cross-session,AdaBN
285,16,1,0.00036784600001738,97,A01,cross-session,AdaBN
286,16,1,0.00041417700003876234,97,A01,cross-session,AdaBN
287,16,0,0.00041429499992773344,97,A01,cross-session,AdaBN
0,1,0,0.0025610380000671285,97,A02,cross-session,AdaBN
1,2,0,0.0019315780000397353,97,A02,cross-session,AdaBN
2,3,0,0.001956792999862955,97,A02,cross-session,AdaBN
3,4,0,0.001975546000039685,97,A02,cross-session,AdaBN
4,5,0,0.0018890549999923678,97,A02,cross-session,AdaBN
5,6,1,0.0016581259999384201,97,A02,cross-session,AdaBN
6,7,0,0.0017674949999673117,97,A02,cross-session,AdaBN
7,8,1,0.0016241050000189716,97,A02,cross-session,AdaBN
8,9,1,0.0015869159999510885,97,A02,cross-session,AdaBN
9,10,0,0.0016095449998374534,97,A02,cross-session,AdaBN
10,11,0,0.0012051769999743556,97,A02,cross-session,AdaBN
11,12,0,0.0005567849998442398,97,A02,cross-session,AdaBN
12,13,0,0.0004151589998855343,97,A02,cross-session,AdaBN
13,14,0,0.00038508399984493735,97,A02,cross-session,AdaBN
14,15,0,0.0004432880000422301,97,A02,cross-session,AdaBN
15,16,0,0.00037883499999225023,97,A02,cross-session,AdaBN
16,16,0,0.00037738700007139414,97,A02,cross-session,AdaBN
17,16,0,0.00042729000006147544,97,A02,cross-session,AdaBN
18,16,1,0.00048394800001005933,97,A02,cross-session,AdaBN
19,16,0,0.00044271699994169467,97,A02,cross-session,AdaBN
20,16,0,0.0004439059998730954,97,A02,cross-session,AdaBN
21,16,0,0.0004334570000992244,97,A02,cross-session,AdaBN
22,16,0,0.0005677980000200478,97,A02,cross-session,AdaBN
23,16,0,0.0006177879999995639,97,A02,cross-session,AdaBN
24,16,1,0.0005762450000474928,97,A02,cross-session,AdaBN
25,16,0,0.0007389170000351442,97,A02,cross-session,AdaBN
26,16,0,0.0005972149999706744,97,A02,cross-session,AdaBN
27,16,1,0.0005193530000724422,97,A02,cross-session,AdaBN
28,16,0,0.00036814700001741585,97,A02,cross-session,AdaBN
29,16,1,0.00046651799993924215,97,A02,cross-session,AdaBN
30,16,0,0.0004512660000273172,97,A02,cross-session,AdaBN
31,16,1,0.0005486570000812208,97,A02,cross-session,AdaBN
32,16,0,0.0005617099998289632,97,A02,cross-session,AdaBN
33,16,1,0.0005549080001401308,97,A02,cross-session,AdaBN
34,16,1,0.0005787469999631867,97,A02,cross-session,AdaBN
35,16,0,0.0004618959999334038,97,A02,cross-session,AdaBN
36,16,1,0.0004855079998833389,97,A02,cross-session,AdaBN
37,16,0,0.000527435000094556,97,A02,cross-session,AdaBN
38,16,0,0.0005262130000573961,97,A02,cross-session,AdaBN
39,16,0,0.0005365790000269044,97,A02,cross-session,AdaBN
40,16,0,0.0005842729999585572,97,A02,cross-session,AdaBN
41,16,0,0.0006204940000316128,97,A02,cross-session,AdaBN
42,16,1,0.0006030979998286057,97,A02,cross-session,AdaBN
43,16,0,0.0006583869999303715,97,A02,cross-session,AdaBN
44,16,0,0.0006691920000321261,97,A02,cross-session,AdaBN
45,16,0,0.0007128509998892696,97,A02,cross-session,AdaBN
46,16,0,0.0007258719999754248,97,A02,cross-session,AdaBN
47,16,0,0.000729469999896537,97,A02,cross-session,AdaBN
48,16,0,0.0007216349999907834,97,A02,cross-session,AdaBN
49,16,1,0.000702564999983224,97,A02,cross-session,AdaBN
50,16,0,0.0007050660001368669,97,A02,cross-session,AdaBN
51,16,0,0.00067694900008064,97,A02,cross-session,AdaBN
52,16,1,0.000640557999986413,97,A02,cross-session,AdaBN
53,16,0,0.000665810999862515,97,A02,cross-session,AdaBN
54,16,0,0.0006394470001396257,97,A02,cross-session,AdaBN
55,16,0,0.0006342260001019895,97,A02,cross-session,AdaBN
56,16,1,0.0006139339998298965,97,A02,cross-session,AdaBN
57,16,0,0.000595890999875337,97,A02,cross-session,AdaBN
58,16,0,0.0005947219999598019,97,A02,cross-session,AdaBN
59,16,0,0.0005681640000148036,97,A02,cross-session,AdaBN
60,16,1,0.0005620679999083222,97,A02,cross-session,AdaBN
61,16,1,0.0005326299999524053,97,A02,cross-session,AdaBN
62,16,0,0.0005235959999936313,97,A02,cross-session,AdaBN
63,16,0,0.0007791819998601568,97,A02,cross-session,AdaBN
64,16,0,0.0006013710001298023,97,A02,cross-session,AdaBN
65,16,1,0.000555995000013354,97,A02,cross-session,AdaBN
66,16,0,0.0005636409998714953,97,A02,cross-session,AdaBN
67,16,1,0.0006137079999462003,97,A02,cross-session,AdaBN
68,16,0,0.0006303360000856628,97,A02,cross-session,AdaBN
69,16,1,0.0006718760000694601,97,A02,cross-session,AdaBN
70,16,1,0.0006903359999341774,97,A02,cross-session,AdaBN
71,16,0,0.0007478780000838015,97,A02,cross-session,AdaBN
72,16,0,0.0008169539999016706,97,A02,cross-session,AdaBN
73,16,0,0.000897234000149183,97,A02,cross-session,AdaBN
74,16,0,0.0009265230000892188,97,A02,cross-session,AdaBN
75,16,0,0.0009916059998431592,97,A02,cross-session,AdaBN
76,16,1,0.0010211609999259963,97,A02,cross-session,AdaBN
77,16,0,0.0009630689999085007,97,A02,cross-session,AdaBN
78,16,0,0.0009690089998457552,97,A02,cross-session,AdaBN
79,16,0,0.0009421170000223356,97,A02,cross-session,AdaBN
80,16,0,0.000921543999993446,97,A02,cross-session,AdaBN
81,16,0,0.0009090669998386147,97,A02,cross-session,AdaBN
82,16,1,0.0008541730001070391,97,A02,cross-session,AdaBN
83,16,0,0.0008599989998856472,97,A02,cross-session,AdaBN
84,16,0,0.0008170610001343448,97,A02,cross-session,AdaBN
85,16,0,0.0008046320001540153,97,A02,cross-session,AdaBN
86,16,0,0.0007900690000042232,97,A02,cross-session,AdaBN
87,16,1,0.0007771959999445244,97,A02,cross-session,AdaBN
88,16,0,0.0007529330000579648,97,A02,cross-session,AdaBN
89,16,0,0.0007590549998894858,97,A02,cross-session,AdaBN
90,16,0,0.0007072980001794349,97,A02,cross-session,AdaBN
91,16,1,0.0007023950001894264,97,A02,cross-session,AdaBN
92,16,0,0.000684438999996928,97,A02,cross-session,AdaBN
93,16,1,0.0006783170001654071,97,A02,cross-session,AdaBN
94,16,1,0.0006370830001287686,97,A02,cross-session,AdaBN
95,16,0,0.0006398040000021865,97,A02,cross-session,AdaBN
96,16,0,0.0006266689999847586,97,A02,cross-session,AdaBN
97,16,0,0.000586507999969399,97,A02,cross-session,AdaBN
98,16,1,0.0005857559999640216,97,A02,cross-session,AdaBN
99,16,0,0.0005896370000755269,97,A02,cross-session,AdaBN
100,16,1,0.0005483250001816486,97,A02,cross-session,AdaBN
101,16,0,0.0005593410000983567,97,A02,cross-session,AdaBN
102,16,0,0.0005429069999536296,97,A02,cross-session,AdaBN
103,16,0,0.0005206159999033844,97,A02,cross-session,AdaBN
104,16,0,0.0005262390000098094,97,A02,cross-session,AdaBN
105,16,0,0.0005116990000715305,97,A02,cross-session,AdaBN
106,16,0,0.0004783790000146837,97,A02,cross-session,AdaBN
107,16,0,0.0004749649999666872,97,A02,cross-session,AdaBN
108,16,0,0.0004627820001132932,97,A02,cross-session,AdaBN
109,16,0,0.0004497580000588641,97,A02,cross-session,AdaBN
110,16,0,0.0004364330000043992,97,A02,cross-session,AdaBN
111,16,0,0.0004411459999573708,97,A02,cross-session,AdaBN
112,16,1,0.00042484200002945727,97,A02,cross-session,AdaBN
113,16,1,0.0004068649998316687,97,A02,cross-session,AdaBN
114,16,0,0.00039878799998405157,97,A02,cross-session,AdaBN
115,16,0,0.0004129780002131156,97,A02,cross-session,AdaBN
116,16,0,0.0003833920000033686,97,A02,cross-session,AdaBN
117,16,0,0.00036533399998006644,97,A02,cross-session,AdaBN
118,16,0,0.0003619949998210359,97,A02,cross-session,AdaBN
119,16,0,0.00036201499983690155,97,A02,cross-session,AdaBN
120,16,0,0.00039255299998330884,97,A02,cross-session,AdaBN
121,16,0,0.00039930899993123603,97,A02,cross-session,AdaBN
122,16,0,0.0003580500001589826,97,A02,cross-session,AdaBN
123,16,0,0.0003520939999361872,97,A02,cross-session,AdaBN
124,16,0,0.0003608739998526289,97,A02,cross-session,AdaBN
125,16,0,0.0003611489999002515,97,A02,cross-session,AdaBN
126,16,0,0.00035692799997377733,97,A02,cross-session,AdaBN
127,16,0,0.0003470990000096208,97,A02,cross-session,AdaBN
128,16,0,0.0003619139999955223,97,A02,cross-session,AdaBN
129,16,0,0.00037059299984321115,97,A02,cross-session,AdaBN
130,16,0,0.00035757000000558037,97,A02,cross-session,AdaBN
131,16,0,0.00037916499991297314,97,A02,cross-session,AdaBN
132,16,0,0.0004111050000119576,97,A02,cross-session,AdaBN
133,16,1,0.0003916359999038832,97,A02,cross-session,AdaBN
134,16,0,0.0003549079999629612,97,A02,cross-session,AdaBN
135,16,0,0.0003711169999860431,97,A02,cross-session,AdaBN
136,16,0,0.00038771900017309235,97,A02,cross-session,AdaBN
137,16,0,0.00035963200002697704,97,A02,cross-session,AdaBN
138,16,0,0.00039604899984624353,97,A02,cross-session,AdaBN
139,16,0,0.00036211100018590514,97,A02,cross-session,AdaBN
140,16,1,0.0003670050000437186,97,A02,cross-session,AdaBN
141,16,1,0.0003894689998560352,97,A02,cross-session,AdaBN
142,16,1,0.00037743600000794686,97,A02,cross-session,AdaBN
143,16,0,0.00040992899994307663,97,A02,cross-session,AdaBN
144,16,0,0.00042641200002435653,97,A02,cross-session,AdaBN
145,16,0,0.0003706229999806965,97,A02,cross-session,AdaBN
146,16,0,0.00038021999989723554,97,A02,cross-session,AdaBN
147,16,0,0.0003650389999165782,97,A02,cross-session,AdaBN
148,16,0,0.00039164600002550287,97,A02,cross-session,AdaBN
149,16,0,0.00035509799999999814,97,A02,cross-session,AdaBN
150,16,0,0.00036273499995331804,97,A02,cross-session,AdaBN
151,16,1,0.00041872199994941184,97,A02,cross-session,AdaBN
152,16,0,0.00048785400008455326,97,A02,cross-session,AdaBN
153,16,0,0.00048409500004709116,97,A02,cross-session,AdaBN
154,16,0,0.0004950569998527499,97,A02,cross-session,AdaBN
155,16,1,0.0004267100000561186,97,A02,cross-session,AdaBN
156,16,0,0.0004192890000922489,97,A02,cross-session,AdaBN
157,16,1,0.0003594969998630404,97,A02,cross-session,AdaBN
158,16,0,0.00036351199992168404,97,A02,cross-session,AdaBN
159,16,0,0.0003836599998976453,97,A02,cross-session,AdaBN
160,16,1,0.00035858599994753604,97,A02,cross-session,AdaBN
161,16,0,0.00038501700009874185,97,A02,cross-session,AdaBN
162,16,0,0.00036039600013282325,97,A02,cross-session,AdaBN
163,16,1,0.000363153999842325,97,A02,cross-session,AdaBN
164,16,0,0.0003919759999462258,97,A02,cross-session,AdaBN
165,16,0,0.0004436359999999695,97,A02,cross-session,AdaBN
166,16,1,0.00039249699989341025,97,A02,cross-session,AdaBN
167,16,1,0.00041634999979578424,97,A02,cross-session,AdaBN
168,16,0,0.00035580000007939816,97,A02,cross-session,AdaBN
169,16,1,0.00036570999986906827,97,A02,cross-session,AdaBN
170,16,0,0.0003607539999848086,97,A02,cross-session,AdaBN
171,16,1,0.0003514179998092004,97,A02,cross-session,AdaBN
172,16,1,0.00035900600005334127,97,A02,cross-session,AdaBN
173,16,0,0.0003544480000527983,97,A02,cross-session,AdaBN
174,16,0,0.0003631280001172854,97,A02,cross-session,AdaBN
175,16,0,0.00035690799995791167,97,A02,cross-session,AdaBN
176,16,0,0.00039889599997877667,97,A02,cross-session,AdaBN
177,16,0,0.00038777899999331567,97,A02,cross-session,AdaBN
178,16,0,0.0003917559999990772,97,A02,cross-session,AdaBN
179,16,1,0.0003560719999313733,97,A02,cross-session,AdaBN
180,16,0,0.00036332000013317156,97,A02,cross-session,AdaBN
181,16,0,0.00036134100014351134,97,A02,cross-session,AdaBN
182,16,1,0.00035796799988929706,97,A02,cross-session,AdaBN
183,16,0,0.0003591469999264518,97,A02,cross-session,AdaBN
184,16,1,0.00036764300011782325,97,A02,cross-session,AdaBN
185,16,1,0.0003634869999586954,97,A02,cross-session,AdaBN
186,16,0,0.0003583200000321085,97,A02,cross-session,AdaBN
187,16,0,0.0004092219999165536,97,A02,cross-session,AdaBN
188,16,0,0.0004243200000928482,97,A02,cross-session,AdaBN
189,16,1,0.0003736969999863504,97,A02,cross-session,AdaBN
190,16,0,0.000366511000038372,97,A02,cross-session,AdaBN
191,16,0,0.0003609240000059799,97,A02,cross-session,AdaBN
192,16,0,0.00039520199993603455,97,A02,cross-session,AdaBN
193,16,1,0.0003561239998361998,97,A02,cross-session,AdaBN
194,16,0,0.0003577620000214665,97,A02,cross-session,AdaBN
195,16,0,0.00038347100007740664,97,A02,cross-session,AdaBN
196,16,0,0.0003475920000255428,97,A02,cross-session,AdaBN
197,16,0,0.0003761899999972229,97,A02,cross-session,AdaBN
198,16,0,0.0004184079998594825,97,A02,cross-session,AdaBN
199,16,1,0.0004299040001569665,97,A02,cross-session,AdaBN
200,16,0,0.00039967099996829347,97,A02,cross-session,AdaBN
201,16,1,0.00038088499991317804,97,A02,cross-session,AdaBN
202,16,1,0.0003659619999325514,97,A02,cross-session,AdaBN
203,16,1,0.0004268620000402734,97,A02,cross-session,AdaBN
204,16,0,0.00035918200001106015,97,A02,cross-session,AdaBN
205,16,1,0.0003572739999526675,97,A02,cross-session,AdaBN
206,16,1,0.00042469300001357624,97,A02,cross-session,AdaBN
207,16,0,0.0003596510000534181,97,A02,cross-session,AdaBN
208,16,1,0.0004161899998962326,97,A02,cross-session,AdaBN
209,16,0,0.0004262080001353752,97,A02,cross-session,AdaBN
210,16,1,0.00038485899995066575,97,A02,cross-session,AdaBN
211,16,0,0.0004541399998743145,97,A02,cross-session,AdaBN
212,16,1,0.00037964600005579996,97,A02,cross-session,AdaBN
213,16,0,0.0003668499998639163,97,A02,cross-session,AdaBN
214,16,0,0.0003780740000820515,97,A02,cross-session,AdaBN
215,16,0,0.0003967740001371567,97,A02,cross-session,AdaBN
216,16,0,0.0003528559998358105,97,A02,cross-session,AdaBN
217,16,0,0.0004150249999383959,97,A02,cross-session,AdaBN
218,16,1,0.0003901439999935974,97,A02,cross-session,AdaBN
219,16,1,0.0004455260000213457,97,A02,cross-session,AdaBN
220,16,0,0.00046052500010773656,97,A02,cross-session,AdaBN
221,16,1,0.00038512500009346695,97,A02,cross-session,AdaBN
222,16,0,0.0003802290000294306,97,A02,cross-session,AdaBN
223,16,0,0.000414913999975397,97,A02,cross-session,AdaBN
224,16,1,0.000349854999967647,97,A02,cross-session,AdaBN
225,16,0,0.00037124599998605845,97,A02,cross-session,AdaBN
226,16,0,0.0004096000000117783,97,A02,cross-session,AdaBN
227,16,0,0.0003707719999965775,97,A02,cross-session,AdaBN
228,16,0,0.0003982230000474374,97,A02,cross-session,AdaBN
229,16,1,0.000401471000031961,97,A02,cross-session,AdaBN
230,16,0,0.00039747200003148464,97,A02,cross-session,AdaBN
231,16,1,0.0004005509999842616,97,A02,cross-session,AdaBN
232,16,0,0.00039349799999399693,97,A02,cross-session,AdaBN
233,16,0,0.00036218199988979904,97,A02,cross-session,AdaBN
234,16,1,0.00036016500007463037,97,A02,cross-session,AdaBN
235,16,1,0.00037062999990666867,97,A02,cross-session,AdaBN
236,16,0,0.0003733119999651535,97,A02,cross-session,AdaBN
237,16,0,0.00036268199983169325,97,A02,cross-session,AdaBN
238,16,1,0.00035653000009006064,97,A02,cross-session,AdaBN
239,16,0,0.00037361499994403857,97,A02,cross-session,AdaBN
240,16,0,0.00036459700004343176,97,A02,cross-session,AdaBN
241,16,0,0.0004107909999220283,97,A02,cross-session,AdaBN
242,16,0,0.00042182099991805444,97,A02,cross-session,AdaBN
243,16,0,0.00038978799989308754,97,A02,cross-session,AdaBN
244,16,0,0.0003611539998473745,97,A02,cross-session,AdaBN
245,16,0,0.00036611999985325383,97,A02,cross-session,AdaBN
246,16,0,0.0003981759998623602,97,A02,cross-session,AdaBN
247,16,0,0.00035404999994170794,97,A02,cross-session,AdaBN
248,16,0,0.0003769179998016625,97,A02,cross-session,AdaBN
249,16,1,0.0003742520000287186,97,A02,cross-session,AdaBN
250,16,0,0.00038126799995552574,97,A02,cross-session,AdaBN
251,16,1,0.0004448400000001129,97,A02,cross-session,AdaBN
252,16,0,0.00039701400010017096,97,A02,cross-session,AdaBN
253,16,1,0.0003687150001496775,97,A02,cross-session,AdaBN
254,16,0,0.00039847799985182064,97,A02,cross-session,AdaBN
255,16,1,0.0003747729999759031,97,A02,cross-session,AdaBN
256,16,0,0.000371711000070718,97,A02,cross-session,AdaBN
257,16,1,0.00037249500019242987,97,A02,cross-session,AdaBN
258,16,0,0.0003655149998849083,97,A02,cross-session,AdaBN
259,16,0,0.0003754280000975996,97,A02,cross-session,AdaBN
260,16,1,0.00036217999991094985,97,A02,cross-session,AdaBN
261,16,0,0.0003816710000137391,97,A02,cross-session,AdaBN
262,16,0,0.0004155879998961609,97,A02,cross-session,AdaBN
263,16,0,0.0003955809997933102,97,A02,cross-session,AdaBN
264,16,0,0.00035249500001555134,97,A02,cross-session,AdaBN
265,16,0,0.000357282000095438,97,A02,cross-session,AdaBN
266,16,1,0.00042741599986584333,97,A02,cross-session,AdaBN
267,16,0,0.00035380799999984447,97,A02,cross-session,AdaBN
268,16,0,0.0003764089999549469,97,A02,cross-session,AdaBN
269,16,0,0.00036758700002792466,97,A02,cross-session,AdaBN
270,16,0,0.00036361299999043695,97,A02,cross-session,AdaBN
271,16,0,0.0003590470000744972,97,A02,cross-session,AdaBN
272,16,0,0.0004338830001415772,97,A02,cross-session,AdaBN
273,16,0,0.00036256099997444835,97,A02,cross-session,AdaBN
274,16,0,0.00039308600003096217,97,A02,cross-session,AdaBN
275,16,0,0.00036608300001717,97,A02,cross-session,AdaBN
276,16,0,0.00036764100013897405,97,A02,cross-session,AdaBN
277,16,0,0.00036693600009130023,97,A02,cross-session,AdaBN
278,16,0,0.00036825500001214095,97,A02,cross-session,AdaBN
279,16,0,0.00037064899993310974,97,A02,cross-session,AdaBN
280,16,0,0.00035950300002696167,97,A02,cross-session,AdaBN
281,16,1,0.00036649899993790314,97,A02,cross-session,AdaBN
282,16,1,0.00036483799999587063,97,A02,cross-session,AdaBN
283,16,1,0.0004081590000168944,97,A02,cross-session,AdaBN
284,16,0,0.0004083349999746133,97,A02,cross-session,AdaBN
285,16,0,0.00036454900009630364,97,A02,cross-session,AdaBN
286,16,0,0.0004161210001711879,97,A02,cross-session,AdaBN
287,16,1,0.00036460199999055476,97,A02,cross-session,AdaBN
0,1,0,0.0022210300001006544,97,A03,cross-session,AdaBN
1,2,1,0.0020921339998949406,97,A03,cross-session,AdaBN
2,3,0,0.001996883999936472,97,A03,cross-session,AdaBN
3,4,1,0.0019919050000680727,97,A03,cross-session,AdaBN
4,5,0,0.0019926730001316173,97,A03,cross-session,AdaBN
5,6,1,0.0017858639998848957,97,A03,cross-session,AdaBN
6,7,1,0.0016541180000331224,97,A03,cross-session,AdaBN
7,8,0,0.0016265019999082142,97,A03,cross-session,AdaBN
8,9,1,0.001689403999989736,97,A03,cross-session,AdaBN
9,10,0,0.0016610899999704998,97,A03,cross-session,AdaBN
10,11,1,0.001564901999927315,97,A03,cross-session,AdaBN
11,12,0,0.0011180280000644416,97,A03,cross-session,AdaBN
12,13,1,0.0017376610001065274,97,A03,cross-session,AdaBN
13,14,0,0.0006498600000668375,97,A03,cross-session,AdaBN
14,15,1,0.00043379400017329317,97,A03,cross-session,AdaBN
15,16,1,0.0004913000000215106,97,A03,cross-session,AdaBN
16,16,1,0.0004427469998518063,97,A03,cross-session,AdaBN
17,16,1,0.0006578009999884671,97,A03,cross-session,AdaBN
18,16,0,0.00045522599998548685,97,A03,cross-session,AdaBN
19,16,1,0.0004715510001460643,97,A03,cross-session,AdaBN
20,16,0,0.00047067999980754394,97,A03,cross-session,AdaBN
21,16,1,0.0006319219999113557,97,A03,cross-session,AdaBN
22,16,1,0.0005444010000701383,97,A03,cross-session,AdaBN
23,16,1,0.0004889010001534189,97,A03,cross-session,AdaBN
24,16,0,0.0004894899998362234,97,A03,cross-session,AdaBN
25,16,1,0.0005647099999350758,97,A03,cross-session,AdaBN
26,16,1,0.0006029919998127298,97,A03,cross-session,AdaBN
27,16,0,0.0006716739999319543,97,A03,cross-session,AdaBN
28,16,0,0.000459622000107629,97,A03,cross-session,AdaBN
29,16,0,0.00041002100010700815,97,A03,cross-session,AdaBN
30,16,1,0.00035126200009472086,97,A03,cross-session,AdaBN
31,16,1,0.00038358100005098095,97,A03,cross-session,AdaBN
32,16,1,0.0003530710000632098,97,A03,cross-session,AdaBN
33,16,1,0.0004468480001378339,97,A03,cross-session,AdaBN
34,16,1,0.0004389009998249094,97,A03,cross-session,AdaBN
35,16,1,0.0004311929999403219,97,A03,cross-session,AdaBN
36,16,1,0.0003749919999336271,97,A03,cross-session,AdaBN
37,16,1,0.0005263549999199313,97,A03,cross-session,AdaBN
38,16,1,0.0005090399999971851,97,A03,cross-session,AdaBN
39,16,0,0.0005016570000861975,97,A03,cross-session,AdaBN
40,16,0,0.0006471939998391463,97,A03,cross-session,AdaBN
41,16,1,0.0004902149998997629,97,A03,cross-session,AdaBN
42,16,0,0.00036593799995898735,97,A03,cross-session,AdaBN
43,16,1,0.0003690020000703953,97,A03,cross-session,AdaBN
44,16,1,0.00038717500001439475,97,A03,cross-session,AdaBN
45,16,1,0.00043651200007843727,97,A03,cross-session,AdaBN
46,16,1,0.0004988680000224122,97,A03,cross-session,AdaBN
47,16,1,0.00047928900016813714,97,A03,cross-session,AdaBN
48,16,0,0.00038690700012011803,97,A03,cross-session,AdaBN
49,16,0,0.0004179689999546099,97,A03,cross-session,AdaBN
50,16,1,0.0003471630000149162,97,A03,cross-session,AdaBN
51,16,1,0.0004001129998414399,97,A03,cross-session,AdaBN
52,16,1,0.00035707500001080916,97,A03,cross-session,AdaBN
53,16,1,0.00040566300003774813,97,A03,cross-session,AdaBN
54,16,0,0.00035885400006918644,97,A03,cross-session,AdaBN
55,16,1,0.0003715940001711715,97,A03,cross-session,AdaBN
56,16,1,0.0003652579998743022,97,A03,cross-session,AdaBN
57,16,0,0.000373613999954614,97,A03,cross-session,AdaBN
58,16,1,0.0003615929999796208,97,A03,cross-session,AdaBN
59,16,1,0.0004084350000539416,97,A03,cross-session,AdaBN
60,16,1,0.000449989000117057,97,A03,cross-session,AdaBN
61,16,1,0.00040979100003823987,97,A03,cross-session,AdaBN
62,16,1,0.0003821099999186117,97,A03,cross-session,AdaBN
63,16,1,0.00036350899995341024,97,A03,cross-session,AdaBN
64,16,1,0.00038531299992428103,97,A03,cross-session,AdaBN
65,16,1,0.000363083999900482,97,A03,cross-session,AdaBN
66,16,1,0.00037855000005038164,97,A03,cross-session,AdaBN
67,16,1,0.0003551649999735673,97,A03,cross-session,AdaBN
68,16,1,0.00037999100004526554,97,A03,cross-session,AdaBN
69,16,0,0.0003489590001208853,97,A03,cross-session,AdaBN
70,16,1,0.0003941130000839621,97,A03,cross-session,AdaBN
71,16,0,0.000371785999959684,97,A03,cross-session,AdaBN
72,16,1,0.00036531899991132377,97,A03,cross-session,AdaBN
73,16,1,0.0003716649998750654,97,A03,cross-session,AdaBN
74,16,1,0.0004331679999722837,97,A03,cross-session,AdaBN
75,16,1,0.00038142399989737896,97,A03,cross-session,AdaBN
76,16,1,0.0004095480001069518,97,A03,cross-session,AdaBN
77,16,1,0.0003634610000062821,97,A03,cross-session,AdaBN
78,16,1,0.0003838360000827379,97,A03,cross-session,AdaBN
79,16,1,0.00035404199979893747,97,A03,cross-session,AdaBN
80,16,1,0.00038159300015649933,97,A03,cross-session,AdaBN
81,16,0,0.0003565960000742052,97,A03,cross-session,AdaBN
82,16,0,0.0003557909999472031,97,A03,cross-session,AdaBN
83,16,1,0.0003977100000156497,97,A03,cross-session,AdaBN
84,16,1,0.0003721570001289365,97,A03,cross-session,AdaBN
85,16,0,0.000367771000128414,97,A03,cross-session,AdaBN
86,16,1,0.0004189229998701194,97,A03,cross-session,AdaBN
87,16,1,0.00036233199989510467,97,A03,cross-session,AdaBN
88,16,1,0.0003820660001565557,97,A03,cross-session,AdaBN
89,16,0,0.0003553530000317551,97,A03,cross-session,AdaBN
90,16,1,0.0003587620001326286,97,A03,cross-session,AdaBN
91,16,0,0.00038777500003561727,97,A03,cross-session,AdaBN
92,16,1,0.0003583269999580807,97,A03,cross-session,AdaBN
93,16,0,0.0003863780000301631,97,A03,cross-session,AdaBN
94,16,0,0.00034692499980337743,97,A03,cross-session,AdaBN
95,16,1,0.00037495600008696783,97,A03,cross-session,AdaBN
96,16,1,0.0004095530000540748,97,A03,cross-session,AdaBN
97,16,1,0.0003950039999836008,97,A03,cross-session,AdaBN
98,16,0,0.00038822500005153415,97,A03,cross-session,AdaBN
99,16,1,0.00035465399992062885,97,A03,cross-session,AdaBN
100,16,1,0.00037015099997006473,97,A03,cross-session,AdaBN
101,16,1,0.0004149290000441397,97,A03,cross-session,AdaBN
102,16,1,0.0003558299999895098,97,A03,cross-session,AdaBN
103,16,0,0.0004796949999672506,97,A03,cross-session,AdaBN
104,16,1,0.00041975999988608237,97,A03,cross-session,AdaBN
105,16,1,0.0003758039999866014,97,A03,cross-session,AdaBN
106,16,0,0.0003942009998354479,97,A03,cross-session,AdaBN
107,16,0,0.0003921840000202792,97,A03,cross-session,AdaBN
108,16,0,0.00038120899989735335,97,A03,cross-session,AdaBN
109,16,1,0.0004146940000282484,97,A03,cross-session,AdaBN
110,16,0,0.00035935599998992984,97,A03,cross-session,AdaBN
111,16,1,0.00037766000014016754,97,A03,cross-session,AdaBN
112,16,0,0.0003599910000957607,97,A03,cross-session,AdaBN
113,16,1,0.00036838299979535805,97,A03,cross-session,AdaBN
114,16,1,0.00036603400008061726,97,A03,cross-session,AdaBN
115,16,1,0.00036509899996417516,97,A03,cross-session,AdaBN
116,16,1,0.00035657800003718876,97,A03,cross-session,AdaBN
117,16,1,0.00035491400012688246,97,A03,cross-session,AdaBN
118,16,1,0.0003459579997979745,97,A03,cross-session,AdaBN
119,16,0,0.0003877130000091711,97,A03,cross-session,AdaBN
120,16,1,0.0003916370001206815,97,A03,cross-session,AdaBN
121,16,1,0.0003527889998622413,97,A03,cross-session,AdaBN
122,16,0,0.00039658100013184594,97,A03,cross-session,AdaBN
123,16,1,0.0003520830000525166,97,A03,cross-session,AdaBN
124,16,1,0.00038779000010435993,97,A03,cross-session,AdaBN
125,16,1,0.00039906699998937256,97,A03,cross-session,AdaBN
126,16,1,0.0003574869999738439,97,A03,cross-session,AdaBN
127,16,1,0.0003750999999283522,97,A03,cross-session,AdaBN
128,16,0,0.00040809899996929744,97,A03,cross-session,AdaBN
129,16,0,0.0003588150000268797,97,A03,cross-session,AdaBN
130,16,1,0.00041888100008691254,97,A03,cross-session,AdaBN
131,16,1,0.00041958300016631256,97,A03,cross-session,AdaBN
132,16,1,0.000372144000039043,97,A03,cross-session,AdaBN
133,16,1,0.000429915999802688,97,A03,cross-session,AdaBN
134,16,1,0.0003690529999857972,97,A03,cross-session,AdaBN
135,16,1,0.00035414400008448865,97,A03,cross-session,AdaBN
136,16,1,0.0003860580000036862,97,A03,cross-session,AdaBN
137,16,0,0.0003664119999484683,97,A03,cross-session,AdaBN
138,16,1,0.00036218699983692204,97,A03,cross-session,AdaBN
139,16,1,0.0003730820001237589,97,A03,cross-session,AdaBN
140,16,1,0.0003585310000744357,97,A03,cross-session,AdaBN
141,16,0,0.0004490999999688938,97,A03,cross-session,AdaBN
142,16,1,0.00036788099987461464,97,A03,cross-session,AdaBN
143,16,1,0.0003595649998260342,97,A03,cross-session,AdaBN
144,16,0,0.0003644749999693886,97,A03,cross-session,AdaBN
145,16,0,0.0003507679998620006,97,A03,cross-session,AdaBN
146,16,1,0.00036582000007001625,97,A03,cross-session,AdaBN
147,16,0,0.000357883999868136,97,A03,cross-session,AdaBN
148,16,0,0.00034589699998832657,97,A03,cross-session,AdaBN
149,16,1,0.0003691570000228239,97,A03,cross-session,AdaBN
150,16,1,0.0003585350000321341,97,A03,cross-session,AdaBN
151,16,1,0.00037839799983885314,97,A03,cross-session,AdaBN
152,16,0,0.0003967820000525535,97,A03,cross-session,AdaBN
153,16,1,0.0003740839999863965,97,A03,cross-session,AdaBN
154,16,1,0.0004237570001350832,97,A03,cross-session,AdaBN
155,16,1,0.00037909200000285637,97,A03,cross-session,AdaBN
156,16,1,0.00037483400001292466,97,A03,cross-session,AdaBN
157,16,1,0.0003539070000897482,97,A03,cross-session,AdaBN
158,16,0,0.0003870300001835858,97,A03,cross-session,AdaBN
159,16,1,0.0003500259999782429,97,A03,cross-session,AdaBN
160,16,1,0.0003600380000534642,97,A03,cross-session,AdaBN
161,16,1,0.00038857200001984893,97,A03,cross-session,AdaBN
162,16,1,0.00037181699985922023,97,A03,cross-session,AdaBN
163,16,1,0.0003874179999456828,97,A03,cross-session,AdaBN
164,16,0,0.0004569220000121277,97,A03,cross-session,AdaBN
165,16,1,0.00035312300019541,97,A03,cross-session,AdaBN
166,16,1,0.00038457999994534475,97,A03,cross-session,AdaBN
167,16,1,0.0003689010000016424,97,A03,cross-session,AdaBN
168,16,1,0.0003564880000794801,97,A03,cross-session,AdaBN
169,16,1,0.0004222700001719204,97,A03,cross-session,AdaBN
170,16,1,0.0003705940000600094,97,A03,cross-session,AdaBN
171,16,0,0.0003614730001118005,97,A03,cross-session,AdaBN
172,16,1,0.0003914080000413378,97,A03,cross-session,AdaBN
173,16,1,0.00043216799986112164,97,A03,cross-session,AdaBN
174,16,1,0.0004121580000173708,97,A03,cross-session,AdaBN
175,16,1,0.0003960530000313156,97,A03,cross-session,AdaBN
176,16,1,0.00035276299990982807,97,A03,cross-session,AdaBN
177,16,1,0.00036316599994279386,97,A03,cross-session,AdaBN
178,16,1,0.0004165820000707754,97,A03,cross-session,AdaBN
179,16,0,0.0003814080000665854,97,A03,cross-session,AdaBN
180,16,0,0.00037759700012429676,97,A03,cross-session,AdaBN
181,16,0,0.00038442300001406693,97,A03,cross-session,AdaBN
182,16,0,0.00035592199992606766,97,A03,cross-session,AdaBN
183,16,1,0.0004127309998693818,97,A03,cross-session,AdaBN
184,16,1,0.00043199799983995035,97,A03,cross-session,AdaBN
185,16,1,0.0003666780000912695,97,A03,cross-session,AdaBN
186,16,0,0.0003637330000856309,97,A03,cross-session,AdaBN
187,16,1,0.00035587899992606253,97,A03,cross-session,AdaBN
188,16,0,0.0003524020000895689,97,A03,cross-session,AdaBN
189,16,1,0.00035509100007402594,97,A03,cross-session,AdaBN
190,16,1,0.00035021799999412906,97,A03,cross-session,AdaBN
191,16,1,0.00035126900002069306,97,A03,cross-session,AdaBN
192,16,0,0.00037501299993891735,97,A03,cross-session,AdaBN
193,16,1,0.0003580049999527546,97,A03,cross-session,AdaBN
194,16,1,0.0003685120000227471,97,A03,cross-session,AdaBN
195,16,0,0.0004476190001696523,97,A03,cross-session,AdaBN
196,16,0,0.0003617960001065512,97,A03,cross-session,AdaBN
197,16,1,0.00035651899997901637,97,A03,cross-session,AdaBN
198,16,0,0.00035535600000002887,97,A03,cross-session,AdaBN
199,16,1,0.00034861399990404607,97,A03,cross-session,AdaBN
200,16,1,0.00036509899996417516,97,A03,cross-session,AdaBN
201,16,1,0.00035708199993678136,97,A03,cross-session,AdaBN
202,16,1,0.0003524030000789935,97,A03,cross-session,AdaBN
203,16,1,0.00036892200000693265,97,A03,cross-session,AdaBN
204,16,1,0.0003565550000530493,97,A03,cross-session,AdaBN
205,16,1,0.0003989849999470607,97,A03,cross-session,AdaBN
206,16,0,0.0004447910000635602,97,A03,cross-session,AdaBN
207,16,1,0.0003542310000739235,97,A03,cross-session,AdaBN
208,16,0,0.0003571799998098868,97,A03,cross-session,AdaBN
209,16,0,0.00035978899995825486,97,A03,cross-session,AdaBN
210,16,1,0.00035127099999954225,97,A03,cross-session,AdaBN
211,16,1,0.0003500230000099691,97,A03,cross-session,AdaBN
212,16,1,0.0003629170000749582,97,A03,cross-session,AdaBN
213,16,1,0.0003572329999315116,97,A03,cross-session,AdaBN
214,16,1,0.000353854999957548,97,A03,cross-session,AdaBN
215,16,0,0.00035850400013259787,97,A03,cross-session,AdaBN
216,16,1,0.00039612600016880606,97,A03,cross-session,AdaBN
217,16,1,0.00045588700004373095,97,A03,cross-session,AdaBN
218,16,1,0.0004303659998186049,97,A03,cross-session,AdaBN
219,16,0,0.000413364999985788,97,A03,cross-session,AdaBN
220,16,0,0.00037346399994930835,97,A03,cross-session,AdaBN
221,16,1,0.00035470800003167824,97,A03,cross-session,AdaBN
222,16,1,0.000356106000026557,97,A03,cross-session,AdaBN
223,16,1,0.0004103509998003574,97,A03,cross-session,AdaBN
224,16,0,0.0003871619999245013,97,A03,cross-session,AdaBN
225,16,0,0.00036909599998580234,97,A03,cross-session,AdaBN
226,16,1,0.0003903150000041933,97,A03,cross-session,AdaBN
227,16,1,0.0004296990000511869,97,A03,cross-session,AdaBN
228,16,1,0.00041451200013398193,97,A03,cross-session,AdaBN
229,16,0,0.0004169819999333413,97,A03,cross-session,AdaBN
230,16,1,0.00035579900008997356,97,A03,cross-session,AdaBN
231,16,1,0.00044559399998433946,97,A03,cross-session,AdaBN
232,16,1,0.00038762400004088704,97,A03,cross-session,AdaBN
233,16,0,0.00035249300003670214,97,A03,cross-session,AdaBN
234,16,1,0.0003868740000143589,97,A03,cross-session,AdaBN
235,16,1,0.0003958320000947424,97,A03,cross-session,AdaBN
236,16,1,0.0003785730000345211,97,A03,cross-session,AdaBN
237,16,1,0.00044065900010537007,97,A03,cross-session,AdaBN
238,16,1,0.0004933080001592316,97,A03,cross-session,AdaBN
239,16,0,0.000442672000190214,97,A03,cross-session,AdaBN
240,16,0,0.0003864809998503915,97,A03,cross-session,AdaBN
241,16,1,0.0003822690000561124,97,A03,cross-session,AdaBN
242,16,1,0.0003483149998828594,97,A03,cross-session,AdaBN
243,16,1,0.0003919859998404718,97,A03,cross-session,AdaBN
244,16,1,0.00041147499996441184,97,A03,cross-session,AdaBN
245,16,1,0.00036227700002200436,97,A03,cross-session,AdaBN
246,16,1,0.0003770839998651354,97,A03,cross-session,AdaBN
247,16,1,0.0003659420001440594,97,A03,cross-session,AdaBN
248,16,0,0.0003636330000063026,97,A03,cross-session,AdaBN
249,16,1,0.0004536659998848336,97,A03,cross-session,AdaBN
250,16,1,0.00042894399985016207,97,A03,cross-session,AdaBN
251,16,1,0.0003747739999653277,97,A03,cross-session,AdaBN
252,16,1,0.000374515000203246,97,A03,cross-session,AdaBN
253,16,1,0.00036466400001700094,97,A03,cross-session,AdaBN
254,16,1,0.0003496379999887722,97,A03,cross-session,AdaBN
255,16,1,0.000392629999851124,97,A03,cross-session,AdaBN
256,16,1,0.000373050999996849,97,A03,cross-session,AdaBN
257,16,1,0.00038258199992924347,97,A03,cross-session,AdaBN
258,16,1,0.0003966159999890806,97,A03,cross-session,AdaBN
259,16,1,0.0004414889999679872,97,A03,cross-session,AdaBN
260,16,0,0.0003784829998494388,97,A03,cross-session,AdaBN
261,16,1,0.0003954629999043391,97,A03,cross-session,AdaBN
262,16,1,0.0003592160001062439,97,A03,cross-session,AdaBN
263,16,0,0.0003739660000974254,97,A03,cross-session,AdaBN
264,16,0,0.0004003779999948165,97,A03,cross-session,AdaBN
265,16,1,0.00035629800004244316,97,A03,cross-session,AdaBN
266,16,1,0.000364962000048763,97,A03,cross-session,AdaBN
267,16,1,0.00040155600004254666,97,A03,cross-session,AdaBN
268,16,1,0.00035774399998445006,97,A03,cross-session,AdaBN
269,16,1,0.00036720200000672776,97,A03,cross-session,AdaBN
270,16,1,0.00047968400008358003,97,A03,cross-session,AdaBN
271,16,1,0.0004053139998632105,97,A03,cross-session,AdaBN
272,16,1,0.00039996000009523414,97,A03,cross-session,AdaBN
273,16,1,0.0004073410000273725,97,A03,cross-session,AdaBN
274,16,1,0.0003539679998993961,97,A03,cross-session,AdaBN
275,16,1,0.0003634649999639805,97,A03,cross-session,AdaBN
276,16,1,0.0004268870000032621,97,A03,cross-session,AdaBN
277,16,0,0.00037085400003888935,97,A03,cross-session,AdaBN
278,16,1,0.00038464999988718773,97,A03,cross-session,AdaBN
279,16,1,0.00042497300000832183,97,A03,cross-session,AdaBN
280,16,1,0.0003926809999938996,97,A03,cross-session,AdaBN
281,16,1,0.00038523500006704126,97,A03,cross-session,AdaBN
282,16,0,0.00038418899998760025,97,A03,cross-session,AdaBN
283,16,0,0.0003535620001002826,97,A03,cross-session,AdaBN
284,16,0,0.00037894899992352293,97,A03,cross-session,AdaBN
285,16,0,0.00037544900010288984,97,A03,cross-session,AdaBN
286,16,1,0.00035138699990966415,97,A03,cross-session,AdaBN
287,16,1,0.00036435399988477,97,A03,cross-session,AdaBN
0,1,1,0.001010655999834853,97,A04,cross-session,AdaBN
1,2,0,0.0008792170001470367,97,A04,cross-session,AdaBN
2,3,1,0.0011602039999161207,97,A04,cross-session,AdaBN
3,4,1,0.0011167140000907239,97,A04,cross-session,AdaBN
4,5,1,0.0010956139999507286,97,A04,cross-session,AdaBN
5,6,0,0.0010869729999285482,97,A04,cross-session,AdaBN
6,7,1,0.001159685000175159,97,A04,cross-session,AdaBN
7,8,0,0.0011983839999629708,97,A04,cross-session,AdaBN
8,9,1,0.0011329659998864372,97,A04,cross-session,AdaBN
9,10,1,0.0009863479999694391,97,A04,cross-session,AdaBN
10,11,1,0.0007737329999599751,97,A04,cross-session,AdaBN
11,12,1,0.0007206349998796213,97,A04,cross-session,AdaBN
12,13,0,0.0006978200001412915,97,A04,cross-session,AdaBN
13,14,0,0.000706644000047163,97,A04,cross-session,AdaBN
14,15,0,0.0007312449999972159,97,A04,cross-session,AdaBN
15,16,0,0.0007876700001361314,97,A04,cross-session,AdaBN
16,16,0,0.0007736959998965176,97,A04,cross-session,AdaBN
17,16,0,0.0007242950000545534,97,A04,cross-session,AdaBN
18,16,1,0.0007105600000159029,97,A04,cross-session,AdaBN
19,16,0,0.0006988669999827835,97,A04,cross-session,AdaBN
20,16,0,0.000693355000066731,97,A04,cross-session,AdaBN
21,16,0,0.0007216309998057113,97,A04,cross-session,AdaBN
22,16,1,0.000707053000041924,97,A04,cross-session,AdaBN
23,16,1,0.000750498999877891,97,A04,cross-session,AdaBN
24,16,1,0.0006549889999405423,97,A04,cross-session,AdaBN
25,16,0,0.0005176019999453274,97,A04,cross-session,AdaBN
26,16,1,0.0005946730000232492,97,A04,cross-session,AdaBN
27,16,0,0.0004330189999564027,97,A04,cross-session,AdaBN
28,16,0,0.0005144430001564615,97,A04,cross-session,AdaBN
29,16,0,0.00041544700002305035,97,A04,cross-session,AdaBN
30,16,0,0.0004772679999405227,97,A04,cross-session,AdaBN
31,16,1,0.0004531729998689116,97,A04,cross-session,AdaBN
32,16,1,0.0004640139998173254,97,A04,cross-session,AdaBN
33,16,0,0.0005378810001275269,97,A04,cross-session,AdaBN
34,16,1,0.0005318860000897985,97,A04,cross-session,AdaBN
35,16,1,0.00047734999998283456,97,A04,cross-session,AdaBN
36,16,1,0.0005302780000420171,97,A04,cross-session,AdaBN
37,16,1,0.000485293000110687,97,A04,cross-session,AdaBN
38,16,0,0.00055507399997623,97,A04,cross-session,AdaBN
39,16,1,0.00043559599998843623,97,A04,cross-session,AdaBN
40,16,0,0.00047276899999815214,97,A04,cross-session,AdaBN
41,16,1,0.0004554160000225238,97,A04,cross-session,AdaBN
42,16,1,0.000561502999971708,97,A04,cross-session,AdaBN
43,16,1,0.000422509999907561,97,A04,cross-session,AdaBN
44,16,1,0.00046496899994963314,97,A04,cross-session,AdaBN
45,16,1,0.00036393999994288606,97,A04,cross-session,AdaBN
46,16,1,0.00043598199999905773,97,A04,cross-session,AdaBN
47,16,1,0.00046555400012948667,97,A04,cross-session,AdaBN
48,16,1,0.00047968600006242923,97,A04,cross-session,AdaBN
49,16,1,0.0006146830000943737,97,A04,cross-session,AdaBN
50,16,0,0.0005566480001562013,97,A04,cross-session,AdaBN
51,16,1,0.0005918920001022343,97,A04,cross-session,AdaBN
52,16,1,0.0007407810001041071,97,A04,cross-session,AdaBN
53,16,0,0.0005271090001315315,97,A04,cross-session,AdaBN
54,16,1,0.00045372099998530757,97,A04,cross-session,AdaBN
55,16,1,0.0004900480000742391,97,A04,cross-session,AdaBN
56,16,0,0.00044724600002155057,97,A04,cross-session,AdaBN
57,16,0,0.0004889040001216927,97,A04,cross-session,AdaBN
58,16,1,0.000410546000011891,97,A04,cross-session,AdaBN
59,16,0,0.0004526550001173746,97,A04,cross-session,AdaBN
60,16,1,0.0005505180001819099,97,A04,cross-session,AdaBN
61,16,1,0.0005562930000451161,97,A04,cross-session,AdaBN
62,16,0,0.000549017000139429,97,A04,cross-session,AdaBN
63,16,1,0.0006057640000562969,97,A04,cross-session,AdaBN
64,16,0,0.0005836459999954968,97,A04,cross-session,AdaBN
65,16,1,0.000583210000058898,97,A04,cross-session,AdaBN
66,16,1,0.00043408900000940775,97,A04,cross-session,AdaBN
67,16,0,0.0004534780000540195,97,A04,cross-session,AdaBN
68,16,1,0.0004890260001957358,97,A04,cross-session,AdaBN
69,16,1,0.00044924300004822726,97,A04,cross-session,AdaBN
70,16,1,0.0004882640000687388,97,A04,cross-session,AdaBN
71,16,1,0.00047886899983495823,97,A04,cross-session,AdaBN
72,16,1,0.00044079300005250843,97,A04,cross-session,AdaBN
73,16,0,0.0003694870001709205,97,A04,cross-session,AdaBN
74,16,1,0.0004394410000259086,97,A04,cross-session,AdaBN
75,16,0,0.0003959950001899415,97,A04,cross-session,AdaBN
76,16,1,0.00036997899997004424,97,A04,cross-session,AdaBN
77,16,1,0.0004032310000638972,97,A04,cross-session,AdaBN
78,16,1,0.00035330900004737487,97,A04,cross-session,AdaBN
79,16,1,0.00038297499986583716,97,A04,cross-session,AdaBN
80,16,1,0.0004455250000319211,97,A04,cross-session,AdaBN
81,16,0,0.0004826809999940451,97,A04,cross-session,AdaBN
82,16,0,0.00048825299995769456,97,A04,cross-session,AdaBN
83,16,0,0.00044460399999479705,97,A04,cross-session,AdaBN
84,16,1,0.0003671360000225832,97,A04,cross-session,AdaBN
85,16,1,0.0004206109999813634,97,A04,cross-session,AdaBN
86,16,1,0.0003592729999581934,97,A04,cross-session,AdaBN
87,16,0,0.0003725399999439105,97,A04,cross-session,AdaBN
88,16,1,0.00040687799992156215,97,A04,cross-session,AdaBN
89,16,1,0.0003586660000109987,97,A04,cross-session,AdaBN
90,16,1,0.00041319199999634293,97,A04,cross-session,AdaBN
91,16,0,0.0003869870001835807,97,A04,cross-session,AdaBN
92,16,0,0.0004335099999934755,97,A04,cross-session,AdaBN
93,16,1,0.0004414959998939594,97,A04,cross-session,AdaBN
94,16,0,0.0003643849997843063,97,A04,cross-session,AdaBN
95,16,0,0.0003892649999670539,97,A04,cross-session,AdaBN
96,16,0,0.0003703180000229622,97,A04,cross-session,AdaBN
97,16,1,0.0003635870000380237,97,A04,cross-session,AdaBN
98,16,1,0.0004135389999646577,97,A04,cross-session,AdaBN
99,16,0,0.00036080699987905973,97,A04,cross-session,AdaBN
100,16,1,0.000391200999956709,97,A04,cross-session,AdaBN
101,16,1,0.00037671900008717785,97,A04,cross-session,AdaBN
102,16,0,0.00042469100003472704,97,A04,cross-session,AdaBN
103,16,1,0.0005140979999396222,97,A04,cross-session,AdaBN
104,16,1,0.0003720590000284574,97,A04,cross-session,AdaBN
105,16,0,0.00036321800007499405,97,A04,cross-session,AdaBN
106,16,1,0.000384545999850161,97,A04,cross-session,AdaBN
107,16,0,0.0003558059997885721,97,A04,cross-session,AdaBN
108,16,1,0.0003735430000233464,97,A04,cross-session,AdaBN
109,16,0,0.00036881000005450915,97,A04,cross-session,AdaBN
110,16,0,0.00035249600000497594,97,A04,cross-session,AdaBN
111,16,0,0.0004080670000803366,97,A04,cross-session,AdaBN
112,16,0,0.0003600029999688559,97,A04,cross-session,AdaBN
113,16,1,0.0004213390000131767,97,A04,cross-session,AdaBN
114,16,0,0.000490219000084835,97,A04,cross-session,AdaBN
115,16,1,0.00041864600007102126,97,A04,cross-session,AdaBN
116,16,0,0.0003683300001284806,97,A04,cross-session,AdaBN
117,16,0,0.0003717829999914102,97,A04,cross-session,AdaBN
118,16,1,0.0004221159999815427,97,A04,cross-session,AdaBN
119,16,0,0.0004294359998766595,97,A04,cross-session,AdaBN
120,16,0,0.00041755400002330134,97,A04,cross-session,AdaBN
121,16,1,0.00037800799987053324,97,A04,cross-session,AdaBN
122,16,0,0.0004091670000434533,97,A04,cross-session,AdaBN
123,16,1,0.0003633010001067305,97,A04,cross-session,AdaBN
124,16,0,0.0003759139999601757,97,A04,cross-session,AdaBN
125,16,0,0.0004709070001354121,97,A04,cross-session,AdaBN
126,16,1,0.0004442350000317674,97,A04,cross-session,AdaBN
127,16,0,0.000404290000005858,97,A04,cross-session,AdaBN
128,16,1,0.0003792400000293128,97,A04,cross-session,AdaBN
129,16,0,0.0003593779999846447,97,A04,cross-session,AdaBN
130,16,0,0.00039392999997289735,97,A04,cross-session,AdaBN
131,16,0,0.0003630840001278557,97,A04,cross-session,AdaBN
132,16,0,0.00041130499994324055,97,A04,cross-session,AdaBN
133,16,1,0.00037191299998085015,97,A04,cross-session,AdaBN
134,16,1,0.0003573670001060236,97,A04,cross-session,AdaBN
135,16,1,0.0004319219999615598,97,A04,cross-session,AdaBN
136,16,1,0.0004663239999445068,97,A04,cross-session,AdaBN
137,16,0,0.00037607199988087814,97,A04,cross-session,AdaBN
138,16,1,0.0003985569999258587,97,A04,cross-session,AdaBN
139,16,1,0.00035614300009001454,97,A04,cross-session,AdaBN
140,16,1,0.00036544099998536694,97,A04,cross-session,AdaBN
141,16,1,0.0004062999998950545,97,A04,cross-session,AdaBN
142,16,0,0.0003717249999226624,97,A04,cross-session,AdaBN
143,16,0,0.00036415800013855915,97,A04,cross-session,AdaBN
144,16,1,0.00040735700008553977,97,A04,cross-session,AdaBN
145,16,1,0.0003538539999681234,97,A04,cross-session,AdaBN
146,16,1,0.0004039570001168613,97,A04,cross-session,AdaBN
147,16,0,0.00046351600008165406,97,A04,cross-session,AdaBN
148,16,0,0.00036146699994787923,97,A04,cross-session,AdaBN
149,16,0,0.0004277109999293316,97,A04,cross-session,AdaBN
150,16,0,0.0003784130001349695,97,A04,cross-session,AdaBN
151,16,1,0.0003652929999589105,97,A04,cross-session,AdaBN
152,16,0,0.00040471400006936165,97,A04,cross-session,AdaBN
153,16,0,0.00036595300002773,97,A04,cross-session,AdaBN
154,16,1,0.00035398399995756336,97,A04,cross-session,AdaBN
155,16,1,0.0004069520000484772,97,A04,cross-session,AdaBN
156,16,1,0.00035708700011127803,97,A04,cross-session,AdaBN
157,16,0,0.0004244390001986176,97,A04,cross-session,AdaBN
158,16,1,0.00047236500017788785,97,A04,cross-session,AdaBN
159,16,1,0.00039182900013656763,97,A04,cross-session,AdaBN
160,16,0,0.00037999100004526554,97,A04,cross-session,AdaBN
161,16,0,0.0003874169999562582,97,A04,cross-session,AdaBN
162,16,0,0.00036522899995361513,97,A04,cross-session,AdaBN
163,16,1,0.0003731619999598479,97,A04,cross-session,AdaBN
164,16,1,0.0004192960000182211,97,A04,cross-session,AdaBN
165,16,1,0.00035463900007925986,97,A04,cross-session,AdaBN
166,16,0,0.0003723219999756111,97,A04,cross-session,AdaBN
167,16,1,0.00037904500004515285,97,A04,cross-session,AdaBN
168,16,1,0.0003511400000206777,97,A04,cross-session,AdaBN
169,16,1,0.00044055900002604176,97,A04,cross-session,AdaBN
170,16,0,0.0004325820000303793,97,A04,cross-session,AdaBN
171,16,0,0.00035482999987834773,97,A04,cross-session,AdaBN
172,16,0,0.00035831399986818724,97,A04,cross-session,AdaBN
173,16,1,0.0003530289998252556,97,A04,cross-session,AdaBN
174,16,0,0.0003588690001379291,97,A04,cross-session,AdaBN
175,16,0,0.00036310300015429675,97,A04,cross-session,AdaBN
176,16,0,0.00036045600018042023,97,A04,cross-session,AdaBN
177,16,0,0.0003707289999965724,97,A04,cross-session,AdaBN
178,16,0,0.0003702070000599633,97,A04,cross-session,AdaBN
179,16,1,0.00042120099988096626,97,A04,cross-session,AdaBN
180,16,0,0.00042075600003954605,97,A04,cross-session,AdaBN
181,16,1,0.0003632619998370501,97,A04,cross-session,AdaBN
182,16,0,0.00036160500008008967,97,A04,cross-session,AdaBN
183,16,0,0.00042225800007145153,97,A04,cross-session,AdaBN
184,16,0,0.00035547200013752445,97,A04,cross-session,AdaBN
185,16,1,0.0003852600000300299,97,A04,cross-session,AdaBN
186,16,0,0.0003777460001401778,97,A04,cross-session,AdaBN
187,16,1,0.00035885500005861104,97,A04,cross-session,AdaBN
188,16,1,0.00038906999998289393,97,A04,cross-session,AdaBN
189,16,1,0.000372762000097282,97,A04,cross-session,AdaBN
190,16,0,0.0004074519999903714,97,A04,cross-session,AdaBN
191,16,0,0.00047175100007734727,97,A04,cross-session,AdaBN
192,16,0,0.0003609850000430015,97,A04,cross-session,AdaBN
193,16,1,0.0003563980001217715,97,A04,cross-session,AdaBN
194,16,0,0.00040724900009081466,97,A04,cross-session,AdaBN
195,16,1,0.0003553459998784092,97,A04,cross-session,AdaBN
196,16,0,0.0003656210001281579,97,A04,cross-session,AdaBN
197,16,0,0.0003824929999609594,97,A04,cross-session,AdaBN
198,16,0,0.00039990100003706175,97,A04,cross-session,AdaBN
199,16,0,0.0003685460001179308,97,A04,cross-session,AdaBN
200,16,0,0.00038368200011973386,97,A04,cross-session,AdaBN
201,16,1,0.00043159500000911066,97,A04,cross-session,AdaBN
202,16,1,0.0004522670001279039,97,A04,cross-session,AdaBN
203,16,0,0.0005613640000774467,97,A04,cross-session,AdaBN
204,16,0,0.000374474999944141,97,A04,cross-session,AdaBN
205,16,1,0.0004073869999956514,97,A04,cross-session,AdaBN
206,16,1,0.0003843179999876156,97,A04,cross-session,AdaBN
207,16,0,0.00035642400007418473,97,A04,cross-session,AdaBN
208,16,1,0.0003883560000303987,97,A04,cross-session,AdaBN
209,16,1,0.00036224199993739603,97,A04,cross-session,AdaBN
210,16,0,0.00036869399991701357,97,A04,cross-session,AdaBN
211,16,1,0.0004458410001006996,97,A04,cross-session,AdaBN
212,16,1,0.00043127499998263374,97,A04,cross-session,AdaBN
213,16,1,0.0003564059998097946,97,A04,cross-session,AdaBN
214,16,0,0.0003973860000314744,97,A04,cross-session,AdaBN
215,16,1,0.00035433399989415193,97,A04,cross-session,AdaBN
216,16,1,0.0003735800000868039,97,A04,cross-session,AdaBN
217,16,0,0.000398274000190213,97,A04,cross-session,AdaBN
218,16,1,0.00035911600002691557,97,A04,cross-session,AdaBN
219,16,1,0.0003873269999985496,97,A04,cross-session,AdaBN
220,16,1,0.00039039300008880673,97,A04,cross-session,AdaBN
221,16,0,0.0003658509999695525,97,A04,cross-session,AdaBN
222,16,1,0.0004247690001193405,97,A04,cross-session,AdaBN
223,16,0,0.0004998239999167708,97,A04,cross-session,AdaBN
224,16,1,0.0003762510000342445,97,A04,cross-session,AdaBN
225,16,1,0.00037993199998709315,97,A04,cross-session,AdaBN
226,16,0,0.00037412500000755244,97,A04,cross-session,AdaBN
227,16,1,0.0003611430001910776,97,A04,cross-session,AdaBN
228,16,1,0.0003906829999777983,97,A04,cross-session,AdaBN
229,16,1,0.00039856400007920456,97,A04,cross-session,AdaBN
230,16,1,0.000361743999974351,97,A04,cross-session,AdaBN
231,16,0,0.0004266579999239184,97,A04,cross-session,AdaBN
232,16,1,0.00043740999990404816,97,A04,cross-session,AdaBN
233,16,1,0.00043187999995097925,97,A04,cross-session,AdaBN
234,16,1,0.0004125969999222434,97,A04,cross-session,AdaBN
235,16,0,0.0003656330000012531,97,A04,cross-session,AdaBN
236,16,1,0.00036362699984238134,97,A04,cross-session,AdaBN
237,16,0,0.00038956199978201766,97,A04,cross-session,AdaBN
238,16,1,0.0003890420000516315,97,A04,cross-session,AdaBN
239,16,1,0.00036985600013395015,97,A04,cross-session,AdaBN
240,16,0,0.00036821100002271123,97,A04,cross-session,AdaBN
241,16,0,0.0003657869999642571,97,A04,cross-session,AdaBN
242,16,0,0.0003724310001871345,97,A04,cross-session,AdaBN
243,16,0,0.00044886200021210243,97,A04,cross-session,AdaBN
244,16,0,0.0004424270000527031,97,A04,cross-session,AdaBN
245,16,1,0.00040111499993145117,97,A04,cross-session,AdaBN
246,16,1,0.0003821419998075726,97,A04,cross-session,AdaBN
247,16,0,0.00036913400003868446,97,A04,cross-session,AdaBN
248,16,0,0.00037495700007639243,97,A04,cross-session,AdaBN
249,16,0,0.00039568700003655977,97,A04,cross-session,AdaBN
250,16,0,0.00036277300000620016,97,A04,cross-session,AdaBN
251,16,0,0.0003818870000031893,97,A04,cross-session,AdaBN
252,16,0,0.000359492999905342,97,A04,cross-session,AdaBN
253,16,0,0.0004182369998488866,97,A04,cross-session,AdaBN
254,16,0,0.000408164999953442,97,A04,cross-session,AdaBN
255,16,0,0.00041931200007638836,97,A04,cross-session,AdaBN
256,16,1,0.00042966899991370155,97,A04,cross-session,AdaBN
257,16,0,0.0004190749998542742,97,A04,cross-session,AdaBN
258,16,1,0.00036603500007004186,97,A04,cross-session,AdaBN
259,16,1,0.0003667429998586158,97,A04,cross-session,AdaBN
260,16,0,0.0003848159999506606,97,A04,cross-session,AdaBN
261,16,1,0.00037145800001781026,97,A04,cross-session,AdaBN
262,16,1,0.0003798380000716861,97,A04,cross-session,AdaBN
263,16,0,0.00038696499996149214,97,A04,cross-session,AdaBN
264,16,1,0.0004456120000213559,97,A04,cross-session,AdaBN
265,16,0,0.00045568799987449893,97,A04,cross-session,AdaBN
266,16,1,0.00038918799987186503,97,A04,cross-session,AdaBN
267,16,1,0.00036283300005379715,97,A04,cross-session,AdaBN
268,16,1,0.0003713710000283754,97,A04,cross-session,AdaBN
269,16,0,0.00038688900008310156,97,A04,cross-session,AdaBN
270,16,0,0.0003669069999432395,97,A04,cross-session,AdaBN
271,16,1,0.0004285969998818473,97,A04,cross-session,AdaBN
272,16,0,0.00038784999992458324,97,A04,cross-session,AdaBN
273,16,1,0.0003578170001219405,97,A04,cross-session,AdaBN
274,16,0,0.00039488999982495443,97,A04,cross-session,AdaBN
275,16,0,0.0004405859999678796,97,A04,cross-session,AdaBN
276,16,0,0.0004108379998797318,97,A04,cross-session,AdaBN
277,16,1,0.00046518199997080956,97,A04,cross-session,AdaBN
278,16,0,0.0003746320001027925,97,A04,cross-session,AdaBN
279,16,1,0.00036534799983201083,97,A04,cross-session,AdaBN
280,16,1,0.0004002000000582484,97,A04,cross-session,AdaBN
281,16,1,0.00036493399989012687,97,A04,cross-session,AdaBN
282,16,0,0.00036449499998525425,97,A04,cross-session,AdaBN
283,16,0,0.00040195900010076,97,A04,cross-session,AdaBN
284,16,0,0.00036139600001661165,97,A04,cross-session,AdaBN
285,16,0,0.000461594000171317,97,A04,cross-session,AdaBN
286,16,1,0.0004590259998167312,97,A04,cross-session,AdaBN
287,16,1,0.0003909100000782928,97,A04,cross-session,AdaBN
0,1,1,0.0011825120000139577,97,A05,cross-session,AdaBN
1,2,0,0.0008856250001372246,97,A05,cross-session,AdaBN
2,3,1,0.0009067189998859249,97,A05,cross-session,AdaBN
3,4,1,0.00083409700005177,97,A05,cross-session,AdaBN
4,5,0,0.0008382399998936307,97,A05,cross-session,AdaBN
5,6,0,0.0008431129999735276,97,A05,cross-session,AdaBN
6,7,0,0.0009165839999241143,97,A05,cross-session,AdaBN
7,8,0,0.0008829629998672317,97,A05,cross-session,AdaBN
8,9,1,0.0009057049999228184,97,A05,cross-session,AdaBN
9,10,0,0.0008792450000782992,97,A05,cross-session,AdaBN
10,11,1,0.0008326060001309088,97,A05,cross-session,AdaBN
11,12,0,0.0007672419999380509,97,A05,cross-session,AdaBN
12,13,0,0.0006609509998725116,97,A05,cross-session,AdaBN
13,14,0,0.0007457090000571043,97,A05,cross-session,AdaBN
14,15,1,0.0008102619999590388,97,A05,cross-session,AdaBN
15,16,0,0.0006728230000589974,97,A05,cross-session,AdaBN
16,16,0,0.0006850740001027589,97,A05,cross-session,AdaBN
17,16,0,0.0006905220000135159,97,A05,cross-session,AdaBN
18,16,0,0.0006756420000328944,97,A05,cross-session,AdaBN
19,16,0,0.0006489039999451052,97,A05,cross-session,AdaBN
20,16,1,0.0006601229999887437,97,A05,cross-session,AdaBN
21,16,1,0.0007025390000308107,97,A05,cross-session,AdaBN
22,16,0,0.0007259550000071613,97,A05,cross-session,AdaBN
23,16,1,0.0006591809999463294,97,A05,cross-session,AdaBN
24,16,0,0.0005386689999795635,97,A05,cross-session,AdaBN
25,16,0,0.0005362720000903209,97,A05,cross-session,AdaBN
26,16,0,0.0006890960000873747,97,A05,cross-session,AdaBN
27,16,0,0.00045130200010135013,97,A05,cross-session,AdaBN
28,16,0,0.0005159890001777967,97,A05,cross-session,AdaBN
29,16,0,0.0004228519999287528,97,A05,cross-session,AdaBN
30,16,0,0.0005143170001247199,97,A05,cross-session,AdaBN
31,16,0,0.0004330819999722735,97,A05,cross-session,AdaBN
32,16,0,0.0004396950000682409,97,A05,cross-session,AdaBN
33,16,1,0.00043115599987686437,97,A05,cross-session,AdaBN
34,16,1,0.00046048999979575456,97,A05,cross-session,AdaBN
35,16,0,0.0004336709998824517,97,A05,cross-session,AdaBN
36,16,0,0.0003725880001184123,97,A05,cross-session,AdaBN
37,16,1,0.0004277590001038334,97,A05,cross-session,AdaBN
38,16,0,0.00042430100006640714,97,A05,cross-session,AdaBN
39,16,0,0.00046496100003423635,97,A05,cross-session,AdaBN
40,16,0,0.0004820369999833929,97,A05,cross-session,AdaBN
41,16,0,0.0004799240000465943,97,A05,cross-session,AdaBN
42,16,0,0.00046373300006052887,97,A05,cross-session,AdaBN
43,16,0,0.0004597270001340803,97,A05,cross-session,AdaBN
44,16,1,0.0005334309998943354,97,A05,cross-session,AdaBN
45,16,1,0.0005308899999363348,97,A05,cross-session,AdaBN
46,16,0,0.00047120899989749887,97,A05,cross-session,AdaBN
47,16,1,0.000448450000021694,97,A05,cross-session,AdaBN
48,16,0,0.0005326819998572319,97,A05,cross-session,AdaBN
49,16,0,0.0004909449999104254,97,A05,cross-session,AdaBN
50,16,1,0.00044133500000498316,97,A05,cross-session,AdaBN
51,16,0,0.0006806599999436003,97,A05,cross-session,AdaBN
52,16,1,0.0004954710000220075,97,A05,cross-session,AdaBN
53,16,1,0.0005439409999326017,97,A05,cross-session,AdaBN
54,16,1,0.0004296469999189867,97,A05,cross-session,AdaBN
55,16,1,0.00036221599998498277,97,A05,cross-session,AdaBN
56,16,0,0.0004383899999993446,97,A05,cross-session,AdaBN
57,16,0,0.0004252690000612347,97,A05,cross-session,AdaBN
58,16,1,0.000493610999910743,97,A05,cross-session,AdaBN
59,16,0,0.0004367010001260496,97,A05,cross-session,AdaBN
60,16,0,0.0005762870000580733,97,A05,cross-session,AdaBN
61,16,0,0.0004944439999690076,97,A05,cross-session,AdaBN
62,16,1,0.0005234119998931419,97,A05,cross-session,AdaBN
63,16,0,0.0007095500000104948,97,A05,cross-session,AdaBN
64,16,0,0.000641799000050014,97,A05,cross-session,AdaBN
65,16,0,0.000479708999819195,97,A05,cross-session,AdaBN
66,16,0,0.0004377500001737644,97,A05,cross-session,AdaBN
67,16,1,0.00036716399995384563,97,A05,cross-session,AdaBN
68,16,0,0.00041649900003903895,97,A05,cross-session,AdaBN
69,16,1,0.000423272000034558,97,A05,cross-session,AdaBN
70,16,0,0.00044583899989447673,97,A05,cross-session,AdaBN
71,16,0,0.0004944730001170683,97,A05,cross-session,AdaBN
72,16,1,0.0003986029998941376,97,A05,cross-session,AdaBN
73,16,1,0.00044715500007441733,97,A05,cross-session,AdaBN
74,16,0,0.00036610000006476184,97,A05,cross-session,AdaBN
75,16,1,0.0003874770000038552,97,A05,cross-session,AdaBN
76,16,0,0.00043304600012561423,97,A05,cross-session,AdaBN
77,16,1,0.00037644300005013065,97,A05,cross-session,AdaBN
78,16,0,0.000434788000120534,97,A05,cross-session,AdaBN
79,16,0,0.0004184229999282252,97,A05,cross-session,AdaBN
80,16,1,0.00040775999991637946,97,A05,cross-session,AdaBN
81,16,0,0.00042984699985026964,97,A05,cross-session,AdaBN
82,16,1,0.00039326300020547933,97,A05,cross-session,AdaBN
83,16,0,0.00043630000004668545,97,A05,cross-session,AdaBN
84,16,0,0.0004036269999687647,97,A05,cross-session,AdaBN
85,16,0,0.00036422100015442993,97,A05,cross-session,AdaBN
86,16,1,0.00046766600007686066,97,A05,cross-session,AdaBN
87,16,1,0.0003691090000756958,97,A05,cross-session,AdaBN
88,16,0,0.00047990100006245484,97,A05,cross-session,AdaBN
89,16,0,0.0004340660000252683,97,A05,cross-session,AdaBN
90,16,0,0.00045965200001774065,97,A05,cross-session,AdaBN
91,16,0,0.000426877999871067,97,A05,cross-session,AdaBN
92,16,0,0.00045666100004382315,97,A05,cross-session,AdaBN
93,16,0,0.0004212439998809714,97,A05,cross-session,AdaBN
94,16,0,0.00041670400014481856,97,A05,cross-session,AdaBN
95,16,0,0.0003651869999430346,97,A05,cross-session,AdaBN
96,16,0,0.00039835100005802815,97,A05,cross-session,AdaBN
97,16,0,0.00036365999994814047,97,A05,cross-session,AdaBN
98,16,0,0.00035253600003670726,97,A05,cross-session,AdaBN
99,16,1,0.00039604899984624353,97,A05,cross-session,AdaBN
100,16,0,0.0003633090000221273,97,A05,cross-session,AdaBN
101,16,1,0.00037255900019772525,97,A05,cross-session,AdaBN
102,16,0,0.0003559679998943466,97,A05,cross-session,AdaBN
103,16,0,0.00042795799981831806,97,A05,cross-session,AdaBN
104,16,0,0.00045632599994860357,97,A05,cross-session,AdaBN
105,16,0,0.00041949699993892864,97,A05,cross-session,AdaBN
106,16,0,0.00039032700010466215,97,A05,cross-session,AdaBN
107,16,1,0.00038595900014115614,97,A05,cross-session,AdaBN
108,16,1,0.00035147700009474647,97,A05,cross-session,AdaBN
109,16,0,0.00041412099994886375,97,A05,cross-session,AdaBN
110,16,1,0.000362436999921556,97,A05,cross-session,AdaBN
111,16,1,0.00035537600001589453,97,A05,cross-session,AdaBN
112,16,0,0.00038893900000402937,97,A05,cross-session,AdaBN
113,16,0,0.0004210430001876375,97,A05,cross-session,AdaBN
114,16,1,0.0004677639999499661,97,A05,cross-session,AdaBN
115,16,0,0.0003956829998514877,97,A05,cross-session,AdaBN
116,16,1,0.0003557229999842093,97,A05,cross-session,AdaBN
117,16,1,0.0004260499999872991,97,A05,cross-session,AdaBN
118,16,0,0.0003584440000850009,97,A05,cross-session,AdaBN
119,16,1,0.000363427999900523,97,A05,cross-session,AdaBN
120,16,0,0.0004189599999335769,97,A05,cross-session,AdaBN
121,16,0,0.00037152400000195485,97,A05,cross-session,AdaBN
122,16,0,0.0004097080000065034,97,A05,cross-session,AdaBN
123,16,0,0.0003662849999273021,97,A05,cross-session,AdaBN
124,16,0,0.00036167799999020644,97,A05,cross-session,AdaBN
125,16,1,0.0004404899998462497,97,A05,cross-session,AdaBN
126,16,0,0.0004449699999895529,97,A05,cross-session,AdaBN
127,16,0,0.00037390300008155464,97,A05,cross-session,AdaBN
128,16,1,0.00036443900012272934,97,A05,cross-session,AdaBN
129,16,0,0.0003590880000956531,97,A05,cross-session,AdaBN
130,16,0,0.00036952300001757976,97,A05,cross-session,AdaBN
131,16,1,0.00036903499994878075,97,A05,cross-session,AdaBN
132,16,1,0.00037610699996548647,97,A05,cross-session,AdaBN
133,16,0,0.00037847600015084026,97,A05,cross-session,AdaBN
134,16,0,0.0003567820001535438,97,A05,cross-session,AdaBN
135,16,1,0.0003723120000813651,97,A05,cross-session,AdaBN
136,16,0,0.00036626600012823474,97,A05,cross-session,AdaBN
137,16,0,0.0004326830000991322,97,A05,cross-session,AdaBN
138,16,1,0.00041384800010746403,97,A05,cross-session,AdaBN
139,16,0,0.00036504600006992405,97,A05,cross-session,AdaBN
140,16,0,0.00036727999986396753,97,A05,cross-session,AdaBN
141,16,0,0.000390414000094097,97,A05,cross-session,AdaBN
142,16,0,0.000412936999964586,97,A05,cross-session,AdaBN
143,16,1,0.0003656859998955042,97,A05,cross-session,AdaBN
144,16,1,0.00039619900007892284,97,A05,cross-session,AdaBN
145,16,0,0.0003734919998805708,97,A05,cross-session,AdaBN
146,16,0,0.00045688599993809476,97,A05,cross-session,AdaBN
147,16,0,0.000449775000106456,97,A05,cross-session,AdaBN
148,16,0,0.0004002040000159468,97,A05,cross-session,AdaBN
149,16,0,0.00039177700000436744,97,A05,cross-session,AdaBN
150,16,0,0.00037046700003884325,97,A05,cross-session,AdaBN
151,16,0,0.0003641250000328,97,A05,cross-session,AdaBN
152,16,0,0.00038690399992447055,97,A05,cross-session,AdaBN
153,16,1,0.0004288580000775255,97,A05,cross-session,AdaBN
154,16,1,0.0003709860000071785,97,A05,cross-session,AdaBN
155,16,0,0.0004012659999261814,97,A05,cross-session,AdaBN
156,16,0,0.00037080900006003503,97,A05,cross-session,AdaBN
157,16,0,0.00041960299995480455,97,A05,cross-session,AdaBN
158,16,0,0.0004498799999055336,97,A05,cross-session,AdaBN
159,16,0,0.0003977729998041468,97,A05,cross-session,AdaBN
160,16,0,0.0003634639999745559,97,A05,cross-session,AdaBN
161,16,1,0.00037367499999163556,97,A05,cross-session,AdaBN
162,16,0,0.0003641429998424428,97,A05,cross-session,AdaBN
163,16,0,0.00037107699995431176,97,A05,cross-session,AdaBN
164,16,0,0.0003692279999540915,97,A05,cross-session,AdaBN
165,16,0,0.00037235399986457196,97,A05,cross-session,AdaBN
166,16,1,0.0003690099999857921,97,A05,cross-session,AdaBN
167,16,0,0.000362371999926836,97,A05,cross-session,AdaBN
168,16,0,0.0003771340000184864,97,A05,cross-session,AdaBN
169,16,0,0.00042248999989169533,97,A05,cross-session,AdaBN
170,16,0,0.00044555399995260814,97,A05,cross-session,AdaBN
171,16,0,0.00035630100001071696,97,A05,cross-session,AdaBN
172,16,0,0.000354557000036948,97,A05,cross-session,AdaBN
173,16,1,0.0003562439999313938,97,A05,cross-session,AdaBN
174,16,1,0.0003583929999422253,97,A05,cross-session,AdaBN
175,16,1,0.0003557700001692865,97,A05,cross-session,AdaBN
176,16,0,0.0003679080000438262,97,A05,cross-session,AdaBN
177,16,0,0.0003841619998183887,97,A05,cross-session,AdaBN
178,16,1,0.0004529339998953219,97,A05,cross-session,AdaBN
179,16,1,0.0004553139999643463,97,A05,cross-session,AdaBN
180,16,0,0.0003642920000856975,97,A05,cross-session,AdaBN
181,16,0,0.0003698509999594535,97,A05,cross-session,AdaBN
182,16,0,0.0003636300000380288,97,A05,cross-session,AdaBN
183,16,0,0.00035425700002633675,97,A05,cross-session,AdaBN
184,16,1,0.0003532309999627614,97,A05,cross-session,AdaBN
185,16,0,0.0003710980001869757,97,A05,cross-session,AdaBN
186,16,0,0.00035718799995265726,97,A05,cross-session,AdaBN
187,16,1,0.0003579860001536872,97,A05,cross-session,AdaBN
188,16,0,0.0003654100000858307,97,A05,cross-session,AdaBN
189,16,0,0.0004288679999717715,97,A05,cross-session,AdaBN
190,16,0,0.0004347389999566076,97,A05,cross-session,AdaBN
191,16,1,0.0003836570001567452,97,A05,cross-session,AdaBN
192,16,0,0.0003543059999628895,97,A05,cross-session,AdaBN
193,16,0,0.00035929399996348366,97,A05,cross-session,AdaBN
194,16,1,0.0003600479999477102,97,A05,cross-session,AdaBN
195,16,1,0.0003507439998884365,97,A05,cross-session,AdaBN
196,16,0,0.00037146399995435786,97,A05,cross-session,AdaBN
197,16,0,0.00036409500012268836,97,A05,cross-session,AdaBN
198,16,0,0.0003549620000740106,97,A05,cross-session,AdaBN
199,16,0,0.0003559310000582627,97,A05,cross-session,AdaBN
200,16,0,0.0004554700001335732,97,A05,cross-session,AdaBN
201,16,0,0.0004188590000921977,97,A05,cross-session,AdaBN
202,16,0,0.00038087600000835664,97,A05,cross-session,AdaBN
203,16,0,0.0004137599999012309,97,A05,cross-session,AdaBN
204,16,0,0.00035513000011633267,97,A05,cross-session,AdaBN
205,16,0,0.00036555499991663964,97,A05,cross-session,AdaBN
206,16,0,0.00043686000003617664,97,A05,cross-session,AdaBN
207,16,0,0.0004111569999167841,97,A05,cross-session,AdaBN
208,16,0,0.00040615100010654714,97,A05,cross-session,AdaBN
209,16,0,0.0004167470001448237,97,A05,cross-session,AdaBN
210,16,1,0.0004429299999628711,97,A05,cross-session,AdaBN
211,16,1,0.0003919769999356504,97,A05,cross-session,AdaBN
212,16,1,0.00041982499988080235,97,A05,cross-session,AdaBN
213,16,1,0.00037960600002406863,97,A05,cross-session,AdaBN
214,16,0,0.0003793010000663344,97,A05,cross-session,AdaBN
215,16,0,0.0004039250000005268,97,A05,cross-session,AdaBN
216,16,0,0.0003738520001661527,97,A05,cross-session,AdaBN
217,16,1,0.0003634610000062821,97,A05,cross-session,AdaBN
218,16,1,0.00042132299995500944,97,A05,cross-session,AdaBN
219,16,0,0.00037250700006552506,97,A05,cross-session,AdaBN
220,16,0,0.00040820399999574875,97,A05,cross-session,AdaBN
221,16,0,0.00047319700001935416,97,A05,cross-session,AdaBN
222,16,0,0.0003786459999446379,97,A05,cross-session,AdaBN
223,16,0,0.0003887550001309137,97,A05,cross-session,AdaBN
224,16,1,0.00040941299994301517,97,A05,cross-session,AdaBN
225,16,0,0.0003727660000549804,97,A05,cross-session,AdaBN
226,16,1,0.0003538969999681285,97,A05,cross-session,AdaBN
227,16,0,0.0003892459999406128,97,A05,cross-session,AdaBN
228,16,0,0.00038511700017807016,97,A05,cross-session,AdaBN
229,16,0,0.00037850099988645525,97,A05,cross-session,AdaBN
230,16,0,0.00042568799995024165,97,A05,cross-session,AdaBN
231,16,1,0.00047419900010936544,97,A05,cross-session,AdaBN
232,16,0,0.0004141470001286507,97,A05,cross-session,AdaBN
233,16,0,0.00040886599981604377,97,A05,cross-session,AdaBN
234,16,0,0.00037958699999762757,97,A05,cross-session,AdaBN
235,16,0,0.0003731580000021495,97,A05,cross-session,AdaBN
236,16,0,0.0003836509999928239,97,A05,cross-session,AdaBN
237,16,0,0.00037655000005543116,97,A05,cross-session,AdaBN
238,16,0,0.00034895899989351165,97,A05,cross-session,AdaBN
239,16,0,0.0003697770000599121,97,A05,cross-session,AdaBN
240,16,0,0.0003960120000101597,97,A05,cross-session,AdaBN
241,16,1,0.00043059800009359606,97,A05,cross-session,AdaBN
242,16,0,0.0003860039998926368,97,A05,cross-session,AdaBN
243,16,1,0.000361604999852716,97,A05,cross-session,AdaBN
244,16,1,0.00035995300004287856,97,A05,cross-session,AdaBN
245,16,0,0.00042973499989784614,97,A05,cross-session,AdaBN
246,16,0,0.00037533399995481886,97,A05,cross-session,AdaBN
247,16,0,0.0003648059998795361,97,A05,cross-session,AdaBN
248,16,0,0.00038214500000322005,97,A05,cross-session,AdaBN
249,16,0,0.00036615299995901296,97,A05,cross-session,AdaBN
250,16,1,0.0003698410000652075,97,A05,cross-session,AdaBN
251,16,1,0.0003790010000557231,97,A05,cross-session,AdaBN
252,16,0,0.00041729599979589693,97,A05,cross-session,AdaBN
253,16,0,0.0003804199998285185,97,A05,cross-session,AdaBN
254,16,0,0.0003983070000685984,97,A05,cross-session,AdaBN
255,16,0,0.0003592180000850931,97,A05,cross-session,AdaBN
256,16,1,0.00035173099990970513,97,A05,cross-session,AdaBN
257,16,0,0.00037919999999758147,97,A05,cross-session,AdaBN
258,16,0,0.00038513300000886375,97,A05,cross-session,AdaBN
259,16,1,0.00035668000009536627,97,A05,cross-session,AdaBN
260,16,0,0.0003712339998855896,97,A05,cross-session,AdaBN
261,16,0,0.0003572230000372656,97,A05,cross-session,AdaBN
262,16,0,0.0003837130000192701,97,A05,cross-session,AdaBN
263,16,1,0.0004974040000433888,97,A05,cross-session,AdaBN
264,16,0,0.0004109510000489536,97,A05,cross-session,AdaBN
265,16,1,0.00038253399998211535,97,A05,cross-session,AdaBN
266,16,1,0.0003948300000047311,97,A05,cross-session,AdaBN
267,16,1,0.00035404200002631114,97,A05,cross-session,AdaBN
268,16,0,0.0003628080000908085,97,A05,cross-session,AdaBN
269,16,0,0.0004001159998097137,97,A05,cross-session,AdaBN
270,16,0,0.00036100700003771635,97,A05,cross-session,AdaBN
271,16,0,0.00037982799995006644,97,A05,cross-session,AdaBN
272,16,1,0.0004248870000083116,97,A05,cross-session,AdaBN
273,16,1,0.00042008800005532976,97,A05,cross-session,AdaBN
274,16,0,0.00037607499984915194,97,A05,cross-session,AdaBN
275,16,1,0.0003684560001602222,97,A05,cross-session,AdaBN
276,16,0,0.000403876999826025,97,A05,cross-session,AdaBN
277,16,0,0.0004087239999535086,97,A05,cross-session,AdaBN
278,16,0,0.00037687999997615407,97,A05,cross-session,AdaBN
279,16,0,0.0003745989999970334,97,A05,cross-session,AdaBN
280,16,0,0.0003702359999806504,97,A05,cross-session,AdaBN
281,16,0,0.00038117800022519077,97,A05,cross-session,AdaBN
282,16,0,0.0003638499999851774,97,A05,cross-session,AdaBN
283,16,0,0.00043504299992491724,97,A05,cross-session,AdaBN
284,16,0,0.0004889940000794013,97,A05,cross-session,AdaBN
285,16,1,0.0003736999999546242,97,A05,cross-session,AdaBN
286,16,0,0.0003670639998745173,97,A05,cross-session,AdaBN
287,16,0,0.00037933599992356903,97,A05,cross-session,AdaBN
0,1,1,0.0013819069999954081,97,A06,cross-session,AdaBN
1,2,0,0.0011624609999216773,97,A06,cross-session,AdaBN
2,3,0,0.0011629650000486436,97,A06,cross-session,AdaBN
3,4,0,0.0011776970000028086,97,A06,cross-session,AdaBN
4,5,0,0.0008446390002063708,97,A06,cross-session,AdaBN
5,6,1,0.0008249809998233104,97,A06,cross-session,AdaBN
6,7,0,0.00087289300017801,97,A06,cross-session,AdaBN
7,8,0,0.0008472240001538012,97,A06,cross-session,AdaBN
8,9,1,0.0008888550000847317,97,A06,cross-session,AdaBN
9,10,1,0.0008027289998153719,97,A06,cross-session,AdaBN
10,11,1,0.000759075999894776,97,A06,cross-session,AdaBN
11,12,1,0.0007738369999970018,97,A06,cross-session,AdaBN
12,13,0,0.0007502359999307373,97,A06,cross-session,AdaBN
13,14,1,0.0007606110000324406,97,A06,cross-session,AdaBN
14,15,0,0.0007371829999556212,97,A06,cross-session,AdaBN
15,16,1,0.0007024370002000069,97,A06,cross-session,AdaBN
16,16,1,0.0007214029999431659,97,A06,cross-session,AdaBN
17,16,0,0.0007731520001925674,97,A06,cross-session,AdaBN
18,16,0,0.0007558849999895756,97,A06,cross-session,AdaBN
19,16,1,0.001048571000183074,97,A06,cross-session,AdaBN
20,16,0,0.0006395000000338769,97,A06,cross-session,AdaBN
21,16,1,0.0005419609999535169,97,A06,cross-session,AdaBN
22,16,0,0.000523914000041259,97,A06,cross-session,AdaBN
23,16,1,0.0004872660001637996,97,A06,cross-session,AdaBN
24,16,0,0.00042611999992914207,97,A06,cross-session,AdaBN
25,16,1,0.0004934390001380962,97,A06,cross-session,AdaBN
26,16,0,0.00045861799981139484,97,A06,cross-session,AdaBN
27,16,0,0.0004904029999579507,97,A06,cross-session,AdaBN
28,16,1,0.000393401999872367,97,A06,cross-session,AdaBN
29,16,0,0.0004549719999431545,97,A06,cross-session,AdaBN
30,16,0,0.0004035790000216366,97,A06,cross-session,AdaBN
31,16,0,0.0004573689998323971,97,A06,cross-session,AdaBN
32,16,0,0.00045787400017616164,97,A06,cross-session,AdaBN
33,16,0,0.00042518700001892284,97,A06,cross-session,AdaBN
34,16,0,0.00045112199995855917,97,A06,cross-session,AdaBN
35,16,1,0.00046932500004004396,97,A06,cross-session,AdaBN
36,16,1,0.0005050129998380726,97,A06,cross-session,AdaBN
37,16,1,0.0005011739999645215,97,A06,cross-session,AdaBN
38,16,1,0.0004786840001997916,97,A06,cross-session,AdaBN
39,16,0,0.000504852999938521,97,A06,cross-session,AdaBN
40,16,1,0.0005262580000362505,97,A06,cross-session,AdaBN
41,16,1,0.0005466920001708786,97,A06,cross-session,AdaBN
42,16,0,0.0004420340001161094,97,A06,cross-session,AdaBN
43,16,1,0.00045627500003320165,97,A06,cross-session,AdaBN
44,16,1,0.0004371110001102352,97,A06,cross-session,AdaBN
45,16,0,0.00041069700000662124,97,A06,cross-session,AdaBN
46,16,0,0.00034855100011554896,97,A06,cross-session,AdaBN
47,16,0,0.0004342680001627741,97,A06,cross-session,AdaBN
48,16,1,0.0003519099998356978,97,A06,cross-session,AdaBN
49,16,0,0.0004289710000193736,97,A06,cross-session,AdaBN
50,16,0,0.0003775200000291079,97,A06,cross-session,AdaBN
51,16,1,0.00041474099998595193,97,A06,cross-session,AdaBN
52,16,1,0.0003522079998674599,97,A06,cross-session,AdaBN
53,16,0,0.0004481110001961497,97,A06,cross-session,AdaBN
54,16,1,0.0004085529999429127,97,A06,cross-session,AdaBN
55,16,0,0.0005279510000946175,97,A06,cross-session,AdaBN
56,16,0,0.0005348180000055436,97,A06,cross-session,AdaBN
57,16,0,0.00044100000013713725,97,A06,cross-session,AdaBN
58,16,0,0.0007228919998851779,97,A06,cross-session,AdaBN
59,16,1,0.0005159130000720324,97,A06,cross-session,AdaBN
60,16,1,0.0004492160001063894,97,A06,cross-session,AdaBN
61,16,1,0.0003943500000787026,97,A06,cross-session,AdaBN
62,16,0,0.00039878600000520237,97,A06,cross-session,AdaBN
63,16,1,0.0004871149999416957,97,A06,cross-session,AdaBN
64,16,1,0.0004622829999334499,97,A06,cross-session,AdaBN
65,16,0,0.00044403300012163527,97,A06,cross-session,AdaBN
66,16,0,0.0004202259999601665,97,A06,cross-session,AdaBN
67,16,0,0.0004701539999132365,97,A06,cross-session,AdaBN
68,16,1,0.0004977600001438987,97,A06,cross-session,AdaBN
69,16,1,0.0006041920000825485,97,A06,cross-session,AdaBN
70,16,0,0.0004948379998950259,97,A06,cross-session,AdaBN
71,16,0,0.0005442609999590786,97,A06,cross-session,AdaBN
72,16,0,0.00037434499995470105,97,A06,cross-session,AdaBN
73,16,0,0.0003649630000381876,97,A06,cross-session,AdaBN
74,16,0,0.0004702969999925699,97,A06,cross-session,AdaBN
75,16,0,0.0004171390000919928,97,A06,cross-session,AdaBN
76,16,0,0.00043405399992479943,97,A06,cross-session,AdaBN
77,16,0,0.0004284230001303513,97,A06,cross-session,AdaBN
78,16,0,0.00037024800008111924,97,A06,cross-session,AdaBN
79,16,0,0.00043758199990406865,97,A06,cross-session,AdaBN
80,16,1,0.00043415699997240154,97,A06,cross-session,AdaBN
81,16,0,0.00036583099995368684,97,A06,cross-session,AdaBN
82,16,1,0.00042612700008248794,97,A06,cross-session,AdaBN
83,16,0,0.00036101799992138695,97,A06,cross-session,AdaBN
84,16,1,0.0003968789999362343,97,A06,cross-session,AdaBN
85,16,0,0.0003913119999197079,97,A06,cross-session,AdaBN
86,16,0,0.0004356100000677543,97,A06,cross-session,AdaBN
87,16,0,0.000459911000007196,97,A06,cross-session,AdaBN
88,16,1,0.00036682100017060293,97,A06,cross-session,AdaBN
89,16,0,0.0003837309998289129,97,A06,cross-session,AdaBN
90,16,1,0.00038186999995559745,97,A06,cross-session,AdaBN
91,16,0,0.0003710099999807426,97,A06,cross-session,AdaBN
92,16,0,0.00037644200006070605,97,A06,cross-session,AdaBN
93,16,1,0.0003738719999546447,97,A06,cross-session,AdaBN
94,16,0,0.0003713920000336657,97,A06,cross-session,AdaBN
95,16,1,0.00040345599995816883,97,A06,cross-session,AdaBN
96,16,1,0.0003664769999431883,97,A06,cross-session,AdaBN
97,16,1,0.0003974059998199664,97,A06,cross-session,AdaBN
98,16,0,0.0004316960000778636,97,A06,cross-session,AdaBN
99,16,0,0.00044544100001076004,97,A06,cross-session,AdaBN
100,16,1,0.0004137060000175552,97,A06,cross-session,AdaBN
101,16,0,0.000392336000004434,97,A06,cross-session,AdaBN
102,16,1,0.0003696539999964443,97,A06,cross-session,AdaBN
103,16,0,0.00041162200000144367,97,A06,cross-session,AdaBN
104,16,0,0.0003705870001340372,97,A06,cross-session,AdaBN
105,16,1,0.0003588899999158457,97,A06,cross-session,AdaBN
106,16,1,0.0003979250000156753,97,A06,cross-session,AdaBN
107,16,1,0.00036383599990585935,97,A06,cross-session,AdaBN
108,16,1,0.0003834850001567247,97,A06,cross-session,AdaBN
109,16,1,0.000462111999922854,97,A06,cross-session,AdaBN
110,16,0,0.0004627289999916684,97,A06,cross-session,AdaBN
111,16,1,0.00040754599990577844,97,A06,cross-session,AdaBN
112,16,1,0.00039751899998918816,97,A06,cross-session,AdaBN
113,16,0,0.00035408100006861787,97,A06,cross-session,AdaBN
114,16,0,0.0004956150000907655,97,A06,cross-session,AdaBN
115,16,1,0.0004215159999603202,97,A06,cross-session,AdaBN
116,16,1,0.0003598130001591926,97,A06,cross-session,AdaBN
117,16,0,0.00046047699993323477,97,A06,cross-session,AdaBN
118,16,1,0.0004623910001555487,97,A06,cross-session,AdaBN
119,16,1,0.00046530499980690365,97,A06,cross-session,AdaBN
120,16,1,0.0004450239998732286,97,A06,cross-session,AdaBN
121,16,0,0.0003927860000203509,97,A06,cross-session,AdaBN
122,16,0,0.00035935100004280685,97,A06,cross-session,AdaBN
123,16,0,0.0004103930000383116,97,A06,cross-session,AdaBN
124,16,1,0.00036726999996972154,97,A06,cross-session,AdaBN
125,16,1,0.0003660050001599302,97,A06,cross-session,AdaBN
126,16,0,0.0004032550000374613,97,A06,cross-session,AdaBN
127,16,0,0.0003546299999470648,97,A06,cross-session,AdaBN
128,16,0,0.0003686099998958525,97,A06,cross-session,AdaBN
129,16,1,0.0004429389998676925,97,A06,cross-session,AdaBN
130,16,0,0.000447557999905257,97,A06,cross-session,AdaBN
131,16,0,0.00036981499988542055,97,A06,cross-session,AdaBN
132,16,0,0.00037192199988567154,97,A06,cross-session,AdaBN
133,16,1,0.0003659129999959987,97,A06,cross-session,AdaBN
134,16,0,0.0003915610000149172,97,A06,cross-session,AdaBN
135,16,0,0.0003604300000006333,97,A06,cross-session,AdaBN
136,16,0,0.00036003399986839213,97,A06,cross-session,AdaBN
137,16,0,0.0003577110001060646,97,A06,cross-session,AdaBN
138,16,1,0.0003659410001546348,97,A06,cross-session,AdaBN
139,16,0,0.0003601669998261059,97,A06,cross-session,AdaBN
140,16,0,0.00043883300008928927,97,A06,cross-session,AdaBN
141,16,0,0.0004681840000557713,97,A06,cross-session,AdaBN
142,16,1,0.00038052400009291887,97,A06,cross-session,AdaBN
143,16,0,0.0003611560000535974,97,A06,cross-session,AdaBN
144,16,0,0.00040505199990548135,97,A06,cross-session,AdaBN
145,16,1,0.0003835640000033891,97,A06,cross-session,AdaBN
146,16,1,0.00035618600009001966,97,A06,cross-session,AdaBN
147,16,1,0.0003754809999918507,97,A06,cross-session,AdaBN
148,16,0,0.0003700649999700545,97,A06,cross-session,AdaBN
149,16,1,0.0003568259999155998,97,A06,cross-session,AdaBN
150,16,0,0.0004177939999863156,97,A06,cross-session,AdaBN
151,16,1,0.0004534400000011374,97,A06,cross-session,AdaBN
152,16,0,0.00043642199989335495,97,A06,cross-session,AdaBN
153,16,0,0.00038296299999274197,97,A06,cross-session,AdaBN
154,16,0,0.00038856099990880466,97,A06,cross-session,AdaBN
155,16,0,0.000365525000006528,97,A06,cross-session,AdaBN
156,16,1,0.00042500800009293016,97,A06,cross-session,AdaBN
157,16,1,0.00041844399993351544,97,A06,cross-session,AdaBN
158,16,0,0.0003680199999962497,97,A06,cross-session,AdaBN
159,16,0,0.0003984360000686138,97,A06,cross-session,AdaBN
160,16,1,0.0004838069999095751,97,A06,cross-session,AdaBN
161,16,1,0.00047708800002510543,97,A06,cross-session,AdaBN
162,16,0,0.0003974920000473503,97,A06,cross-session,AdaBN
163,16,0,0.0004204089998438576,97,A06,cross-session,AdaBN
164,16,1,0.00036561599995366123,97,A06,cross-session,AdaBN
165,16,0,0.00037196300013420114,97,A06,cross-session,AdaBN
166,16,1,0.0004101510000964481,97,A06,cross-session,AdaBN
167,16,1,0.00036404399997991277,97,A06,cross-session,AdaBN
168,16,1,0.0003755879999971512,97,A06,cross-session,AdaBN
169,16,0,0.00038745300003029115,97,A06,cross-session,AdaBN
170,16,0,0.0003518470000472007,97,A06,cross-session,AdaBN
171,16,0,0.00047442300001421245,97,A06,cross-session,AdaBN
172,16,0,0.0004580899999382382,97,A06,cross-session,AdaBN
173,16,1,0.00036980400000174996,97,A06,cross-session,AdaBN
174,16,0,0.00036560599983204156,97,A06,cross-session,AdaBN
175,16,0,0.0004193400000076508,97,A06,cross-session,AdaBN
176,16,1,0.0003706229999806965,97,A06,cross-session,AdaBN
177,16,0,0.0003687959999751911,97,A06,cross-session,AdaBN
178,16,1,0.00041130199997496675,97,A06,cross-session,AdaBN
179,16,0,0.0003667989999485144,97,A06,cross-session,AdaBN
180,16,0,0.0003659269998479431,97,A06,cross-session,AdaBN
181,16,1,0.00048284499985129514,97,A06,cross-session,AdaBN
182,16,0,0.00042258999997102364,97,A06,cross-session,AdaBN
183,16,0,0.0003559920000952843,97,A06,cross-session,AdaBN
184,16,1,0.00038889600000402424,97,A06,cross-session,AdaBN
185,16,1,0.00037236200000734243,97,A06,cross-session,AdaBN
186,16,1,0.00035613199997897027,97,A06,cross-session,AdaBN
187,16,1,0.00036029800003234413,97,A06,cross-session,AdaBN
188,16,0,0.00036781200014956994,97,A06,cross-session,AdaBN
189,16,1,0.0003586739999263955,97,A06,cross-session,AdaBN
190,16,0,0.0003605519998473028,97,A06,cross-session,AdaBN
191,16,1,0.0004315270000461169,97,A06,cross-session,AdaBN
192,16,0,0.00044399800003702694,97,A06,cross-session,AdaBN
193,16,0,0.00038457699997707095,97,A06,cross-session,AdaBN
194,16,0,0.0003827929999715707,97,A06,cross-session,AdaBN
195,16,0,0.0003667930000119668,97,A06,cross-session,AdaBN
196,16,1,0.0003821339998921758,97,A06,cross-session,AdaBN
197,16,1,0.0003818400000454858,97,A06,cross-session,AdaBN
198,16,1,0.00035448700009510503,97,A06,cross-session,AdaBN
199,16,1,0.0004102230000171403,97,A06,cross-session,AdaBN
200,16,0,0.0004008329999578564,97,A06,cross-session,AdaBN
201,16,0,0.0003809109998655913,97,A06,cross-session,AdaBN
202,16,0,0.0004473469998629298,97,A06,cross-session,AdaBN
203,16,1,0.00046541799997612543,97,A06,cross-session,AdaBN
204,16,1,0.00037413199993352464,97,A06,cross-session,AdaBN
205,16,0,0.00036747900003319955,97,A06,cross-session,AdaBN
206,16,1,0.00040780000017548446,97,A06,cross-session,AdaBN
207,16,1,0.00036654099994848366,97,A06,cross-session,AdaBN
208,16,0,0.0003623689999585622,97,A06,cross-session,AdaBN
209,16,0,0.000391135999961989,97,A06,cross-session,AdaBN
210,16,0,0.0003563190000477334,97,A06,cross-session,AdaBN
211,16,1,0.0004348979998667346,97,A06,cross-session,AdaBN
212,16,0,0.00044581199995263887,97,A06,cross-session,AdaBN
213,16,1,0.00036598099995899247,97,A06,cross-session,AdaBN
214,16,1,0.00036428999987947464,97,A06,cross-session,AdaBN
215,16,0,0.0003588319998470979,97,A06,cross-session,AdaBN
216,16,0,0.0003595489999952406,97,A06,cross-session,AdaBN
217,16,0,0.0003650790001756832,97,A06,cross-session,AdaBN
218,16,0,0.0003597329998683563,97,A06,cross-session,AdaBN
219,16,1,0.0003535230000579759,97,A06,cross-session,AdaBN
220,16,0,0.0003635699999904318,97,A06,cross-session,AdaBN
221,16,0,0.0003740940001080162,97,A06,cross-session,AdaBN
222,16,0,0.00045802800013916567,97,A06,cross-session,AdaBN
223,16,0,0.0004446130001269921,97,A06,cross-session,AdaBN
224,16,1,0.0004016929999579588,97,A06,cross-session,AdaBN
225,16,0,0.0003609760001381801,97,A06,cross-session,AdaBN
226,16,1,0.00035043999992012687,97,A06,cross-session,AdaBN
227,16,0,0.00039155900003606803,97,A06,cross-session,AdaBN
228,16,1,0.0003705089998220501,97,A06,cross-session,AdaBN
229,16,0,0.0003540630000316014,97,A06,cross-session,AdaBN
230,16,1,0.00036589000001185923,97,A06,cross-session,AdaBN
231,16,0,0.0003969920001054561,97,A06,cross-session,AdaBN
232,16,0,0.0003633110000009765,97,A06,cross-session,AdaBN
233,16,0,0.00046528300003956247,97,A06,cross-session,AdaBN
234,16,0,0.0004654529998333601,97,A06,cross-session,AdaBN
235,16,1,0.0003720499998962623,97,A06,cross-session,AdaBN
236,16,1,0.0003660319998743944,97,A06,cross-session,AdaBN
237,16,0,0.00039066599993020645,97,A06,cross-session,AdaBN
238,16,0,0.00035227000012127974,97,A06,cross-session,AdaBN
239,16,1,0.0003631380000115314,97,A06,cross-session,AdaBN
240,16,1,0.00038358400001925474,97,A06,cross-session,AdaBN
241,16,0,0.00035380799999984447,97,A06,cross-session,AdaBN
242,16,1,0.0004334159998506948,97,A06,cross-session,AdaBN
243,16,0,0.0005015460001231986,97,A06,cross-session,AdaBN
244,16,1,0.00037196700009189954,97,A06,cross-session,AdaBN
245,16,0,0.0003641359999164706,97,A06,cross-session,AdaBN
246,16,0,0.0003618869998263108,97,A06,cross-session,AdaBN
247,16,0,0.00036146000002190704,97,A06,cross-session,AdaBN
248,16,0,0.0003558359999260574,97,A06,cross-session,AdaBN
249,16,1,0.0003726530001131323,97,A06,cross-session,AdaBN
250,16,1,0.0003640919999270409,97,A06,cross-session,AdaBN
251,16,1,0.0003557300001375552,97,A06,cross-session,AdaBN
252,16,0,0.00036487500005932816,97,A06,cross-session,AdaBN
253,16,0,0.00043043100004069856,97,A06,cross-session,AdaBN
254,16,1,0.00040915199997471063,97,A06,cross-session,AdaBN
255,16,1,0.0004018019999421085,97,A06,cross-session,AdaBN
256,16,0,0.0003706729999066738,97,A06,cross-session,AdaBN
257,16,0,0.0003551170000264392,97,A06,cross-session,AdaBN
258,16,1,0.0003689559998747427,97,A06,cross-session,AdaBN
259,16,0,0.0003637449999587261,97,A06,cross-session,AdaBN
260,16,0,0.0003534579998358822,97,A06,cross-session,AdaBN
261,16,0,0.0003604210000958119,97,A06,cross-session,AdaBN
262,16,0,0.0003816119999555667,97,A06,cross-session,AdaBN
263,16,0,0.00042453399987607554,97,A06,cross-session,AdaBN
264,16,1,0.0004248190000453178,97,A06,cross-session,AdaBN
265,16,1,0.0003905710000253748,97,A06,cross-session,AdaBN
266,16,1,0.00035499399996297143,97,A06,cross-session,AdaBN
267,16,1,0.0003529789998992783,97,A06,cross-session,AdaBN
268,16,1,0.00043011100001422164,97,A06,cross-session,AdaBN
269,16,0,0.0003656810001757549,97,A06,cross-session,AdaBN
270,16,0,0.0003652730001704185,97,A06,cross-session,AdaBN
271,16,1,0.000361799000074825,97,A06,cross-session,AdaBN
272,16,1,0.00036345099988466245,97,A06,cross-session,AdaBN
273,16,0,0.0003828890000932006,97,A06,cross-session,AdaBN
274,16,1,0.0004612729999280418,97,A06,cross-session,AdaBN
275,16,0,0.0003979969999363675,97,A06,cross-session,AdaBN
276,16,0,0.0003694389999964187,97,A06,cross-session,AdaBN
277,16,0,0.00042286200005037244,97,A06,cross-session,AdaBN
278,16,0,0.0003572260000055394,97,A06,cross-session,AdaBN
279,16,0,0.0003868720000355097,97,A06,cross-session,AdaBN
280,16,1,0.00036217499996382685,97,A06,cross-session,AdaBN
281,16,1,0.0003551090001110424,97,A06,cross-session,AdaBN
282,16,1,0.0003579510000690789,97,A06,cross-session,AdaBN
283,16,0,0.0003626879999956145,97,A06,cross-session,AdaBN
284,16,1,0.0004147489999013487,97,A06,cross-session,AdaBN
285,16,1,0.00042081000015059544,97,A06,cross-session,AdaBN
286,16,1,0.0004424679998464853,97,A06,cross-session,AdaBN
287,16,0,0.00043687999982466863,97,A06,cross-session,AdaBN
0,1,0,0.001266271000076813,97,A07,cross-session,AdaBN
1,2,1,0.000981830999990052,97,A07,cross-session,AdaBN
2,3,1,0.000917459999982384,97,A07,cross-session,AdaBN
3,4,0,0.0008892759999525879,97,A07,cross-session,AdaBN
4,5,0,0.0008908800000426709,97,A07,cross-session,AdaBN
5,6,1,0.0009276399998725537,97,A07,cross-session,AdaBN
6,7,1,0.0008946140001171443,97,A07,cross-session,AdaBN
7,8,0,0.000865331999875707,97,A07,cross-session,AdaBN
8,9,1,0.0008903209998152306,97,A07,cross-session,AdaBN
9,10,1,0.000886100999878181,97,A07,cross-session,AdaBN
10,11,1,0.0008241650000400114,97,A07,cross-session,AdaBN
11,12,1,0.0007837889997972525,97,A07,cross-session,AdaBN
12,13,1,0.0007468119999884948,97,A07,cross-session,AdaBN
13,14,1,0.0006767070001387765,97,A07,cross-session,AdaBN
14,15,1,0.0006622989999414131,97,A07,cross-session,AdaBN
15,16,0,0.0006974560001253849,97,A07,cross-session,AdaBN
16,16,0,0.0006912090000241733,97,A07,cross-session,AdaBN
17,16,1,0.0007462790001682151,97,A07,cross-session,AdaBN
18,16,0,0.0007254370000282506,97,A07,cross-session,AdaBN
19,16,1,0.0007292479999705392,97,A07,cross-session,AdaBN
20,16,1,0.000691685999981928,97,A07,cross-session,AdaBN
21,16,1,0.0007357230001616699,97,A07,cross-session,AdaBN
22,16,0,0.0007271169999967242,97,A07,cross-session,AdaBN
23,16,0,0.0010089009999774134,97,A07,cross-session,AdaBN
24,16,0,0.0005187059998661425,97,A07,cross-session,AdaBN
25,16,1,0.0004685779999817896,97,A07,cross-session,AdaBN
26,16,0,0.0005021700001179852,97,A07,cross-session,AdaBN
27,16,0,0.00047956299999896146,97,A07,cross-session,AdaBN
28,16,0,0.00046380100002352265,97,A07,cross-session,AdaBN
29,16,0,0.0004368230002000928,97,A07,cross-session,AdaBN
30,16,1,0.00046922899991841405,97,A07,cross-session,AdaBN
31,16,0,0.0004123860001072899,97,A07,cross-session,AdaBN
32,16,1,0.00038807599980827945,97,A07,cross-session,AdaBN
33,16,1,0.00042951199998242373,97,A07,cross-session,AdaBN
34,16,1,0.00040254300006381527,97,A07,cross-session,AdaBN
35,16,0,0.0004625589999704971,97,A07,cross-session,AdaBN
36,16,1,0.0003997569999683037,97,A07,cross-session,AdaBN
37,16,1,0.0004729479999241448,97,A07,cross-session,AdaBN
38,16,1,0.000523026999871945,97,A07,cross-session,AdaBN
39,16,1,0.0005010549998587521,97,A07,cross-session,AdaBN
40,16,1,0.0004975619999640912,97,A07,cross-session,AdaBN
41,16,1,0.0005342819999896165,97,A07,cross-session,AdaBN
42,16,1,0.0005247930000678025,97,A07,cross-session,AdaBN
43,16,0,0.0004552290001811343,97,A07,cross-session,AdaBN
44,16,1,0.0005512309999176068,97,A07,cross-session,AdaBN
45,16,1,0.0004862180001055094,97,A07,cross-session,AdaBN
46,16,1,0.0004853589998674579,97,A07,cross-session,AdaBN
47,16,1,0.0005143370001405856,97,A07,cross-session,AdaBN
48,16,0,0.00041539800008649763,97,A07,cross-session,AdaBN
49,16,0,0.000482837000163272,97,A07,cross-session,AdaBN
50,16,0,0.0003700079998907313,97,A07,cross-session,AdaBN
51,16,0,0.00041338700020787655,97,A07,cross-session,AdaBN
52,16,0,0.0004045130001486541,97,A07,cross-session,AdaBN
53,16,1,0.0004387819999465137,97,A07,cross-session,AdaBN
54,16,0,0.0004134359999170556,97,A07,cross-session,AdaBN
55,16,1,0.0004060659998685878,97,A07,cross-session,AdaBN
56,16,1,0.0005339209999419836,97,A07,cross-session,AdaBN
57,16,0,0.00044304600010036665,97,A07,cross-session,AdaBN
58,16,1,0.0004652490001717524,97,A07,cross-session,AdaBN
59,16,1,0.0006141649998880894,97,A07,cross-session,AdaBN
60,16,0,0.0005091180000817985,97,A07,cross-session,AdaBN
61,16,0,0.0005570660000557837,97,A07,cross-session,AdaBN
62,16,0,0.00041306000002805376,97,A07,cross-session,AdaBN
63,16,0,0.0004995069998585677,97,A07,cross-session,AdaBN
64,16,1,0.00048366200007876614,97,A07,cross-session,AdaBN
65,16,1,0.0004139740001392056,97,A07,cross-session,AdaBN
66,16,1,0.0005402809999850433,97,A07,cross-session,AdaBN
67,16,0,0.0005326879997937795,97,A07,cross-session,AdaBN
68,16,1,0.0005111059999762801,97,A07,cross-session,AdaBN
69,16,1,0.00048644199978298275,97,A07,cross-session,AdaBN
70,16,0,0.00042313500011914584,97,A07,cross-session,AdaBN
71,16,0,0.0006228939998891292,97,A07,cross-session,AdaBN
72,16,1,0.0005018040001232293,97,A07,cross-session,AdaBN
73,16,1,0.0005288649999783956,97,A07,cross-session,AdaBN
74,16,1,0.0004270270001143217,97,A07,cross-session,AdaBN
75,16,1,0.0005348429999685322,97,A07,cross-session,AdaBN
76,16,0,0.0005262889999357867,97,A07,cross-session,AdaBN
77,16,1,0.00046042000008128525,97,A07,cross-session,AdaBN
78,16,0,0.0004356269998879725,97,A07,cross-session,AdaBN
79,16,1,0.0003954679998514621,97,A07,cross-session,AdaBN
80,16,0,0.0003792969998812623,97,A07,cross-session,AdaBN
81,16,0,0.00041333600006510096,97,A07,cross-session,AdaBN
82,16,0,0.0003465839999989839,97,A07,cross-session,AdaBN
83,16,1,0.00041457099996478064,97,A07,cross-session,AdaBN
84,16,1,0.00035980500001642213,97,A07,cross-session,AdaBN
85,16,1,0.0003988779999417602,97,A07,cross-session,AdaBN
86,16,0,0.00037854200013498485,97,A07,cross-session,AdaBN
87,16,1,0.0003983230001267657,97,A07,cross-session,AdaBN
88,16,1,0.0004430250000950764,97,A07,cross-session,AdaBN
89,16,1,0.00037977300007696613,97,A07,cross-session,AdaBN
90,16,1,0.00036454300015975605,97,A07,cross-session,AdaBN
91,16,1,0.0003892940001151146,97,A07,cross-session,AdaBN
92,16,1,0.0003543029999946157,97,A07,cross-session,AdaBN
93,16,1,0.00036372099998516205,97,A07,cross-session,AdaBN
94,16,1,0.00036055400005352567,97,A07,cross-session,AdaBN
95,16,1,0.0003518639998674189,97,A07,cross-session,AdaBN
96,16,1,0.0003967860000102519,97,A07,cross-session,AdaBN
97,16,1,0.0003638529999534512,97,A07,cross-session,AdaBN
98,16,0,0.00039277399991988204,97,A07,cross-session,AdaBN
99,16,1,0.0004524390001279244,97,A07,cross-session,AdaBN
100,16,0,0.0004140450000704732,97,A07,cross-session,AdaBN
101,16,0,0.00036003199988954293,97,A07,cross-session,AdaBN
102,16,0,0.00035496999998940737,97,A07,cross-session,AdaBN
103,16,1,0.000370325999938359,97,A07,cross-session,AdaBN
104,16,0,0.00036516899990601814,97,A07,cross-session,AdaBN
105,16,0,0.00041178400010721816,97,A07,cross-session,AdaBN
106,16,0,0.00037596599986500223,97,A07,cross-session,AdaBN
107,16,1,0.00037390600004982844,97,A07,cross-session,AdaBN
108,16,0,0.0003661709999960294,97,A07,cross-session,AdaBN
109,16,0,0.00038583900004596217,97,A07,cross-session,AdaBN
110,16,0,0.0004310199999508768,97,A07,cross-session,AdaBN
111,16,0,0.0004048610001063935,97,A07,cross-session,AdaBN
112,16,0,0.0003559970000424073,97,A07,cross-session,AdaBN
113,16,1,0.0003855489999295969,97,A07,cross-session,AdaBN
114,16,0,0.0003724319999491854,97,A07,cross-session,AdaBN
115,16,0,0.0003913610000836343,97,A07,cross-session,AdaBN
116,16,1,0.00045688199998039636,97,A07,cross-session,AdaBN
117,16,0,0.000480754999898636,97,A07,cross-session,AdaBN
118,16,1,0.00039453399995181826,97,A07,cross-session,AdaBN
119,16,0,0.00039597900013177423,97,A07,cross-session,AdaBN
120,16,0,0.00040327700003217615,97,A07,cross-session,AdaBN
121,16,1,0.0004299180000089109,97,A07,cross-session,AdaBN
122,16,1,0.0004207189999760885,97,A07,cross-session,AdaBN
123,16,0,0.0004069689998686954,97,A07,cross-session,AdaBN
124,16,0,0.00035231500010013406,97,A07,cross-session,AdaBN
125,16,0,0.0004365950001101737,97,A07,cross-session,AdaBN
126,16,0,0.000395001000015327,97,A07,cross-session,AdaBN
127,16,1,0.0003567720000319241,97,A07,cross-session,AdaBN
128,16,0,0.00040747799994278466,97,A07,cross-session,AdaBN
129,16,0,0.00036980200002290076,97,A07,cross-session,AdaBN
130,16,1,0.00043039199999839184,97,A07,cross-session,AdaBN
131,16,0,0.00045965599997543904,97,A07,cross-session,AdaBN
132,16,1,0.0004165749999174295,97,A07,cross-session,AdaBN
133,16,1,0.0003814449999026692,97,A07,cross-session,AdaBN
134,16,1,0.0003564770001958095,97,A07,cross-session,AdaBN
135,16,0,0.00035027399985665397,97,A07,cross-session,AdaBN
136,16,1,0.0003543499999523192,97,A07,cross-session,AdaBN
137,16,1,0.00035426099998403515,97,A07,cross-session,AdaBN
138,16,0,0.0003580169998258498,97,A07,cross-session,AdaBN
139,16,1,0.0003569970001535694,97,A07,cross-session,AdaBN
140,16,0,0.0003668270001071505,97,A07,cross-session,AdaBN
141,16,0,0.0004458910000266769,97,A07,cross-session,AdaBN
142,16,0,0.0004650359999232023,97,A07,cross-session,AdaBN
143,16,0,0.00043348700000933604,97,A07,cross-session,AdaBN
144,16,1,0.00036969999996472325,97,A07,cross-session,AdaBN
145,16,0,0.0003776319999815314,97,A07,cross-session,AdaBN
146,16,0,0.0003608050001275842,97,A07,cross-session,AdaBN
147,16,0,0.00036323999984233524,97,A07,cross-session,AdaBN
148,16,1,0.0004062900000008085,97,A07,cross-session,AdaBN
149,16,0,0.00037195599998085527,97,A07,cross-session,AdaBN
150,16,1,0.00036211199994795606,97,A07,cross-session,AdaBN
151,16,0,0.0003708799999913026,97,A07,cross-session,AdaBN
152,16,1,0.00047900100003062107,97,A07,cross-session,AdaBN
153,16,1,0.00042502899987084675,97,A07,cross-session,AdaBN
154,16,1,0.00035996299993712455,97,A07,cross-session,AdaBN
155,16,1,0.00044720699997924385,97,A07,cross-session,AdaBN
156,16,1,0.00037236200000734243,97,A07,cross-session,AdaBN
157,16,1,0.0003601470000376139,97,A07,cross-session,AdaBN
158,16,1,0.0004016840000531374,97,A07,cross-session,AdaBN
159,16,1,0.00044582800001080614,97,A07,cross-session,AdaBN
160,16,1,0.0003828799999610055,97,A07,cross-session,AdaBN
161,16,1,0.00044660899993687053,97,A07,cross-session,AdaBN
162,16,1,0.00043598499996733153,97,A07,cross-session,AdaBN
163,16,0,0.00036981099992772215,97,A07,cross-session,AdaBN
164,16,1,0.00036621399999603454,97,A07,cross-session,AdaBN
165,16,1,0.00036926199982190155,97,A07,cross-session,AdaBN
166,16,0,0.00036274999979468703,97,A07,cross-session,AdaBN
167,16,0,0.00035807400013254664,97,A07,cross-session,AdaBN
168,16,1,0.0003695569998853898,97,A07,cross-session,AdaBN
169,16,1,0.0003525209999679646,97,A07,cross-session,AdaBN
170,16,0,0.0003624789999321365,97,A07,cross-session,AdaBN
171,16,0,0.00036409500012268836,97,A07,cross-session,AdaBN
172,16,0,0.00041642900009719597,97,A07,cross-session,AdaBN
173,16,0,0.00046685400002388633,97,A07,cross-session,AdaBN
174,16,1,0.0004507279998051672,97,A07,cross-session,AdaBN
175,16,0,0.00036344099999041646,97,A07,cross-session,AdaBN
176,16,1,0.00041013800000655465,97,A07,cross-session,AdaBN
177,16,0,0.00036914199995408126,97,A07,cross-session,AdaBN
178,16,0,0.00036238000006960647,97,A07,cross-session,AdaBN
179,16,1,0.0004212839999127027,97,A07,cross-session,AdaBN
180,16,1,0.0003711570000177744,97,A07,cross-session,AdaBN
181,16,1,0.0003669920001811988,97,A07,cross-session,AdaBN
182,16,0,0.0004628369999863935,97,A07,cross-session,AdaBN
183,16,0,0.00046616600002380437,97,A07,cross-session,AdaBN
184,16,0,0.0004323159998875781,97,A07,cross-session,AdaBN
185,16,1,0.0003699519998008327,97,A07,cross-session,AdaBN
186,16,0,0.0003623220000008587,97,A07,cross-session,AdaBN
187,16,0,0.00035596400016402185,97,A07,cross-session,AdaBN
188,16,0,0.0003903070000887965,97,A07,cross-session,AdaBN
189,16,0,0.0003683909999381285,97,A07,cross-session,AdaBN
190,16,1,0.0003705480000917305,97,A07,cross-session,AdaBN
191,16,0,0.0003620980000960117,97,A07,cross-session,AdaBN
192,16,0,0.0003739329999916663,97,A07,cross-session,AdaBN
193,16,1,0.00040678199979993224,97,A07,cross-session,AdaBN
194,16,1,0.0004905660000531498,97,A07,cross-session,AdaBN
195,16,0,0.00042949499993483187,97,A07,cross-session,AdaBN
196,16,1,0.000540394999916316,97,A07,cross-session,AdaBN
197,16,1,0.00038833500002510846,97,A07,cross-session,AdaBN
198,16,0,0.00036536700008582557,97,A07,cross-session,AdaBN
199,16,0,0.0003486340001472854,97,A07,cross-session,AdaBN
200,16,1,0.0003947420000258717,97,A07,cross-session,AdaBN
201,16,0,0.00040643500005899114,97,A07,cross-session,AdaBN
202,16,0,0.00038125399987620767,97,A07,cross-session,AdaBN
203,16,1,0.0004350530000465369,97,A07,cross-session,AdaBN
204,16,0,0.0003743299998859584,97,A07,cross-session,AdaBN
205,16,1,0.0003566030000001774,97,A07,cross-session,AdaBN
206,16,0,0.00038180299998202827,97,A07,cross-session,AdaBN
207,16,0,0.0003605419999530568,97,A07,cross-session,AdaBN
208,16,0,0.0003630730000168114,97,A07,cross-session,AdaBN
209,16,0,0.00036509999995359976,97,A07,cross-session,AdaBN
210,16,0,0.0003559350000159611,97,A07,cross-session,AdaBN
211,16,1,0.0003759310000077676,97,A07,cross-session,AdaBN
212,16,1,0.0003989549998095754,97,A07,cross-session,AdaBN
213,16,0,0.0003829469999345747,97,A07,cross-session,AdaBN
214,16,0,0.0004371729999093077,97,A07,cross-session,AdaBN
215,16,0,0.00039193800012071733,97,A07,cross-session,AdaBN
216,16,0,0.0003592240000216407,97,A07,cross-session,AdaBN
217,16,0,0.00036920499996995204,97,A07,cross-session,AdaBN
218,16,1,0.00036217699994267605,97,A07,cross-session,AdaBN
219,16,0,0.0003562600002169347,97,A07,cross-session,AdaBN
220,16,0,0.0003690749999805121,97,A07,cross-session,AdaBN
221,16,0,0.00036753000017597515,97,A07,cross-session,AdaBN
222,16,1,0.0003692279999540915,97,A07,cross-session,AdaBN
223,16,0,0.0003534580000632559,97,A07,cross-session,AdaBN
224,16,1,0.00039729500008434115,97,A07,cross-session,AdaBN
225,16,1,0.0004233710001244617,97,A07,cross-session,AdaBN
226,16,1,0.0003576680001060595,97,A07,cross-session,AdaBN
227,16,0,0.000368772000001627,97,A07,cross-session,AdaBN
228,16,1,0.00035446900005808857,97,A07,cross-session,AdaBN
229,16,0,0.00035895200016966555,97,A07,cross-session,AdaBN
230,16,1,0.0003660129998479533,97,A07,cross-session,AdaBN
231,16,0,0.00036394800008565653,97,A07,cross-session,AdaBN
232,16,0,0.0003543340001215256,97,A07,cross-session,AdaBN
233,16,0,0.00038076900000305614,97,A07,cross-session,AdaBN
234,16,0,0.00036061500009054726,97,A07,cross-session,AdaBN
235,16,1,0.0004682579999553127,97,A07,cross-session,AdaBN
236,16,1,0.0003694639999594074,97,A07,cross-session,AdaBN
237,16,0,0.0003886570000304346,97,A07,cross-session,AdaBN
238,16,0,0.0003896760001680377,97,A07,cross-session,AdaBN
239,16,0,0.00042081199990207097,97,A07,cross-session,AdaBN
240,16,0,0.0003694619999805582,97,A07,cross-session,AdaBN
241,16,0,0.00035481500003697874,97,A07,cross-session,AdaBN
242,16,0,0.00035510099996827194,97,A07,cross-session,AdaBN
243,16,1,0.0003660659999695781,97,A07,cross-session,AdaBN
244,16,1,0.00036195799998495204,97,A07,cross-session,AdaBN
245,16,0,0.0004570179999063839,97,A07,cross-session,AdaBN
246,16,0,0.000418630000012854,97,A07,cross-session,AdaBN
247,16,0,0.00039055000002008455,97,A07,cross-session,AdaBN
248,16,1,0.000360882999984824,97,A07,cross-session,AdaBN
249,16,0,0.0003648020001492114,97,A07,cross-session,AdaBN
250,16,1,0.0003602440001486684,97,A07,cross-session,AdaBN
251,16,0,0.0003546109999206237,97,A07,cross-session,AdaBN
252,16,0,0.00037051399999654677,97,A07,cross-session,AdaBN
253,16,1,0.0003619919998527621,97,A07,cross-session,AdaBN
254,16,0,0.0003597140000692889,97,A07,cross-session,AdaBN
255,16,1,0.00035816799982058,97,A07,cross-session,AdaBN
256,16,1,0.00036881100004393375,97,A07,cross-session,AdaBN
257,16,0,0.0004544299999906798,97,A07,cross-session,AdaBN
258,16,1,0.0004024190000109229,97,A07,cross-session,AdaBN
259,16,0,0.0003909010001734714,97,A07,cross-session,AdaBN
260,16,1,0.000355957000010676,97,A07,cross-session,AdaBN
261,16,0,0.00037230499992801924,97,A07,cross-session,AdaBN
262,16,1,0.0003767460000290157,97,A07,cross-session,AdaBN
263,16,1,0.000360329999921305,97,A07,cross-session,AdaBN
264,16,0,0.0003675259999909031,97,A07,cross-session,AdaBN
265,16,1,0.0003689410000333737,97,A07,cross-session,AdaBN
266,16,0,0.00036262399999031913,97,A07,cross-session,AdaBN
267,16,1,0.0004522780000115745,97,A07,cross-session,AdaBN
268,16,1,0.00048122900011549063,97,A07,cross-session,AdaBN
269,16,0,0.00036372999988998345,97,A07,cross-session,AdaBN
270,16,0,0.0004120379999221768,97,A07,cross-session,AdaBN
271,16,1,0.0003701089999594842,97,A07,cross-session,AdaBN
272,16,0,0.0003687140001602529,97,A07,cross-session,AdaBN
273,16,0,0.00044786800003748795,97,A07,cross-session,AdaBN
274,16,1,0.0004195159999653697,97,A07,cross-session,AdaBN
275,16,0,0.0003594439999687893,97,A07,cross-session,AdaBN
276,16,0,0.0003764820000924374,97,A07,cross-session,AdaBN
277,16,0,0.00037627400001838396,97,A07,cross-session,AdaBN
278,16,1,0.0004368370000520372,97,A07,cross-session,AdaBN
279,16,1,0.0005346299999473558,97,A07,cross-session,AdaBN
280,16,0,0.00041976299985435617,97,A07,cross-session,AdaBN
281,16,0,0.00036752999994860147,97,A07,cross-session,AdaBN
282,16,1,0.000418401000160884,97,A07,cross-session,AdaBN
283,16,1,0.0003829529998711223,97,A07,cross-session,AdaBN
284,16,0,0.00035834699997394637,97,A07,cross-session,AdaBN
285,16,1,0.00041937799983315927,97,A07,cross-session,AdaBN
286,16,0,0.00035825200006911473,97,A07,cross-session,AdaBN
287,16,0,0.0003592079999634734,97,A07,cross-session,AdaBN
0,1,0,0.0012143899998591223,97,A08,cross-session,AdaBN
1,2,1,0.0008793880001576326,97,A08,cross-session,AdaBN
2,3,1,0.0008998870000596071,97,A08,cross-session,AdaBN
3,4,1,0.0008543080000436021,97,A08,cross-session,AdaBN
4,5,1,0.0008435090001057688,97,A08,cross-session,AdaBN
5,6,1,0.000827268999955777,97,A08,cross-session,AdaBN
6,7,1,0.0008956229999057541,97,A08,cross-session,AdaBN
7,8,0,0.0008588200000758661,97,A08,cross-session,AdaBN
8,9,1,0.0008402299999943352,97,A08,cross-session,AdaBN
9,10,0,0.0008630649999759044,97,A08,cross-session,AdaBN
10,11,1,0.0008454199999050616,97,A08,cross-session,AdaBN
11,12,1,0.0007491490000575141,97,A08,cross-session,AdaBN
12,13,1,0.0007351609999659559,97,A08,cross-session,AdaBN
13,14,1,0.000791490999972666,97,A08,cross-session,AdaBN
14,15,0,0.0007358899999871937,97,A08,cross-session,AdaBN
15,16,1,0.0007140800000797753,97,A08,cross-session,AdaBN
16,16,1,0.0007292429997960426,97,A08,cross-session,AdaBN
17,16,1,0.0007346059999235877,97,A08,cross-session,AdaBN
18,16,1,0.0007464130001153535,97,A08,cross-session,AdaBN
19,16,1,0.000767479000160165,97,A08,cross-session,AdaBN
20,16,0,0.0007660230000965385,97,A08,cross-session,AdaBN
21,16,1,0.0007775070000661799,97,A08,cross-session,AdaBN
22,16,1,0.000971411999898919,97,A08,cross-session,AdaBN
23,16,0,0.00042215199982820195,97,A08,cross-session,AdaBN
24,16,0,0.0005071800001132942,97,A08,cross-session,AdaBN
25,16,1,0.0005321810001532867,97,A08,cross-session,AdaBN
26,16,1,0.0004921490001379425,97,A08,cross-session,AdaBN
27,16,0,0.00045776399997521366,97,A08,cross-session,AdaBN
28,16,0,0.0004751750000195898,97,A08,cross-session,AdaBN
29,16,1,0.0005053929999121465,97,A08,cross-session,AdaBN
30,16,1,0.00042404299983900273,97,A08,cross-session,AdaBN
31,16,1,0.00043349899988243124,97,A08,cross-session,AdaBN
32,16,1,0.0004790939999566035,97,A08,cross-session,AdaBN
33,16,1,0.0005071549999229319,97,A08,cross-session,AdaBN
34,16,1,0.0005112059998282348,97,A08,cross-session,AdaBN
35,16,1,0.0004072919998634461,97,A08,cross-session,AdaBN
36,16,1,0.0004972899998847424,97,A08,cross-session,AdaBN
37,16,1,0.0004785349999565369,97,A08,cross-session,AdaBN
38,16,0,0.0005991460000132065,97,A08,cross-session,AdaBN
39,16,1,0.00043952000009994663,97,A08,cross-session,AdaBN
40,16,1,0.000513968000177556,97,A08,cross-session,AdaBN
41,16,1,0.0004662450000978424,97,A08,cross-session,AdaBN
42,16,1,0.00038147000009303156,97,A08,cross-session,AdaBN
43,16,0,0.00045372499994300597,97,A08,cross-session,AdaBN
44,16,1,0.0004731340000034834,97,A08,cross-session,AdaBN
45,16,1,0.0005049609999332461,97,A08,cross-session,AdaBN
46,16,1,0.0004886839999471704,97,A08,cross-session,AdaBN
47,16,1,0.0005785099999684462,97,A08,cross-session,AdaBN
48,16,0,0.0004994739999801823,97,A08,cross-session,AdaBN
49,16,1,0.0003949980000470532,97,A08,cross-session,AdaBN
50,16,1,0.00041385400004401163,97,A08,cross-session,AdaBN
51,16,1,0.00035680099995261116,97,A08,cross-session,AdaBN
52,16,1,0.0005204629999298049,97,A08,cross-session,AdaBN
53,16,1,0.0003968370001530275,97,A08,cross-session,AdaBN
54,16,1,0.0004201879999072844,97,A08,cross-session,AdaBN
55,16,1,0.0005087239999284066,97,A08,cross-session,AdaBN
56,16,0,0.0004885979999471601,97,A08,cross-session,AdaBN
57,16,1,0.00048536200006310537,97,A08,cross-session,AdaBN
58,16,1,0.0004571899999064044,97,A08,cross-session,AdaBN
59,16,0,0.0005461540001761023,97,A08,cross-session,AdaBN
60,16,0,0.0004431519998888689,97,A08,cross-session,AdaBN
61,16,1,0.0004089609999482491,97,A08,cross-session,AdaBN
62,16,1,0.0004562340000120457,97,A08,cross-session,AdaBN
63,16,1,0.000429472999940117,97,A08,cross-session,AdaBN
64,16,1,0.00035952600001110113,97,A08,cross-session,AdaBN
65,16,1,0.00044880999985252856,97,A08,cross-session,AdaBN
66,16,1,0.00043862600000466045,97,A08,cross-session,AdaBN
67,16,1,0.0004086760000063805,97,A08,cross-session,AdaBN
68,16,1,0.0003955709998990642,97,A08,cross-session,AdaBN
69,16,1,0.0004356819999884465,97,A08,cross-session,AdaBN
70,16,1,0.0004149179999330954,97,A08,cross-session,AdaBN
71,16,1,0.0003802389999236766,97,A08,cross-session,AdaBN
72,16,1,0.0004161869999279588,97,A08,cross-session,AdaBN
73,16,1,0.00037460600015037926,97,A08,cross-session,AdaBN
74,16,1,0.0004091590001280565,97,A08,cross-session,AdaBN
75,16,1,0.0003862789999402594,97,A08,cross-session,AdaBN
76,16,1,0.00038139099979161983,97,A08,cross-session,AdaBN
77,16,1,0.00045928099984848814,97,A08,cross-session,AdaBN
78,16,0,0.00036770099995919736,97,A08,cross-session,AdaBN
79,16,0,0.00037977799979671545,97,A08,cross-session,AdaBN
80,16,1,0.0003914569999778905,97,A08,cross-session,AdaBN
81,16,1,0.0003642639999270614,97,A08,cross-session,AdaBN
82,16,0,0.0003940090000469354,97,A08,cross-session,AdaBN
83,16,0,0.0003703290001340065,97,A08,cross-session,AdaBN
84,16,1,0.00036354999997456616,97,A08,cross-session,AdaBN
85,16,0,0.0004057479998209601,97,A08,cross-session,AdaBN
86,16,1,0.00036266400002205046,97,A08,cross-session,AdaBN
87,16,0,0.00040166899998439476,97,A08,cross-session,AdaBN
88,16,0,0.00040697700001146586,97,A08,cross-session,AdaBN
89,16,0,0.0003693440000915871,97,A08,cross-session,AdaBN
90,16,0,0.0004050140000799729,97,A08,cross-session,AdaBN
91,16,0,0.000366087999964293,97,A08,cross-session,AdaBN
92,16,1,0.0003869760000725364,97,A08,cross-session,AdaBN
93,16,1,0.0003825000001143053,97,A08,cross-session,AdaBN
94,16,0,0.00036039400015397405,97,A08,cross-session,AdaBN
95,16,1,0.0003963399999520334,97,A08,cross-session,AdaBN
96,16,1,0.00035652299993671477,97,A08,cross-session,AdaBN
97,16,0,0.00038119800001368276,97,A08,cross-session,AdaBN
98,16,1,0.0003707590001340577,97,A08,cross-session,AdaBN
99,16,1,0.0003531300001213822,97,A08,cross-session,AdaBN
100,16,1,0.00037533099998654507,97,A08,cross-session,AdaBN
101,16,0,0.00040034400012700644,97,A08,cross-session,AdaBN
102,16,1,0.0003669400000489986,97,A08,cross-session,AdaBN
103,16,1,0.00036843299994870904,97,A08,cross-session,AdaBN
104,16,1,0.00035139299984621175,97,A08,cross-session,AdaBN
105,16,1,0.0003664650000700931,97,A08,cross-session,AdaBN
106,16,1,0.0003904160000729462,97,A08,cross-session,AdaBN
107,16,1,0.00035586500007411814,97,A08,cross-session,AdaBN
108,16,0,0.00037080199990668916,97,A08,cross-session,AdaBN
109,16,0,0.00039375100004690466,97,A08,cross-session,AdaBN
110,16,0,0.0003519189999678929,97,A08,cross-session,AdaBN
111,16,0,0.0004089379999641096,97,A08,cross-session,AdaBN
112,16,1,0.00037230899988571764,97,A08,cross-session,AdaBN
113,16,1,0.0004099959999166458,97,A08,cross-session,AdaBN
114,16,1,0.0004783159999988129,97,A08,cross-session,AdaBN
115,16,1,0.00044985699992139416,97,A08,cross-session,AdaBN
116,16,1,0.0004495119999319286,97,A08,cross-session,AdaBN
117,16,1,0.00044537000007949246,97,A08,cross-session,AdaBN
118,16,1,0.0004226730000027601,97,A08,cross-session,AdaBN
119,16,1,0.0003832230001989956,97,A08,cross-session,AdaBN
120,16,0,0.0004602220001288515,97,A08,cross-session,AdaBN
121,16,1,0.000490005000074234,97,A08,cross-session,AdaBN
122,16,1,0.00045865099991715397,97,A08,cross-session,AdaBN
123,16,1,0.00047972800007300975,97,A08,cross-session,AdaBN
124,16,1,0.0004140440000810486,97,A08,cross-session,AdaBN
125,16,1,0.00046523800006070815,97,A08,cross-session,AdaBN
126,16,1,0.0004980070000328851,97,A08,cross-session,AdaBN
127,16,1,0.00047614400000384194,97,A08,cross-session,AdaBN
128,16,0,0.0005031519999647571,97,A08,cross-session,AdaBN
129,16,1,0.0005587509999713802,97,A08,cross-session,AdaBN
130,16,0,0.0005159810000350262,97,A08,cross-session,AdaBN
131,16,0,0.0005969960000129504,97,A08,cross-session,AdaBN
132,16,1,0.0005603140000403073,97,A08,cross-session,AdaBN
133,16,0,0.0006265130000429053,97,A08,cross-session,AdaBN
134,16,1,0.0006502960000034363,97,A08,cross-session,AdaBN
135,16,1,0.000442268999904627,97,A08,cross-session,AdaBN
136,16,1,0.0005018209999434475,97,A08,cross-session,AdaBN
137,16,1,0.00038583800005653757,97,A08,cross-session,AdaBN
138,16,0,0.00040780300014375825,97,A08,cross-session,AdaBN
139,16,1,0.0004908999999315711,97,A08,cross-session,AdaBN
140,16,0,0.0003865380001570884,97,A08,cross-session,AdaBN
141,16,0,0.00038424800004577264,97,A08,cross-session,AdaBN
142,16,1,0.0004429139999047038,97,A08,cross-session,AdaBN
143,16,1,0.0004254309999396355,97,A08,cross-session,AdaBN
144,16,0,0.00036051999995834194,97,A08,cross-session,AdaBN
145,16,1,0.0004521020000538556,97,A08,cross-session,AdaBN
146,16,0,0.0004053029999795399,97,A08,cross-session,AdaBN
147,16,0,0.0003686060001655278,97,A08,cross-session,AdaBN
148,16,0,0.00042699900018305925,97,A08,cross-session,AdaBN
149,16,1,0.00041485899987492303,97,A08,cross-session,AdaBN
150,16,1,0.00036262399999031913,97,A08,cross-session,AdaBN
151,16,1,0.00043557499998314597,97,A08,cross-session,AdaBN
152,16,0,0.00048179199984588195,97,A08,cross-session,AdaBN
153,16,1,0.00038922599992474716,97,A08,cross-session,AdaBN
154,16,1,0.00042612600009306334,97,A08,cross-session,AdaBN
155,16,1,0.0004774920000727434,97,A08,cross-session,AdaBN
156,16,0,0.0003538639998623694,97,A08,cross-session,AdaBN
157,16,0,0.00041004499985319853,97,A08,cross-session,AdaBN
158,16,1,0.0004717270001037832,97,A08,cross-session,AdaBN
159,16,1,0.00035514000001057866,97,A08,cross-session,AdaBN
160,16,1,0.0003905799999301962,97,A08,cross-session,AdaBN
161,16,1,0.000476283000125477,97,A08,cross-session,AdaBN
162,16,1,0.0004018619999897055,97,A08,cross-session,AdaBN
163,16,0,0.00041565800006537756,97,A08,cross-session,AdaBN
164,16,1,0.00042695999991337885,97,A08,cross-session,AdaBN
165,16,1,0.00035779599988927657,97,A08,cross-session,AdaBN
166,16,0,0.0003708799999913026,97,A08,cross-session,AdaBN
167,16,1,0.0004235579999658512,97,A08,cross-session,AdaBN
168,16,0,0.00035398900013206003,97,A08,cross-session,AdaBN
169,16,1,0.00036311799999566574,97,A08,cross-session,AdaBN
170,16,0,0.00046008799995433947,97,A08,cross-session,AdaBN
171,16,1,0.00038043499989726115,97,A08,cross-session,AdaBN
172,16,1,0.00039508899999418645,97,A08,cross-session,AdaBN
173,16,0,0.0004893069999525324,97,A08,cross-session,AdaBN
174,16,1,0.0004179269999440294,97,A08,cross-session,AdaBN
175,16,1,0.00038934600001994113,97,A08,cross-session,AdaBN
176,16,1,0.00043077500004073954,97,A08,cross-session,AdaBN
177,16,1,0.00036967400001231,97,A08,cross-session,AdaBN
178,16,0,0.00036754799998561793,97,A08,cross-session,AdaBN
179,16,0,0.0004653720000078465,97,A08,cross-session,AdaBN
180,16,1,0.00037037399988548714,97,A08,cross-session,AdaBN
181,16,0,0.00042989300004592224,97,A08,cross-session,AdaBN
182,16,0,0.00041080299979512347,97,A08,cross-session,AdaBN
183,16,0,0.0003835149998394627,97,A08,cross-session,AdaBN
184,16,1,0.0004394219999994675,97,A08,cross-session,AdaBN
185,16,0,0.0003980379999575234,97,A08,cross-session,AdaBN
186,16,0,0.0003658059999906982,97,A08,cross-session,AdaBN
187,16,0,0.00035773400009020406,97,A08,cross-session,AdaBN
188,16,0,0.0003957710000577208,97,A08,cross-session,AdaBN
189,16,1,0.00041239999995923426,97,A08,cross-session,AdaBN
190,16,1,0.0003809590000400931,97,A08,cross-session,AdaBN
191,16,0,0.00037855999994462763,97,A08,cross-session,AdaBN
192,16,1,0.0003779609999128297,97,A08,cross-session,AdaBN
193,16,1,0.0003661120001652307,97,A08,cross-session,AdaBN
194,16,1,0.0004433729998254421,97,A08,cross-session,AdaBN
195,16,1,0.0004414610000367247,97,A08,cross-session,AdaBN
196,16,0,0.00040527300006942824,97,A08,cross-session,AdaBN
197,16,1,0.00037922299998172093,97,A08,cross-session,AdaBN
198,16,0,0.0003533930000685359,97,A08,cross-session,AdaBN
199,16,1,0.00037324200002331054,97,A08,cross-session,AdaBN
200,16,1,0.00043801600008919195,97,A08,cross-session,AdaBN
201,16,0,0.00037999100004526554,97,A08,cross-session,AdaBN
202,16,1,0.00038257599999269587,97,A08,cross-session,AdaBN
203,16,1,0.0004078409999692667,97,A08,cross-session,AdaBN
204,16,1,0.0004368690001683717,97,A08,cross-session,AdaBN
205,16,1,0.0004344510000464652,97,A08,cross-session,AdaBN
206,16,1,0.00040953999996418133,97,A08,cross-session,AdaBN
207,16,1,0.0003870240000196645,97,A08,cross-session,AdaBN
208,16,1,0.0003643709999323619,97,A08,cross-session,AdaBN
209,16,0,0.0003698289999647386,97,A08,cross-session,AdaBN
210,16,1,0.00037455400001817907,97,A08,cross-session,AdaBN
211,16,1,0.00037788099984936707,97,A08,cross-session,AdaBN
212,16,1,0.00035640400005831907,97,A08,cross-session,AdaBN
213,16,1,0.00037073900011819205,97,A08,cross-session,AdaBN
214,16,1,0.00036909099981130566,97,A08,cross-session,AdaBN
215,16,1,0.00041207999993275735,97,A08,cross-session,AdaBN
216,16,1,0.00042978299984497426,97,A08,cross-session,AdaBN
217,16,0,0.0004213409999920259,97,A08,cross-session,AdaBN
218,16,0,0.0003898559998560813,97,A08,cross-session,AdaBN
219,16,1,0.0003983300000527379,97,A08,cross-session,AdaBN
220,16,0,0.0003659670001070481,97,A08,cross-session,AdaBN
221,16,1,0.0004160779999438091,97,A08,cross-session,AdaBN
222,16,1,0.00038552399996660824,97,A08,cross-session,AdaBN
223,16,1,0.0003712750001341192,97,A08,cross-session,AdaBN
224,16,1,0.00035393100006331224,97,A08,cross-session,AdaBN
225,16,0,0.0004498939999848517,97,A08,cross-session,AdaBN
226,16,1,0.0004596300000230258,97,A08,cross-session,AdaBN
227,16,0,0.0004101510000964481,97,A08,cross-session,AdaBN
228,16,0,0.000391484999909153,97,A08,cross-session,AdaBN
229,16,0,0.0004353780000201368,97,A08,cross-session,AdaBN
230,16,1,0.0003810680000242428,97,A08,cross-session,AdaBN
231,16,1,0.0004266089999873657,97,A08,cross-session,AdaBN
232,16,0,0.0003956079999625217,97,A08,cross-session,AdaBN
233,16,0,0.0004151409998485178,97,A08,cross-session,AdaBN
234,16,1,0.00038967599994066404,97,A08,cross-session,AdaBN
235,16,1,0.0003885360001731897,97,A08,cross-session,AdaBN
236,16,1,0.0004113919999326754,97,A08,cross-session,AdaBN
237,16,0,0.0004299629999877652,97,A08,cross-session,AdaBN
238,16,1,0.0004700329998286179,97,A08,cross-session,AdaBN
239,16,0,0.0004062599998633232,97,A08,cross-session,AdaBN
240,16,1,0.00041517399995427695,97,A08,cross-session,AdaBN
241,16,1,0.0003875459999562736,97,A08,cross-session,AdaBN
242,16,1,0.00035264000007373397,97,A08,cross-session,AdaBN
243,16,1,0.0003822800001671567,97,A08,cross-session,AdaBN
244,16,1,0.00037118899990673526,97,A08,cross-session,AdaBN
245,16,1,0.0004003740000371181,97,A08,cross-session,AdaBN
246,16,1,0.00043492800000421994,97,A08,cross-session,AdaBN
247,16,0,0.0004959389998475672,97,A08,cross-session,AdaBN
248,16,0,0.00037451000002874935,97,A08,cross-session,AdaBN
249,16,1,0.00043790100016849465,97,A08,cross-session,AdaBN
250,16,0,0.00038492299995596113,97,A08,cross-session,AdaBN
251,16,0,0.0003556770000159304,97,A08,cross-session,AdaBN
252,16,0,0.0003922260000308597,97,A08,cross-session,AdaBN
253,16,1,0.00036262699995859293,97,A08,cross-session,AdaBN
254,16,0,0.00036764399987987417,97,A08,cross-session,AdaBN
255,16,0,0.00040554099996370496,97,A08,cross-session,AdaBN
256,16,1,0.0003668930000912951,97,A08,cross-session,AdaBN
257,16,1,0.00038938900001994625,97,A08,cross-session,AdaBN
258,16,1,0.0004597820000071806,97,A08,cross-session,AdaBN
259,16,0,0.00041097500002251763,97,A08,cross-session,AdaBN
260,16,1,0.00041579100002309133,97,A08,cross-session,AdaBN
261,16,0,0.00038512400010404235,97,A08,cross-session,AdaBN
262,16,1,0.00037468499999704363,97,A08,cross-session,AdaBN
263,16,0,0.00043310000000928994,97,A08,cross-session,AdaBN
264,16,0,0.00036948699994354683,97,A08,cross-session,AdaBN
265,16,1,0.0003680490001443104,97,A08,cross-session,AdaBN
266,16,0,0.00037312200015549024,97,A08,cross-session,AdaBN
267,16,0,0.00036820900004386203,97,A08,cross-session,AdaBN
268,16,0,0.00045372900012807804,97,A08,cross-session,AdaBN
269,16,1,0.0005101530000501953,97,A08,cross-session,AdaBN
270,16,1,0.000374106999970536,97,A08,cross-session,AdaBN
271,16,1,0.0003682999999909953,97,A08,cross-session,AdaBN
272,16,0,0.00041125500001726323,97,A08,cross-session,AdaBN
273,16,1,0.0003687849998641468,97,A08,cross-session,AdaBN
274,16,1,0.0003798019999976532,97,A08,cross-session,AdaBN
275,16,1,0.00041850200000226323,97,A08,cross-session,AdaBN
276,16,0,0.00036211900010130194,97,A08,cross-session,AdaBN
277,16,0,0.00038389200017263647,97,A08,cross-session,AdaBN
278,16,0,0.00043336700014151575,97,A08,cross-session,AdaBN
279,16,0,0.0003921100001207378,97,A08,cross-session,AdaBN
280,16,1,0.0003816710000137391,97,A08,cross-session,AdaBN
281,16,0,0.0003825149999556743,97,A08,cross-session,AdaBN
282,16,0,0.0003717619999861199,97,A08,cross-session,AdaBN
283,16,1,0.0003762029998597427,97,A08,cross-session,AdaBN
284,16,1,0.0003690239998377365,97,A08,cross-session,AdaBN
285,16,0,0.00036688299996967544,97,A08,cross-session,AdaBN
286,16,0,0.00036404100001163897,97,A08,cross-session,AdaBN
287,16,0,0.0003710900000442052,97,A08,cross-session,AdaBN
0,1,1,0.0011216700002023572,97,A09,cross-session,AdaBN
1,2,1,0.0009245170001577208,97,A09,cross-session,AdaBN
2,3,1,0.000883197999883123,97,A09,cross-session,AdaBN
3,4,1,0.0008890190001693554,97,A09,cross-session,AdaBN
4,5,1,0.0008577819999118219,97,A09,cross-session,AdaBN
5,6,1,0.0008556590000807773,97,A09,cross-session,AdaBN
6,7,1,0.0009651670000039303,97,A09,cross-session,AdaBN
7,8,0,0.0009001269997952477,97,A09,cross-session,AdaBN
8,9,0,0.0009090679998280393,97,A09,cross-session,AdaBN
9,10,1,0.0008975640000699059,97,A09,cross-session,AdaBN
10,11,1,0.0008143060001657432,97,A09,cross-session,AdaBN
11,12,0,0.0007634030000644998,97,A09,cross-session,AdaBN
12,13,1,0.0007348439999077527,97,A09,cross-session,AdaBN
13,14,1,0.0007534399999258312,97,A09,cross-session,AdaBN
14,15,1,0.000796378000131881,97,A09,cross-session,AdaBN
15,16,1,0.0007848349998766935,97,A09,cross-session,AdaBN
16,16,1,0.0007811259999925824,97,A09,cross-session,AdaBN
17,16,1,0.0007438479999564152,97,A09,cross-session,AdaBN
18,16,1,0.0007384760001514223,97,A09,cross-session,AdaBN
19,16,1,0.000711230999968393,97,A09,cross-session,AdaBN
20,16,0,0.0007573559998945711,97,A09,cross-session,AdaBN
21,16,0,0.000725888999795643,97,A09,cross-session,AdaBN
22,16,1,0.000724351000144452,97,A09,cross-session,AdaBN
23,16,1,0.0009254530000362138,97,A09,cross-session,AdaBN
24,16,1,0.0007933350000257633,97,A09,cross-session,AdaBN
25,16,1,0.0005787620000319293,97,A09,cross-session,AdaBN
26,16,1,0.00047824600005696993,97,A09,cross-session,AdaBN
27,16,1,0.00047896000000946515,97,A09,cross-session,AdaBN
28,16,1,0.0004372000000785192,97,A09,cross-session,AdaBN
29,16,1,0.0004602770000019518,97,A09,cross-session,AdaBN
30,16,1,0.00043198499997743056,97,A09,cross-session,AdaBN
31,16,1,0.0005477750000864035,97,A09,cross-session,AdaBN
32,16,1,0.0004758899999615096,97,A09,cross-session,AdaBN
33,16,0,0.0004681969999182911,97,A09,cross-session,AdaBN
34,16,0,0.0005094819998703315,97,A09,cross-session,AdaBN
35,16,1,0.0004682070000399108,97,A09,cross-session,AdaBN
36,16,1,0.0004431869999734772,97,A09,cross-session,AdaBN
37,16,0,0.00047314899984485237,97,A09,cross-session,AdaBN
38,16,1,0.0005670980001468706,97,A09,cross-session,AdaBN
39,16,1,0.00040227999988928786,97,A09,cross-session,AdaBN
40,16,1,0.00043087600010949245,97,A09,cross-session,AdaBN
41,16,1,0.0004008060000160185,97,A09,cross-session,AdaBN
42,16,1,0.0005371850002120482,97,A09,cross-session,AdaBN
43,16,0,0.00042490900000302645,97,A09,cross-session,AdaBN
44,16,1,0.0004099450000012439,97,A09,cross-session,AdaBN
45,16,0,0.0005070029999387771,97,A09,cross-session,AdaBN
46,16,1,0.00040732699994805444,97,A09,cross-session,AdaBN
47,16,1,0.00041734100000212493,97,A09,cross-session,AdaBN
48,16,1,0.0005424470000434667,97,A09,cross-session,AdaBN
49,16,1,0.00046131099998092395,97,A09,cross-session,AdaBN
50,16,1,0.00047602300014659704,97,A09,cross-session,AdaBN
51,16,1,0.000573209000094721,97,A09,cross-session,AdaBN
52,16,1,0.000799570000026506,97,A09,cross-session,AdaBN
53,16,1,0.0009883769998850767,97,A09,cross-session,AdaBN
54,16,1,0.0007583180001802248,97,A09,cross-session,AdaBN
55,16,1,0.0005039640000177315,97,A09,cross-session,AdaBN
56,16,1,0.0004300809998767363,97,A09,cross-session,AdaBN
57,16,1,0.00048824300006344856,97,A09,cross-session,AdaBN
58,16,1,0.0005963000000974716,97,A09,cross-session,AdaBN
59,16,1,0.0005545480000819225,97,A09,cross-session,AdaBN
60,16,1,0.000478832999988299,97,A09,cross-session,AdaBN
61,16,1,0.00040244600018013443,97,A09,cross-session,AdaBN
62,16,0,0.00045704700005444465,97,A09,cross-session,AdaBN
63,16,1,0.0003724300001977099,97,A09,cross-session,AdaBN
64,16,1,0.0004414749998886691,97,A09,cross-session,AdaBN
65,16,1,0.0004010979998838593,97,A09,cross-session,AdaBN
66,16,1,0.00038436699992416834,97,A09,cross-session,AdaBN
67,16,1,0.00044996199994784547,97,A09,cross-session,AdaBN
68,16,1,0.00038086699987616157,97,A09,cross-session,AdaBN
69,16,0,0.00040597400015940366,97,A09,cross-session,AdaBN
70,16,1,0.0003799149999395013,97,A09,cross-session,AdaBN
71,16,1,0.0003564419998838275,97,A09,cross-session,AdaBN
72,16,1,0.0003957250000894419,97,A09,cross-session,AdaBN
73,16,1,0.0003462719998879038,97,A09,cross-session,AdaBN
74,16,1,0.00040521599999010505,97,A09,cross-session,AdaBN
75,16,1,0.00043387899995650514,97,A09,cross-session,AdaBN
76,16,1,0.000399378999873079,97,A09,cross-session,AdaBN
77,16,0,0.0004103789999589935,97,A09,cross-session,AdaBN
78,16,1,0.0003882539999722212,97,A09,cross-session,AdaBN
79,16,1,0.00044129799994152563,97,A09,cross-session,AdaBN
80,16,0,0.00041112600001724786,97,A09,cross-session,AdaBN
81,16,1,0.0003909649999513931,97,A09,cross-session,AdaBN
82,16,1,0.000415909999901487,97,A09,cross-session,AdaBN
83,16,1,0.00035226499994678306,97,A09,cross-session,AdaBN
84,16,0,0.0004380529999252758,97,A09,cross-session,AdaBN
85,16,1,0.00042016099996544654,97,A09,cross-session,AdaBN
86,16,1,0.0003961630000048899,97,A09,cross-session,AdaBN
87,16,1,0.00040875500008041854,97,A09,cross-session,AdaBN
88,16,0,0.0004147030001604435,97,A09,cross-session,AdaBN
89,16,1,0.00045023600000604347,97,A09,cross-session,AdaBN
90,16,0,0.00039813599983062886,97,A09,cross-session,AdaBN
91,16,1,0.0003748730000552314,97,A09,cross-session,AdaBN
92,16,1,0.0004057909998209652,97,A09,cross-session,AdaBN
93,16,0,0.0003675729999486066,97,A09,cross-session,AdaBN
94,16,0,0.00036633199988500564,97,A09,cross-session,AdaBN
95,16,1,0.00038164100010362745,97,A09,cross-session,AdaBN
96,16,1,0.00036173299986330676,97,A09,cross-session,AdaBN
97,16,1,0.0003738049999810755,97,A09,cross-session,AdaBN
98,16,1,0.00037352200001805613,97,A09,cross-session,AdaBN
99,16,1,0.0003579829999580397,97,A09,cross-session,AdaBN
100,16,1,0.00038701799985574326,97,A09,cross-session,AdaBN
101,16,1,0.0003836759999558126,97,A09,cross-session,AdaBN
102,16,1,0.0004203970001981361,97,A09,cross-session,AdaBN
103,16,1,0.0004573420001179329,97,A09,cross-session,AdaBN
104,16,0,0.00036384199984240695,97,A09,cross-session,AdaBN
105,16,1,0.0004026290000638255,97,A09,cross-session,AdaBN
106,16,1,0.00036775800003852055,97,A09,cross-session,AdaBN
107,16,1,0.0003678499999750784,97,A09,cross-session,AdaBN
108,16,0,0.00042452699995010335,97,A09,cross-session,AdaBN
109,16,1,0.00037130300006538164,97,A09,cross-session,AdaBN
110,16,1,0.0003775790000872803,97,A09,cross-session,AdaBN
111,16,1,0.00045815999988008116,97,A09,cross-session,AdaBN
112,16,1,0.00040605100002721883,97,A09,cross-session,AdaBN
113,16,1,0.0005160010000508919,97,A09,cross-session,AdaBN
114,16,1,0.0003985460000421881,97,A09,cross-session,AdaBN
115,16,1,0.00035918499997933395,97,A09,cross-session,AdaBN
116,16,1,0.000393670999983442,97,A09,cross-session,AdaBN
117,16,1,0.00038042599999243976,97,A09,cross-session,AdaBN
118,16,1,0.00042136599995501456,97,A09,cross-session,AdaBN
119,16,1,0.000432193000051484,97,A09,cross-session,AdaBN
120,16,0,0.00038933400014684594,97,A09,cross-session,AdaBN
121,16,1,0.00037236399998619163,97,A09,cross-session,AdaBN
122,16,1,0.0004055080000853195,97,A09,cross-session,AdaBN
123,16,1,0.0004425390000051266,97,A09,cross-session,AdaBN
124,16,1,0.00039886299987301754,97,A09,cross-session,AdaBN
125,16,1,0.0004695760001141025,97,A09,cross-session,AdaBN
126,16,0,0.0003675010000279144,97,A09,cross-session,AdaBN
127,16,1,0.00036598099995899247,97,A09,cross-session,AdaBN
128,16,0,0.000381070000003092,97,A09,cross-session,AdaBN
129,16,1,0.00036376799994286557,97,A09,cross-session,AdaBN
130,16,1,0.0003843880001568323,97,A09,cross-session,AdaBN
131,16,1,0.0004150680001657747,97,A09,cross-session,AdaBN
132,16,0,0.000378530000034516,97,A09,cross-session,AdaBN
133,16,0,0.00041266400012318627,97,A09,cross-session,AdaBN
134,16,1,0.0003805199999078468,97,A09,cross-session,AdaBN
135,16,1,0.0004210540000713081,97,A09,cross-session,AdaBN
136,16,1,0.0004428049999205541,97,A09,cross-session,AdaBN
137,16,1,0.0003673950000120385,97,A09,cross-session,AdaBN
138,16,1,0.0003930079999463487,97,A09,cross-session,AdaBN
139,16,0,0.00040981300003295473,97,A09,cross-session,AdaBN
140,16,0,0.0003760830002192961,97,A09,cross-session,AdaBN
141,16,0,0.0003755410000394477,97,A09,cross-session,AdaBN
142,16,1,0.0003710400001182279,97,A09,cross-session,AdaBN
143,16,1,0.0003640209999957733,97,A09,cross-session,AdaBN
144,16,0,0.0004168179998487176,97,A09,cross-session,AdaBN
145,16,0,0.00043475600000419945,97,A09,cross-session,AdaBN
146,16,1,0.00036326800000097137,97,A09,cross-session,AdaBN
147,16,1,0.0003612089999478485,97,A09,cross-session,AdaBN
148,16,1,0.0003649679999853106,97,A09,cross-session,AdaBN
149,16,1,0.0003668589999961114,97,A09,cross-session,AdaBN
150,16,1,0.00037181499988037103,97,A09,cross-session,AdaBN
151,16,1,0.00035835699986819236,97,A09,cross-session,AdaBN
152,16,1,0.00036467099994297314,97,A09,cross-session,AdaBN
153,16,0,0.00040183500004786765,97,A09,cross-session,AdaBN
154,16,1,0.00035840800001096795,97,A09,cross-session,AdaBN
155,16,1,0.00040548799984208017,97,A09,cross-session,AdaBN
156,16,1,0.0004453050000847725,97,A09,cross-session,AdaBN
157,16,0,0.0004460190000372677,97,A09,cross-session,AdaBN
158,16,1,0.0004195730000446929,97,A09,cross-session,AdaBN
159,16,0,0.00038972700008343963,97,A09,cross-session,AdaBN
160,16,0,0.00036997600000177044,97,A09,cross-session,AdaBN
161,16,1,0.0003644099999746686,97,A09,cross-session,AdaBN
162,16,0,0.0003862649998609413,97,A09,cross-session,AdaBN
163,16,1,0.0004085430000486667,97,A09,cross-session,AdaBN
164,16,1,0.0003784180000820925,97,A09,cross-session,AdaBN
165,16,1,0.00037584400001833274,97,A09,cross-session,AdaBN
166,16,1,0.0004369820001102198,97,A09,cross-session,AdaBN
167,16,1,0.00046331999988069583,97,A09,cross-session,AdaBN
168,16,1,0.00036525200016512827,97,A09,cross-session,AdaBN
169,16,1,0.0003653979999853618,97,A09,cross-session,AdaBN
170,16,0,0.00037329800011320913,97,A09,cross-session,AdaBN
171,16,1,0.0003628199999639037,97,A09,cross-session,AdaBN
172,16,1,0.00036205800006428035,97,A09,cross-session,AdaBN
173,16,0,0.00036411399992175575,97,A09,cross-session,AdaBN
174,16,1,0.00034884799993051274,97,A09,cross-session,AdaBN
175,16,1,0.0003717490001236001,97,A09,cross-session,AdaBN
176,16,1,0.0004219509999074944,97,A09,cross-session,AdaBN
177,16,0,0.00044659600007435074,97,A09,cross-session,AdaBN
178,16,1,0.00038131500014060293,97,A09,cross-session,AdaBN
179,16,1,0.0003608170000006794,97,A09,cross-session,AdaBN
180,16,0,0.00035138100020049023,97,A09,cross-session,AdaBN
181,16,0,0.0003885469998294866,97,A09,cross-session,AdaBN
182,16,0,0.0003740770000604243,97,A09,cross-session,AdaBN
183,16,1,0.0003578850000849343,97,A09,cross-session,AdaBN
184,16,1,0.000368339000033302,97,A09,cross-session,AdaBN
185,16,0,0.00036454599990065617,97,A09,cross-session,AdaBN
186,16,1,0.0004604129999279394,97,A09,cross-session,AdaBN
187,16,1,0.0006511349999982485,97,A09,cross-session,AdaBN
188,16,1,0.00045174899992161954,97,A09,cross-session,AdaBN
189,16,1,0.0003958400000101392,97,A09,cross-session,AdaBN
190,16,1,0.0004429240000263235,97,A09,cross-session,AdaBN
191,16,1,0.0004010970001218084,97,A09,cross-session,AdaBN
192,16,1,0.00039919000005284033,97,A09,cross-session,AdaBN
193,16,1,0.00042110200001843623,97,A09,cross-session,AdaBN
194,16,1,0.00039834400013205595,97,A09,cross-session,AdaBN
195,16,1,0.00038086100016698765,97,A09,cross-session,AdaBN
196,16,1,0.0004271440000138682,97,A09,cross-session,AdaBN
197,16,1,0.00040394399979959417,97,A09,cross-session,AdaBN
198,16,0,0.00043041900016760337,97,A09,cross-session,AdaBN
199,16,1,0.00040228399984698626,97,A09,cross-session,AdaBN
200,16,1,0.00039885499995762075,97,A09,cross-session,AdaBN
201,16,1,0.0003710060000230442,97,A09,cross-session,AdaBN
202,16,1,0.0004141550000440475,97,A09,cross-session,AdaBN
203,16,1,0.0004032350000215956,97,A09,cross-session,AdaBN
204,16,0,0.00039707800010546634,97,A09,cross-session,AdaBN
205,16,1,0.0003751910001028591,97,A09,cross-session,AdaBN
206,16,1,0.0003779050000503048,97,A09,cross-session,AdaBN
207,16,0,0.00036620800005948695,97,A09,cross-session,AdaBN
208,16,0,0.00041810600009739574,97,A09,cross-session,AdaBN
209,16,1,0.00044798199996876065,97,A09,cross-session,AdaBN
210,16,1,0.0003914040000836394,97,A09,cross-session,AdaBN
211,16,0,0.00036303400020187837,97,A09,cross-session,AdaBN
212,16,1,0.00036277399999562476,97,A09,cross-session,AdaBN
213,16,0,0.0003613609999320033,97,A09,cross-session,AdaBN
214,16,0,0.0003824049999821,97,A09,cross-session,AdaBN
215,16,1,0.0003627090000009048,97,A09,cross-session,AdaBN
216,16,1,0.00036068200006411644,97,A09,cross-session,AdaBN
217,16,0,0.0003526279999732651,97,A09,cross-session,AdaBN
218,16,0,0.0003571319998627587,97,A09,cross-session,AdaBN
219,16,0,0.0003936900000098831,97,A09,cross-session,AdaBN
220,16,1,0.000441268000031414,97,A09,cross-session,AdaBN
221,16,1,0.0004246480000347219,97,A09,cross-session,AdaBN
222,16,1,0.0004093449999800214,97,A09,cross-session,AdaBN
223,16,1,0.00034970700016856426,97,A09,cross-session,AdaBN
224,16,1,0.0004043960000217339,97,A09,cross-session,AdaBN
225,16,1,0.0004008179998891137,97,A09,cross-session,AdaBN
226,16,1,0.00036571300006471574,97,A09,cross-session,AdaBN
227,16,1,0.00038069800007178856,97,A09,cross-session,AdaBN
228,16,1,0.00038391099997170386,97,A09,cross-session,AdaBN
229,16,0,0.00039812999989408127,97,A09,cross-session,AdaBN
230,16,0,0.00043532899985621043,97,A09,cross-session,AdaBN
231,16,1,0.0003633500000432832,97,A09,cross-session,AdaBN
232,16,1,0.0003615549999267387,97,A09,cross-session,AdaBN
233,16,1,0.0003792410000187374,97,A09,cross-session,AdaBN
234,16,0,0.00035890000003746536,97,A09,cross-session,AdaBN
235,16,1,0.0003713300000072195,97,A09,cross-session,AdaBN
236,16,0,0.00038236199998209486,97,A09,cross-session,AdaBN
237,16,1,0.00035422099995230383,97,A09,cross-session,AdaBN
238,16,1,0.00035371800004213583,97,A09,cross-session,AdaBN
239,16,0,0.00036314800013315107,97,A09,cross-session,AdaBN
240,16,0,0.0003927529999145918,97,A09,cross-session,AdaBN
241,16,1,0.000433398000041052,97,A09,cross-session,AdaBN
242,16,1,0.0003816540001935209,97,A09,cross-session,AdaBN
243,16,0,0.0003597269999318087,97,A09,cross-session,AdaBN
244,16,1,0.00036506299989014224,97,A09,cross-session,AdaBN
245,16,0,0.00039490400013164617,97,A09,cross-session,AdaBN
246,16,1,0.0004077760002019204,97,A09,cross-session,AdaBN
247,16,0,0.0003787979999287927,97,A09,cross-session,AdaBN
248,16,0,0.0003688919998694473,97,A09,cross-session,AdaBN
249,16,0,0.00041421500009164447,97,A09,cross-session,AdaBN
250,16,1,0.0003795220000029076,97,A09,cross-session,AdaBN
251,16,0,0.00040167600013774063,97,A09,cross-session,AdaBN
252,16,0,0.0004613309999967896,97,A09,cross-session,AdaBN
253,16,1,0.00040356199997404474,97,A09,cross-session,AdaBN
254,16,1,0.0003571110000848421,97,A09,cross-session,AdaBN
255,16,1,0.00035458100001051207,97,A09,cross-session,AdaBN
256,16,0,0.00036987299995416834,97,A09,cross-session,AdaBN
257,16,1,0.0003645859999323875,97,A09,cross-session,AdaBN
258,16,1,0.0003816879998339573,97,A09,cross-session,AdaBN
259,16,0,0.0003943059998618992,97,A09,cross-session,AdaBN
260,16,0,0.00037174399994910345,97,A09,cross-session,AdaBN
261,16,1,0.00048665799999980663,97,A09,cross-session,AdaBN
262,16,1,0.0003942810001262842,97,A09,cross-session,AdaBN
263,16,0,0.0004942389998632279,97,A09,cross-session,AdaBN
264,16,1,0.00042032500005007023,97,A09,cross-session,AdaBN
265,16,1,0.0003663640000013402,97,A09,cross-session,AdaBN
266,16,1,0.0003606470002068818,97,A09,cross-session,AdaBN
267,16,1,0.00045666999994864454,97,A09,cross-session,AdaBN
268,16,1,0.000403801999937059,97,A09,cross-session,AdaBN
269,16,1,0.00041787200007092906,97,A09,cross-session,AdaBN
270,16,0,0.0004197180001028755,97,A09,cross-session,AdaBN
271,16,1,0.00036350799996398564,97,A09,cross-session,AdaBN
272,16,1,0.00041953599998123536,97,A09,cross-session,AdaBN
273,16,0,0.00045480999983738,97,A09,cross-session,AdaBN
274,16,1,0.00040527799978917756,97,A09,cross-session,AdaBN
275,16,0,0.0004262699999344477,97,A09,cross-session,AdaBN
276,16,0,0.00039614499996787345,97,A09,cross-session,AdaBN
277,16,1,0.0003726610000285291,97,A09,cross-session,AdaBN
278,16,1,0.0003872669999509526,97,A09,cross-session,AdaBN
279,16,1,0.00039856300008977996,97,A09,cross-session,AdaBN
280,16,1,0.00035633999982565,97,A09,cross-session,AdaBN
281,16,0,0.0004133780000756815,97,A09,cross-session,AdaBN
282,16,1,0.0003960189999361319,97,A09,cross-session,AdaBN
283,16,0,0.0003900489998613921,97,A09,cross-session,AdaBN
284,16,1,0.0004757849999350583,97,A09,cross-session,AdaBN
285,16,0,0.0003823860001830326,97,A09,cross-session,AdaBN
286,16,1,0.0003720540000813344,97,A09,cross-session,AdaBN
287,16,1,0.00041848700016089424,97,A09,cross-session,AdaBN
0,1,0,0.0013739080000050308,123,A01,cross-session,AdaBN
1,2,1,0.0008959770000274148,123,A01,cross-session,AdaBN
2,3,1,0.0008654169998862926,123,A01,cross-session,AdaBN
3,4,1,0.0008666240000820835,123,A01,cross-session,AdaBN
4,5,1,0.0008572149999963585,123,A01,cross-session,AdaBN
5,6,0,0.0008099689998743997,123,A01,cross-session,AdaBN
6,7,1,0.0008433890000105748,123,A01,cross-session,AdaBN
7,8,0,0.0008584500001234119,123,A01,cross-session,AdaBN
8,9,1,0.0008260810000138008,123,A01,cross-session,AdaBN
9,10,1,0.0008201379998808989,123,A01,cross-session,AdaBN
10,11,1,0.0007797460000347201,123,A01,cross-session,AdaBN
11,12,0,0.0007741120000446244,123,A01,cross-session,AdaBN
12,13,1,0.0007080830000631977,123,A01,cross-session,AdaBN
13,14,1,0.0007379650000984839,123,A01,cross-session,AdaBN
14,15,0,0.000733380999918154,123,A01,cross-session,AdaBN
15,16,1,0.000709133999862388,123,A01,cross-session,AdaBN
16,16,1,0.00069554100014102,123,A01,cross-session,AdaBN
17,16,1,0.0006683030001113366,123,A01,cross-session,AdaBN
18,16,1,0.0007093560000157595,123,A01,cross-session,AdaBN
19,16,1,0.0006945840000298631,123,A01,cross-session,AdaBN
20,16,1,0.0007204569999430532,123,A01,cross-session,AdaBN
21,16,1,0.0007299929998225707,123,A01,cross-session,AdaBN
22,16,1,0.0007556190000741481,123,A01,cross-session,AdaBN
23,16,1,0.0007449510001151793,123,A01,cross-session,AdaBN
24,16,0,0.0007586770000216347,123,A01,cross-session,AdaBN
25,16,1,0.0008322809999299352,123,A01,cross-session,AdaBN
26,16,1,0.0005056719999174675,123,A01,cross-session,AdaBN
27,16,1,0.00044162199992570095,123,A01,cross-session,AdaBN
28,16,0,0.0006526539998503722,123,A01,cross-session,AdaBN
29,16,1,0.000497815000016999,123,A01,cross-session,AdaBN
30,16,0,0.0003969459999098035,123,A01,cross-session,AdaBN
31,16,1,0.00041208399989045574,123,A01,cross-session,AdaBN
32,16,1,0.0003799380001510144,123,A01,cross-session,AdaBN
33,16,1,0.0004271499999504158,123,A01,cross-session,AdaBN
34,16,1,0.00037599799998133676,123,A01,cross-session,AdaBN
35,16,1,0.0004088949999641045,123,A01,cross-session,AdaBN
36,16,1,0.0003795829998125555,123,A01,cross-session,AdaBN
37,16,0,0.00043048900010944635,123,A01,cross-session,AdaBN
38,16,1,0.00037172700012888527,123,A01,cross-session,AdaBN
39,16,0,0.00042057600012412877,123,A01,cross-session,AdaBN
40,16,1,0.0003826750000825996,123,A01,cross-session,AdaBN
41,16,1,0.00045324699999582663,123,A01,cross-session,AdaBN
42,16,1,0.0004062359998897591,123,A01,cross-session,AdaBN
43,16,0,0.0004593469998326327,123,A01,cross-session,AdaBN
44,16,1,0.00047077599992917385,123,A01,cross-session,AdaBN
45,16,0,0.0004787069999565574,123,A01,cross-session,AdaBN
46,16,1,0.00039431599998351885,123,A01,cross-session,AdaBN
47,16,0,0.00047565699992446753,123,A01,cross-session,AdaBN
48,16,0,0.0004965660000380012,123,A01,cross-session,AdaBN
49,16,0,0.00044117600009485614,123,A01,cross-session,AdaBN
50,16,1,0.0004982339999060059,123,A01,cross-session,AdaBN
51,16,1,0.00041932699991775735,123,A01,cross-session,AdaBN
52,16,1,0.0004909179999685875,123,A01,cross-session,AdaBN
53,16,1,0.00047526799994557223,123,A01,cross-session,AdaBN
54,16,0,0.00043292800000926945,123,A01,cross-session,AdaBN
55,16,0,0.00035337799999979325,123,A01,cross-session,AdaBN
56,16,1,0.0004204500000923872,123,A01,cross-session,AdaBN
57,16,1,0.0005143259998021676,123,A01,cross-session,AdaBN
58,16,1,0.0004620619999968767,123,A01,cross-session,AdaBN
59,16,1,0.000621142999989388,123,A01,cross-session,AdaBN
60,16,0,0.0005764029999681952,123,A01,cross-session,AdaBN
61,16,0,0.00044738599990523653,123,A01,cross-session,AdaBN
62,16,1,0.0005505340000127035,123,A01,cross-session,AdaBN
63,16,1,0.0005247400001735514,123,A01,cross-session,AdaBN
64,16,1,0.0005864859999746841,123,A01,cross-session,AdaBN
65,16,0,0.0005245840000043245,123,A01,cross-session,AdaBN
66,16,0,0.00042664299985517573,123,A01,cross-session,AdaBN
67,16,1,0.00044973300009587547,123,A01,cross-session,AdaBN
68,16,1,0.0004825959999834595,123,A01,cross-session,AdaBN
69,16,0,0.0004374860000098124,123,A01,cross-session,AdaBN
70,16,1,0.00043067000001428823,123,A01,cross-session,AdaBN
71,16,0,0.0005159010001989373,123,A01,cross-session,AdaBN
72,16,0,0.0005901839999751246,123,A01,cross-session,AdaBN
73,16,1,0.0004329460000462859,123,A01,cross-session,AdaBN
74,16,0,0.0003768629999285622,123,A01,cross-session,AdaBN
75,16,1,0.000386265000088315,123,A01,cross-session,AdaBN
76,16,1,0.0003603870000006282,123,A01,cross-session,AdaBN
77,16,0,0.0005286150001211354,123,A01,cross-session,AdaBN
78,16,1,0.0004373419999410544,123,A01,cross-session,AdaBN
79,16,1,0.000489666000021316,123,A01,cross-session,AdaBN
80,16,1,0.00047497600007773144,123,A01,cross-session,AdaBN
81,16,0,0.00043092800001431897,123,A01,cross-session,AdaBN
82,16,1,0.0004291950001515943,123,A01,cross-session,AdaBN
83,16,1,0.0003462660001787299,123,A01,cross-session,AdaBN
84,16,1,0.00043098400010421756,123,A01,cross-session,AdaBN
85,16,0,0.0003467139999884239,123,A01,cross-session,AdaBN
86,16,1,0.0003840689998924063,123,A01,cross-session,AdaBN
87,16,1,0.0004894900000635971,123,A01,cross-session,AdaBN
88,16,1,0.000459292999948957,123,A01,cross-session,AdaBN
89,16,0,0.000427221999871108,123,A01,cross-session,AdaBN
90,16,1,0.0003973200000473298,123,A01,cross-session,AdaBN
91,16,1,0.0003663480001705466,123,A01,cross-session,AdaBN
92,16,1,0.0004290809999929479,123,A01,cross-session,AdaBN
93,16,1,0.000402820999852338,123,A01,cross-session,AdaBN
94,16,0,0.0003640889999587671,123,A01,cross-session,AdaBN
95,16,0,0.00044173299988869985,123,A01,cross-session,AdaBN
96,16,1,0.00041604300008657447,123,A01,cross-session,AdaBN
97,16,0,0.00039480400005231786,123,A01,cross-session,AdaBN
98,16,1,0.00048626699981468846,123,A01,cross-session,AdaBN
99,16,1,0.00044625100008488516,123,A01,cross-session,AdaBN
100,16,1,0.00039740700003676466,123,A01,cross-session,AdaBN
101,16,0,0.00044702800005325116,123,A01,cross-session,AdaBN
102,16,0,0.00037329199994928786,123,A01,cross-session,AdaBN
103,16,0,0.0003832299998975941,123,A01,cross-session,AdaBN
104,16,1,0.0004184490001080121,123,A01,cross-session,AdaBN
105,16,1,0.00043895200019505864,123,A01,cross-session,AdaBN
106,16,1,0.00042147399994973966,123,A01,cross-session,AdaBN
107,16,1,0.00038583200011998997,123,A01,cross-session,AdaBN
108,16,0,0.0003585290000955865,123,A01,cross-session,AdaBN
109,16,1,0.0004057950000060373,123,A01,cross-session,AdaBN
110,16,1,0.00043038600006184424,123,A01,cross-session,AdaBN
111,16,1,0.0004456259998733003,123,A01,cross-session,AdaBN
112,16,1,0.0003916250000202126,123,A01,cross-session,AdaBN
113,16,1,0.0003610500000377215,123,A01,cross-session,AdaBN
114,16,0,0.00036974199997530377,123,A01,cross-session,AdaBN
115,16,0,0.00041351100003339525,123,A01,cross-session,AdaBN
116,16,0,0.000399773000026471,123,A01,cross-session,AdaBN
117,16,1,0.0003745799999705923,123,A01,cross-session,AdaBN
118,16,1,0.00040168099985748995,123,A01,cross-session,AdaBN
119,16,1,0.00036063799984731304,123,A01,cross-session,AdaBN
120,16,1,0.00038251400019362336,123,A01,cross-session,AdaBN
121,16,0,0.00042303100008211914,123,A01,cross-session,AdaBN
122,16,0,0.00044428899991544313,123,A01,cross-session,AdaBN
123,16,1,0.0003677680001601402,123,A01,cross-session,AdaBN
124,16,0,0.00039978900008463825,123,A01,cross-session,AdaBN
125,16,1,0.00037384000006568385,123,A01,cross-session,AdaBN
126,16,0,0.0003830169998764177,123,A01,cross-session,AdaBN
127,16,0,0.0003702799999700801,123,A01,cross-session,AdaBN
128,16,1,0.0003562859999419743,123,A01,cross-session,AdaBN
129,16,0,0.000395503999925495,123,A01,cross-session,AdaBN
130,16,1,0.00039845900005275325,123,A01,cross-session,AdaBN
131,16,0,0.0004142900002079841,123,A01,cross-session,AdaBN
132,16,0,0.00038081299999248586,123,A01,cross-session,AdaBN
133,16,1,0.0003709350000917766,123,A01,cross-session,AdaBN
134,16,0,0.00036366399990583886,123,A01,cross-session,AdaBN
135,16,1,0.0003590979999898991,123,A01,cross-session,AdaBN
136,16,0,0.0003624240000590362,123,A01,cross-session,AdaBN
137,16,1,0.00036495700010164,123,A01,cross-session,AdaBN
138,16,0,0.0003576720000637579,123,A01,cross-session,AdaBN
139,16,1,0.00035923499990531127,123,A01,cross-session,AdaBN
140,16,1,0.00035235600012129,123,A01,cross-session,AdaBN
141,16,1,0.0003832689999399008,123,A01,cross-session,AdaBN
142,16,0,0.0004383620000680821,123,A01,cross-session,AdaBN
143,16,0,0.0004894240000794525,123,A01,cross-session,AdaBN
144,16,1,0.0004100139999536623,123,A01,cross-session,AdaBN
145,16,1,0.00036621000003833615,123,A01,cross-session,AdaBN
146,16,0,0.0003581670000585291,123,A01,cross-session,AdaBN
147,16,0,0.0003673880000860663,123,A01,cross-session,AdaBN
148,16,1,0.00035459800005810393,123,A01,cross-session,AdaBN
149,16,1,0.0003751920000922837,123,A01,cross-session,AdaBN
150,16,1,0.0003636359999745764,123,A01,cross-session,AdaBN
151,16,1,0.00036698999997497594,123,A01,cross-session,AdaBN
152,16,1,0.0003879759999563248,123,A01,cross-session,AdaBN
153,16,1,0.000402322999889293,123,A01,cross-session,AdaBN
154,16,0,0.0004457420000107959,123,A01,cross-session,AdaBN
155,16,1,0.00038099599987617694,123,A01,cross-session,AdaBN
156,16,0,0.0004208349998862104,123,A01,cross-session,AdaBN
157,16,1,0.00036676199988505687,123,A01,cross-session,AdaBN
158,16,1,0.0003624389999004052,123,A01,cross-session,AdaBN
159,16,0,0.0004045799998948496,123,A01,cross-session,AdaBN
160,16,1,0.0003555119999418821,123,A01,cross-session,AdaBN
161,16,1,0.00038968199987721164,123,A01,cross-session,AdaBN
162,16,1,0.0004080490000433201,123,A01,cross-session,AdaBN
163,16,1,0.00041971299992837885,123,A01,cross-session,AdaBN
164,16,0,0.0004217709999920771,123,A01,cross-session,AdaBN
165,16,1,0.0003860069998609106,123,A01,cross-session,AdaBN
166,16,1,0.00035264999996797997,123,A01,cross-session,AdaBN
167,16,1,0.00038622700003543287,123,A01,cross-session,AdaBN
168,16,1,0.00037765100000797247,123,A01,cross-session,AdaBN
169,16,1,0.00040941399993243976,123,A01,cross-session,AdaBN
170,16,1,0.000383441000167295,123,A01,cross-session,AdaBN
171,16,0,0.0003971510000155831,123,A01,cross-session,AdaBN
172,16,1,0.00035703499997907784,123,A01,cross-session,AdaBN
173,16,1,0.0004071399998792913,123,A01,cross-session,AdaBN
174,16,0,0.0004711999999926775,123,A01,cross-session,AdaBN
175,16,0,0.00042121000001316133,123,A01,cross-session,AdaBN
176,16,1,0.0003754310000658734,123,A01,cross-session,AdaBN
177,16,1,0.00040985500004353526,123,A01,cross-session,AdaBN
178,16,1,0.00039619800008949824,123,A01,cross-session,AdaBN
179,16,0,0.0003885779999563965,123,A01,cross-session,AdaBN
180,16,1,0.0004108890000225074,123,A01,cross-session,AdaBN
181,16,1,0.00035569400006352225,123,A01,cross-session,AdaBN
182,16,0,0.00039824299983592937,123,A01,cross-session,AdaBN
183,16,0,0.0003880760000356531,123,A01,cross-session,AdaBN
184,16,1,0.00041256400004385796,123,A01,cross-session,AdaBN
185,16,1,0.00045196299993222055,123,A01,cross-session,AdaBN
186,16,1,0.00038710800004082557,123,A01,cross-session,AdaBN
187,16,0,0.0003638759999375907,123,A01,cross-session,AdaBN
188,16,1,0.00038353099989762995,123,A01,cross-session,AdaBN
189,16,1,0.00042182199990747904,123,A01,cross-session,AdaBN
190,16,1,0.0003705689998696471,123,A01,cross-session,AdaBN
191,16,1,0.00037699900008192344,123,A01,cross-session,AdaBN
192,16,1,0.00038451000000350177,123,A01,cross-session,AdaBN
193,16,1,0.0003641389998847444,123,A01,cross-session,AdaBN
194,16,0,0.00040605100002721883,123,A01,cross-session,AdaBN
195,16,0,0.0004514289998951426,123,A01,cross-session,AdaBN
196,16,1,0.00043851400005223695,123,A01,cross-session,AdaBN
197,16,1,0.00039259599998331396,123,A01,cross-session,AdaBN
198,16,1,0.0004066290000537265,123,A01,cross-session,AdaBN
199,16,1,0.00037516699990192137,123,A01,cross-session,AdaBN
200,16,0,0.00037898400000813126,123,A01,cross-session,AdaBN
201,16,0,0.00037527000017689716,123,A01,cross-session,AdaBN
202,16,1,0.00036301499994806363,123,A01,cross-session,AdaBN
203,16,0,0.00036805499985348433,123,A01,cross-session,AdaBN
204,16,1,0.00035847199978888966,123,A01,cross-session,AdaBN
205,16,1,0.000431514999945648,123,A01,cross-session,AdaBN
206,16,0,0.0004547569999431289,123,A01,cross-session,AdaBN
207,16,1,0.0003658570001334738,123,A01,cross-session,AdaBN
208,16,1,0.00037036300000181654,123,A01,cross-session,AdaBN
209,16,1,0.00036101899991081154,123,A01,cross-session,AdaBN
210,16,0,0.0003655759999219299,123,A01,cross-session,AdaBN
211,16,0,0.00036006899995300046,123,A01,cross-session,AdaBN
212,16,1,0.0003668510000807146,123,A01,cross-session,AdaBN
213,16,1,0.00036095399991609156,123,A01,cross-session,AdaBN
214,16,0,0.00036429399983717303,123,A01,cross-session,AdaBN
215,16,1,0.0003638799998952891,123,A01,cross-session,AdaBN
216,16,0,0.00043221999999332184,123,A01,cross-session,AdaBN
217,16,1,0.0004740130000300269,123,A01,cross-session,AdaBN
218,16,0,0.00038585100014643103,123,A01,cross-session,AdaBN
219,16,1,0.0003568559998257115,123,A01,cross-session,AdaBN
220,16,1,0.00042457399990780686,123,A01,cross-session,AdaBN
221,16,1,0.00036027900000590307,123,A01,cross-session,AdaBN
222,16,1,0.00038412599997172947,123,A01,cross-session,AdaBN
223,16,1,0.0004269810001460428,123,A01,cross-session,AdaBN
224,16,0,0.00036135400000603113,123,A01,cross-session,AdaBN
225,16,1,0.00043095000000903383,123,A01,cross-session,AdaBN
226,16,0,0.000464940999790997,123,A01,cross-session,AdaBN
227,16,1,0.000455622000117728,123,A01,cross-session,AdaBN
228,16,0,0.0004098270001122728,123,A01,cross-session,AdaBN
229,16,1,0.00040976799982672674,123,A01,cross-session,AdaBN
230,16,1,0.0003550199999153847,123,A01,cross-session,AdaBN
231,16,0,0.0003707289999965724,123,A01,cross-session,AdaBN
232,16,0,0.00038406500016208156,123,A01,cross-session,AdaBN
233,16,1,0.0003732120001131989,123,A01,cross-session,AdaBN
234,16,1,0.000367771000128414,123,A01,cross-session,AdaBN
235,16,1,0.00039614599995729805,123,A01,cross-session,AdaBN
236,16,0,0.0003624250000484608,123,A01,cross-session,AdaBN
237,16,1,0.00043559099981393956,123,A01,cross-session,AdaBN
238,16,1,0.00045368399992185005,123,A01,cross-session,AdaBN
239,16,0,0.0003812820000348438,123,A01,cross-session,AdaBN
240,16,0,0.00039004700010991655,123,A01,cross-session,AdaBN
241,16,1,0.00037726899995504937,123,A01,cross-session,AdaBN
242,16,1,0.00035718399999495887,123,A01,cross-session,AdaBN
243,16,1,0.00038390000008803327,123,A01,cross-session,AdaBN
244,16,1,0.00038119300006655976,123,A01,cross-session,AdaBN
245,16,1,0.0003649109999059874,123,A01,cross-session,AdaBN
246,16,1,0.00040456499982610694,123,A01,cross-session,AdaBN
247,16,1,0.0004710789999080589,123,A01,cross-session,AdaBN
248,16,1,0.00042854699995587,123,A01,cross-session,AdaBN
249,16,1,0.00042417999998178857,123,A01,cross-session,AdaBN
250,16,1,0.0003881320001255517,123,A01,cross-session,AdaBN
251,16,0,0.00035659499985740695,123,A01,cross-session,AdaBN
252,16,1,0.0003908070000306907,123,A01,cross-session,AdaBN
253,16,1,0.0004163050000443036,123,A01,cross-session,AdaBN
254,16,1,0.000376302999939071,123,A01,cross-session,AdaBN
255,16,1,0.00040600799979984004,123,A01,cross-session,AdaBN
256,16,1,0.0003627099999903294,123,A01,cross-session,AdaBN
257,16,1,0.000454376999869055,123,A01,cross-session,AdaBN
258,16,1,0.0004710690000138129,123,A01,cross-session,AdaBN
259,16,1,0.00045063499987918476,123,A01,cross-session,AdaBN
260,16,0,0.0004031999999369873,123,A01,cross-session,AdaBN
261,16,1,0.0003848789999665314,123,A01,cross-session,AdaBN
262,16,1,0.0003809559998444456,123,A01,cross-session,AdaBN
263,16,0,0.0003990939999312104,123,A01,cross-session,AdaBN
264,16,1,0.00038988799997241586,123,A01,cross-session,AdaBN
265,16,1,0.0003686759998799971,123,A01,cross-session,AdaBN
266,16,1,0.00040611599979456514,123,A01,cross-session,AdaBN
267,16,0,0.0003708970000388945,123,A01,cross-session,AdaBN
268,16,1,0.0003774660001454322,123,A01,cross-session,AdaBN
269,16,0,0.00044909299981554796,123,A01,cross-session,AdaBN
270,16,1,0.0004169070000443753,123,A01,cross-session,AdaBN
271,16,1,0.0003725379999650613,123,A01,cross-session,AdaBN
272,16,1,0.00041976500006057904,123,A01,cross-session,AdaBN
273,16,0,0.0003830540001672489,123,A01,cross-session,AdaBN
274,16,1,0.00036212700001669873,123,A01,cross-session,AdaBN
275,16,0,0.00043928800005232915,123,A01,cross-session,AdaBN
276,16,1,0.00036124099983680935,123,A01,cross-session,AdaBN
277,16,0,0.00037107399998603796,123,A01,cross-session,AdaBN
278,16,0,0.0004083039998477034,123,A01,cross-session,AdaBN
279,16,1,0.00042518600002949825,123,A01,cross-session,AdaBN
280,16,1,0.0003901690001839597,123,A01,cross-session,AdaBN
281,16,0,0.00040767199993752,123,A01,cross-session,AdaBN
282,16,0,0.000358217999973931,123,A01,cross-session,AdaBN
283,16,0,0.0003752459999759594,123,A01,cross-session,AdaBN
284,16,0,0.0004011459998309874,123,A01,cross-session,AdaBN
285,16,1,0.0003672820000701904,123,A01,cross-session,AdaBN
286,16,1,0.0003610510000271461,123,A01,cross-session,AdaBN
287,16,0,0.00040416499996354105,123,A01,cross-session,AdaBN
0,1,1,0.0007914280001841689,123,A02,cross-session,AdaBN
1,2,1,0.00065912699983528,123,A02,cross-session,AdaBN
2,3,0,0.0008897650000108115,123,A02,cross-session,AdaBN
3,4,0,0.0009207539999351866,123,A02,cross-session,AdaBN
4,5,0,0.0009540910000396252,123,A02,cross-session,AdaBN
5,6,1,0.0008268309998129553,123,A02,cross-session,AdaBN
6,7,0,0.0008891990000847727,123,A02,cross-session,AdaBN
7,8,0,0.0008672090000345634,123,A02,cross-session,AdaBN
8,9,1,0.0008618110000497836,123,A02,cross-session,AdaBN
9,10,0,0.0009718490000523161,123,A02,cross-session,AdaBN
10,11,0,0.0009405539999534085,123,A02,cross-session,AdaBN
11,12,0,0.0008248149999872112,123,A02,cross-session,AdaBN
12,13,0,0.0008143700001710386,123,A02,cross-session,AdaBN
13,14,0,0.0007919009999568516,123,A02,cross-session,AdaBN
14,15,0,0.0007642390000910382,123,A02,cross-session,AdaBN
15,16,1,0.0007723740000074031,123,A02,cross-session,AdaBN
16,16,0,0.0008099230001334945,123,A02,cross-session,AdaBN
17,16,0,0.0008247999999184685,123,A02,cross-session,AdaBN
18,16,0,0.0008600209998803621,123,A02,cross-session,AdaBN
19,16,0,0.0007640589999482472,123,A02,cross-session,AdaBN
20,16,0,0.0007402359999559849,123,A02,cross-session,AdaBN
21,16,1,0.0007842840000193974,123,A02,cross-session,AdaBN
22,16,0,0.0007593380000798788,123,A02,cross-session,AdaBN
23,16,0,0.0007436089999828255,123,A02,cross-session,AdaBN
24,16,0,0.0008202120000078139,123,A02,cross-session,AdaBN
25,16,1,0.000880946000052063,123,A02,cross-session,AdaBN
26,16,0,0.0007834909999928641,123,A02,cross-session,AdaBN
27,16,0,0.0004847960001370666,123,A02,cross-session,AdaBN
28,16,0,0.0004868969999733963,123,A02,cross-session,AdaBN
29,16,1,0.0007214989998374222,123,A02,cross-session,AdaBN
30,16,0,0.0005008299999644805,123,A02,cross-session,AdaBN
31,16,1,0.0004749560000618658,123,A02,cross-session,AdaBN
32,16,1,0.0004611030001342442,123,A02,cross-session,AdaBN
33,16,1,0.00047640100001444807,123,A02,cross-session,AdaBN
34,16,0,0.0005324139999629551,123,A02,cross-session,AdaBN
35,16,1,0.00041562799992789223,123,A02,cross-session,AdaBN
36,16,0,0.0005426349998742808,123,A02,cross-session,AdaBN
37,16,0,0.00063074200011215,123,A02,cross-session,AdaBN
38,16,0,0.0004950410000219563,123,A02,cross-session,AdaBN
39,16,0,0.0004967889999534236,123,A02,cross-session,AdaBN
40,16,1,0.0004081060001226433,123,A02,cross-session,AdaBN
41,16,0,0.0004853540001477086,123,A02,cross-session,AdaBN
42,16,1,0.0004370579999886104,123,A02,cross-session,AdaBN
43,16,0,0.00043649600002027,123,A02,cross-session,AdaBN
44,16,0,0.0003588110000691813,123,A02,cross-session,AdaBN
45,16,1,0.0005072520000339864,123,A02,cross-session,AdaBN
46,16,0,0.0004810380000890291,123,A02,cross-session,AdaBN
47,16,0,0.00046207700006561936,123,A02,cross-session,AdaBN
48,16,0,0.00041721599995980796,123,A02,cross-session,AdaBN
49,16,0,0.00047114000017245417,123,A02,cross-session,AdaBN
50,16,0,0.000617035000004762,123,A02,cross-session,AdaBN
51,16,0,0.0006655150000369758,123,A02,cross-session,AdaBN
52,16,1,0.0004853970001477137,123,A02,cross-session,AdaBN
53,16,1,0.0004887360000793706,123,A02,cross-session,AdaBN
54,16,0,0.00036643399994318315,123,A02,cross-session,AdaBN
55,16,0,0.00040399800013801723,123,A02,cross-session,AdaBN
56,16,1,0.0003862130001834885,123,A02,cross-session,AdaBN
57,16,0,0.00046881600019332836,123,A02,cross-session,AdaBN
58,16,1,0.0005310819999522209,123,A02,cross-session,AdaBN
59,16,1,0.0004437400000369962,123,A02,cross-session,AdaBN
60,16,1,0.0006414659999336436,123,A02,cross-session,AdaBN
61,16,0,0.000493569999889587,123,A02,cross-session,AdaBN
62,16,0,0.00045577800005958125,123,A02,cross-session,AdaBN
63,16,1,0.0004754689998662798,123,A02,cross-session,AdaBN
64,16,1,0.00039258600008906797,123,A02,cross-session,AdaBN
65,16,1,0.00042921699991893547,123,A02,cross-session,AdaBN
66,16,0,0.0003951859998778673,123,A02,cross-session,AdaBN
67,16,0,0.00047254300011445594,123,A02,cross-session,AdaBN
68,16,0,0.0003847089999453601,123,A02,cross-session,AdaBN
69,16,1,0.0005310399999416404,123,A02,cross-session,AdaBN
70,16,0,0.0004444740000053571,123,A02,cross-session,AdaBN
71,16,0,0.00047354099979202147,123,A02,cross-session,AdaBN
72,16,0,0.00039967399993656727,123,A02,cross-session,AdaBN
73,16,0,0.00039027699995131115,123,A02,cross-session,AdaBN
74,16,0,0.0004127109998535161,123,A02,cross-session,AdaBN
75,16,0,0.0003794209999341547,123,A02,cross-session,AdaBN
76,16,1,0.00044492000006357557,123,A02,cross-session,AdaBN
77,16,0,0.000390414000094097,123,A02,cross-session,AdaBN
78,16,0,0.0004187039999123954,123,A02,cross-session,AdaBN
79,16,0,0.00039735500013193814,123,A02,cross-session,AdaBN
80,16,1,0.00036825100005444256,123,A02,cross-session,AdaBN
81,16,0,0.0004014680000636872,123,A02,cross-session,AdaBN
82,16,1,0.0004421440000896837,123,A02,cross-session,AdaBN
83,16,0,0.00042123900016122207,123,A02,cross-session,AdaBN
84,16,0,0.000399996999931318,123,A02,cross-session,AdaBN
85,16,1,0.00036649999992732774,123,A02,cross-session,AdaBN
86,16,0,0.0003879900000356429,123,A02,cross-session,AdaBN
87,16,1,0.00037832099997103796,123,A02,cross-session,AdaBN
88,16,0,0.00035242800004198216,123,A02,cross-session,AdaBN
89,16,0,0.00037860099996578356,123,A02,cross-session,AdaBN
90,16,0,0.0003653080000276532,123,A02,cross-session,AdaBN
91,16,1,0.00036771100008081703,123,A02,cross-session,AdaBN
92,16,0,0.00036748299999089795,123,A02,cross-session,AdaBN
93,16,0,0.0004584060000070167,123,A02,cross-session,AdaBN
94,16,0,0.00048106200006259314,123,A02,cross-session,AdaBN
95,16,0,0.00039222299983521225,123,A02,cross-session,AdaBN
96,16,1,0.0003595460000269668,123,A02,cross-session,AdaBN
97,16,0,0.00040642299995852227,123,A02,cross-session,AdaBN
98,16,1,0.000365241000054084,123,A02,cross-session,AdaBN
99,16,0,0.0003930049999780749,123,A02,cross-session,AdaBN
100,16,1,0.0003896900000199821,123,A02,cross-session,AdaBN
101,16,1,0.0004150339998432173,123,A02,cross-session,AdaBN
102,16,0,0.0003675129999010096,123,A02,cross-session,AdaBN
103,16,0,0.0003572690000055445,123,A02,cross-session,AdaBN
104,16,0,0.0004553750000013679,123,A02,cross-session,AdaBN
105,16,0,0.0004731859999083099,123,A02,cross-session,AdaBN
106,16,0,0.0003651489998901525,123,A02,cross-session,AdaBN
107,16,1,0.000388148000183719,123,A02,cross-session,AdaBN
108,16,0,0.00039553900001010334,123,A02,cross-session,AdaBN
109,16,1,0.00037346399994930835,123,A02,cross-session,AdaBN
110,16,0,0.00036196599990034883,123,A02,cross-session,AdaBN
111,16,0,0.00036577899982148665,123,A02,cross-session,AdaBN
112,16,0,0.00036533699994834024,123,A02,cross-session,AdaBN
113,16,1,0.0003692070001761749,123,A02,cross-session,AdaBN
114,16,0,0.00036044100011167757,123,A02,cross-session,AdaBN
115,16,0,0.0004715750001196284,123,A02,cross-session,AdaBN
116,16,0,0.00047840300021562143,123,A02,cross-session,AdaBN
117,16,0,0.00037994699982846214,123,A02,cross-session,AdaBN
118,16,0,0.00036311700000624114,123,A02,cross-session,AdaBN
119,16,0,0.00036752799996975227,123,A02,cross-session,AdaBN
120,16,1,0.0003740409999863914,123,A02,cross-session,AdaBN
121,16,0,0.00036238699999557866,123,A02,cross-session,AdaBN
122,16,0,0.00037716500014539633,123,A02,cross-session,AdaBN
123,16,0,0.0003620390000378393,123,A02,cross-session,AdaBN
124,16,0,0.0004034749999846099,123,A02,cross-session,AdaBN
125,16,0,0.0004623849999916274,123,A02,cross-session,AdaBN
126,16,0,0.0004064519998792093,123,A02,cross-session,AdaBN
127,16,0,0.00038259899997683533,123,A02,cross-session,AdaBN
128,16,0,0.00037092699994900613,123,A02,cross-session,AdaBN
129,16,0,0.00037540399989666184,123,A02,cross-session,AdaBN
130,16,0,0.00038357800008270715,123,A02,cross-session,AdaBN
131,16,0,0.0003781319999234256,123,A02,cross-session,AdaBN
132,16,1,0.00036576799993781606,123,A02,cross-session,AdaBN
133,16,1,0.0003740489999017882,123,A02,cross-session,AdaBN
134,16,0,0.00037285700000211364,123,A02,cross-session,AdaBN
135,16,0,0.00042739600007735135,123,A02,cross-session,AdaBN
136,16,0,0.0004823159999887139,123,A02,cross-session,AdaBN
137,16,0,0.0004031480000321608,123,A02,cross-session,AdaBN
138,16,1,0.0003602440001486684,123,A02,cross-session,AdaBN
139,16,0,0.0003757940000923554,123,A02,cross-session,AdaBN
140,16,1,0.00036543200008054555,123,A02,cross-session,AdaBN
141,16,1,0.00035763599998972495,123,A02,cross-session,AdaBN
142,16,1,0.00041120599985333683,123,A02,cross-session,AdaBN
143,16,0,0.0003658400000858819,123,A02,cross-session,AdaBN
144,16,0,0.0003636180001649336,123,A02,cross-session,AdaBN
145,16,0,0.000367516999858708,123,A02,cross-session,AdaBN
146,16,0,0.00045838599999115104,123,A02,cross-session,AdaBN
147,16,0,0.00042208600007143104,123,A02,cross-session,AdaBN
148,16,0,0.00041162399998029287,123,A02,cross-session,AdaBN
149,16,1,0.0003832150000562251,123,A02,cross-session,AdaBN
150,16,0,0.00035525600014807424,123,A02,cross-session,AdaBN
151,16,1,0.00039211099988278875,123,A02,cross-session,AdaBN
152,16,1,0.00037953200012452726,123,A02,cross-session,AdaBN
153,16,0,0.0003640759998688736,123,A02,cross-session,AdaBN
154,16,0,0.00038695800003551994,123,A02,cross-session,AdaBN
155,16,0,0.00037573800000245683,123,A02,cross-session,AdaBN
156,16,0,0.0004053570000905893,123,A02,cross-session,AdaBN
157,16,0,0.00047177500005091133,123,A02,cross-session,AdaBN
158,16,0,0.0004382649999570276,123,A02,cross-session,AdaBN
159,16,0,0.00037484099993889686,123,A02,cross-session,AdaBN
160,16,1,0.00037079300000186777,123,A02,cross-session,AdaBN
161,16,0,0.0003961249999520078,123,A02,cross-session,AdaBN
162,16,1,0.00039892399991003913,123,A02,cross-session,AdaBN
163,16,0,0.0004347750000306405,123,A02,cross-session,AdaBN
164,16,0,0.0004378300000098534,123,A02,cross-session,AdaBN
165,16,0,0.0003665770000225166,123,A02,cross-session,AdaBN
166,16,0,0.00044962700007999956,123,A02,cross-session,AdaBN
167,16,0,0.0005199150000407826,123,A02,cross-session,AdaBN
168,16,0,0.00039115100003073167,123,A02,cross-session,AdaBN
169,16,0,0.0003644570001597458,123,A02,cross-session,AdaBN
170,16,0,0.00040410700012216694,123,A02,cross-session,AdaBN
171,16,1,0.0003851620001569245,123,A02,cross-session,AdaBN
172,16,0,0.00035966800010100997,123,A02,cross-session,AdaBN
173,16,1,0.0004559210001389147,123,A02,cross-session,AdaBN
174,16,0,0.00037451499997587234,123,A02,cross-session,AdaBN
175,16,1,0.00037157499991735676,123,A02,cross-session,AdaBN
176,16,0,0.0004219610000291141,123,A02,cross-session,AdaBN
177,16,1,0.0005034089999753633,123,A02,cross-session,AdaBN
178,16,0,0.00040963599985843757,123,A02,cross-session,AdaBN
179,16,0,0.00039508600002591265,123,A02,cross-session,AdaBN
180,16,0,0.00039321799999925133,123,A02,cross-session,AdaBN
181,16,0,0.000365404999911334,123,A02,cross-session,AdaBN
182,16,1,0.000375511000129336,123,A02,cross-session,AdaBN
183,16,1,0.0003760529998544371,123,A02,cross-session,AdaBN
184,16,0,0.0003670099999908416,123,A02,cross-session,AdaBN
185,16,0,0.0003572880000319856,123,A02,cross-session,AdaBN
186,16,0,0.000368408999975145,123,A02,cross-session,AdaBN
187,16,0,0.000438105000057476,123,A02,cross-session,AdaBN
188,16,0,0.0004709319998710271,123,A02,cross-session,AdaBN
189,16,0,0.0004050679999636486,123,A02,cross-session,AdaBN
190,16,0,0.00035818100013784715,123,A02,cross-session,AdaBN
191,16,0,0.0003604389999054547,123,A02,cross-session,AdaBN
192,16,0,0.00037012600000707607,123,A02,cross-session,AdaBN
193,16,1,0.00035447899995233456,123,A02,cross-session,AdaBN
194,16,1,0.0003820580000137852,123,A02,cross-session,AdaBN
195,16,0,0.00037412899996525084,123,A02,cross-session,AdaBN
196,16,0,0.00035978599998998106,123,A02,cross-session,AdaBN
197,16,0,0.00041421900004934287,123,A02,cross-session,AdaBN
198,16,0,0.00046760800000811287,123,A02,cross-session,AdaBN
199,16,1,0.0004029639999316714,123,A02,cross-session,AdaBN
200,16,1,0.0003671260001283372,123,A02,cross-session,AdaBN
201,16,0,0.0003788009998970665,123,A02,cross-session,AdaBN
202,16,1,0.00036549500009641633,123,A02,cross-session,AdaBN
203,16,1,0.0003628590000062104,123,A02,cross-session,AdaBN
204,16,0,0.0003607400001328642,123,A02,cross-session,AdaBN
205,16,1,0.00035770799991041713,123,A02,cross-session,AdaBN
206,16,0,0.00037183700010245957,123,A02,cross-session,AdaBN
207,16,1,0.00036201400007485063,123,A02,cross-session,AdaBN
208,16,0,0.0004728449998765427,123,A02,cross-session,AdaBN
209,16,0,0.0004585740000493388,123,A02,cross-session,AdaBN
210,16,1,0.0004010959999050101,123,A02,cross-session,AdaBN
211,16,0,0.00036555499991663964,123,A02,cross-session,AdaBN
212,16,1,0.00037172800011830986,123,A02,cross-session,AdaBN
213,16,0,0.00037429000008160074,123,A02,cross-session,AdaBN
214,16,1,0.0003670700000384386,123,A02,cross-session,AdaBN
215,16,0,0.0003633050000644289,123,A02,cross-session,AdaBN
216,16,0,0.0003645189999588183,123,A02,cross-session,AdaBN
217,16,0,0.0004040840001380275,123,A02,cross-session,AdaBN
218,16,1,0.00043514599997251935,123,A02,cross-session,AdaBN
219,16,1,0.0004904610000266985,123,A02,cross-session,AdaBN
220,16,1,0.00039293999998335494,123,A02,cross-session,AdaBN
221,16,0,0.0003611970000747533,123,A02,cross-session,AdaBN
222,16,0,0.0003793360001509427,123,A02,cross-session,AdaBN
223,16,0,0.0003677800000332354,123,A02,cross-session,AdaBN
224,16,0,0.00036631400007536286,123,A02,cross-session,AdaBN
225,16,0,0.00036727199994857074,123,A02,cross-session,AdaBN
226,16,0,0.00036536400011755177,123,A02,cross-session,AdaBN
227,16,0,0.00035952400003225193,123,A02,cross-session,AdaBN
228,16,0,0.00037981600007697125,123,A02,cross-session,AdaBN
229,16,1,0.0004790389998561295,123,A02,cross-session,AdaBN
230,16,1,0.00040825299993230146,123,A02,cross-session,AdaBN
231,16,0,0.000421718000097826,123,A02,cross-session,AdaBN
232,16,1,0.00038777300005676807,123,A02,cross-session,AdaBN
233,16,0,0.0003569900000002235,123,A02,cross-session,AdaBN
234,16,0,0.0003820169999926293,123,A02,cross-session,AdaBN
235,16,1,0.00037964900002407376,123,A02,cross-session,AdaBN
236,16,0,0.00036361399997986155,123,A02,cross-session,AdaBN
237,16,0,0.0003754179999759799,123,A02,cross-session,AdaBN
238,16,1,0.0003771880001295358,123,A02,cross-session,AdaBN
239,16,1,0.0004203990001769853,123,A02,cross-session,AdaBN
240,16,0,0.0004790430000412016,123,A02,cross-session,AdaBN
241,16,0,0.0003902030000517698,123,A02,cross-session,AdaBN
242,16,0,0.0003582750000532542,123,A02,cross-session,AdaBN
243,16,0,0.0003588869999475719,123,A02,cross-session,AdaBN
244,16,0,0.00036090899993723724,123,A02,cross-session,AdaBN
245,16,0,0.0003555680000317807,123,A02,cross-session,AdaBN
246,16,1,0.0003595389998736209,123,A02,cross-session,AdaBN
247,16,0,0.00036001799981022486,123,A02,cross-session,AdaBN
248,16,0,0.0004639969999971072,123,A02,cross-session,AdaBN
249,16,1,0.0003844499999559048,123,A02,cross-session,AdaBN
250,16,0,0.0004953400000431429,123,A02,cross-session,AdaBN
251,16,1,0.0004062860000431101,123,A02,cross-session,AdaBN
252,16,0,0.0003774490000978403,123,A02,cross-session,AdaBN
253,16,0,0.0003736599999228929,123,A02,cross-session,AdaBN
254,16,1,0.0003657979998479277,123,A02,cross-session,AdaBN
255,16,0,0.00036210999996910687,123,A02,cross-session,AdaBN
256,16,0,0.0003631380000115314,123,A02,cross-session,AdaBN
257,16,1,0.00035813700014841743,123,A02,cross-session,AdaBN
258,16,0,0.00037551399987023615,123,A02,cross-session,AdaBN
259,16,0,0.0003689529999064689,123,A02,cross-session,AdaBN
260,16,1,0.00045506300011766143,123,A02,cross-session,AdaBN
261,16,0,0.00044731000002684596,123,A02,cross-session,AdaBN
262,16,0,0.0003989770000316639,123,A02,cross-session,AdaBN
263,16,0,0.0003928959999939252,123,A02,cross-session,AdaBN
264,16,0,0.00036683399980574904,123,A02,cross-session,AdaBN
265,16,0,0.0004112909998639225,123,A02,cross-session,AdaBN
266,16,1,0.00036548599996422126,123,A02,cross-session,AdaBN
267,16,0,0.00036055600003237487,123,A02,cross-session,AdaBN
268,16,0,0.0003625370000008843,123,A02,cross-session,AdaBN
269,16,0,0.0003709929999331507,123,A02,cross-session,AdaBN
270,16,0,0.00042640399988158606,123,A02,cross-session,AdaBN
271,16,0,0.000499606999937896,123,A02,cross-session,AdaBN
272,16,0,0.000383999000177937,123,A02,cross-session,AdaBN
273,16,0,0.0003646360000857385,123,A02,cross-session,AdaBN
274,16,0,0.0003635690000010072,123,A02,cross-session,AdaBN
275,16,0,0.0003545079998730216,123,A02,cross-session,AdaBN
276,16,0,0.0003598859998419357,123,A02,cross-session,AdaBN
277,16,0,0.00037816499980181106,123,A02,cross-session,AdaBN
278,16,0,0.0003566240000054677,123,A02,cross-session,AdaBN
279,16,0,0.0003575470000214409,123,A02,cross-session,AdaBN
280,16,0,0.00036838099981650885,123,A02,cross-session,AdaBN
281,16,0,0.000448435000180325,123,A02,cross-session,AdaBN
282,16,1,0.00042363500006104005,123,A02,cross-session,AdaBN
283,16,1,0.0003992440001638897,123,A02,cross-session,AdaBN
284,16,0,0.0003630859998793312,123,A02,cross-session,AdaBN
285,16,1,0.00036216900002727925,123,A02,cross-session,AdaBN
286,16,0,0.0003747700000076293,123,A02,cross-session,AdaBN
287,16,1,0.0003561050000371324,123,A02,cross-session,AdaBN
0,1,0,0.001179649999812682,123,A03,cross-session,AdaBN
1,2,1,0.0009563000000980537,123,A03,cross-session,AdaBN
2,3,0,0.0011228359999222448,123,A03,cross-session,AdaBN
3,4,1,0.00102558699995825,123,A03,cross-session,AdaBN
4,5,1,0.0009429609999642707,123,A03,cross-session,AdaBN
5,6,1,0.0009444699999221484,123,A03,cross-session,AdaBN
6,7,1,0.0009283279998726357,123,A03,cross-session,AdaBN
7,8,0,0.0011126670001431194,123,A03,cross-session,AdaBN
8,9,1,0.0012572570001339045,123,A03,cross-session,AdaBN
9,10,0,0.0011647549999906914,123,A03,cross-session,AdaBN
10,11,1,0.0009430980001070566,123,A03,cross-session,AdaBN
11,12,0,0.0009838700000273093,123,A03,cross-session,AdaBN
12,13,1,0.0009371139999529987,123,A03,cross-session,AdaBN
13,14,0,0.001051190999987739,123,A03,cross-session,AdaBN
14,15,1,0.0009057839999968564,123,A03,cross-session,AdaBN
15,16,1,0.000815031000001909,123,A03,cross-session,AdaBN
16,16,1,0.0007606629999372672,123,A03,cross-session,AdaBN
17,16,1,0.0007649419999324891,123,A03,cross-session,AdaBN
18,16,1,0.0007368860001406574,123,A03,cross-session,AdaBN
19,16,1,0.0007316329999866866,123,A03,cross-session,AdaBN
20,16,1,0.0007565329999579262,123,A03,cross-session,AdaBN
21,16,1,0.0007678839999698539,123,A03,cross-session,AdaBN
22,16,1,0.0006057659998077725,123,A03,cross-session,AdaBN
23,16,1,0.0005570459998125443,123,A03,cross-session,AdaBN
24,16,0,0.0005485409999437252,123,A03,cross-session,AdaBN
25,16,1,0.0006761560000541067,123,A03,cross-session,AdaBN
26,16,1,0.0005016520001390745,123,A03,cross-session,AdaBN
27,16,0,0.0004907310001271981,123,A03,cross-session,AdaBN
28,16,0,0.00045322200003283797,123,A03,cross-session,AdaBN
29,16,0,0.00042562199996609706,123,A03,cross-session,AdaBN
30,16,1,0.00046834799991302134,123,A03,cross-session,AdaBN
31,16,1,0.0004601719999755005,123,A03,cross-session,AdaBN
32,16,1,0.0005961389999811217,123,A03,cross-session,AdaBN
33,16,1,0.0004995310000595055,123,A03,cross-session,AdaBN
34,16,1,0.0006885539999075263,123,A03,cross-session,AdaBN
35,16,1,0.000639920999901733,123,A03,cross-session,AdaBN
36,16,1,0.0005757070000527165,123,A03,cross-session,AdaBN
37,16,1,0.0005062139998699422,123,A03,cross-session,AdaBN
38,16,1,0.0005776909999894997,123,A03,cross-session,AdaBN
39,16,0,0.0004379859999517066,123,A03,cross-session,AdaBN
40,16,0,0.00047547200006192725,123,A03,cross-session,AdaBN
41,16,1,0.0004235029998653772,123,A03,cross-session,AdaBN
42,16,0,0.0004076359998634871,123,A03,cross-session,AdaBN
43,16,0,0.00046082199992270034,123,A03,cross-session,AdaBN
44,16,1,0.0004143179999118729,123,A03,cross-session,AdaBN
45,16,1,0.0004134419998536032,123,A03,cross-session,AdaBN
46,16,1,0.00048040100000434904,123,A03,cross-session,AdaBN
47,16,1,0.000542193999990559,123,A03,cross-session,AdaBN
48,16,0,0.000541529999964041,123,A03,cross-session,AdaBN
49,16,0,0.0005520029999388498,123,A03,cross-session,AdaBN
50,16,1,0.0004911380001431098,123,A03,cross-session,AdaBN
51,16,1,0.00035503599997355195,123,A03,cross-session,AdaBN
52,16,1,0.0004303559999243589,123,A03,cross-session,AdaBN
53,16,1,0.0003870770001412893,123,A03,cross-session,AdaBN
54,16,1,0.00042429299992363667,123,A03,cross-session,AdaBN
55,16,1,0.0003644700000222656,123,A03,cross-session,AdaBN
56,16,1,0.0004541950002021622,123,A03,cross-session,AdaBN
57,16,0,0.0004037530000005063,123,A03,cross-session,AdaBN
58,16,0,0.0005361649998576468,123,A03,cross-session,AdaBN
59,16,0,0.0005564210000557068,123,A03,cross-session,AdaBN
60,16,1,0.00042331300005571393,123,A03,cross-session,AdaBN
61,16,1,0.0004889370000000781,123,A03,cross-session,AdaBN
62,16,1,0.0003836829998817848,123,A03,cross-session,AdaBN
63,16,1,0.00039454100010516413,123,A03,cross-session,AdaBN
64,16,0,0.00037803700001859397,123,A03,cross-session,AdaBN
65,16,0,0.00037639700008185173,123,A03,cross-session,AdaBN
66,16,1,0.00044055400007891876,123,A03,cross-session,AdaBN
67,16,1,0.00039864599989414273,123,A03,cross-session,AdaBN
68,16,1,0.0004457230002117285,123,A03,cross-session,AdaBN
69,16,0,0.0003905290000147943,123,A03,cross-session,AdaBN
70,16,1,0.00037009299990131694,123,A03,cross-session,AdaBN
71,16,0,0.0003952859999571956,123,A03,cross-session,AdaBN
72,16,1,0.0003601129999424302,123,A03,cross-session,AdaBN
73,16,1,0.0003859369999190676,123,A03,cross-session,AdaBN
74,16,1,0.0003720479999174131,123,A03,cross-session,AdaBN
75,16,1,0.00035714299997380294,123,A03,cross-session,AdaBN
76,16,1,0.00039342100012618175,123,A03,cross-session,AdaBN
77,16,1,0.0003573519998099073,123,A03,cross-session,AdaBN
78,16,1,0.0003891559999829042,123,A03,cross-session,AdaBN
79,16,1,0.0003836040000351204,123,A03,cross-session,AdaBN
80,16,1,0.00041390499995941354,123,A03,cross-session,AdaBN
81,16,0,0.00041914700000234006,123,A03,cross-session,AdaBN
82,16,1,0.00037700100006077264,123,A03,cross-session,AdaBN
83,16,1,0.00037944299992886954,123,A03,cross-session,AdaBN
84,16,1,0.0003592169998682948,123,A03,cross-session,AdaBN
85,16,0,0.00036444800002755073,123,A03,cross-session,AdaBN
86,16,1,0.0003588790000321751,123,A03,cross-session,AdaBN
87,16,1,0.0003572210000584164,123,A03,cross-session,AdaBN
88,16,1,0.000407253999810564,123,A03,cross-session,AdaBN
89,16,0,0.0003714929998750449,123,A03,cross-session,AdaBN
90,16,1,0.0003665560000172263,123,A03,cross-session,AdaBN
91,16,0,0.000460771999996723,123,A03,cross-session,AdaBN
92,16,1,0.0004360570001153974,123,A03,cross-session,AdaBN
93,16,1,0.0004286750001938344,123,A03,cross-session,AdaBN
94,16,0,0.00035404200002631114,123,A03,cross-session,AdaBN
95,16,1,0.00035676899983627663,123,A03,cross-session,AdaBN
96,16,1,0.00037645899988092424,123,A03,cross-session,AdaBN
97,16,1,0.00035974200000055134,123,A03,cross-session,AdaBN
98,16,0,0.00035895500013793935,123,A03,cross-session,AdaBN
99,16,1,0.00036484099996414443,123,A03,cross-session,AdaBN
100,16,1,0.00035342700016371964,123,A03,cross-session,AdaBN
101,16,0,0.0004013660000055097,123,A03,cross-session,AdaBN
102,16,1,0.0004553799999484909,123,A03,cross-session,AdaBN
103,16,0,0.00041832500005511974,123,A03,cross-session,AdaBN
104,16,1,0.00038982500018391875,123,A03,cross-session,AdaBN
105,16,1,0.00036985400015510095,123,A03,cross-session,AdaBN
106,16,0,0.00035703200001080404,123,A03,cross-session,AdaBN
107,16,0,0.00036127800012764055,123,A03,cross-session,AdaBN
108,16,0,0.0003602100000534847,123,A03,cross-session,AdaBN
109,16,0,0.000364343999990524,123,A03,cross-session,AdaBN
110,16,0,0.0003582169999845064,123,A03,cross-session,AdaBN
111,16,1,0.0003681220000544272,123,A03,cross-session,AdaBN
112,16,1,0.00036362299988468294,123,A03,cross-session,AdaBN
113,16,1,0.0004626069999176252,123,A03,cross-session,AdaBN
114,16,1,0.00039907200016386923,123,A03,cross-session,AdaBN
115,16,0,0.0003857110000353714,123,A03,cross-session,AdaBN
116,16,1,0.0003920159999779571,123,A03,cross-session,AdaBN
117,16,0,0.0003585950000797311,123,A03,cross-session,AdaBN
118,16,1,0.00039377199982482125,123,A03,cross-session,AdaBN
119,16,0,0.00037095400011821766,123,A03,cross-session,AdaBN
120,16,1,0.00037556899997071014,123,A03,cross-session,AdaBN
121,16,1,0.00040770200007500534,123,A03,cross-session,AdaBN
122,16,0,0.00038707099997736805,123,A03,cross-session,AdaBN
123,16,1,0.0004373120000309427,123,A03,cross-session,AdaBN
124,16,1,0.0004635650000182068,123,A03,cross-session,AdaBN
125,16,1,0.0003603740001381084,123,A03,cross-session,AdaBN
126,16,0,0.0003766300001188938,123,A03,cross-session,AdaBN
127,16,1,0.0003925229998458235,123,A03,cross-session,AdaBN
128,16,0,0.00035718300000553427,123,A03,cross-session,AdaBN
129,16,0,0.00039293500003623194,123,A03,cross-session,AdaBN
130,16,1,0.00039310500005740323,123,A03,cross-session,AdaBN
131,16,1,0.00035681599979398015,123,A03,cross-session,AdaBN
132,16,1,0.00036616399984268355,123,A03,cross-session,AdaBN
133,16,1,0.00041113599991149385,123,A03,cross-session,AdaBN
134,16,1,0.00044559799994203786,123,A03,cross-session,AdaBN
135,16,1,0.0003837239999029407,123,A03,cross-session,AdaBN
136,16,0,0.0003940430001421191,123,A03,cross-session,AdaBN
137,16,0,0.00036149600009593996,123,A03,cross-session,AdaBN
138,16,1,0.00038788400001976697,123,A03,cross-session,AdaBN
139,16,1,0.000404518999857828,123,A03,cross-session,AdaBN
140,16,1,0.0003616579999743408,123,A03,cross-session,AdaBN
141,16,0,0.00036621100002776075,123,A03,cross-session,AdaBN
142,16,1,0.00036327099996924517,123,A03,cross-session,AdaBN
143,16,1,0.00035111900001538743,123,A03,cross-session,AdaBN
144,16,0,0.0004121150000173657,123,A03,cross-session,AdaBN
145,16,0,0.0004695889999766223,123,A03,cross-session,AdaBN
146,16,1,0.00043087400013064325,123,A03,cross-session,AdaBN
147,16,0,0.00036199300006956037,123,A03,cross-session,AdaBN
148,16,0,0.0003660710001440748,123,A03,cross-session,AdaBN
149,16,1,0.00038224800005082216,123,A03,cross-session,AdaBN
150,16,1,0.00035947699984717474,123,A03,cross-session,AdaBN
151,16,1,0.00036970099995414785,123,A03,cross-session,AdaBN
152,16,0,0.000393257999803609,123,A03,cross-session,AdaBN
153,16,1,0.0003589190000639064,123,A03,cross-session,AdaBN
154,16,1,0.0004386719999729394,123,A03,cross-session,AdaBN
155,16,1,0.0004135290000704117,123,A03,cross-session,AdaBN
156,16,1,0.0004116589998375275,123,A03,cross-session,AdaBN
157,16,1,0.00038353199988705455,123,A03,cross-session,AdaBN
158,16,0,0.00036478599986367044,123,A03,cross-session,AdaBN
159,16,1,0.0003563870000107272,123,A03,cross-session,AdaBN
160,16,1,0.00036891100012326206,123,A03,cross-session,AdaBN
161,16,1,0.0003606630000376754,123,A03,cross-session,AdaBN
162,16,1,0.00035487199988892826,123,A03,cross-session,AdaBN
163,16,1,0.0003614309998738463,123,A03,cross-session,AdaBN
164,16,0,0.0003856189998714399,123,A03,cross-session,AdaBN
165,16,1,0.0003735959999175975,123,A03,cross-session,AdaBN
166,16,1,0.0003589400000691967,123,A03,cross-session,AdaBN
167,16,1,0.0003633100000115519,123,A03,cross-session,AdaBN
168,16,1,0.0003558930000053806,123,A03,cross-session,AdaBN
169,16,1,0.00035685200009538676,123,A03,cross-session,AdaBN
170,16,1,0.00035037700013162976,123,A03,cross-session,AdaBN
171,16,0,0.0003649789998689812,123,A03,cross-session,AdaBN
172,16,1,0.0003609190000588569,123,A03,cross-session,AdaBN
173,16,1,0.0003584890000638552,123,A03,cross-session,AdaBN
174,16,1,0.0003809629999977915,123,A03,cross-session,AdaBN
175,16,1,0.0003891500000463566,123,A03,cross-session,AdaBN
176,16,1,0.0003896900000199821,123,A03,cross-session,AdaBN
177,16,1,0.00036052299992661574,123,A03,cross-session,AdaBN
178,16,1,0.0003649590000804892,123,A03,cross-session,AdaBN
179,16,0,0.0003588859999581473,123,A03,cross-session,AdaBN
180,16,0,0.00035912199996346317,123,A03,cross-session,AdaBN
181,16,1,0.0003550730000370095,123,A03,cross-session,AdaBN
182,16,0,0.00035193200005778635,123,A03,cross-session,AdaBN
183,16,1,0.00036704300009660074,123,A03,cross-session,AdaBN
184,16,1,0.0003630809999322082,123,A03,cross-session,AdaBN
185,16,1,0.0003519679999044456,123,A03,cross-session,AdaBN
186,16,0,0.0004014199998891854,123,A03,cross-session,AdaBN
187,16,1,0.0003586709999581217,123,A03,cross-session,AdaBN
188,16,0,0.00035692799997377733,123,A03,cross-session,AdaBN
189,16,1,0.0003571269999156357,123,A03,cross-session,AdaBN
190,16,1,0.00036328399983176496,123,A03,cross-session,AdaBN
191,16,1,0.0003661829998691246,123,A03,cross-session,AdaBN
192,16,0,0.00037246299984872167,123,A03,cross-session,AdaBN
193,16,1,0.0003526860000420129,123,A03,cross-session,AdaBN
194,16,1,0.0003625409999585827,123,A03,cross-session,AdaBN
195,16,0,0.0003599650001433474,123,A03,cross-session,AdaBN
196,16,0,0.0003963350000049104,123,A03,cross-session,AdaBN
197,16,1,0.0003662230001282296,123,A03,cross-session,AdaBN
198,16,0,0.00035886699993170623,123,A03,cross-session,AdaBN
199,16,1,0.0003550579999682668,123,A03,cross-session,AdaBN
200,16,1,0.0003625880001436599,123,A03,cross-session,AdaBN
201,16,1,0.00036730800002260366,123,A03,cross-session,AdaBN
202,16,1,0.00036393999994288606,123,A03,cross-session,AdaBN
203,16,1,0.00035359900016374013,123,A03,cross-session,AdaBN
204,16,1,0.00038495500007229566,123,A03,cross-session,AdaBN
205,16,1,0.0003650209998795617,123,A03,cross-session,AdaBN
206,16,0,0.00036522000004879374,123,A03,cross-session,AdaBN
207,16,1,0.0003747590001239587,123,A03,cross-session,AdaBN
208,16,0,0.00036620500009121315,123,A03,cross-session,AdaBN
209,16,0,0.00035498200008987624,123,A03,cross-session,AdaBN
210,16,1,0.00040355200007979874,123,A03,cross-session,AdaBN
211,16,1,0.00035348899996279215,123,A03,cross-session,AdaBN
212,16,1,0.0003541720000157511,123,A03,cross-session,AdaBN
213,16,1,0.0003620820000378444,123,A03,cross-session,AdaBN
214,16,1,0.0003590320000057545,123,A03,cross-session,AdaBN
215,16,0,0.0003536690001055831,123,A03,cross-session,AdaBN
216,16,1,0.00035950500000581087,123,A03,cross-session,AdaBN
217,16,1,0.00040278300002682954,123,A03,cross-session,AdaBN
218,16,1,0.0003677390000120795,123,A03,cross-session,AdaBN
219,16,0,0.00035613899990494247,123,A03,cross-session,AdaBN
220,16,0,0.00037701599990214163,123,A03,cross-session,AdaBN
221,16,1,0.00037211600010778056,123,A03,cross-session,AdaBN
222,16,1,0.00036611099994843244,123,A03,cross-session,AdaBN
223,16,1,0.00035592100016401673,123,A03,cross-session,AdaBN
224,16,0,0.0003670010000860202,123,A03,cross-session,AdaBN
225,16,0,0.00041589099987504596,123,A03,cross-session,AdaBN
226,16,1,0.00036068800000066403,123,A03,cross-session,AdaBN
227,16,0,0.0004168640000443702,123,A03,cross-session,AdaBN
228,16,1,0.0003756309999971563,123,A03,cross-session,AdaBN
229,16,0,0.00042944899996655295,123,A03,cross-session,AdaBN
230,16,1,0.0004356740000730497,123,A03,cross-session,AdaBN
231,16,1,0.00035918300000048475,123,A03,cross-session,AdaBN
232,16,0,0.000380781000103525,123,A03,cross-session,AdaBN
233,16,1,0.00044144499997855746,123,A03,cross-session,AdaBN
234,16,1,0.0004326429998400272,123,A03,cross-session,AdaBN
235,16,1,0.0003942400001051283,123,A03,cross-session,AdaBN
236,16,1,0.0004143010000916547,123,A03,cross-session,AdaBN
237,16,1,0.00038994000010461605,123,A03,cross-session,AdaBN
238,16,1,0.00041522899982737727,123,A03,cross-session,AdaBN
239,16,0,0.00045944499993311183,123,A03,cross-session,AdaBN
240,16,0,0.0003570960000160994,123,A03,cross-session,AdaBN
241,16,1,0.0003692759999012196,123,A03,cross-session,AdaBN
242,16,1,0.0003632539999216533,123,A03,cross-session,AdaBN
243,16,1,0.0003612079999584239,123,A03,cross-session,AdaBN
244,16,1,0.00036316899991106766,123,A03,cross-session,AdaBN
245,16,1,0.00036041099997419224,123,A03,cross-session,AdaBN
246,16,1,0.00038313599998218706,123,A03,cross-session,AdaBN
247,16,1,0.0003628160000062053,123,A03,cross-session,AdaBN
248,16,0,0.00037501499991776654,123,A03,cross-session,AdaBN
249,16,1,0.00042468100014048105,123,A03,cross-session,AdaBN
250,16,1,0.0004889300000741059,123,A03,cross-session,AdaBN
251,16,1,0.00037042699977973825,123,A03,cross-session,AdaBN
252,16,1,0.0003999939999630442,123,A03,cross-session,AdaBN
253,16,1,0.0003923439999198308,123,A03,cross-session,AdaBN
254,16,1,0.0004103710000435967,123,A03,cross-session,AdaBN
255,16,1,0.00037367100003393716,123,A03,cross-session,AdaBN
256,16,1,0.00040561999981036934,123,A03,cross-session,AdaBN
257,16,1,0.00037078600007589557,123,A03,cross-session,AdaBN
258,16,1,0.0003649540001333662,123,A03,cross-session,AdaBN
259,16,1,0.00039675299990449275,123,A03,cross-session,AdaBN
260,16,0,0.00045429400006469223,123,A03,cross-session,AdaBN
261,16,1,0.00040360699995289906,123,A03,cross-session,AdaBN
262,16,1,0.00039459799995711364,123,A03,cross-session,AdaBN
263,16,1,0.00036263099991629133,123,A03,cross-session,AdaBN
264,16,0,0.0003645260001121642,123,A03,cross-session,AdaBN
265,16,1,0.00037451100001817395,123,A03,cross-session,AdaBN
266,16,1,0.0003626380000696372,123,A03,cross-session,AdaBN
267,16,0,0.0003727629998593329,123,A03,cross-session,AdaBN
268,16,1,0.00036650999982157373,123,A03,cross-session,AdaBN
269,16,1,0.0003597779998472106,123,A03,cross-session,AdaBN
270,16,1,0.00037412300002870325,123,A03,cross-session,AdaBN
271,16,1,0.00048798499983604415,123,A03,cross-session,AdaBN
272,16,1,0.0003858239999772195,123,A03,cross-session,AdaBN
273,16,1,0.0004241309998178622,123,A03,cross-session,AdaBN
274,16,1,0.0003676230001019576,123,A03,cross-session,AdaBN
275,16,1,0.0003508540000893845,123,A03,cross-session,AdaBN
276,16,1,0.000366078000070047,123,A03,cross-session,AdaBN
277,16,0,0.0003676789999644825,123,A03,cross-session,AdaBN
278,16,1,0.0003609709999636834,123,A03,cross-session,AdaBN
279,16,1,0.0003590999999687483,123,A03,cross-session,AdaBN
280,16,1,0.0003613789999690198,123,A03,cross-session,AdaBN
281,16,0,0.00042279700005565246,123,A03,cross-session,AdaBN
282,16,0,0.0004309739999825979,123,A03,cross-session,AdaBN
283,16,0,0.0004424230000950047,123,A03,cross-session,AdaBN
284,16,1,0.0003604809999160352,123,A03,cross-session,AdaBN
285,16,0,0.0003611580000324466,123,A03,cross-session,AdaBN
286,16,1,0.000354083999809518,123,A03,cross-session,AdaBN
287,16,1,0.00036615899989556056,123,A03,cross-session,AdaBN
0,1,1,0.002140179000207354,123,A04,cross-session,AdaBN
1,2,0,0.0020617519999177603,123,A04,cross-session,AdaBN
2,3,1,0.0020257210001091153,123,A04,cross-session,AdaBN
3,4,1,0.0019220359999962966,123,A04,cross-session,AdaBN
4,5,0,0.002147691999880408,123,A04,cross-session,AdaBN
5,6,1,0.0009773829999630834,123,A04,cross-session,AdaBN
6,7,1,0.0008134740000969032,123,A04,cross-session,AdaBN
7,8,0,0.0007804750000559579,123,A04,cross-session,AdaBN
8,9,1,0.0008064109999850189,123,A04,cross-session,AdaBN
9,10,0,0.0008171090000814729,123,A04,cross-session,AdaBN
10,11,1,0.0007996540000476671,123,A04,cross-session,AdaBN
11,12,0,0.0008424069999364292,123,A04,cross-session,AdaBN
12,13,0,0.0008707059998869227,123,A04,cross-session,AdaBN
13,14,0,0.0007811929999661515,123,A04,cross-session,AdaBN
14,15,1,0.000753786999894146,123,A04,cross-session,AdaBN
15,16,0,0.0008597799999279232,123,A04,cross-session,AdaBN
16,16,0,0.0007658860001811263,123,A04,cross-session,AdaBN
17,16,0,0.000754683999957706,123,A04,cross-session,AdaBN
18,16,1,0.0007879040001625981,123,A04,cross-session,AdaBN
19,16,0,0.0007764649999444373,123,A04,cross-session,AdaBN
20,16,0,0.0007357039999078552,123,A04,cross-session,AdaBN
21,16,0,0.0005037040000388515,123,A04,cross-session,AdaBN
22,16,1,0.0006148459999621991,123,A04,cross-session,AdaBN
23,16,1,0.0006773389998215862,123,A04,cross-session,AdaBN
24,16,1,0.0005293720000736357,123,A04,cross-session,AdaBN
25,16,0,0.0004986280000593979,123,A04,cross-session,AdaBN
26,16,0,0.0005383410000376898,123,A04,cross-session,AdaBN
27,16,0,0.0004906170001959254,123,A04,cross-session,AdaBN
28,16,1,0.0005471609999858629,123,A04,cross-session,AdaBN
29,16,0,0.0005343490001905593,123,A04,cross-session,AdaBN
30,16,0,0.0005637440001464711,123,A04,cross-session,AdaBN
31,16,1,0.0007296249998489657,123,A04,cross-session,AdaBN
32,16,1,0.0007253750000018044,123,A04,cross-session,AdaBN
33,16,0,0.0006350050000492047,123,A04,cross-session,AdaBN
34,16,1,0.0005040940000071714,123,A04,cross-session,AdaBN
35,16,1,0.0005531619999601389,123,A04,cross-session,AdaBN
36,16,1,0.000519086999929641,123,A04,cross-session,AdaBN
37,16,0,0.0005021910001232754,123,A04,cross-session,AdaBN
38,16,1,0.0005762169998888567,123,A04,cross-session,AdaBN
39,16,1,0.0005508140000074491,123,A04,cross-session,AdaBN
40,16,1,0.0005686189999778435,123,A04,cross-session,AdaBN
41,16,0,0.0006405409999388212,123,A04,cross-session,AdaBN
42,16,1,0.0006006479998177383,123,A04,cross-session,AdaBN
43,16,0,0.0006273490000694437,123,A04,cross-session,AdaBN
44,16,1,0.0006762680000065302,123,A04,cross-session,AdaBN
45,16,1,0.0006955890000881482,123,A04,cross-session,AdaBN
46,16,0,0.0007144770002014411,123,A04,cross-session,AdaBN
47,16,0,0.0007619339999109798,123,A04,cross-session,AdaBN
48,16,0,0.0007762120001189032,123,A04,cross-session,AdaBN
49,16,1,0.0008396340001581848,123,A04,cross-session,AdaBN
50,16,0,0.0008484330001010676,123,A04,cross-session,AdaBN
51,16,1,0.0008156579999649693,123,A04,cross-session,AdaBN
52,16,1,0.0008175890000075015,123,A04,cross-session,AdaBN
53,16,0,0.0007913459999144834,123,A04,cross-session,AdaBN
54,16,1,0.0007528590001584234,123,A04,cross-session,AdaBN
55,16,1,0.0007615600000008271,123,A04,cross-session,AdaBN
56,16,0,0.0007352000000082626,123,A04,cross-session,AdaBN
57,16,0,0.0007094469999628927,123,A04,cross-session,AdaBN
58,16,1,0.000691318000008323,123,A04,cross-session,AdaBN
59,16,0,0.0006665999999313499,123,A04,cross-session,AdaBN
60,16,0,0.0006704960001115978,123,A04,cross-session,AdaBN
61,16,1,0.000672316999953182,123,A04,cross-session,AdaBN
62,16,0,0.0006158450000839366,123,A04,cross-session,AdaBN
63,16,1,0.0006083789999138389,123,A04,cross-session,AdaBN
64,16,1,0.0006642380001267156,123,A04,cross-session,AdaBN
65,16,1,0.0005862799998794799,123,A04,cross-session,AdaBN
66,16,1,0.000592099999948914,123,A04,cross-session,AdaBN
67,16,0,0.000579200999936802,123,A04,cross-session,AdaBN
68,16,1,0.0005497500001183653,123,A04,cross-session,AdaBN
69,16,0,0.0005379669999001635,123,A04,cross-session,AdaBN
70,16,1,0.0005349589998786541,123,A04,cross-session,AdaBN
71,16,1,0.0005138649999025802,123,A04,cross-session,AdaBN
72,16,1,0.0005093330000818241,123,A04,cross-session,AdaBN
73,16,0,0.0004940129999795317,123,A04,cross-session,AdaBN
74,16,1,0.0005158110000138549,123,A04,cross-session,AdaBN
75,16,1,0.0005145489999449637,123,A04,cross-session,AdaBN
76,16,1,0.0004433019998941745,123,A04,cross-session,AdaBN
77,16,1,0.0004603929999120737,123,A04,cross-session,AdaBN
78,16,0,0.00043973500009997224,123,A04,cross-session,AdaBN
79,16,1,0.0004466880000109086,123,A04,cross-session,AdaBN
80,16,1,0.00041979700017691357,123,A04,cross-session,AdaBN
81,16,0,0.00042883900005108444,123,A04,cross-session,AdaBN
82,16,0,0.00044516100001601444,123,A04,cross-session,AdaBN
83,16,0,0.00042500200015638256,123,A04,cross-session,AdaBN
84,16,0,0.00044632599997385114,123,A04,cross-session,AdaBN
85,16,0,0.0003834970000298199,123,A04,cross-session,AdaBN
86,16,0,0.0004685289998178632,123,A04,cross-session,AdaBN
87,16,0,0.0004541920000065147,123,A04,cross-session,AdaBN
88,16,1,0.0003681710002183536,123,A04,cross-session,AdaBN
89,16,0,0.00043620299993563094,123,A04,cross-session,AdaBN
90,16,0,0.00035182400006306125,123,A04,cross-session,AdaBN
91,16,0,0.0003869399999985035,123,A04,cross-session,AdaBN
92,16,0,0.00039355199987767264,123,A04,cross-session,AdaBN
93,16,0,0.0003649029999905906,123,A04,cross-session,AdaBN
94,16,1,0.00041042999987439543,123,A04,cross-session,AdaBN
95,16,0,0.00038193899990801583,123,A04,cross-session,AdaBN
96,16,0,0.00042198699998152733,123,A04,cross-session,AdaBN
97,16,1,0.0004589920001762948,123,A04,cross-session,AdaBN
98,16,1,0.0003771990000132064,123,A04,cross-session,AdaBN
99,16,0,0.000373065999838218,123,A04,cross-session,AdaBN
100,16,1,0.0003558280000106606,123,A04,cross-session,AdaBN
101,16,1,0.0004085570001279848,123,A04,cross-session,AdaBN
102,16,0,0.0003870930001994566,123,A04,cross-session,AdaBN
103,16,1,0.00037434199998642725,123,A04,cross-session,AdaBN
104,16,1,0.00037129099996491277,123,A04,cross-session,AdaBN
105,16,1,0.00036699799989037274,123,A04,cross-session,AdaBN
106,16,1,0.00036922099980074563,123,A04,cross-session,AdaBN
107,16,0,0.00035946699995292875,123,A04,cross-session,AdaBN
108,16,1,0.0004197399998702167,123,A04,cross-session,AdaBN
109,16,0,0.00046855100003995176,123,A04,cross-session,AdaBN
110,16,0,0.00039266699991458154,123,A04,cross-session,AdaBN
111,16,1,0.0003963980000207812,123,A04,cross-session,AdaBN
112,16,0,0.0003511680001793138,123,A04,cross-session,AdaBN
113,16,1,0.0003608859999530978,123,A04,cross-session,AdaBN
114,16,1,0.000373060999891095,123,A04,cross-session,AdaBN
115,16,1,0.00036498600002232706,123,A04,cross-session,AdaBN
116,16,1,0.0003761369998755981,123,A04,cross-session,AdaBN
117,16,0,0.00035536399991542567,123,A04,cross-session,AdaBN
118,16,0,0.00038131700011945213,123,A04,cross-session,AdaBN
119,16,0,0.00037257500002851884,123,A04,cross-session,AdaBN
120,16,0,0.000360882999984824,123,A04,cross-session,AdaBN
121,16,1,0.0004437039999629633,123,A04,cross-session,AdaBN
122,16,0,0.00043503200004124665,123,A04,cross-session,AdaBN
123,16,1,0.0004046949998155469,123,A04,cross-session,AdaBN
124,16,1,0.00038446300004579825,123,A04,cross-session,AdaBN
125,16,0,0.0003762890000871266,123,A04,cross-session,AdaBN
126,16,1,0.0003960089998145122,123,A04,cross-session,AdaBN
127,16,1,0.00035510899988366873,123,A04,cross-session,AdaBN
128,16,1,0.0004070669999691745,123,A04,cross-session,AdaBN
129,16,1,0.00039104100005715736,123,A04,cross-session,AdaBN
130,16,0,0.00039448799998353934,123,A04,cross-session,AdaBN
131,16,0,0.0004397620000418101,123,A04,cross-session,AdaBN
132,16,0,0.0004142849998061138,123,A04,cross-session,AdaBN
133,16,1,0.00039470599995183875,123,A04,cross-session,AdaBN
134,16,1,0.00038959400012572587,123,A04,cross-session,AdaBN
135,16,1,0.00036022400013280276,123,A04,cross-session,AdaBN
136,16,1,0.00038403600001402083,123,A04,cross-session,AdaBN
137,16,0,0.00037434399996527645,123,A04,cross-session,AdaBN
138,16,1,0.0003659760000118695,123,A04,cross-session,AdaBN
139,16,1,0.00036954400002287,123,A04,cross-session,AdaBN
140,16,1,0.00035842099987348774,123,A04,cross-session,AdaBN
141,16,1,0.00036239700011719833,123,A04,cross-session,AdaBN
142,16,0,0.0003840409999611438,123,A04,cross-session,AdaBN
143,16,1,0.0004465829999844573,123,A04,cross-session,AdaBN
144,16,1,0.000416294000160633,123,A04,cross-session,AdaBN
145,16,1,0.00039668900012657105,123,A04,cross-session,AdaBN
146,16,1,0.00036404100001163897,123,A04,cross-session,AdaBN
147,16,1,0.0003613149999637244,123,A04,cross-session,AdaBN
148,16,0,0.00037169099982747866,123,A04,cross-session,AdaBN
149,16,0,0.0003785839999181917,123,A04,cross-session,AdaBN
150,16,0,0.0003725349999967875,123,A04,cross-session,AdaBN
151,16,1,0.00036627899999075453,123,A04,cross-session,AdaBN
152,16,0,0.0003606129998843244,123,A04,cross-session,AdaBN
153,16,0,0.0004116489999432815,123,A04,cross-session,AdaBN
154,16,1,0.0004176850000021659,123,A04,cross-session,AdaBN
155,16,1,0.0004486269999688375,123,A04,cross-session,AdaBN
156,16,0,0.0003889879999405821,123,A04,cross-session,AdaBN
157,16,0,0.00035990099991067837,123,A04,cross-session,AdaBN
158,16,0,0.00037102200008121144,123,A04,cross-session,AdaBN
159,16,1,0.00040649599986863905,123,A04,cross-session,AdaBN
160,16,0,0.0003682310000385769,123,A04,cross-session,AdaBN
161,16,0,0.00038220400006139243,123,A04,cross-session,AdaBN
162,16,0,0.0004028070000003936,123,A04,cross-session,AdaBN
163,16,0,0.0003597550000904448,123,A04,cross-session,AdaBN
164,16,1,0.0004623239999546058,123,A04,cross-session,AdaBN
165,16,1,0.00044631600007960515,123,A04,cross-session,AdaBN
166,16,0,0.0004001139998308645,123,A04,cross-session,AdaBN
167,16,1,0.0003737769998224394,123,A04,cross-session,AdaBN
168,16,1,0.0003662399999484478,123,A04,cross-session,AdaBN
169,16,1,0.0003561749999789754,123,A04,cross-session,AdaBN
170,16,0,0.00040666999984750873,123,A04,cross-session,AdaBN
171,16,1,0.00035769700002674654,123,A04,cross-session,AdaBN
172,16,0,0.00035669700014295813,123,A04,cross-session,AdaBN
173,16,1,0.0004292959999929735,123,A04,cross-session,AdaBN
174,16,0,0.00036377200012793764,123,A04,cross-session,AdaBN
175,16,1,0.00040345100001104583,123,A04,cross-session,AdaBN
176,16,1,0.0004997609999009001,123,A04,cross-session,AdaBN
177,16,0,0.00041822999992291443,123,A04,cross-session,AdaBN
178,16,0,0.0003772999998545856,123,A04,cross-session,AdaBN
179,16,1,0.0004017019998627802,123,A04,cross-session,AdaBN
180,16,1,0.00035941700002695143,123,A04,cross-session,AdaBN
181,16,0,0.0003867739999350306,123,A04,cross-session,AdaBN
182,16,0,0.00038855399998283247,123,A04,cross-session,AdaBN
183,16,1,0.00034970600017913966,123,A04,cross-session,AdaBN
184,16,0,0.000371506999954363,123,A04,cross-session,AdaBN
185,16,0,0.000409759000149279,123,A04,cross-session,AdaBN
186,16,0,0.0004210179999972752,123,A04,cross-session,AdaBN
187,16,1,0.000442194000015661,123,A04,cross-session,AdaBN
188,16,1,0.00036045000001649896,123,A04,cross-session,AdaBN
189,16,1,0.00036083500003769586,123,A04,cross-session,AdaBN
190,16,0,0.00035757399996327877,123,A04,cross-session,AdaBN
191,16,0,0.0003603220000059082,123,A04,cross-session,AdaBN
192,16,0,0.00036228899989509955,123,A04,cross-session,AdaBN
193,16,1,0.00036975600005462184,123,A04,cross-session,AdaBN
194,16,1,0.0003612450000218814,123,A04,cross-session,AdaBN
195,16,0,0.00036649899993790314,123,A04,cross-session,AdaBN
196,16,0,0.0003735750001396809,123,A04,cross-session,AdaBN
197,16,0,0.0004143099999964761,123,A04,cross-session,AdaBN
198,16,0,0.0003927770001155295,123,A04,cross-session,AdaBN
199,16,0,0.00038790400003563263,123,A04,cross-session,AdaBN
200,16,0,0.0003499630001897458,123,A04,cross-session,AdaBN
201,16,0,0.00043602799996733665,123,A04,cross-session,AdaBN
202,16,0,0.00042391900001348404,123,A04,cross-session,AdaBN
203,16,0,0.00035773500007962866,123,A04,cross-session,AdaBN
204,16,0,0.0003708809999807272,123,A04,cross-session,AdaBN
205,16,1,0.0003715290001764515,123,A04,cross-session,AdaBN
206,16,0,0.0003656449998743483,123,A04,cross-session,AdaBN
207,16,0,0.0004175060000761732,123,A04,cross-session,AdaBN
208,16,1,0.00045183300017015426,123,A04,cross-session,AdaBN
209,16,1,0.0004525870001543808,123,A04,cross-session,AdaBN
210,16,1,0.00042186499990748416,123,A04,cross-session,AdaBN
211,16,0,0.00037660400016648055,123,A04,cross-session,AdaBN
212,16,1,0.0003607520000059594,123,A04,cross-session,AdaBN
213,16,1,0.00038285100004031847,123,A04,cross-session,AdaBN
214,16,1,0.00046491700004480663,123,A04,cross-session,AdaBN
215,16,1,0.00042972399978680187,123,A04,cross-session,AdaBN
216,16,1,0.00046778799992353015,123,A04,cross-session,AdaBN
217,16,1,0.00037936300009278057,123,A04,cross-session,AdaBN
218,16,1,0.0004498280000007071,123,A04,cross-session,AdaBN
219,16,0,0.0004280349999135069,123,A04,cross-session,AdaBN
220,16,1,0.0003873789999033761,123,A04,cross-session,AdaBN
221,16,0,0.00035965900019618857,123,A04,cross-session,AdaBN
222,16,1,0.0004131000000597851,123,A04,cross-session,AdaBN
223,16,1,0.0003868169999350357,123,A04,cross-session,AdaBN
224,16,1,0.0003666899999643647,123,A04,cross-session,AdaBN
225,16,1,0.0003993979998995201,123,A04,cross-session,AdaBN
226,16,0,0.0003857140000036452,123,A04,cross-session,AdaBN
227,16,0,0.00036350699997456104,123,A04,cross-session,AdaBN
228,16,0,0.0004199449999759963,123,A04,cross-session,AdaBN
229,16,0,0.00044952100006412365,123,A04,cross-session,AdaBN
230,16,0,0.0004127719998905377,123,A04,cross-session,AdaBN
231,16,1,0.00040846800015970075,123,A04,cross-session,AdaBN
232,16,0,0.0003687840001020959,123,A04,cross-session,AdaBN
233,16,1,0.00037352399999690533,123,A04,cross-session,AdaBN
234,16,1,0.0003642930000751221,123,A04,cross-session,AdaBN
235,16,1,0.00038607000010415504,123,A04,cross-session,AdaBN
236,16,1,0.00036351599987938243,123,A04,cross-session,AdaBN
237,16,0,0.0003583700001854595,123,A04,cross-session,AdaBN
238,16,1,0.00044505699997898773,123,A04,cross-session,AdaBN
239,16,0,0.0004412589998992189,123,A04,cross-session,AdaBN
240,16,1,0.00040510799999537994,123,A04,cross-session,AdaBN
241,16,1,0.00035249999996267434,123,A04,cross-session,AdaBN
242,16,0,0.00036768400013897917,123,A04,cross-session,AdaBN
243,16,1,0.00036095699988436536,123,A04,cross-session,AdaBN
244,16,0,0.00035258800016890746,123,A04,cross-session,AdaBN
245,16,1,0.00036893199990117864,123,A04,cross-session,AdaBN
246,16,1,0.00036245399996914784,123,A04,cross-session,AdaBN
247,16,0,0.00036095500013288984,123,A04,cross-session,AdaBN
248,16,0,0.0003593170001749968,123,A04,cross-session,AdaBN
249,16,1,0.0004648710000765277,123,A04,cross-session,AdaBN
250,16,0,0.00048342300010517647,123,A04,cross-session,AdaBN
251,16,0,0.00044857500006401096,123,A04,cross-session,AdaBN
252,16,1,0.00037711899994974374,123,A04,cross-session,AdaBN
253,16,0,0.00035725599991565105,123,A04,cross-session,AdaBN
254,16,0,0.00040072699994198047,123,A04,cross-session,AdaBN
255,16,0,0.0004101540000647219,123,A04,cross-session,AdaBN
256,16,1,0.0003927870000097755,123,A04,cross-session,AdaBN
257,16,0,0.0004013180000583816,123,A04,cross-session,AdaBN
258,16,1,0.0003861570000935899,123,A04,cross-session,AdaBN
259,16,0,0.00037086299994371075,123,A04,cross-session,AdaBN
260,16,1,0.00042628799997146416,123,A04,cross-session,AdaBN
261,16,1,0.0004887820000476495,123,A04,cross-session,AdaBN
262,16,0,0.0003974480000579206,123,A04,cross-session,AdaBN
263,16,0,0.00044614800003728305,123,A04,cross-session,AdaBN
264,16,1,0.0003899749999618507,123,A04,cross-session,AdaBN
265,16,1,0.0003620160000536998,123,A04,cross-session,AdaBN
266,16,0,0.0004169569999703526,123,A04,cross-session,AdaBN
267,16,0,0.0003669030002129148,123,A04,cross-session,AdaBN
268,16,1,0.0003663979998691502,123,A04,cross-session,AdaBN
269,16,0,0.0004266900000402529,123,A04,cross-session,AdaBN
270,16,0,0.0004483909999635216,123,A04,cross-session,AdaBN
271,16,1,0.0004690200000823097,123,A04,cross-session,AdaBN
272,16,0,0.00040578599987384223,123,A04,cross-session,AdaBN
273,16,1,0.00035515200011104753,123,A04,cross-session,AdaBN
274,16,0,0.00040028400007940945,123,A04,cross-session,AdaBN
275,16,0,0.00038900799995644775,123,A04,cross-session,AdaBN
276,16,0,0.00035895600012736395,123,A04,cross-session,AdaBN
277,16,1,0.0003837280000880128,123,A04,cross-session,AdaBN
278,16,0,0.00039857899992057355,123,A04,cross-session,AdaBN
279,16,0,0.00036548200000652287,123,A04,cross-session,AdaBN
280,16,0,0.0003840870001567964,123,A04,cross-session,AdaBN
281,16,1,0.00041963900002883747,123,A04,cross-session,AdaBN
282,16,0,0.00047354200000881974,123,A04,cross-session,AdaBN
283,16,0,0.000413819000186777,123,A04,cross-session,AdaBN
284,16,0,0.00040361700007451873,123,A04,cross-session,AdaBN
285,16,0,0.0003732019999915792,123,A04,cross-session,AdaBN
286,16,0,0.0004139899999699992,123,A04,cross-session,AdaBN
287,16,1,0.0003984249999575695,123,A04,cross-session,AdaBN
0,1,0,0.0015137190000586997,123,A05,cross-session,AdaBN
1,2,0,0.002237509999986287,123,A05,cross-session,AdaBN
2,3,1,0.0019441829999777838,123,A05,cross-session,AdaBN
3,4,1,0.0018883730001562071,123,A05,cross-session,AdaBN
4,5,0,0.0019561999999950785,123,A05,cross-session,AdaBN
5,6,1,0.00168490600003679,123,A05,cross-session,AdaBN
6,7,0,0.0014937509999981557,123,A05,cross-session,AdaBN
7,8,1,0.0015393159999348427,123,A05,cross-session,AdaBN
8,9,1,0.0016575040001498564,123,A05,cross-session,AdaBN
9,10,0,0.001588287999993554,123,A05,cross-session,AdaBN
10,11,0,0.0014571739998245903,123,A05,cross-session,AdaBN
11,12,0,0.0016436339999472693,123,A05,cross-session,AdaBN
12,13,0,0.0008422649998465204,123,A05,cross-session,AdaBN
13,14,0,0.000530179999941538,123,A05,cross-session,AdaBN
14,15,1,0.0006211449999682372,123,A05,cross-session,AdaBN
15,16,0,0.0005578789998708089,123,A05,cross-session,AdaBN
16,16,1,0.0005281050000576215,123,A05,cross-session,AdaBN
17,16,0,0.00048687699995753064,123,A05,cross-session,AdaBN
18,16,0,0.00048521600001549814,123,A05,cross-session,AdaBN
19,16,1,0.00041971099994952965,123,A05,cross-session,AdaBN
20,16,0,0.000475335999908566,123,A05,cross-session,AdaBN
21,16,0,0.0004122799998640403,123,A05,cross-session,AdaBN
22,16,0,0.0004930390000481566,123,A05,cross-session,AdaBN
23,16,0,0.0005011619998640526,123,A05,cross-session,AdaBN
24,16,0,0.0005519100000128674,123,A05,cross-session,AdaBN
25,16,0,0.0004916510001748975,123,A05,cross-session,AdaBN
26,16,0,0.0005977329999495851,123,A05,cross-session,AdaBN
27,16,0,0.0006150910000997101,123,A05,cross-session,AdaBN
28,16,0,0.0009286839999731455,123,A05,cross-session,AdaBN
29,16,0,0.000762507999979789,123,A05,cross-session,AdaBN
30,16,0,0.0004546949999166827,123,A05,cross-session,AdaBN
31,16,0,0.0005207470001096226,123,A05,cross-session,AdaBN
32,16,0,0.00047715099981360254,123,A05,cross-session,AdaBN
33,16,0,0.00045114099998500024,123,A05,cross-session,AdaBN
34,16,1,0.000478200000088691,123,A05,cross-session,AdaBN
35,16,0,0.00045898400003352435,123,A05,cross-session,AdaBN
36,16,0,0.0005650830000831775,123,A05,cross-session,AdaBN
37,16,0,0.0004839639998408529,123,A05,cross-session,AdaBN
38,16,0,0.0004896469999948749,123,A05,cross-session,AdaBN
39,16,0,0.0006410349999441678,123,A05,cross-session,AdaBN
40,16,1,0.00051169099992876,123,A05,cross-session,AdaBN
41,16,0,0.0005949660001078882,123,A05,cross-session,AdaBN
42,16,0,0.0005649429999721178,123,A05,cross-session,AdaBN
43,16,0,0.0005768390001321677,123,A05,cross-session,AdaBN
44,16,1,0.0006047809999927267,123,A05,cross-session,AdaBN
45,16,1,0.0006446859999869048,123,A05,cross-session,AdaBN
46,16,0,0.000649264999992738,123,A05,cross-session,AdaBN
47,16,1,0.0006747019999693293,123,A05,cross-session,AdaBN
48,16,0,0.000706817999798659,123,A05,cross-session,AdaBN
49,16,0,0.0007226689999697555,123,A05,cross-session,AdaBN
50,16,0,0.0007716249999702995,123,A05,cross-session,AdaBN
51,16,0,0.0008232300001509429,123,A05,cross-session,AdaBN
52,16,0,0.0008552559997951903,123,A05,cross-session,AdaBN
53,16,0,0.0009685160000572068,123,A05,cross-session,AdaBN
54,16,0,0.0010195840000051248,123,A05,cross-session,AdaBN
55,16,1,0.001051205999829108,123,A05,cross-session,AdaBN
56,16,0,0.0011131329999898298,123,A05,cross-session,AdaBN
57,16,0,0.001190198999893255,123,A05,cross-session,AdaBN
58,16,1,0.0012855279999257618,123,A05,cross-session,AdaBN
59,16,0,0.0013547570001719578,123,A05,cross-session,AdaBN
60,16,0,0.0015006379999249475,123,A05,cross-session,AdaBN
61,16,0,0.0014303020000170363,123,A05,cross-session,AdaBN
62,16,1,0.0013887269999486307,123,A05,cross-session,AdaBN
63,16,0,0.0012881789998573367,123,A05,cross-session,AdaBN
64,16,0,0.001288533000206371,123,A05,cross-session,AdaBN
65,16,0,0.0012019470000268484,123,A05,cross-session,AdaBN
66,16,0,0.001196702000015648,123,A05,cross-session,AdaBN
67,16,0,0.0011566499999844382,123,A05,cross-session,AdaBN
68,16,0,0.0010801810001339618,123,A05,cross-session,AdaBN
69,16,1,0.0010686870000427007,123,A05,cross-session,AdaBN
70,16,0,0.001065145999973538,123,A05,cross-session,AdaBN
71,16,1,0.0010063180000088323,123,A05,cross-session,AdaBN
72,16,0,0.000993282999843359,123,A05,cross-session,AdaBN
73,16,1,0.0009292730001106975,123,A05,cross-session,AdaBN
74,16,0,0.0009042379999755212,123,A05,cross-session,AdaBN
75,16,0,0.0008962669999164063,123,A05,cross-session,AdaBN
76,16,0,0.0008380400001897215,123,A05,cross-session,AdaBN
77,16,1,0.0008089299999483046,123,A05,cross-session,AdaBN
78,16,1,0.0007850289998714288,123,A05,cross-session,AdaBN
79,16,0,0.0007847169999877224,123,A05,cross-session,AdaBN
80,16,0,0.0007428880001043581,123,A05,cross-session,AdaBN
81,16,0,0.0007010940000782284,123,A05,cross-session,AdaBN
82,16,0,0.0006896190000134084,123,A05,cross-session,AdaBN
83,16,0,0.000696104000098785,123,A05,cross-session,AdaBN
84,16,0,0.0006495330001143884,123,A05,cross-session,AdaBN
85,16,0,0.0006383299999015435,123,A05,cross-session,AdaBN
86,16,0,0.0006187010001212911,123,A05,cross-session,AdaBN
87,16,1,0.0006114650000199617,123,A05,cross-session,AdaBN
88,16,1,0.0005943020000813704,123,A05,cross-session,AdaBN
89,16,0,0.0005619799999294628,123,A05,cross-session,AdaBN
90,16,0,0.0005498119999174378,123,A05,cross-session,AdaBN
91,16,0,0.0005442250001124194,123,A05,cross-session,AdaBN
92,16,0,0.0005269480000151816,123,A05,cross-session,AdaBN
93,16,0,0.0005331940001269686,123,A05,cross-session,AdaBN
94,16,0,0.0004964330000802875,123,A05,cross-session,AdaBN
95,16,0,0.0004865190001055453,123,A05,cross-session,AdaBN
96,16,0,0.0004830760001368617,123,A05,cross-session,AdaBN
97,16,1,0.00048173200002565864,123,A05,cross-session,AdaBN
98,16,1,0.00044934600009582937,123,A05,cross-session,AdaBN
99,16,0,0.0004358379999302997,123,A05,cross-session,AdaBN
100,16,0,0.00044223500003681693,123,A05,cross-session,AdaBN
101,16,1,0.000425718000087727,123,A05,cross-session,AdaBN
102,16,0,0.0004257179998603533,123,A05,cross-session,AdaBN
103,16,0,0.0004047009999794682,123,A05,cross-session,AdaBN
104,16,0,0.00040526900011172984,123,A05,cross-session,AdaBN
105,16,0,0.0003825019998657808,123,A05,cross-session,AdaBN
106,16,0,0.0003896850000728591,123,A05,cross-session,AdaBN
107,16,0,0.0003592719999687688,123,A05,cross-session,AdaBN
108,16,0,0.00036206899994795094,123,A05,cross-session,AdaBN
109,16,1,0.0003419669999402686,123,A05,cross-session,AdaBN
110,16,0,0.00039154599994617456,123,A05,cross-session,AdaBN
111,16,1,0.00035007099995709723,123,A05,cross-session,AdaBN
112,16,0,0.0003787609998653352,123,A05,cross-session,AdaBN
113,16,0,0.00035648499988383264,123,A05,cross-session,AdaBN
114,16,0,0.0004009270001006371,123,A05,cross-session,AdaBN
115,16,1,0.0004399270001158584,123,A05,cross-session,AdaBN
116,16,1,0.00043120800000906456,123,A05,cross-session,AdaBN
117,16,0,0.00036522200002764293,123,A05,cross-session,AdaBN
118,16,0,0.00035779599988927657,123,A05,cross-session,AdaBN
119,16,1,0.00035768800012192514,123,A05,cross-session,AdaBN
120,16,0,0.0003606400000535359,123,A05,cross-session,AdaBN
121,16,0,0.0003672760001336428,123,A05,cross-session,AdaBN
122,16,0,0.0003632959999322338,123,A05,cross-session,AdaBN
123,16,0,0.0003748159999759082,123,A05,cross-session,AdaBN
124,16,0,0.0003609760001381801,123,A05,cross-session,AdaBN
125,16,1,0.00038740800005143683,123,A05,cross-session,AdaBN
126,16,0,0.00034629999981916626,123,A05,cross-session,AdaBN
127,16,0,0.00040376000015385216,123,A05,cross-session,AdaBN
128,16,1,0.00040736400001151196,123,A05,cross-session,AdaBN
129,16,0,0.00043039599995609024,123,A05,cross-session,AdaBN
130,16,0,0.00036328999999568623,123,A05,cross-session,AdaBN
131,16,0,0.00040920499986896175,123,A05,cross-session,AdaBN
132,16,0,0.00037057700001241756,123,A05,cross-session,AdaBN
133,16,0,0.00038429799997174996,123,A05,cross-session,AdaBN
134,16,0,0.00038191899989215017,123,A05,cross-session,AdaBN
135,16,1,0.00034978200005753024,123,A05,cross-session,AdaBN
136,16,0,0.0003717780000442872,123,A05,cross-session,AdaBN
137,16,0,0.00035302700007378007,123,A05,cross-session,AdaBN
138,16,1,0.00035480900010043115,123,A05,cross-session,AdaBN
139,16,1,0.0003630809999322082,123,A05,cross-session,AdaBN
140,16,0,0.00035979499989480246,123,A05,cross-session,AdaBN
141,16,0,0.00039430000015272526,123,A05,cross-session,AdaBN
142,16,0,0.0003995909999048308,123,A05,cross-session,AdaBN
143,16,1,0.00043426199999885284,123,A05,cross-session,AdaBN
144,16,0,0.00042779499995049264,123,A05,cross-session,AdaBN
145,16,0,0.0003473169999779202,123,A05,cross-session,AdaBN
146,16,1,0.0003736020000815188,123,A05,cross-session,AdaBN
147,16,0,0.00035952700000052573,123,A05,cross-session,AdaBN
148,16,1,0.0003615420000642189,123,A05,cross-session,AdaBN
149,16,1,0.0003759090000130527,123,A05,cross-session,AdaBN
150,16,0,0.0003676939998058515,123,A05,cross-session,AdaBN
151,16,0,0.0003778010000132781,123,A05,cross-session,AdaBN
152,16,0,0.0003587720000268746,123,A05,cross-session,AdaBN
153,16,1,0.00040930499994829006,123,A05,cross-session,AdaBN
154,16,1,0.00041709800007083686,123,A05,cross-session,AdaBN
155,16,0,0.0004464590001589386,123,A05,cross-session,AdaBN
156,16,0,0.00036786800001209485,123,A05,cross-session,AdaBN
157,16,0,0.0003811310000401136,123,A05,cross-session,AdaBN
158,16,1,0.00037261700003909937,123,A05,cross-session,AdaBN
159,16,0,0.0003617099998791673,123,A05,cross-session,AdaBN
160,16,0,0.0003682990000015707,123,A05,cross-session,AdaBN
161,16,1,0.00034979199995177623,123,A05,cross-session,AdaBN
162,16,0,0.0003779040000608802,123,A05,cross-session,AdaBN
163,16,0,0.00035216300011597923,123,A05,cross-session,AdaBN
164,16,1,0.0003789440002037736,123,A05,cross-session,AdaBN
165,16,0,0.0003587639998841041,123,A05,cross-session,AdaBN
166,16,0,0.0004079639998053608,123,A05,cross-session,AdaBN
167,16,0,0.0004171890000179701,123,A05,cross-session,AdaBN
168,16,1,0.00042607899990798614,123,A05,cross-session,AdaBN
169,16,0,0.0004333580000093207,123,A05,cross-session,AdaBN
170,16,1,0.00040322499989997596,123,A05,cross-session,AdaBN
171,16,1,0.00038242000005084265,123,A05,cross-session,AdaBN
172,16,0,0.000361748999921474,123,A05,cross-session,AdaBN
173,16,1,0.000375307000012981,123,A05,cross-session,AdaBN
174,16,0,0.00034363700001449615,123,A05,cross-session,AdaBN
175,16,1,0.0004495149999002024,123,A05,cross-session,AdaBN
176,16,0,0.0004201110000394692,123,A05,cross-session,AdaBN
177,16,0,0.0004412109999520908,123,A05,cross-session,AdaBN
178,16,0,0.00035625800001071184,123,A05,cross-session,AdaBN
179,16,1,0.00042623500007721304,123,A05,cross-session,AdaBN
180,16,0,0.0004485579997890454,123,A05,cross-session,AdaBN
181,16,1,0.00042021499984912225,123,A05,cross-session,AdaBN
182,16,1,0.0003553379999630124,123,A05,cross-session,AdaBN
183,16,0,0.0003687319999698957,123,A05,cross-session,AdaBN
184,16,1,0.0004153709999172861,123,A05,cross-session,AdaBN
185,16,0,0.00039355499984594644,123,A05,cross-session,AdaBN
186,16,0,0.0004416400001900911,123,A05,cross-session,AdaBN
187,16,0,0.00042634500005078735,123,A05,cross-session,AdaBN
188,16,0,0.00037943699999232194,123,A05,cross-session,AdaBN
189,16,0,0.000415866000139431,123,A05,cross-session,AdaBN
190,16,0,0.00035005899985662836,123,A05,cross-session,AdaBN
191,16,0,0.0004369659998246789,123,A05,cross-session,AdaBN
192,16,0,0.00045760100010738824,123,A05,cross-session,AdaBN
193,16,0,0.000379963999876054,123,A05,cross-session,AdaBN
194,16,0,0.0004160870000760042,123,A05,cross-session,AdaBN
195,16,1,0.00037529199994423834,123,A05,cross-session,AdaBN
196,16,0,0.0003588349998153717,123,A05,cross-session,AdaBN
197,16,0,0.00035192400014238956,123,A05,cross-session,AdaBN
198,16,1,0.00034833999984584807,123,A05,cross-session,AdaBN
199,16,0,0.0003573369999685383,123,A05,cross-session,AdaBN
200,16,0,0.00034852099997806363,123,A05,cross-session,AdaBN
201,16,1,0.0003591130000586418,123,A05,cross-session,AdaBN
202,16,0,0.000355892000015956,123,A05,cross-session,AdaBN
203,16,1,0.0004187380000075791,123,A05,cross-session,AdaBN
204,16,1,0.0004421470000579575,123,A05,cross-session,AdaBN
205,16,0,0.0004244900001140195,123,A05,cross-session,AdaBN
206,16,1,0.00036887700002807833,123,A05,cross-session,AdaBN
207,16,0,0.00038462799989247287,123,A05,cross-session,AdaBN
208,16,0,0.00035388399987823504,123,A05,cross-session,AdaBN
209,16,0,0.0003487139999833744,123,A05,cross-session,AdaBN
210,16,1,0.00038867600005687564,123,A05,cross-session,AdaBN
211,16,0,0.00035435300014796667,123,A05,cross-session,AdaBN
212,16,0,0.00036196499991092423,123,A05,cross-session,AdaBN
213,16,1,0.0003603239999847574,123,A05,cross-session,AdaBN
214,16,0,0.00041479599985905224,123,A05,cross-session,AdaBN
215,16,0,0.0004094579999218695,123,A05,cross-session,AdaBN
216,16,1,0.00034562900009404984,123,A05,cross-session,AdaBN
217,16,1,0.0003655640000488347,123,A05,cross-session,AdaBN
218,16,0,0.0003594410000005155,123,A05,cross-session,AdaBN
219,16,1,0.0003448820000357955,123,A05,cross-session,AdaBN
220,16,0,0.00035071000002062647,123,A05,cross-session,AdaBN
221,16,0,0.00037406899991765385,123,A05,cross-session,AdaBN
222,16,0,0.00035565500002121553,123,A05,cross-session,AdaBN
223,16,0,0.00036217100000612845,123,A05,cross-session,AdaBN
224,16,1,0.000349496999888288,123,A05,cross-session,AdaBN
225,16,0,0.0004333240001415106,123,A05,cross-session,AdaBN
226,16,1,0.0004468290001113928,123,A05,cross-session,AdaBN
227,16,0,0.00040615000011712254,123,A05,cross-session,AdaBN
228,16,0,0.000365310999995927,123,A05,cross-session,AdaBN
229,16,0,0.0003513619999466755,123,A05,cross-session,AdaBN
230,16,0,0.0003639590001967008,123,A05,cross-session,AdaBN
231,16,0,0.0003577669999685895,123,A05,cross-session,AdaBN
232,16,0,0.00034524900001997594,123,A05,cross-session,AdaBN
233,16,0,0.00036074499985261355,123,A05,cross-session,AdaBN
234,16,0,0.0003682429999116721,123,A05,cross-session,AdaBN
235,16,0,0.00036876299986943195,123,A05,cross-session,AdaBN
236,16,0,0.00042685399989750294,123,A05,cross-session,AdaBN
237,16,0,0.0004238930000610708,123,A05,cross-session,AdaBN
238,16,0,0.0003502990000470163,123,A05,cross-session,AdaBN
239,16,1,0.0003709420000177488,123,A05,cross-session,AdaBN
240,16,0,0.0003530100000261882,123,A05,cross-session,AdaBN
241,16,1,0.00037317300007089216,123,A05,cross-session,AdaBN
242,16,0,0.00037164599984862434,123,A05,cross-session,AdaBN
243,16,0,0.00035277899996799533,123,A05,cross-session,AdaBN
244,16,1,0.00039098799993553257,123,A05,cross-session,AdaBN
245,16,0,0.00035200899992560153,123,A05,cross-session,AdaBN
246,16,0,0.0003676730000279349,123,A05,cross-session,AdaBN
247,16,0,0.00037041999985376606,123,A05,cross-session,AdaBN
248,16,1,0.00040825500013852434,123,A05,cross-session,AdaBN
249,16,1,0.0004299550000723684,123,A05,cross-session,AdaBN
250,16,0,0.000361255999905552,123,A05,cross-session,AdaBN
251,16,1,0.00036678199990092253,123,A05,cross-session,AdaBN
252,16,1,0.00036675299998023547,123,A05,cross-session,AdaBN
253,16,1,0.00035094499980914406,123,A05,cross-session,AdaBN
254,16,0,0.0003498109999782173,123,A05,cross-session,AdaBN
255,16,0,0.00035238800001025083,123,A05,cross-session,AdaBN
256,16,0,0.0003543539999100176,123,A05,cross-session,AdaBN
257,16,0,0.00035950599999523547,123,A05,cross-session,AdaBN
258,16,0,0.00035525199996300216,123,A05,cross-session,AdaBN
259,16,1,0.00037772999985463684,123,A05,cross-session,AdaBN
260,16,1,0.0004312379999191762,123,A05,cross-session,AdaBN
261,16,1,0.0004075609999745211,123,A05,cross-session,AdaBN
262,16,1,0.0003841170000669081,123,A05,cross-session,AdaBN
263,16,0,0.00037125599988030444,123,A05,cross-session,AdaBN
264,16,0,0.00035873299998456787,123,A05,cross-session,AdaBN
265,16,1,0.00038246600001912157,123,A05,cross-session,AdaBN
266,16,0,0.0003666929999326385,123,A05,cross-session,AdaBN
267,16,0,0.00034906100017906283,123,A05,cross-session,AdaBN
268,16,0,0.000374580000197966,123,A05,cross-session,AdaBN
269,16,0,0.00043510099999366503,123,A05,cross-session,AdaBN
270,16,0,0.00039293700001508114,123,A05,cross-session,AdaBN
271,16,0,0.00039055299998835835,123,A05,cross-session,AdaBN
272,16,0,0.0003920869999092247,123,A05,cross-session,AdaBN
273,16,1,0.0003473219999250432,123,A05,cross-session,AdaBN
274,16,0,0.00036069499992663623,123,A05,cross-session,AdaBN
275,16,1,0.0003572250000161148,123,A05,cross-session,AdaBN
276,16,0,0.00035553499992602156,123,A05,cross-session,AdaBN
277,16,0,0.0003594479999264877,123,A05,cross-session,AdaBN
278,16,0,0.00035211699992032663,123,A05,cross-session,AdaBN
279,16,0,0.00035720100004255073,123,A05,cross-session,AdaBN
280,16,0,0.0004277709999769286,123,A05,cross-session,AdaBN
281,16,0,0.00042617100007191766,123,A05,cross-session,AdaBN
282,16,1,0.00035494199983077124,123,A05,cross-session,AdaBN
283,16,0,0.00038385099992410687,123,A05,cross-session,AdaBN
284,16,0,0.0003548430001956149,123,A05,cross-session,AdaBN
285,16,1,0.00035133300002598844,123,A05,cross-session,AdaBN
286,16,0,0.0004195060000711237,123,A05,cross-session,AdaBN
287,16,0,0.00035770999988926633,123,A05,cross-session,AdaBN
0,1,1,0.001963400000022375,123,A06,cross-session,AdaBN
1,2,0,0.002071623000119871,123,A06,cross-session,AdaBN
2,3,0,0.0018955610000830347,123,A06,cross-session,AdaBN
3,4,1,0.0018135010000150942,123,A06,cross-session,AdaBN
4,5,0,0.0020045690000642935,123,A06,cross-session,AdaBN
5,6,1,0.0016852070000368258,123,A06,cross-session,AdaBN
6,7,1,0.0016571959999964747,123,A06,cross-session,AdaBN
7,8,0,0.001713465999955588,123,A06,cross-session,AdaBN
8,9,1,0.001837524999928064,123,A06,cross-session,AdaBN
9,10,1,0.001805172000103994,123,A06,cross-session,AdaBN
10,11,1,0.0017599319999135332,123,A06,cross-session,AdaBN
11,12,0,0.0023341230000824,123,A06,cross-session,AdaBN
12,13,1,0.001308009000013044,123,A06,cross-session,AdaBN
13,14,1,0.0010560499999883177,123,A06,cross-session,AdaBN
14,15,1,0.0010856010001134564,123,A06,cross-session,AdaBN
15,16,1,0.0012863750000633445,123,A06,cross-session,AdaBN
16,16,0,0.0013780809999843768,123,A06,cross-session,AdaBN
17,16,0,0.001591330000110247,123,A06,cross-session,AdaBN
18,16,1,0.0007145199999740726,123,A06,cross-session,AdaBN
19,16,1,0.0006864429999495769,123,A06,cross-session,AdaBN
20,16,1,0.000677735000181201,123,A06,cross-session,AdaBN
21,16,1,0.0007184669998423487,123,A06,cross-session,AdaBN
22,16,0,0.0007469469999250578,123,A06,cross-session,AdaBN
23,16,0,0.0007782709999446524,123,A06,cross-session,AdaBN
24,16,0,0.0008384870000099909,123,A06,cross-session,AdaBN
25,16,1,0.0008887760000106937,123,A06,cross-session,AdaBN
26,16,1,0.000928920999967886,123,A06,cross-session,AdaBN
27,16,0,0.001005686000098649,123,A06,cross-session,AdaBN
28,16,0,0.0010454720002144313,123,A06,cross-session,AdaBN
29,16,0,0.0011191109999799664,123,A06,cross-session,AdaBN
30,16,1,0.0011040370000046096,123,A06,cross-session,AdaBN
31,16,0,0.0012113399998270324,123,A06,cross-session,AdaBN
32,16,1,0.0013890729999275209,123,A06,cross-session,AdaBN
33,16,1,0.001480771999922581,123,A06,cross-session,AdaBN
34,16,1,0.0015434770000410936,123,A06,cross-session,AdaBN
35,16,1,0.0016018320000057429,123,A06,cross-session,AdaBN
36,16,1,0.0015248720001181937,123,A06,cross-session,AdaBN
37,16,1,0.0015767170000344777,123,A06,cross-session,AdaBN
38,16,1,0.0013813170000958053,123,A06,cross-session,AdaBN
39,16,1,0.001353657999970892,123,A06,cross-session,AdaBN
40,16,0,0.0013067329998648347,123,A06,cross-session,AdaBN
41,16,1,0.0012853799998993054,123,A06,cross-session,AdaBN
42,16,0,0.0011877459999141138,123,A06,cross-session,AdaBN
43,16,1,0.0011698289999912959,123,A06,cross-session,AdaBN
44,16,0,0.0011028440001155104,123,A06,cross-session,AdaBN
45,16,1,0.0011175560000538098,123,A06,cross-session,AdaBN
46,16,0,0.0010339280001971929,123,A06,cross-session,AdaBN
47,16,0,0.0010027160001300217,123,A06,cross-session,AdaBN
48,16,0,0.0009860010000011243,123,A06,cross-session,AdaBN
49,16,0,0.000920334000056755,123,A06,cross-session,AdaBN
50,16,0,0.0008987419998902624,123,A06,cross-session,AdaBN
51,16,1,0.0008551109999643813,123,A06,cross-session,AdaBN
52,16,1,0.0008100509999167116,123,A06,cross-session,AdaBN
53,16,0,0.000850888000059058,123,A06,cross-session,AdaBN
54,16,1,0.0007822580000720336,123,A06,cross-session,AdaBN
55,16,0,0.0007554110000000946,123,A06,cross-session,AdaBN
56,16,1,0.0007252499999594875,123,A06,cross-session,AdaBN
57,16,0,0.0006828749999385764,123,A06,cross-session,AdaBN
58,16,1,0.0009621980000247277,123,A06,cross-session,AdaBN
59,16,0,0.0007663489998321893,123,A06,cross-session,AdaBN
60,16,1,0.0007247670000651851,123,A06,cross-session,AdaBN
61,16,0,0.0007714319999649888,123,A06,cross-session,AdaBN
62,16,0,0.0008475469999211782,123,A06,cross-session,AdaBN
63,16,0,0.0009684709998509788,123,A06,cross-session,AdaBN
64,16,1,0.000986648999969475,123,A06,cross-session,AdaBN
65,16,0,0.0010746360001121502,123,A06,cross-session,AdaBN
66,16,0,0.0012487230001170246,123,A06,cross-session,AdaBN
67,16,0,0.0013313869999365124,123,A06,cross-session,AdaBN
68,16,0,0.001419173999920531,123,A06,cross-session,AdaBN
69,16,1,0.0016558460001760977,123,A06,cross-session,AdaBN
70,16,1,0.0016892950000055862,123,A06,cross-session,AdaBN
71,16,0,0.0018429809999815916,123,A06,cross-session,AdaBN
72,16,1,0.0019265900000391412,123,A06,cross-session,AdaBN
73,16,0,0.002057682999975441,123,A06,cross-session,AdaBN
74,16,0,0.002297051000141437,123,A06,cross-session,AdaBN
75,16,0,0.002273643999842534,123,A06,cross-session,AdaBN
76,16,1,0.0023094890000265877,123,A06,cross-session,AdaBN
77,16,0,0.002310702999920977,123,A06,cross-session,AdaBN
78,16,0,0.002243306000082157,123,A06,cross-session,AdaBN
79,16,1,0.0022759490000225924,123,A06,cross-session,AdaBN
80,16,1,0.002249037000183307,123,A06,cross-session,AdaBN
81,16,1,0.002042512000116403,123,A06,cross-session,AdaBN
82,16,1,0.0019514000000526721,123,A06,cross-session,AdaBN
83,16,0,0.0018766450000384793,123,A06,cross-session,AdaBN
84,16,1,0.0017169889999877341,123,A06,cross-session,AdaBN
85,16,0,0.0016414039998835506,123,A06,cross-session,AdaBN
86,16,1,0.0015921899998829758,123,A06,cross-session,AdaBN
87,16,0,0.0014633839998623444,123,A06,cross-session,AdaBN
88,16,0,0.0014251280001644773,123,A06,cross-session,AdaBN
89,16,0,0.0013179769998714619,123,A06,cross-session,AdaBN
90,16,0,0.0012377819998619088,123,A06,cross-session,AdaBN
91,16,0,0.0011578710000321735,123,A06,cross-session,AdaBN
92,16,0,0.0011302940001769457,123,A06,cross-session,AdaBN
93,16,1,0.001091841999823373,123,A06,cross-session,AdaBN
94,16,0,0.0010202969999681955,123,A06,cross-session,AdaBN
95,16,1,0.0009518450001451129,123,A06,cross-session,AdaBN
96,16,1,0.0009215530001256411,123,A06,cross-session,AdaBN
97,16,1,0.0008712590001778153,123,A06,cross-session,AdaBN
98,16,0,0.0008554730000014388,123,A06,cross-session,AdaBN
99,16,0,0.0012263520000033168,123,A06,cross-session,AdaBN
100,16,1,0.0008567519998905482,123,A06,cross-session,AdaBN
101,16,1,0.0007809249998445011,123,A06,cross-session,AdaBN
102,16,1,0.0006822109999120585,123,A06,cross-session,AdaBN
103,16,0,0.0006671879998521035,123,A06,cross-session,AdaBN
104,16,0,0.0006441170000925922,123,A06,cross-session,AdaBN
105,16,1,0.0006377759998485999,123,A06,cross-session,AdaBN
106,16,1,0.000596289999975852,123,A06,cross-session,AdaBN
107,16,0,0.0005696139999145089,123,A06,cross-session,AdaBN
108,16,1,0.0005591659999026888,123,A06,cross-session,AdaBN
109,16,1,0.0005272619998777373,123,A06,cross-session,AdaBN
110,16,0,0.0005068830000709568,123,A06,cross-session,AdaBN
111,16,1,0.0005285209999783547,123,A06,cross-session,AdaBN
112,16,0,0.0004937289997997141,123,A06,cross-session,AdaBN
113,16,1,0.0004887360000793706,123,A06,cross-session,AdaBN
114,16,1,0.00046242400003393413,123,A06,cross-session,AdaBN
115,16,1,0.00044907200003763137,123,A06,cross-session,AdaBN
116,16,0,0.000443598999936512,123,A06,cross-session,AdaBN
117,16,0,0.00042381799994473113,123,A06,cross-session,AdaBN
118,16,1,0.00041667499999675783,123,A06,cross-session,AdaBN
119,16,0,0.00039796999999452964,123,A06,cross-session,AdaBN
120,16,0,0.00037633500005540554,123,A06,cross-session,AdaBN
121,16,0,0.00036416200009625754,123,A06,cross-session,AdaBN
122,16,0,0.0003492460000416031,123,A06,cross-session,AdaBN
123,16,0,0.0003570159999526368,123,A06,cross-session,AdaBN
124,16,1,0.00035316499997861683,123,A06,cross-session,AdaBN
125,16,0,0.0003698269999858894,123,A06,cross-session,AdaBN
126,16,0,0.00035203200013711466,123,A06,cross-session,AdaBN
127,16,0,0.000418136999996932,123,A06,cross-session,AdaBN
128,16,0,0.00041371900010744866,123,A06,cross-session,AdaBN
129,16,0,0.00039077700012057903,123,A06,cross-session,AdaBN
130,16,1,0.000385647000030076,123,A06,cross-session,AdaBN
131,16,0,0.000376841000161221,123,A06,cross-session,AdaBN
132,16,0,0.00034248199995090545,123,A06,cross-session,AdaBN
133,16,1,0.00036317699982646445,123,A06,cross-session,AdaBN
134,16,0,0.0003548350000528444,123,A06,cross-session,AdaBN
135,16,1,0.0003519770000366407,123,A06,cross-session,AdaBN
136,16,0,0.00035356099988348433,123,A06,cross-session,AdaBN
137,16,0,0.0003657039999325207,123,A06,cross-session,AdaBN
138,16,1,0.0003557850000106555,123,A06,cross-session,AdaBN
139,16,1,0.0003540289999364177,123,A06,cross-session,AdaBN
140,16,0,0.0003902639998614177,123,A06,cross-session,AdaBN
141,16,1,0.0003801689999818336,123,A06,cross-session,AdaBN
142,16,0,0.00043027900005654374,123,A06,cross-session,AdaBN
143,16,0,0.0004901940001218463,123,A06,cross-session,AdaBN
144,16,0,0.00041683399990688486,123,A06,cross-session,AdaBN
145,16,1,0.00039217299990923493,123,A06,cross-session,AdaBN
146,16,1,0.00037545400005001284,123,A06,cross-session,AdaBN
147,16,1,0.00039476999995713413,123,A06,cross-session,AdaBN
148,16,0,0.0003584349999528058,123,A06,cross-session,AdaBN
149,16,1,0.0003816349999397062,123,A06,cross-session,AdaBN
150,16,1,0.0003550119999999879,123,A06,cross-session,AdaBN
151,16,1,0.0003961740001159342,123,A06,cross-session,AdaBN
152,16,0,0.00037136199989618035,123,A06,cross-session,AdaBN
153,16,0,0.0003926370000044699,123,A06,cross-session,AdaBN
154,16,0,0.00036874000011266617,123,A06,cross-session,AdaBN
155,16,0,0.00038728999993509206,123,A06,cross-session,AdaBN
156,16,0,0.00036410600000635895,123,A06,cross-session,AdaBN
157,16,1,0.0004493290000482375,123,A06,cross-session,AdaBN
158,16,0,0.00043292300006214646,123,A06,cross-session,AdaBN
159,16,1,0.0004529420000380924,123,A06,cross-session,AdaBN
160,16,0,0.000354552000089825,123,A06,cross-session,AdaBN
161,16,1,0.0003530720000526344,123,A06,cross-session,AdaBN
162,16,0,0.00035520000005817565,123,A06,cross-session,AdaBN
163,16,1,0.00037195599998085527,123,A06,cross-session,AdaBN
164,16,1,0.00037401400004455354,123,A06,cross-session,AdaBN
165,16,0,0.00035907699998460885,123,A06,cross-session,AdaBN
166,16,0,0.0003654570000435342,123,A06,cross-session,AdaBN
167,16,0,0.00036056599992662086,123,A06,cross-session,AdaBN
168,16,1,0.0003894750000199565,123,A06,cross-session,AdaBN
169,16,0,0.00042806900000869064,123,A06,cross-session,AdaBN
170,16,0,0.0004648329997962719,123,A06,cross-session,AdaBN
171,16,0,0.0003829320000932057,123,A06,cross-session,AdaBN
172,16,1,0.0003711589999966236,123,A06,cross-session,AdaBN
173,16,1,0.0004026380001960206,123,A06,cross-session,AdaBN
174,16,1,0.00035330200012140267,123,A06,cross-session,AdaBN
175,16,0,0.0004067429999849992,123,A06,cross-session,AdaBN
176,16,1,0.00035341500006325077,123,A06,cross-session,AdaBN
177,16,1,0.0003793579999182839,123,A06,cross-session,AdaBN
178,16,1,0.00039956399996299297,123,A06,cross-session,AdaBN
179,16,0,0.0003643129998636141,123,A06,cross-session,AdaBN
180,16,0,0.00037308699984350824,123,A06,cross-session,AdaBN
181,16,1,0.0004494889999477891,123,A06,cross-session,AdaBN
182,16,0,0.0004722049998235889,123,A06,cross-session,AdaBN
183,16,1,0.0004029680001167435,123,A06,cross-session,AdaBN
184,16,0,0.00040703200011193985,123,A06,cross-session,AdaBN
185,16,0,0.0003582750000532542,123,A06,cross-session,AdaBN
186,16,1,0.0003854990000036196,123,A06,cross-session,AdaBN
187,16,0,0.00041134200000669807,123,A06,cross-session,AdaBN
188,16,0,0.00035714999989977514,123,A06,cross-session,AdaBN
189,16,1,0.0004049100000429462,123,A06,cross-session,AdaBN
190,16,0,0.0003593270000692428,123,A06,cross-session,AdaBN
191,16,1,0.0003714360000230954,123,A06,cross-session,AdaBN
192,16,0,0.0004297460000088904,123,A06,cross-session,AdaBN
193,16,0,0.00043226299999332696,123,A06,cross-session,AdaBN
194,16,0,0.00035858699993696064,123,A06,cross-session,AdaBN
195,16,1,0.00040465100005349086,123,A06,cross-session,AdaBN
196,16,1,0.00036127300018051756,123,A06,cross-session,AdaBN
197,16,0,0.00037832699990758556,123,A06,cross-session,AdaBN
198,16,1,0.00040361300011682033,123,A06,cross-session,AdaBN
199,16,1,0.00035657700004776416,123,A06,cross-session,AdaBN
200,16,0,0.0003541429998676904,123,A06,cross-session,AdaBN
201,16,0,0.00040311699990525085,123,A06,cross-session,AdaBN
202,16,0,0.0003526390000843094,123,A06,cross-session,AdaBN
203,16,1,0.00043376700000408164,123,A06,cross-session,AdaBN
204,16,1,0.00046656100016662094,123,A06,cross-session,AdaBN
205,16,0,0.0003659129999959987,123,A06,cross-session,AdaBN
206,16,1,0.00043430300002000877,123,A06,cross-session,AdaBN
207,16,1,0.00037931900010335085,123,A06,cross-session,AdaBN
208,16,0,0.0003604339999583317,123,A06,cross-session,AdaBN
209,16,0,0.0003799000000981323,123,A06,cross-session,AdaBN
210,16,0,0.0003668629999538098,123,A06,cross-session,AdaBN
211,16,1,0.00036146799993730383,123,A06,cross-session,AdaBN
212,16,0,0.00038922900012039463,123,A06,cross-session,AdaBN
213,16,1,0.0003566550001323776,123,A06,cross-session,AdaBN
214,16,1,0.0004034769999634591,123,A06,cross-session,AdaBN
215,16,0,0.0004539409999324562,123,A06,cross-session,AdaBN
216,16,0,0.000393954999935886,123,A06,cross-session,AdaBN
217,16,0,0.00036715300007017504,123,A06,cross-session,AdaBN
218,16,0,0.0003892340000675176,123,A06,cross-session,AdaBN
219,16,1,0.00037095300012879306,123,A06,cross-session,AdaBN
220,16,0,0.00037649899991265556,123,A06,cross-session,AdaBN
221,16,1,0.0004156410000177857,123,A06,cross-session,AdaBN
222,16,1,0.0003557130000899633,123,A06,cross-session,AdaBN
223,16,0,0.0003641220000645262,123,A06,cross-session,AdaBN
224,16,1,0.0004609489999438665,123,A06,cross-session,AdaBN
225,16,0,0.00044970399994781474,123,A06,cross-session,AdaBN
226,16,1,0.0003631839999798103,123,A06,cross-session,AdaBN
227,16,0,0.00037689499981752306,123,A06,cross-session,AdaBN
228,16,1,0.0003517049999572919,123,A06,cross-session,AdaBN
229,16,1,0.00037666100001843006,123,A06,cross-session,AdaBN
230,16,0,0.0004063850001330138,123,A06,cross-session,AdaBN
231,16,0,0.00036406300000635383,123,A06,cross-session,AdaBN
232,16,1,0.00035780100006377324,123,A06,cross-session,AdaBN
233,16,0,0.0003835500001514447,123,A06,cross-session,AdaBN
234,16,0,0.000363687000117352,123,A06,cross-session,AdaBN
235,16,1,0.0004398099999889382,123,A06,cross-session,AdaBN
236,16,0,0.00045168600013312243,123,A06,cross-session,AdaBN
237,16,1,0.00036615800013350963,123,A06,cross-session,AdaBN
238,16,1,0.0003695769999012555,123,A06,cross-session,AdaBN
239,16,1,0.000406731000111904,123,A06,cross-session,AdaBN
240,16,0,0.0003645360000064102,123,A06,cross-session,AdaBN
241,16,1,0.0003680570000597072,123,A06,cross-session,AdaBN
242,16,1,0.00039980699989428103,123,A06,cross-session,AdaBN
243,16,0,0.00035171600006833614,123,A06,cross-session,AdaBN
244,16,1,0.00041888900000230933,123,A06,cross-session,AdaBN
245,16,0,0.0004562489998534147,123,A06,cross-session,AdaBN
246,16,0,0.0003522200001953024,123,A06,cross-session,AdaBN
247,16,1,0.0003541369999311428,123,A06,cross-session,AdaBN
248,16,1,0.0003646370000751631,123,A06,cross-session,AdaBN
249,16,1,0.00035883600003217,123,A06,cross-session,AdaBN
250,16,0,0.00035200799993617693,123,A06,cross-session,AdaBN
251,16,0,0.000365813999906095,123,A06,cross-session,AdaBN
252,16,1,0.00035034200004702143,123,A06,cross-session,AdaBN
253,16,0,0.0003506890000153362,123,A06,cross-session,AdaBN
254,16,1,0.00035980100005872373,123,A06,cross-session,AdaBN
255,16,1,0.0004283549999399838,123,A06,cross-session,AdaBN
256,16,0,0.0004179749998911575,123,A06,cross-session,AdaBN
257,16,0,0.00037014199983786966,123,A06,cross-session,AdaBN
258,16,1,0.00035007099995709723,123,A06,cross-session,AdaBN
259,16,0,0.00035033200015277544,123,A06,cross-session,AdaBN
260,16,1,0.00035996399992654915,123,A06,cross-session,AdaBN
261,16,0,0.0003508490001422615,123,A06,cross-session,AdaBN
262,16,0,0.00035177599988855945,123,A06,cross-session,AdaBN
263,16,0,0.00036902000010741176,123,A06,cross-session,AdaBN
264,16,1,0.000354068999968149,123,A06,cross-session,AdaBN
265,16,0,0.0003565659999367199,123,A06,cross-session,AdaBN
266,16,1,0.00044704299989462015,123,A06,cross-session,AdaBN
267,16,0,0.0004213019999497192,123,A06,cross-session,AdaBN
268,16,1,0.0003710109999701672,123,A06,cross-session,AdaBN
269,16,1,0.00035723700011658366,123,A06,cross-session,AdaBN
270,16,1,0.0003463959999407962,123,A06,cross-session,AdaBN
271,16,1,0.0003525790000367124,123,A06,cross-session,AdaBN
272,16,1,0.0003581769999527751,123,A06,cross-session,AdaBN
273,16,0,0.0003505879999465833,123,A06,cross-session,AdaBN
274,16,0,0.00035446600008981477,123,A06,cross-session,AdaBN
275,16,0,0.0003520699999626231,123,A06,cross-session,AdaBN
276,16,1,0.0003449499999987893,123,A06,cross-session,AdaBN
277,16,1,0.00044172000002618006,123,A06,cross-session,AdaBN
278,16,0,0.0004394700001739693,123,A06,cross-session,AdaBN
279,16,0,0.00036876599983770575,123,A06,cross-session,AdaBN
280,16,1,0.00037511100003939646,123,A06,cross-session,AdaBN
281,16,1,0.0003708549998009403,123,A06,cross-session,AdaBN
282,16,0,0.00035626099997898564,123,A06,cross-session,AdaBN
283,16,0,0.0003701859998272994,123,A06,cross-session,AdaBN
284,16,0,0.0003687190001073759,123,A06,cross-session,AdaBN
285,16,1,0.0003485449999516277,123,A06,cross-session,AdaBN
286,16,1,0.0004143159999330237,123,A06,cross-session,AdaBN
287,16,0,0.0004605619999438204,123,A06,cross-session,AdaBN
0,1,1,0.0011545810000370693,123,A07,cross-session,AdaBN
1,2,0,0.0009038250000230619,123,A07,cross-session,AdaBN
2,3,1,0.0009112200000345183,123,A07,cross-session,AdaBN
3,4,0,0.0008578209999541286,123,A07,cross-session,AdaBN
4,5,1,0.0008340360000147484,123,A07,cross-session,AdaBN
5,6,1,0.0008127440000862407,123,A07,cross-session,AdaBN
6,7,1,0.0009071639999547187,123,A07,cross-session,AdaBN
7,8,1,0.0008696709999185259,123,A07,cross-session,AdaBN
8,9,1,0.0008470430000215856,123,A07,cross-session,AdaBN
9,10,1,0.0008970029998636164,123,A07,cross-session,AdaBN
10,11,1,0.0008236490000399499,123,A07,cross-session,AdaBN
11,12,1,0.000809700999980123,123,A07,cross-session,AdaBN
12,13,1,0.0006863999999495718,123,A07,cross-session,AdaBN
13,14,0,0.0006889280000450526,123,A07,cross-session,AdaBN
14,15,1,0.0006781500001125096,123,A07,cross-session,AdaBN
15,16,0,0.000638576000028479,123,A07,cross-session,AdaBN
16,16,0,0.0007067960000313178,123,A07,cross-session,AdaBN
17,16,1,0.0007064680000894441,123,A07,cross-session,AdaBN
18,16,0,0.0007109360001322784,123,A07,cross-session,AdaBN
19,16,1,0.0006783979999909207,123,A07,cross-session,AdaBN
20,16,0,0.0006575180000254477,123,A07,cross-session,AdaBN
21,16,1,0.0007150429999001062,123,A07,cross-session,AdaBN
22,16,1,0.0007112569999208063,123,A07,cross-session,AdaBN
23,16,1,0.0007211029999325547,123,A07,cross-session,AdaBN
24,16,0,0.00073290199998155,123,A07,cross-session,AdaBN
25,16,0,0.000733678999949916,123,A07,cross-session,AdaBN
26,16,1,0.000711942999942039,123,A07,cross-session,AdaBN
27,16,0,0.000700080000115122,123,A07,cross-session,AdaBN
28,16,1,0.000714444000095682,123,A07,cross-session,AdaBN
29,16,0,0.00042501300004005316,123,A07,cross-session,AdaBN
30,16,1,0.00042014899986497767,123,A07,cross-session,AdaBN
31,16,0,0.0005915429999276967,123,A07,cross-session,AdaBN
32,16,0,0.00047326599997177254,123,A07,cross-session,AdaBN
33,16,0,0.0004463420000320184,123,A07,cross-session,AdaBN
34,16,1,0.00048882400005823,123,A07,cross-session,AdaBN
35,16,0,0.0004343539999354107,123,A07,cross-session,AdaBN
36,16,1,0.00041342199983773753,123,A07,cross-session,AdaBN
37,16,1,0.00044012700004714134,123,A07,cross-session,AdaBN
38,16,0,0.0004157040000336565,123,A07,cross-session,AdaBN
39,16,0,0.0005333920000794024,123,A07,cross-session,AdaBN
40,16,1,0.0005370559999846591,123,A07,cross-session,AdaBN
41,16,0,0.0005972769999971206,123,A07,cross-session,AdaBN
42,16,1,0.0006777280000278552,123,A07,cross-session,AdaBN
43,16,0,0.0004957280000326136,123,A07,cross-session,AdaBN
44,16,1,0.0007597599999371596,123,A07,cross-session,AdaBN
45,16,0,0.0006810089998907642,123,A07,cross-session,AdaBN
46,16,0,0.0004907929999262706,123,A07,cross-session,AdaBN
47,16,1,0.0004121910001231299,123,A07,cross-session,AdaBN
48,16,0,0.00045671700013372174,123,A07,cross-session,AdaBN
49,16,0,0.0004040130002067599,123,A07,cross-session,AdaBN
50,16,0,0.00040200600005846354,123,A07,cross-session,AdaBN
51,16,0,0.0005159689999345574,123,A07,cross-session,AdaBN
52,16,0,0.0005022459999963758,123,A07,cross-session,AdaBN
53,16,1,0.0004055179999795655,123,A07,cross-session,AdaBN
54,16,1,0.0004984180000064953,123,A07,cross-session,AdaBN
55,16,0,0.0006789250001020264,123,A07,cross-session,AdaBN
56,16,0,0.0008627929998965556,123,A07,cross-session,AdaBN
57,16,0,0.000529621999930896,123,A07,cross-session,AdaBN
58,16,1,0.0004378270000415796,123,A07,cross-session,AdaBN
59,16,1,0.00038129900008243567,123,A07,cross-session,AdaBN
60,16,1,0.00039424300007340207,123,A07,cross-session,AdaBN
61,16,0,0.0004760990000249876,123,A07,cross-session,AdaBN
62,16,0,0.0004738499999348278,123,A07,cross-session,AdaBN
63,16,1,0.0004004320001058659,123,A07,cross-session,AdaBN
64,16,1,0.0004422460001478612,123,A07,cross-session,AdaBN
65,16,1,0.0003734819999863248,123,A07,cross-session,AdaBN
66,16,0,0.00039453500016861653,123,A07,cross-session,AdaBN
67,16,1,0.00038646100006189954,123,A07,cross-session,AdaBN
68,16,1,0.00037118599993846146,123,A07,cross-session,AdaBN
69,16,0,0.00039437400005226664,123,A07,cross-session,AdaBN
70,16,1,0.00039137400017352775,123,A07,cross-session,AdaBN
71,16,0,0.0003660800000488962,123,A07,cross-session,AdaBN
72,16,0,0.00042939700006172643,123,A07,cross-session,AdaBN
73,16,1,0.0004229319999922154,123,A07,cross-session,AdaBN
74,16,1,0.0004902180000954104,123,A07,cross-session,AdaBN
75,16,1,0.00043199600008847483,123,A07,cross-session,AdaBN
76,16,1,0.00036726799999087234,123,A07,cross-session,AdaBN
77,16,1,0.0003771009999127273,123,A07,cross-session,AdaBN
78,16,1,0.0003852150000511756,123,A07,cross-session,AdaBN
79,16,0,0.00036188800004310906,123,A07,cross-session,AdaBN
80,16,0,0.0004015270001218596,123,A07,cross-session,AdaBN
81,16,0,0.00040372900002694223,123,A07,cross-session,AdaBN
82,16,0,0.00036195400002725364,123,A07,cross-session,AdaBN
83,16,1,0.0004796679997980391,123,A07,cross-session,AdaBN
84,16,0,0.00046851100000822044,123,A07,cross-session,AdaBN
85,16,0,0.00036632899991673185,123,A07,cross-session,AdaBN
86,16,1,0.000397163000116052,123,A07,cross-session,AdaBN
87,16,0,0.00042689999986578187,123,A07,cross-session,AdaBN
88,16,0,0.00038888100016265525,123,A07,cross-session,AdaBN
89,16,0,0.0003696730000228854,123,A07,cross-session,AdaBN
90,16,1,0.00037444500003402936,123,A07,cross-session,AdaBN
91,16,0,0.00037643400014530926,123,A07,cross-session,AdaBN
92,16,0,0.0003664169998955913,123,A07,cross-session,AdaBN
93,16,0,0.0003667330001917435,123,A07,cross-session,AdaBN
94,16,1,0.00044188800006850215,123,A07,cross-session,AdaBN
95,16,0,0.0004453599999578728,123,A07,cross-session,AdaBN
96,16,1,0.0003734680001343804,123,A07,cross-session,AdaBN
97,16,0,0.00036234799995327194,123,A07,cross-session,AdaBN
98,16,0,0.00035779700010607485,123,A07,cross-session,AdaBN
99,16,0,0.0003604859998631582,123,A07,cross-session,AdaBN
100,16,1,0.0003602289998525521,123,A07,cross-session,AdaBN
101,16,1,0.0003579469998840068,123,A07,cross-session,AdaBN
102,16,0,0.0003691829999752372,123,A07,cross-session,AdaBN
103,16,0,0.00037208499998087063,123,A07,cross-session,AdaBN
104,16,0,0.0003722959997958242,123,A07,cross-session,AdaBN
105,16,0,0.00042065599996021774,123,A07,cross-session,AdaBN
106,16,1,0.0004480699999476201,123,A07,cross-session,AdaBN
107,16,0,0.00039071699984560837,123,A07,cross-session,AdaBN
108,16,0,0.0003971040000578796,123,A07,cross-session,AdaBN
109,16,0,0.00037767300000268733,123,A07,cross-session,AdaBN
110,16,0,0.0003540600000633276,123,A07,cross-session,AdaBN
111,16,0,0.0003967879999891011,123,A07,cross-session,AdaBN
112,16,0,0.0003754179999759799,123,A07,cross-session,AdaBN
113,16,1,0.0003583780001008563,123,A07,cross-session,AdaBN
114,16,0,0.0005039659999965806,123,A07,cross-session,AdaBN
115,16,0,0.0004855639999732375,123,A07,cross-session,AdaBN
116,16,1,0.0004217299999709212,123,A07,cross-session,AdaBN
117,16,0,0.00042635199997675954,123,A07,cross-session,AdaBN
118,16,0,0.00035498299985192716,123,A07,cross-session,AdaBN
119,16,0,0.0004130300001179421,123,A07,cross-session,AdaBN
120,16,0,0.0003956689999995433,123,A07,cross-session,AdaBN
121,16,0,0.00036538999984259135,123,A07,cross-session,AdaBN
122,16,1,0.00044831099990005896,123,A07,cross-session,AdaBN
123,16,0,0.00042671899996094,123,A07,cross-session,AdaBN
124,16,1,0.0003840890001356456,123,A07,cross-session,AdaBN
125,16,1,0.0003702209999119077,123,A07,cross-session,AdaBN
126,16,1,0.0004235450001033314,123,A07,cross-session,AdaBN
127,16,1,0.0004090500001439068,123,A07,cross-session,AdaBN
128,16,1,0.0004436469998836401,123,A07,cross-session,AdaBN
129,16,1,0.00041782899984355026,123,A07,cross-session,AdaBN
130,16,0,0.0003658050000012736,123,A07,cross-session,AdaBN
131,16,0,0.00039464399992539256,123,A07,cross-session,AdaBN
132,16,1,0.0004154250000283355,123,A07,cross-session,AdaBN
133,16,0,0.00036465899984250427,123,A07,cross-session,AdaBN
134,16,1,0.00039680600002611754,123,A07,cross-session,AdaBN
135,16,1,0.0004166409999015741,123,A07,cross-session,AdaBN
136,16,0,0.00041743699989638117,123,A07,cross-session,AdaBN
137,16,0,0.00040061599997898156,123,A07,cross-session,AdaBN
138,16,0,0.0004355080000095768,123,A07,cross-session,AdaBN
139,16,1,0.00036206100003255415,123,A07,cross-session,AdaBN
140,16,0,0.00035947499986832554,123,A07,cross-session,AdaBN
141,16,1,0.0004153710001446598,123,A07,cross-session,AdaBN
142,16,1,0.00036382400003276416,123,A07,cross-session,AdaBN
143,16,1,0.00039514299987786217,123,A07,cross-session,AdaBN
144,16,0,0.0004195859999072127,123,A07,cross-session,AdaBN
145,16,1,0.0003766410000025644,123,A07,cross-session,AdaBN
146,16,0,0.00044907699998475437,123,A07,cross-session,AdaBN
147,16,1,0.0004583059999276884,123,A07,cross-session,AdaBN
148,16,1,0.00038496599995596625,123,A07,cross-session,AdaBN
149,16,1,0.00037351200012381014,123,A07,cross-session,AdaBN
150,16,1,0.00038863199984007224,123,A07,cross-session,AdaBN
151,16,1,0.0003599369999847113,123,A07,cross-session,AdaBN
152,16,0,0.0003764759999285161,123,A07,cross-session,AdaBN
153,16,0,0.0003954629999043391,123,A07,cross-session,AdaBN
154,16,0,0.0003553889998784143,123,A07,cross-session,AdaBN
155,16,1,0.00036776599995391734,123,A07,cross-session,AdaBN
156,16,1,0.0003707170001234772,123,A07,cross-session,AdaBN
157,16,1,0.0003949370000100316,123,A07,cross-session,AdaBN
158,16,0,0.0004175949998170836,123,A07,cross-session,AdaBN
159,16,0,0.0004330530000515864,123,A07,cross-session,AdaBN
160,16,0,0.00036250800008019723,123,A07,cross-session,AdaBN
161,16,0,0.00035513300008460646,123,A07,cross-session,AdaBN
162,16,1,0.0003851020001093275,123,A07,cross-session,AdaBN
163,16,0,0.0003551729998889641,123,A07,cross-session,AdaBN
164,16,1,0.0003666229999907955,123,A07,cross-session,AdaBN
165,16,1,0.0003652400000646594,123,A07,cross-session,AdaBN
166,16,0,0.0003500740001527447,123,A07,cross-session,AdaBN
167,16,0,0.00042021399985969765,123,A07,cross-session,AdaBN
168,16,1,0.00042044399992846593,123,A07,cross-session,AdaBN
169,16,0,0.00035846799983119126,123,A07,cross-session,AdaBN
170,16,0,0.0003906940000888426,123,A07,cross-session,AdaBN
171,16,1,0.0003702259998590307,123,A07,cross-session,AdaBN
172,16,0,0.00035144699995726114,123,A07,cross-session,AdaBN
173,16,1,0.0003714849999596481,123,A07,cross-session,AdaBN
174,16,1,0.00036053099984201253,123,A07,cross-session,AdaBN
175,16,1,0.0003663360000700777,123,A07,cross-session,AdaBN
176,16,1,0.0003659219999008201,123,A07,cross-session,AdaBN
177,16,0,0.0003668069998639112,123,A07,cross-session,AdaBN
178,16,0,0.00045424999984788883,123,A07,cross-session,AdaBN
179,16,0,0.000463795999849026,123,A07,cross-session,AdaBN
180,16,1,0.0004543249999642285,123,A07,cross-session,AdaBN
181,16,0,0.0003682330000174261,123,A07,cross-session,AdaBN
182,16,1,0.00038434900011452555,123,A07,cross-session,AdaBN
183,16,0,0.0003547329999946669,123,A07,cross-session,AdaBN
184,16,1,0.0003618270000060875,123,A07,cross-session,AdaBN
185,16,1,0.00041330499993819103,123,A07,cross-session,AdaBN
186,16,0,0.0003585639999528212,123,A07,cross-session,AdaBN
187,16,1,0.000382325000146011,123,A07,cross-session,AdaBN
188,16,0,0.00041422899994358886,123,A07,cross-session,AdaBN
189,16,0,0.0004815160000362084,123,A07,cross-session,AdaBN
190,16,1,0.0003604949999953533,123,A07,cross-session,AdaBN
191,16,1,0.00042757500000334403,123,A07,cross-session,AdaBN
192,16,0,0.00036244900002202485,123,A07,cross-session,AdaBN
193,16,1,0.00039409099986187357,123,A07,cross-session,AdaBN
194,16,1,0.0004292030000669911,123,A07,cross-session,AdaBN
195,16,0,0.00037407199988592765,123,A07,cross-session,AdaBN
196,16,1,0.0003634530000908853,123,A07,cross-session,AdaBN
197,16,0,0.0003957110000101238,123,A07,cross-session,AdaBN
198,16,1,0.00035144000003128895,123,A07,cross-session,AdaBN
199,16,1,0.0004501710000113235,123,A07,cross-session,AdaBN
200,16,1,0.0005035540000335459,123,A07,cross-session,AdaBN
201,16,0,0.00037977100009811693,123,A07,cross-session,AdaBN
202,16,0,0.00039370500007862574,123,A07,cross-session,AdaBN
203,16,0,0.000401754999984405,123,A07,cross-session,AdaBN
204,16,0,0.00035939500003223657,123,A07,cross-session,AdaBN
205,16,1,0.00038688700010425237,123,A07,cross-session,AdaBN
206,16,1,0.00039012299998830713,123,A07,cross-session,AdaBN
207,16,1,0.0003683949998958269,123,A07,cross-session,AdaBN
208,16,0,0.00037450200011335255,123,A07,cross-session,AdaBN
209,16,0,0.00037932999998702144,123,A07,cross-session,AdaBN
210,16,1,0.0004300840000723838,123,A07,cross-session,AdaBN
211,16,1,0.0004465500001060718,123,A07,cross-session,AdaBN
212,16,1,0.0004196229999706702,123,A07,cross-session,AdaBN
213,16,0,0.0003675269999803277,123,A07,cross-session,AdaBN
214,16,1,0.0003909679999196669,123,A07,cross-session,AdaBN
215,16,0,0.0003842760002044088,123,A07,cross-session,AdaBN
216,16,1,0.0003677290001178335,123,A07,cross-session,AdaBN
217,16,0,0.0004040240000904305,123,A07,cross-session,AdaBN
218,16,0,0.00038611800005128316,123,A07,cross-session,AdaBN
219,16,0,0.00036991000001762586,123,A07,cross-session,AdaBN
220,16,0,0.0004485540000587207,123,A07,cross-session,AdaBN
221,16,0,0.0004280380001091544,123,A07,cross-session,AdaBN
222,16,1,0.00035757099999500497,123,A07,cross-session,AdaBN
223,16,1,0.0004074060000220925,123,A07,cross-session,AdaBN
224,16,1,0.0003959040000154346,123,A07,cross-session,AdaBN
225,16,1,0.0003778620000502997,123,A07,cross-session,AdaBN
226,16,1,0.00038076999999248073,123,A07,cross-session,AdaBN
227,16,0,0.00038053200000831566,123,A07,cross-session,AdaBN
228,16,1,0.0003604660000746662,123,A07,cross-session,AdaBN
229,16,1,0.0003973849998146761,123,A07,cross-session,AdaBN
230,16,1,0.0003703800000494084,123,A07,cross-session,AdaBN
231,16,0,0.0004279199999928096,123,A07,cross-session,AdaBN
232,16,0,0.000436784999919837,123,A07,cross-session,AdaBN
233,16,0,0.00039723600002616877,123,A07,cross-session,AdaBN
234,16,0,0.0003567259998362715,123,A07,cross-session,AdaBN
235,16,1,0.0004300709999824903,123,A07,cross-session,AdaBN
236,16,0,0.0003604949999953533,123,A07,cross-session,AdaBN
237,16,0,0.00035598099998424004,123,A07,cross-session,AdaBN
238,16,0,0.00041059199998016993,123,A07,cross-session,AdaBN
239,16,0,0.0003590930000427761,123,A07,cross-session,AdaBN
240,16,1,0.0004056969999055582,123,A07,cross-session,AdaBN
241,16,1,0.00040200000012191595,123,A07,cross-session,AdaBN
242,16,0,0.00040797899987410347,123,A07,cross-session,AdaBN
243,16,1,0.00041772700001274643,123,A07,cross-session,AdaBN
244,16,1,0.0004043040000851761,123,A07,cross-session,AdaBN
245,16,0,0.0003572189998521935,123,A07,cross-session,AdaBN
246,16,1,0.0003553960000317602,123,A07,cross-session,AdaBN
247,16,0,0.0003626790000907931,123,A07,cross-session,AdaBN
248,16,1,0.00035569200008467305,123,A07,cross-session,AdaBN
249,16,0,0.00037174899989622645,123,A07,cross-session,AdaBN
250,16,1,0.000359110000090368,123,A07,cross-session,AdaBN
251,16,0,0.0003554280001480947,123,A07,cross-session,AdaBN
252,16,1,0.0003656899998532026,123,A07,cross-session,AdaBN
253,16,1,0.0004799890000413143,123,A07,cross-session,AdaBN
254,16,0,0.00041744500003915164,123,A07,cross-session,AdaBN
255,16,1,0.00041577199999665027,123,A07,cross-session,AdaBN
256,16,1,0.0004102200000488665,123,A07,cross-session,AdaBN
257,16,0,0.0003638670000327693,123,A07,cross-session,AdaBN
258,16,0,0.0004073539998898923,123,A07,cross-session,AdaBN
259,16,0,0.00040899599980548373,123,A07,cross-session,AdaBN
260,16,1,0.0003576589999738644,123,A07,cross-session,AdaBN
261,16,0,0.00040282600002683466,123,A07,cross-session,AdaBN
262,16,1,0.00044273799994698493,123,A07,cross-session,AdaBN
263,16,0,0.00037599600000248756,123,A07,cross-session,AdaBN
264,16,0,0.000418067000055089,123,A07,cross-session,AdaBN
265,16,1,0.00039625999988857075,123,A07,cross-session,AdaBN
266,16,1,0.00035541500005820126,123,A07,cross-session,AdaBN
267,16,1,0.0004000339999947755,123,A07,cross-session,AdaBN
268,16,1,0.00037235900003906863,123,A07,cross-session,AdaBN
269,16,1,0.00035834499999509717,123,A07,cross-session,AdaBN
270,16,0,0.00038063800002419157,123,A07,cross-session,AdaBN
271,16,1,0.00038707299995621725,123,A07,cross-session,AdaBN
272,16,0,0.00044333899995763204,123,A07,cross-session,AdaBN
273,16,1,0.0003848960000141233,123,A07,cross-session,AdaBN
274,16,1,0.0003844810000828147,123,A07,cross-session,AdaBN
275,16,1,0.00035842499983118614,123,A07,cross-session,AdaBN
276,16,0,0.00036803800003326614,123,A07,cross-session,AdaBN
277,16,1,0.00037345700002333615,123,A07,cross-session,AdaBN
278,16,1,0.00036455600002227584,123,A07,cross-session,AdaBN
279,16,0,0.00035144599996783654,123,A07,cross-session,AdaBN
280,16,0,0.0003624389999004052,123,A07,cross-session,AdaBN
281,16,0,0.0003536439999152208,123,A07,cross-session,AdaBN
282,16,1,0.0003644159999112162,123,A07,cross-session,AdaBN
283,16,0,0.0003726669999650767,123,A07,cross-session,AdaBN
284,16,1,0.00042236800004502584,123,A07,cross-session,AdaBN
285,16,0,0.0003578399998787063,123,A07,cross-session,AdaBN
286,16,1,0.0003669069999432395,123,A07,cross-session,AdaBN
287,16,0,0.00037081400000715803,123,A07,cross-session,AdaBN
0,1,1,0.002260775999957332,123,A08,cross-session,AdaBN
1,2,1,0.002060703000097419,123,A08,cross-session,AdaBN
2,3,1,0.0019954679999045766,123,A08,cross-session,AdaBN
3,4,1,0.001972895999870161,123,A08,cross-session,AdaBN
4,5,1,0.0016402080000261776,123,A08,cross-session,AdaBN
5,6,1,0.001514772000064113,123,A08,cross-session,AdaBN
6,7,1,0.0015837230000670388,123,A08,cross-session,AdaBN
7,8,0,0.0015792029998920043,123,A08,cross-session,AdaBN
8,9,1,0.0016171160000340024,123,A08,cross-session,AdaBN
9,10,0,0.0011939649998566892,123,A08,cross-session,AdaBN
10,11,1,0.0007690610000281595,123,A08,cross-session,AdaBN
11,12,1,0.0007234610000068642,123,A08,cross-session,AdaBN
12,13,1,0.0007037949999357807,123,A08,cross-session,AdaBN
13,14,1,0.000712101999852166,123,A08,cross-session,AdaBN
14,15,0,0.0004719599999134516,123,A08,cross-session,AdaBN
15,16,1,0.0005727750001369714,123,A08,cross-session,AdaBN
16,16,1,0.0006050069998764229,123,A08,cross-session,AdaBN
17,16,1,0.0005951209998329432,123,A08,cross-session,AdaBN
18,16,1,0.0005409149998740759,123,A08,cross-session,AdaBN
19,16,0,0.000499592999858578,123,A08,cross-session,AdaBN
20,16,0,0.00040835800018612645,123,A08,cross-session,AdaBN
21,16,1,0.0005185960001199419,123,A08,cross-session,AdaBN
22,16,1,0.00041678699994918134,123,A08,cross-session,AdaBN
23,16,0,0.0005345829999896523,123,A08,cross-session,AdaBN
24,16,0,0.0005739880000419362,123,A08,cross-session,AdaBN
25,16,1,0.00044326300007924146,123,A08,cross-session,AdaBN
26,16,1,0.0005872919998637371,123,A08,cross-session,AdaBN
27,16,0,0.0005120099999658123,123,A08,cross-session,AdaBN
28,16,0,0.0005801190000056522,123,A08,cross-session,AdaBN
29,16,0,0.0005947480001395888,123,A08,cross-session,AdaBN
30,16,1,0.0005766780000158178,123,A08,cross-session,AdaBN
31,16,1,0.0005882959999325976,123,A08,cross-session,AdaBN
32,16,1,0.0006234939999103517,123,A08,cross-session,AdaBN
33,16,1,0.0006676609998521599,123,A08,cross-session,AdaBN
34,16,1,0.0006990310000674071,123,A08,cross-session,AdaBN
35,16,1,0.0007425019998663629,123,A08,cross-session,AdaBN
36,16,1,0.0007785769998918113,123,A08,cross-session,AdaBN
37,16,1,0.0007791680000082124,123,A08,cross-session,AdaBN
38,16,1,0.0012257299999873794,123,A08,cross-session,AdaBN
39,16,0,0.0010185439998622314,123,A08,cross-session,AdaBN
40,16,0,0.0009830460001012398,123,A08,cross-session,AdaBN
41,16,1,0.0010368869998274022,123,A08,cross-session,AdaBN
42,16,1,0.001178006000145615,123,A08,cross-session,AdaBN
43,16,0,0.0010952079999242414,123,A08,cross-session,AdaBN
44,16,1,0.0011227479999433854,123,A08,cross-session,AdaBN
45,16,0,0.0012852209999891784,123,A08,cross-session,AdaBN
46,16,1,0.0014318590001494158,123,A08,cross-session,AdaBN
47,16,1,0.0014839689999917027,123,A08,cross-session,AdaBN
48,16,0,0.0015425520000462711,123,A08,cross-session,AdaBN
49,16,1,0.0016285039998820139,123,A08,cross-session,AdaBN
50,16,1,0.0018194530000528175,123,A08,cross-session,AdaBN
51,16,1,0.0019081600000845356,123,A08,cross-session,AdaBN
52,16,1,0.0018840789998648688,123,A08,cross-session,AdaBN
53,16,1,0.0020044830000642833,123,A08,cross-session,AdaBN
54,16,1,0.0017741459998887876,123,A08,cross-session,AdaBN
55,16,0,0.0017208829999617592,123,A08,cross-session,AdaBN
56,16,0,0.0016339029998562182,123,A08,cross-session,AdaBN
57,16,1,0.001567925000017567,123,A08,cross-session,AdaBN
58,16,1,0.0014948409998396528,123,A08,cross-session,AdaBN
59,16,0,0.0014237939999475202,123,A08,cross-session,AdaBN
60,16,0,0.0013582770000084565,123,A08,cross-session,AdaBN
61,16,1,0.0012662299998282833,123,A08,cross-session,AdaBN
62,16,1,0.0012688410001828743,123,A08,cross-session,AdaBN
63,16,1,0.0011655069999960688,123,A08,cross-session,AdaBN
64,16,1,0.00114727999994102,123,A08,cross-session,AdaBN
65,16,1,0.001065615000015896,123,A08,cross-session,AdaBN
66,16,1,0.0010065750000194384,123,A08,cross-session,AdaBN
67,16,1,0.000995156000044517,123,A08,cross-session,AdaBN
68,16,1,0.00093927599982635,123,A08,cross-session,AdaBN
69,16,0,0.000899528999980248,123,A08,cross-session,AdaBN
70,16,1,0.0008898490000319725,123,A08,cross-session,AdaBN
71,16,1,0.0008333579999089125,123,A08,cross-session,AdaBN
72,16,1,0.0008011850000002596,123,A08,cross-session,AdaBN
73,16,1,0.0007702780001181964,123,A08,cross-session,AdaBN
74,16,1,0.0007334379999974772,123,A08,cross-session,AdaBN
75,16,1,0.0007213040000806359,123,A08,cross-session,AdaBN
76,16,1,0.0006938829999398877,123,A08,cross-session,AdaBN
77,16,1,0.0006800779999593942,123,A08,cross-session,AdaBN
78,16,1,0.000647716000003129,123,A08,cross-session,AdaBN
79,16,1,0.0006233579999843641,123,A08,cross-session,AdaBN
80,16,1,0.0006142089998775191,123,A08,cross-session,AdaBN
81,16,0,0.0005941099998381105,123,A08,cross-session,AdaBN
82,16,1,0.0005587699999978213,123,A08,cross-session,AdaBN
83,16,0,0.0005615280001620704,123,A08,cross-session,AdaBN
84,16,1,0.0005298339999626478,123,A08,cross-session,AdaBN
85,16,0,0.0005284769999889249,123,A08,cross-session,AdaBN
86,16,1,0.0005086450000817422,123,A08,cross-session,AdaBN
87,16,0,0.0004836400000840513,123,A08,cross-session,AdaBN
88,16,0,0.0004988450000382727,123,A08,cross-session,AdaBN
89,16,0,0.00046619099998679303,123,A08,cross-session,AdaBN
90,16,0,0.00048665700001038203,123,A08,cross-session,AdaBN
91,16,0,0.00045726999996986706,123,A08,cross-session,AdaBN
92,16,1,0.0004220450000502751,123,A08,cross-session,AdaBN
93,16,1,0.00043033499991906865,123,A08,cross-session,AdaBN
94,16,0,0.00040553899998485576,123,A08,cross-session,AdaBN
95,16,0,0.00040953300003820914,123,A08,cross-session,AdaBN
96,16,1,0.00043181399996683467,123,A08,cross-session,AdaBN
97,16,0,0.00040863599997464917,123,A08,cross-session,AdaBN
98,16,1,0.0003686789998482709,123,A08,cross-session,AdaBN
99,16,1,0.0003558260000318114,123,A08,cross-session,AdaBN
100,16,1,0.0003561150001587521,123,A08,cross-session,AdaBN
101,16,0,0.00035344200000508863,123,A08,cross-session,AdaBN
102,16,1,0.00035404799996285874,123,A08,cross-session,AdaBN
103,16,0,0.00035530100012692856,123,A08,cross-session,AdaBN
104,16,1,0.0003426139999191946,123,A08,cross-session,AdaBN
105,16,1,0.00036184700002195314,123,A08,cross-session,AdaBN
106,16,1,0.0003617920001488528,123,A08,cross-session,AdaBN
107,16,0,0.0004178040001079353,123,A08,cross-session,AdaBN
108,16,0,0.00039093700002013065,123,A08,cross-session,AdaBN
109,16,1,0.0004651520000606979,123,A08,cross-session,AdaBN
110,16,0,0.0004305669999666861,123,A08,cross-session,AdaBN
111,16,0,0.00044636400002673327,123,A08,cross-session,AdaBN
112,16,1,0.0004108880000330828,123,A08,cross-session,AdaBN
113,16,1,0.0004965790001278947,123,A08,cross-session,AdaBN
114,16,1,0.0005061310000655794,123,A08,cross-session,AdaBN
115,16,1,0.00045699500014961814,123,A08,cross-session,AdaBN
116,16,1,0.000466758999891681,123,A08,cross-session,AdaBN
117,16,1,0.00043349999987185583,123,A08,cross-session,AdaBN
118,16,1,0.00048381200008407177,123,A08,cross-session,AdaBN
119,16,1,0.00041513199994369643,123,A08,cross-session,AdaBN
120,16,0,0.0004232329999922513,123,A08,cross-session,AdaBN
121,16,1,0.00039488199990955763,123,A08,cross-session,AdaBN
122,16,1,0.0004835709999042592,123,A08,cross-session,AdaBN
123,16,1,0.0004314970001360052,123,A08,cross-session,AdaBN
124,16,1,0.00043703300002562173,123,A08,cross-session,AdaBN
125,16,0,0.00035397700003159116,123,A08,cross-session,AdaBN
126,16,1,0.000445924999894487,123,A08,cross-session,AdaBN
127,16,1,0.00038766600005146756,123,A08,cross-session,AdaBN
128,16,0,0.0004582930000651686,123,A08,cross-session,AdaBN
129,16,1,0.000356445000079475,123,A08,cross-session,AdaBN
130,16,0,0.00041866100013976393,123,A08,cross-session,AdaBN
131,16,0,0.0003565950000847806,123,A08,cross-session,AdaBN
132,16,1,0.00044399400007932854,123,A08,cross-session,AdaBN
133,16,0,0.0003902390001258027,123,A08,cross-session,AdaBN
134,16,1,0.00037937000001875276,123,A08,cross-session,AdaBN
135,16,1,0.00045041200019113603,123,A08,cross-session,AdaBN
136,16,1,0.0004154079999807436,123,A08,cross-session,AdaBN
137,16,1,0.00045739100005448563,123,A08,cross-session,AdaBN
138,16,0,0.0004076220000115427,123,A08,cross-session,AdaBN
139,16,1,0.00038690399992447055,123,A08,cross-session,AdaBN
140,16,0,0.0004612279999491875,123,A08,cross-session,AdaBN
141,16,0,0.00041344500004925067,123,A08,cross-session,AdaBN
142,16,1,0.0004607170001236227,123,A08,cross-session,AdaBN
143,16,1,0.00045111999997971,123,A08,cross-session,AdaBN
144,16,0,0.00045550699996965704,123,A08,cross-session,AdaBN
145,16,1,0.0005067000001872657,123,A08,cross-session,AdaBN
146,16,1,0.0004898329998468398,123,A08,cross-session,AdaBN
147,16,0,0.0004516440001225419,123,A08,cross-session,AdaBN
148,16,1,0.00044254500016904785,123,A08,cross-session,AdaBN
149,16,1,0.0004477219999898807,123,A08,cross-session,AdaBN
150,16,1,0.00043586900005720963,123,A08,cross-session,AdaBN
151,16,1,0.00048664899986761156,123,A08,cross-session,AdaBN
152,16,0,0.00040073700006360014,123,A08,cross-session,AdaBN
153,16,1,0.0005026169999382546,123,A08,cross-session,AdaBN
154,16,1,0.00047243300014088163,123,A08,cross-session,AdaBN
155,16,0,0.00041328800011797284,123,A08,cross-session,AdaBN
156,16,0,0.0004901890001747233,123,A08,cross-session,AdaBN
157,16,0,0.0005813800000851188,123,A08,cross-session,AdaBN
158,16,1,0.0005661429997871892,123,A08,cross-session,AdaBN
159,16,0,0.000576550000005227,123,A08,cross-session,AdaBN
160,16,1,0.0005835679999108834,123,A08,cross-session,AdaBN
161,16,1,0.0005050839999967138,123,A08,cross-session,AdaBN
162,16,1,0.0006209690000105184,123,A08,cross-session,AdaBN
163,16,0,0.0005520039999282744,123,A08,cross-session,AdaBN
164,16,1,0.0005160519999662938,123,A08,cross-session,AdaBN
165,16,1,0.0005399539998052205,123,A08,cross-session,AdaBN
166,16,0,0.00035823999996864586,123,A08,cross-session,AdaBN
167,16,1,0.0004555890000119689,123,A08,cross-session,AdaBN
168,16,0,0.0004784870000094088,123,A08,cross-session,AdaBN
169,16,1,0.00039620600000489503,123,A08,cross-session,AdaBN
170,16,0,0.00043530400012059545,123,A08,cross-session,AdaBN
171,16,0,0.00041900599990185583,123,A08,cross-session,AdaBN
172,16,1,0.00037064499997541134,123,A08,cross-session,AdaBN
173,16,1,0.00045069999987390474,123,A08,cross-session,AdaBN
174,16,1,0.00036791599995922297,123,A08,cross-session,AdaBN
175,16,1,0.00039593799988324463,123,A08,cross-session,AdaBN
176,16,1,0.00045921999981146655,123,A08,cross-session,AdaBN
177,16,1,0.0003456550000464631,123,A08,cross-session,AdaBN
178,16,0,0.00044017400000484486,123,A08,cross-session,AdaBN
179,16,0,0.0004739619998872513,123,A08,cross-session,AdaBN
180,16,1,0.0003775739999127836,123,A08,cross-session,AdaBN
181,16,0,0.0004652209997857426,123,A08,cross-session,AdaBN
182,16,0,0.00043316100004631153,123,A08,cross-session,AdaBN
183,16,1,0.00036830400017606735,123,A08,cross-session,AdaBN
184,16,1,0.00043657700007315725,123,A08,cross-session,AdaBN
185,16,1,0.000383037000119657,123,A08,cross-session,AdaBN
186,16,0,0.0003737050001291209,123,A08,cross-session,AdaBN
187,16,0,0.0004597930001182249,123,A08,cross-session,AdaBN
188,16,0,0.00034624499994606595,123,A08,cross-session,AdaBN
189,16,1,0.00041986300016105815,123,A08,cross-session,AdaBN
190,16,1,0.00044156300009490224,123,A08,cross-session,AdaBN
191,16,0,0.00038857300000927353,123,A08,cross-session,AdaBN
192,16,1,0.0004570830001284776,123,A08,cross-session,AdaBN
193,16,1,0.00040792499999042775,123,A08,cross-session,AdaBN
194,16,1,0.0003516519998356671,123,A08,cross-session,AdaBN
195,16,1,0.00043071599998256715,123,A08,cross-session,AdaBN
196,16,0,0.0003942260000258102,123,A08,cross-session,AdaBN
197,16,0,0.00038717699999324395,123,A08,cross-session,AdaBN
198,16,0,0.00042845899997701054,123,A08,cross-session,AdaBN
199,16,1,0.00036372999988998345,123,A08,cross-session,AdaBN
200,16,1,0.0004407010001159506,123,A08,cross-session,AdaBN
201,16,0,0.00047437800003535813,123,A08,cross-session,AdaBN
202,16,1,0.00043349299994588364,123,A08,cross-session,AdaBN
203,16,1,0.00039077299993550696,123,A08,cross-session,AdaBN
204,16,1,0.00042784999982359295,123,A08,cross-session,AdaBN
205,16,1,0.0003563960001429223,123,A08,cross-session,AdaBN
206,16,0,0.00038447299994004425,123,A08,cross-session,AdaBN
207,16,1,0.00041952800006583857,123,A08,cross-session,AdaBN
208,16,1,0.00036001500006932474,123,A08,cross-session,AdaBN
209,16,0,0.0003805209998972714,123,A08,cross-session,AdaBN
210,16,1,0.0003903450001416786,123,A08,cross-session,AdaBN
211,16,0,0.0004339600000093924,123,A08,cross-session,AdaBN
212,16,1,0.00042877100008809066,123,A08,cross-session,AdaBN
213,16,1,0.0004061189999902126,123,A08,cross-session,AdaBN
214,16,1,0.0003522059998886107,123,A08,cross-session,AdaBN
215,16,1,0.00040840900010152836,123,A08,cross-session,AdaBN
216,16,1,0.00035309400004734925,123,A08,cross-session,AdaBN
217,16,1,0.0003600979998736875,123,A08,cross-session,AdaBN
218,16,0,0.0003827309999451245,123,A08,cross-session,AdaBN
219,16,0,0.0003866590000143333,123,A08,cross-session,AdaBN
220,16,1,0.00039198500007842085,123,A08,cross-session,AdaBN
221,16,1,0.0004517730001225573,123,A08,cross-session,AdaBN
222,16,1,0.00044776000004276284,123,A08,cross-session,AdaBN
223,16,1,0.0003729400000338501,123,A08,cross-session,AdaBN
224,16,0,0.00039632199991501693,123,A08,cross-session,AdaBN
225,16,0,0.00034729300000435614,123,A08,cross-session,AdaBN
226,16,1,0.0003765299998121918,123,A08,cross-session,AdaBN
227,16,0,0.0003667490000225371,123,A08,cross-session,AdaBN
228,16,0,0.0003568750000795262,123,A08,cross-session,AdaBN
229,16,1,0.000363078999953359,123,A08,cross-session,AdaBN
230,16,1,0.0003548539998519118,123,A08,cross-session,AdaBN
231,16,1,0.0003553950000423356,123,A08,cross-session,AdaBN
232,16,0,0.00039215599986164307,123,A08,cross-session,AdaBN
233,16,0,0.0004341869998825132,123,A08,cross-session,AdaBN
234,16,1,0.00040559900003245275,123,A08,cross-session,AdaBN
235,16,1,0.0004012649999367568,123,A08,cross-session,AdaBN
236,16,1,0.00036517399985314114,123,A08,cross-session,AdaBN
237,16,1,0.00036786600003324565,123,A08,cross-session,AdaBN
238,16,1,0.0003612479999901552,123,A08,cross-session,AdaBN
239,16,1,0.00035291600011078117,123,A08,cross-session,AdaBN
240,16,1,0.0003572640000584215,123,A08,cross-session,AdaBN
241,16,1,0.0003550110000105633,123,A08,cross-session,AdaBN
242,16,1,0.00035670099987328285,123,A08,cross-session,AdaBN
243,16,1,0.00036146999991615303,123,A08,cross-session,AdaBN
244,16,1,0.0004497719999108085,123,A08,cross-session,AdaBN
245,16,1,0.0004227130000344914,123,A08,cross-session,AdaBN
246,16,0,0.00039864199993644434,123,A08,cross-session,AdaBN
247,16,0,0.0003574529998786602,123,A08,cross-session,AdaBN
248,16,0,0.000408997000022282,123,A08,cross-session,AdaBN
249,16,1,0.00038409599983424414,123,A08,cross-session,AdaBN
250,16,0,0.0003703410000071017,123,A08,cross-session,AdaBN
251,16,0,0.0003817760000401904,123,A08,cross-session,AdaBN
252,16,1,0.00037119400008123193,123,A08,cross-session,AdaBN
253,16,1,0.0003741129999070836,123,A08,cross-session,AdaBN
254,16,0,0.00042342699998698663,123,A08,cross-session,AdaBN
255,16,0,0.0004505029999108956,123,A08,cross-session,AdaBN
256,16,1,0.00036649999992732774,123,A08,cross-session,AdaBN
257,16,1,0.0003691629999593715,123,A08,cross-session,AdaBN
258,16,1,0.00035028000002057524,123,A08,cross-session,AdaBN
259,16,1,0.0003576620001695119,123,A08,cross-session,AdaBN
260,16,1,0.0003569619998415874,123,A08,cross-session,AdaBN
261,16,0,0.00034807799988811894,123,A08,cross-session,AdaBN
262,16,1,0.0003681139999116567,123,A08,cross-session,AdaBN
263,16,0,0.00036648700006480794,123,A08,cross-session,AdaBN
264,16,0,0.00038137799992910004,123,A08,cross-session,AdaBN
265,16,1,0.00042712499998742715,123,A08,cross-session,AdaBN
266,16,0,0.0004372089999833406,123,A08,cross-session,AdaBN
267,16,1,0.00037184400002843176,123,A08,cross-session,AdaBN
268,16,1,0.00036405600008038164,123,A08,cross-session,AdaBN
269,16,1,0.0003811809999660909,123,A08,cross-session,AdaBN
270,16,1,0.0003517410000313248,123,A08,cross-session,AdaBN
271,16,1,0.0003879840000990953,123,A08,cross-session,AdaBN
272,16,0,0.00040636700009599735,123,A08,cross-session,AdaBN
273,16,1,0.0003510369999730756,123,A08,cross-session,AdaBN
274,16,1,0.0003582189999633556,123,A08,cross-session,AdaBN
275,16,1,0.0004481170001326973,123,A08,cross-session,AdaBN
276,16,0,0.00043338899990885693,123,A08,cross-session,AdaBN
277,16,0,0.00037932400005047384,123,A08,cross-session,AdaBN
278,16,0,0.00039315899994107895,123,A08,cross-session,AdaBN
279,16,0,0.00035357300021132687,123,A08,cross-session,AdaBN
280,16,1,0.0003571150000425405,123,A08,cross-session,AdaBN
281,16,0,0.00035874500008503674,123,A08,cross-session,AdaBN
282,16,0,0.0003549410000687203,123,A08,cross-session,AdaBN
283,16,1,0.00035202900016884087,123,A08,cross-session,AdaBN
284,16,1,0.00035338799989403924,123,A08,cross-session,AdaBN
285,16,0,0.0003530190001583833,123,A08,cross-session,AdaBN
286,16,0,0.00042548399983388663,123,A08,cross-session,AdaBN
287,16,0,0.00045860399995945045,123,A08,cross-session,AdaBN
0,1,1,0.0024278630000935664,123,A09,cross-session,AdaBN
1,2,1,0.001952199000015753,123,A09,cross-session,AdaBN
2,3,1,0.0019324790000609937,123,A09,cross-session,AdaBN
3,4,1,0.001913397000180339,123,A09,cross-session,AdaBN
4,5,1,0.0019085540000105539,123,A09,cross-session,AdaBN
5,6,1,0.0015535649999947054,123,A09,cross-session,AdaBN
6,7,1,0.0015627969999059133,123,A09,cross-session,AdaBN
7,8,0,0.0015222439999433846,123,A09,cross-session,AdaBN
8,9,0,0.0014827950001290446,123,A09,cross-session,AdaBN
9,10,1,0.0015283660000022792,123,A09,cross-session,AdaBN
10,11,1,0.00156286999981603,123,A09,cross-session,AdaBN
11,12,0,0.001819788000148037,123,A09,cross-session,AdaBN
12,13,1,0.0016849739999997837,123,A09,cross-session,AdaBN
13,14,1,0.0006166670000311569,123,A09,cross-session,AdaBN
14,15,1,0.0005925339999066637,123,A09,cross-session,AdaBN
15,16,1,0.00042597199990268564,123,A09,cross-session,AdaBN
16,16,1,0.0005139889999554725,123,A09,cross-session,AdaBN
17,16,1,0.0004370619999463088,123,A09,cross-session,AdaBN
18,16,1,0.00045329999989007774,123,A09,cross-session,AdaBN
19,16,1,0.0005730429998038744,123,A09,cross-session,AdaBN
20,16,1,0.0005958430001555826,123,A09,cross-session,AdaBN
21,16,1,0.0005489480001870106,123,A09,cross-session,AdaBN
22,16,1,0.0006591080000362126,123,A09,cross-session,AdaBN
23,16,1,0.0004968439998265239,123,A09,cross-session,AdaBN
24,16,1,0.000562450000188619,123,A09,cross-session,AdaBN
25,16,1,0.0005835049998950126,123,A09,cross-session,AdaBN
26,16,1,0.0005366180000692111,123,A09,cross-session,AdaBN
27,16,1,0.0006030930001088564,123,A09,cross-session,AdaBN
28,16,1,0.0005821279999054241,123,A09,cross-session,AdaBN
29,16,1,0.00044157499996799743,123,A09,cross-session,AdaBN
30,16,1,0.0005101669999021397,123,A09,cross-session,AdaBN
31,16,1,0.00037164699983804894,123,A09,cross-session,AdaBN
32,16,1,0.00040183300006901845,123,A09,cross-session,AdaBN
33,16,0,0.00035979099993710406,123,A09,cross-session,AdaBN
34,16,0,0.00042002899999715737,123,A09,cross-session,AdaBN
35,16,1,0.00035587299998951494,123,A09,cross-session,AdaBN
36,16,1,0.0004505029999108956,123,A09,cross-session,AdaBN
37,16,1,0.0004467369999474613,123,A09,cross-session,AdaBN
38,16,1,0.00045633700005964783,123,A09,cross-session,AdaBN
39,16,1,0.0003632059999745252,123,A09,cross-session,AdaBN
40,16,1,0.0005819560001327773,123,A09,cross-session,AdaBN
41,16,1,0.0005243890000201645,123,A09,cross-session,AdaBN
42,16,1,0.00040094200016937975,123,A09,cross-session,AdaBN
43,16,0,0.0004790329999195819,123,A09,cross-session,AdaBN
44,16,1,0.0003968930000155524,123,A09,cross-session,AdaBN
45,16,0,0.00046142699989104585,123,A09,cross-session,AdaBN
46,16,1,0.00039099499986150477,123,A09,cross-session,AdaBN
47,16,1,0.00048146699987228203,123,A09,cross-session,AdaBN
48,16,1,0.0004859209998357983,123,A09,cross-session,AdaBN
49,16,1,0.0004993199997898046,123,A09,cross-session,AdaBN
50,16,1,0.0005781239999578247,123,A09,cross-session,AdaBN
51,16,1,0.0005307170001742634,123,A09,cross-session,AdaBN
52,16,1,0.0005059059999439341,123,A09,cross-session,AdaBN
53,16,1,0.0004091639998478058,123,A09,cross-session,AdaBN
54,16,1,0.00045617199998559954,123,A09,cross-session,AdaBN
55,16,1,0.000421932000108427,123,A09,cross-session,AdaBN
56,16,1,0.0003711660001499695,123,A09,cross-session,AdaBN
57,16,1,0.0003945119999571034,123,A09,cross-session,AdaBN
58,16,1,0.00034999900003640505,123,A09,cross-session,AdaBN
59,16,1,0.0004112720000648551,123,A09,cross-session,AdaBN
60,16,1,0.00034501300001466007,123,A09,cross-session,AdaBN
61,16,1,0.0004670190000979346,123,A09,cross-session,AdaBN
62,16,1,0.0004045929999847431,123,A09,cross-session,AdaBN
63,16,1,0.0004659690000607952,123,A09,cross-session,AdaBN
64,16,1,0.0004168530001606996,123,A09,cross-session,AdaBN
65,16,1,0.0003556699998625845,123,A09,cross-session,AdaBN
66,16,1,0.0003791379999711353,123,A09,cross-session,AdaBN
67,16,1,0.00037755399989691796,123,A09,cross-session,AdaBN
68,16,1,0.000372836999986248,123,A09,cross-session,AdaBN
69,16,0,0.00039105400014705083,123,A09,cross-session,AdaBN
70,16,0,0.0004083960000116349,123,A09,cross-session,AdaBN
71,16,1,0.000360269999873708,123,A09,cross-session,AdaBN
72,16,1,0.00042230100007145666,123,A09,cross-session,AdaBN
73,16,1,0.00035911500003749097,123,A09,cross-session,AdaBN
74,16,1,0.00039336400004685856,123,A09,cross-session,AdaBN
75,16,1,0.00044565400003193645,123,A09,cross-session,AdaBN
76,16,1,0.00043544099980863393,123,A09,cross-session,AdaBN
77,16,1,0.0004398139999466366,123,A09,cross-session,AdaBN
78,16,0,0.00036923500010743737,123,A09,cross-session,AdaBN
79,16,1,0.00036742099996445177,123,A09,cross-session,AdaBN
80,16,1,0.0003537969998888002,123,A09,cross-session,AdaBN
81,16,1,0.0003678389998640341,123,A09,cross-session,AdaBN
82,16,1,0.00037672799999199924,123,A09,cross-session,AdaBN
83,16,1,0.0004027910001696,123,A09,cross-session,AdaBN
84,16,1,0.00036766299990631524,123,A09,cross-session,AdaBN
85,16,1,0.000394168999946487,123,A09,cross-session,AdaBN
86,16,1,0.00035253300006843347,123,A09,cross-session,AdaBN
87,16,1,0.00043640200010486296,123,A09,cross-session,AdaBN
88,16,0,0.00044001299988849496,123,A09,cross-session,AdaBN
89,16,1,0.00036677399998552573,123,A09,cross-session,AdaBN
90,16,1,0.00039470999990953715,123,A09,cross-session,AdaBN
91,16,1,0.0003489849998459249,123,A09,cross-session,AdaBN
92,16,1,0.00035879500001101405,123,A09,cross-session,AdaBN
93,16,0,0.00037289700003384496,123,A09,cross-session,AdaBN
94,16,0,0.00036246099989512004,123,A09,cross-session,AdaBN
95,16,1,0.0003821729999344825,123,A09,cross-session,AdaBN
96,16,1,0.00036356200007503503,123,A09,cross-session,AdaBN
97,16,1,0.0003541329999734444,123,A09,cross-session,AdaBN
98,16,1,0.00037422700006572995,123,A09,cross-session,AdaBN
99,16,1,0.00042993000010937976,123,A09,cross-session,AdaBN
100,16,1,0.00041938799995477893,123,A09,cross-session,AdaBN
101,16,1,0.0003726689999439259,123,A09,cross-session,AdaBN
102,16,1,0.00035055800003647164,123,A09,cross-session,AdaBN
103,16,1,0.00039840600015850214,123,A09,cross-session,AdaBN
104,16,0,0.0003629219997947075,123,A09,cross-session,AdaBN
105,16,1,0.0003648430001703673,123,A09,cross-session,AdaBN
106,16,1,0.00036726799999087234,123,A09,cross-session,AdaBN
107,16,1,0.00034926700004689337,123,A09,cross-session,AdaBN
108,16,0,0.00038601100004598266,123,A09,cross-session,AdaBN
109,16,1,0.0003796839998813084,123,A09,cross-session,AdaBN
110,16,1,0.0004232179999235086,123,A09,cross-session,AdaBN
111,16,1,0.0004512809998686862,123,A09,cross-session,AdaBN
112,16,1,0.0003941219999887835,123,A09,cross-session,AdaBN
113,16,1,0.0003786959998706152,123,A09,cross-session,AdaBN
114,16,0,0.0003474229999937961,123,A09,cross-session,AdaBN
115,16,1,0.00037323500009733834,123,A09,cross-session,AdaBN
116,16,1,0.0003813900000295689,123,A09,cross-session,AdaBN
117,16,0,0.0003601960002015403,123,A09,cross-session,AdaBN
118,16,1,0.0003899369999089686,123,A09,cross-session,AdaBN
119,16,1,0.0004289690000405244,123,A09,cross-session,AdaBN
120,16,0,0.00040604500009067124,123,A09,cross-session,AdaBN
121,16,1,0.00040293600000040897,123,A09,cross-session,AdaBN
122,16,1,0.00042378900002404407,123,A09,cross-session,AdaBN
123,16,1,0.0004443079999418842,123,A09,cross-session,AdaBN
124,16,1,0.00039011500007291033,123,A09,cross-session,AdaBN
125,16,1,0.0003562889999102481,123,A09,cross-session,AdaBN
126,16,0,0.00042014399991785467,123,A09,cross-session,AdaBN
127,16,1,0.000416462999965006,123,A09,cross-session,AdaBN
128,16,0,0.00038507499994011596,123,A09,cross-session,AdaBN
129,16,1,0.0004045419998419675,123,A09,cross-session,AdaBN
130,16,1,0.00037637400009771227,123,A09,cross-session,AdaBN
131,16,1,0.0003583359998629021,123,A09,cross-session,AdaBN
132,16,0,0.0004128739999487152,123,A09,cross-session,AdaBN
133,16,0,0.0004064129998369026,123,A09,cross-session,AdaBN
134,16,1,0.00044077600000491657,123,A09,cross-session,AdaBN
135,16,1,0.00041634499984866125,123,A09,cross-session,AdaBN
136,16,1,0.0003621460000431398,123,A09,cross-session,AdaBN
137,16,1,0.0004451199999948585,123,A09,cross-session,AdaBN
138,16,0,0.00038801200003035774,123,A09,cross-session,AdaBN
139,16,0,0.00035985999988952244,123,A09,cross-session,AdaBN
140,16,0,0.00038104800000837713,123,A09,cross-session,AdaBN
141,16,0,0.00036072400007469696,123,A09,cross-session,AdaBN
142,16,1,0.00035830199999509205,123,A09,cross-session,AdaBN
143,16,1,0.00043690899997272936,123,A09,cross-session,AdaBN
144,16,0,0.00041367199992237147,123,A09,cross-session,AdaBN
145,16,0,0.00038893600003575557,123,A09,cross-session,AdaBN
146,16,1,0.00040333799984182406,123,A09,cross-session,AdaBN
147,16,1,0.00036019200001646823,123,A09,cross-session,AdaBN
148,16,1,0.0003707179998855281,123,A09,cross-session,AdaBN
149,16,1,0.0003916959999514802,123,A09,cross-session,AdaBN
150,16,1,0.000351444000216361,123,A09,cross-session,AdaBN
151,16,1,0.00037806399996043183,123,A09,cross-session,AdaBN
152,16,1,0.0003910830000677379,123,A09,cross-session,AdaBN
153,16,0,0.0004335030000675033,123,A09,cross-session,AdaBN
154,16,1,0.0004519220001384383,123,A09,cross-session,AdaBN
155,16,1,0.0003733040000497567,123,A09,cross-session,AdaBN
156,16,1,0.00035381099996811827,123,A09,cross-session,AdaBN
157,16,0,0.00040160999992622237,123,A09,cross-session,AdaBN
158,16,1,0.00036045399997419736,123,A09,cross-session,AdaBN
159,16,0,0.00038448499981313944,123,A09,cross-session,AdaBN
160,16,0,0.00038375600001927523,123,A09,cross-session,AdaBN
161,16,1,0.00035441700015326205,123,A09,cross-session,AdaBN
162,16,0,0.0003579929998522857,123,A09,cross-session,AdaBN
163,16,1,0.0003581710000162275,123,A09,cross-session,AdaBN
164,16,1,0.00038132200006657513,123,A09,cross-session,AdaBN
165,16,1,0.00044399800003702694,123,A09,cross-session,AdaBN
166,16,1,0.0004222170000502956,123,A09,cross-session,AdaBN
167,16,1,0.00035200199999962933,123,A09,cross-session,AdaBN
168,16,1,0.0004099459999906685,123,A09,cross-session,AdaBN
169,16,0,0.00037385199993877904,123,A09,cross-session,AdaBN
170,16,0,0.0004013339998891752,123,A09,cross-session,AdaBN
171,16,1,0.0004155900001023838,123,A09,cross-session,AdaBN
172,16,1,0.0004278569999769388,123,A09,cross-session,AdaBN
173,16,1,0.00038569799994547793,123,A09,cross-session,AdaBN
174,16,1,0.0003853279999930237,123,A09,cross-session,AdaBN
175,16,1,0.00036793399999623944,123,A09,cross-session,AdaBN
176,16,1,0.0004638170000816899,123,A09,cross-session,AdaBN
177,16,0,0.00041733600005500193,123,A09,cross-session,AdaBN
178,16,1,0.0003553300000476156,123,A09,cross-session,AdaBN
179,16,1,0.0003608889999213716,123,A09,cross-session,AdaBN
180,16,1,0.00038751800002501113,123,A09,cross-session,AdaBN
181,16,0,0.0003509079999730602,123,A09,cross-session,AdaBN
182,16,0,0.00036825500001214095,123,A09,cross-session,AdaBN
183,16,1,0.0003685649999169982,123,A09,cross-session,AdaBN
184,16,0,0.0003506909999941854,123,A09,cross-session,AdaBN
185,16,0,0.0004156389998115628,123,A09,cross-session,AdaBN
186,16,1,0.0004408629999943514,123,A09,cross-session,AdaBN
187,16,1,0.00044089099992561387,123,A09,cross-session,AdaBN
188,16,1,0.0003965630000948295,123,A09,cross-session,AdaBN
189,16,1,0.00036023500001647335,123,A09,cross-session,AdaBN
190,16,1,0.00035143999980391527,123,A09,cross-session,AdaBN
191,16,1,0.0003831480000826559,123,A09,cross-session,AdaBN
192,16,1,0.00036964800005989673,123,A09,cross-session,AdaBN
193,16,1,0.0003633010001067305,123,A09,cross-session,AdaBN
194,16,1,0.0003632029997788777,123,A09,cross-session,AdaBN
195,16,1,0.00037053699998068623,123,A09,cross-session,AdaBN
196,16,1,0.0003664400001071044,123,A09,cross-session,AdaBN
197,16,1,0.0004405319998568302,123,A09,cross-session,AdaBN
198,16,1,0.0004370960000414925,123,A09,cross-session,AdaBN
199,16,1,0.00038170700008777203,123,A09,cross-session,AdaBN
200,16,1,0.0003852249999454216,123,A09,cross-session,AdaBN
201,16,1,0.00035073100002591673,123,A09,cross-session,AdaBN
202,16,1,0.0003816749999714375,123,A09,cross-session,AdaBN
203,16,1,0.00038777899999331567,123,A09,cross-session,AdaBN
204,16,0,0.00035551000019040657,123,A09,cross-session,AdaBN
205,16,1,0.00036699699990094814,123,A09,cross-session,AdaBN
206,16,1,0.0003733169999122765,123,A09,cross-session,AdaBN
207,16,0,0.00042884899994533043,123,A09,cross-session,AdaBN
208,16,1,0.0004443499999524647,123,A09,cross-session,AdaBN
209,16,1,0.00035242700005255756,123,A09,cross-session,AdaBN
210,16,1,0.0003661289999854489,123,A09,cross-session,AdaBN
211,16,1,0.00037733099998149555,123,A09,cross-session,AdaBN
212,16,1,0.00035753699989982124,123,A09,cross-session,AdaBN
213,16,0,0.0003591480001432501,123,A09,cross-session,AdaBN
214,16,0,0.0003695509999488422,123,A09,cross-session,AdaBN
215,16,1,0.000360976999900231,123,A09,cross-session,AdaBN
216,16,1,0.0003558380001322803,123,A09,cross-session,AdaBN
217,16,0,0.0003682809999645542,123,A09,cross-session,AdaBN
218,16,0,0.00038800300012553635,123,A09,cross-session,AdaBN
219,16,0,0.00048793999985718983,123,A09,cross-session,AdaBN
220,16,1,0.00038801599998805614,123,A09,cross-session,AdaBN
221,16,1,0.00035980299981019925,123,A09,cross-session,AdaBN
222,16,1,0.00035734700009015796,123,A09,cross-session,AdaBN
223,16,1,0.000365669000075286,123,A09,cross-session,AdaBN
224,16,1,0.00036836000003859226,123,A09,cross-session,AdaBN
225,16,1,0.0003608839999742486,123,A09,cross-session,AdaBN
226,16,1,0.0003553450001163583,123,A09,cross-session,AdaBN
227,16,1,0.0003661680000277556,123,A09,cross-session,AdaBN
228,16,1,0.00036633699983212864,123,A09,cross-session,AdaBN
229,16,0,0.00038451799991889857,123,A09,cross-session,AdaBN
230,16,0,0.00042856400000346184,123,A09,cross-session,AdaBN
231,16,1,0.0004543679999642336,123,A09,cross-session,AdaBN
232,16,1,0.00042474900010347483,123,A09,cross-session,AdaBN
233,16,1,0.0004020900000796246,123,A09,cross-session,AdaBN
234,16,1,0.00035908199993173184,123,A09,cross-session,AdaBN
235,16,1,0.00037429899998642213,123,A09,cross-session,AdaBN
236,16,1,0.00041605600017646793,123,A09,cross-session,AdaBN
237,16,1,0.00036051000006409595,123,A09,cross-session,AdaBN
238,16,1,0.00037240699998619675,123,A09,cross-session,AdaBN
239,16,0,0.000405858999783959,123,A09,cross-session,AdaBN
240,16,0,0.0004202959999020095,123,A09,cross-session,AdaBN
241,16,1,0.0004037399999106128,123,A09,cross-session,AdaBN
242,16,1,0.00038478999999824737,123,A09,cross-session,AdaBN
243,16,0,0.0003728299998329021,123,A09,cross-session,AdaBN
244,16,1,0.0003732190000391711,123,A09,cross-session,AdaBN
245,16,1,0.00037069100017106393,123,A09,cross-session,AdaBN
246,16,1,0.0003572670000266953,123,A09,cross-session,AdaBN
247,16,0,0.0003720980000707641,123,A09,cross-session,AdaBN
248,16,1,0.0003662509998321184,123,A09,cross-session,AdaBN
249,16,0,0.00036575700005414546,123,A09,cross-session,AdaBN
250,16,1,0.0003645130000222707,123,A09,cross-session,AdaBN
251,16,0,0.00045711699999628763,123,A09,cross-session,AdaBN
252,16,0,0.00041344200008097687,123,A09,cross-session,AdaBN
253,16,1,0.0003870269999879383,123,A09,cross-session,AdaBN
254,16,1,0.00036832099999628554,123,A09,cross-session,AdaBN
255,16,1,0.00035513000011633267,123,A09,cross-session,AdaBN
256,16,0,0.0003965440000683884,123,A09,cross-session,AdaBN
257,16,1,0.00037925400010863086,123,A09,cross-session,AdaBN
258,16,1,0.0004077680000591499,123,A09,cross-session,AdaBN
259,16,0,0.00038235600004554726,123,A09,cross-session,AdaBN
260,16,0,0.00037638100002368446,123,A09,cross-session,AdaBN
261,16,1,0.00037268699998094235,123,A09,cross-session,AdaBN
262,16,1,0.00045618199987984553,123,A09,cross-session,AdaBN
263,16,0,0.00042734299995572655,123,A09,cross-session,AdaBN
264,16,1,0.00035862300001099356,123,A09,cross-session,AdaBN
265,16,1,0.0003737660001661425,123,A09,cross-session,AdaBN
266,16,0,0.0003945700000258512,123,A09,cross-session,AdaBN
267,16,1,0.00036498899999060086,123,A09,cross-session,AdaBN
268,16,0,0.00040511799988962593,123,A09,cross-session,AdaBN
269,16,1,0.0003776319999815314,123,A09,cross-session,AdaBN
270,16,0,0.00035166599991498515,123,A09,cross-session,AdaBN
271,16,1,0.0004592269999648124,123,A09,cross-session,AdaBN
272,16,1,0.0004483239999899524,123,A09,cross-session,AdaBN
273,16,1,0.0003755239999918558,123,A09,cross-session,AdaBN
274,16,1,0.0004467389999263105,123,A09,cross-session,AdaBN
275,16,0,0.00045128700003260747,123,A09,cross-session,AdaBN
276,16,0,0.0003657419999854028,123,A09,cross-session,AdaBN
277,16,1,0.00043537200008358923,123,A09,cross-session,AdaBN
278,16,1,0.0003939660000469303,123,A09,cross-session,AdaBN
279,16,0,0.00035385600017434626,123,A09,cross-session,AdaBN
280,16,1,0.00036715900000672264,123,A09,cross-session,AdaBN
281,16,0,0.000388545999840062,123,A09,cross-session,AdaBN
282,16,1,0.0004360689999884926,123,A09,cross-session,AdaBN
283,16,1,0.00043673899995155807,123,A09,cross-session,AdaBN
284,16,1,0.0003984439999840106,123,A09,cross-session,AdaBN
285,16,1,0.00036161200000606186,123,A09,cross-session,AdaBN
286,16,1,0.00035399399985180935,123,A09,cross-session,AdaBN
287,16,0,0.00038290500015136786,123,A09,cross-session,AdaBN
