trial_idx,buffer_trials,correct,step_time_sec,seed,subject,protocol,adaptation
0,1,0,0.10404643099991517,42,A01,cross-session,AdaBN
1,2,1,0.002531275000023925,42,A01,cross-session,AdaBN
2,3,1,0.0021957940000447707,42,A01,cross-session,AdaBN
3,4,1,0.0018179170000394151,42,A01,cross-session,AdaBN
4,5,1,0.0017456599999832179,42,A01,cross-session,AdaBN
5,6,0,0.0017742170000474289,42,A01,cross-session,AdaBN
6,7,1,0.007735225999908835,42,A01,cross-session,AdaBN
7,8,0,0.0017438969999830078,42,A01,cross-session,AdaBN
8,9,1,0.0018162690000735893,42,A01,cross-session,AdaBN
9,10,1,0.0016012219999765875,42,A01,cross-session,AdaBN
10,11,0,0.0016135989999384037,42,A01,cross-session,AdaBN
11,12,0,0.0016326510000226335,42,A01,cross-session,AdaBN
12,13,1,0.001776051999968331,42,A01,cross-session,AdaBN
13,14,1,0.0018040960000007544,42,A01,cross-session,AdaBN
14,15,0,0.0018125450000070487,42,A01,cross-session,AdaBN
15,16,1,0.0018085509999536953,42,A01,cross-session,AdaBN
16,16,1,0.00048715399998400244,42,A01,cross-session,AdaBN
17,16,1,0.00041632900001786766,42,A01,cross-session,AdaBN
18,16,1,0.0004111650000595546,42,A01,cross-session,AdaBN
19,16,1,0.00039575799996782735,42,A01,cross-session,AdaBN
20,16,1,0.0003952179999942018,42,A01,cross-session,AdaBN
21,16,1,0.0005128110000214292,42,A01,cross-session,AdaBN
22,16,1,0.0004461230000742944,42,A01,cross-session,AdaBN
23,16,1,0.00040053600002920575,42,A01,cross-session,AdaBN
24,16,0,0.00041292799994607776,42,A01,cross-session,AdaBN
25,16,1,0.0004189180000366832,42,A01,cross-session,AdaBN
26,16,1,0.00039360100004159904,42,A01,cross-session,AdaBN
27,16,1,0.00038671899994824344,42,A01,cross-session,AdaBN
28,16,0,0.00039041200000156095,42,A01,cross-session,AdaBN
29,16,0,0.00046932999998716696,42,A01,cross-session,AdaBN
30,16,0,0.00040943299995888083,42,A01,cross-session,AdaBN
31,16,1,0.000402033999989726,42,A01,cross-session,AdaBN
32,16,1,0.0003941999999597101,42,A01,cross-session,AdaBN
33,16,1,0.0004564330000675909,42,A01,cross-session,AdaBN
34,16,1,0.0004332150000436741,42,A01,cross-session,AdaBN
35,16,1,0.00039115899994612846,42,A01,cross-session,AdaBN
36,16,1,0.00042986400001154834,42,A01,cross-session,AdaBN
37,16,0,0.0004209859999946275,42,A01,cross-session,AdaBN
38,16,1,0.00041633799992268905,42,A01,cross-session,AdaBN
39,16,0,0.0004475000000638829,42,A01,cross-session,AdaBN
40,16,1,0.00040042900002390525,42,A01,cross-session,AdaBN
41,16,1,0.0004382170000098995,42,A01,cross-session,AdaBN
42,16,1,0.0004260639999529303,42,A01,cross-session,AdaBN
43,16,0,0.00040029100000538165,42,A01,cross-session,AdaBN
44,16,1,0.0004058320000694948,42,A01,cross-session,AdaBN
45,16,1,0.00037645099996552744,42,A01,cross-session,AdaBN
46,16,1,0.00038619999997990817,42,A01,cross-session,AdaBN
47,16,0,0.0003669219998982953,42,A01,cross-session,AdaBN
48,16,0,0.00037907900002664974,42,A01,cross-session,AdaBN
49,16,0,0.0003726429999915126,42,A01,cross-session,AdaBN
50,16,1,0.0004528819999904954,42,A01,cross-session,AdaBN
51,16,0,0.0004116379999459241,42,A01,cross-session,AdaBN
52,16,1,0.00042146400005549367,42,A01,cross-session,AdaBN
53,16,1,0.00040999600003033265,42,A01,cross-session,AdaBN
54,16,0,0.0003822329999820795,42,A01,cross-session,AdaBN
55,16,0,0.00038992199995391275,42,A01,cross-session,AdaBN
56,16,1,0.0004115310000543104,42,A01,cross-session,AdaBN
57,16,1,0.00040138400004252617,42,A01,cross-session,AdaBN
58,16,1,0.0003930620000573981,42,A01,cross-session,AdaBN
59,16,1,0.00038812699995105504,42,A01,cross-session,AdaBN
60,16,0,0.00038446999997177045,42,A01,cross-session,AdaBN
61,16,0,0.00038738700004614657,42,A01,cross-session,AdaBN
62,16,1,0.00037840800007415965,42,A01,cross-session,AdaBN
63,16,1,0.0003854940000564966,42,A01,cross-session,AdaBN
64,16,1,0.0005128779999949984,42,A01,cross-session,AdaBN
65,16,0,0.00037642099994172895,42,A01,cross-session,AdaBN
66,16,0,0.00037911800006895646,42,A01,cross-session,AdaBN
67,16,1,0.00038969600007021654,42,A01,cross-session,AdaBN
68,16,1,0.0004312250000566564,42,A01,cross-session,AdaBN
69,16,0,0.00046330700001817604,42,A01,cross-session,AdaBN
70,16,1,0.00039431499999409425,42,A01,cross-session,AdaBN
71,16,0,0.0004354420000254322,42,A01,cross-session,AdaBN
72,16,0,0.0004733810000061567,42,A01,cross-session,AdaBN
73,16,1,0.00039713499995741586,42,A01,cross-session,AdaBN
74,16,1,0.0003854950000459212,42,A01,cross-session,AdaBN
75,16,1,0.00041433000001234177,42,A01,cross-session,AdaBN
76,16,1,0.00040580000006684713,42,A01,cross-session,AdaBN
77,16,0,0.0003800120000505558,42,A01,cross-session,AdaBN
78,16,1,0.00047228299990820233,42,A01,cross-session,AdaBN
79,16,1,0.0004292480000458454,42,A01,cross-session,AdaBN
80,16,1,0.0003854049999745257,42,A01,cross-session,AdaBN
81,16,0,0.0003811939999422975,42,A01,cross-session,AdaBN
82,16,1,0.00040145399998436915,42,A01,cross-session,AdaBN
83,16,1,0.0003837829999611131,42,A01,cross-session,AdaBN
84,16,1,0.0003701009999304006,42,A01,cross-session,AdaBN
85,16,1,0.0003829400000086025,42,A01,cross-session,AdaBN
86,16,0,0.00041044500005682494,42,A01,cross-session,AdaBN
87,16,1,0.0005006540000067616,42,A01,cross-session,AdaBN
88,16,1,0.00042884000004050904,42,A01,cross-session,AdaBN
89,16,0,0.00043496199998571683,42,A01,cross-session,AdaBN
90,16,1,0.0004384759999993548,42,A01,cross-session,AdaBN
91,16,1,0.0004433159999734926,42,A01,cross-session,AdaBN
92,16,1,0.0003729459999703977,42,A01,cross-session,AdaBN
93,16,1,0.000406466999947952,42,A01,cross-session,AdaBN
94,16,0,0.00038323699993725313,42,A01,cross-session,AdaBN
95,16,0,0.0003854940000564966,42,A01,cross-session,AdaBN
96,16,1,0.000384798000027331,42,A01,cross-session,AdaBN
97,16,0,0.0003799660000822769,42,A01,cross-session,AdaBN
98,16,1,0.00039036600003328203,42,A01,cross-session,AdaBN
99,16,1,0.0004711980000138283,42,A01,cross-session,AdaBN
100,16,1,0.00043571799994879257,42,A01,cross-session,AdaBN
101,16,0,0.00037869799996315123,42,A01,cross-session,AdaBN
102,16,1,0.00038795999989815755,42,A01,cross-session,AdaBN
103,16,0,0.00037012499990396464,42,A01,cross-session,AdaBN
104,16,0,0.00039673499998116313,42,A01,cross-session,AdaBN
105,16,1,0.000445915000000241,42,A01,cross-session,AdaBN
106,16,1,0.00039901800005281984,42,A01,cross-session,AdaBN
107,16,1,0.00037096200003361446,42,A01,cross-session,AdaBN
108,16,1,0.00039702499998384155,42,A01,cross-session,AdaBN
109,16,1,0.00047770300000138377,42,A01,cross-session,AdaBN
110,16,0,0.0004463080000505215,42,A01,cross-session,AdaBN
111,16,1,0.000375653000105558,42,A01,cross-session,AdaBN
112,16,1,0.00038908699991679896,42,A01,cross-session,AdaBN
113,16,1,0.0004029959999343191,42,A01,cross-session,AdaBN
114,16,0,0.00040739500002473505,42,A01,cross-session,AdaBN
115,16,1,0.0004279589999214295,42,A01,cross-session,AdaBN
116,16,0,0.00040071900002658367,42,A01,cross-session,AdaBN
117,16,1,0.000383609999971668,42,A01,cross-session,AdaBN
118,16,1,0.0003937920000680606,42,A01,cross-session,AdaBN
119,16,1,0.00038657300001432304,42,A01,cross-session,AdaBN
120,16,1,0.0003998920000185535,42,A01,cross-session,AdaBN
121,16,1,0.00046803499992620345,42,A01,cross-session,AdaBN
122,16,0,0.0004874640000025465,42,A01,cross-session,AdaBN
123,16,1,0.00043614499998057,42,A01,cross-session,AdaBN
124,16,0,0.0003924849999066282,42,A01,cross-session,AdaBN
125,16,0,0.00041731400006028707,42,A01,cross-session,AdaBN
126,16,0,0.00046231500004978443,42,A01,cross-session,AdaBN
127,16,0,0.0004069639999215724,42,A01,cross-session,AdaBN
128,16,1,0.0004184969999414534,42,A01,cross-session,AdaBN
129,16,0,0.00043564199995671515,42,A01,cross-session,AdaBN
130,16,1,0.00038510199999564065,42,A01,cross-session,AdaBN
131,16,1,0.0004285129999743731,42,A01,cross-session,AdaBN
132,16,0,0.0003848419999030739,42,A01,cross-session,AdaBN
133,16,1,0.00038092800002687,42,A01,cross-session,AdaBN
134,16,0,0.00038854399997489963,42,A01,cross-session,AdaBN
135,16,1,0.0004323509999721864,42,A01,cross-session,AdaBN
136,16,0,0.0003806679999343032,42,A01,cross-session,AdaBN
137,16,0,0.000382044000048154,42,A01,cross-session,AdaBN
138,16,1,0.0004727269999875716,42,A01,cross-session,AdaBN
139,16,1,0.00042283699997369695,42,A01,cross-session,AdaBN
140,16,1,0.0004297760000326889,42,A01,cross-session,AdaBN
141,16,1,0.0003799849999950311,42,A01,cross-session,AdaBN
142,16,0,0.0003761209999311177,42,A01,cross-session,AdaBN
143,16,1,0.00047771800007012644,42,A01,cross-session,AdaBN
144,16,1,0.00039758799994160654,42,A01,cross-session,AdaBN
145,16,1,0.0004052699999874676,42,A01,cross-session,AdaBN
146,16,0,0.000423276999981681,42,A01,cross-session,AdaBN
147,16,0,0.0004168930000787441,42,A01,cross-session,AdaBN
148,16,1,0.00040293600000040897,42,A01,cross-session,AdaBN
149,16,1,0.0003774539999312765,42,A01,cross-session,AdaBN
150,16,0,0.0003763910000316173,42,A01,cross-session,AdaBN
151,16,1,0.0004269309999926918,42,A01,cross-session,AdaBN
152,16,1,0.0005020820000254389,42,A01,cross-session,AdaBN
153,16,1,0.0004070310000088284,42,A01,cross-session,AdaBN
154,16,0,0.0004018329999553316,42,A01,cross-session,AdaBN
155,16,1,0.000404140999989977,42,A01,cross-session,AdaBN
156,16,0,0.0004267490000984253,42,A01,cross-session,AdaBN
157,16,1,0.00039567700002862694,42,A01,cross-session,AdaBN
158,16,0,0.0003792889999658655,42,A01,cross-session,AdaBN
159,16,0,0.00038923300007809303,42,A01,cross-session,AdaBN
160,16,1,0.0003747040000234847,42,A01,cross-session,AdaBN
161,16,1,0.0003810839999687232,42,A01,cross-session,AdaBN
162,16,1,0.00040823599999839644,42,A01,cross-session,AdaBN
163,16,1,0.00045164499999827967,42,A01,cross-session,AdaBN
164,16,0,0.00040197999999236345,42,A01,cross-session,AdaBN
165,16,1,0.00041720699994129973,42,A01,cross-session,AdaBN
166,16,1,0.000404140999989977,42,A01,cross-session,AdaBN
167,16,1,0.00037627599999723316,42,A01,cross-session,AdaBN
168,16,1,0.00039347299991732143,42,A01,cross-session,AdaBN
169,16,1,0.0004232410000213349,42,A01,cross-session,AdaBN
170,16,1,0.00038175600002432475,42,A01,cross-session,AdaBN
171,16,0,0.000418136999996932,42,A01,cross-session,AdaBN
172,16,1,0.0003979870000421215,42,A01,cross-session,AdaBN
173,16,1,0.00038302699999803735,42,A01,cross-session,AdaBN
174,16,0,0.0003904270000703036,42,A01,cross-session,AdaBN
175,16,0,0.0003783729999895513,42,A01,cross-session,AdaBN
176,16,1,0.0003910579999910624,42,A01,cross-session,AdaBN
177,16,1,0.00046482799996283575,42,A01,cross-session,AdaBN
178,16,1,0.0004312810000328682,42,A01,cross-session,AdaBN
179,16,0,0.000378809000039837,42,A01,cross-session,AdaBN
180,16,0,0.0003922480000255746,42,A01,cross-session,AdaBN
181,16,1,0.0003862380000327903,42,A01,cross-session,AdaBN
182,16,0,0.0003888549999828683,42,A01,cross-session,AdaBN
183,16,0,0.0004817530000309489,42,A01,cross-session,AdaBN
184,16,1,0.00037687600001845567,42,A01,cross-session,AdaBN
185,16,1,0.00037999000005584094,42,A01,cross-session,AdaBN
186,16,1,0.0003875800000514573,42,A01,cross-session,AdaBN
187,16,0,0.0003803590000188706,42,A01,cross-session,AdaBN
188,16,1,0.0003834230000165917,42,A01,cross-session,AdaBN
189,16,1,0.00039437899999938963,42,A01,cross-session,AdaBN
190,16,1,0.0004494099999874379,42,A01,cross-session,AdaBN
191,16,1,0.00039400200000727637,42,A01,cross-session,AdaBN
192,16,0,0.00039544300000216026,42,A01,cross-session,AdaBN
193,16,1,0.00048180900000716065,42,A01,cross-session,AdaBN
194,16,0,0.00038847200005420746,42,A01,cross-session,AdaBN
195,16,0,0.00038710100000116654,42,A01,cross-session,AdaBN
196,16,1,0.0004036509999423288,42,A01,cross-session,AdaBN
197,16,1,0.0003733280000233208,42,A01,cross-session,AdaBN
198,16,1,0.000384591000056389,42,A01,cross-session,AdaBN
199,16,0,0.00038640799994027475,42,A01,cross-session,AdaBN
200,16,0,0.0003856020000512217,42,A01,cross-session,AdaBN
201,16,1,0.0003937950000363344,42,A01,cross-session,AdaBN
202,16,1,0.00039205200005199003,42,A01,cross-session,AdaBN
203,16,0,0.0004985529999430582,42,A01,cross-session,AdaBN
204,16,1,0.0003941890000760395,42,A01,cross-session,AdaBN
205,16,1,0.00039444900005491945,42,A01,cross-session,AdaBN
206,16,0,0.0004001680000556007,42,A01,cross-session,AdaBN
207,16,1,0.00039368599993849784,42,A01,cross-session,AdaBN
208,16,1,0.0003801530000373532,42,A01,cross-session,AdaBN
209,16,1,0.0004982340000196928,42,A01,cross-session,AdaBN
210,16,0,0.0004039950000560566,42,A01,cross-session,AdaBN
211,16,0,0.00043286300001454947,42,A01,cross-session,AdaBN
212,16,1,0.0003784059999816236,42,A01,cross-session,AdaBN
213,16,1,0.0004087589999244301,42,A01,cross-session,AdaBN
214,16,1,0.00038540900004591094,42,A01,cross-session,AdaBN
215,16,1,0.0003687240000544989,42,A01,cross-session,AdaBN
216,16,0,0.0003808840000374403,42,A01,cross-session,AdaBN
217,16,1,0.00041526999996222,42,A01,cross-session,AdaBN
218,16,1,0.0004355390000227999,42,A01,cross-session,AdaBN
219,16,1,0.0004166580000628528,42,A01,cross-session,AdaBN
220,16,1,0.00040422600000056264,42,A01,cross-session,AdaBN
221,16,1,0.0003861440000036964,42,A01,cross-session,AdaBN
222,16,0,0.00039321500003097754,42,A01,cross-session,AdaBN
223,16,1,0.00038232399992921273,42,A01,cross-session,AdaBN
224,16,0,0.00037418900001284783,42,A01,cross-session,AdaBN
225,16,1,0.00042927300000883406,42,A01,cross-session,AdaBN
226,16,0,0.0004000229999974181,42,A01,cross-session,AdaBN
227,16,1,0.00038401699998757977,42,A01,cross-session,AdaBN
228,16,0,0.00039783399995485524,42,A01,cross-session,AdaBN
229,16,1,0.0003946819999782747,42,A01,cross-session,AdaBN
230,16,0,0.0003795300000319912,42,A01,cross-session,AdaBN
231,16,0,0.0004125899999962712,42,A01,cross-session,AdaBN
232,16,0,0.000471177000008538,42,A01,cross-session,AdaBN
233,16,1,0.00041892800004461606,42,A01,cross-session,AdaBN
234,16,1,0.00039191100006519264,42,A01,cross-session,AdaBN
235,16,1,0.0004261579999820242,42,A01,cross-session,AdaBN
236,16,0,0.00042037599996547215,42,A01,cross-session,AdaBN
237,16,1,0.00040386900002431503,42,A01,cross-session,AdaBN
238,16,1,0.0003712530000257175,42,A01,cross-session,AdaBN
239,16,1,0.00039296400007060583,42,A01,cross-session,AdaBN
240,16,1,0.00040443400007461605,42,A01,cross-session,AdaBN
241,16,1,0.0004688179999448039,42,A01,cross-session,AdaBN
242,16,1,0.000419697999973323,42,A01,cross-session,AdaBN
243,16,1,0.00043027700007769454,42,A01,cross-session,AdaBN
244,16,1,0.0004094839999879696,42,A01,cross-session,AdaBN
245,16,1,0.0003746530001080828,42,A01,cross-session,AdaBN
246,16,1,0.00041597599999931845,42,A01,cross-session,AdaBN
247,16,1,0.0004534070000090651,42,A01,cross-session,AdaBN
248,16,1,0.00042911500008813164,42,A01,cross-session,AdaBN
249,16,1,0.00038928300000407035,42,A01,cross-session,AdaBN
250,16,1,0.0004159970000046087,42,A01,cross-session,AdaBN
251,16,0,0.0003968809999150835,42,A01,cross-session,AdaBN
252,16,1,0.00038864800001192634,42,A01,cross-session,AdaBN
253,16,0,0.00039400499997555016,42,A01,cross-session,AdaBN
254,16,1,0.0004230900000266047,42,A01,cross-session,AdaBN
255,16,1,0.0003797980000399548,42,A01,cross-session,AdaBN
256,16,1,0.0003999510000767259,42,A01,cross-session,AdaBN
257,16,1,0.00038039599996864126,42,A01,cross-session,AdaBN
258,16,1,0.00037406499995995546,42,A01,cross-session,AdaBN
259,16,1,0.00043873300000996096,42,A01,cross-session,AdaBN
260,16,0,0.00047238499996637984,42,A01,cross-session,AdaBN
261,16,1,0.00043248599990874936,42,A01,cross-session,AdaBN
262,16,1,0.00043043899995609536,42,A01,cross-session,AdaBN
263,16,0,0.0004246080000029906,42,A01,cross-session,AdaBN
264,16,1,0.00036136799997166236,42,A01,cross-session,AdaBN
265,16,1,0.00039776599999186146,42,A01,cross-session,AdaBN
266,16,0,0.0004262659999767493,42,A01,cross-session,AdaBN
267,16,0,0.00038028599999506696,42,A01,cross-session,AdaBN
268,16,1,0.0003832229999716219,42,A01,cross-session,AdaBN
269,16,0,0.0003960120000101597,42,A01,cross-session,AdaBN
270,16,1,0.00046140599999944243,42,A01,cross-session,AdaBN
271,16,1,0.00046495900005538715,42,A01,cross-session,AdaBN
272,16,1,0.00038245200005349034,42,A01,cross-session,AdaBN
273,16,0,0.00037740499999472377,42,A01,cross-session,AdaBN
274,16,0,0.00037163000001783075,42,A01,cross-session,AdaBN
275,16,0,0.00046872200005054765,42,A01,cross-session,AdaBN
276,16,1,0.00039280800001506577,42,A01,cross-session,AdaBN
277,16,0,0.0004075589999956719,42,A01,cross-session,AdaBN
278,16,0,0.00039164999998320127,42,A01,cross-session,AdaBN
279,16,1,0.00037680200000522746,42,A01,cross-session,AdaBN
280,16,1,0.0004386650000469672,42,A01,cross-session,AdaBN
281,16,0,0.00043918400001530244,42,A01,cross-session,AdaBN
282,16,0,0.0003959730000815398,42,A01,cross-session,AdaBN
283,16,0,0.00037382099992555595,42,A01,cross-session,AdaBN
284,16,0,0.00037847400005830423,42,A01,cross-session,AdaBN
285,16,1,0.0004023579999739013,42,A01,cross-session,AdaBN
286,16,1,0.00037506900002881594,42,A01,cross-session,AdaBN
287,16,1,0.0003938050000442672,42,A01,cross-session,AdaBN
0,1,0,0.0006550800000013624,42,A02,cross-session,AdaBN
1,2,0,0.0004883579999841459,42,A02,cross-session,AdaBN
2,3,0,0.0005294450000974393,42,A02,cross-session,AdaBN
3,4,0,0.0005069000000048618,42,A02,cross-session,AdaBN
4,5,1,0.0004893060000767946,42,A02,cross-session,AdaBN
5,6,1,0.00041061800004627,42,A02,cross-session,AdaBN
6,7,0,0.0005275459999438681,42,A02,cross-session,AdaBN
7,8,1,0.0004602960000283929,42,A02,cross-session,AdaBN
8,9,1,0.0004862130000446996,42,A02,cross-session,AdaBN
9,10,0,0.0004925849999608545,42,A02,cross-session,AdaBN
10,11,0,0.0004574669999328762,42,A02,cross-session,AdaBN
11,12,0,0.00047327699996913,42,A02,cross-session,AdaBN
12,13,0,0.0004785989999618323,42,A02,cross-session,AdaBN
13,14,0,0.00048222600003100524,42,A02,cross-session,AdaBN
14,15,0,0.00045686700002534053,42,A02,cross-session,AdaBN
15,16,1,0.00046409399999447487,42,A02,cross-session,AdaBN
16,16,0,0.00046777900001870876,42,A02,cross-session,AdaBN
17,16,1,0.0004682879999791112,42,A02,cross-session,AdaBN
18,16,1,0.0004317159999800424,42,A02,cross-session,AdaBN
19,16,0,0.0004418839999971169,42,A02,cross-session,AdaBN
20,16,0,0.00045511200005421415,42,A02,cross-session,AdaBN
21,16,0,0.00043666499993832986,42,A02,cross-session,AdaBN
22,16,0,0.0004364349999832484,42,A02,cross-session,AdaBN
23,16,1,0.00045005899994521315,42,A02,cross-session,AdaBN
24,16,0,0.0004321479999589428,42,A02,cross-session,AdaBN
25,16,1,0.0004269989999556856,42,A02,cross-session,AdaBN
26,16,0,0.0004621399999678033,42,A02,cross-session,AdaBN
27,16,0,0.00044192300003942364,42,A02,cross-session,AdaBN
28,16,0,0.000448794000021735,42,A02,cross-session,AdaBN
29,16,0,0.0004273999999213629,42,A02,cross-session,AdaBN
30,16,0,0.000367720999975063,42,A02,cross-session,AdaBN
31,16,1,0.0003947860000153014,42,A02,cross-session,AdaBN
32,16,1,0.00041140400003314426,42,A02,cross-session,AdaBN
33,16,0,0.0003828039999689281,42,A02,cross-session,AdaBN
34,16,1,0.0003663720000304238,42,A02,cross-session,AdaBN
35,16,1,0.00038145199994232826,42,A02,cross-session,AdaBN
36,16,0,0.0003714719999834415,42,A02,cross-session,AdaBN
37,16,0,0.0003619450000087454,42,A02,cross-session,AdaBN
38,16,0,0.000371990000076039,42,A02,cross-session,AdaBN
39,16,0,0.0003861729999243835,42,A02,cross-session,AdaBN
40,16,1,0.00037845200006358937,42,A02,cross-session,AdaBN
41,16,0,0.0003702969999039851,42,A02,cross-session,AdaBN
42,16,1,0.0003689380000650999,42,A02,cross-session,AdaBN
43,16,0,0.0003885209999907602,42,A02,cross-session,AdaBN
44,16,0,0.0003686669999751757,42,A02,cross-session,AdaBN
45,16,0,0.00037444899999172776,42,A02,cross-session,AdaBN
46,16,1,0.0004021729999976742,42,A02,cross-session,AdaBN
47,16,0,0.0004000019999921278,42,A02,cross-session,AdaBN
48,16,1,0.0003855769999745462,42,A02,cross-session,AdaBN
49,16,0,0.00040195099995798955,42,A02,cross-session,AdaBN
50,16,0,0.00040930099999059166,42,A02,cross-session,AdaBN
51,16,1,0.000413369999932911,42,A02,cross-session,AdaBN
52,16,1,0.00039934500000526896,42,A02,cross-session,AdaBN
53,16,0,0.0004161699999940538,42,A02,cross-session,AdaBN
54,16,0,0.00039451400004963944,42,A02,cross-session,AdaBN
55,16,0,0.0004005920000054175,42,A02,cross-session,AdaBN
56,16,0,0.0003891079999220892,42,A02,cross-session,AdaBN
57,16,0,0.0003830699999980425,42,A02,cross-session,AdaBN
58,16,1,0.00038734800000383984,42,A02,cross-session,AdaBN
59,16,1,0.00039572299999690586,42,A02,cross-session,AdaBN
60,16,1,0.0004073599999401267,42,A02,cross-session,AdaBN
61,16,0,0.0003990889999840874,42,A02,cross-session,AdaBN
62,16,0,0.00038581499995871127,42,A02,cross-session,AdaBN
63,16,0,0.00041411000006519316,42,A02,cross-session,AdaBN
64,16,0,0.00038364500005627633,42,A02,cross-session,AdaBN
65,16,1,0.00039178800000172487,42,A02,cross-session,AdaBN
66,16,1,0.0004134210000756866,42,A02,cross-session,AdaBN
67,16,0,0.0003969289999758985,42,A02,cross-session,AdaBN
68,16,1,0.0004080740000063088,42,A02,cross-session,AdaBN
69,16,0,0.0003794250000055399,42,A02,cross-session,AdaBN
70,16,0,0.0004580430000942215,42,A02,cross-session,AdaBN
71,16,0,0.0004139090000307988,42,A02,cross-session,AdaBN
72,16,0,0.0004441659999656622,42,A02,cross-session,AdaBN
73,16,0,0.0003890390000833577,42,A02,cross-session,AdaBN
74,16,0,0.00041316099998311984,42,A02,cross-session,AdaBN
75,16,0,0.00043289699999604636,42,A02,cross-session,AdaBN
76,16,0,0.0003953440000259434,42,A02,cross-session,AdaBN
77,16,0,0.0004163749999861466,42,A02,cross-session,AdaBN
78,16,0,0.00038412300000345567,42,A02,cross-session,AdaBN
79,16,0,0.0003867099999297352,42,A02,cross-session,AdaBN
80,16,0,0.00041199999998298154,42,A02,cross-session,AdaBN
81,16,1,0.0003960790000974157,42,A02,cross-session,AdaBN
82,16,0,0.0004736030000458413,42,A02,cross-session,AdaBN
83,16,0,0.0004132249999884152,42,A02,cross-session,AdaBN
84,16,0,0.0004046750000270549,42,A02,cross-session,AdaBN
85,16,1,0.00042999199990845227,42,A02,cross-session,AdaBN
86,16,0,0.00039660400000229856,42,A02,cross-session,AdaBN
87,16,1,0.00039892300003430137,42,A02,cross-session,AdaBN
88,16,0,0.0004063869999981762,42,A02,cross-session,AdaBN
89,16,0,0.0003801490000796548,42,A02,cross-session,AdaBN
90,16,0,0.00041692199999943114,42,A02,cross-session,AdaBN
91,16,1,0.00037430099996527133,42,A02,cross-session,AdaBN
92,16,0,0.00039128900004925526,42,A02,cross-session,AdaBN
93,16,1,0.00041005700006735424,42,A02,cross-session,AdaBN
94,16,1,0.00044949499999802356,42,A02,cross-session,AdaBN
95,16,0,0.00042315999996844766,42,A02,cross-session,AdaBN
96,16,1,0.0003928490000362217,42,A02,cross-session,AdaBN
97,16,1,0.0004246700000294368,42,A02,cross-session,AdaBN
98,16,1,0.0004162700000733821,42,A02,cross-session,AdaBN
99,16,0,0.00039340199998605385,42,A02,cross-session,AdaBN
100,16,1,0.00044125000010808435,42,A02,cross-session,AdaBN
101,16,0,0.00038141899995025597,42,A02,cross-session,AdaBN
102,16,1,0.00039951700000528945,42,A02,cross-session,AdaBN
103,16,0,0.0003929900000230191,42,A02,cross-session,AdaBN
104,16,0,0.0003936500000918386,42,A02,cross-session,AdaBN
105,16,0,0.0003805319998946288,42,A02,cross-session,AdaBN
106,16,1,0.0004116630000225996,42,A02,cross-session,AdaBN
107,16,0,0.00037472799999704876,42,A02,cross-session,AdaBN
108,16,0,0.00040468300005613855,42,A02,cross-session,AdaBN
109,16,0,0.0003908209999963219,42,A02,cross-session,AdaBN
110,16,0,0.00040338500002690125,42,A02,cross-session,AdaBN
111,16,0,0.00038837099998545455,42,A02,cross-session,AdaBN
112,16,1,0.0004170470000417481,42,A02,cross-session,AdaBN
113,16,0,0.00040889500007779134,42,A02,cross-session,AdaBN
114,16,1,0.0003735760000154187,42,A02,cross-session,AdaBN
115,16,1,0.00040337100006127,42,A02,cross-session,AdaBN
116,16,0,0.0004266050000296673,42,A02,cross-session,AdaBN
117,16,0,0.00038365700004305836,42,A02,cross-session,AdaBN
118,16,0,0.0004179210000074818,42,A02,cross-session,AdaBN
119,16,0,0.00038695900002494454,42,A02,cross-session,AdaBN
120,16,0,0.0005015979999143383,42,A02,cross-session,AdaBN
121,16,0,0.00046454499999981635,42,A02,cross-session,AdaBN
122,16,0,0.00039730699995743635,42,A02,cross-session,AdaBN
123,16,1,0.00040242800002943113,42,A02,cross-session,AdaBN
124,16,0,0.0004262940000216986,42,A02,cross-session,AdaBN
125,16,1,0.0003795590000663651,42,A02,cross-session,AdaBN
126,16,1,0.00042082100003426604,42,A02,cross-session,AdaBN
127,16,1,0.0003795289999288798,42,A02,cross-session,AdaBN
128,16,1,0.00038608399995609943,42,A02,cross-session,AdaBN
129,16,0,0.0004651080000712682,42,A02,cross-session,AdaBN
130,16,0,0.00040818099989792245,42,A02,cross-session,AdaBN
131,16,0,0.0004542579999906593,42,A02,cross-session,AdaBN
132,16,0,0.00040915599993240903,42,A02,cross-session,AdaBN
133,16,0,0.0004478500000004715,42,A02,cross-session,AdaBN
134,16,1,0.00040488800004823133,42,A02,cross-session,AdaBN
135,16,0,0.00037979399996856955,42,A02,cross-session,AdaBN
136,16,1,0.00041656400003375893,42,A02,cross-session,AdaBN
137,16,0,0.00039552499993078527,42,A02,cross-session,AdaBN
138,16,0,0.00038397299999815004,42,A02,cross-session,AdaBN
139,16,1,0.0005006079999247959,42,A02,cross-session,AdaBN
140,16,1,0.00040046100002655294,42,A02,cross-session,AdaBN
141,16,1,0.0004141289999779474,42,A02,cross-session,AdaBN
142,16,1,0.0004463290000558118,42,A02,cross-session,AdaBN
143,16,0,0.0004095480001069518,42,A02,cross-session,AdaBN
144,16,0,0.00042247100009262795,42,A02,cross-session,AdaBN
145,16,0,0.0004444859999921391,42,A02,cross-session,AdaBN
146,16,1,0.00038355599997430545,42,A02,cross-session,AdaBN
147,16,0,0.0003993630000422854,42,A02,cross-session,AdaBN
148,16,0,0.0003772369999524017,42,A02,cross-session,AdaBN
149,16,0,0.000392538000028253,42,A02,cross-session,AdaBN
150,16,0,0.0004905719999896974,42,A02,cross-session,AdaBN
151,16,0,0.0003750120000631796,42,A02,cross-session,AdaBN
152,16,1,0.0004114540000728084,42,A02,cross-session,AdaBN
153,16,0,0.00046218299996780843,42,A02,cross-session,AdaBN
154,16,0,0.00040525800000068557,42,A02,cross-session,AdaBN
155,16,1,0.00040724200005115563,42,A02,cross-session,AdaBN
156,16,0,0.0003814490000877413,42,A02,cross-session,AdaBN
157,16,0,0.00039694999998118874,42,A02,cross-session,AdaBN
158,16,0,0.00040475499997683073,42,A02,cross-session,AdaBN
159,16,0,0.0003811000000268905,42,A02,cross-session,AdaBN
160,16,0,0.00040341900000839814,42,A02,cross-session,AdaBN
161,16,0,0.00039140399996995257,42,A02,cross-session,AdaBN
162,16,0,0.0004928690000269853,42,A02,cross-session,AdaBN
163,16,0,0.00041016400007265474,42,A02,cross-session,AdaBN
164,16,0,0.00037186300005487283,42,A02,cross-session,AdaBN
165,16,0,0.00041383100005987217,42,A02,cross-session,AdaBN
166,16,0,0.0003858940000327493,42,A02,cross-session,AdaBN
167,16,0,0.0003929189999780647,42,A02,cross-session,AdaBN
168,16,0,0.0004029720000744419,42,A02,cross-session,AdaBN
169,16,0,0.0003737349999255457,42,A02,cross-session,AdaBN
170,16,0,0.00038454799994269706,42,A02,cross-session,AdaBN
171,16,1,0.0004332199999907971,42,A02,cross-session,AdaBN
172,16,0,0.00041042599991669704,42,A02,cross-session,AdaBN
173,16,0,0.00044017200002599566,42,A02,cross-session,AdaBN
174,16,0,0.0003804509999554284,42,A02,cross-session,AdaBN
175,16,1,0.00042280699994989845,42,A02,cross-session,AdaBN
176,16,0,0.00047597699995094445,42,A02,cross-session,AdaBN
177,16,0,0.0004117280000173196,42,A02,cross-session,AdaBN
178,16,0,0.00038411799994264584,42,A02,cross-session,AdaBN
179,16,1,0.0004167339999412434,42,A02,cross-session,AdaBN
180,16,0,0.00037937299998702656,42,A02,cross-session,AdaBN
181,16,1,0.0003900770000200282,42,A02,cross-session,AdaBN
182,16,1,0.0003796570000531574,42,A02,cross-session,AdaBN
183,16,0,0.0003793939999923168,42,A02,cross-session,AdaBN
184,16,0,0.0004051930000059656,42,A02,cross-session,AdaBN
185,16,0,0.0004146909999462878,42,A02,cross-session,AdaBN
186,16,1,0.00048219400002835755,42,A02,cross-session,AdaBN
187,16,0,0.00045041299995318695,42,A02,cross-session,AdaBN
188,16,0,0.0003926699999965422,42,A02,cross-session,AdaBN
189,16,1,0.00041060099999867816,42,A02,cross-session,AdaBN
190,16,0,0.00038168100002167193,42,A02,cross-session,AdaBN
191,16,0,0.00038640200000372715,42,A02,cross-session,AdaBN
192,16,0,0.0004219700000476223,42,A02,cross-session,AdaBN
193,16,1,0.00047724199998810946,42,A02,cross-session,AdaBN
194,16,1,0.0004452599999922313,42,A02,cross-session,AdaBN
195,16,0,0.000387814000077924,42,A02,cross-session,AdaBN
196,16,0,0.0003917689999752838,42,A02,cross-session,AdaBN
197,16,0,0.0004609659999914584,42,A02,cross-session,AdaBN
198,16,0,0.000399089999973512,42,A02,cross-session,AdaBN
199,16,1,0.000433330999953796,42,A02,cross-session,AdaBN
200,16,0,0.00040906500009896263,42,A02,cross-session,AdaBN
201,16,1,0.0004748699999481687,42,A02,cross-session,AdaBN
202,16,1,0.00043440399997507484,42,A02,cross-session,AdaBN
203,16,1,0.00039659599997321493,42,A02,cross-session,AdaBN
204,16,0,0.00039758599996275734,42,A02,cross-session,AdaBN
205,16,0,0.00039452199996503623,42,A02,cross-session,AdaBN
206,16,0,0.0003957400000444977,42,A02,cross-session,AdaBN
207,16,0,0.0004005120000556417,42,A02,cross-session,AdaBN
208,16,1,0.000407087000098727,42,A02,cross-session,AdaBN
209,16,0,0.00037346599992815754,42,A02,cross-session,AdaBN
210,16,0,0.00041903600003934116,42,A02,cross-session,AdaBN
211,16,0,0.000375372000007701,42,A02,cross-session,AdaBN
212,16,1,0.0003855070000327032,42,A02,cross-session,AdaBN
213,16,0,0.00042135000001053413,42,A02,cross-session,AdaBN
214,16,1,0.0003758260000950031,42,A02,cross-session,AdaBN
215,16,1,0.0004049760000270908,42,A02,cross-session,AdaBN
216,16,1,0.0004002569999101979,42,A02,cross-session,AdaBN
217,16,0,0.0004976579999720343,42,A02,cross-session,AdaBN
218,16,1,0.0004404920000524726,42,A02,cross-session,AdaBN
219,16,1,0.0004037229999767078,42,A02,cross-session,AdaBN
220,16,1,0.00038347500003510504,42,A02,cross-session,AdaBN
221,16,0,0.00041239300003326207,42,A02,cross-session,AdaBN
222,16,0,0.00048209599992787844,42,A02,cross-session,AdaBN
223,16,0,0.0004550300000119023,42,A02,cross-session,AdaBN
224,16,0,0.00037933999999495427,42,A02,cross-session,AdaBN
225,16,1,0.0003994719999127483,42,A02,cross-session,AdaBN
226,16,0,0.0004081130000486155,42,A02,cross-session,AdaBN
227,16,0,0.0003942179999967266,42,A02,cross-session,AdaBN
228,16,0,0.000397468999949524,42,A02,cross-session,AdaBN
229,16,1,0.00038808300007531216,42,A02,cross-session,AdaBN
230,16,0,0.0003757679999125685,42,A02,cross-session,AdaBN
231,16,0,0.0004724590000932949,42,A02,cross-session,AdaBN
232,16,1,0.00043856399997821427,42,A02,cross-session,AdaBN
233,16,0,0.0004129940000439092,42,A02,cross-session,AdaBN
234,16,0,0.00040163999995002087,42,A02,cross-session,AdaBN
235,16,1,0.0003774289999682878,42,A02,cross-session,AdaBN
236,16,0,0.0004119110000146975,42,A02,cross-session,AdaBN
237,16,0,0.0004116519999115553,42,A02,cross-session,AdaBN
238,16,1,0.0003893519999564887,42,A02,cross-session,AdaBN
239,16,0,0.0004222350000873121,42,A02,cross-session,AdaBN
240,16,0,0.00038411100001667364,42,A02,cross-session,AdaBN
241,16,0,0.0004478550000612813,42,A02,cross-session,AdaBN
242,16,0,0.00042758699999012606,42,A02,cross-session,AdaBN
243,16,0,0.00041656000007606053,42,A02,cross-session,AdaBN
244,16,0,0.000410387000101764,42,A02,cross-session,AdaBN
245,16,0,0.00040332300000045507,42,A02,cross-session,AdaBN
246,16,1,0.00038753100000121776,42,A02,cross-session,AdaBN
247,16,1,0.00042344099995261786,42,A02,cross-session,AdaBN
248,16,1,0.00038886300001195195,42,A02,cross-session,AdaBN
249,16,1,0.0003963320000366366,42,A02,cross-session,AdaBN
250,16,0,0.0004690989999289741,42,A02,cross-session,AdaBN
251,16,1,0.0004540429999906337,42,A02,cross-session,AdaBN
252,16,0,0.0004315730000143958,42,A02,cross-session,AdaBN
253,16,1,0.0004156710000415842,42,A02,cross-session,AdaBN
254,16,0,0.00040905299999849376,42,A02,cross-session,AdaBN
255,16,1,0.0003858500000433196,42,A02,cross-session,AdaBN
256,16,1,0.00039280399994368054,42,A02,cross-session,AdaBN
257,16,1,0.0003920069999594489,42,A02,cross-session,AdaBN
258,16,0,0.0004037989999687852,42,A02,cross-session,AdaBN
259,16,0,0.00037040600000182167,42,A02,cross-session,AdaBN
260,16,0,0.00041674900000998605,42,A02,cross-session,AdaBN
261,16,0,0.00039470100000471575,42,A02,cross-session,AdaBN
262,16,0,0.0003957690000788716,42,A02,cross-session,AdaBN
263,16,0,0.00047838700004376733,42,A02,cross-session,AdaBN
264,16,0,0.0004027580000638409,42,A02,cross-session,AdaBN
265,16,0,0.00038400300002194854,42,A02,cross-session,AdaBN
266,16,0,0.00039497700004176295,42,A02,cross-session,AdaBN
267,16,0,0.0003827739999451296,42,A02,cross-session,AdaBN
268,16,0,0.0003999980000344294,42,A02,cross-session,AdaBN
269,16,0,0.0004964500000141925,42,A02,cross-session,AdaBN
270,16,0,0.00041549899992787687,42,A02,cross-session,AdaBN
271,16,0,0.000422848999960479,42,A02,cross-session,AdaBN
272,16,0,0.00037788800000271294,42,A02,cross-session,AdaBN
273,16,0,0.00041836499997316423,42,A02,cross-session,AdaBN
274,16,0,0.000432630999966932,42,A02,cross-session,AdaBN
275,16,0,0.000410890000011932,42,A02,cross-session,AdaBN
276,16,0,0.00042069400001309987,42,A02,cross-session,AdaBN
277,16,0,0.00040792000004330475,42,A02,cross-session,AdaBN
278,16,0,0.00046927099992899457,42,A02,cross-session,AdaBN
279,16,0,0.0004571119999354778,42,A02,cross-session,AdaBN
280,16,0,0.0004065640000590065,42,A02,cross-session,AdaBN
281,16,1,0.0004226859999789667,42,A02,cross-session,AdaBN
282,16,1,0.00039026700005706516,42,A02,cross-session,AdaBN
283,16,1,0.0004712569999583138,42,A02,cross-session,AdaBN
284,16,0,0.00041868899995733955,42,A02,cross-session,AdaBN
285,16,0,0.000390152000022681,42,A02,cross-session,AdaBN
286,16,1,0.0003914470000836445,42,A02,cross-session,AdaBN
287,16,1,0.00041446399995948013,42,A02,cross-session,AdaBN
0,1,1,0.000592201000017667,42,A03,cross-session,AdaBN
1,2,1,0.0005037780000520797,42,A03,cross-session,AdaBN
2,3,0,0.0006172010000682349,42,A03,cross-session,AdaBN
3,4,1,0.0005120380000107616,42,A03,cross-session,AdaBN
4,5,0,0.0005020379999223223,42,A03,cross-session,AdaBN
5,6,1,0.0004164090000813303,42,A03,cross-session,AdaBN
6,7,1,0.000443957000015871,42,A03,cross-session,AdaBN
7,8,0,0.00045944199996483803,42,A03,cross-session,AdaBN
8,9,1,0.0005146050000348623,42,A03,cross-session,AdaBN
9,10,0,0.00048314200000731944,42,A03,cross-session,AdaBN
10,11,0,0.00047091199996884825,42,A03,cross-session,AdaBN
11,12,0,0.000445138000031875,42,A03,cross-session,AdaBN
12,13,1,0.0004461059999130157,42,A03,cross-session,AdaBN
13,14,0,0.0004659960000026331,42,A03,cross-session,AdaBN
14,15,1,0.00045547599995643395,42,A03,cross-session,AdaBN
15,16,1,0.00047403700000359095,42,A03,cross-session,AdaBN
16,16,1,0.0004523500000459535,42,A03,cross-session,AdaBN
17,16,1,0.00044138899988865887,42,A03,cross-session,AdaBN
18,16,0,0.0004609509999227157,42,A03,cross-session,AdaBN
19,16,1,0.00043388299991420354,42,A03,cross-session,AdaBN
20,16,0,0.0004897970000001806,42,A03,cross-session,AdaBN
21,16,1,0.0004491199999847595,42,A03,cross-session,AdaBN
22,16,1,0.0004722969999875204,42,A03,cross-session,AdaBN
23,16,1,0.00046734700003980834,42,A03,cross-session,AdaBN
24,16,0,0.00043678700001237303,42,A03,cross-session,AdaBN
25,16,1,0.0004552020000119228,42,A03,cross-session,AdaBN
26,16,1,0.0004764799999747993,42,A03,cross-session,AdaBN
27,16,0,0.0004421260000526672,42,A03,cross-session,AdaBN
28,16,0,0.00044840999998996267,42,A03,cross-session,AdaBN
29,16,0,0.0003675369999882605,42,A03,cross-session,AdaBN
30,16,1,0.00040570800001660245,42,A03,cross-session,AdaBN
31,16,1,0.0004421440000896837,42,A03,cross-session,AdaBN
32,16,1,0.00036692100002255756,42,A03,cross-session,AdaBN
33,16,1,0.00038105900000573456,42,A03,cross-session,AdaBN
34,16,1,0.00036927899998318026,42,A03,cross-session,AdaBN
35,16,1,0.0003618200000801153,42,A03,cross-session,AdaBN
36,16,1,0.00038613199990322755,42,A03,cross-session,AdaBN
37,16,1,0.0004162499999438296,42,A03,cross-session,AdaBN
38,16,1,0.00037391599994407443,42,A03,cross-session,AdaBN
39,16,0,0.0004105770000251141,42,A03,cross-session,AdaBN
40,16,0,0.00036793100002796564,42,A03,cross-session,AdaBN
41,16,1,0.00037113700000190875,42,A03,cross-session,AdaBN
42,16,0,0.0003700930000150038,42,A03,cross-session,AdaBN
43,16,0,0.0004003459999921688,42,A03,cross-session,AdaBN
44,16,1,0.00039321999997810053,42,A03,cross-session,AdaBN
45,16,1,0.0004545059999827572,42,A03,cross-session,AdaBN
46,16,1,0.00040873599994029064,42,A03,cross-session,AdaBN
47,16,1,0.00039048399992225313,42,A03,cross-session,AdaBN
48,16,0,0.0004028950000929399,42,A03,cross-session,AdaBN
49,16,0,0.00039854599992850126,42,A03,cross-session,AdaBN
50,16,1,0.0004098030000250219,42,A03,cross-session,AdaBN
51,16,1,0.0003845510000246577,42,A03,cross-session,AdaBN
52,16,1,0.0004063860000087516,42,A03,cross-session,AdaBN
53,16,1,0.0003883839999616612,42,A03,cross-session,AdaBN
54,16,0,0.0003969930000948807,42,A03,cross-session,AdaBN
55,16,1,0.00038102400003481307,42,A03,cross-session,AdaBN
56,16,1,0.00042631400003756426,42,A03,cross-session,AdaBN
57,16,0,0.00043929499997830135,42,A03,cross-session,AdaBN
58,16,0,0.00038442000004579313,42,A03,cross-session,AdaBN
59,16,0,0.00043688099992778007,42,A03,cross-session,AdaBN
60,16,1,0.00040553200005888357,42,A03,cross-session,AdaBN
61,16,1,0.00040384900000844937,42,A03,cross-session,AdaBN
62,16,1,0.0003986150001082933,42,A03,cross-session,AdaBN
63,16,1,0.00041005099990343297,42,A03,cross-session,AdaBN
64,16,1,0.0003936599999860846,42,A03,cross-session,AdaBN
65,16,1,0.0004108870000436582,42,A03,cross-session,AdaBN
66,16,1,0.00040141200008747546,42,A03,cross-session,AdaBN
67,16,1,0.0004009410000662683,42,A03,cross-session,AdaBN
68,16,1,0.00042187899998680223,42,A03,cross-session,AdaBN
69,16,0,0.0003939410000839416,42,A03,cross-session,AdaBN
70,16,1,0.00039662000006046583,42,A03,cross-session,AdaBN
71,16,0,0.00038664600003812666,42,A03,cross-session,AdaBN
72,16,1,0.00040648599997439305,42,A03,cross-session,AdaBN
73,16,1,0.00038456900006167416,42,A03,cross-session,AdaBN
74,16,1,0.00039343699995697534,42,A03,cross-session,AdaBN
75,16,1,0.00039768999999978405,42,A03,cross-session,AdaBN
76,16,1,0.00038477100008549314,42,A03,cross-session,AdaBN
77,16,1,0.00039635500002077606,42,A03,cross-session,AdaBN
78,16,1,0.0003830360000165456,42,A03,cross-session,AdaBN
79,16,1,0.00040799299995342153,42,A03,cross-session,AdaBN
80,16,1,0.0003955240000550475,42,A03,cross-session,AdaBN
81,16,0,0.0003923970000414556,42,A03,cross-session,AdaBN
82,16,0,0.00042339699996318814,42,A03,cross-session,AdaBN
83,16,0,0.0003913010000360373,42,A03,cross-session,AdaBN
84,16,1,0.00039874799995232024,42,A03,cross-session,AdaBN
85,16,0,0.0004307699999799297,42,A03,cross-session,AdaBN
86,16,1,0.00041459500005203154,42,A03,cross-session,AdaBN
87,16,1,0.00040708999995331396,42,A03,cross-session,AdaBN
88,16,1,0.0003802260000611568,42,A03,cross-session,AdaBN
89,16,0,0.00040781600000627805,42,A03,cross-session,AdaBN
90,16,0,0.00040089399999487796,42,A03,cross-session,AdaBN
91,16,0,0.0003859999999349384,42,A03,cross-session,AdaBN
92,16,1,0.0004115310000543104,42,A03,cross-session,AdaBN
93,16,1,0.0003833019999319731,42,A03,cross-session,AdaBN
94,16,0,0.0003936729999622912,42,A03,cross-session,AdaBN
95,16,1,0.00040943199996945623,42,A03,cross-session,AdaBN
96,16,1,0.0003886360000251443,42,A03,cross-session,AdaBN
97,16,1,0.00039638700002342375,42,A03,cross-session,AdaBN
98,16,0,0.0003822390000323139,42,A03,cross-session,AdaBN
99,16,1,0.00040010800000800373,42,A03,cross-session,AdaBN
100,16,1,0.00039385599995966913,42,A03,cross-session,AdaBN
101,16,0,0.0003934170000547965,42,A03,cross-session,AdaBN
102,16,1,0.00045340099995883065,42,A03,cross-session,AdaBN
103,16,0,0.00048261300003105134,42,A03,cross-session,AdaBN
104,16,1,0.0004007730000239462,42,A03,cross-session,AdaBN
105,16,1,0.0004221789999974135,42,A03,cross-session,AdaBN
106,16,0,0.0003907280000703395,42,A03,cross-session,AdaBN
107,16,0,0.0003993660000105592,42,A03,cross-session,AdaBN
108,16,0,0.00042424699995535775,42,A03,cross-session,AdaBN
109,16,1,0.0004190600000129052,42,A03,cross-session,AdaBN
110,16,0,0.0004058719999875393,42,A03,cross-session,AdaBN
111,16,1,0.00044816000001901557,42,A03,cross-session,AdaBN
112,16,1,0.00040551499989760487,42,A03,cross-session,AdaBN
113,16,1,0.0003985790000342604,42,A03,cross-session,AdaBN
114,16,1,0.0004252789999554807,42,A03,cross-session,AdaBN
115,16,1,0.000434256999938043,42,A03,cross-session,AdaBN
116,16,1,0.00037765499996567087,42,A03,cross-session,AdaBN
117,16,1,0.000417230000039126,42,A03,cross-session,AdaBN
118,16,1,0.00039617300001282274,42,A03,cross-session,AdaBN
119,16,1,0.0003812539999898945,42,A03,cross-session,AdaBN
120,16,1,0.00043517599999631784,42,A03,cross-session,AdaBN
121,16,1,0.00042357600000286766,42,A03,cross-session,AdaBN
122,16,0,0.0003792390000398882,42,A03,cross-session,AdaBN
123,16,1,0.00042079999991528894,42,A03,cross-session,AdaBN
124,16,1,0.000401694999936808,42,A03,cross-session,AdaBN
125,16,0,0.0004437660001030963,42,A03,cross-session,AdaBN
126,16,0,0.00042944899996655295,42,A03,cross-session,AdaBN
127,16,1,0.00037826900006621145,42,A03,cross-session,AdaBN
128,16,0,0.00040071900002658367,42,A03,cross-session,AdaBN
129,16,0,0.000376483000081862,42,A03,cross-session,AdaBN
130,16,1,0.0003838830000404414,42,A03,cross-session,AdaBN
131,16,1,0.0005085059999601071,42,A03,cross-session,AdaBN
132,16,1,0.00040251099994748074,42,A03,cross-session,AdaBN
133,16,1,0.00041572600002837135,42,A03,cross-session,AdaBN
134,16,1,0.0003890410000622069,42,A03,cross-session,AdaBN
135,16,1,0.00042114999996556435,42,A03,cross-session,AdaBN
136,16,1,0.0004272130000799734,42,A03,cross-session,AdaBN
137,16,0,0.0004606460000786683,42,A03,cross-session,AdaBN
138,16,1,0.00043338799991943233,42,A03,cross-session,AdaBN
139,16,1,0.0004207730000871379,42,A03,cross-session,AdaBN
140,16,1,0.00038299899995308806,42,A03,cross-session,AdaBN
141,16,0,0.00044556499994996557,42,A03,cross-session,AdaBN
142,16,1,0.00042487500002152956,42,A03,cross-session,AdaBN
143,16,1,0.0005116500000212909,42,A03,cross-session,AdaBN
144,16,0,0.00042269400000805035,42,A03,cross-session,AdaBN
145,16,0,0.00038781000000653876,42,A03,cross-session,AdaBN
146,16,1,0.0004229609999129025,42,A03,cross-session,AdaBN
147,16,0,0.00037897900006100826,42,A03,cross-session,AdaBN
148,16,1,0.00040254699990782683,42,A03,cross-session,AdaBN
149,16,1,0.0004632259999652888,42,A03,cross-session,AdaBN
150,16,1,0.0003920430000334818,42,A03,cross-session,AdaBN
151,16,1,0.00045033300000341114,42,A03,cross-session,AdaBN
152,16,0,0.00039556800004447723,42,A03,cross-session,AdaBN
153,16,1,0.00041913400002613344,42,A03,cross-session,AdaBN
154,16,1,0.00042511699996339303,42,A03,cross-session,AdaBN
155,16,1,0.00038141699997140677,42,A03,cross-session,AdaBN
156,16,1,0.00037612000005537993,42,A03,cross-session,AdaBN
157,16,1,0.0003783779999366743,42,A03,cross-session,AdaBN
158,16,0,0.00038193099999261904,42,A03,cross-session,AdaBN
159,16,1,0.00042276800002127857,42,A03,cross-session,AdaBN
160,16,1,0.0004301789999772154,42,A03,cross-session,AdaBN
161,16,1,0.00040015000001858425,42,A03,cross-session,AdaBN
162,16,1,0.0003886040000224966,42,A03,cross-session,AdaBN
163,16,1,0.0003945139999359526,42,A03,cross-session,AdaBN
164,16,0,0.0004579820000571999,42,A03,cross-session,AdaBN
165,16,1,0.0004029840000612239,42,A03,cross-session,AdaBN
166,16,1,0.0004325559999642792,42,A03,cross-session,AdaBN
167,16,1,0.00039843100000780396,42,A03,cross-session,AdaBN
168,16,1,0.00038130699999783246,42,A03,cross-session,AdaBN
169,16,1,0.0003863529999534876,42,A03,cross-session,AdaBN
170,16,1,0.0003854990000036196,42,A03,cross-session,AdaBN
171,16,0,0.0003842119999717397,42,A03,cross-session,AdaBN
172,16,1,0.0004907490000505277,42,A03,cross-session,AdaBN
173,16,1,0.0004079089999322605,42,A03,cross-session,AdaBN
174,16,1,0.00042265900003712886,42,A03,cross-session,AdaBN
175,16,1,0.0004212679999682223,42,A03,cross-session,AdaBN
176,16,1,0.0003755579999733527,42,A03,cross-session,AdaBN
177,16,1,0.00040141700003459846,42,A03,cross-session,AdaBN
178,16,1,0.0003772829999206806,42,A03,cross-session,AdaBN
179,16,0,0.0003864929999508604,42,A03,cross-session,AdaBN
180,16,0,0.0003810729999713658,42,A03,cross-session,AdaBN
181,16,0,0.0003858080000327391,42,A03,cross-session,AdaBN
182,16,0,0.00040735499999300373,42,A03,cross-session,AdaBN
183,16,1,0.00046981799994227913,42,A03,cross-session,AdaBN
184,16,1,0.00039621899998110166,42,A03,cross-session,AdaBN
185,16,1,0.0004126090000227123,42,A03,cross-session,AdaBN
186,16,0,0.0003667110000833418,42,A03,cross-session,AdaBN
187,16,1,0.0004625289999466986,42,A03,cross-session,AdaBN
188,16,0,0.0004223189999947863,42,A03,cross-session,AdaBN
189,16,0,0.00043611400008103374,42,A03,cross-session,AdaBN
190,16,1,0.0003991249999444335,42,A03,cross-session,AdaBN
191,16,1,0.000394863999986228,42,A03,cross-session,AdaBN
192,16,0,0.00037326800008941063,42,A03,cross-session,AdaBN
193,16,1,0.0003978020000658944,42,A03,cross-session,AdaBN
194,16,1,0.00037924800005839643,42,A03,cross-session,AdaBN
195,16,0,0.0004781310000225858,42,A03,cross-session,AdaBN
196,16,0,0.0004093139999667983,42,A03,cross-session,AdaBN
197,16,1,0.00040479999995568505,42,A03,cross-session,AdaBN
198,16,0,0.00040729299996655755,42,A03,cross-session,AdaBN
199,16,1,0.00039757500007908675,42,A03,cross-session,AdaBN
200,16,0,0.00039392600001519895,42,A03,cross-session,AdaBN
201,16,1,0.0004167769999412485,42,A03,cross-session,AdaBN
202,16,1,0.00037367400000221096,42,A03,cross-session,AdaBN
203,16,1,0.00041124099993794516,42,A03,cross-session,AdaBN
204,16,1,0.0003805839999131422,42,A03,cross-session,AdaBN
205,16,1,0.00038382300010653125,42,A03,cross-session,AdaBN
206,16,0,0.00044193799999447947,42,A03,cross-session,AdaBN
207,16,1,0.00042083599998932186,42,A03,cross-session,AdaBN
208,16,0,0.00040950599998268444,42,A03,cross-session,AdaBN
209,16,0,0.0003978229999574978,42,A03,cross-session,AdaBN
210,16,1,0.0004088929999852553,42,A03,cross-session,AdaBN
211,16,1,0.00043366299996705493,42,A03,cross-session,AdaBN
212,16,1,0.00043662300004143617,42,A03,cross-session,AdaBN
213,16,1,0.00041355099995143974,42,A03,cross-session,AdaBN
214,16,1,0.0004019890000108717,42,A03,cross-session,AdaBN
215,16,0,0.0003968910000367032,42,A03,cross-session,AdaBN
216,16,1,0.0004266790000428955,42,A03,cross-session,AdaBN
217,16,1,0.0004079450000062934,42,A03,cross-session,AdaBN
218,16,1,0.0003915259999303089,42,A03,cross-session,AdaBN
219,16,0,0.0003942609999967317,42,A03,cross-session,AdaBN
220,16,1,0.00037401500003397814,42,A03,cross-session,AdaBN
221,16,1,0.00037958999996590137,42,A03,cross-session,AdaBN
222,16,1,0.00043043899995609536,42,A03,cross-session,AdaBN
223,16,1,0.0003775910000740623,42,A03,cross-session,AdaBN
224,16,1,0.0003822789999503584,42,A03,cross-session,AdaBN
225,16,0,0.00037708399997882225,42,A03,cross-session,AdaBN
226,16,1,0.0004406489999837504,42,A03,cross-session,AdaBN
227,16,1,0.00042342300002928823,42,A03,cross-session,AdaBN
228,16,1,0.00039240700004938844,42,A03,cross-session,AdaBN
229,16,0,0.0004012169999896287,42,A03,cross-session,AdaBN
230,16,1,0.0004067390000273008,42,A03,cross-session,AdaBN
231,16,1,0.00038710999990598793,42,A03,cross-session,AdaBN
232,16,0,0.00045704300009674625,42,A03,cross-session,AdaBN
233,16,1,0.00044551200005571445,42,A03,cross-session,AdaBN
234,16,1,0.0003906709999910163,42,A03,cross-session,AdaBN
235,16,1,0.0004212970000025962,42,A03,cross-session,AdaBN
236,16,1,0.00037535100000241073,42,A03,cross-session,AdaBN
237,16,1,0.0003815669999767124,42,A03,cross-session,AdaBN
238,16,1,0.0004194690000076662,42,A03,cross-session,AdaBN
239,16,0,0.0004276009999557573,42,A03,cross-session,AdaBN
240,16,0,0.0004723710000007486,42,A03,cross-session,AdaBN
241,16,1,0.0003884249999828171,42,A03,cross-session,AdaBN
242,16,1,0.00039072399999895424,42,A03,cross-session,AdaBN
243,16,0,0.0004108100000621562,42,A03,cross-session,AdaBN
244,16,1,0.00045434100002239575,42,A03,cross-session,AdaBN
245,16,1,0.0004253150000295136,42,A03,cross-session,AdaBN
246,16,1,0.0003872949999959019,42,A03,cross-session,AdaBN
247,16,1,0.0003791789999922912,42,A03,cross-session,AdaBN
248,16,0,0.0004331649998903231,42,A03,cross-session,AdaBN
249,16,1,0.000404436999929203,42,A03,cross-session,AdaBN
250,16,1,0.0004666730000053576,42,A03,cross-session,AdaBN
251,16,1,0.0004040789999635308,42,A03,cross-session,AdaBN
252,16,1,0.00039639299995997135,42,A03,cross-session,AdaBN
253,16,1,0.0003911669999752121,42,A03,cross-session,AdaBN
254,16,1,0.0003802089998998781,42,A03,cross-session,AdaBN
255,16,1,0.0004469760000347378,42,A03,cross-session,AdaBN
256,16,1,0.0004138550000334362,42,A03,cross-session,AdaBN
257,16,1,0.00036808699996981886,42,A03,cross-session,AdaBN
258,16,1,0.00037423699995997595,42,A03,cross-session,AdaBN
259,16,1,0.0003924979999965217,42,A03,cross-session,AdaBN
260,16,0,0.0004355800000439558,42,A03,cross-session,AdaBN
261,16,1,0.0004241510000611015,42,A03,cross-session,AdaBN
262,16,1,0.00039596000010533317,42,A03,cross-session,AdaBN
263,16,1,0.0003935910000336662,42,A03,cross-session,AdaBN
264,16,1,0.00042958500000622735,42,A03,cross-session,AdaBN
265,16,1,0.00038651299996672606,42,A03,cross-session,AdaBN
266,16,1,0.0003895529999908831,42,A03,cross-session,AdaBN
267,16,1,0.0004056480000826923,42,A03,cross-session,AdaBN
268,16,0,0.00037013599990132207,42,A03,cross-session,AdaBN
269,16,1,0.00040026399994985695,42,A03,cross-session,AdaBN
270,16,1,0.00042150100000526436,42,A03,cross-session,AdaBN
271,16,1,0.0003822639999953026,42,A03,cross-session,AdaBN
272,16,1,0.00039389799997024966,42,A03,cross-session,AdaBN
273,16,1,0.0003746260000525581,42,A03,cross-session,AdaBN
274,16,1,0.00038400400001137314,42,A03,cross-session,AdaBN
275,16,1,0.000383670000019265,42,A03,cross-session,AdaBN
276,16,1,0.0003778390000661602,42,A03,cross-session,AdaBN
277,16,0,0.0004089569999905507,42,A03,cross-session,AdaBN
278,16,1,0.0003849459999401006,42,A03,cross-session,AdaBN
279,16,1,0.00044601799993415625,42,A03,cross-session,AdaBN
280,16,1,0.0004207380000025296,42,A03,cross-session,AdaBN
281,16,0,0.0003801909999765485,42,A03,cross-session,AdaBN
282,16,0,0.00039974199989956105,42,A03,cross-session,AdaBN
283,16,0,0.00039958100001058483,42,A03,cross-session,AdaBN
284,16,0,0.00044717699995544535,42,A03,cross-session,AdaBN
285,16,0,0.00041864199999963603,42,A03,cross-session,AdaBN
286,16,1,0.0003953179999598433,42,A03,cross-session,AdaBN
287,16,1,0.00037673799999993207,42,A03,cross-session,AdaBN
0,1,1,0.0005694730000413983,42,A04,cross-session,AdaBN
1,2,0,0.0004820770000151242,42,A04,cross-session,AdaBN
2,3,1,0.0004785859999856257,42,A04,cross-session,AdaBN
3,4,0,0.0005480429999806802,42,A04,cross-session,AdaBN
4,5,0,0.0005186729999877571,42,A04,cross-session,AdaBN
5,6,0,0.0004120500000226457,42,A04,cross-session,AdaBN
6,7,0,0.0005023600000413353,42,A04,cross-session,AdaBN
7,8,0,0.0004814369999621704,42,A04,cross-session,AdaBN
8,9,0,0.00047956299999896146,42,A04,cross-session,AdaBN
9,10,1,0.000493240000082551,42,A04,cross-session,AdaBN
10,11,0,0.0004483120000031704,42,A04,cross-session,AdaBN
11,12,1,0.0004525690000036775,42,A04,cross-session,AdaBN
12,13,0,0.0004475099999581289,42,A04,cross-session,AdaBN
13,14,1,0.00046168000005764043,42,A04,cross-session,AdaBN
14,15,1,0.0004463189999341921,42,A04,cross-session,AdaBN
15,16,1,0.0005024409999805357,42,A04,cross-session,AdaBN
16,16,0,0.0004762060000302881,42,A04,cross-session,AdaBN
17,16,0,0.00043802999994113634,42,A04,cross-session,AdaBN
18,16,0,0.00045356800001172815,42,A04,cross-session,AdaBN
19,16,0,0.0004412509999838221,42,A04,cross-session,AdaBN
20,16,0,0.00043401699997502874,42,A04,cross-session,AdaBN
21,16,0,0.00047668199999861827,42,A04,cross-session,AdaBN
22,16,1,0.00044443000001592736,42,A04,cross-session,AdaBN
23,16,1,0.0004555200000595505,42,A04,cross-session,AdaBN
24,16,1,0.0004592460001049403,42,A04,cross-session,AdaBN
25,16,1,0.00043996599993079144,42,A04,cross-session,AdaBN
26,16,1,0.00047126100002969906,42,A04,cross-session,AdaBN
27,16,0,0.0004622090000339085,42,A04,cross-session,AdaBN
28,16,0,0.00046152799995979876,42,A04,cross-session,AdaBN
29,16,1,0.0004089230000090538,42,A04,cross-session,AdaBN
30,16,0,0.0003751290000764129,42,A04,cross-session,AdaBN
31,16,1,0.00037229500003377325,42,A04,cross-session,AdaBN
32,16,1,0.00036607200001981255,42,A04,cross-session,AdaBN
33,16,0,0.00037564100000508915,42,A04,cross-session,AdaBN
34,16,1,0.0003782329999921785,42,A04,cross-session,AdaBN
35,16,0,0.0004011760000821596,42,A04,cross-session,AdaBN
36,16,1,0.0003798320000214517,42,A04,cross-session,AdaBN
37,16,1,0.000380430000063825,42,A04,cross-session,AdaBN
38,16,0,0.000375877000010405,42,A04,cross-session,AdaBN
39,16,1,0.00037881200000811077,42,A04,cross-session,AdaBN
40,16,0,0.00038591099996665434,42,A04,cross-session,AdaBN
41,16,1,0.00037999899996066233,42,A04,cross-session,AdaBN
42,16,1,0.0003821000000243657,42,A04,cross-session,AdaBN
43,16,1,0.00036986500003877154,42,A04,cross-session,AdaBN
44,16,1,0.0003872300000011819,42,A04,cross-session,AdaBN
45,16,1,0.0003865049999376424,42,A04,cross-session,AdaBN
46,16,0,0.0003840680000166685,42,A04,cross-session,AdaBN
47,16,1,0.0004096019999906275,42,A04,cross-session,AdaBN
48,16,1,0.000398652000058064,42,A04,cross-session,AdaBN
49,16,1,0.00040357000000312837,42,A04,cross-session,AdaBN
50,16,1,0.0004157110000733155,42,A04,cross-session,AdaBN
51,16,1,0.0003942280000046594,42,A04,cross-session,AdaBN
52,16,1,0.0003980679999813219,42,A04,cross-session,AdaBN
53,16,0,0.0003960559999995894,42,A04,cross-session,AdaBN
54,16,0,0.0003948049999280556,42,A04,cross-session,AdaBN
55,16,1,0.0004699220000929927,42,A04,cross-session,AdaBN
56,16,0,0.0004460540000081892,42,A04,cross-session,AdaBN
57,16,0,0.0004802129999461613,42,A04,cross-session,AdaBN
58,16,0,0.0004441369999312883,42,A04,cross-session,AdaBN
59,16,1,0.00042873000006693474,42,A04,cross-session,AdaBN
60,16,0,0.0004183979999652365,42,A04,cross-session,AdaBN
61,16,1,0.0003944459999729588,42,A04,cross-session,AdaBN
62,16,0,0.00040148200002931844,42,A04,cross-session,AdaBN
63,16,1,0.0003896679999115804,42,A04,cross-session,AdaBN
64,16,1,0.0004303709999931016,42,A04,cross-session,AdaBN
65,16,0,0.0004222569999683401,42,A04,cross-session,AdaBN
66,16,1,0.0005097530000739425,42,A04,cross-session,AdaBN
67,16,0,0.0004564070000014908,42,A04,cross-session,AdaBN
68,16,1,0.00039569000000483356,42,A04,cross-session,AdaBN
69,16,1,0.0004021799999236464,42,A04,cross-session,AdaBN
70,16,0,0.00038836800001718075,42,A04,cross-session,AdaBN
71,16,1,0.00041052400001717615,42,A04,cross-session,AdaBN
72,16,0,0.0003930739999304933,42,A04,cross-session,AdaBN
73,16,0,0.0004077900000538648,42,A04,cross-session,AdaBN
74,16,1,0.00047580699992977316,42,A04,cross-session,AdaBN
75,16,0,0.00038738599994303513,42,A04,cross-session,AdaBN
76,16,1,0.0003915490000281352,42,A04,cross-session,AdaBN
77,16,1,0.00042044999997870036,42,A04,cross-session,AdaBN
78,16,0,0.00038027499999770953,42,A04,cross-session,AdaBN
79,16,1,0.00043765299994902307,42,A04,cross-session,AdaBN
80,16,1,0.0003948979999677249,42,A04,cross-session,AdaBN
81,16,0,0.00042352500008746574,42,A04,cross-session,AdaBN
82,16,0,0.00048328000002584304,42,A04,cross-session,AdaBN
83,16,0,0.00043557799995141977,42,A04,cross-session,AdaBN
84,16,0,0.00040490200001386256,42,A04,cross-session,AdaBN
85,16,1,0.0004110380000383884,42,A04,cross-session,AdaBN
86,16,0,0.00038686599998527527,42,A04,cross-session,AdaBN
87,16,0,0.0003913059999831603,42,A04,cross-session,AdaBN
88,16,1,0.00041057399994315347,42,A04,cross-session,AdaBN
89,16,0,0.00038805600001978746,42,A04,cross-session,AdaBN
90,16,1,0.0004093400000328984,42,A04,cross-session,AdaBN
91,16,0,0.0003800450000426281,42,A04,cross-session,AdaBN
92,16,0,0.0003987190000316332,42,A04,cross-session,AdaBN
93,16,0,0.0003910570000016378,42,A04,cross-session,AdaBN
94,16,1,0.00041435900004671566,42,A04,cross-session,AdaBN
95,16,0,0.00048276899997290457,42,A04,cross-session,AdaBN
96,16,0,0.00041688800001793425,42,A04,cross-session,AdaBN
97,16,1,0.0004100160000461983,42,A04,cross-session,AdaBN
98,16,1,0.00041696400001001166,42,A04,cross-session,AdaBN
99,16,0,0.00039428100001259736,42,A04,cross-session,AdaBN
100,16,1,0.0003937980000046082,42,A04,cross-session,AdaBN
101,16,1,0.0004045389999873805,42,A04,cross-session,AdaBN
102,16,0,0.00037767399999211193,42,A04,cross-session,AdaBN
103,16,1,0.00041798500001277716,42,A04,cross-session,AdaBN
104,16,0,0.00040106300002662465,42,A04,cross-session,AdaBN
105,16,0,0.00041534599995429744,42,A04,cross-session,AdaBN
106,16,1,0.00040320800007975777,42,A04,cross-session,AdaBN
107,16,0,0.00038246599990543473,42,A04,cross-session,AdaBN
108,16,1,0.00039256699994894007,42,A04,cross-session,AdaBN
109,16,0,0.00037761599992336414,42,A04,cross-session,AdaBN
110,16,0,0.00038272800009053753,42,A04,cross-session,AdaBN
111,16,1,0.0003882690000409639,42,A04,cross-session,AdaBN
112,16,0,0.0003908070000306907,42,A04,cross-session,AdaBN
113,16,0,0.00037099999997280975,42,A04,cross-session,AdaBN
114,16,0,0.0003819120000798648,42,A04,cross-session,AdaBN
115,16,1,0.00038547000008293253,42,A04,cross-session,AdaBN
116,16,0,0.00043401300001733034,42,A04,cross-session,AdaBN
117,16,0,0.0004129650000095353,42,A04,cross-session,AdaBN
118,16,0,0.000392384000065249,42,A04,cross-session,AdaBN
119,16,0,0.0003949749999492269,42,A04,cross-session,AdaBN
120,16,0,0.0003813820000004853,42,A04,cross-session,AdaBN
121,16,1,0.00039420799998879374,42,A04,cross-session,AdaBN
122,16,1,0.00045973399994636566,42,A04,cross-session,AdaBN
123,16,1,0.0004297989999031415,42,A04,cross-session,AdaBN
124,16,0,0.00039920899996559456,42,A04,cross-session,AdaBN
125,16,0,0.00037867899993671017,42,A04,cross-session,AdaBN
126,16,1,0.00037978500006374816,42,A04,cross-session,AdaBN
127,16,1,0.00045043800002986245,42,A04,cross-session,AdaBN
128,16,1,0.00046827000005578157,42,A04,cross-session,AdaBN
129,16,1,0.0004929840000613694,42,A04,cross-session,AdaBN
130,16,0,0.0004036100000348597,42,A04,cross-session,AdaBN
131,16,0,0.00039490300002853473,42,A04,cross-session,AdaBN
132,16,0,0.0004387919999544465,42,A04,cross-session,AdaBN
133,16,0,0.0004331490000595295,42,A04,cross-session,AdaBN
134,16,1,0.00041175300009399507,42,A04,cross-session,AdaBN
135,16,1,0.0003961550000894931,42,A04,cross-session,AdaBN
136,16,1,0.00039386699995702656,42,A04,cross-session,AdaBN
137,16,0,0.00039825900000778347,42,A04,cross-session,AdaBN
138,16,1,0.00041435399998590583,42,A04,cross-session,AdaBN
139,16,1,0.0003975949999812656,42,A04,cross-session,AdaBN
140,16,1,0.0003956990000233418,42,A04,cross-session,AdaBN
141,16,0,0.00038080000001627923,42,A04,cross-session,AdaBN
142,16,0,0.0004089180000619308,42,A04,cross-session,AdaBN
143,16,1,0.0003707060000124329,42,A04,cross-session,AdaBN
144,16,1,0.00041650999992270954,42,A04,cross-session,AdaBN
145,16,1,0.0004706739999846832,42,A04,cross-session,AdaBN
146,16,1,0.00040964499999063264,42,A04,cross-session,AdaBN
147,16,1,0.00040346699995552626,42,A04,cross-session,AdaBN
148,16,0,0.00039794199994958035,42,A04,cross-session,AdaBN
149,16,0,0.00039153399995939253,42,A04,cross-session,AdaBN
150,16,0,0.0004149650000044858,42,A04,cross-session,AdaBN
151,16,1,0.00047210000002451125,42,A04,cross-session,AdaBN
152,16,0,0.0004106549999960407,42,A04,cross-session,AdaBN
153,16,0,0.0004104360000383167,42,A04,cross-session,AdaBN
154,16,1,0.0003949200000761266,42,A04,cross-session,AdaBN
155,16,1,0.00039055599995663215,42,A04,cross-session,AdaBN
156,16,0,0.0004862910000156262,42,A04,cross-session,AdaBN
157,16,0,0.0003803590000188706,42,A04,cross-session,AdaBN
158,16,0,0.00037986300003467477,42,A04,cross-session,AdaBN
159,16,0,0.00038213900006667245,42,A04,cross-session,AdaBN
160,16,1,0.00038907299995116773,42,A04,cross-session,AdaBN
161,16,0,0.0004921399998920606,42,A04,cross-session,AdaBN
162,16,0,0.0004307820000803986,42,A04,cross-session,AdaBN
163,16,0,0.00041685899998356035,42,A04,cross-session,AdaBN
164,16,0,0.0004000369999630493,42,A04,cross-session,AdaBN
165,16,0,0.0004150899999331159,42,A04,cross-session,AdaBN
166,16,0,0.00040124700001342717,42,A04,cross-session,AdaBN
167,16,1,0.0003829280000218205,42,A04,cross-session,AdaBN
168,16,1,0.0004065680000167049,42,A04,cross-session,AdaBN
169,16,1,0.00042177200009518856,42,A04,cross-session,AdaBN
170,16,0,0.00048602700007904787,42,A04,cross-session,AdaBN
171,16,1,0.00044250399992051825,42,A04,cross-session,AdaBN
172,16,0,0.0003961319999916668,42,A04,cross-session,AdaBN
173,16,1,0.0004273569999213578,42,A04,cross-session,AdaBN
174,16,0,0.0004523979999930816,42,A04,cross-session,AdaBN
175,16,1,0.00039712500006316986,42,A04,cross-session,AdaBN
176,16,1,0.0004123370000570503,42,A04,cross-session,AdaBN
177,16,0,0.0004032900000083828,42,A04,cross-session,AdaBN
178,16,0,0.0003822420000005877,42,A04,cross-session,AdaBN
179,16,0,0.00041443199995683244,42,A04,cross-session,AdaBN
180,16,1,0.0003825480000614334,42,A04,cross-session,AdaBN
181,16,0,0.0003969260000076247,42,A04,cross-session,AdaBN
182,16,0,0.0003960410000445336,42,A04,cross-session,AdaBN
183,16,1,0.0003953770000180157,42,A04,cross-session,AdaBN
184,16,1,0.0004083229999878313,42,A04,cross-session,AdaBN
185,16,1,0.000375302000065858,42,A04,cross-session,AdaBN
186,16,0,0.00040892900005928823,42,A04,cross-session,AdaBN
187,16,1,0.00046476099998926657,42,A04,cross-session,AdaBN
188,16,1,0.0004023860000188506,42,A04,cross-session,AdaBN
189,16,1,0.00041031800003565877,42,A04,cross-session,AdaBN
190,16,0,0.000422011999944516,42,A04,cross-session,AdaBN
191,16,1,0.00038611500008300936,42,A04,cross-session,AdaBN
192,16,0,0.0004199290000315159,42,A04,cross-session,AdaBN
193,16,1,0.00038203799999791954,42,A04,cross-session,AdaBN
194,16,0,0.0003899680000358785,42,A04,cross-session,AdaBN
195,16,0,0.0003956439999228678,42,A04,cross-session,AdaBN
196,16,0,0.00038282599996364297,42,A04,cross-session,AdaBN
197,16,0,0.00041678200000205834,42,A04,cross-session,AdaBN
198,16,0,0.0003946489999862024,42,A04,cross-session,AdaBN
199,16,0,0.00044494400003713963,42,A04,cross-session,AdaBN
200,16,0,0.0004476050000903342,42,A04,cross-session,AdaBN
201,16,0,0.00040602100000342034,42,A04,cross-session,AdaBN
202,16,1,0.0004224729999577903,42,A04,cross-session,AdaBN
203,16,0,0.00043153099989012844,42,A04,cross-session,AdaBN
204,16,0,0.0003864569999905143,42,A04,cross-session,AdaBN
205,16,1,0.00038963400004377036,42,A04,cross-session,AdaBN
206,16,1,0.00038989099994068965,42,A04,cross-session,AdaBN
207,16,0,0.00038717200004612096,42,A04,cross-session,AdaBN
208,16,0,0.0004207819999919593,42,A04,cross-session,AdaBN
209,16,1,0.00037556500001301174,42,A04,cross-session,AdaBN
210,16,1,0.0003878389999272258,42,A04,cross-session,AdaBN
211,16,1,0.00038581000001158827,42,A04,cross-session,AdaBN
212,16,1,0.0004348599999275393,42,A04,cross-session,AdaBN
213,16,1,0.00044969400005356874,42,A04,cross-session,AdaBN
214,16,0,0.00040034800008470484,42,A04,cross-session,AdaBN
215,16,1,0.000391684000078385,42,A04,cross-session,AdaBN
216,16,1,0.0003868349999720522,42,A04,cross-session,AdaBN
217,16,0,0.00038281499996628554,42,A04,cross-session,AdaBN
218,16,1,0.00040127900001607486,42,A04,cross-session,AdaBN
219,16,0,0.0004764629999272074,42,A04,cross-session,AdaBN
220,16,1,0.00038115100005597924,42,A04,cross-session,AdaBN
221,16,1,0.0003949919999968188,42,A04,cross-session,AdaBN
222,16,1,0.0004466939999474562,42,A04,cross-session,AdaBN
223,16,1,0.00044625600003200816,42,A04,cross-session,AdaBN
224,16,1,0.00040525299993987574,42,A04,cross-session,AdaBN
225,16,1,0.0003974960000050487,42,A04,cross-session,AdaBN
226,16,0,0.0003958390000207146,42,A04,cross-session,AdaBN
227,16,0,0.00042641100003493193,42,A04,cross-session,AdaBN
228,16,1,0.00041228099996715173,42,A04,cross-session,AdaBN
229,16,1,0.00038638300009097293,42,A04,cross-session,AdaBN
230,16,0,0.00043084800006454316,42,A04,cross-session,AdaBN
231,16,0,0.00040387200010627566,42,A04,cross-session,AdaBN
232,16,1,0.00040577499999017164,42,A04,cross-session,AdaBN
233,16,1,0.0004130710000254112,42,A04,cross-session,AdaBN
234,16,0,0.0004276530000879575,42,A04,cross-session,AdaBN
235,16,1,0.0004579779999858147,42,A04,cross-session,AdaBN
236,16,1,0.0003883659999246447,42,A04,cross-session,AdaBN
237,16,0,0.0003960380000762598,42,A04,cross-session,AdaBN
238,16,0,0.0004500659999848722,42,A04,cross-session,AdaBN
239,16,0,0.0004268349999847487,42,A04,cross-session,AdaBN
240,16,1,0.000420320999978685,42,A04,cross-session,AdaBN
241,16,1,0.00038693499993769365,42,A04,cross-session,AdaBN
242,16,0,0.00042227999995247956,42,A04,cross-session,AdaBN
243,16,0,0.0003875090000065029,42,A04,cross-session,AdaBN
244,16,0,0.0003874320000250009,42,A04,cross-session,AdaBN
245,16,1,0.00040731500007495924,42,A04,cross-session,AdaBN
246,16,1,0.00039694800000233954,42,A04,cross-session,AdaBN
247,16,0,0.00038457599998764636,42,A04,cross-session,AdaBN
248,16,0,0.00038974999995389226,42,A04,cross-session,AdaBN
249,16,0,0.0003763299999945957,42,A04,cross-session,AdaBN
250,16,0,0.00040763100003005093,42,A04,cross-session,AdaBN
251,16,1,0.0004053310000244892,42,A04,cross-session,AdaBN
252,16,0,0.0004320709999774408,42,A04,cross-session,AdaBN
253,16,0,0.000440031999914936,42,A04,cross-session,AdaBN
254,16,0,0.00040521599999010505,42,A04,cross-session,AdaBN
255,16,0,0.0004134560000466081,42,A04,cross-session,AdaBN
256,16,1,0.0003986240000131147,42,A04,cross-session,AdaBN
257,16,1,0.0003850929999771324,42,A04,cross-session,AdaBN
258,16,1,0.00041742099995190074,42,A04,cross-session,AdaBN
259,16,0,0.0003755479999654199,42,A04,cross-session,AdaBN
260,16,1,0.0003887389999590596,42,A04,cross-session,AdaBN
261,16,1,0.00041020899993782223,42,A04,cross-session,AdaBN
262,16,0,0.000510411000050226,42,A04,cross-session,AdaBN
263,16,0,0.00044329700006073836,42,A04,cross-session,AdaBN
264,16,1,0.0004450469999710549,42,A04,cross-session,AdaBN
265,16,1,0.00040567400003510556,42,A04,cross-session,AdaBN
266,16,1,0.0004273959999636645,42,A04,cross-session,AdaBN
267,16,0,0.0003799599999183556,42,A04,cross-session,AdaBN
268,16,1,0.0004757379999773548,42,A04,cross-session,AdaBN
269,16,0,0.0004347139999936189,42,A04,cross-session,AdaBN
270,16,0,0.0003851639999084,42,A04,cross-session,AdaBN
271,16,1,0.00041002700004355574,42,A04,cross-session,AdaBN
272,16,0,0.00041748900002858136,42,A04,cross-session,AdaBN
273,16,1,0.0004075589999956719,42,A04,cross-session,AdaBN
274,16,0,0.00041549599995960307,42,A04,cross-session,AdaBN
275,16,0,0.00037268300002324395,42,A04,cross-session,AdaBN
276,16,0,0.0004131199999619639,42,A04,cross-session,AdaBN
277,16,1,0.00041601800000989897,42,A04,cross-session,AdaBN
278,16,0,0.0004418030000579165,42,A04,cross-session,AdaBN
279,16,1,0.0004429560000289712,42,A04,cross-session,AdaBN
280,16,0,0.00037680299999465205,42,A04,cross-session,AdaBN
281,16,1,0.0003837189999558177,42,A04,cross-session,AdaBN
282,16,0,0.000401973999942129,42,A04,cross-session,AdaBN
283,16,0,0.00042494599995279714,42,A04,cross-session,AdaBN
284,16,1,0.0004795009999725153,42,A04,cross-session,AdaBN
285,16,0,0.0004299570000512176,42,A04,cross-session,AdaBN
286,16,0,0.000377758000013273,42,A04,cross-session,AdaBN
287,16,1,0.00042096499998933723,42,A04,cross-session,AdaBN
0,1,1,0.0005608820000588821,42,A05,cross-session,AdaBN
1,2,0,0.0004984509999985676,42,A05,cross-session,AdaBN
2,3,0,0.00048289799997291993,42,A05,cross-session,AdaBN
3,4,1,0.0005939610000496032,42,A05,cross-session,AdaBN
4,5,0,0.0004988880000382778,42,A05,cross-session,AdaBN
5,6,0,0.00042529200004537415,42,A05,cross-session,AdaBN
6,7,1,0.0005016570000861975,42,A05,cross-session,AdaBN
7,8,0,0.0004809189999832597,42,A05,cross-session,AdaBN
8,9,1,0.0005194650000248657,42,A05,cross-session,AdaBN
9,10,0,0.0004931350000560997,42,A05,cross-session,AdaBN
10,11,0,0.0004680380000081641,42,A05,cross-session,AdaBN
11,12,0,0.0005058130000179517,42,A05,cross-session,AdaBN
12,13,0,0.0004512709999744402,42,A05,cross-session,AdaBN
13,14,0,0.00048212199999397853,42,A05,cross-session,AdaBN
14,15,0,0.0004528509999772723,42,A05,cross-session,AdaBN
15,16,0,0.0004557299999987663,42,A05,cross-session,AdaBN
16,16,0,0.00045923200002562226,42,A05,cross-session,AdaBN
17,16,0,0.00044894099994507997,42,A05,cross-session,AdaBN
18,16,0,0.00047097000003759604,42,A05,cross-session,AdaBN
19,16,0,0.00042835200008539687,42,A05,cross-session,AdaBN
20,16,1,0.0004508370000166906,42,A05,cross-session,AdaBN
21,16,1,0.00045300700003281236,42,A05,cross-session,AdaBN
22,16,0,0.0004364510000414157,42,A05,cross-session,AdaBN
23,16,1,0.0004620619999968767,42,A05,cross-session,AdaBN
24,16,0,0.00048501200001282996,42,A05,cross-session,AdaBN
25,16,0,0.00043391000008341507,42,A05,cross-session,AdaBN
26,16,0,0.0004626639999969484,42,A05,cross-session,AdaBN
27,16,1,0.0004434559999708654,42,A05,cross-session,AdaBN
28,16,1,0.00045128399995064683,42,A05,cross-session,AdaBN
29,16,0,0.0003712200000336452,42,A05,cross-session,AdaBN
30,16,0,0.00040253899999243004,42,A05,cross-session,AdaBN
31,16,0,0.0004114930000014283,42,A05,cross-session,AdaBN
32,16,0,0.0004238970000187692,42,A05,cross-session,AdaBN
33,16,0,0.00038554600007500994,42,A05,cross-session,AdaBN
34,16,1,0.00041467000005468435,42,A05,cross-session,AdaBN
35,16,0,0.00037229800000204705,42,A05,cross-session,AdaBN
36,16,0,0.00038263700002971746,42,A05,cross-session,AdaBN
37,16,0,0.0004096379999509736,42,A05,cross-session,AdaBN
38,16,0,0.00037091900003360934,42,A05,cross-session,AdaBN
39,16,0,0.00037792399996305903,42,A05,cross-session,AdaBN
40,16,0,0.000385863999895264,42,A05,cross-session,AdaBN
41,16,0,0.0003782619999128656,42,A05,cross-session,AdaBN
42,16,0,0.00036924500000168337,42,A05,cross-session,AdaBN
43,16,1,0.0003715379999675861,42,A05,cross-session,AdaBN
44,16,0,0.0003768599999602884,42,A05,cross-session,AdaBN
45,16,1,0.00038078399995811196,42,A05,cross-session,AdaBN
46,16,0,0.0003821290000587396,42,A05,cross-session,AdaBN
47,16,0,0.0003832200000033481,42,A05,cross-session,AdaBN
48,16,0,0.0003759049999416675,42,A05,cross-session,AdaBN
49,16,0,0.00039691699998911645,42,A05,cross-session,AdaBN
50,16,1,0.0004434009999840782,42,A05,cross-session,AdaBN
51,16,0,0.00039568600004713517,42,A05,cross-session,AdaBN
52,16,0,0.00041186600003584317,42,A05,cross-session,AdaBN
53,16,1,0.0004750370000010662,42,A05,cross-session,AdaBN
54,16,0,0.0004531630000883524,42,A05,cross-session,AdaBN
55,16,1,0.00041334100001222396,42,A05,cross-session,AdaBN
56,16,0,0.00041538400000717957,42,A05,cross-session,AdaBN
57,16,0,0.0004170130000602512,42,A05,cross-session,AdaBN
58,16,0,0.0004149000000097658,42,A05,cross-session,AdaBN
59,16,0,0.0003913409999540818,42,A05,cross-session,AdaBN
60,16,0,0.0003947470000866815,42,A05,cross-session,AdaBN
61,16,0,0.000407792000032714,42,A05,cross-session,AdaBN
62,16,1,0.0004218920000766957,42,A05,cross-session,AdaBN
63,16,0,0.0004505719999770008,42,A05,cross-session,AdaBN
64,16,0,0.0004060859999981403,42,A05,cross-session,AdaBN
65,16,1,0.000419613999952162,42,A05,cross-session,AdaBN
66,16,0,0.0004267329999265712,42,A05,cross-session,AdaBN
67,16,0,0.00038813699995898787,42,A05,cross-session,AdaBN
68,16,0,0.0003879049999113704,42,A05,cross-session,AdaBN
69,16,0,0.0003804559999025514,42,A05,cross-session,AdaBN
70,16,0,0.00038611100001162413,42,A05,cross-session,AdaBN
71,16,0,0.0004079130000036457,42,A05,cross-session,AdaBN
72,16,1,0.0003780330000608956,42,A05,cross-session,AdaBN
73,16,1,0.00040802299997722,42,A05,cross-session,AdaBN
74,16,0,0.00040905599996676756,42,A05,cross-session,AdaBN
75,16,0,0.00048469199998635304,42,A05,cross-session,AdaBN
76,16,1,0.0004122999999935928,42,A05,cross-session,AdaBN
77,16,1,0.0004315250000672677,42,A05,cross-session,AdaBN
78,16,1,0.0004404759999943053,42,A05,cross-session,AdaBN
79,16,0,0.0003998820000106207,42,A05,cross-session,AdaBN
80,16,1,0.0003996519999418524,42,A05,cross-session,AdaBN
81,16,1,0.00039502000004176807,42,A05,cross-session,AdaBN
82,16,0,0.0004193550000763935,42,A05,cross-session,AdaBN
83,16,0,0.0003923689999965063,42,A05,cross-session,AdaBN
84,16,0,0.00043180399995890184,42,A05,cross-session,AdaBN
85,16,1,0.0003926450000335535,42,A05,cross-session,AdaBN
86,16,1,0.0004235909999579235,42,A05,cross-session,AdaBN
87,16,0,0.00044608400003198767,42,A05,cross-session,AdaBN
88,16,0,0.00040841200006980216,42,A05,cross-session,AdaBN
89,16,1,0.0003983459999972183,42,A05,cross-session,AdaBN
90,16,1,0.0004159810000601283,42,A05,cross-session,AdaBN
91,16,0,0.0004324589999669115,42,A05,cross-session,AdaBN
92,16,1,0.0003894459999855826,42,A05,cross-session,AdaBN
93,16,0,0.0004676969999763969,42,A05,cross-session,AdaBN
94,16,0,0.00041411799998058996,42,A05,cross-session,AdaBN
95,16,0,0.0004012250000187123,42,A05,cross-session,AdaBN
96,16,0,0.00044336799999200593,42,A05,cross-session,AdaBN
97,16,1,0.000398854000081883,42,A05,cross-session,AdaBN
98,16,1,0.00038506700002471916,42,A05,cross-session,AdaBN
99,16,0,0.0003839250000510219,42,A05,cross-session,AdaBN
100,16,0,0.0004263719999926252,42,A05,cross-session,AdaBN
101,16,0,0.0003881769999907192,42,A05,cross-session,AdaBN
102,16,0,0.00041125000007014023,42,A05,cross-session,AdaBN
103,16,0,0.00039217999994889396,42,A05,cross-session,AdaBN
104,16,0,0.0003946209999412531,42,A05,cross-session,AdaBN
105,16,0,0.0004116730000305324,42,A05,cross-session,AdaBN
106,16,0,0.00038327100003243686,42,A05,cross-session,AdaBN
107,16,1,0.0004016959999262326,42,A05,cross-session,AdaBN
108,16,0,0.0004029850000506485,42,A05,cross-session,AdaBN
109,16,0,0.00039385899992794293,42,A05,cross-session,AdaBN
110,16,1,0.0004026540000268142,42,A05,cross-session,AdaBN
111,16,1,0.0004318869999906383,42,A05,cross-session,AdaBN
112,16,0,0.00047196100001656305,42,A05,cross-session,AdaBN
113,16,0,0.0003837909999901967,42,A05,cross-session,AdaBN
114,16,0,0.00039093800000955525,42,A05,cross-session,AdaBN
115,16,1,0.0004019170000901795,42,A05,cross-session,AdaBN
116,16,1,0.00039860699996552285,42,A05,cross-session,AdaBN
117,16,1,0.0004637550000552437,42,A05,cross-session,AdaBN
118,16,1,0.0004256649999661022,42,A05,cross-session,AdaBN
119,16,1,0.00044430900004499563,42,A05,cross-session,AdaBN
120,16,0,0.0003892580000410817,42,A05,cross-session,AdaBN
121,16,0,0.00039150199995674484,42,A05,cross-session,AdaBN
122,16,0,0.00039747999994688143,42,A05,cross-session,AdaBN
123,16,0,0.0003896989999248035,42,A05,cross-session,AdaBN
124,16,0,0.00041431800002555974,42,A05,cross-session,AdaBN
125,16,1,0.00039670099999966624,42,A05,cross-session,AdaBN
126,16,0,0.00039462799998091214,42,A05,cross-session,AdaBN
127,16,0,0.00044817400009833364,42,A05,cross-session,AdaBN
128,16,1,0.00038516899996920984,42,A05,cross-session,AdaBN
129,16,0,0.0003948550000814066,42,A05,cross-session,AdaBN
130,16,0,0.00044893199992657173,42,A05,cross-session,AdaBN
131,16,1,0.000396761999923001,42,A05,cross-session,AdaBN
132,16,1,0.0003956269999889628,42,A05,cross-session,AdaBN
133,16,0,0.00038451299997177557,42,A05,cross-session,AdaBN
134,16,0,0.0003903919999856953,42,A05,cross-session,AdaBN
135,16,1,0.00041337400000429625,42,A05,cross-session,AdaBN
136,16,0,0.00038662099996145116,42,A05,cross-session,AdaBN
137,16,0,0.0004892779999181585,42,A05,cross-session,AdaBN
138,16,0,0.0004420810000738129,42,A05,cross-session,AdaBN
139,16,1,0.0004337959999247687,42,A05,cross-session,AdaBN
140,16,0,0.0003812150000612746,42,A05,cross-session,AdaBN
141,16,0,0.0003907219999064182,42,A05,cross-session,AdaBN
142,16,1,0.00039253899990399077,42,A05,cross-session,AdaBN
143,16,0,0.00039487499998358544,42,A05,cross-session,AdaBN
144,16,0,0.00039969200008727057,42,A05,cross-session,AdaBN
145,16,1,0.0003885669999590391,42,A05,cross-session,AdaBN
146,16,0,0.0004055470000139394,42,A05,cross-session,AdaBN
147,16,1,0.00038925599994854565,42,A05,cross-session,AdaBN
148,16,0,0.0004140949999964505,42,A05,cross-session,AdaBN
149,16,1,0.00037546500004737027,42,A05,cross-session,AdaBN
150,16,0,0.0004466510000611379,42,A05,cross-session,AdaBN
151,16,0,0.0004971099999693251,42,A05,cross-session,AdaBN
152,16,0,0.000394305999975586,42,A05,cross-session,AdaBN
153,16,1,0.0004116489999432815,42,A05,cross-session,AdaBN
154,16,0,0.0003889450000542638,42,A05,cross-session,AdaBN
155,16,0,0.00038130999996610626,42,A05,cross-session,AdaBN
156,16,0,0.00042455499999505264,42,A05,cross-session,AdaBN
157,16,1,0.00037992900001881935,42,A05,cross-session,AdaBN
158,16,0,0.0004009760000371898,42,A05,cross-session,AdaBN
159,16,0,0.00041804600004979875,42,A05,cross-session,AdaBN
160,16,0,0.00040110800000547897,42,A05,cross-session,AdaBN
161,16,0,0.00039672600007634173,42,A05,cross-session,AdaBN
162,16,0,0.00037633400006598094,42,A05,cross-session,AdaBN
163,16,0,0.0003921780000837316,42,A05,cross-session,AdaBN
164,16,0,0.0003904640000200743,42,A05,cross-session,AdaBN
165,16,0,0.00039882099997612386,42,A05,cross-session,AdaBN
166,16,0,0.00041667000004963484,42,A05,cross-session,AdaBN
167,16,0,0.0004162080000469359,42,A05,cross-session,AdaBN
168,16,0,0.00037669699997877615,42,A05,cross-session,AdaBN
169,16,0,0.00041499799999655806,42,A05,cross-session,AdaBN
170,16,1,0.00039234500002294226,42,A05,cross-session,AdaBN
171,16,0,0.00042924900003527,42,A05,cross-session,AdaBN
172,16,0,0.0004056259999742906,42,A05,cross-session,AdaBN
173,16,1,0.0004577459999381972,42,A05,cross-session,AdaBN
174,16,0,0.0004352890000518528,42,A05,cross-session,AdaBN
175,16,0,0.0003950710000708568,42,A05,cross-session,AdaBN
176,16,0,0.0003840820000959866,42,A05,cross-session,AdaBN
177,16,0,0.0003858630000195262,42,A05,cross-session,AdaBN
178,16,0,0.00039306099995428667,42,A05,cross-session,AdaBN
179,16,1,0.0004036779999978535,42,A05,cross-session,AdaBN
180,16,1,0.00039321600002040213,42,A05,cross-session,AdaBN
181,16,1,0.0003904510000438677,42,A05,cross-session,AdaBN
182,16,1,0.00037936199998966913,42,A05,cross-session,AdaBN
183,16,0,0.00039216400000441354,42,A05,cross-session,AdaBN
184,16,0,0.0004043190000402319,42,A05,cross-session,AdaBN
185,16,0,0.000385279000056471,42,A05,cross-session,AdaBN
186,16,0,0.000370599999996557,42,A05,cross-session,AdaBN
187,16,0,0.0003893790000120134,42,A05,cross-session,AdaBN
188,16,0,0.0004015050000134579,42,A05,cross-session,AdaBN
189,16,0,0.0004377289999411005,42,A05,cross-session,AdaBN
190,16,0,0.00043141200001173274,42,A05,cross-session,AdaBN
191,16,0,0.00038472199992156675,42,A05,cross-session,AdaBN
192,16,1,0.00038614700008565706,42,A05,cross-session,AdaBN
193,16,0,0.0004495419999557271,42,A05,cross-session,AdaBN
194,16,0,0.00043226200000390236,42,A05,cross-session,AdaBN
195,16,0,0.0003808640000215746,42,A05,cross-session,AdaBN
196,16,0,0.00038957200001732417,42,A05,cross-session,AdaBN
197,16,0,0.00038031500002944085,42,A05,cross-session,AdaBN
198,16,0,0.0003938419999940379,42,A05,cross-session,AdaBN
199,16,0,0.0004600470000468704,42,A05,cross-session,AdaBN
200,16,1,0.0004026399999474961,42,A05,cross-session,AdaBN
201,16,1,0.0004014319999896543,42,A05,cross-session,AdaBN
202,16,0,0.00040578799996637827,42,A05,cross-session,AdaBN
203,16,1,0.0004143680000652239,42,A05,cross-session,AdaBN
204,16,0,0.00043085400000109075,42,A05,cross-session,AdaBN
205,16,0,0.00041764399998101,42,A05,cross-session,AdaBN
206,16,0,0.0003872029999456572,42,A05,cross-session,AdaBN
207,16,0,0.0003823810000085359,42,A05,cross-session,AdaBN
208,16,0,0.0003982680000262917,42,A05,cross-session,AdaBN
209,16,1,0.00040740099996128265,42,A05,cross-session,AdaBN
210,16,1,0.00038726400009636563,42,A05,cross-session,AdaBN
211,16,0,0.00044882500003495807,42,A05,cross-session,AdaBN
212,16,0,0.00043218000007527735,42,A05,cross-session,AdaBN
213,16,0,0.0004034859999819673,42,A05,cross-session,AdaBN
214,16,0,0.0003777609999815468,42,A05,cross-session,AdaBN
215,16,0,0.0003981300000077681,42,A05,cross-session,AdaBN
216,16,1,0.0003764260000025388,42,A05,cross-session,AdaBN
217,16,0,0.0003880759999219663,42,A05,cross-session,AdaBN
218,16,0,0.000378760999979022,42,A05,cross-session,AdaBN
219,16,1,0.0006295210000644147,42,A05,cross-session,AdaBN
220,16,0,0.00043556399998578854,42,A05,cross-session,AdaBN
221,16,0,0.00039749499990193726,42,A05,cross-session,AdaBN
222,16,0,0.0004051250000429718,42,A05,cross-session,AdaBN
223,16,0,0.000426035999907981,42,A05,cross-session,AdaBN
224,16,1,0.0003865510000196082,42,A05,cross-session,AdaBN
225,16,0,0.00040532000002713175,42,A05,cross-session,AdaBN
226,16,0,0.0004972490000909602,42,A05,cross-session,AdaBN
227,16,0,0.00040996600000653416,42,A05,cross-session,AdaBN
228,16,0,0.0004116950000252473,42,A05,cross-session,AdaBN
229,16,0,0.0003901370000676252,42,A05,cross-session,AdaBN
230,16,0,0.0003783769999472497,42,A05,cross-session,AdaBN
231,16,1,0.0003894100000252365,42,A05,cross-session,AdaBN
232,16,0,0.0003892669999459031,42,A05,cross-session,AdaBN
233,16,1,0.00038904299992736924,42,A05,cross-session,AdaBN
234,16,0,0.0004781600000569597,42,A05,cross-session,AdaBN
235,16,0,0.0003640500000301472,42,A05,cross-session,AdaBN
236,16,0,0.0004181310000603844,42,A05,cross-session,AdaBN
237,16,0,0.00039748400001826667,42,A05,cross-session,AdaBN
238,16,0,0.0004253150000295136,42,A05,cross-session,AdaBN
239,16,0,0.000385707000077673,42,A05,cross-session,AdaBN
240,16,0,0.0003883510000832757,42,A05,cross-session,AdaBN
241,16,0,0.0003723160000390635,42,A05,cross-session,AdaBN
242,16,0,0.00038002200005848863,42,A05,cross-session,AdaBN
243,16,1,0.0003733019999572207,42,A05,cross-session,AdaBN
244,16,1,0.00041034800005945726,42,A05,cross-session,AdaBN
245,16,0,0.000449238999976842,42,A05,cross-session,AdaBN
246,16,0,0.00044477200003711914,42,A05,cross-session,AdaBN
247,16,0,0.0004005239999287369,42,A05,cross-session,AdaBN
248,16,1,0.0004002769999260636,42,A05,cross-session,AdaBN
249,16,1,0.0003856710000036401,42,A05,cross-session,AdaBN
250,16,0,0.0003778760000159309,42,A05,cross-session,AdaBN
251,16,0,0.0003877520000514778,42,A05,cross-session,AdaBN
252,16,0,0.0003828769999927317,42,A05,cross-session,AdaBN
253,16,0,0.00037662900001578237,42,A05,cross-session,AdaBN
254,16,0,0.00038805700000921206,42,A05,cross-session,AdaBN
255,16,0,0.00040916000000379427,42,A05,cross-session,AdaBN
256,16,0,0.0004504679999399741,42,A05,cross-session,AdaBN
257,16,0,0.00041952899994157633,42,A05,cross-session,AdaBN
258,16,0,0.00037487399993096915,42,A05,cross-session,AdaBN
259,16,1,0.00040330800004539924,42,A05,cross-session,AdaBN
260,16,1,0.00038422000000082335,42,A05,cross-session,AdaBN
261,16,0,0.00038178100010100025,42,A05,cross-session,AdaBN
262,16,0,0.0003912060000175188,42,A05,cross-session,AdaBN
263,16,0,0.00039062099995135213,42,A05,cross-session,AdaBN
264,16,0,0.0003925739999885991,42,A05,cross-session,AdaBN
265,16,0,0.00042586100005337357,42,A05,cross-session,AdaBN
266,16,0,0.00040633800006162346,42,A05,cross-session,AdaBN
267,16,1,0.00043820700000196666,42,A05,cross-session,AdaBN
268,16,0,0.00041569400002572365,42,A05,cross-session,AdaBN
269,16,0,0.0003844289999506145,42,A05,cross-session,AdaBN
270,16,0,0.00042613599998730933,42,A05,cross-session,AdaBN
271,16,0,0.00040204600009019487,42,A05,cross-session,AdaBN
272,16,1,0.000379456000018763,42,A05,cross-session,AdaBN
273,16,1,0.0004093179999244967,42,A05,cross-session,AdaBN
274,16,0,0.00037968300000557065,42,A05,cross-session,AdaBN
275,16,1,0.0004040570000825028,42,A05,cross-session,AdaBN
276,16,0,0.00040719399999034067,42,A05,cross-session,AdaBN
277,16,0,0.00041512799998599803,42,A05,cross-session,AdaBN
278,16,0,0.0003792820000398933,42,A05,cross-session,AdaBN
279,16,0,0.0003980650000130481,42,A05,cross-session,AdaBN
280,16,0,0.00045680599998831894,42,A05,cross-session,AdaBN
281,16,0,0.00039631300001019554,42,A05,cross-session,AdaBN
282,16,1,0.0003671069999882093,42,A05,cross-session,AdaBN
283,16,0,0.0003887000000304397,42,A05,cross-session,AdaBN
284,16,0,0.0003851840000379525,42,A05,cross-session,AdaBN
285,16,1,0.0004116989999829457,42,A05,cross-session,AdaBN
286,16,0,0.00041638800007604004,42,A05,cross-session,AdaBN
287,16,0,0.0003896329999406589,42,A05,cross-session,AdaBN
0,1,1,0.0005796030000055907,42,A06,cross-session,AdaBN
1,2,1,0.00048097499995947146,42,A06,cross-session,AdaBN
2,3,1,0.0004643859999760025,42,A06,cross-session,AdaBN
3,4,0,0.0005413629999111436,42,A06,cross-session,AdaBN
4,5,0,0.0004803949999541146,42,A06,cross-session,AdaBN
5,6,1,0.00041661399995973625,42,A06,cross-session,AdaBN
6,7,1,0.0004999300000463336,42,A06,cross-session,AdaBN
7,8,0,0.0004260470000190253,42,A06,cross-session,AdaBN
8,9,0,0.0005233070000940643,42,A06,cross-session,AdaBN
9,10,1,0.0004929579999952693,42,A06,cross-session,AdaBN
10,11,1,0.000483972999973048,42,A06,cross-session,AdaBN
11,12,0,0.0004519970000274043,42,A06,cross-session,AdaBN
12,13,1,0.0004803849999461818,42,A06,cross-session,AdaBN
13,14,1,0.0004692350000823353,42,A06,cross-session,AdaBN
14,15,0,0.0004472850000638573,42,A06,cross-session,AdaBN
15,16,0,0.0004719720000139205,42,A06,cross-session,AdaBN
16,16,1,0.0004322549999642433,42,A06,cross-session,AdaBN
17,16,1,0.0004388090000020384,42,A06,cross-session,AdaBN
18,16,0,0.00043281900002511975,42,A06,cross-session,AdaBN
19,16,1,0.00041984500001035485,42,A06,cross-session,AdaBN
20,16,0,0.0004521490000115591,42,A06,cross-session,AdaBN
21,16,1,0.00042919899999560585,42,A06,cross-session,AdaBN
22,16,0,0.0004340920000913684,42,A06,cross-session,AdaBN
23,16,0,0.00043936199995187053,42,A06,cross-session,AdaBN
24,16,0,0.0004152129999965837,42,A06,cross-session,AdaBN
25,16,1,0.00045806700006778556,42,A06,cross-session,AdaBN
26,16,0,0.00043354600006750843,42,A06,cross-session,AdaBN
27,16,0,0.00042860899998231616,42,A06,cross-session,AdaBN
28,16,0,0.00044914399995832355,42,A06,cross-session,AdaBN
29,16,0,0.0003724590000047101,42,A06,cross-session,AdaBN
30,16,0,0.00036831800002801174,42,A06,cross-session,AdaBN
31,16,1,0.00037949900001876813,42,A06,cross-session,AdaBN
32,16,0,0.00040993499999331107,42,A06,cross-session,AdaBN
33,16,1,0.0004323859999431079,42,A06,cross-session,AdaBN
34,16,0,0.00035820300001887517,42,A06,cross-session,AdaBN
35,16,1,0.00041656800010514416,42,A06,cross-session,AdaBN
36,16,1,0.0003577590000531927,42,A06,cross-session,AdaBN
37,16,1,0.00039812599993638287,42,A06,cross-session,AdaBN
38,16,1,0.00036812099995131575,42,A06,cross-session,AdaBN
39,16,1,0.0004388500000231943,42,A06,cross-session,AdaBN
40,16,0,0.0004212720000396075,42,A06,cross-session,AdaBN
41,16,0,0.0003688379999857716,42,A06,cross-session,AdaBN
42,16,0,0.0003752009999971051,42,A06,cross-session,AdaBN
43,16,0,0.0003721409999570824,42,A06,cross-session,AdaBN
44,16,0,0.0003983169999628444,42,A06,cross-session,AdaBN
45,16,0,0.0003799859999844557,42,A06,cross-session,AdaBN
46,16,0,0.00041383600000699516,42,A06,cross-session,AdaBN
47,16,0,0.0004061040000351568,42,A06,cross-session,AdaBN
48,16,0,0.0003899710000041523,42,A06,cross-session,AdaBN
49,16,0,0.00040255599992633506,42,A06,cross-session,AdaBN
50,16,0,0.00037039000005734124,42,A06,cross-session,AdaBN
51,16,1,0.00041344700002809986,42,A06,cross-session,AdaBN
52,16,0,0.0003814699999793447,42,A06,cross-session,AdaBN
53,16,1,0.00044516000002658984,42,A06,cross-session,AdaBN
54,16,1,0.0004092379999747209,42,A06,cross-session,AdaBN
55,16,0,0.000508534999994481,42,A06,cross-session,AdaBN
56,16,1,0.00042530199993962015,42,A06,cross-session,AdaBN
57,16,0,0.0004078010000512222,42,A06,cross-session,AdaBN
58,16,0,0.00040166899998439476,42,A06,cross-session,AdaBN
59,16,0,0.0003827810000984755,42,A06,cross-session,AdaBN
60,16,1,0.00042146699991008063,42,A06,cross-session,AdaBN
61,16,0,0.000389659000006759,42,A06,cross-session,AdaBN
62,16,0,0.00041643300005489436,42,A06,cross-session,AdaBN
63,16,0,0.00038607999999840104,42,A06,cross-session,AdaBN
64,16,1,0.0003974059999336532,42,A06,cross-session,AdaBN
65,16,1,0.0003996760000291033,42,A06,cross-session,AdaBN
66,16,0,0.0004620309999836536,42,A06,cross-session,AdaBN
67,16,1,0.0004387789999782399,42,A06,cross-session,AdaBN
68,16,1,0.000399356999992051,42,A06,cross-session,AdaBN
69,16,0,0.0004133339999725649,42,A06,cross-session,AdaBN
70,16,1,0.0004107239999484591,42,A06,cross-session,AdaBN
71,16,0,0.00039937999997619045,42,A06,cross-session,AdaBN
72,16,0,0.0003864479999720061,42,A06,cross-session,AdaBN
73,16,0,0.00041872999997849547,42,A06,cross-session,AdaBN
74,16,0,0.00042966099999830476,42,A06,cross-session,AdaBN
75,16,0,0.000383116999955746,42,A06,cross-session,AdaBN
76,16,1,0.0004399750000629865,42,A06,cross-session,AdaBN
77,16,0,0.00038674000006722054,42,A06,cross-session,AdaBN
78,16,0,0.00042157199993653194,42,A06,cross-session,AdaBN
79,16,1,0.00040813500004333036,42,A06,cross-session,AdaBN
80,16,0,0.00038481700005377206,42,A06,cross-session,AdaBN
81,16,1,0.0003921909999462514,42,A06,cross-session,AdaBN
82,16,1,0.0003951300000153424,42,A06,cross-session,AdaBN
83,16,0,0.000389856000083455,42,A06,cross-session,AdaBN
84,16,1,0.00041162399998029287,42,A06,cross-session,AdaBN
85,16,0,0.0003835019999769429,42,A06,cross-session,AdaBN
86,16,0,0.0004225029999815888,42,A06,cross-session,AdaBN
87,16,0,0.0003820250000217129,42,A06,cross-session,AdaBN
88,16,1,0.0003980559999945399,42,A06,cross-session,AdaBN
89,16,0,0.00042639299999791547,42,A06,cross-session,AdaBN
90,16,1,0.00038709900002231734,42,A06,cross-session,AdaBN
91,16,0,0.00040201700005582097,42,A06,cross-session,AdaBN
92,16,1,0.0005122810000557365,42,A06,cross-session,AdaBN
93,16,1,0.00044745100001364335,42,A06,cross-session,AdaBN
94,16,1,0.0004301910000776843,42,A06,cross-session,AdaBN
95,16,0,0.000391126000067743,42,A06,cross-session,AdaBN
96,16,1,0.00039504799997303053,42,A06,cross-session,AdaBN
97,16,0,0.0004014700000425364,42,A06,cross-session,AdaBN
98,16,0,0.00038839500007270544,42,A06,cross-session,AdaBN
99,16,0,0.00041225699999358767,42,A06,cross-session,AdaBN
100,16,1,0.00045876900003349874,42,A06,cross-session,AdaBN
101,16,0,0.00040589899992937717,42,A06,cross-session,AdaBN
102,16,1,0.00043352000000140833,42,A06,cross-session,AdaBN
103,16,0,0.00039501100002325984,42,A06,cross-session,AdaBN
104,16,0,0.000391058999980487,42,A06,cross-session,AdaBN
105,16,1,0.00038647300004868157,42,A06,cross-session,AdaBN
106,16,1,0.0003907819999540152,42,A06,cross-session,AdaBN
107,16,0,0.0003993230000105541,42,A06,cross-session,AdaBN
108,16,1,0.0003782860000001165,42,A06,cross-session,AdaBN
109,16,1,0.0004047019999688928,42,A06,cross-session,AdaBN
110,16,0,0.0003914840000334152,42,A06,cross-session,AdaBN
111,16,1,0.0004045399999768051,42,A06,cross-session,AdaBN
112,16,0,0.00039406200005487335,42,A06,cross-session,AdaBN
113,16,1,0.0003824350000058985,42,A06,cross-session,AdaBN
114,16,0,0.00038950299995121895,42,A06,cross-session,AdaBN
115,16,1,0.00038817500001187,42,A06,cross-session,AdaBN
116,16,1,0.0003913780000175393,42,A06,cross-session,AdaBN
117,16,1,0.00038443999994797196,42,A06,cross-session,AdaBN
118,16,1,0.0004110370000489638,42,A06,cross-session,AdaBN
119,16,0,0.00037250299999413983,42,A06,cross-session,AdaBN
120,16,0,0.0004126269999460419,42,A06,cross-session,AdaBN
121,16,0,0.00048000900005717995,42,A06,cross-session,AdaBN
122,16,0,0.0004100959999959741,42,A06,cross-session,AdaBN
123,16,1,0.00044214100000772305,42,A06,cross-session,AdaBN
124,16,1,0.00040507799997158145,42,A06,cross-session,AdaBN
125,16,0,0.0003924729999198462,42,A06,cross-session,AdaBN
126,16,0,0.000426442000048155,42,A06,cross-session,AdaBN
127,16,1,0.0003792449999764358,42,A06,cross-session,AdaBN
128,16,0,0.0004205019999972137,42,A06,cross-session,AdaBN
129,16,0,0.0003793430000769149,42,A06,cross-session,AdaBN
130,16,0,0.00038717100005669636,42,A06,cross-session,AdaBN
131,16,0,0.000394928999980948,42,A06,cross-session,AdaBN
132,16,0,0.0004435149999153509,42,A06,cross-session,AdaBN
133,16,1,0.0004332319999775791,42,A06,cross-session,AdaBN
134,16,0,0.00043354700005693303,42,A06,cross-session,AdaBN
135,16,1,0.0003917630000387362,42,A06,cross-session,AdaBN
136,16,1,0.00041693200000736397,42,A06,cross-session,AdaBN
137,16,0,0.00040270700003475213,42,A06,cross-session,AdaBN
138,16,1,0.00040816600005655346,42,A06,cross-session,AdaBN
139,16,0,0.00038125700007185515,42,A06,cross-session,AdaBN
140,16,1,0.00036661699994056107,42,A06,cross-session,AdaBN
141,16,0,0.0003812370000559895,42,A06,cross-session,AdaBN
142,16,1,0.000379174999920906,42,A06,cross-session,AdaBN
143,16,0,0.00041049300000395306,42,A06,cross-session,AdaBN
144,16,0,0.00044526900001073955,42,A06,cross-session,AdaBN
145,16,1,0.0003953809999757141,42,A06,cross-session,AdaBN
146,16,1,0.0003986199999417295,42,A06,cross-session,AdaBN
147,16,1,0.00041619099999934406,42,A06,cross-session,AdaBN
148,16,1,0.0003815019999819924,42,A06,cross-session,AdaBN
149,16,1,0.0004002419999551421,42,A06,cross-session,AdaBN
150,16,0,0.00038090500004273053,42,A06,cross-session,AdaBN
151,16,0,0.00037195599998085527,42,A06,cross-session,AdaBN
152,16,0,0.0004130439999698865,42,A06,cross-session,AdaBN
153,16,1,0.0004234929999711312,42,A06,cross-session,AdaBN
154,16,0,0.0004257960000586536,42,A06,cross-session,AdaBN
155,16,0,0.00042913000004318747,42,A06,cross-session,AdaBN
156,16,1,0.00041636100002051535,42,A06,cross-session,AdaBN
157,16,0,0.0003921459999673971,42,A06,cross-session,AdaBN
158,16,0,0.0004180710000127874,42,A06,cross-session,AdaBN
159,16,0,0.0003763949999893157,42,A06,cross-session,AdaBN
160,16,0,0.00039983599992865493,42,A06,cross-session,AdaBN
161,16,0,0.00038021399996068794,42,A06,cross-session,AdaBN
162,16,0,0.000387102000104278,42,A06,cross-session,AdaBN
163,16,0,0.00038748200006466504,42,A06,cross-session,AdaBN
164,16,1,0.0003814890000057858,42,A06,cross-session,AdaBN
165,16,0,0.0004096709999430459,42,A06,cross-session,AdaBN
166,16,0,0.00038749700001972087,42,A06,cross-session,AdaBN
167,16,1,0.00039698000000498723,42,A06,cross-session,AdaBN
168,16,0,0.00039033999996718194,42,A06,cross-session,AdaBN
169,16,0,0.00038537900002211245,42,A06,cross-session,AdaBN
170,16,1,0.0003822290000243811,42,A06,cross-session,AdaBN
171,16,0,0.00040501799992398446,42,A06,cross-session,AdaBN
172,16,0,0.00044468399994457286,42,A06,cross-session,AdaBN
173,16,1,0.00043426299998827744,42,A06,cross-session,AdaBN
174,16,0,0.00040186400008224155,42,A06,cross-session,AdaBN
175,16,0,0.00039183100000173,42,A06,cross-session,AdaBN
176,16,0,0.00038098999993962934,42,A06,cross-session,AdaBN
177,16,1,0.0004099440000118193,42,A06,cross-session,AdaBN
178,16,0,0.00039880600002106803,42,A06,cross-session,AdaBN
179,16,0,0.0004411710000340463,42,A06,cross-session,AdaBN
180,16,0,0.0004112499999564534,42,A06,cross-session,AdaBN
181,16,1,0.00038967299997239024,42,A06,cross-session,AdaBN
182,16,0,0.0004822079999939888,42,A06,cross-session,AdaBN
183,16,0,0.0004036159999714073,42,A06,cross-session,AdaBN
184,16,0,0.0003769510000211085,42,A06,cross-session,AdaBN
185,16,0,0.00037584999995488033,42,A06,cross-session,AdaBN
186,16,0,0.000372007000009944,42,A06,cross-session,AdaBN
187,16,0,0.00040357399996082677,42,A06,cross-session,AdaBN
188,16,0,0.00044695500002944755,42,A06,cross-session,AdaBN
189,16,1,0.00041441800010488805,42,A06,cross-session,AdaBN
190,16,0,0.0004017050000584277,42,A06,cross-session,AdaBN
191,16,0,0.00039643499997055187,42,A06,cross-session,AdaBN
192,16,0,0.00039123699991705507,42,A06,cross-session,AdaBN
193,16,1,0.0003924750000123822,42,A06,cross-session,AdaBN
194,16,1,0.00037587500003155583,42,A06,cross-session,AdaBN
195,16,1,0.0003799390000267522,42,A06,cross-session,AdaBN
196,16,1,0.0003793730001007134,42,A06,cross-session,AdaBN
197,16,1,0.0004687079999712296,42,A06,cross-session,AdaBN
198,16,1,0.00039796999999452964,42,A06,cross-session,AdaBN
199,16,1,0.0004210339999417556,42,A06,cross-session,AdaBN
200,16,0,0.00037293000002591725,42,A06,cross-session,AdaBN
201,16,0,0.00037152200002310565,42,A06,cross-session,AdaBN
202,16,0,0.00039958299998943403,42,A06,cross-session,AdaBN
203,16,1,0.00045514800001456024,42,A06,cross-session,AdaBN
204,16,1,0.000403934000019035,42,A06,cross-session,AdaBN
205,16,0,0.00039622399992822466,42,A06,cross-session,AdaBN
206,16,1,0.0003776260000449838,42,A06,cross-session,AdaBN
207,16,0,0.00038154999992912053,42,A06,cross-session,AdaBN
208,16,0,0.00037856400001601287,42,A06,cross-session,AdaBN
209,16,0,0.00037441699998908007,42,A06,cross-session,AdaBN
210,16,0,0.0003828300000350282,42,A06,cross-session,AdaBN
211,16,1,0.0004263220000666479,42,A06,cross-session,AdaBN
212,16,0,0.0004123319999962405,42,A06,cross-session,AdaBN
213,16,1,0.00043210400008319994,42,A06,cross-session,AdaBN
214,16,0,0.00038327400000071066,42,A06,cross-session,AdaBN
215,16,0,0.0003952020000497214,42,A06,cross-session,AdaBN
216,16,1,0.00038660400002754614,42,A06,cross-session,AdaBN
217,16,1,0.0003949590000047465,42,A06,cross-session,AdaBN
218,16,1,0.00044502200000806624,42,A06,cross-session,AdaBN
219,16,1,0.0003929250000282991,42,A06,cross-session,AdaBN
220,16,0,0.00038011499998447107,42,A06,cross-session,AdaBN
221,16,0,0.0003763910000316173,42,A06,cross-session,AdaBN
222,16,0,0.0004653779999443941,42,A06,cross-session,AdaBN
223,16,0,0.000402592000000368,42,A06,cross-session,AdaBN
224,16,1,0.00038611200000104873,42,A06,cross-session,AdaBN
225,16,0,0.0004138750000493019,42,A06,cross-session,AdaBN
226,16,1,0.00038632400003280054,42,A06,cross-session,AdaBN
227,16,0,0.00040112900001076923,42,A06,cross-session,AdaBN
228,16,1,0.00037935500006369693,42,A06,cross-session,AdaBN
229,16,0,0.00039171299999907205,42,A06,cross-session,AdaBN
230,16,0,0.0003798440000082337,42,A06,cross-session,AdaBN
231,16,0,0.0004143869999779781,42,A06,cross-session,AdaBN
232,16,0,0.0004548460000250998,42,A06,cross-session,AdaBN
233,16,0,0.00044579600000815844,42,A06,cross-session,AdaBN
234,16,1,0.00038141400000313297,42,A06,cross-session,AdaBN
235,16,1,0.00040553600001658197,42,A06,cross-session,AdaBN
236,16,0,0.00039871000001312495,42,A06,cross-session,AdaBN
237,16,1,0.0003922440000678762,42,A06,cross-session,AdaBN
238,16,0,0.00039044699997248244,42,A06,cross-session,AdaBN
239,16,1,0.00041102000000137195,42,A06,cross-session,AdaBN
240,16,0,0.00037482799996269023,42,A06,cross-session,AdaBN
241,16,1,0.00038591099996665434,42,A06,cross-session,AdaBN
242,16,1,0.0003914090000307624,42,A06,cross-session,AdaBN
243,16,0,0.0004531270000143195,42,A06,cross-session,AdaBN
244,16,0,0.0004217700000026525,42,A06,cross-session,AdaBN
245,16,0,0.0004276370000297902,42,A06,cross-session,AdaBN
246,16,0,0.0004019389999712075,42,A06,cross-session,AdaBN
247,16,0,0.00040974800003823475,42,A06,cross-session,AdaBN
248,16,0,0.0004311140000936575,42,A06,cross-session,AdaBN
249,16,0,0.0003855039999507426,42,A06,cross-session,AdaBN
250,16,1,0.0004142660000070464,42,A06,cross-session,AdaBN
251,16,0,0.00038176199996087234,42,A06,cross-session,AdaBN
252,16,0,0.0003937739999173573,42,A06,cross-session,AdaBN
253,16,0,0.0004615349999994578,42,A06,cross-session,AdaBN
254,16,0,0.00041151499999614316,42,A06,cross-session,AdaBN
255,16,0,0.0004098690000091665,42,A06,cross-session,AdaBN
256,16,0,0.0003876839999747972,42,A06,cross-session,AdaBN
257,16,1,0.00038269100002708,42,A06,cross-session,AdaBN
258,16,1,0.0003993379999656099,42,A06,cross-session,AdaBN
259,16,1,0.0003877240000065285,42,A06,cross-session,AdaBN
260,16,0,0.0004533050000645744,42,A06,cross-session,AdaBN
261,16,0,0.00040739400003531046,42,A06,cross-session,AdaBN
262,16,0,0.00040022700000008626,42,A06,cross-session,AdaBN
263,16,0,0.0003821409999318348,42,A06,cross-session,AdaBN
264,16,0,0.0003929920000018683,42,A06,cross-session,AdaBN
265,16,0,0.00038267200000063895,42,A06,cross-session,AdaBN
266,16,0,0.00040634499998759566,42,A06,cross-session,AdaBN
267,16,0,0.0003942870000628318,42,A06,cross-session,AdaBN
268,16,1,0.0004304130000036821,42,A06,cross-session,AdaBN
269,16,0,0.000392121999993833,42,A06,cross-session,AdaBN
270,16,1,0.00038998800005174417,42,A06,cross-session,AdaBN
271,16,1,0.0003966499999705775,42,A06,cross-session,AdaBN
272,16,1,0.00044080899999698886,42,A06,cross-session,AdaBN
273,16,0,0.00041537599997809593,42,A06,cross-session,AdaBN
274,16,1,0.0003796639999791296,42,A06,cross-session,AdaBN
275,16,0,0.00039943800004493824,42,A06,cross-session,AdaBN
276,16,0,0.0003924950000282479,42,A06,cross-session,AdaBN
277,16,0,0.000390135000088776,42,A06,cross-session,AdaBN
278,16,0,0.00038879700002780737,42,A06,cross-session,AdaBN
279,16,0,0.0004148620000705705,42,A06,cross-session,AdaBN
280,16,0,0.0003726969999888752,42,A06,cross-session,AdaBN
281,16,1,0.0004024529999924198,42,A06,cross-session,AdaBN
282,16,0,0.0003747189999785405,42,A06,cross-session,AdaBN
283,16,0,0.00037378000001808687,42,A06,cross-session,AdaBN
284,16,1,0.0003746459999547369,42,A06,cross-session,AdaBN
285,16,1,0.00037293000002591725,42,A06,cross-session,AdaBN
286,16,1,0.0003996849999339247,42,A06,cross-session,AdaBN
287,16,0,0.00044125500005520735,42,A06,cross-session,AdaBN
0,1,0,0.0006172920000153681,42,A07,cross-session,AdaBN
1,2,0,0.0004917050000585732,42,A07,cross-session,AdaBN
2,3,1,0.00046756599999753234,42,A07,cross-session,AdaBN
3,4,0,0.00048732499999459833,42,A07,cross-session,AdaBN
4,5,0,0.00048237200007861247,42,A07,cross-session,AdaBN
5,6,1,0.00040282700001625926,42,A07,cross-session,AdaBN
6,7,1,0.0004591040000150315,42,A07,cross-session,AdaBN
7,8,0,0.0004748460000882915,42,A07,cross-session,AdaBN
8,9,0,0.0004959510000617229,42,A07,cross-session,AdaBN
9,10,1,0.00047248200007743435,42,A07,cross-session,AdaBN
10,11,0,0.0004562870000199837,42,A07,cross-session,AdaBN
11,12,0,0.00044663900007435586,42,A07,cross-session,AdaBN
12,13,0,0.00045466400001714646,42,A07,cross-session,AdaBN
13,14,0,0.0004399680000233275,42,A07,cross-session,AdaBN
14,15,1,0.0004649530000051527,42,A07,cross-session,AdaBN
15,16,0,0.0004687999999077874,42,A07,cross-session,AdaBN
16,16,0,0.00043721999998069805,42,A07,cross-session,AdaBN
17,16,0,0.0004465150000214635,42,A07,cross-session,AdaBN
18,16,0,0.00044843199998467753,42,A07,cross-session,AdaBN
19,16,0,0.00041601500004162517,42,A07,cross-session,AdaBN
20,16,1,0.0004456829999526235,42,A07,cross-session,AdaBN
21,16,1,0.0004469869999184084,42,A07,cross-session,AdaBN
22,16,1,0.0004236389999050516,42,A07,cross-session,AdaBN
23,16,0,0.0004536239999879399,42,A07,cross-session,AdaBN
24,16,1,0.00042701699999270204,42,A07,cross-session,AdaBN
25,16,0,0.00043767099998603953,42,A07,cross-session,AdaBN
26,16,1,0.0004662080000343849,42,A07,cross-session,AdaBN
27,16,0,0.000428553999995529,42,A07,cross-session,AdaBN
28,16,0,0.0004498150000245005,42,A07,cross-session,AdaBN
29,16,0,0.00043514499998309475,42,A07,cross-session,AdaBN
30,16,1,0.00039329300000190415,42,A07,cross-session,AdaBN
31,16,0,0.0004161660000363554,42,A07,cross-session,AdaBN
32,16,1,0.00036831800002801174,42,A07,cross-session,AdaBN
33,16,0,0.0003747549999388866,42,A07,cross-session,AdaBN
34,16,1,0.00037155999996230094,42,A07,cross-session,AdaBN
35,16,1,0.0003846319999638581,42,A07,cross-session,AdaBN
36,16,1,0.0003657810000277095,42,A07,cross-session,AdaBN
37,16,1,0.0003748710000763822,42,A07,cross-session,AdaBN
38,16,0,0.0003744560000313868,42,A07,cross-session,AdaBN
39,16,0,0.00037531899999976304,42,A07,cross-session,AdaBN
40,16,1,0.0003711229999225907,42,A07,cross-session,AdaBN
41,16,0,0.0003652209999245315,42,A07,cross-session,AdaBN
42,16,0,0.00037117400006536627,42,A07,cross-session,AdaBN
43,16,0,0.00038169699996615236,42,A07,cross-session,AdaBN
44,16,0,0.00036923599998317513,42,A07,cross-session,AdaBN
45,16,0,0.00038905399992472667,42,A07,cross-session,AdaBN
46,16,1,0.00038006400006906915,42,A07,cross-session,AdaBN
47,16,1,0.00038115800009563827,42,A07,cross-session,AdaBN
48,16,0,0.0003901090000226759,42,A07,cross-session,AdaBN
49,16,0,0.00041344600003867527,42,A07,cross-session,AdaBN
50,16,0,0.0004438549999576935,42,A07,cross-session,AdaBN
51,16,0,0.00041027600002507825,42,A07,cross-session,AdaBN
52,16,0,0.00040236799998183415,42,A07,cross-session,AdaBN
53,16,1,0.0004315349999615137,42,A07,cross-session,AdaBN
54,16,0,0.00038959999994858663,42,A07,cross-session,AdaBN
55,16,0,0.00043102999995880964,42,A07,cross-session,AdaBN
56,16,0,0.0003814560000137135,42,A07,cross-session,AdaBN
57,16,0,0.0004145479999806412,42,A07,cross-session,AdaBN
58,16,0,0.00040618600007746863,42,A07,cross-session,AdaBN
59,16,1,0.00040311699990525085,42,A07,cross-session,AdaBN
60,16,0,0.00040053999998690415,42,A07,cross-session,AdaBN
61,16,1,0.0003928659999701267,42,A07,cross-session,AdaBN
62,16,0,0.00039730200001031335,42,A07,cross-session,AdaBN
63,16,0,0.00042103200007659325,42,A07,cross-session,AdaBN
64,16,0,0.0003895090000014534,42,A07,cross-session,AdaBN
65,16,1,0.0004299329999639667,42,A07,cross-session,AdaBN
66,16,0,0.0003878830000303424,42,A07,cross-session,AdaBN
67,16,1,0.00038987100003851083,42,A07,cross-session,AdaBN
68,16,1,0.0004295339999771386,42,A07,cross-session,AdaBN
69,16,1,0.0003858879999825149,42,A07,cross-session,AdaBN
70,16,1,0.00041418199998588534,42,A07,cross-session,AdaBN
71,16,0,0.00046476699992581416,42,A07,cross-session,AdaBN
72,16,0,0.00039294399994105333,42,A07,cross-session,AdaBN
73,16,1,0.0003943990000152553,42,A07,cross-session,AdaBN
74,16,1,0.00038546499990843586,42,A07,cross-session,AdaBN
75,16,0,0.0003944390000469866,42,A07,cross-session,AdaBN
76,16,1,0.00040222400002676295,42,A07,cross-session,AdaBN
77,16,0,0.0003944439999941096,42,A07,cross-session,AdaBN
78,16,1,0.00042215100006615103,42,A07,cross-session,AdaBN
79,16,1,0.00041207399999620975,42,A07,cross-session,AdaBN
80,16,0,0.0004705290000401874,42,A07,cross-session,AdaBN
81,16,0,0.0004298469999639565,42,A07,cross-session,AdaBN
82,16,0,0.0004180230000656593,42,A07,cross-session,AdaBN
83,16,1,0.0004019589999870732,42,A07,cross-session,AdaBN
84,16,1,0.0004101430000673645,42,A07,cross-session,AdaBN
85,16,0,0.00038284800007204467,42,A07,cross-session,AdaBN
86,16,1,0.00040148899995529064,42,A07,cross-session,AdaBN
87,16,1,0.00037940999993679725,42,A07,cross-session,AdaBN
88,16,1,0.0004199580000658898,42,A07,cross-session,AdaBN
89,16,0,0.00046004099999663595,42,A07,cross-session,AdaBN
90,16,0,0.00039269700005206687,42,A07,cross-session,AdaBN
91,16,0,0.0004327829999510868,42,A07,cross-session,AdaBN
92,16,0,0.0003820309999582605,42,A07,cross-session,AdaBN
93,16,0,0.00039838300006067584,42,A07,cross-session,AdaBN
94,16,0,0.00041569500001514825,42,A07,cross-session,AdaBN
95,16,0,0.0004302119999692877,42,A07,cross-session,AdaBN
96,16,1,0.000391761000059887,42,A07,cross-session,AdaBN
97,16,0,0.0004074879999507175,42,A07,cross-session,AdaBN
98,16,0,0.0003936419999490681,42,A07,cross-session,AdaBN
99,16,0,0.00042279300009795406,42,A07,cross-session,AdaBN
100,16,0,0.00037507299998651433,42,A07,cross-session,AdaBN
101,16,1,0.0003898969999909241,42,A07,cross-session,AdaBN
102,16,0,0.00039734599999974307,42,A07,cross-session,AdaBN
103,16,1,0.00046591500006343267,42,A07,cross-session,AdaBN
104,16,0,0.0004149000000097658,42,A07,cross-session,AdaBN
105,16,0,0.00038576899999043235,42,A07,cross-session,AdaBN
106,16,0,0.0003909740000835882,42,A07,cross-session,AdaBN
107,16,0,0.00039965899998151144,42,A07,cross-session,AdaBN
108,16,0,0.00044144100002085906,42,A07,cross-session,AdaBN
109,16,1,0.0004062569998950494,42,A07,cross-session,AdaBN
110,16,0,0.00039155400008894503,42,A07,cross-session,AdaBN
111,16,0,0.00042129199994178634,42,A07,cross-session,AdaBN
112,16,0,0.00041415299995151145,42,A07,cross-session,AdaBN
113,16,1,0.0003857490000882535,42,A07,cross-session,AdaBN
114,16,0,0.00038734899999326444,42,A07,cross-session,AdaBN
115,16,0,0.00041146800003843964,42,A07,cross-session,AdaBN
116,16,0,0.0003855899999507528,42,A07,cross-session,AdaBN
117,16,1,0.00040011700002651196,42,A07,cross-session,AdaBN
118,16,0,0.0003940579999834881,42,A07,cross-session,AdaBN
119,16,0,0.0003772809999418314,42,A07,cross-session,AdaBN
120,16,0,0.0003926699999965422,42,A07,cross-session,AdaBN
121,16,1,0.0004049539999186891,42,A07,cross-session,AdaBN
122,16,0,0.0003912099999752172,42,A07,cross-session,AdaBN
123,16,1,0.00041639400001258764,42,A07,cross-session,AdaBN
124,16,0,0.0003789959999949133,42,A07,cross-session,AdaBN
125,16,0,0.00037837800005036115,42,A07,cross-session,AdaBN
126,16,0,0.0004125130000147692,42,A07,cross-session,AdaBN
127,16,1,0.00043049999999311694,42,A07,cross-session,AdaBN
128,16,0,0.0004163609999068285,42,A07,cross-session,AdaBN
129,16,1,0.00040997199994308176,42,A07,cross-session,AdaBN
130,16,1,0.00038542400000096677,42,A07,cross-session,AdaBN
131,16,0,0.0003906790000200999,42,A07,cross-session,AdaBN
132,16,1,0.0003972069999917949,42,A07,cross-session,AdaBN
133,16,0,0.00039196499994886835,42,A07,cross-session,AdaBN
134,16,1,0.0003785489999472702,42,A07,cross-session,AdaBN
135,16,1,0.0004041400000005524,42,A07,cross-session,AdaBN
136,16,1,0.00036488399996414955,42,A07,cross-session,AdaBN
137,16,0,0.0004124839999803953,42,A07,cross-session,AdaBN
138,16,0,0.00046147100010784925,42,A07,cross-session,AdaBN
139,16,1,0.00042278900002656883,42,A07,cross-session,AdaBN
140,16,0,0.0004033019999951648,42,A07,cross-session,AdaBN
141,16,0,0.0004269620000059149,42,A07,cross-session,AdaBN
142,16,1,0.0004952189999585244,42,A07,cross-session,AdaBN
143,16,0,0.0004355650000889,42,A07,cross-session,AdaBN
144,16,1,0.00040345900004012947,42,A07,cross-session,AdaBN
145,16,1,0.00039526399996248074,42,A07,cross-session,AdaBN
146,16,0,0.0004189520000181801,42,A07,cross-session,AdaBN
147,16,1,0.00038802500000656437,42,A07,cross-session,AdaBN
148,16,0,0.0004157930000019405,42,A07,cross-session,AdaBN
149,16,1,0.0004012629999579076,42,A07,cross-session,AdaBN
150,16,0,0.000406817999987652,42,A07,cross-session,AdaBN
151,16,0,0.0003912759999593618,42,A07,cross-session,AdaBN
152,16,0,0.00039040700005443796,42,A07,cross-session,AdaBN
153,16,1,0.00038078099998983816,42,A07,cross-session,AdaBN
154,16,1,0.0003871850000223276,42,A07,cross-session,AdaBN
155,16,1,0.0004689569999527521,42,A07,cross-session,AdaBN
156,16,0,0.0004254100000480321,42,A07,cross-session,AdaBN
157,16,0,0.00039945200001056946,42,A07,cross-session,AdaBN
158,16,0,0.00039526099999420694,42,A07,cross-session,AdaBN
159,16,1,0.0004310710000936524,42,A07,cross-session,AdaBN
160,16,1,0.00040737900008025463,42,A07,cross-session,AdaBN
161,16,0,0.00047334399994269916,42,A07,cross-session,AdaBN
162,16,1,0.00045174499996392115,42,A07,cross-session,AdaBN
163,16,1,0.000401968999995006,42,A07,cross-session,AdaBN
164,16,0,0.0003763470000421876,42,A07,cross-session,AdaBN
165,16,0,0.0004053990001011698,42,A07,cross-session,AdaBN
166,16,1,0.00042203099997095705,42,A07,cross-session,AdaBN
167,16,0,0.00039008200008083804,42,A07,cross-session,AdaBN
168,16,1,0.0003940789999887784,42,A07,cross-session,AdaBN
169,16,1,0.00042896499996913917,42,A07,cross-session,AdaBN
170,16,0,0.00036474099999850296,42,A07,cross-session,AdaBN
171,16,0,0.0004008109999631415,42,A07,cross-session,AdaBN
172,16,0,0.0004013020000002143,42,A07,cross-session,AdaBN
173,16,0,0.00038035399995806074,42,A07,cross-session,AdaBN
174,16,0,0.00038646300004074874,42,A07,cross-session,AdaBN
175,16,1,0.0003995670000449536,42,A07,cross-session,AdaBN
176,16,1,0.0003796610000108558,42,A07,cross-session,AdaBN
177,16,0,0.000495647999969151,42,A07,cross-session,AdaBN
178,16,0,0.00045019399999546295,42,A07,cross-session,AdaBN
179,16,1,0.0004279940000060378,42,A07,cross-session,AdaBN
180,16,1,0.00042653200000586367,42,A07,cross-session,AdaBN
181,16,0,0.00038892400004897354,42,A07,cross-session,AdaBN
182,16,0,0.00039336199995432253,42,A07,cross-session,AdaBN
183,16,0,0.00040612999998757005,42,A07,cross-session,AdaBN
184,16,0,0.0004070069999215775,42,A07,cross-session,AdaBN
185,16,1,0.0004033059999528632,42,A07,cross-session,AdaBN
186,16,0,0.0005553449999524673,42,A07,cross-session,AdaBN
187,16,0,0.00043651999999383406,42,A07,cross-session,AdaBN
188,16,0,0.0004317140000011932,42,A07,cross-session,AdaBN
189,16,0,0.0004329070000039792,42,A07,cross-session,AdaBN
190,16,1,0.00038927800005694735,42,A07,cross-session,AdaBN
191,16,0,0.00039048299993282853,42,A07,cross-session,AdaBN
192,16,0,0.0004108329999326088,42,A07,cross-session,AdaBN
193,16,1,0.0004010060000609883,42,A07,cross-session,AdaBN
194,16,1,0.0003831909999689742,42,A07,cross-session,AdaBN
195,16,0,0.0004184530000657105,42,A07,cross-session,AdaBN
196,16,1,0.0004153979999728108,42,A07,cross-session,AdaBN
197,16,0,0.0003838700000642348,42,A07,cross-session,AdaBN
198,16,0,0.00039888100002372084,42,A07,cross-session,AdaBN
199,16,0,0.0003774859999339242,42,A07,cross-session,AdaBN
200,16,1,0.0004172920000655722,42,A07,cross-session,AdaBN
201,16,0,0.000497143999950822,42,A07,cross-session,AdaBN
202,16,0,0.0004181670000207305,42,A07,cross-session,AdaBN
203,16,1,0.0004054429999769127,42,A07,cross-session,AdaBN
204,16,1,0.0003892390000146406,42,A07,cross-session,AdaBN
205,16,1,0.0003876810000065234,42,A07,cross-session,AdaBN
206,16,0,0.00039914699993914837,42,A07,cross-session,AdaBN
207,16,0,0.0003735850000339269,42,A07,cross-session,AdaBN
208,16,0,0.00040001000002121145,42,A07,cross-session,AdaBN
209,16,1,0.00041526200004682323,42,A07,cross-session,AdaBN
210,16,0,0.0004142469999806053,42,A07,cross-session,AdaBN
211,16,0,0.00047036500006925053,42,A07,cross-session,AdaBN
212,16,0,0.0003839500000140106,42,A07,cross-session,AdaBN
213,16,0,0.00039372799994907837,42,A07,cross-session,AdaBN
214,16,1,0.00039199100001496845,42,A07,cross-session,AdaBN
215,16,1,0.00040020199992341077,42,A07,cross-session,AdaBN
216,16,1,0.0003849869999612565,42,A07,cross-session,AdaBN
217,16,0,0.0003845850000061546,42,A07,cross-session,AdaBN
218,16,0,0.0004344960000253195,42,A07,cross-session,AdaBN
219,16,0,0.00041653900007077027,42,A07,cross-session,AdaBN
220,16,0,0.00040363799996612215,42,A07,cross-session,AdaBN
221,16,0,0.0003780060000053709,42,A07,cross-session,AdaBN
222,16,0,0.0003822290000243811,42,A07,cross-session,AdaBN
223,16,0,0.00038805100007266446,42,A07,cross-session,AdaBN
224,16,0,0.0003781840000556258,42,A07,cross-session,AdaBN
225,16,0,0.00037936900002932816,42,A07,cross-session,AdaBN
226,16,0,0.0003776229999630232,42,A07,cross-session,AdaBN
227,16,0,0.0003848689999585986,42,A07,cross-session,AdaBN
228,16,0,0.00039036200007558364,42,A07,cross-session,AdaBN
229,16,0,0.0003900359999988723,42,A07,cross-session,AdaBN
230,16,1,0.00044811500004016125,42,A07,cross-session,AdaBN
231,16,0,0.00041844199995466624,42,A07,cross-session,AdaBN
232,16,0,0.00039581800001542433,42,A07,cross-session,AdaBN
233,16,0,0.0004241130000082194,42,A07,cross-session,AdaBN
234,16,0,0.00039618599998902937,42,A07,cross-session,AdaBN
235,16,0,0.00037664200010567583,42,A07,cross-session,AdaBN
236,16,0,0.00038622299996404763,42,A07,cross-session,AdaBN
237,16,1,0.00039506399991751096,42,A07,cross-session,AdaBN
238,16,0,0.000392975999943701,42,A07,cross-session,AdaBN
239,16,0,0.0003922189999912007,42,A07,cross-session,AdaBN
240,16,0,0.0003734350000286213,42,A07,cross-session,AdaBN
241,16,0,0.00038791700001183926,42,A07,cross-session,AdaBN
242,16,0,0.00039516399999683927,42,A07,cross-session,AdaBN
243,16,1,0.0004414140000790212,42,A07,cross-session,AdaBN
244,16,1,0.0004143820000308551,42,A07,cross-session,AdaBN
245,16,0,0.0003817179999714426,42,A07,cross-session,AdaBN
246,16,1,0.0003744220000498899,42,A07,cross-session,AdaBN
247,16,0,0.00042353999992883473,42,A07,cross-session,AdaBN
248,16,0,0.00039474199991218484,42,A07,cross-session,AdaBN
249,16,1,0.00039624800001547555,42,A07,cross-session,AdaBN
250,16,0,0.0003985020000527584,42,A07,cross-session,AdaBN
251,16,0,0.0003877110000303219,42,A07,cross-session,AdaBN
252,16,1,0.0003774979999207062,42,A07,cross-session,AdaBN
253,16,1,0.0004114460000437248,42,A07,cross-session,AdaBN
254,16,0,0.00046877099998710037,42,A07,cross-session,AdaBN
255,16,1,0.0004092440000249553,42,A07,cross-session,AdaBN
256,16,1,0.00039127800005189783,42,A07,cross-session,AdaBN
257,16,0,0.00038852299996960937,42,A07,cross-session,AdaBN
258,16,0,0.00045477499998014537,42,A07,cross-session,AdaBN
259,16,0,0.0003894139999829349,42,A07,cross-session,AdaBN
260,16,1,0.0003702740000335325,42,A07,cross-session,AdaBN
261,16,0,0.0003865140000698375,42,A07,cross-session,AdaBN
262,16,0,0.00040532299999540555,42,A07,cross-session,AdaBN
263,16,0,0.0004734990000088146,42,A07,cross-session,AdaBN
264,16,1,0.000407031999998253,42,A07,cross-session,AdaBN
265,16,1,0.00041165799996178976,42,A07,cross-session,AdaBN
266,16,0,0.0003687729999910516,42,A07,cross-session,AdaBN
267,16,1,0.00040128399996319786,42,A07,cross-session,AdaBN
268,16,1,0.00038298900005884207,42,A07,cross-session,AdaBN
269,16,0,0.0003694230000519383,42,A07,cross-session,AdaBN
270,16,0,0.0003862469999376117,42,A07,cross-session,AdaBN
271,16,0,0.0003784200000609417,42,A07,cross-session,AdaBN
272,16,0,0.0004423980000183292,42,A07,cross-session,AdaBN
273,16,0,0.0004262270000481294,42,A07,cross-session,AdaBN
274,16,1,0.00041484799999125244,42,A07,cross-session,AdaBN
275,16,1,0.0003981230000817959,42,A07,cross-session,AdaBN
276,16,0,0.00039180400005989213,42,A07,cross-session,AdaBN
277,16,0,0.00038831099993785756,42,A07,cross-session,AdaBN
278,16,0,0.0003861690000803719,42,A07,cross-session,AdaBN
279,16,0,0.00038791299994045403,42,A07,cross-session,AdaBN
280,16,0,0.00039002500000151485,42,A07,cross-session,AdaBN
281,16,0,0.0003946860000496599,42,A07,cross-session,AdaBN
282,16,1,0.0003887440000198694,42,A07,cross-session,AdaBN
283,16,0,0.0003845879999744284,42,A07,cross-session,AdaBN
284,16,1,0.0003832569999531188,42,A07,cross-session,AdaBN
285,16,0,0.00040148100003989384,42,A07,cross-session,AdaBN
286,16,0,0.00043802400000458874,42,A07,cross-session,AdaBN
287,16,0,0.0004171639999412946,42,A07,cross-session,AdaBN
0,1,1,0.0006217640000159008,42,A08,cross-session,AdaBN
1,2,1,0.0004925829999820053,42,A08,cross-session,AdaBN
2,3,1,0.0005590499999925669,42,A08,cross-session,AdaBN
3,4,0,0.000530749999938962,42,A08,cross-session,AdaBN
4,5,1,0.000429597999982434,42,A08,cross-session,AdaBN
5,6,0,0.0004301019999957134,42,A08,cross-session,AdaBN
6,7,1,0.0004610810000258425,42,A08,cross-session,AdaBN
7,8,0,0.0005020759999752045,42,A08,cross-session,AdaBN
8,9,1,0.0004756109999561886,42,A08,cross-session,AdaBN
9,10,0,0.0004807469999832392,42,A08,cross-session,AdaBN
10,11,0,0.00045810200003870705,42,A08,cross-session,AdaBN
11,12,1,0.00045906900004411,42,A08,cross-session,AdaBN
12,13,1,0.0004507099999955244,42,A08,cross-session,AdaBN
13,14,1,0.00044935100004295236,42,A08,cross-session,AdaBN
14,15,0,0.00045585899999878166,42,A08,cross-session,AdaBN
15,16,1,0.0004499530000430241,42,A08,cross-session,AdaBN
16,16,1,0.000477016999980151,42,A08,cross-session,AdaBN
17,16,1,0.00044932100001915387,42,A08,cross-session,AdaBN
18,16,1,0.0004282999999531967,42,A08,cross-session,AdaBN
19,16,0,0.00045940600000449194,42,A08,cross-session,AdaBN
20,16,0,0.0004375820000177555,42,A08,cross-session,AdaBN
21,16,1,0.0004491359999292399,42,A08,cross-session,AdaBN
22,16,1,0.00046504799990998436,42,A08,cross-session,AdaBN
23,16,0,0.0004289419999849997,42,A08,cross-session,AdaBN
24,16,1,0.0004458140000451749,42,A08,cross-session,AdaBN
25,16,1,0.0004648340000130702,42,A08,cross-session,AdaBN
26,16,0,0.0004591569999092826,42,A08,cross-session,AdaBN
27,16,0,0.00047193099999276455,42,A08,cross-session,AdaBN
28,16,0,0.00043649399992773397,42,A08,cross-session,AdaBN
29,16,0,0.00037960700001349323,42,A08,cross-session,AdaBN
30,16,1,0.0003792759999896589,42,A08,cross-session,AdaBN
31,16,1,0.00036231499996119965,42,A08,cross-session,AdaBN
32,16,1,0.0003783369999155184,42,A08,cross-session,AdaBN
33,16,1,0.00037273299994922127,42,A08,cross-session,AdaBN
34,16,1,0.0003876090000858312,42,A08,cross-session,AdaBN
35,16,1,0.0003702410000414602,42,A08,cross-session,AdaBN
36,16,1,0.00036413899999843125,42,A08,cross-session,AdaBN
37,16,1,0.00036822399999891786,42,A08,cross-session,AdaBN
38,16,1,0.0003736190000154238,42,A08,cross-session,AdaBN
39,16,1,0.00036789800003589335,42,A08,cross-session,AdaBN
40,16,1,0.0003723170000284881,42,A08,cross-session,AdaBN
41,16,1,0.0003824130000111836,42,A08,cross-session,AdaBN
42,16,1,0.0003731540000444511,42,A08,cross-session,AdaBN
43,16,0,0.00040859299997464404,42,A08,cross-session,AdaBN
44,16,1,0.00040947200000118755,42,A08,cross-session,AdaBN
45,16,1,0.000392256999930396,42,A08,cross-session,AdaBN
46,16,1,0.00041784999996252736,42,A08,cross-session,AdaBN
47,16,1,0.00039051099997777783,42,A08,cross-session,AdaBN
48,16,1,0.000401252000074237,42,A08,cross-session,AdaBN
49,16,1,0.00039064700001745223,42,A08,cross-session,AdaBN
50,16,1,0.0004053189999240203,42,A08,cross-session,AdaBN
51,16,1,0.0003885339999669668,42,A08,cross-session,AdaBN
52,16,1,0.00039037299995925423,42,A08,cross-session,AdaBN
53,16,1,0.00041294100003597123,42,A08,cross-session,AdaBN
54,16,1,0.0003822019999688564,42,A08,cross-session,AdaBN
55,16,1,0.000422139000079369,42,A08,cross-session,AdaBN
56,16,0,0.0004545360000065557,42,A08,cross-session,AdaBN
57,16,1,0.0004507740000008198,42,A08,cross-session,AdaBN
58,16,1,0.0004211670000131562,42,A08,cross-session,AdaBN
59,16,0,0.0004149199999119446,42,A08,cross-session,AdaBN
60,16,0,0.0004122739999274927,42,A08,cross-session,AdaBN
61,16,1,0.00040772399995603337,42,A08,cross-session,AdaBN
62,16,1,0.0004176840000127413,42,A08,cross-session,AdaBN
63,16,1,0.0003926869999304472,42,A08,cross-session,AdaBN
64,16,1,0.0003957750000154192,42,A08,cross-session,AdaBN
65,16,1,0.0004023740000320686,42,A08,cross-session,AdaBN
66,16,1,0.0003957090000312746,42,A08,cross-session,AdaBN
67,16,1,0.0005075330000181566,42,A08,cross-session,AdaBN
68,16,1,0.00040166200005842256,42,A08,cross-session,AdaBN
69,16,1,0.0004544570000462045,42,A08,cross-session,AdaBN
70,16,1,0.0003846880000537567,42,A08,cross-session,AdaBN
71,16,1,0.00040626700001666904,42,A08,cross-session,AdaBN
72,16,1,0.0004687379999950281,42,A08,cross-session,AdaBN
73,16,1,0.00043663599990395596,42,A08,cross-session,AdaBN
74,16,1,0.0003951220000999456,42,A08,cross-session,AdaBN
75,16,1,0.0003782500000397704,42,A08,cross-session,AdaBN
76,16,1,0.00041537599997809593,42,A08,cross-session,AdaBN
77,16,1,0.00038344699999015575,42,A08,cross-session,AdaBN
78,16,1,0.00038815100003830594,42,A08,cross-session,AdaBN
79,16,0,0.00046648799991544365,42,A08,cross-session,AdaBN
80,16,1,0.0003992549999338735,42,A08,cross-session,AdaBN
81,16,1,0.0003991480000422598,42,A08,cross-session,AdaBN
82,16,1,0.0004059660000166332,42,A08,cross-session,AdaBN
83,16,0,0.00040427299995826615,42,A08,cross-session,AdaBN
84,16,1,0.00042793899990556383,42,A08,cross-session,AdaBN
85,16,1,0.00042191100010313676,42,A08,cross-session,AdaBN
86,16,1,0.0004113859999961278,42,A08,cross-session,AdaBN
87,16,0,0.00042006199998922966,42,A08,cross-session,AdaBN
88,16,0,0.0004239810000399302,42,A08,cross-session,AdaBN
89,16,1,0.0004258509999317539,42,A08,cross-session,AdaBN
90,16,0,0.0004051250000429718,42,A08,cross-session,AdaBN
91,16,0,0.00038598000003275956,42,A08,cross-session,AdaBN
92,16,1,0.0004187789999150482,42,A08,cross-session,AdaBN
93,16,1,0.00039097199999105214,42,A08,cross-session,AdaBN
94,16,0,0.00042331400004513853,42,A08,cross-session,AdaBN
95,16,1,0.0003832879999663419,42,A08,cross-session,AdaBN
96,16,1,0.0004817989999992278,42,A08,cross-session,AdaBN
97,16,0,0.0004490919999398102,42,A08,cross-session,AdaBN
98,16,1,0.00038432500002727465,42,A08,cross-session,AdaBN
99,16,1,0.00039374599998609483,42,A08,cross-session,AdaBN
100,16,1,0.0004193290000102934,42,A08,cross-session,AdaBN
101,16,0,0.00037751599995772267,42,A08,cross-session,AdaBN
102,16,1,0.00039010499995129067,42,A08,cross-session,AdaBN
103,16,1,0.000471039999979439,42,A08,cross-session,AdaBN
104,16,1,0.0004078260000142109,42,A08,cross-session,AdaBN
105,16,1,0.0004055519999610624,42,A08,cross-session,AdaBN
106,16,1,0.0003834240000060163,42,A08,cross-session,AdaBN
107,16,1,0.00041978499996275787,42,A08,cross-session,AdaBN
108,16,0,0.0004697019999184704,42,A08,cross-session,AdaBN
109,16,1,0.00041924899994683074,42,A08,cross-session,AdaBN
110,16,0,0.0003899390000015046,42,A08,cross-session,AdaBN
111,16,1,0.0003910919999725593,42,A08,cross-session,AdaBN
112,16,1,0.0004299579999269554,42,A08,cross-session,AdaBN
113,16,1,0.0004258349999872735,42,A08,cross-session,AdaBN
114,16,1,0.00039522899999155925,42,A08,cross-session,AdaBN
115,16,1,0.00040050200004770886,42,A08,cross-session,AdaBN
116,16,1,0.00042095800006336503,42,A08,cross-session,AdaBN
117,16,1,0.0003900620000649724,42,A08,cross-session,AdaBN
118,16,1,0.0003862109999772656,42,A08,cross-session,AdaBN
119,16,1,0.00038285300001916767,42,A08,cross-session,AdaBN
120,16,1,0.0003986779998967904,42,A08,cross-session,AdaBN
121,16,1,0.00039439499994387006,42,A08,cross-session,AdaBN
122,16,0,0.00038129999995817343,42,A08,cross-session,AdaBN
123,16,1,0.0003846170000088023,42,A08,cross-session,AdaBN
124,16,0,0.00039552599992020987,42,A08,cross-session,AdaBN
125,16,1,0.00047383100002207357,42,A08,cross-session,AdaBN
126,16,1,0.00042808299997432187,42,A08,cross-session,AdaBN
127,16,1,0.00038818200005152903,42,A08,cross-session,AdaBN
128,16,0,0.0004048790000297231,42,A08,cross-session,AdaBN
129,16,1,0.00040704299999561044,42,A08,cross-session,AdaBN
130,16,0,0.0003836370000271927,42,A08,cross-session,AdaBN
131,16,0,0.00039448600000469014,42,A08,cross-session,AdaBN
132,16,1,0.00039821600000777835,42,A08,cross-session,AdaBN
133,16,1,0.0004644860000553308,42,A08,cross-session,AdaBN
134,16,1,0.00044069400007629156,42,A08,cross-session,AdaBN
135,16,1,0.00038412399999288027,42,A08,cross-session,AdaBN
136,16,1,0.00036860600005184097,42,A08,cross-session,AdaBN
137,16,0,0.0004096220000064932,42,A08,cross-session,AdaBN
138,16,0,0.000408499000059237,42,A08,cross-session,AdaBN
139,16,1,0.0004561790000252586,42,A08,cross-session,AdaBN
140,16,0,0.0004343479999988631,42,A08,cross-session,AdaBN
141,16,0,0.0003915130000677891,42,A08,cross-session,AdaBN
142,16,1,0.00039516200001799007,42,A08,cross-session,AdaBN
143,16,1,0.0003860089999534466,42,A08,cross-session,AdaBN
144,16,0,0.0003931509999119953,42,A08,cross-session,AdaBN
145,16,1,0.0004773980000436495,42,A08,cross-session,AdaBN
146,16,0,0.00039058000004388305,42,A08,cross-session,AdaBN
147,16,1,0.0004011470000477857,42,A08,cross-session,AdaBN
148,16,0,0.00039888499998141924,42,A08,cross-session,AdaBN
149,16,1,0.00038120299996080576,42,A08,cross-session,AdaBN
150,16,1,0.0004161370000019815,42,A08,cross-session,AdaBN
151,16,1,0.0004019600000901846,42,A08,cross-session,AdaBN
152,16,1,0.0003854650000221227,42,A08,cross-session,AdaBN
153,16,1,0.0003945710000152758,42,A08,cross-session,AdaBN
154,16,1,0.00037560600003416766,42,A08,cross-session,AdaBN
155,16,1,0.00042589099996348523,42,A08,cross-session,AdaBN
156,16,0,0.00044441400007144694,42,A08,cross-session,AdaBN
157,16,0,0.0003997390000449741,42,A08,cross-session,AdaBN
158,16,1,0.0004369509999833099,42,A08,cross-session,AdaBN
159,16,0,0.0004056319999108382,42,A08,cross-session,AdaBN
160,16,1,0.0003877599999668746,42,A08,cross-session,AdaBN
161,16,1,0.0003985619999866685,42,A08,cross-session,AdaBN
162,16,1,0.00039064800000687683,42,A08,cross-session,AdaBN
163,16,0,0.0004221750000397151,42,A08,cross-session,AdaBN
164,16,0,0.00041140700000141806,42,A08,cross-session,AdaBN
165,16,1,0.0004620260000365306,42,A08,cross-session,AdaBN
166,16,0,0.00042056399990997306,42,A08,cross-session,AdaBN
167,16,1,0.0004026069999554238,42,A08,cross-session,AdaBN
168,16,1,0.0003956020000259741,42,A08,cross-session,AdaBN
169,16,1,0.000385712000024796,42,A08,cross-session,AdaBN
170,16,1,0.0004255650000004607,42,A08,cross-session,AdaBN
171,16,0,0.00039973000002646586,42,A08,cross-session,AdaBN
172,16,1,0.00037399299992557644,42,A08,cross-session,AdaBN
173,16,1,0.00041123799996967136,42,A08,cross-session,AdaBN
174,16,1,0.0003992509999761751,42,A08,cross-session,AdaBN
175,16,1,0.000384507000035228,42,A08,cross-session,AdaBN
176,16,1,0.0004103580000673901,42,A08,cross-session,AdaBN
177,16,1,0.0003804750000426793,42,A08,cross-session,AdaBN
178,16,1,0.000393521999967561,42,A08,cross-session,AdaBN
179,16,0,0.0004383530000495739,42,A08,cross-session,AdaBN
180,16,1,0.00037815900009263714,42,A08,cross-session,AdaBN
181,16,0,0.0003794189999553055,42,A08,cross-session,AdaBN
182,16,1,0.00039401099991209776,42,A08,cross-session,AdaBN
183,16,1,0.0003736549999757699,42,A08,cross-session,AdaBN
184,16,1,0.0004217949999656412,42,A08,cross-session,AdaBN
185,16,1,0.0004426250000051368,42,A08,cross-session,AdaBN
186,16,1,0.00040075200001865596,42,A08,cross-session,AdaBN
187,16,1,0.0003995270000132223,42,A08,cross-session,AdaBN
188,16,0,0.00038622299996404763,42,A08,cross-session,AdaBN
189,16,1,0.00041120199989563844,42,A08,cross-session,AdaBN
190,16,1,0.0003891590000648648,42,A08,cross-session,AdaBN
191,16,0,0.00037780800005293713,42,A08,cross-session,AdaBN
192,16,1,0.00041095400001722737,42,A08,cross-session,AdaBN
193,16,1,0.000421667999944475,42,A08,cross-session,AdaBN
194,16,1,0.0004464780000716928,42,A08,cross-session,AdaBN
195,16,1,0.00044773100000838895,42,A08,cross-session,AdaBN
196,16,0,0.00041066000005685055,42,A08,cross-session,AdaBN
197,16,0,0.00039464499991481716,42,A08,cross-session,AdaBN
198,16,0,0.00040482899999005895,42,A08,cross-session,AdaBN
199,16,1,0.0003789160000451375,42,A08,cross-session,AdaBN
200,16,1,0.00044895500002439803,42,A08,cross-session,AdaBN
201,16,0,0.00040005899995776417,42,A08,cross-session,AdaBN
202,16,1,0.00039023300007556827,42,A08,cross-session,AdaBN
203,16,1,0.00040215800004261837,42,A08,cross-session,AdaBN
204,16,1,0.0003917259999752787,42,A08,cross-session,AdaBN
205,16,1,0.000395701000002191,42,A08,cross-session,AdaBN
206,16,0,0.00039813900002627634,42,A08,cross-session,AdaBN
207,16,1,0.00038698700006989384,42,A08,cross-session,AdaBN
208,16,1,0.0004143459999568222,42,A08,cross-session,AdaBN
209,16,0,0.0003737470000260146,42,A08,cross-session,AdaBN
210,16,1,0.00037067599998863443,42,A08,cross-session,AdaBN
211,16,0,0.0003885639999907653,42,A08,cross-session,AdaBN
212,16,0,0.00037204500006282615,42,A08,cross-session,AdaBN
213,16,1,0.00038829400000395253,42,A08,cross-session,AdaBN
214,16,1,0.0003923259999965012,42,A08,cross-session,AdaBN
215,16,1,0.0003715039999860892,42,A08,cross-session,AdaBN
216,16,1,0.00039905100004489213,42,A08,cross-session,AdaBN
217,16,1,0.00040651200004049315,42,A08,cross-session,AdaBN
218,16,0,0.0004199610000341636,42,A08,cross-session,AdaBN
219,16,1,0.00039995099996303907,42,A08,cross-session,AdaBN
220,16,1,0.0004118150000067544,42,A08,cross-session,AdaBN
221,16,1,0.0003943030000073122,42,A08,cross-session,AdaBN
222,16,1,0.00039466800001264346,42,A08,cross-session,AdaBN
223,16,1,0.00040156000000024505,42,A08,cross-session,AdaBN
224,16,1,0.00039002999994863785,42,A08,cross-session,AdaBN
225,16,0,0.00048436200006563013,42,A08,cross-session,AdaBN
226,16,1,0.0004186049999361785,42,A08,cross-session,AdaBN
227,16,0,0.00041252999994867423,42,A08,cross-session,AdaBN
228,16,1,0.00038002200005848863,42,A08,cross-session,AdaBN
229,16,1,0.00039293500003623194,42,A08,cross-session,AdaBN
230,16,1,0.000421662999997352,42,A08,cross-session,AdaBN
231,16,1,0.00039979400003176124,42,A08,cross-session,AdaBN
232,16,0,0.0004356100000677543,42,A08,cross-session,AdaBN
233,16,0,0.0004161690000046292,42,A08,cross-session,AdaBN
234,16,1,0.0003985939999893162,42,A08,cross-session,AdaBN
235,16,1,0.000406110999961129,42,A08,cross-session,AdaBN
236,16,1,0.00041368100005456654,42,A08,cross-session,AdaBN
237,16,1,0.0004895209999631334,42,A08,cross-session,AdaBN
238,16,1,0.0004440569999815125,42,A08,cross-session,AdaBN
239,16,1,0.0003833339999346208,42,A08,cross-session,AdaBN
240,16,1,0.0003991119999682269,42,A08,cross-session,AdaBN
241,16,1,0.00038028699998449156,42,A08,cross-session,AdaBN
242,16,1,0.0003799810000373327,42,A08,cross-session,AdaBN
243,16,1,0.0004316739999694619,42,A08,cross-session,AdaBN
244,16,1,0.00045079899996380846,42,A08,cross-session,AdaBN
245,16,1,0.00039125399996464694,42,A08,cross-session,AdaBN
246,16,0,0.00038839500007270544,42,A08,cross-session,AdaBN
247,16,0,0.00037208900005225587,42,A08,cross-session,AdaBN
248,16,0,0.00040644399996381253,42,A08,cross-session,AdaBN
249,16,1,0.00042508600006385677,42,A08,cross-session,AdaBN
250,16,1,0.00041991299997334863,42,A08,cross-session,AdaBN
251,16,0,0.0004421639999918625,42,A08,cross-session,AdaBN
252,16,0,0.000390423999988343,42,A08,cross-session,AdaBN
253,16,1,0.00041780499998367304,42,A08,cross-session,AdaBN
254,16,0,0.0004112070000701351,42,A08,cross-session,AdaBN
255,16,0,0.00040725799999563606,42,A08,cross-session,AdaBN
256,16,1,0.00039951999997356324,42,A08,cross-session,AdaBN
257,16,1,0.00041041999998014944,42,A08,cross-session,AdaBN
258,16,1,0.00037899399990237725,42,A08,cross-session,AdaBN
259,16,1,0.00040546399998220295,42,A08,cross-session,AdaBN
260,16,1,0.0003868889999694147,42,A08,cross-session,AdaBN
261,16,0,0.00045447500008322095,42,A08,cross-session,AdaBN
262,16,1,0.0004578140000148778,42,A08,cross-session,AdaBN
263,16,1,0.00043697199998860015,42,A08,cross-session,AdaBN
264,16,0,0.0003933859999278866,42,A08,cross-session,AdaBN
265,16,1,0.0004096130001016718,42,A08,cross-session,AdaBN
266,16,0,0.0003760650000685928,42,A08,cross-session,AdaBN
267,16,0,0.00038389799999549723,42,A08,cross-session,AdaBN
268,16,1,0.00048454300008415885,42,A08,cross-session,AdaBN
269,16,1,0.00041150499998821033,42,A08,cross-session,AdaBN
270,16,1,0.0003955209999730869,42,A08,cross-session,AdaBN
271,16,1,0.0003971859999865046,42,A08,cross-session,AdaBN
272,16,0,0.0003781440000238945,42,A08,cross-session,AdaBN
273,16,1,0.0003949649999412941,42,A08,cross-session,AdaBN
274,16,1,0.0005103800000370029,42,A08,cross-session,AdaBN
275,16,1,0.00043520600002011633,42,A08,cross-session,AdaBN
276,16,0,0.00044991100003244355,42,A08,cross-session,AdaBN
277,16,1,0.0003803729999845018,42,A08,cross-session,AdaBN
278,16,1,0.0003766449999602628,42,A08,cross-session,AdaBN
279,16,0,0.00042452200000298035,42,A08,cross-session,AdaBN
280,16,1,0.0004342660000702381,42,A08,cross-session,AdaBN
281,16,1,0.0004302590000406781,42,A08,cross-session,AdaBN
282,16,0,0.00039463699999942037,42,A08,cross-session,AdaBN
283,16,1,0.00042272899997897184,42,A08,cross-session,AdaBN
284,16,1,0.00043813000002046465,42,A08,cross-session,AdaBN
285,16,0,0.00042339399999491434,42,A08,cross-session,AdaBN
286,16,1,0.0003728430000364824,42,A08,cross-session,AdaBN
287,16,0,0.0003766779999523351,42,A08,cross-session,AdaBN
0,1,1,0.0005556509998996262,42,A09,cross-session,AdaBN
1,2,1,0.0004899109999314533,42,A09,cross-session,AdaBN
2,3,1,0.0004933699999583041,42,A09,cross-session,AdaBN
3,4,1,0.000469349000013608,42,A09,cross-session,AdaBN
4,5,1,0.000550669999938691,42,A09,cross-session,AdaBN
5,6,1,0.00047688500001186185,42,A09,cross-session,AdaBN
6,7,1,0.0005191190000459756,42,A09,cross-session,AdaBN
7,8,0,0.0004905460000372841,42,A09,cross-session,AdaBN
8,9,0,0.0004772940000066228,42,A09,cross-session,AdaBN
9,10,1,0.0005009190000464514,42,A09,cross-session,AdaBN
10,11,1,0.00046049900004163646,42,A09,cross-session,AdaBN
11,12,0,0.00047779200008335465,42,A09,cross-session,AdaBN
12,13,1,0.000452461999998377,42,A09,cross-session,AdaBN
13,14,1,0.00045426200006204454,42,A09,cross-session,AdaBN
14,15,1,0.00045283600002221647,42,A09,cross-session,AdaBN
15,16,1,0.00045567999995910213,42,A09,cross-session,AdaBN
16,16,1,0.0004341019999856144,42,A09,cross-session,AdaBN
17,16,1,0.00044460999993134465,42,A09,cross-session,AdaBN
18,16,1,0.0004395199999862598,42,A09,cross-session,AdaBN
19,16,1,0.00044165099996007484,42,A09,cross-session,AdaBN
20,16,1,0.00043131899997206347,42,A09,cross-session,AdaBN
21,16,0,0.00045342600003550615,42,A09,cross-session,AdaBN
22,16,1,0.0004312940000090748,42,A09,cross-session,AdaBN
23,16,1,0.00043644699997003045,42,A09,cross-session,AdaBN
24,16,1,0.00043530700008886924,42,A09,cross-session,AdaBN
25,16,1,0.0004253829999925074,42,A09,cross-session,AdaBN
26,16,1,0.0007085570000526786,42,A09,cross-session,AdaBN
27,16,1,0.00043430299990632193,42,A09,cross-session,AdaBN
28,16,1,0.000414048000038747,42,A09,cross-session,AdaBN
29,16,1,0.0004312290000143548,42,A09,cross-session,AdaBN
30,16,1,0.0004017219999923327,42,A09,cross-session,AdaBN
31,16,1,0.0003665669999008969,42,A09,cross-session,AdaBN
32,16,1,0.000399785000013253,42,A09,cross-session,AdaBN
33,16,0,0.00038865999999870837,42,A09,cross-session,AdaBN
34,16,0,0.000374320999981137,42,A09,cross-session,AdaBN
35,16,1,0.00043080900002223643,42,A09,cross-session,AdaBN
36,16,1,0.0004207889999179315,42,A09,cross-session,AdaBN
37,16,1,0.0003761299999496259,42,A09,cross-session,AdaBN
38,16,1,0.00041266300002007483,42,A09,cross-session,AdaBN
39,16,1,0.0003575819999923624,42,A09,cross-session,AdaBN
40,16,1,0.00043000100004064734,42,A09,cross-session,AdaBN
41,16,1,0.00040863899994292296,42,A09,cross-session,AdaBN
42,16,1,0.0004054650000853144,42,A09,cross-session,AdaBN
43,16,0,0.00039062200005446357,42,A09,cross-session,AdaBN
44,16,1,0.00037079499998071697,42,A09,cross-session,AdaBN
45,16,0,0.000388947000033113,42,A09,cross-session,AdaBN
46,16,1,0.00036470600002758147,42,A09,cross-session,AdaBN
47,16,1,0.0004135160000942051,42,A09,cross-session,AdaBN
48,16,1,0.000395280000020648,42,A09,cross-session,AdaBN
49,16,1,0.0004029939999554699,42,A09,cross-session,AdaBN
50,16,1,0.00040715299996918475,42,A09,cross-session,AdaBN
51,16,1,0.00040165699999761273,42,A09,cross-session,AdaBN
52,16,1,0.0004083979999904841,42,A09,cross-session,AdaBN
53,16,1,0.0004803460000175619,42,A09,cross-session,AdaBN
54,16,1,0.00045155200007229723,42,A09,cross-session,AdaBN
55,16,1,0.00040476599997418816,42,A09,cross-session,AdaBN
56,16,1,0.0004188460000023042,42,A09,cross-session,AdaBN
57,16,1,0.00042941699996390525,42,A09,cross-session,AdaBN
58,16,1,0.0003833150000218666,42,A09,cross-session,AdaBN
59,16,1,0.0004887090000238459,42,A09,cross-session,AdaBN
60,16,1,0.0003991840000026059,42,A09,cross-session,AdaBN
61,16,1,0.0004367070000625972,42,A09,cross-session,AdaBN
62,16,1,0.00047306199996910436,42,A09,cross-session,AdaBN
63,16,1,0.0004253089999792792,42,A09,cross-session,AdaBN
64,16,1,0.0004263329999503185,42,A09,cross-session,AdaBN
65,16,1,0.0003863750000618893,42,A09,cross-session,AdaBN
66,16,0,0.0004007170000477345,42,A09,cross-session,AdaBN
67,16,1,0.0004339959999697385,42,A09,cross-session,AdaBN
68,16,1,0.0004569269999592507,42,A09,cross-session,AdaBN
69,16,0,0.00045349300000907533,42,A09,cross-session,AdaBN
70,16,0,0.00042645700000321085,42,A09,cross-session,AdaBN
71,16,1,0.0004194709999865154,42,A09,cross-session,AdaBN
72,16,1,0.0004146659999832991,42,A09,cross-session,AdaBN
73,16,1,0.00042437500007963536,42,A09,cross-session,AdaBN
74,16,1,0.0004070289999162924,42,A09,cross-session,AdaBN
75,16,1,0.000451475999966533,42,A09,cross-session,AdaBN
76,16,1,0.0004128990000253907,42,A09,cross-session,AdaBN
77,16,0,0.0003824899999926856,42,A09,cross-session,AdaBN
78,16,0,0.00041849300009744184,42,A09,cross-session,AdaBN
79,16,1,0.0004171220000444009,42,A09,cross-session,AdaBN
80,16,1,0.00039413600006810157,42,A09,cross-session,AdaBN
81,16,1,0.0003874260000884533,42,A09,cross-session,AdaBN
82,16,1,0.0003943399999570829,42,A09,cross-session,AdaBN
83,16,1,0.00046165399999154033,42,A09,cross-session,AdaBN
84,16,1,0.00040032100002918014,42,A09,cross-session,AdaBN
85,16,1,0.0003724200000760902,42,A09,cross-session,AdaBN
86,16,1,0.00040890599996146193,42,A09,cross-session,AdaBN
87,16,1,0.0004230600000028062,42,A09,cross-session,AdaBN
88,16,0,0.00038165699993442104,42,A09,cross-session,AdaBN
89,16,1,0.0004000610000503002,42,A09,cross-session,AdaBN
90,16,1,0.00040113299996846763,42,A09,cross-session,AdaBN
91,16,1,0.0004178950000550685,42,A09,cross-session,AdaBN
92,16,1,0.00046922299998186645,42,A09,cross-session,AdaBN
93,16,1,0.00044496399993931846,42,A09,cross-session,AdaBN
94,16,0,0.00041914199994153023,42,A09,cross-session,AdaBN
95,16,1,0.0003786680000530396,42,A09,cross-session,AdaBN
96,16,1,0.0003899779999301245,42,A09,cross-session,AdaBN
97,16,1,0.00041032699994048016,42,A09,cross-session,AdaBN
98,16,1,0.0003943920000892831,42,A09,cross-session,AdaBN
99,16,1,0.0004798820000360138,42,A09,cross-session,AdaBN
100,16,1,0.00040338999997402425,42,A09,cross-session,AdaBN
101,16,1,0.0004441309999947407,42,A09,cross-session,AdaBN
102,16,1,0.00039940200008459215,42,A09,cross-session,AdaBN
103,16,1,0.0003828799999610055,42,A09,cross-session,AdaBN
104,16,0,0.0003930379999701472,42,A09,cross-session,AdaBN
105,16,1,0.0003800530000717117,42,A09,cross-session,AdaBN
106,16,1,0.000379116999965845,42,A09,cross-session,AdaBN
107,16,1,0.00045411099995362747,42,A09,cross-session,AdaBN
108,16,0,0.0004205679999813583,42,A09,cross-session,AdaBN
109,16,1,0.0004022720000875779,42,A09,cross-session,AdaBN
110,16,1,0.00040405400000054215,42,A09,cross-session,AdaBN
111,16,1,0.0003889189999881637,42,A09,cross-session,AdaBN
112,16,1,0.0004111449999300021,42,A09,cross-session,AdaBN
113,16,0,0.00037697100003697415,42,A09,cross-session,AdaBN
114,16,1,0.00038230900008784374,42,A09,cross-session,AdaBN
115,16,1,0.0003883919999907448,42,A09,cross-session,AdaBN
116,16,1,0.00037965799992889515,42,A09,cross-session,AdaBN
117,16,1,0.00048627000001033593,42,A09,cross-session,AdaBN
118,16,1,0.0004343919999882928,42,A09,cross-session,AdaBN
119,16,1,0.0004152540000177396,42,A09,cross-session,AdaBN
120,16,0,0.0004317959999298182,42,A09,cross-session,AdaBN
121,16,1,0.0003813800000216361,42,A09,cross-session,AdaBN
122,16,1,0.0003803329999527705,42,A09,cross-session,AdaBN
123,16,1,0.00038964399993801635,42,A09,cross-session,AdaBN
124,16,1,0.00044259600008444977,42,A09,cross-session,AdaBN
125,16,1,0.0004496289999451619,42,A09,cross-session,AdaBN
126,16,1,0.00041772200006562343,42,A09,cross-session,AdaBN
127,16,1,0.0003856490000089252,42,A09,cross-session,AdaBN
128,16,1,0.00042181100002380845,42,A09,cross-session,AdaBN
129,16,1,0.0003957740000259946,42,A09,cross-session,AdaBN
130,16,1,0.00040733299999828887,42,A09,cross-session,AdaBN
131,16,1,0.0004099939999377966,42,A09,cross-session,AdaBN
132,16,0,0.00039202599998588994,42,A09,cross-session,AdaBN
133,16,0,0.00042002799989404593,42,A09,cross-session,AdaBN
134,16,0,0.00037967700006902305,42,A09,cross-session,AdaBN
135,16,1,0.00042695100000855746,42,A09,cross-session,AdaBN
136,16,1,0.00040395399992121384,42,A09,cross-session,AdaBN
137,16,1,0.00038027400000828493,42,A09,cross-session,AdaBN
138,16,1,0.00042213899996568216,42,A09,cross-session,AdaBN
139,16,0,0.0004108779999114631,42,A09,cross-session,AdaBN
140,16,0,0.000386144999993121,42,A09,cross-session,AdaBN
141,16,1,0.0004272209999953702,42,A09,cross-session,AdaBN
142,16,1,0.00044727700003477366,42,A09,cross-session,AdaBN
143,16,1,0.0004112869999062241,42,A09,cross-session,AdaBN
144,16,0,0.00041460599993570213,42,A09,cross-session,AdaBN
145,16,0,0.0004082279999693128,42,A09,cross-session,AdaBN
146,16,1,0.0004056139999875086,42,A09,cross-session,AdaBN
147,16,1,0.000396263999959956,42,A09,cross-session,AdaBN
148,16,1,0.0003847020000193879,42,A09,cross-session,AdaBN
149,16,1,0.0004138900000043577,42,A09,cross-session,AdaBN
150,16,1,0.0004001720000132991,42,A09,cross-session,AdaBN
151,16,1,0.0003837430000430686,42,A09,cross-session,AdaBN
152,16,1,0.0004766639999616018,42,A09,cross-session,AdaBN
153,16,0,0.000375299999973322,42,A09,cross-session,AdaBN
154,16,1,0.00042082100003426604,42,A09,cross-session,AdaBN
155,16,1,0.0003965040000366571,42,A09,cross-session,AdaBN
156,16,1,0.000385004999998273,42,A09,cross-session,AdaBN
157,16,0,0.00048598500006846734,42,A09,cross-session,AdaBN
158,16,1,0.0004054469999346111,42,A09,cross-session,AdaBN
159,16,0,0.00037936100000024453,42,A09,cross-session,AdaBN
160,16,0,0.0003775530000211802,42,A09,cross-session,AdaBN
161,16,0,0.0003788569999869651,42,A09,cross-session,AdaBN
162,16,0,0.0003867620000619354,42,A09,cross-session,AdaBN
163,16,1,0.0003917699999647084,42,A09,cross-session,AdaBN
164,16,1,0.0004486490000772392,42,A09,cross-session,AdaBN
165,16,1,0.0004384809999464778,42,A09,cross-session,AdaBN
166,16,1,0.00039991000005557,42,A09,cross-session,AdaBN
167,16,1,0.00042518899999777204,42,A09,cross-session,AdaBN
168,16,1,0.00038453399997706583,42,A09,cross-session,AdaBN
169,16,0,0.00039362199993320246,42,A09,cross-session,AdaBN
170,16,1,0.000401896999960627,42,A09,cross-session,AdaBN
171,16,1,0.00037714500001584383,42,A09,cross-session,AdaBN
172,16,1,0.00040040199996838055,42,A09,cross-session,AdaBN
173,16,0,0.00041003799992722634,42,A09,cross-session,AdaBN
174,16,1,0.00038756599997213925,42,A09,cross-session,AdaBN
175,16,1,0.00041475699993043236,42,A09,cross-session,AdaBN
176,16,1,0.0004077260000485694,42,A09,cross-session,AdaBN
177,16,1,0.0003744240000287391,42,A09,cross-session,AdaBN
178,16,0,0.0004001489999154728,42,A09,cross-session,AdaBN
179,16,1,0.00040671900001143513,42,A09,cross-session,AdaBN
180,16,1,0.0003867950000540077,42,A09,cross-session,AdaBN
181,16,1,0.00038473900008284545,42,A09,cross-session,AdaBN
182,16,0,0.0003789379999261655,42,A09,cross-session,AdaBN
183,16,1,0.00041751900005237985,42,A09,cross-session,AdaBN
184,16,1,0.00040978100003030704,42,A09,cross-session,AdaBN
185,16,0,0.0004113239999696816,42,A09,cross-session,AdaBN
186,16,1,0.0004192339999917749,42,A09,cross-session,AdaBN
187,16,1,0.00038053499997658946,42,A09,cross-session,AdaBN
188,16,1,0.0004116260000728289,42,A09,cross-session,AdaBN
189,16,1,0.0004094160000249758,42,A09,cross-session,AdaBN
190,16,1,0.00040658399996118533,42,A09,cross-session,AdaBN
191,16,1,0.0003827570000112246,42,A09,cross-session,AdaBN
192,16,1,0.000401742999997623,42,A09,cross-session,AdaBN
193,16,1,0.00041432499995153194,42,A09,cross-session,AdaBN
194,16,1,0.00042171699999471457,42,A09,cross-session,AdaBN
195,16,1,0.0003977519999125434,42,A09,cross-session,AdaBN
196,16,1,0.00040434599998206977,42,A09,cross-session,AdaBN
197,16,1,0.0004672509999181784,42,A09,cross-session,AdaBN
198,16,0,0.0003813329999502457,42,A09,cross-session,AdaBN
199,16,1,0.0003944469999623834,42,A09,cross-session,AdaBN
200,16,1,0.00045621000003848167,42,A09,cross-session,AdaBN
201,16,1,0.00041382300003078853,42,A09,cross-session,AdaBN
202,16,1,0.00040664900006959215,42,A09,cross-session,AdaBN
203,16,1,0.00038506900000356836,42,A09,cross-session,AdaBN
204,16,1,0.0003907779999963168,42,A09,cross-session,AdaBN
205,16,1,0.0004243289999976696,42,A09,cross-session,AdaBN
206,16,1,0.00041741899997305154,42,A09,cross-session,AdaBN
207,16,1,0.0004616829999122274,42,A09,cross-session,AdaBN
208,16,1,0.000458001000083641,42,A09,cross-session,AdaBN
209,16,1,0.0003763309999840203,42,A09,cross-session,AdaBN
210,16,1,0.000410825000017212,42,A09,cross-session,AdaBN
211,16,1,0.0003789450000795114,42,A09,cross-session,AdaBN
212,16,1,0.00040658399996118533,42,A09,cross-session,AdaBN
213,16,1,0.00039252199997008574,42,A09,cross-session,AdaBN
214,16,0,0.0003748780000023544,42,A09,cross-session,AdaBN
215,16,1,0.00039485099989633454,42,A09,cross-session,AdaBN
216,16,1,0.0004104980000647629,42,A09,cross-session,AdaBN
217,16,0,0.0003995399999894289,42,A09,cross-session,AdaBN
218,16,0,0.00045528500004365924,42,A09,cross-session,AdaBN
219,16,1,0.00038983900003586314,42,A09,cross-session,AdaBN
220,16,1,0.00037722499996561965,42,A09,cross-session,AdaBN
221,16,1,0.0004001049999260431,42,A09,cross-session,AdaBN
222,16,1,0.00040722599999298836,42,A09,cross-session,AdaBN
223,16,1,0.00047327699996913,42,A09,cross-session,AdaBN
224,16,1,0.00039064700001745223,42,A09,cross-session,AdaBN
225,16,1,0.00039360599998872203,42,A09,cross-session,AdaBN
226,16,1,0.00039188699997794174,42,A09,cross-session,AdaBN
227,16,0,0.00038794100009909016,42,A09,cross-session,AdaBN
228,16,1,0.0003719290000390174,42,A09,cross-session,AdaBN
229,16,1,0.00039083299998310395,42,A09,cross-session,AdaBN
230,16,0,0.00037469699998382566,42,A09,cross-session,AdaBN
231,16,1,0.0003805750000083208,42,A09,cross-session,AdaBN
232,16,1,0.0003874440000117829,42,A09,cross-session,AdaBN
233,16,1,0.00045543800001723866,42,A09,cross-session,AdaBN
234,16,1,0.0004147309999780191,42,A09,cross-session,AdaBN
235,16,1,0.0004276990000562364,42,A09,cross-session,AdaBN
236,16,0,0.00043326700006218744,42,A09,cross-session,AdaBN
237,16,1,0.0004107849999854807,42,A09,cross-session,AdaBN
238,16,1,0.0003921899999568268,42,A09,cross-session,AdaBN
239,16,0,0.00042539600008240086,42,A09,cross-session,AdaBN
240,16,0,0.00039473399999678804,42,A09,cross-session,AdaBN
241,16,1,0.0003851279999480539,42,A09,cross-session,AdaBN
242,16,1,0.0003812710000374864,42,A09,cross-session,AdaBN
243,16,0,0.0003900069999644984,42,A09,cross-session,AdaBN
244,16,1,0.0004716459999372091,42,A09,cross-session,AdaBN
245,16,1,0.00042322100000546925,42,A09,cross-session,AdaBN
246,16,1,0.00040835099991909374,42,A09,cross-session,AdaBN
247,16,0,0.0003811049999740135,42,A09,cross-session,AdaBN
248,16,1,0.00038960300003054726,42,A09,cross-session,AdaBN
249,16,0,0.0004095120000329189,42,A09,cross-session,AdaBN
250,16,1,0.0003897630000437857,42,A09,cross-session,AdaBN
251,16,1,0.0004158750000442524,42,A09,cross-session,AdaBN
252,16,1,0.000429816999940158,42,A09,cross-session,AdaBN
253,16,1,0.00039968800001588534,42,A09,cross-session,AdaBN
254,16,1,0.0003945010000734328,42,A09,cross-session,AdaBN
255,16,1,0.0003816299999925832,42,A09,cross-session,AdaBN
256,16,1,0.00040035500001067703,42,A09,cross-session,AdaBN
257,16,1,0.00039752099996803736,42,A09,cross-session,AdaBN
258,16,1,0.00040310600002158026,42,A09,cross-session,AdaBN
259,16,0,0.0003825229999847579,42,A09,cross-session,AdaBN
260,16,0,0.00041820499995992577,42,A09,cross-session,AdaBN
261,16,1,0.0003788490000715683,42,A09,cross-session,AdaBN
262,16,1,0.0003879719999986264,42,A09,cross-session,AdaBN
263,16,1,0.00038002500002676243,42,A09,cross-session,AdaBN
264,16,1,0.0003936269999940123,42,A09,cross-session,AdaBN
265,16,1,0.0004489829999556605,42,A09,cross-session,AdaBN
266,16,0,0.000404557000024397,42,A09,cross-session,AdaBN
267,16,1,0.00040628499993999867,42,A09,cross-session,AdaBN
268,16,1,0.00040003700007673615,42,A09,cross-session,AdaBN
269,16,1,0.00040395500002432527,42,A09,cross-session,AdaBN
270,16,0,0.0003930660000150965,42,A09,cross-session,AdaBN
271,16,1,0.0003852530001040577,42,A09,cross-session,AdaBN
272,16,1,0.00039295699991725996,42,A09,cross-session,AdaBN
273,16,1,0.0003918410000096628,42,A09,cross-session,AdaBN
274,16,1,0.0003638249999085019,42,A09,cross-session,AdaBN
275,16,1,0.00038858599998548016,42,A09,cross-session,AdaBN
276,16,0,0.00041060099999867816,42,A09,cross-session,AdaBN
277,16,1,0.00047062300006928126,42,A09,cross-session,AdaBN
278,16,1,0.00042238499997893086,42,A09,cross-session,AdaBN
279,16,1,0.00043166000000383065,42,A09,cross-session,AdaBN
280,16,1,0.00038207700004022627,42,A09,cross-session,AdaBN
281,16,0,0.00041083100006744644,42,A09,cross-session,AdaBN
282,16,1,0.0003949700000021039,42,A09,cross-session,AdaBN
283,16,0,0.00038368699995317,42,A09,cross-session,AdaBN
284,16,1,0.00039863799997874594,42,A09,cross-session,AdaBN
285,16,0,0.0003838860000087152,42,A09,cross-session,AdaBN
286,16,1,0.00041727799998625414,42,A09,cross-session,AdaBN
287,16,0,0.00038893600003575557,42,A09,cross-session,AdaBN
0,1,0,0.0005520779999415026,97,A01,cross-session,AdaBN
1,2,1,0.0004919570000083695,97,A01,cross-session,AdaBN
2,3,1,0.00046797900006367854,97,A01,cross-session,AdaBN
3,4,1,0.0004827459999887651,97,A01,cross-session,AdaBN
4,5,1,0.00047757900006217824,97,A01,cross-session,AdaBN
5,6,0,0.00042294899992612045,97,A01,cross-session,AdaBN
6,7,1,0.0005503959999941799,97,A01,cross-session,AdaBN
7,8,0,0.0005153710000058709,97,A01,cross-session,AdaBN
8,9,1,0.0005116660000794582,97,A01,cross-session,AdaBN
9,10,1,0.0004798989999699188,97,A01,cross-session,AdaBN
10,11,1,0.0004934720000164816,97,A01,cross-session,AdaBN
11,12,0,0.000462241999912294,97,A01,cross-session,AdaBN
12,13,1,0.00045553300003575714,97,A01,cross-session,AdaBN
13,14,1,0.00047033800001372583,97,A01,cross-session,AdaBN
14,15,0,0.00045040899999548856,97,A01,cross-session,AdaBN
15,16,1,0.00045041399994261155,97,A01,cross-session,AdaBN
16,16,0,0.0004451209999842831,97,A01,cross-session,AdaBN
17,16,1,0.00044551899998168665,97,A01,cross-session,AdaBN
18,16,0,0.00045388199998797063,97,A01,cross-session,AdaBN
19,16,1,0.00042881499996383354,97,A01,cross-session,AdaBN
20,16,1,0.00043247700000392797,97,A01,cross-session,AdaBN
21,16,1,0.00042880800003786135,97,A01,cross-session,AdaBN
22,16,1,0.0004297720000749905,97,A01,cross-session,AdaBN
23,16,1,0.0004348549999804163,97,A01,cross-session,AdaBN
24,16,0,0.0004244059999791716,97,A01,cross-session,AdaBN
25,16,1,0.00042600199992648413,97,A01,cross-session,AdaBN
26,16,1,0.0004585849999330094,97,A01,cross-session,AdaBN
27,16,1,0.0009614350000219929,97,A01,cross-session,AdaBN
28,16,0,0.0010346459999936997,97,A01,cross-session,AdaBN
29,16,0,0.0004484539999793924,97,A01,cross-session,AdaBN
30,16,0,0.00037444600002345396,97,A01,cross-session,AdaBN
31,16,1,0.0003739439999890237,97,A01,cross-session,AdaBN
32,16,1,0.0003816799999185605,97,A01,cross-session,AdaBN
33,16,1,0.00037082500000451546,97,A01,cross-session,AdaBN
34,16,1,0.00036729400005697244,97,A01,cross-session,AdaBN
35,16,1,0.0003637399998979163,97,A01,cross-session,AdaBN
36,16,1,0.0003787329999340727,97,A01,cross-session,AdaBN
37,16,0,0.00038594099999045284,97,A01,cross-session,AdaBN
38,16,1,0.00038176399993972154,97,A01,cross-session,AdaBN
39,16,0,0.00038091599992640113,97,A01,cross-session,AdaBN
40,16,1,0.00038136800003485405,97,A01,cross-session,AdaBN
41,16,1,0.00038170600009834743,97,A01,cross-session,AdaBN
42,16,1,0.00036977199999910226,97,A01,cross-session,AdaBN
43,16,0,0.00039224700003615,97,A01,cross-session,AdaBN
44,16,1,0.0003844909999770607,97,A01,cross-session,AdaBN
45,16,0,0.00038830500000130996,97,A01,cross-session,AdaBN
46,16,1,0.0003639479999719697,97,A01,cross-session,AdaBN
47,16,0,0.0003893839999591364,97,A01,cross-session,AdaBN
48,16,0,0.00037065699996219337,97,A01,cross-session,AdaBN
49,16,0,0.0003815039999608416,97,A01,cross-session,AdaBN
50,16,1,0.00040953400002763374,97,A01,cross-session,AdaBN
51,16,0,0.00039789400000245223,97,A01,cross-session,AdaBN
52,16,1,0.000402320000034706,97,A01,cross-session,AdaBN
53,16,1,0.00039385599995966913,97,A01,cross-session,AdaBN
54,16,0,0.00039269900003091607,97,A01,cross-session,AdaBN
55,16,0,0.00039151599992237607,97,A01,cross-session,AdaBN
56,16,1,0.0004159899999649497,97,A01,cross-session,AdaBN
57,16,1,0.0004198970000288682,97,A01,cross-session,AdaBN
58,16,1,0.0004073080000353002,97,A01,cross-session,AdaBN
59,16,1,0.000487203000034242,97,A01,cross-session,AdaBN
60,16,0,0.00042406099998970603,97,A01,cross-session,AdaBN
61,16,0,0.0004176869999810151,97,A01,cross-session,AdaBN
62,16,1,0.00039481199996771466,97,A01,cross-session,AdaBN
63,16,1,0.0004101319999563202,97,A01,cross-session,AdaBN
64,16,1,0.00041487400005735253,97,A01,cross-session,AdaBN
65,16,0,0.00038327699996898446,97,A01,cross-session,AdaBN
66,16,0,0.00042184699998415454,97,A01,cross-session,AdaBN
67,16,1,0.00040140300006896723,97,A01,cross-session,AdaBN
68,16,1,0.00042187300005025463,97,A01,cross-session,AdaBN
69,16,0,0.0003968669999494523,97,A01,cross-session,AdaBN
70,16,1,0.0003878269999404438,97,A01,cross-session,AdaBN
71,16,0,0.0004001319999815678,97,A01,cross-session,AdaBN
72,16,1,0.0003790240000398626,97,A01,cross-session,AdaBN
73,16,1,0.00039596600004188076,97,A01,cross-session,AdaBN
74,16,0,0.0004219159999365729,97,A01,cross-session,AdaBN
75,16,1,0.0003890230000251904,97,A01,cross-session,AdaBN
76,16,0,0.0003970330000129252,97,A01,cross-session,AdaBN
77,16,0,0.00039392500002577435,97,A01,cross-session,AdaBN
78,16,1,0.0003853299999718729,97,A01,cross-session,AdaBN
79,16,1,0.00040095899998959794,97,A01,cross-session,AdaBN
80,16,1,0.0003987510000342809,97,A01,cross-session,AdaBN
81,16,0,0.00039379499992264755,97,A01,cross-session,AdaBN
82,16,0,0.0004020019999870783,97,A01,cross-session,AdaBN
83,16,1,0.0003943970000364061,97,A01,cross-session,AdaBN
84,16,1,0.0003996079999524227,97,A01,cross-session,AdaBN
85,16,1,0.00038335599992933567,97,A01,cross-session,AdaBN
86,16,0,0.0004009369999948831,97,A01,cross-session,AdaBN
87,16,1,0.00039691899996796565,97,A01,cross-session,AdaBN
88,16,1,0.00038291600003503845,97,A01,cross-session,AdaBN
89,16,0,0.0003940850000390128,97,A01,cross-session,AdaBN
90,16,1,0.00038155200002165657,97,A01,cross-session,AdaBN
91,16,1,0.00039399399997819273,97,A01,cross-session,AdaBN
92,16,0,0.0004088299999693845,97,A01,cross-session,AdaBN
93,16,1,0.0004003000000238899,97,A01,cross-session,AdaBN
94,16,0,0.00042898499998500483,97,A01,cross-session,AdaBN
95,16,0,0.0003855710000379986,97,A01,cross-session,AdaBN
96,16,1,0.00041980000003150053,97,A01,cross-session,AdaBN
97,16,0,0.00041429199995945964,97,A01,cross-session,AdaBN
98,16,1,0.0003821729999344825,97,A01,cross-session,AdaBN
99,16,1,0.0004018529999711973,97,A01,cross-session,AdaBN
100,16,1,0.0003860599999825354,97,A01,cross-session,AdaBN
101,16,0,0.00038596400008827914,97,A01,cross-session,AdaBN
102,16,0,0.0003929939999807175,97,A01,cross-session,AdaBN
103,16,0,0.0003865830000222559,97,A01,cross-session,AdaBN
104,16,1,0.00038559500001156266,97,A01,cross-session,AdaBN
105,16,1,0.0003860990000248421,97,A01,cross-session,AdaBN
106,16,1,0.00037373100008153415,97,A01,cross-session,AdaBN
107,16,1,0.0003984530000025188,97,A01,cross-session,AdaBN
108,16,0,0.00042086899998139415,97,A01,cross-session,AdaBN
109,16,1,0.00038698099990597257,97,A01,cross-session,AdaBN
110,16,0,0.0004002630000741192,97,A01,cross-session,AdaBN
111,16,1,0.00041278300000158197,97,A01,cross-session,AdaBN
112,16,1,0.00037874099996315636,97,A01,cross-session,AdaBN
113,16,1,0.00039425099998879887,97,A01,cross-session,AdaBN
114,16,0,0.00038378000010652613,97,A01,cross-session,AdaBN
115,16,1,0.00039171100002022285,97,A01,cross-session,AdaBN
116,16,0,0.0003727680000338296,97,A01,cross-session,AdaBN
117,16,0,0.0003838489999452577,97,A01,cross-session,AdaBN
118,16,1,0.0003841940000484101,97,A01,cross-session,AdaBN
119,16,1,0.0003724590000047101,97,A01,cross-session,AdaBN
120,16,1,0.000400282999976298,97,A01,cross-session,AdaBN
121,16,1,0.00037455899996530206,97,A01,cross-session,AdaBN
122,16,0,0.0004141960000652034,97,A01,cross-session,AdaBN
123,16,0,0.0004278219998923305,97,A01,cross-session,AdaBN
124,16,0,0.0003927609999436754,97,A01,cross-session,AdaBN
125,16,1,0.0003991889999497289,97,A01,cross-session,AdaBN
126,16,0,0.00040443800003231445,97,A01,cross-session,AdaBN
127,16,0,0.0004013540000187277,97,A01,cross-session,AdaBN
128,16,1,0.00039873900004749885,97,A01,cross-session,AdaBN
129,16,0,0.0003916329999356094,97,A01,cross-session,AdaBN
130,16,1,0.00042022900004212715,97,A01,cross-session,AdaBN
131,16,1,0.0004081499999983862,97,A01,cross-session,AdaBN
132,16,0,0.0003825190000270595,97,A01,cross-session,AdaBN
133,16,1,0.0004110769999670083,97,A01,cross-session,AdaBN
134,16,0,0.0003977789999680681,97,A01,cross-session,AdaBN
135,16,1,0.0003958119999651899,97,A01,cross-session,AdaBN
136,16,0,0.00042094499997347157,97,A01,cross-session,AdaBN
137,16,0,0.0003747879999309589,97,A01,cross-session,AdaBN
138,16,0,0.00040001000002121145,97,A01,cross-session,AdaBN
139,16,1,0.00039657000002080167,97,A01,cross-session,AdaBN
140,16,1,0.0003792859999975917,97,A01,cross-session,AdaBN
141,16,1,0.0003847019999057011,97,A01,cross-session,AdaBN
142,16,0,0.0004033720000506946,97,A01,cross-session,AdaBN
143,16,1,0.0003823970000667032,97,A01,cross-session,AdaBN
144,16,1,0.00043830300000990974,97,A01,cross-session,AdaBN
145,16,1,0.0003921090000176264,97,A01,cross-session,AdaBN
146,16,0,0.00038982899991424347,97,A01,cross-session,AdaBN
147,16,0,0.0004166679999570988,97,A01,cross-session,AdaBN
148,16,1,0.00037881599996580917,97,A01,cross-session,AdaBN
149,16,1,0.0003988299999946321,97,A01,cross-session,AdaBN
150,16,0,0.0003878259999510192,97,A01,cross-session,AdaBN
151,16,1,0.00041410500000438333,97,A01,cross-session,AdaBN
152,16,1,0.00040809300003274984,97,A01,cross-session,AdaBN
153,16,1,0.00038945899996178923,97,A01,cross-session,AdaBN
154,16,0,0.00039334299992788146,97,A01,cross-session,AdaBN
155,16,1,0.0004228259999763395,97,A01,cross-session,AdaBN
156,16,0,0.0003907139999910214,97,A01,cross-session,AdaBN
157,16,1,0.0004445089999762786,97,A01,cross-session,AdaBN
158,16,0,0.0003883849999510858,97,A01,cross-session,AdaBN
159,16,0,0.0003966730000684038,97,A01,cross-session,AdaBN
160,16,1,0.000404929999945125,97,A01,cross-session,AdaBN
161,16,1,0.00039589599998635094,97,A01,cross-session,AdaBN
162,16,1,0.00040659199999026896,97,A01,cross-session,AdaBN
163,16,1,0.0004145080000625967,97,A01,cross-session,AdaBN
164,16,0,0.00038073999996868224,97,A01,cross-session,AdaBN
165,16,1,0.00039488199990955763,97,A01,cross-session,AdaBN
166,16,0,0.0004098229999272007,97,A01,cross-session,AdaBN
167,16,1,0.0003936629999543584,97,A01,cross-session,AdaBN
168,16,1,0.00041284400003860355,97,A01,cross-session,AdaBN
169,16,1,0.0003870790000064517,97,A01,cross-session,AdaBN
170,16,0,0.0003951029999598177,97,A01,cross-session,AdaBN
171,16,0,0.00036884400003600604,97,A01,cross-session,AdaBN
172,16,1,0.000388956999927359,97,A01,cross-session,AdaBN
173,16,1,0.0004191200000605022,97,A01,cross-session,AdaBN
174,16,0,0.0003933859999278866,97,A01,cross-session,AdaBN
175,16,0,0.00041407699995943403,97,A01,cross-session,AdaBN
176,16,1,0.00039786000002095534,97,A01,cross-session,AdaBN
177,16,1,0.00039176600000701,97,A01,cross-session,AdaBN
178,16,1,0.00039997300007144077,97,A01,cross-session,AdaBN
179,16,0,0.00039741799992043525,97,A01,cross-session,AdaBN
180,16,1,0.00038640599996142555,97,A01,cross-session,AdaBN
181,16,1,0.0003845859999955792,97,A01,cross-session,AdaBN
182,16,0,0.0003912670000545404,97,A01,cross-session,AdaBN
183,16,0,0.00038066100000833103,97,A01,cross-session,AdaBN
184,16,1,0.00038930800008074584,97,A01,cross-session,AdaBN
185,16,0,0.0004164189999755763,97,A01,cross-session,AdaBN
186,16,0,0.00041517099998600315,97,A01,cross-session,AdaBN
187,16,1,0.00041707000002588757,97,A01,cross-session,AdaBN
188,16,1,0.0003803399999924295,97,A01,cross-session,AdaBN
189,16,1,0.00039231400000971917,97,A01,cross-session,AdaBN
190,16,1,0.00036579499999334075,97,A01,cross-session,AdaBN
191,16,1,0.00038573000006181246,97,A01,cross-session,AdaBN
192,16,1,0.0003772779999735576,97,A01,cross-session,AdaBN
193,16,1,0.00038998100001208513,97,A01,cross-session,AdaBN
194,16,0,0.00037799799997628725,97,A01,cross-session,AdaBN
195,16,0,0.000404213000024356,97,A01,cross-session,AdaBN
196,16,1,0.00038739299998269416,97,A01,cross-session,AdaBN
197,16,1,0.0004030400000374357,97,A01,cross-session,AdaBN
198,16,1,0.0003853919999983191,97,A01,cross-session,AdaBN
199,16,1,0.00039362800009712373,97,A01,cross-session,AdaBN
200,16,0,0.0003919389999964551,97,A01,cross-session,AdaBN
201,16,1,0.00037827500000275904,97,A01,cross-session,AdaBN
202,16,1,0.0004083039999613902,97,A01,cross-session,AdaBN
203,16,1,0.000365399999964211,97,A01,cross-session,AdaBN
204,16,1,0.0003829380000297533,97,A01,cross-session,AdaBN
205,16,1,0.00040394799998466624,97,A01,cross-session,AdaBN
206,16,0,0.0003874719999430454,97,A01,cross-session,AdaBN
207,16,1,0.00039219400002821203,97,A01,cross-session,AdaBN
208,16,1,0.0004155359999913344,97,A01,cross-session,AdaBN
209,16,1,0.0003742139999758365,97,A01,cross-session,AdaBN
210,16,0,0.00039609600003132073,97,A01,cross-session,AdaBN
211,16,0,0.00037454300002082164,97,A01,cross-session,AdaBN
212,16,1,0.00039096700004392915,97,A01,cross-session,AdaBN
213,16,1,0.00038347800000337884,97,A01,cross-session,AdaBN
214,16,1,0.00039991199992073234,97,A01,cross-session,AdaBN
215,16,1,0.0003958089999969161,97,A01,cross-session,AdaBN
216,16,0,0.00036907899993821047,97,A01,cross-session,AdaBN
217,16,1,0.000418425999896499,97,A01,cross-session,AdaBN
218,16,0,0.000425941999992574,97,A01,cross-session,AdaBN
219,16,1,0.0003980900000897236,97,A01,cross-session,AdaBN
220,16,1,0.0003952170000047772,97,A01,cross-session,AdaBN
221,16,0,0.0004004169999234364,97,A01,cross-session,AdaBN
222,16,1,0.0003950330000179747,97,A01,cross-session,AdaBN
223,16,1,0.0004070719999162975,97,A01,cross-session,AdaBN
224,16,0,0.0003816020000613207,97,A01,cross-session,AdaBN
225,16,1,0.00038791300005414087,97,A01,cross-session,AdaBN
226,16,0,0.0004097629999932906,97,A01,cross-session,AdaBN
227,16,1,0.00037898599998698046,97,A01,cross-session,AdaBN
228,16,0,0.0004022710000981533,97,A01,cross-session,AdaBN
229,16,1,0.00041066300002512435,97,A01,cross-session,AdaBN
230,16,0,0.0003953890000047977,97,A01,cross-session,AdaBN
231,16,0,0.00040482400004293595,97,A01,cross-session,AdaBN
232,16,0,0.00041692699994655413,97,A01,cross-session,AdaBN
233,16,1,0.0004232250000768545,97,A01,cross-session,AdaBN
234,16,1,0.0004201410000632677,97,A01,cross-session,AdaBN
235,16,1,0.00040904200000113633,97,A01,cross-session,AdaBN
236,16,0,0.0003869390000090789,97,A01,cross-session,AdaBN
237,16,1,0.0004155770000124903,97,A01,cross-session,AdaBN
238,16,1,0.00040978799995627924,97,A01,cross-session,AdaBN
239,16,1,0.00037042300004941353,97,A01,cross-session,AdaBN
240,16,0,0.000441494000028797,97,A01,cross-session,AdaBN
241,16,1,0.00038883199999872886,97,A01,cross-session,AdaBN
242,16,1,0.0004056060000721118,97,A01,cross-session,AdaBN
243,16,1,0.0003846890000431813,97,A01,cross-session,AdaBN
244,16,1,0.000377632999970956,97,A01,cross-session,AdaBN
245,16,0,0.00038624700005129853,97,A01,cross-session,AdaBN
246,16,1,0.00037365099990438466,97,A01,cross-session,AdaBN
247,16,1,0.0003624009999612099,97,A01,cross-session,AdaBN
248,16,1,0.00037923799993677676,97,A01,cross-session,AdaBN
249,16,1,0.0003844899999876361,97,A01,cross-session,AdaBN
250,16,1,0.0003963389999626088,97,A01,cross-session,AdaBN
251,16,0,0.00039666999998644314,97,A01,cross-session,AdaBN
252,16,1,0.0004136420000122598,97,A01,cross-session,AdaBN
253,16,0,0.00038436699992416834,97,A01,cross-session,AdaBN
254,16,1,0.00040580699999281933,97,A01,cross-session,AdaBN
255,16,1,0.0003683400000227266,97,A01,cross-session,AdaBN
256,16,0,0.0004134570000360327,97,A01,cross-session,AdaBN
257,16,1,0.0003974229999812451,97,A01,cross-session,AdaBN
258,16,1,0.0004053689999636845,97,A01,cross-session,AdaBN
259,16,1,0.00038519999998243293,97,A01,cross-session,AdaBN
260,16,1,0.00038728399999854446,97,A01,cross-session,AdaBN
261,16,1,0.00037996599996859004,97,A01,cross-session,AdaBN
262,16,1,0.0004242530000055922,97,A01,cross-session,AdaBN
263,16,1,0.00037687899998672947,97,A01,cross-session,AdaBN
264,16,1,0.00038531300003796787,97,A01,cross-session,AdaBN
265,16,0,0.00038647500002753077,97,A01,cross-session,AdaBN
266,16,1,0.0003740640000842177,97,A01,cross-session,AdaBN
267,16,0,0.0003801880000082747,97,A01,cross-session,AdaBN
268,16,1,0.000409494999985327,97,A01,cross-session,AdaBN
269,16,0,0.00038123599995287805,97,A01,cross-session,AdaBN
270,16,1,0.00039498899991485814,97,A01,cross-session,AdaBN
271,16,1,0.0003761860000395245,97,A01,cross-session,AdaBN
272,16,0,0.00038411100001667364,97,A01,cross-session,AdaBN
273,16,0,0.00038267200000063895,97,A01,cross-session,AdaBN
274,16,0,0.0003890299999511626,97,A01,cross-session,AdaBN
275,16,0,0.00039635799998904986,97,A01,cross-session,AdaBN
276,16,1,0.000402527000005648,97,A01,cross-session,AdaBN
277,16,0,0.0003914760000043316,97,A01,cross-session,AdaBN
278,16,0,0.00039676900007634686,97,A01,cross-session,AdaBN
279,16,1,0.00038151599994762364,97,A01,cross-session,AdaBN
280,16,1,0.00038556899994546256,97,A01,cross-session,AdaBN
281,16,0,0.0003965119999520539,97,A01,cross-session,AdaBN
282,16,0,0.00038166399997408007,97,A01,cross-session,AdaBN
283,16,0,0.00038298300000860763,97,A01,cross-session,AdaBN
284,16,0,0.00039544899993870786,97,A01,cross-session,AdaBN
285,16,1,0.0003805400000373993,97,A01,cross-session,AdaBN
286,16,1,0.00038001199993686896,97,A01,cross-session,AdaBN
287,16,0,0.00038911399997232365,97,A01,cross-session,AdaBN
0,1,0,0.0005744779999758975,97,A02,cross-session,AdaBN
1,2,0,0.00048521700000492274,97,A02,cross-session,AdaBN
2,3,0,0.00045882299991717446,97,A02,cross-session,AdaBN
3,4,0,0.0004803570000149193,97,A02,cross-session,AdaBN
4,5,0,0.0004660849999709171,97,A02,cross-session,AdaBN
5,6,1,0.00042561899999782327,97,A02,cross-session,AdaBN
6,7,0,0.000435505000041303,97,A02,cross-session,AdaBN
7,8,1,0.0005350539998971726,97,A02,cross-session,AdaBN
8,9,1,0.0004884900000661219,97,A02,cross-session,AdaBN
9,10,0,0.00047851399995124666,97,A02,cross-session,AdaBN
10,11,0,0.0005010349999565733,97,A02,cross-session,AdaBN
11,12,0,0.0004537980000804964,97,A02,cross-session,AdaBN
12,13,0,0.0004493300000376621,97,A02,cross-session,AdaBN
13,14,0,0.0004501490000166086,97,A02,cross-session,AdaBN
14,15,0,0.00045652899996184715,97,A02,cross-session,AdaBN
15,16,0,0.0004574669999328762,97,A02,cross-session,AdaBN
16,16,0,0.00042627700008779357,97,A02,cross-session,AdaBN
17,16,0,0.00045047399999020854,97,A02,cross-session,AdaBN
18,16,1,0.0004390520000470133,97,A02,cross-session,AdaBN
19,16,0,0.00042908600005375774,97,A02,cross-session,AdaBN
20,16,0,0.0004412120000552022,97,A02,cross-session,AdaBN
21,16,0,0.00045167100006437977,97,A02,cross-session,AdaBN
22,16,0,0.00043908600002851017,97,A02,cross-session,AdaBN
23,16,0,0.0004399300000841322,97,A02,cross-session,AdaBN
24,16,1,0.0004278360000853354,97,A02,cross-session,AdaBN
25,16,0,0.0004296320000776177,97,A02,cross-session,AdaBN
26,16,0,0.00042606200008776796,97,A02,cross-session,AdaBN
27,16,1,0.00043912599994655466,97,A02,cross-session,AdaBN
28,16,0,0.0004467329999897629,97,A02,cross-session,AdaBN
29,16,1,0.0006902110000055472,97,A02,cross-session,AdaBN
30,16,0,0.000402724000082344,97,A02,cross-session,AdaBN
31,16,1,0.00038626299999577896,97,A02,cross-session,AdaBN
32,16,0,0.0003891989999829093,97,A02,cross-session,AdaBN
33,16,1,0.000390573000004224,97,A02,cross-session,AdaBN
34,16,1,0.0004266249999318461,97,A02,cross-session,AdaBN
35,16,0,0.000387063999937709,97,A02,cross-session,AdaBN
36,16,1,0.00037567699996543524,97,A02,cross-session,AdaBN
37,16,0,0.0003625630000669844,97,A02,cross-session,AdaBN
38,16,0,0.0003947550000020783,97,A02,cross-session,AdaBN
39,16,0,0.00036382600001161336,97,A02,cross-session,AdaBN
40,16,0,0.0003675269999803277,97,A02,cross-session,AdaBN
41,16,0,0.00035755999999764754,97,A02,cross-session,AdaBN
42,16,1,0.00037984199991569767,97,A02,cross-session,AdaBN
43,16,0,0.0003842380000378398,97,A02,cross-session,AdaBN
44,16,0,0.00037119600006008113,97,A02,cross-session,AdaBN
45,16,0,0.00039203799997267197,97,A02,cross-session,AdaBN
46,16,0,0.0003795359999685388,97,A02,cross-session,AdaBN
47,16,0,0.000384677999932137,97,A02,cross-session,AdaBN
48,16,0,0.00037447300007897866,97,A02,cross-session,AdaBN
49,16,1,0.0003777319999471729,97,A02,cross-session,AdaBN
50,16,0,0.000391633999925034,97,A02,cross-session,AdaBN
51,16,0,0.000388393999969594,97,A02,cross-session,AdaBN
52,16,1,0.00039761999994425423,97,A02,cross-session,AdaBN
53,16,0,0.0003899739999724261,97,A02,cross-session,AdaBN
54,16,0,0.00038101699999515404,97,A02,cross-session,AdaBN
55,16,0,0.00041368699999111413,97,A02,cross-session,AdaBN
56,16,1,0.00040178099993681826,97,A02,cross-session,AdaBN
57,16,0,0.0004122620000543975,97,A02,cross-session,AdaBN
58,16,0,0.0004054519999954209,97,A02,cross-session,AdaBN
59,16,0,0.00041295699998045166,97,A02,cross-session,AdaBN
60,16,1,0.00037121000002571236,97,A02,cross-session,AdaBN
61,16,1,0.0003968969999732508,97,A02,cross-session,AdaBN
62,16,0,0.0004312290000143548,97,A02,cross-session,AdaBN
63,16,0,0.00039022800001475844,97,A02,cross-session,AdaBN
64,16,0,0.00042202700001325866,97,A02,cross-session,AdaBN
65,16,1,0.0003850450000300043,97,A02,cross-session,AdaBN
66,16,0,0.00040261599997393205,97,A02,cross-session,AdaBN
67,16,1,0.0004059769999003038,97,A02,cross-session,AdaBN
68,16,0,0.0003835789999584449,97,A02,cross-session,AdaBN
69,16,1,0.0003944410000258358,97,A02,cross-session,AdaBN
70,16,1,0.00038723800003026554,97,A02,cross-session,AdaBN
71,16,0,0.00039005899998301174,97,A02,cross-session,AdaBN
72,16,0,0.00042534099998192687,97,A02,cross-session,AdaBN
73,16,0,0.0004131399999778296,97,A02,cross-session,AdaBN
74,16,0,0.00041927400002350623,97,A02,cross-session,AdaBN
75,16,0,0.00038513399999828835,97,A02,cross-session,AdaBN
76,16,1,0.00039296900001772883,97,A02,cross-session,AdaBN
77,16,0,0.0004130720000148358,97,A02,cross-session,AdaBN
78,16,0,0.0003742410000313612,97,A02,cross-session,AdaBN
79,16,0,0.00041937500009225914,97,A02,cross-session,AdaBN
80,16,0,0.0004233129999420271,97,A02,cross-session,AdaBN
81,16,0,0.00038956799994593894,97,A02,cross-session,AdaBN
82,16,1,0.0004194059999917954,97,A02,cross-session,AdaBN
83,16,0,0.00037439099992297997,97,A02,cross-session,AdaBN
84,16,0,0.00040202599996064237,97,A02,cross-session,AdaBN
85,16,0,0.0004162509999332542,97,A02,cross-session,AdaBN
86,16,0,0.00037911100002929743,97,A02,cross-session,AdaBN
87,16,1,0.00048742300009507744,97,A02,cross-session,AdaBN
88,16,0,0.00041611200003899285,97,A02,cross-session,AdaBN
89,16,0,0.00038095499996870785,97,A02,cross-session,AdaBN
90,16,0,0.0004121359999089691,97,A02,cross-session,AdaBN
91,16,1,0.0004043540000111534,97,A02,cross-session,AdaBN
92,16,0,0.0003916309999567602,97,A02,cross-session,AdaBN
93,16,1,0.000448171000016373,97,A02,cross-session,AdaBN
94,16,1,0.0003763959999787403,97,A02,cross-session,AdaBN
95,16,0,0.00040968600001178856,97,A02,cross-session,AdaBN
96,16,0,0.0003787209999472907,97,A02,cross-session,AdaBN
97,16,0,0.00041200200007551757,97,A02,cross-session,AdaBN
98,16,1,0.0003809610000189423,97,A02,cross-session,AdaBN
99,16,0,0.00038397699995584844,97,A02,cross-session,AdaBN
100,16,1,0.0003753640000923042,97,A02,cross-session,AdaBN
101,16,0,0.00038850999999340274,97,A02,cross-session,AdaBN
102,16,0,0.0004008309999790072,97,A02,cross-session,AdaBN
103,16,0,0.0004034980000824362,97,A02,cross-session,AdaBN
104,16,0,0.00037195899994912907,97,A02,cross-session,AdaBN
105,16,0,0.0003747109999494569,97,A02,cross-session,AdaBN
106,16,0,0.0004165980000152558,97,A02,cross-session,AdaBN
107,16,0,0.0003998509999973976,97,A02,cross-session,AdaBN
108,16,0,0.0004280230000404117,97,A02,cross-session,AdaBN
109,16,0,0.00042095900005278963,97,A02,cross-session,AdaBN
110,16,0,0.0003793559999394347,97,A02,cross-session,AdaBN
111,16,0,0.0004258320000189997,97,A02,cross-session,AdaBN
112,16,1,0.0003830209999478029,97,A02,cross-session,AdaBN
113,16,1,0.00038724899991393613,97,A02,cross-session,AdaBN
114,16,0,0.0004165200000443292,97,A02,cross-session,AdaBN
115,16,0,0.0003858960000115985,97,A02,cross-session,AdaBN
116,16,0,0.0003915659999620402,97,A02,cross-session,AdaBN
117,16,0,0.0003894740000305319,97,A02,cross-session,AdaBN
118,16,0,0.0003952440000603019,97,A02,cross-session,AdaBN
119,16,0,0.0004111559999273595,97,A02,cross-session,AdaBN
120,16,0,0.00039909200006604806,97,A02,cross-session,AdaBN
121,16,0,0.00039389699998082506,97,A02,cross-session,AdaBN
122,16,0,0.00040018300001065654,97,A02,cross-session,AdaBN
123,16,0,0.0003954490000523947,97,A02,cross-session,AdaBN
124,16,0,0.00038988300002529286,97,A02,cross-session,AdaBN
125,16,0,0.00040402100000846985,97,A02,cross-session,AdaBN
126,16,0,0.00038064299997131457,97,A02,cross-session,AdaBN
127,16,0,0.00038986099991689116,97,A02,cross-session,AdaBN
128,16,0,0.00037199099995177676,97,A02,cross-session,AdaBN
129,16,0,0.00040784700001950114,97,A02,cross-session,AdaBN
130,16,0,0.0003867620000619354,97,A02,cross-session,AdaBN
131,16,0,0.0003871610000487635,97,A02,cross-session,AdaBN
132,16,0,0.00040751099993485695,97,A02,cross-session,AdaBN
133,16,1,0.00038711199999852397,97,A02,cross-session,AdaBN
134,16,0,0.00040380899997671804,97,A02,cross-session,AdaBN
135,16,0,0.0004178920000867947,97,A02,cross-session,AdaBN
136,16,0,0.0003897399999459594,97,A02,cross-session,AdaBN
137,16,0,0.00041801700001542486,97,A02,cross-session,AdaBN
138,16,0,0.00038505600002736173,97,A02,cross-session,AdaBN
139,16,0,0.00038907800001197757,97,A02,cross-session,AdaBN
140,16,1,0.00039543499997307663,97,A02,cross-session,AdaBN
141,16,1,0.0003990440000052331,97,A02,cross-session,AdaBN
142,16,1,0.0004003949999287215,97,A02,cross-session,AdaBN
143,16,0,0.0004109660000040094,97,A02,cross-session,AdaBN
144,16,0,0.0003754300000764488,97,A02,cross-session,AdaBN
145,16,0,0.000421242000015809,97,A02,cross-session,AdaBN
146,16,0,0.0003926399999727437,97,A02,cross-session,AdaBN
147,16,0,0.0003873329999350972,97,A02,cross-session,AdaBN
148,16,0,0.00042720199996892916,97,A02,cross-session,AdaBN
149,16,0,0.0003960050000841875,97,A02,cross-session,AdaBN
150,16,0,0.00041819099999429454,97,A02,cross-session,AdaBN
151,16,1,0.00038386500000342494,97,A02,cross-session,AdaBN
152,16,0,0.00038159199993970105,97,A02,cross-session,AdaBN
153,16,0,0.00037275600004704756,97,A02,cross-session,AdaBN
154,16,0,0.000382542000011199,97,A02,cross-session,AdaBN
155,16,1,0.0003858070000433145,97,A02,cross-session,AdaBN
156,16,0,0.0003824110000323344,97,A02,cross-session,AdaBN
157,16,1,0.00039962100004231615,97,A02,cross-session,AdaBN
158,16,0,0.0003847560000167505,97,A02,cross-session,AdaBN
159,16,0,0.00038517899997714267,97,A02,cross-session,AdaBN
160,16,1,0.0003968620000023293,97,A02,cross-session,AdaBN
161,16,0,0.000417862999938734,97,A02,cross-session,AdaBN
162,16,0,0.00038203899998734414,97,A02,cross-session,AdaBN
163,16,1,0.00040501899991340906,97,A02,cross-session,AdaBN
164,16,0,0.0003865250000671949,97,A02,cross-session,AdaBN
165,16,0,0.0003945089999888296,97,A02,cross-session,AdaBN
166,16,1,0.0004091719999905763,97,A02,cross-session,AdaBN
167,16,1,0.00038127300001633557,97,A02,cross-session,AdaBN
168,16,0,0.00041407899993828323,97,A02,cross-session,AdaBN
169,16,1,0.00041739399989637604,97,A02,cross-session,AdaBN
170,16,0,0.00037835699993138405,97,A02,cross-session,AdaBN
171,16,1,0.00042814400001134345,97,A02,cross-session,AdaBN
172,16,1,0.0003774580000026617,97,A02,cross-session,AdaBN
173,16,0,0.00040472399996360764,97,A02,cross-session,AdaBN
174,16,0,0.000428537000061624,97,A02,cross-session,AdaBN
175,16,0,0.0003844120000167095,97,A02,cross-session,AdaBN
176,16,0,0.00042413699998178345,97,A02,cross-session,AdaBN
177,16,0,0.0004024520000029952,97,A02,cross-session,AdaBN
178,16,0,0.00038249700003234466,97,A02,cross-session,AdaBN
179,16,1,0.00040855600002487336,97,A02,cross-session,AdaBN
180,16,0,0.00037869000004775444,97,A02,cross-session,AdaBN
181,16,0,0.0003950650000206224,97,A02,cross-session,AdaBN
182,16,1,0.00039321799999925133,97,A02,cross-session,AdaBN
183,16,0,0.0003752740000209087,97,A02,cross-session,AdaBN
184,16,1,0.00039986800004498946,97,A02,cross-session,AdaBN
185,16,1,0.000379258999942067,97,A02,cross-session,AdaBN
186,16,0,0.0003858299999137671,97,A02,cross-session,AdaBN
187,16,0,0.0004084580000380811,97,A02,cross-session,AdaBN
188,16,0,0.0003827890000138723,97,A02,cross-session,AdaBN
189,16,1,0.00041719600005762913,97,A02,cross-session,AdaBN
190,16,0,0.0004011629999922661,97,A02,cross-session,AdaBN
191,16,0,0.0004125899999962712,97,A02,cross-session,AdaBN
192,16,0,0.0003872260000434835,97,A02,cross-session,AdaBN
193,16,1,0.0004189190000261078,97,A02,cross-session,AdaBN
194,16,0,0.00039072899994607724,97,A02,cross-session,AdaBN
195,16,0,0.00040133700008482265,97,A02,cross-session,AdaBN
196,16,0,0.0003667649999670175,97,A02,cross-session,AdaBN
197,16,0,0.0004203299999971932,97,A02,cross-session,AdaBN
198,16,0,0.0003729529998963699,97,A02,cross-session,AdaBN
199,16,1,0.00039794099996015575,97,A02,cross-session,AdaBN
200,16,0,0.0003803449999395525,97,A02,cross-session,AdaBN
201,16,1,0.0003730290000021341,97,A02,cross-session,AdaBN
202,16,1,0.00039994799999476527,97,A02,cross-session,AdaBN
203,16,1,0.00039376299991999986,97,A02,cross-session,AdaBN
204,16,0,0.0004262349999635262,97,A02,cross-session,AdaBN
205,16,1,0.00040919699995356495,97,A02,cross-session,AdaBN
206,16,0,0.00037859100007153756,97,A02,cross-session,AdaBN
207,16,0,0.000462652999999591,97,A02,cross-session,AdaBN
208,16,1,0.00040526299994780857,97,A02,cross-session,AdaBN
209,16,0,0.000402510000071743,97,A02,cross-session,AdaBN
210,16,1,0.0003856729999824893,97,A02,cross-session,AdaBN
211,16,0,0.0003754900000103589,97,A02,cross-session,AdaBN
212,16,1,0.0003765679999787608,97,A02,cross-session,AdaBN
213,16,0,0.0004058789999135115,97,A02,cross-session,AdaBN
214,16,0,0.00039489099992806587,97,A02,cross-session,AdaBN
215,16,0,0.00041575700004159444,97,A02,cross-session,AdaBN
216,16,0,0.00038389500002722343,97,A02,cross-session,AdaBN
217,16,0,0.00038315700010116416,97,A02,cross-session,AdaBN
218,16,1,0.00040556900000865426,97,A02,cross-session,AdaBN
219,16,1,0.0003780819999974483,97,A02,cross-session,AdaBN
220,16,0,0.0003978839999945194,97,A02,cross-session,AdaBN
221,16,1,0.00036911099994085816,97,A02,cross-session,AdaBN
222,16,0,0.00039312100000188366,97,A02,cross-session,AdaBN
223,16,0,0.00040412900000319496,97,A02,cross-session,AdaBN
224,16,1,0.0003721670000231825,97,A02,cross-session,AdaBN
225,16,0,0.00042209299999740324,97,A02,cross-session,AdaBN
226,16,0,0.00039582600004450796,97,A02,cross-session,AdaBN
227,16,0,0.0003881760000012946,97,A02,cross-session,AdaBN
228,16,0,0.00042381200000818353,97,A02,cross-session,AdaBN
229,16,1,0.00036977299998852686,97,A02,cross-session,AdaBN
230,16,0,0.0003920189999462309,97,A02,cross-session,AdaBN
231,16,1,0.000381911999966178,97,A02,cross-session,AdaBN
232,16,0,0.0004030840000268654,97,A02,cross-session,AdaBN
233,16,0,0.0003852039999401313,97,A02,cross-session,AdaBN
234,16,1,0.00040497199995570554,97,A02,cross-session,AdaBN
235,16,1,0.0003622339999083124,97,A02,cross-session,AdaBN
236,16,0,0.00042263099999217957,97,A02,cross-session,AdaBN
237,16,0,0.00040960700005143735,97,A02,cross-session,AdaBN
238,16,1,0.0003906839999672229,97,A02,cross-session,AdaBN
239,16,0,0.0003882559999510704,97,A02,cross-session,AdaBN
240,16,0,0.0003767440000501665,97,A02,cross-session,AdaBN
241,16,0,0.0003820890000270083,97,A02,cross-session,AdaBN
242,16,0,0.0004364610000493485,97,A02,cross-session,AdaBN
243,16,0,0.0003905280000253697,97,A02,cross-session,AdaBN
244,16,0,0.00041942699999708566,97,A02,cross-session,AdaBN
245,16,0,0.0003869549999535593,97,A02,cross-session,AdaBN
246,16,0,0.00040402000001904526,97,A02,cross-session,AdaBN
247,16,0,0.00039030400000683585,97,A02,cross-session,AdaBN
248,16,0,0.0003738089999387739,97,A02,cross-session,AdaBN
249,16,1,0.00038696999990861514,97,A02,cross-session,AdaBN
250,16,0,0.00044382500004758185,97,A02,cross-session,AdaBN
251,16,1,0.0003730930000074295,97,A02,cross-session,AdaBN
252,16,0,0.0004154850000759325,97,A02,cross-session,AdaBN
253,16,1,0.00038925100000142265,97,A02,cross-session,AdaBN
254,16,0,0.00038759500000651315,97,A02,cross-session,AdaBN
255,16,1,0.0003860739999481666,97,A02,cross-session,AdaBN
256,16,0,0.00037524800006849546,97,A02,cross-session,AdaBN
257,16,1,0.0003751360000023851,97,A02,cross-session,AdaBN
258,16,0,0.00041661699992801005,97,A02,cross-session,AdaBN
259,16,0,0.0003824400000667083,97,A02,cross-session,AdaBN
260,16,1,0.000390928999991047,97,A02,cross-session,AdaBN
261,16,0,0.00041611899996496504,97,A02,cross-session,AdaBN
262,16,0,0.0003686170000491984,97,A02,cross-session,AdaBN
263,16,0,0.00038439200000084384,97,A02,cross-session,AdaBN
264,16,0,0.00038271599999006867,97,A02,cross-session,AdaBN
265,16,0,0.0004000980000000709,97,A02,cross-session,AdaBN
266,16,1,0.0003915610000149172,97,A02,cross-session,AdaBN
267,16,0,0.00037395799995465495,97,A02,cross-session,AdaBN
268,16,0,0.00037454999994679383,97,A02,cross-session,AdaBN
269,16,0,0.0003906839999672229,97,A02,cross-session,AdaBN
270,16,0,0.00039087100003598607,97,A02,cross-session,AdaBN
271,16,0,0.0003899320000755324,97,A02,cross-session,AdaBN
272,16,0,0.00039118100005453016,97,A02,cross-session,AdaBN
273,16,0,0.0003785039999684159,97,A02,cross-session,AdaBN
274,16,0,0.00039217799997004477,97,A02,cross-session,AdaBN
275,16,0,0.0003831530000297789,97,A02,cross-session,AdaBN
276,16,0,0.00038453000001936744,97,A02,cross-session,AdaBN
277,16,0,0.0003886700000066412,97,A02,cross-session,AdaBN
278,16,0,0.0003830740000694277,97,A02,cross-session,AdaBN
279,16,0,0.00041647000000466505,97,A02,cross-session,AdaBN
280,16,0,0.00039716399999178975,97,A02,cross-session,AdaBN
281,16,1,0.00038189500003227295,97,A02,cross-session,AdaBN
282,16,1,0.0003870150000011563,97,A02,cross-session,AdaBN
283,16,1,0.00040109600001869694,97,A02,cross-session,AdaBN
284,16,0,0.0003867379999746845,97,A02,cross-session,AdaBN
285,16,0,0.00039438199996766343,97,A02,cross-session,AdaBN
286,16,0,0.000380370000016228,97,A02,cross-session,AdaBN
287,16,1,0.0004246800000373696,97,A02,cross-session,AdaBN
0,1,0,0.0005974839999680626,97,A03,cross-session,AdaBN
1,2,1,0.0004780269999855591,97,A03,cross-session,AdaBN
2,3,0,0.00047397200000887096,97,A03,cross-session,AdaBN
3,4,1,0.0004821439999886934,97,A03,cross-session,AdaBN
4,5,0,0.00047910499995396094,97,A03,cross-session,AdaBN
5,6,1,0.00043649099995946017,97,A03,cross-session,AdaBN
6,7,1,0.0005606690000377057,97,A03,cross-session,AdaBN
7,8,0,0.0004636360000631612,97,A03,cross-session,AdaBN
8,9,1,0.0004984820000117907,97,A03,cross-session,AdaBN
9,10,0,0.0004959770000141361,97,A03,cross-session,AdaBN
10,11,1,0.00045634299999619543,97,A03,cross-session,AdaBN
11,12,0,0.0004684909999923548,97,A03,cross-session,AdaBN
12,13,1,0.000451045000090744,97,A03,cross-session,AdaBN
13,14,0,0.00045905900003617717,97,A03,cross-session,AdaBN
14,15,1,0.0004624900000180787,97,A03,cross-session,AdaBN
15,16,1,0.0004387559999941004,97,A03,cross-session,AdaBN
16,16,1,0.00045132499997180275,97,A03,cross-session,AdaBN
17,16,1,0.0004364180000493434,97,A03,cross-session,AdaBN
18,16,0,0.0004462809999949968,97,A03,cross-session,AdaBN
19,16,1,0.00046194899994134175,97,A03,cross-session,AdaBN
20,16,0,0.00042385999995531165,97,A03,cross-session,AdaBN
21,16,1,0.000437470000065332,97,A03,cross-session,AdaBN
22,16,1,0.0004354029999831255,97,A03,cross-session,AdaBN
23,16,1,0.00041903200008164276,97,A03,cross-session,AdaBN
24,16,0,0.0004242549999844414,97,A03,cross-session,AdaBN
25,16,1,0.00041752699996777665,97,A03,cross-session,AdaBN
26,16,1,0.00043018700000629906,97,A03,cross-session,AdaBN
27,16,0,0.0004299140000512125,97,A03,cross-session,AdaBN
28,16,0,0.00043157900006463024,97,A03,cross-session,AdaBN
29,16,0,0.0006722879999188081,97,A03,cross-session,AdaBN
30,16,1,0.0004298420000168335,97,A03,cross-session,AdaBN
31,16,1,0.00038904999996702827,97,A03,cross-session,AdaBN
32,16,1,0.00040560200000072655,97,A03,cross-session,AdaBN
33,16,1,0.00035745700006373227,97,A03,cross-session,AdaBN
34,16,1,0.00040972099998271005,97,A03,cross-session,AdaBN
35,16,1,0.00036132100001395884,97,A03,cross-session,AdaBN
36,16,1,0.0003752750000103333,97,A03,cross-session,AdaBN
37,16,1,0.000380083999971248,97,A03,cross-session,AdaBN
38,16,1,0.0003608519999716009,97,A03,cross-session,AdaBN
39,16,0,0.00040974800003823475,97,A03,cross-session,AdaBN
40,16,0,0.0003682499999513311,97,A03,cross-session,AdaBN
41,16,1,0.00037307299999156385,97,A03,cross-session,AdaBN
42,16,0,0.000384644000064327,97,A03,cross-session,AdaBN
43,16,1,0.00037092299999130773,97,A03,cross-session,AdaBN
44,16,1,0.0003761140000051455,97,A03,cross-session,AdaBN
45,16,1,0.0003716710000389867,97,A03,cross-session,AdaBN
46,16,1,0.00038521699991633795,97,A03,cross-session,AdaBN
47,16,1,0.0003776219999735986,97,A03,cross-session,AdaBN
48,16,0,0.00038833700000395766,97,A03,cross-session,AdaBN
49,16,0,0.000385368000024755,97,A03,cross-session,AdaBN
50,16,1,0.0003808249999792679,97,A03,cross-session,AdaBN
51,16,1,0.00039203699998324737,97,A03,cross-session,AdaBN
52,16,1,0.0003917900000942609,97,A03,cross-session,AdaBN
53,16,1,0.00040405200002169295,97,A03,cross-session,AdaBN
54,16,0,0.00040659000001141976,97,A03,cross-session,AdaBN
55,16,1,0.000378979999936746,97,A03,cross-session,AdaBN
56,16,1,0.00039160699998319615,97,A03,cross-session,AdaBN
57,16,0,0.0003823800000191113,97,A03,cross-session,AdaBN
58,16,1,0.00039108299995405105,97,A03,cross-session,AdaBN
59,16,1,0.0003871999999773834,97,A03,cross-session,AdaBN
60,16,0,0.00038843599998017453,97,A03,cross-session,AdaBN
61,16,1,0.0003926040000123976,97,A03,cross-session,AdaBN
62,16,1,0.0003811179999502201,97,A03,cross-session,AdaBN
63,16,1,0.0003870549999192008,97,A03,cross-session,AdaBN
64,16,1,0.0003804099999342725,97,A03,cross-session,AdaBN
65,16,1,0.0003914879999911136,97,A03,cross-session,AdaBN
66,16,1,0.00039930899993123603,97,A03,cross-session,AdaBN
67,16,1,0.0003986909999866839,97,A03,cross-session,AdaBN
68,16,1,0.00040697999997973966,97,A03,cross-session,AdaBN
69,16,0,0.0003795569999738291,97,A03,cross-session,AdaBN
70,16,1,0.0004148350000150458,97,A03,cross-session,AdaBN
71,16,0,0.00038721199996416544,97,A03,cross-session,AdaBN
72,16,1,0.0004145190000599541,97,A03,cross-session,AdaBN
73,16,1,0.00041966800006321137,97,A03,cross-session,AdaBN
74,16,1,0.0004042770000296514,97,A03,cross-session,AdaBN
75,16,1,0.0004337609999538472,97,A03,cross-session,AdaBN
76,16,1,0.0003782539999974688,97,A03,cross-session,AdaBN
77,16,1,0.00041755699999157514,97,A03,cross-session,AdaBN
78,16,1,0.00041022800007795013,97,A03,cross-session,AdaBN
79,16,1,0.0003893409999591313,97,A03,cross-session,AdaBN
80,16,1,0.00044238000009499956,97,A03,cross-session,AdaBN
81,16,0,0.00038134099997932935,97,A03,cross-session,AdaBN
82,16,0,0.00039799400008178054,97,A03,cross-session,AdaBN
83,16,1,0.0003972169999997277,97,A03,cross-session,AdaBN
84,16,1,0.0003874610000593748,97,A03,cross-session,AdaBN
85,16,0,0.0004582000000254993,97,A03,cross-session,AdaBN
86,16,1,0.00038953000000674365,97,A03,cross-session,AdaBN
87,16,1,0.0004106540000066161,97,A03,cross-session,AdaBN
88,16,1,0.0004079349999983606,97,A03,cross-session,AdaBN
89,16,0,0.000432505999924615,97,A03,cross-session,AdaBN
90,16,1,0.0004277020000245102,97,A03,cross-session,AdaBN
91,16,0,0.0003833929999927932,97,A03,cross-session,AdaBN
92,16,1,0.00038892600002782274,97,A03,cross-session,AdaBN
93,16,0,0.00042202899999210786,97,A03,cross-session,AdaBN
94,16,0,0.0004139840000334516,97,A03,cross-session,AdaBN
95,16,1,0.0003982719999839901,97,A03,cross-session,AdaBN
96,16,1,0.00040060000003450114,97,A03,cross-session,AdaBN
97,16,1,0.00038366100000075676,97,A03,cross-session,AdaBN
98,16,0,0.0004191579999996975,97,A03,cross-session,AdaBN
99,16,1,0.0003801769998972304,97,A03,cross-session,AdaBN
100,16,1,0.0004099750000250424,97,A03,cross-session,AdaBN
101,16,1,0.00042424799994478235,97,A03,cross-session,AdaBN
102,16,1,0.00038607999999840104,97,A03,cross-session,AdaBN
103,16,0,0.0004382949999808261,97,A03,cross-session,AdaBN
104,16,1,0.00039790100004211126,97,A03,cross-session,AdaBN
105,16,1,0.0003928649999807021,97,A03,cross-session,AdaBN
106,16,0,0.0003959839999652104,97,A03,cross-session,AdaBN
107,16,0,0.0004095279999773993,97,A03,cross-session,AdaBN
108,16,0,0.00039110700004130194,97,A03,cross-session,AdaBN
109,16,1,0.00039519200004178856,97,A03,cross-session,AdaBN
110,16,0,0.00038277700002709025,97,A03,cross-session,AdaBN
111,16,1,0.00041898800009221304,97,A03,cross-session,AdaBN
112,16,0,0.00042728700009320164,97,A03,cross-session,AdaBN
113,16,1,0.00042542800008504855,97,A03,cross-session,AdaBN
114,16,1,0.00041912299991508917,97,A03,cross-session,AdaBN
115,16,1,0.0003975419999733276,97,A03,cross-session,AdaBN
116,16,1,0.0004069100000378967,97,A03,cross-session,AdaBN
117,16,1,0.0003706219999912719,97,A03,cross-session,AdaBN
118,16,1,0.00037409100002605555,97,A03,cross-session,AdaBN
119,16,0,0.0004006409999419702,97,A03,cross-session,AdaBN
120,16,1,0.00041475500006527,97,A03,cross-session,AdaBN
121,16,1,0.0004043180000508073,97,A03,cross-session,AdaBN
122,16,0,0.0004205490000686041,97,A03,cross-session,AdaBN
123,16,1,0.00037697499999467254,97,A03,cross-session,AdaBN
124,16,1,0.00038773599999331054,97,A03,cross-session,AdaBN
125,16,1,0.0003756649999786532,97,A03,cross-session,AdaBN
126,16,1,0.0003851299999269031,97,A03,cross-session,AdaBN
127,16,1,0.00041484799999125244,97,A03,cross-session,AdaBN
128,16,0,0.0003948589999254182,97,A03,cross-session,AdaBN
129,16,0,0.0004363240000202495,97,A03,cross-session,AdaBN
130,16,1,0.0004044379999186276,97,A03,cross-session,AdaBN
131,16,1,0.00038229999995564867,97,A03,cross-session,AdaBN
132,16,1,0.00042989400003534683,97,A03,cross-session,AdaBN
133,16,1,0.0004096039999694767,97,A03,cross-session,AdaBN
134,16,1,0.00040872800002489384,97,A03,cross-session,AdaBN
135,16,1,0.00042075500005012145,97,A03,cross-session,AdaBN
136,16,1,0.00038154499998199753,97,A03,cross-session,AdaBN
137,16,0,0.00040416100000584265,97,A03,cross-session,AdaBN
138,16,1,0.0004167609999967681,97,A03,cross-session,AdaBN
139,16,1,0.0003864599999587881,97,A03,cross-session,AdaBN
140,16,1,0.00041526000006797403,97,A03,cross-session,AdaBN
141,16,0,0.00039505999995981256,97,A03,cross-session,AdaBN
142,16,1,0.00037584500000775733,97,A03,cross-session,AdaBN
143,16,1,0.0004067830000167305,97,A03,cross-session,AdaBN
144,16,0,0.0003935189999992872,97,A03,cross-session,AdaBN
145,16,0,0.0004377300000442119,97,A03,cross-session,AdaBN
146,16,1,0.00038829000004625414,97,A03,cross-session,AdaBN
147,16,0,0.00037712699997882737,97,A03,cross-session,AdaBN
148,16,0,0.0004029169999739679,97,A03,cross-session,AdaBN
149,16,1,0.0003896919999988313,97,A03,cross-session,AdaBN
150,16,1,0.0004345219999777328,97,A03,cross-session,AdaBN
151,16,1,0.00038906899999346933,97,A03,cross-session,AdaBN
152,16,0,0.0003714869999384973,97,A03,cross-session,AdaBN
153,16,1,0.00039304200004153245,97,A03,cross-session,AdaBN
154,16,1,0.0004219100000000253,97,A03,cross-session,AdaBN
155,16,1,0.00039097299998047674,97,A03,cross-session,AdaBN
156,16,1,0.00042095600008451584,97,A03,cross-session,AdaBN
157,16,1,0.00040881499990064185,97,A03,cross-session,AdaBN
158,16,0,0.000405827000008685,97,A03,cross-session,AdaBN
159,16,1,0.00039901800005281984,97,A03,cross-session,AdaBN
160,16,1,0.00038755800005674246,97,A03,cross-session,AdaBN
161,16,1,0.00041847199997846474,97,A03,cross-session,AdaBN
162,16,1,0.00042742100004034,97,A03,cross-session,AdaBN
163,16,1,0.00037567300000773685,97,A03,cross-session,AdaBN
164,16,0,0.00038463900000351714,97,A03,cross-session,AdaBN
165,16,1,0.00039149600002019724,97,A03,cross-session,AdaBN
166,16,1,0.0004072740000538033,97,A03,cross-session,AdaBN
167,16,1,0.0003940880000072866,97,A03,cross-session,AdaBN
168,16,1,0.00041657300005226716,97,A03,cross-session,AdaBN
169,16,1,0.00039371299999402254,97,A03,cross-session,AdaBN
170,16,1,0.00042999800007237354,97,A03,cross-session,AdaBN
171,16,0,0.0003934220000019195,97,A03,cross-session,AdaBN
172,16,1,0.00039516099991487863,97,A03,cross-session,AdaBN
173,16,1,0.00040520800007470825,97,A03,cross-session,AdaBN
174,16,1,0.0003821999999900072,97,A03,cross-session,AdaBN
175,16,1,0.00040228400007435994,97,A03,cross-session,AdaBN
176,16,1,0.000428614000043126,97,A03,cross-session,AdaBN
177,16,1,0.0003981979999707619,97,A03,cross-session,AdaBN
178,16,1,0.00039345199991203117,97,A03,cross-session,AdaBN
179,16,0,0.0003974960000050487,97,A03,cross-session,AdaBN
180,16,0,0.0004083999999693333,97,A03,cross-session,AdaBN
181,16,0,0.0003870460000143794,97,A03,cross-session,AdaBN
182,16,0,0.0003896939999776805,97,A03,cross-session,AdaBN
183,16,1,0.00037124699997548305,97,A03,cross-session,AdaBN
184,16,1,0.0003818499999397318,97,A03,cross-session,AdaBN
185,16,1,0.00038454100001672487,97,A03,cross-session,AdaBN
186,16,0,0.0004280570000219086,97,A03,cross-session,AdaBN
187,16,1,0.00042040400001042144,97,A03,cross-session,AdaBN
188,16,0,0.0004054040000482928,97,A03,cross-session,AdaBN
189,16,1,0.00039976100003968895,97,A03,cross-session,AdaBN
190,16,1,0.0003885329999775422,97,A03,cross-session,AdaBN
191,16,1,0.0003846999999268519,97,A03,cross-session,AdaBN
192,16,0,0.00040405499998996675,97,A03,cross-session,AdaBN
193,16,1,0.00038205099997412617,97,A03,cross-session,AdaBN
194,16,1,0.00038751700003558653,97,A03,cross-session,AdaBN
195,16,0,0.00039378300004955236,97,A03,cross-session,AdaBN
196,16,0,0.00039906199992856273,97,A03,cross-session,AdaBN
197,16,1,0.0004081920000089667,97,A03,cross-session,AdaBN
198,16,0,0.00040281999997660023,97,A03,cross-session,AdaBN
199,16,1,0.0003950260000920025,97,A03,cross-session,AdaBN
200,16,1,0.0004123380000464749,97,A03,cross-session,AdaBN
201,16,1,0.0003861620000407129,97,A03,cross-session,AdaBN
202,16,1,0.0003954210000074454,97,A03,cross-session,AdaBN
203,16,1,0.0004079660000115837,97,A03,cross-session,AdaBN
204,16,1,0.00038734999998268904,97,A03,cross-session,AdaBN
205,16,1,0.0004003670001111459,97,A03,cross-session,AdaBN
206,16,0,0.00041882200002874015,97,A03,cross-session,AdaBN
207,16,1,0.00039266099997803394,97,A03,cross-session,AdaBN
208,16,0,0.0004402649999519781,97,A03,cross-session,AdaBN
209,16,0,0.00037830999997368053,97,A03,cross-session,AdaBN
210,16,1,0.0004010899999684625,97,A03,cross-session,AdaBN
211,16,1,0.0003963030000022627,97,A03,cross-session,AdaBN
212,16,1,0.0003946079999650465,97,A03,cross-session,AdaBN
213,16,1,0.0003981230000817959,97,A03,cross-session,AdaBN
214,16,1,0.0004106520000277669,97,A03,cross-session,AdaBN
215,16,0,0.00037365099990438466,97,A03,cross-session,AdaBN
216,16,1,0.000409066999964125,97,A03,cross-session,AdaBN
217,16,1,0.00038463800001409254,97,A03,cross-session,AdaBN
218,16,1,0.0003968789999362343,97,A03,cross-session,AdaBN
219,16,0,0.000433535000070151,97,A03,cross-session,AdaBN
220,16,0,0.000405892000003405,97,A03,cross-session,AdaBN
221,16,1,0.0004158130000178062,97,A03,cross-session,AdaBN
222,16,1,0.00042094399998404697,97,A03,cross-session,AdaBN
223,16,1,0.0003903909999962707,97,A03,cross-session,AdaBN
224,16,0,0.0004071429999612519,97,A03,cross-session,AdaBN
225,16,0,0.00040138899998964916,97,A03,cross-session,AdaBN
226,16,1,0.00039713699993626506,97,A03,cross-session,AdaBN
227,16,1,0.0004024810000373691,97,A03,cross-session,AdaBN
228,16,1,0.00038615500000105385,97,A03,cross-session,AdaBN
229,16,0,0.0003770870000607829,97,A03,cross-session,AdaBN
230,16,1,0.00039828500007388357,97,A03,cross-session,AdaBN
231,16,1,0.0003881730000330208,97,A03,cross-session,AdaBN
232,16,1,0.00041910999993888254,97,A03,cross-session,AdaBN
233,16,0,0.0003747460000340652,97,A03,cross-session,AdaBN
234,16,1,0.00036731199998030206,97,A03,cross-session,AdaBN
235,16,1,0.00039026800004648976,97,A03,cross-session,AdaBN
236,16,1,0.0004032250000136628,97,A03,cross-session,AdaBN
237,16,1,0.00039436399993064697,97,A03,cross-session,AdaBN
238,16,1,0.00039919400001053873,97,A03,cross-session,AdaBN
239,16,0,0.00037751799993657187,97,A03,cross-session,AdaBN
240,16,0,0.0003995139999233288,97,A03,cross-session,AdaBN
241,16,1,0.00038000199992893613,97,A03,cross-session,AdaBN
242,16,1,0.0004276029999346065,97,A03,cross-session,AdaBN
243,16,1,0.00042723199999272765,97,A03,cross-session,AdaBN
244,16,1,0.0003811969999105713,97,A03,cross-session,AdaBN
245,16,1,0.0003790630000821693,97,A03,cross-session,AdaBN
246,16,1,0.0003921210000044084,97,A03,cross-session,AdaBN
247,16,1,0.00040668899998763663,97,A03,cross-session,AdaBN
248,16,0,0.0003918649999832269,97,A03,cross-session,AdaBN
249,16,1,0.00041045000000394793,97,A03,cross-session,AdaBN
250,16,1,0.00037907600005837594,97,A03,cross-session,AdaBN
251,16,1,0.00041667000004963484,97,A03,cross-session,AdaBN
252,16,1,0.0003904559999909907,97,A03,cross-session,AdaBN
253,16,1,0.0004187700000102268,97,A03,cross-session,AdaBN
254,16,1,0.00040371899990532256,97,A03,cross-session,AdaBN
255,16,1,0.0004033509999317175,97,A03,cross-session,AdaBN
256,16,1,0.0003799840000056065,97,A03,cross-session,AdaBN
257,16,1,0.00045873400006257725,97,A03,cross-session,AdaBN
258,16,1,0.0003808389999448991,97,A03,cross-session,AdaBN
259,16,1,0.0004176090000100885,97,A03,cross-session,AdaBN
260,16,0,0.0004019939999579947,97,A03,cross-session,AdaBN
261,16,1,0.00039986500007671566,97,A03,cross-session,AdaBN
262,16,1,0.00040849799995612557,97,A03,cross-session,AdaBN
263,16,0,0.00040296999998190586,97,A03,cross-session,AdaBN
264,16,0,0.0004213650000792768,97,A03,cross-session,AdaBN
265,16,1,0.0003910579999910624,97,A03,cross-session,AdaBN
266,16,1,0.0004113239999696816,97,A03,cross-session,AdaBN
267,16,1,0.00040275699996072944,97,A03,cross-session,AdaBN
268,16,1,0.0004188780000049519,97,A03,cross-session,AdaBN
269,16,1,0.0003875740000012229,97,A03,cross-session,AdaBN
270,16,1,0.0003764010000395501,97,A03,cross-session,AdaBN
271,16,1,0.00043273199992199807,97,A03,cross-session,AdaBN
272,16,1,0.0003975609999997687,97,A03,cross-session,AdaBN
273,16,1,0.0003917409999303345,97,A03,cross-session,AdaBN
274,16,1,0.00040001899992603285,97,A03,cross-session,AdaBN
275,16,1,0.0003874409999298223,97,A03,cross-session,AdaBN
276,16,1,0.000390217000017401,97,A03,cross-session,AdaBN
277,16,0,0.0004300289999719098,97,A03,cross-session,AdaBN
278,16,1,0.00038348700002188707,97,A03,cross-session,AdaBN
279,16,1,0.00039653499993619334,97,A03,cross-session,AdaBN
280,16,1,0.00039775900006588927,97,A03,cross-session,AdaBN
281,16,1,0.0003861339999957636,97,A03,cross-session,AdaBN
282,16,0,0.0004050800000641175,97,A03,cross-session,AdaBN
283,16,0,0.0003664380000145684,97,A03,cross-session,AdaBN
284,16,0,0.00040683299994270783,97,A03,cross-session,AdaBN
285,16,0,0.00038706800000909425,97,A03,cross-session,AdaBN
286,16,1,0.0003682999999909953,97,A03,cross-session,AdaBN
287,16,1,0.00040402100000846985,97,A03,cross-session,AdaBN
0,1,1,0.0005633460000353807,97,A04,cross-session,AdaBN
1,2,0,0.00048747499999990396,97,A04,cross-session,AdaBN
2,3,1,0.0004946430000245527,97,A04,cross-session,AdaBN
3,4,1,0.00046760500003983907,97,A04,cross-session,AdaBN
4,5,1,0.00047020499994232523,97,A04,cross-session,AdaBN
5,6,0,0.00043019399993227125,97,A04,cross-session,AdaBN
6,7,1,0.0005298829998992005,97,A04,cross-session,AdaBN
7,8,0,0.0004724389999637424,97,A04,cross-session,AdaBN
8,9,1,0.0005045819999622836,97,A04,cross-session,AdaBN
9,10,1,0.0004915430000664855,97,A04,cross-session,AdaBN
10,11,1,0.00046017200008918735,97,A04,cross-session,AdaBN
11,12,1,0.00045581699998820113,97,A04,cross-session,AdaBN
12,13,0,0.00044584799991298496,97,A04,cross-session,AdaBN
13,14,0,0.0004862309999680292,97,A04,cross-session,AdaBN
14,15,0,0.0004598809999833975,97,A04,cross-session,AdaBN
15,16,0,0.0004515150000088397,97,A04,cross-session,AdaBN
16,16,0,0.0004669140000714833,97,A04,cross-session,AdaBN
17,16,0,0.00044066199995995703,97,A04,cross-session,AdaBN
18,16,1,0.00043594400005986245,97,A04,cross-session,AdaBN
19,16,0,0.0004426440000315779,97,A04,cross-session,AdaBN
20,16,0,0.00042388700001083635,97,A04,cross-session,AdaBN
21,16,0,0.00044555399995260814,97,A04,cross-session,AdaBN
22,16,1,0.0004471020000664794,97,A04,cross-session,AdaBN
23,16,1,0.00043229499999597465,97,A04,cross-session,AdaBN
24,16,1,0.00045655700000679644,97,A04,cross-session,AdaBN
25,16,0,0.0004464559999632911,97,A04,cross-session,AdaBN
26,16,1,0.00042489099996601,97,A04,cross-session,AdaBN
27,16,0,0.0004318979999879957,97,A04,cross-session,AdaBN
28,16,0,0.00043198699995627976,97,A04,cross-session,AdaBN
29,16,0,0.0007398359999797322,97,A04,cross-session,AdaBN
30,16,0,0.00042054100003952044,97,A04,cross-session,AdaBN
31,16,1,0.00036726300004374934,97,A04,cross-session,AdaBN
32,16,1,0.0003792869999870163,97,A04,cross-session,AdaBN
33,16,0,0.00040602299998226954,97,A04,cross-session,AdaBN
34,16,1,0.00037288300006821373,97,A04,cross-session,AdaBN
35,16,1,0.0003858910000644755,97,A04,cross-session,AdaBN
36,16,1,0.00036575299998276023,97,A04,cross-session,AdaBN
37,16,1,0.00037366399999427813,97,A04,cross-session,AdaBN
38,16,0,0.0003830040000138979,97,A04,cross-session,AdaBN
39,16,1,0.00037441199992827023,97,A04,cross-session,AdaBN
40,16,0,0.0003685180000729815,97,A04,cross-session,AdaBN
41,16,1,0.00038445900008809986,97,A04,cross-session,AdaBN
42,16,1,0.00037401200006570434,97,A04,cross-session,AdaBN
43,16,1,0.0003895520000014585,97,A04,cross-session,AdaBN
44,16,1,0.00036937899994882173,97,A04,cross-session,AdaBN
45,16,1,0.0003998810000211961,97,A04,cross-session,AdaBN
46,16,1,0.00039398500007337134,97,A04,cross-session,AdaBN
47,16,1,0.0003722479999623829,97,A04,cross-session,AdaBN
48,16,1,0.00038228200003231905,97,A04,cross-session,AdaBN
49,16,1,0.000375020999968001,97,A04,cross-session,AdaBN
50,16,0,0.00038925100000142265,97,A04,cross-session,AdaBN
51,16,1,0.00039749599989136186,97,A04,cross-session,AdaBN
52,16,1,0.0004328380000515608,97,A04,cross-session,AdaBN
53,16,0,0.00042213500000798376,97,A04,cross-session,AdaBN
54,16,1,0.00041031000000657514,97,A04,cross-session,AdaBN
55,16,1,0.0004248689999712951,97,A04,cross-session,AdaBN
56,16,0,0.00040715700004057,97,A04,cross-session,AdaBN
57,16,0,0.0004138479999937772,97,A04,cross-session,AdaBN
58,16,1,0.0004094189999932496,97,A04,cross-session,AdaBN
59,16,0,0.00042159600002378284,97,A04,cross-session,AdaBN
60,16,1,0.00041654100004961947,97,A04,cross-session,AdaBN
61,16,1,0.00038880499994320417,97,A04,cross-session,AdaBN
62,16,0,0.0004217550000475967,97,A04,cross-session,AdaBN
63,16,1,0.00040252399992368737,97,A04,cross-session,AdaBN
64,16,0,0.0003928549999727693,97,A04,cross-session,AdaBN
65,16,1,0.00040433000003758934,97,A04,cross-session,AdaBN
66,16,1,0.000389647000019977,97,A04,cross-session,AdaBN
67,16,0,0.0004057190000139599,97,A04,cross-session,AdaBN
68,16,1,0.0004337120000172945,97,A04,cross-session,AdaBN
69,16,1,0.0004278860000113127,97,A04,cross-session,AdaBN
70,16,1,0.0004082880000169098,97,A04,cross-session,AdaBN
71,16,1,0.00040539300005093537,97,A04,cross-session,AdaBN
72,16,1,0.00040148300001874304,97,A04,cross-session,AdaBN
73,16,0,0.00040202899992891616,97,A04,cross-session,AdaBN
74,16,1,0.0003889920000119673,97,A04,cross-session,AdaBN
75,16,0,0.00040820399999574875,97,A04,cross-session,AdaBN
76,16,1,0.00039411499994912447,97,A04,cross-session,AdaBN
77,16,1,0.0003998800000317715,97,A04,cross-session,AdaBN
78,16,1,0.0003996760000291033,97,A04,cross-session,AdaBN
79,16,1,0.0004385319999755666,97,A04,cross-session,AdaBN
80,16,1,0.0003928569999516185,97,A04,cross-session,AdaBN
81,16,0,0.00040852999995877326,97,A04,cross-session,AdaBN
82,16,0,0.00042849800001931726,97,A04,cross-session,AdaBN
83,16,0,0.00040563400000337424,97,A04,cross-session,AdaBN
84,16,1,0.0004090290000249297,97,A04,cross-session,AdaBN
85,16,1,0.00038918699999612727,97,A04,cross-session,AdaBN
86,16,1,0.00038003899999239366,97,A04,cross-session,AdaBN
87,16,0,0.0003967900000816371,97,A04,cross-session,AdaBN
88,16,1,0.00040733299999828887,97,A04,cross-session,AdaBN
89,16,1,0.00040806699996664975,97,A04,cross-session,AdaBN
90,16,1,0.00040585499993994745,97,A04,cross-session,AdaBN
91,16,0,0.0003909150000254158,97,A04,cross-session,AdaBN
92,16,0,0.00041679499997826497,97,A04,cross-session,AdaBN
93,16,1,0.0003986850000501363,97,A04,cross-session,AdaBN
94,16,0,0.00038736699991659407,97,A04,cross-session,AdaBN
95,16,0,0.0004203619999998409,97,A04,cross-session,AdaBN
96,16,0,0.00037377900002866227,97,A04,cross-session,AdaBN
97,16,1,0.0003860690000010436,97,A04,cross-session,AdaBN
98,16,1,0.00039546900006826036,97,A04,cross-session,AdaBN
99,16,0,0.0003815979999899355,97,A04,cross-session,AdaBN
100,16,1,0.0003838879999875644,97,A04,cross-session,AdaBN
101,16,1,0.00037464400008957455,97,A04,cross-session,AdaBN
102,16,0,0.0003855060000432786,97,A04,cross-session,AdaBN
103,16,1,0.00038996499995391787,97,A04,cross-session,AdaBN
104,16,1,0.00039682399994944717,97,A04,cross-session,AdaBN
105,16,0,0.00038383200001135265,97,A04,cross-session,AdaBN
106,16,1,0.0003979279999839491,97,A04,cross-session,AdaBN
107,16,0,0.0003806529999792474,97,A04,cross-session,AdaBN
108,16,1,0.00042064700005539635,97,A04,cross-session,AdaBN
109,16,0,0.0003943620000654846,97,A04,cross-session,AdaBN
110,16,0,0.00038455099991097086,97,A04,cross-session,AdaBN
111,16,0,0.00038765300007526093,97,A04,cross-session,AdaBN
112,16,0,0.00041425999995681195,97,A04,cross-session,AdaBN
113,16,1,0.00040816400007770426,97,A04,cross-session,AdaBN
114,16,0,0.0003995050000185074,97,A04,cross-session,AdaBN
115,16,1,0.0004196529999944687,97,A04,cross-session,AdaBN
116,16,0,0.00041917700002613856,97,A04,cross-session,AdaBN
117,16,0,0.0003996799999868017,97,A04,cross-session,AdaBN
118,16,1,0.00038759699998536234,97,A04,cross-session,AdaBN
119,16,0,0.0004189439999890965,97,A04,cross-session,AdaBN
120,16,0,0.0003843350000352075,97,A04,cross-session,AdaBN
121,16,1,0.0004018210000822364,97,A04,cross-session,AdaBN
122,16,0,0.0004444660000899603,97,A04,cross-session,AdaBN
123,16,1,0.0003943250000020271,97,A04,cross-session,AdaBN
124,16,0,0.0004241629999341967,97,A04,cross-session,AdaBN
125,16,0,0.0003944149999597357,97,A04,cross-session,AdaBN
126,16,1,0.00042293800004244986,97,A04,cross-session,AdaBN
127,16,0,0.0004258829999344016,97,A04,cross-session,AdaBN
128,16,1,0.00038330899997163215,97,A04,cross-session,AdaBN
129,16,0,0.0004035100000692182,97,A04,cross-session,AdaBN
130,16,0,0.0003935150000415888,97,A04,cross-session,AdaBN
131,16,0,0.0003731090000655968,97,A04,cross-session,AdaBN
132,16,0,0.00040947699994831055,97,A04,cross-session,AdaBN
133,16,1,0.0003805869999951028,97,A04,cross-session,AdaBN
134,16,1,0.000436698000044089,97,A04,cross-session,AdaBN
135,16,1,0.000401047999957882,97,A04,cross-session,AdaBN
136,16,1,0.000382000999934462,97,A04,cross-session,AdaBN
137,16,0,0.00039700500008166273,97,A04,cross-session,AdaBN
138,16,1,0.00041334499996992236,97,A04,cross-session,AdaBN
139,16,1,0.00037895399998433277,97,A04,cross-session,AdaBN
140,16,1,0.0004129630000306861,97,A04,cross-session,AdaBN
141,16,1,0.000377842000034434,97,A04,cross-session,AdaBN
142,16,0,0.00038516999995863443,97,A04,cross-session,AdaBN
143,16,0,0.00043250900000657566,97,A04,cross-session,AdaBN
144,16,1,0.00040388200000052166,97,A04,cross-session,AdaBN
145,16,1,0.00038217300004816934,97,A04,cross-session,AdaBN
146,16,1,0.0003984159999390613,97,A04,cross-session,AdaBN
147,16,0,0.00038843599998017453,97,A04,cross-session,AdaBN
148,16,0,0.0004101220000620742,97,A04,cross-session,AdaBN
149,16,0,0.0004152889999886611,97,A04,cross-session,AdaBN
150,16,0,0.00039898500006074755,97,A04,cross-session,AdaBN
151,16,1,0.0004292180000220469,97,A04,cross-session,AdaBN
152,16,0,0.00037511799996536865,97,A04,cross-session,AdaBN
153,16,0,0.0003838090000272132,97,A04,cross-session,AdaBN
154,16,1,0.00040827700001955236,97,A04,cross-session,AdaBN
155,16,1,0.0003887739999299811,97,A04,cross-session,AdaBN
156,16,1,0.0004078079999771944,97,A04,cross-session,AdaBN
157,16,0,0.00039339700003893086,97,A04,cross-session,AdaBN
158,16,1,0.0003998160000264761,97,A04,cross-session,AdaBN
159,16,1,0.00043497299998307426,97,A04,cross-session,AdaBN
160,16,0,0.0003792780000821949,97,A04,cross-session,AdaBN
161,16,0,0.00038215099993976764,97,A04,cross-session,AdaBN
162,16,0,0.0003944189999174341,97,A04,cross-session,AdaBN
163,16,1,0.00039545199990698165,97,A04,cross-session,AdaBN
164,16,1,0.00038013500000033673,97,A04,cross-session,AdaBN
165,16,1,0.000397245000044677,97,A04,cross-session,AdaBN
166,16,0,0.0003915150000466383,97,A04,cross-session,AdaBN
167,16,1,0.00040300199998455355,97,A04,cross-session,AdaBN
168,16,1,0.00037522299999181996,97,A04,cross-session,AdaBN
169,16,1,0.00038267000002178975,97,A04,cross-session,AdaBN
170,16,0,0.0004277119999187562,97,A04,cross-session,AdaBN
171,16,0,0.0003977829999257665,97,A04,cross-session,AdaBN
172,16,0,0.00041003199999067874,97,A04,cross-session,AdaBN
173,16,1,0.00041568599999664,97,A04,cross-session,AdaBN
174,16,0,0.0003714029999173363,97,A04,cross-session,AdaBN
175,16,0,0.0004290169999876525,97,A04,cross-session,AdaBN
176,16,0,0.0004063500000484055,97,A04,cross-session,AdaBN
177,16,0,0.0004128309999487101,97,A04,cross-session,AdaBN
178,16,0,0.00039628199999697244,97,A04,cross-session,AdaBN
179,16,1,0.0003824090000534852,97,A04,cross-session,AdaBN
180,16,0,0.0004044590000376047,97,A04,cross-session,AdaBN
181,16,1,0.0004049500000746775,97,A04,cross-session,AdaBN
182,16,0,0.0004093799999509429,97,A04,cross-session,AdaBN
183,16,0,0.0004294290000643741,97,A04,cross-session,AdaBN
184,16,0,0.00037986999996064696,97,A04,cross-session,AdaBN
185,16,1,0.0003725379999650613,97,A04,cross-session,AdaBN
186,16,0,0.0003793949999817414,97,A04,cross-session,AdaBN
187,16,1,0.0003723900000522917,97,A04,cross-session,AdaBN
188,16,1,0.0003892969999697016,97,A04,cross-session,AdaBN
189,16,1,0.00038213800007724785,97,A04,cross-session,AdaBN
190,16,0,0.00037739499998679094,97,A04,cross-session,AdaBN
191,16,0,0.00038844999994580576,97,A04,cross-session,AdaBN
192,16,0,0.0003882480000356736,97,A04,cross-session,AdaBN
193,16,1,0.0004058099999610931,97,A04,cross-session,AdaBN
194,16,0,0.00039086900005713687,97,A04,cross-session,AdaBN
195,16,1,0.0003871729999218587,97,A04,cross-session,AdaBN
196,16,0,0.0004016919999685342,97,A04,cross-session,AdaBN
197,16,0,0.0003788649999023619,97,A04,cross-session,AdaBN
198,16,0,0.00037993199998709315,97,A04,cross-session,AdaBN
199,16,0,0.0003871210000170322,97,A04,cross-session,AdaBN
200,16,0,0.0003682300000491523,97,A04,cross-session,AdaBN
201,16,1,0.0004090969999879235,97,A04,cross-session,AdaBN
202,16,1,0.0004178779998937898,97,A04,cross-session,AdaBN
203,16,0,0.0003765630000316378,97,A04,cross-session,AdaBN
204,16,0,0.00042859200004841114,97,A04,cross-session,AdaBN
205,16,1,0.00041204899991953425,97,A04,cross-session,AdaBN
206,16,1,0.0003802140000743748,97,A04,cross-session,AdaBN
207,16,0,0.00041812200004187616,97,A04,cross-session,AdaBN
208,16,1,0.0003779660000873264,97,A04,cross-session,AdaBN
209,16,1,0.00041190199999618926,97,A04,cross-session,AdaBN
210,16,0,0.0003979289999733737,97,A04,cross-session,AdaBN
211,16,1,0.00037895399998433277,97,A04,cross-session,AdaBN
212,16,1,0.0003945859999703316,97,A04,cross-session,AdaBN
213,16,1,0.00040395099995294004,97,A04,cross-session,AdaBN
214,16,0,0.0003747729999759031,97,A04,cross-session,AdaBN
215,16,1,0.00040388699994764465,97,A04,cross-session,AdaBN
216,16,1,0.00039277399991988204,97,A04,cross-session,AdaBN
217,16,0,0.00038062400005856034,97,A04,cross-session,AdaBN
218,16,1,0.0003963320000366366,97,A04,cross-session,AdaBN
219,16,1,0.0003833570000324471,97,A04,cross-session,AdaBN
220,16,1,0.0004107790000489331,97,A04,cross-session,AdaBN
221,16,0,0.00040098400006627344,97,A04,cross-session,AdaBN
222,16,1,0.0004039180000745546,97,A04,cross-session,AdaBN
223,16,0,0.00041825900007097516,97,A04,cross-session,AdaBN
224,16,1,0.00037405600005513406,97,A04,cross-session,AdaBN
225,16,1,0.00039384099989092647,97,A04,cross-session,AdaBN
226,16,0,0.00040283199996338226,97,A04,cross-session,AdaBN
227,16,1,0.00038833600001453306,97,A04,cross-session,AdaBN
228,16,1,0.0003807390000929445,97,A04,cross-session,AdaBN
229,16,1,0.0004058729999769639,97,A04,cross-session,AdaBN
230,16,1,0.00039864500001840497,97,A04,cross-session,AdaBN
231,16,0,0.0004318879999800629,97,A04,cross-session,AdaBN
232,16,1,0.000392186999988553,97,A04,cross-session,AdaBN
233,16,1,0.0003827880000244477,97,A04,cross-session,AdaBN
234,16,1,0.0004109300000436633,97,A04,cross-session,AdaBN
235,16,0,0.00037494599996534816,97,A04,cross-session,AdaBN
236,16,1,0.0004072960000485182,97,A04,cross-session,AdaBN
237,16,0,0.0004236620000028779,97,A04,cross-session,AdaBN
238,16,1,0.000398382999946989,97,A04,cross-session,AdaBN
239,16,1,0.0004160629999887533,97,A04,cross-session,AdaBN
240,16,0,0.0004076180000538443,97,A04,cross-session,AdaBN
241,16,0,0.0003888490000463207,97,A04,cross-session,AdaBN
242,16,0,0.00040778499999305495,97,A04,cross-session,AdaBN
243,16,0,0.0003989059999867095,97,A04,cross-session,AdaBN
244,16,0,0.00038447599990831804,97,A04,cross-session,AdaBN
245,16,1,0.00042342799997641123,97,A04,cross-session,AdaBN
246,16,1,0.00038397100001930085,97,A04,cross-session,AdaBN
247,16,0,0.0004446440000265284,97,A04,cross-session,AdaBN
248,16,0,0.00041678499997033214,97,A04,cross-session,AdaBN
249,16,0,0.0003789219999816851,97,A04,cross-session,AdaBN
250,16,0,0.0003953829999545633,97,A04,cross-session,AdaBN
251,16,0,0.00038683099990066694,97,A04,cross-session,AdaBN
252,16,0,0.0003781190000609058,97,A04,cross-session,AdaBN
253,16,0,0.0003981600000315666,97,A04,cross-session,AdaBN
254,16,0,0.0003743569999414831,97,A04,cross-session,AdaBN
255,16,0,0.0003949429999465792,97,A04,cross-session,AdaBN
256,16,1,0.00041533600006005145,97,A04,cross-session,AdaBN
257,16,0,0.00040093099994464865,97,A04,cross-session,AdaBN
258,16,1,0.00042122599995764176,97,A04,cross-session,AdaBN
259,16,1,0.00040166100006899796,97,A04,cross-session,AdaBN
260,16,0,0.00042546000008769624,97,A04,cross-session,AdaBN
261,16,1,0.0003895410000041011,97,A04,cross-session,AdaBN
262,16,1,0.0003761579999945752,97,A04,cross-session,AdaBN
263,16,0,0.00038865999999870837,97,A04,cross-session,AdaBN
264,16,1,0.0003868029999694045,97,A04,cross-session,AdaBN
265,16,0,0.00038010699995538744,97,A04,cross-session,AdaBN
266,16,1,0.00042086600001312036,97,A04,cross-session,AdaBN
267,16,1,0.000418072000002212,97,A04,cross-session,AdaBN
268,16,1,0.0003813820000004853,97,A04,cross-session,AdaBN
269,16,0,0.00042818800000077317,97,A04,cross-session,AdaBN
270,16,0,0.00037757600000531966,97,A04,cross-session,AdaBN
271,16,1,0.00037057899999126676,97,A04,cross-session,AdaBN
272,16,0,0.0003976260001081755,97,A04,cross-session,AdaBN
273,16,1,0.00038668299998789735,97,A04,cross-session,AdaBN
274,16,0,0.0003780529999630744,97,A04,cross-session,AdaBN
275,16,0,0.00040281500002947723,97,A04,cross-session,AdaBN
276,16,0,0.00036666599999080063,97,A04,cross-session,AdaBN
277,16,1,0.00038270400000328664,97,A04,cross-session,AdaBN
278,16,0,0.00040391699997144315,97,A04,cross-session,AdaBN
279,16,1,0.00040644399996381253,97,A04,cross-session,AdaBN
280,16,1,0.0004147100000864157,97,A04,cross-session,AdaBN
281,16,1,0.0004039099999317841,97,A04,cross-session,AdaBN
282,16,0,0.00039476599999943573,97,A04,cross-session,AdaBN
283,16,0,0.0003918059999250545,97,A04,cross-session,AdaBN
284,16,0,0.00038836100009120855,97,A04,cross-session,AdaBN
285,16,0,0.000391140999909112,97,A04,cross-session,AdaBN
286,16,1,0.00038531399991370563,97,A04,cross-session,AdaBN
287,16,1,0.0003864410000460339,97,A04,cross-session,AdaBN
0,1,1,0.000598043000081816,97,A05,cross-session,AdaBN
1,2,0,0.0004928340000560638,97,A05,cross-session,AdaBN
2,3,1,0.000469895000037468,97,A05,cross-session,AdaBN
3,4,1,0.00046889500003999274,97,A05,cross-session,AdaBN
4,5,0,0.00047645100005411223,97,A05,cross-session,AdaBN
5,6,0,0.0004643149999310481,97,A05,cross-session,AdaBN
6,7,0,0.00044868899999528367,97,A05,cross-session,AdaBN
7,8,0,0.0005623769999374417,97,A05,cross-session,AdaBN
8,9,1,0.0004630869999573406,97,A05,cross-session,AdaBN
9,10,0,0.0004979069999535568,97,A05,cross-session,AdaBN
10,11,1,0.00045918700004676793,97,A05,cross-session,AdaBN
11,12,0,0.00046035399998345383,97,A05,cross-session,AdaBN
12,13,0,0.00045835000003080495,97,A05,cross-session,AdaBN
13,14,0,0.00044742199997926946,97,A05,cross-session,AdaBN
14,15,1,0.0004572979999011295,97,A05,cross-session,AdaBN
15,16,0,0.0004434239999682177,97,A05,cross-session,AdaBN
16,16,0,0.0004316879999350931,97,A05,cross-session,AdaBN
17,16,0,0.0004643150000447349,97,A05,cross-session,AdaBN
18,16,0,0.00045993799994903384,97,A05,cross-session,AdaBN
19,16,0,0.00045258199997988413,97,A05,cross-session,AdaBN
20,16,1,0.0004287719999638284,97,A05,cross-session,AdaBN
21,16,1,0.00043464600003062515,97,A05,cross-session,AdaBN
22,16,0,0.0004489860000376211,97,A05,cross-session,AdaBN
23,16,1,0.00042952100000093196,97,A05,cross-session,AdaBN
24,16,0,0.0004191850000552222,97,A05,cross-session,AdaBN
25,16,0,0.00043988799995986483,97,A05,cross-session,AdaBN
26,16,0,0.0004333350000251812,97,A05,cross-session,AdaBN
27,16,0,0.000425318999987212,97,A05,cross-session,AdaBN
28,16,0,0.0004438790000449444,97,A05,cross-session,AdaBN
29,16,0,0.0006779940000569695,97,A05,cross-session,AdaBN
30,16,0,0.0004318530000091414,97,A05,cross-session,AdaBN
31,16,0,0.0003924339999912263,97,A05,cross-session,AdaBN
32,16,0,0.0004009150000001682,97,A05,cross-session,AdaBN
33,16,1,0.00040665899996383814,97,A05,cross-session,AdaBN
34,16,1,0.00038104300006125413,97,A05,cross-session,AdaBN
35,16,0,0.0003614040000456953,97,A05,cross-session,AdaBN
36,16,0,0.0003709720000415473,97,A05,cross-session,AdaBN
37,16,1,0.00040510799999537994,97,A05,cross-session,AdaBN
38,16,0,0.0003796240000610851,97,A05,cross-session,AdaBN
39,16,0,0.0004129479999619434,97,A05,cross-session,AdaBN
40,16,0,0.00042188999998415966,97,A05,cross-session,AdaBN
41,16,0,0.00047004299995023757,97,A05,cross-session,AdaBN
42,16,0,0.00036790000001474255,97,A05,cross-session,AdaBN
43,16,0,0.00038544599999568163,97,A05,cross-session,AdaBN
44,16,1,0.00039916200000789104,97,A05,cross-session,AdaBN
45,16,1,0.0003720650000786918,97,A05,cross-session,AdaBN
46,16,0,0.00039423200007604464,97,A05,cross-session,AdaBN
47,16,1,0.00036563700007263833,97,A05,cross-session,AdaBN
48,16,0,0.0003853580000168222,97,A05,cross-session,AdaBN
49,16,0,0.000380867999979273,97,A05,cross-session,AdaBN
50,16,1,0.00039752299994688656,97,A05,cross-session,AdaBN
51,16,0,0.0004031659999554904,97,A05,cross-session,AdaBN
52,16,1,0.0004085470000063651,97,A05,cross-session,AdaBN
53,16,1,0.0004281200000377794,97,A05,cross-session,AdaBN
54,16,1,0.00041013899999597925,97,A05,cross-session,AdaBN
55,16,1,0.0004618469999968511,97,A05,cross-session,AdaBN
56,16,0,0.00046541899996555003,97,A05,cross-session,AdaBN
57,16,0,0.00048824100008459936,97,A05,cross-session,AdaBN
58,16,1,0.0004515740000670121,97,A05,cross-session,AdaBN
59,16,0,0.0004264489999741272,97,A05,cross-session,AdaBN
60,16,0,0.0004479369999899063,97,A05,cross-session,AdaBN
61,16,0,0.00042495299999245617,97,A05,cross-session,AdaBN
62,16,1,0.000429742000051192,97,A05,cross-session,AdaBN
63,16,0,0.00043147600001702813,97,A05,cross-session,AdaBN
64,16,0,0.00042013099994164804,97,A05,cross-session,AdaBN
65,16,0,0.0004378580000548027,97,A05,cross-session,AdaBN
66,16,0,0.0004171220000444009,97,A05,cross-session,AdaBN
67,16,1,0.00042163400007666496,97,A05,cross-session,AdaBN
68,16,0,0.00041049899994050065,97,A05,cross-session,AdaBN
69,16,1,0.00043794900000193593,97,A05,cross-session,AdaBN
70,16,0,0.0004144409999753407,97,A05,cross-session,AdaBN
71,16,0,0.00041622799994911475,97,A05,cross-session,AdaBN
72,16,1,0.00043289899997489556,97,A05,cross-session,AdaBN
73,16,1,0.0004198699999733435,97,A05,cross-session,AdaBN
74,16,0,0.00041338099993026844,97,A05,cross-session,AdaBN
75,16,1,0.0003930679999939457,97,A05,cross-session,AdaBN
76,16,0,0.0004096379999509736,97,A05,cross-session,AdaBN
77,16,1,0.0004137749999699736,97,A05,cross-session,AdaBN
78,16,0,0.00038777999998274026,97,A05,cross-session,AdaBN
79,16,0,0.0004254289999607863,97,A05,cross-session,AdaBN
80,16,1,0.00042514800009030296,97,A05,cross-session,AdaBN
81,16,0,0.0003933400000732945,97,A05,cross-session,AdaBN
82,16,1,0.0004526709999481682,97,A05,cross-session,AdaBN
83,16,0,0.00041018399997483357,97,A05,cross-session,AdaBN
84,16,0,0.0003970080000499365,97,A05,cross-session,AdaBN
85,16,0,0.0004173980000814481,97,A05,cross-session,AdaBN
86,16,1,0.00038556199990580353,97,A05,cross-session,AdaBN
87,16,1,0.00041690499995183927,97,A05,cross-session,AdaBN
88,16,0,0.00039121700001487625,97,A05,cross-session,AdaBN
89,16,0,0.0004364979999991192,97,A05,cross-session,AdaBN
90,16,0,0.0004390340000099968,97,A05,cross-session,AdaBN
91,16,0,0.0003794460000108302,97,A05,cross-session,AdaBN
92,16,0,0.0004165540000258261,97,A05,cross-session,AdaBN
93,16,0,0.0004245849999051643,97,A05,cross-session,AdaBN
94,16,0,0.0004171560000258978,97,A05,cross-session,AdaBN
95,16,0,0.000434033000033196,97,A05,cross-session,AdaBN
96,16,0,0.00039163799999641924,97,A05,cross-session,AdaBN
97,16,0,0.0004317179999588916,97,A05,cross-session,AdaBN
98,16,0,0.0004226439999683862,97,A05,cross-session,AdaBN
99,16,1,0.00037661500005015114,97,A05,cross-session,AdaBN
100,16,0,0.0003971769999679964,97,A05,cross-session,AdaBN
101,16,1,0.00041534399997544824,97,A05,cross-session,AdaBN
102,16,0,0.0003904950000332974,97,A05,cross-session,AdaBN
103,16,0,0.0004178959999308063,97,A05,cross-session,AdaBN
104,16,0,0.00038981899990631064,97,A05,cross-session,AdaBN
105,16,0,0.0004226830000106929,97,A05,cross-session,AdaBN
106,16,0,0.00042582000003221765,97,A05,cross-session,AdaBN
107,16,1,0.00037219000000732194,97,A05,cross-session,AdaBN
108,16,1,0.00042005500006325747,97,A05,cross-session,AdaBN
109,16,0,0.00042808099999547267,97,A05,cross-session,AdaBN
110,16,1,0.0004152609999437118,97,A05,cross-session,AdaBN
111,16,1,0.00038759200003823935,97,A05,cross-session,AdaBN
112,16,0,0.00038413900006162294,97,A05,cross-session,AdaBN
113,16,0,0.00038928799995119334,97,A05,cross-session,AdaBN
114,16,1,0.00038299300001654046,97,A05,cross-session,AdaBN
115,16,0,0.00037088300007326325,97,A05,cross-session,AdaBN
116,16,1,0.0003741819999731888,97,A05,cross-session,AdaBN
117,16,1,0.00038228599999001744,97,A05,cross-session,AdaBN
118,16,0,0.00037573999998130603,97,A05,cross-session,AdaBN
119,16,1,0.00038520100008554436,97,A05,cross-session,AdaBN
120,16,0,0.0003813619999846196,97,A05,cross-session,AdaBN
121,16,0,0.0003781329999128502,97,A05,cross-session,AdaBN
122,16,0,0.0003940510000575159,97,A05,cross-session,AdaBN
123,16,0,0.0003815219999978581,97,A05,cross-session,AdaBN
124,16,0,0.00038594399995872664,97,A05,cross-session,AdaBN
125,16,1,0.00039801699995223316,97,A05,cross-session,AdaBN
126,16,0,0.0004176830000233167,97,A05,cross-session,AdaBN
127,16,0,0.0004532049999852461,97,A05,cross-session,AdaBN
128,16,1,0.0004628389999652427,97,A05,cross-session,AdaBN
129,16,0,0.0003762170000527476,97,A05,cross-session,AdaBN
130,16,0,0.0004678340000054959,97,A05,cross-session,AdaBN
131,16,1,0.0003862810000327954,97,A05,cross-session,AdaBN
132,16,1,0.0003902180000068256,97,A05,cross-session,AdaBN
133,16,0,0.0004109239999934289,97,A05,cross-session,AdaBN
134,16,0,0.0003803960000823281,97,A05,cross-session,AdaBN
135,16,1,0.0003917170000704573,97,A05,cross-session,AdaBN
136,16,0,0.00046061399996233376,97,A05,cross-session,AdaBN
137,16,0,0.0003887079999458365,97,A05,cross-session,AdaBN
138,16,1,0.00046377599994684715,97,A05,cross-session,AdaBN
139,16,0,0.00038157100004809763,97,A05,cross-session,AdaBN
140,16,0,0.0003859250000459724,97,A05,cross-session,AdaBN
141,16,0,0.00039047600000685634,97,A05,cross-session,AdaBN
142,16,0,0.0003839859999743567,97,A05,cross-session,AdaBN
143,16,1,0.00042965000000094733,97,A05,cross-session,AdaBN
144,16,1,0.00041121800006749254,97,A05,cross-session,AdaBN
145,16,0,0.00041055899998809764,97,A05,cross-session,AdaBN
146,16,0,0.00039684599994416203,97,A05,cross-session,AdaBN
147,16,0,0.0004629899999599729,97,A05,cross-session,AdaBN
148,16,0,0.00037468699997589283,97,A05,cross-session,AdaBN
149,16,0,0.00042564000000311353,97,A05,cross-session,AdaBN
150,16,0,0.00037831499992080353,97,A05,cross-session,AdaBN
151,16,0,0.0004083749998926578,97,A05,cross-session,AdaBN
152,16,0,0.00041284500002802815,97,A05,cross-session,AdaBN
153,16,1,0.0003862800000433708,97,A05,cross-session,AdaBN
154,16,1,0.00046527300003162964,97,A05,cross-session,AdaBN
155,16,0,0.00040021300003445504,97,A05,cross-session,AdaBN
156,16,0,0.0004094480000276235,97,A05,cross-session,AdaBN
157,16,0,0.0004062259999955131,97,A05,cross-session,AdaBN
158,16,0,0.00038906200006749714,97,A05,cross-session,AdaBN
159,16,0,0.000376932999984092,97,A05,cross-session,AdaBN
160,16,0,0.00045240600002216524,97,A05,cross-session,AdaBN
161,16,1,0.00038767099999859056,97,A05,cross-session,AdaBN
162,16,0,0.0004917809999369638,97,A05,cross-session,AdaBN
163,16,0,0.0004318800000646661,97,A05,cross-session,AdaBN
164,16,0,0.00042546200006654544,97,A05,cross-session,AdaBN
165,16,0,0.0004422289999865825,97,A05,cross-session,AdaBN
166,16,1,0.00038918899997497647,97,A05,cross-session,AdaBN
167,16,0,0.0003861000000142667,97,A05,cross-session,AdaBN
168,16,0,0.0004052709999768922,97,A05,cross-session,AdaBN
169,16,0,0.0003761589999839998,97,A05,cross-session,AdaBN
170,16,0,0.00042772300002980046,97,A05,cross-session,AdaBN
171,16,0,0.0004020379999474244,97,A05,cross-session,AdaBN
172,16,0,0.00038007699993158894,97,A05,cross-session,AdaBN
173,16,1,0.00040483199995833274,97,A05,cross-session,AdaBN
174,16,1,0.00041784899997310276,97,A05,cross-session,AdaBN
175,16,1,0.00040833800005657395,97,A05,cross-session,AdaBN
176,16,0,0.00046806000000287895,97,A05,cross-session,AdaBN
177,16,0,0.00040767500001948065,97,A05,cross-session,AdaBN
178,16,1,0.0003828349999821512,97,A05,cross-session,AdaBN
179,16,1,0.00040527900000597583,97,A05,cross-session,AdaBN
180,16,0,0.00039078000008885283,97,A05,cross-session,AdaBN
181,16,0,0.0003865529999984574,97,A05,cross-session,AdaBN
182,16,0,0.00042308499996579485,97,A05,cross-session,AdaBN
183,16,0,0.00041151699997499236,97,A05,cross-session,AdaBN
184,16,1,0.00041111100006219203,97,A05,cross-session,AdaBN
185,16,0,0.0004047869999794784,97,A05,cross-session,AdaBN
186,16,0,0.0003825090000191267,97,A05,cross-session,AdaBN
187,16,1,0.0003989499999761392,97,A05,cross-session,AdaBN
188,16,0,0.00037859000008211297,97,A05,cross-session,AdaBN
189,16,0,0.0003832959999954255,97,A05,cross-session,AdaBN
190,16,0,0.00038208299997677386,97,A05,cross-session,AdaBN
191,16,1,0.0003872570000567066,97,A05,cross-session,AdaBN
192,16,0,0.0004248550000056639,97,A05,cross-session,AdaBN
193,16,0,0.0003880770000250777,97,A05,cross-session,AdaBN
194,16,1,0.00040503200000330253,97,A05,cross-session,AdaBN
195,16,1,0.00040845799992439424,97,A05,cross-session,AdaBN
196,16,0,0.00038387500001135777,97,A05,cross-session,AdaBN
197,16,0,0.00039766099996541016,97,A05,cross-session,AdaBN
198,16,0,0.00039417400000729685,97,A05,cross-session,AdaBN
199,16,0,0.0004081820000010339,97,A05,cross-session,AdaBN
200,16,0,0.0004144000000678716,97,A05,cross-session,AdaBN
201,16,0,0.00040088000002924673,97,A05,cross-session,AdaBN
202,16,0,0.000409903999980088,97,A05,cross-session,AdaBN
203,16,0,0.00040127199997641583,97,A05,cross-session,AdaBN
204,16,0,0.00037325999994664016,97,A05,cross-session,AdaBN
205,16,0,0.000390561000017442,97,A05,cross-session,AdaBN
206,16,0,0.0003848009999956048,97,A05,cross-session,AdaBN
207,16,0,0.0004033369999660863,97,A05,cross-session,AdaBN
208,16,0,0.0004444040000635141,97,A05,cross-session,AdaBN
209,16,0,0.0003960239999969417,97,A05,cross-session,AdaBN
210,16,1,0.0003805710000506224,97,A05,cross-session,AdaBN
211,16,1,0.0003962260000207607,97,A05,cross-session,AdaBN
212,16,1,0.00040816600005655346,97,A05,cross-session,AdaBN
213,16,1,0.0004102640000382962,97,A05,cross-session,AdaBN
214,16,0,0.0004440399999339206,97,A05,cross-session,AdaBN
215,16,0,0.000377430999947137,97,A05,cross-session,AdaBN
216,16,0,0.0003890959999353072,97,A05,cross-session,AdaBN
217,16,1,0.0003715489999649435,97,A05,cross-session,AdaBN
218,16,1,0.0003913650000413327,97,A05,cross-session,AdaBN
219,16,0,0.00043680599992512725,97,A05,cross-session,AdaBN
220,16,0,0.00039242299999386887,97,A05,cross-session,AdaBN
221,16,0,0.0004227829999763344,97,A05,cross-session,AdaBN
222,16,0,0.00039515399998890643,97,A05,cross-session,AdaBN
223,16,0,0.00037544499991781777,97,A05,cross-session,AdaBN
224,16,1,0.00040598999999019725,97,A05,cross-session,AdaBN
225,16,0,0.000372148999986166,97,A05,cross-session,AdaBN
226,16,1,0.00040448699996886717,97,A05,cross-session,AdaBN
227,16,0,0.0004366290000916706,97,A05,cross-session,AdaBN
228,16,0,0.0004209490000448568,97,A05,cross-session,AdaBN
229,16,0,0.0004386010000416718,97,A05,cross-session,AdaBN
230,16,0,0.0004105770000251141,97,A05,cross-session,AdaBN
231,16,1,0.0004072300000643736,97,A05,cross-session,AdaBN
232,16,0,0.0003932139999278661,97,A05,cross-session,AdaBN
233,16,0,0.0004032930000903434,97,A05,cross-session,AdaBN
234,16,0,0.0003647780000619605,97,A05,cross-session,AdaBN
235,16,0,0.00038724500006992457,97,A05,cross-session,AdaBN
236,16,0,0.00038274999997156556,97,A05,cross-session,AdaBN
237,16,0,0.00040361199990002206,97,A05,cross-session,AdaBN
238,16,0,0.0004141629999594443,97,A05,cross-session,AdaBN
239,16,0,0.0003856020000512217,97,A05,cross-session,AdaBN
240,16,0,0.0004033029999845894,97,A05,cross-session,AdaBN
241,16,1,0.00039550300004975725,97,A05,cross-session,AdaBN
242,16,0,0.0004045840000799217,97,A05,cross-session,AdaBN
243,16,1,0.0003907120000121722,97,A05,cross-session,AdaBN
244,16,1,0.0003872039999350818,97,A05,cross-session,AdaBN
245,16,0,0.0003726310000047306,97,A05,cross-session,AdaBN
246,16,0,0.00038889999996172264,97,A05,cross-session,AdaBN
247,16,0,0.0003893660000358068,97,A05,cross-session,AdaBN
248,16,0,0.0003827439999213311,97,A05,cross-session,AdaBN
249,16,0,0.0004060129999743367,97,A05,cross-session,AdaBN
250,16,1,0.0004219090000106007,97,A05,cross-session,AdaBN
251,16,1,0.0003800859999500972,97,A05,cross-session,AdaBN
252,16,0,0.00042201000007935363,97,A05,cross-session,AdaBN
253,16,0,0.00040869400004339695,97,A05,cross-session,AdaBN
254,16,0,0.00042396999992888595,97,A05,cross-session,AdaBN
255,16,0,0.00043056499998783693,97,A05,cross-session,AdaBN
256,16,1,0.00038633500003015797,97,A05,cross-session,AdaBN
257,16,0,0.00039010099999359227,97,A05,cross-session,AdaBN
258,16,0,0.0004102530000409388,97,A05,cross-session,AdaBN
259,16,1,0.00038906600002519554,97,A05,cross-session,AdaBN
260,16,0,0.00040140400005839183,97,A05,cross-session,AdaBN
261,16,0,0.0003808330000083515,97,A05,cross-session,AdaBN
262,16,0,0.00038492500004849717,97,A05,cross-session,AdaBN
263,16,1,0.0004095989999086669,97,A05,cross-session,AdaBN
264,16,0,0.00042994199998247495,97,A05,cross-session,AdaBN
265,16,1,0.0003966179999679298,97,A05,cross-session,AdaBN
266,16,1,0.00040570400005890406,97,A05,cross-session,AdaBN
267,16,1,0.0003764699999919685,97,A05,cross-session,AdaBN
268,16,0,0.0003832120000879513,97,A05,cross-session,AdaBN
269,16,0,0.0004341730000305688,97,A05,cross-session,AdaBN
270,16,0,0.00038890599989827024,97,A05,cross-session,AdaBN
271,16,0,0.0003961900000604146,97,A05,cross-session,AdaBN
272,16,1,0.00040229299997918133,97,A05,cross-session,AdaBN
273,16,1,0.00040239800000563264,97,A05,cross-session,AdaBN
274,16,0,0.0003968190000023242,97,A05,cross-session,AdaBN
275,16,1,0.0003996760000291033,97,A05,cross-session,AdaBN
276,16,0,0.00038925899991681945,97,A05,cross-session,AdaBN
277,16,0,0.00038913800005957455,97,A05,cross-session,AdaBN
278,16,0,0.00041597599999931845,97,A05,cross-session,AdaBN
279,16,0,0.00038428000004842033,97,A05,cross-session,AdaBN
280,16,0,0.00039244499998858373,97,A05,cross-session,AdaBN
281,16,0,0.0004091429999562024,97,A05,cross-session,AdaBN
282,16,0,0.0004159140000865591,97,A05,cross-session,AdaBN
283,16,0,0.0003843419999611797,97,A05,cross-session,AdaBN
284,16,0,0.0003945770000655102,97,A05,cross-session,AdaBN
285,16,1,0.00037989400004789786,97,A05,cross-session,AdaBN
286,16,0,0.00040384299995821493,97,A05,cross-session,AdaBN
287,16,0,0.00037779299998419447,97,A05,cross-session,AdaBN
0,1,1,0.0005592119999846545,97,A06,cross-session,AdaBN
1,2,0,0.0005008069999803411,97,A06,cross-session,AdaBN
2,3,0,0.0005609149999372676,97,A06,cross-session,AdaBN
3,4,0,0.0006529929999032902,97,A06,cross-session,AdaBN
4,5,0,0.0006435239999973419,97,A06,cross-session,AdaBN
5,6,1,0.0012371960000336912,97,A06,cross-session,AdaBN
6,7,0,0.0012106450000146651,97,A06,cross-session,AdaBN
7,8,0,0.0011315599999761616,97,A06,cross-session,AdaBN
8,9,1,0.001123462999998992,97,A06,cross-session,AdaBN
9,10,1,0.0010873369999444549,97,A06,cross-session,AdaBN
10,11,1,0.001075943000046209,97,A06,cross-session,AdaBN
11,12,1,0.001061290000052395,97,A06,cross-session,AdaBN
12,13,0,0.0010291889999507475,97,A06,cross-session,AdaBN
13,14,1,0.0010481900000058886,97,A06,cross-session,AdaBN
14,15,0,0.0010599350000575214,97,A06,cross-session,AdaBN
15,16,1,0.0010702349999291982,97,A06,cross-session,AdaBN
16,16,1,0.0011231890000544809,97,A06,cross-session,AdaBN
17,16,0,0.0010210670000105893,97,A06,cross-session,AdaBN
18,16,0,0.0010639060000130485,97,A06,cross-session,AdaBN
19,16,1,0.0010451180000927707,97,A06,cross-session,AdaBN
20,16,0,0.0010553629999776604,97,A06,cross-session,AdaBN
21,16,1,0.001012913999943521,97,A06,cross-session,AdaBN
22,16,0,0.0009937240000681413,97,A06,cross-session,AdaBN
23,16,1,0.0010084340000275915,97,A06,cross-session,AdaBN
24,16,0,0.0010531069999615283,97,A06,cross-session,AdaBN
25,16,1,0.0005068420000498008,97,A06,cross-session,AdaBN
26,16,0,0.0003813499999978376,97,A06,cross-session,AdaBN
27,16,0,0.0004373140000097919,97,A06,cross-session,AdaBN
28,16,1,0.00038282499997421837,97,A06,cross-session,AdaBN
29,16,0,0.0003986890000078347,97,A06,cross-session,AdaBN
30,16,0,0.00039487000003646244,97,A06,cross-session,AdaBN
31,16,0,0.000434466000001521,97,A06,cross-session,AdaBN
32,16,0,0.00040908799996941525,97,A06,cross-session,AdaBN
33,16,0,0.00038622099998519843,97,A06,cross-session,AdaBN
34,16,0,0.00041481899995687854,97,A06,cross-session,AdaBN
35,16,1,0.00039752299994688656,97,A06,cross-session,AdaBN
36,16,1,0.0004295610000326633,97,A06,cross-session,AdaBN
37,16,1,0.0004574959999672501,97,A06,cross-session,AdaBN
38,16,1,0.0005044360000283632,97,A06,cross-session,AdaBN
39,16,0,0.0004701479999766889,97,A06,cross-session,AdaBN
40,16,1,0.00045927199994366674,97,A06,cross-session,AdaBN
41,16,1,0.0004397610000523855,97,A06,cross-session,AdaBN
42,16,0,0.0004178090000550583,97,A06,cross-session,AdaBN
43,16,1,0.00040566600000602193,97,A06,cross-session,AdaBN
44,16,1,0.0003815600000507402,97,A06,cross-session,AdaBN
45,16,0,0.0003707990000521022,97,A06,cross-session,AdaBN
46,16,0,0.00037932700001874764,97,A06,cross-session,AdaBN
47,16,0,0.00037414800010537874,97,A06,cross-session,AdaBN
48,16,1,0.0003640539999878456,97,A06,cross-session,AdaBN
49,16,0,0.00039072599997780344,97,A06,cross-session,AdaBN
50,16,0,0.0003798779999897306,97,A06,cross-session,AdaBN
51,16,1,0.00039771700005530874,97,A06,cross-session,AdaBN
52,16,1,0.00039039600005708053,97,A06,cross-session,AdaBN
53,16,0,0.00045525899997755914,97,A06,cross-session,AdaBN
54,16,1,0.0003725330000179383,97,A06,cross-session,AdaBN
55,16,0,0.00042002599991519673,97,A06,cross-session,AdaBN
56,16,0,0.0003746060000366924,97,A06,cross-session,AdaBN
57,16,0,0.0004148699999859673,97,A06,cross-session,AdaBN
58,16,0,0.0004016770000134784,97,A06,cross-session,AdaBN
59,16,1,0.00039284100000713806,97,A06,cross-session,AdaBN
60,16,1,0.00036604399997486325,97,A06,cross-session,AdaBN
61,16,1,0.0003911019999804921,97,A06,cross-session,AdaBN
62,16,0,0.00036328400005913863,97,A06,cross-session,AdaBN
63,16,1,0.0003850839999586242,97,A06,cross-session,AdaBN
64,16,1,0.00036692999992737896,97,A06,cross-session,AdaBN
65,16,0,0.0003759159999390249,97,A06,cross-session,AdaBN
66,16,0,0.00039022600003590924,97,A06,cross-session,AdaBN
67,16,0,0.00038088899998456327,97,A06,cross-session,AdaBN
68,16,1,0.0003900340000200231,97,A06,cross-session,AdaBN
69,16,1,0.0003971400000182257,97,A06,cross-session,AdaBN
70,16,0,0.00036643899989030615,97,A06,cross-session,AdaBN
71,16,0,0.0003797780000240891,97,A06,cross-session,AdaBN
72,16,0,0.00040109000008214934,97,A06,cross-session,AdaBN
73,16,0,0.0003759459999628234,97,A06,cross-session,AdaBN
74,16,0,0.00036055399993983883,97,A06,cross-session,AdaBN
75,16,0,0.00036563299988756626,97,A06,cross-session,AdaBN
76,16,0,0.0003670129999591154,97,A06,cross-session,AdaBN
77,16,0,0.00036784599990369315,97,A06,cross-session,AdaBN
78,16,0,0.00037233399996239314,97,A06,cross-session,AdaBN
79,16,0,0.000401466000084838,97,A06,cross-session,AdaBN
80,16,1,0.000371651000023121,97,A06,cross-session,AdaBN
81,16,0,0.0003827359998922475,97,A06,cross-session,AdaBN
82,16,1,0.00036977100000967766,97,A06,cross-session,AdaBN
83,16,0,0.00036966499999380176,97,A06,cross-session,AdaBN
84,16,1,0.0003689020001047538,97,A06,cross-session,AdaBN
85,16,0,0.00038101999996342784,97,A06,cross-session,AdaBN
86,16,0,0.0003813120000586423,97,A06,cross-session,AdaBN
87,16,0,0.0003654170000118029,97,A06,cross-session,AdaBN
88,16,1,0.00037858799998957693,97,A06,cross-session,AdaBN
89,16,0,0.00037285600001268904,97,A06,cross-session,AdaBN
90,16,1,0.0004137800000307834,97,A06,cross-session,AdaBN
91,16,0,0.00038816300002508797,97,A06,cross-session,AdaBN
92,16,0,0.00036407300001428666,97,A06,cross-session,AdaBN
93,16,1,0.00039889499998935207,97,A06,cross-session,AdaBN
94,16,0,0.0003805500000453321,97,A06,cross-session,AdaBN
95,16,1,0.00038116799998988427,97,A06,cross-session,AdaBN
96,16,1,0.0004175409999334079,97,A06,cross-session,AdaBN
97,16,1,0.00040894200003549486,97,A06,cross-session,AdaBN
98,16,0,0.0003825040000720037,97,A06,cross-session,AdaBN
99,16,0,0.00036648700006480794,97,A06,cross-session,AdaBN
100,16,1,0.0003630870000961295,97,A06,cross-session,AdaBN
101,16,0,0.0005571660000214251,97,A06,cross-session,AdaBN
102,16,1,0.0004429089999575808,97,A06,cross-session,AdaBN
103,16,0,0.00038594800003011187,97,A06,cross-session,AdaBN
104,16,0,0.00036121999994520593,97,A06,cross-session,AdaBN
105,16,1,0.0004157519999807846,97,A06,cross-session,AdaBN
106,16,1,0.00037939700007427746,97,A06,cross-session,AdaBN
107,16,1,0.0003611650000721056,97,A06,cross-session,AdaBN
108,16,1,0.0003793269999050608,97,A06,cross-session,AdaBN
109,16,1,0.00038607700003012724,97,A06,cross-session,AdaBN
110,16,0,0.00037163399997552915,97,A06,cross-session,AdaBN
111,16,1,0.00038324000001921377,97,A06,cross-session,AdaBN
112,16,1,0.00035672399997110915,97,A06,cross-session,AdaBN
113,16,0,0.00038496000001941866,97,A06,cross-session,AdaBN
114,16,0,0.0003761860000395245,97,A06,cross-session,AdaBN
115,16,1,0.00038242100004026724,97,A06,cross-session,AdaBN
116,16,1,0.0003631060000088837,97,A06,cross-session,AdaBN
117,16,0,0.0003828079999266265,97,A06,cross-session,AdaBN
118,16,1,0.0003670060000331432,97,A06,cross-session,AdaBN
119,16,1,0.0003740220000736372,97,A06,cross-session,AdaBN
120,16,1,0.0004185639999150226,97,A06,cross-session,AdaBN
121,16,0,0.0004232139999658102,97,A06,cross-session,AdaBN
122,16,0,0.00035952999996879953,97,A06,cross-session,AdaBN
123,16,0,0.00042753600007472414,97,A06,cross-session,AdaBN
124,16,1,0.00035487400009515113,97,A06,cross-session,AdaBN
125,16,1,0.00036273899991101644,97,A06,cross-session,AdaBN
126,16,0,0.0003851279999480539,97,A06,cross-session,AdaBN
127,16,0,0.0003811359999872366,97,A06,cross-session,AdaBN
128,16,0,0.0004078650000565176,97,A06,cross-session,AdaBN
129,16,1,0.0003602830000772883,97,A06,cross-session,AdaBN
130,16,0,0.00038619999997990817,97,A06,cross-session,AdaBN
131,16,0,0.0003807219999316658,97,A06,cross-session,AdaBN
132,16,0,0.0003597200000058365,97,A06,cross-session,AdaBN
133,16,1,0.00039725600004203443,97,A06,cross-session,AdaBN
134,16,0,0.00036533599995891564,97,A06,cross-session,AdaBN
135,16,0,0.0003680639999856794,97,A06,cross-session,AdaBN
136,16,0,0.00041320299999370036,97,A06,cross-session,AdaBN
137,16,0,0.00037058499992781435,97,A06,cross-session,AdaBN
138,16,1,0.0003722879999941142,97,A06,cross-session,AdaBN
139,16,0,0.000365048999924511,97,A06,cross-session,AdaBN
140,16,0,0.00037260800002059113,97,A06,cross-session,AdaBN
141,16,0,0.0004101770000488614,97,A06,cross-session,AdaBN
142,16,1,0.00037380200001280173,97,A06,cross-session,AdaBN
143,16,0,0.00039279300006000994,97,A06,cross-session,AdaBN
144,16,0,0.00038239699995301635,97,A06,cross-session,AdaBN
145,16,1,0.0003631019999374985,97,A06,cross-session,AdaBN
146,16,1,0.0004042169999820544,97,A06,cross-session,AdaBN
147,16,1,0.00036026700001912104,97,A06,cross-session,AdaBN
148,16,0,0.00036273899991101644,97,A06,cross-session,AdaBN
149,16,1,0.00038348999999016087,97,A06,cross-session,AdaBN
150,16,0,0.0004099020000012388,97,A06,cross-session,AdaBN
151,16,1,0.0004189410000208227,97,A06,cross-session,AdaBN
152,16,0,0.000417790999904355,97,A06,cross-session,AdaBN
153,16,0,0.000397949999978664,97,A06,cross-session,AdaBN
154,16,0,0.00040490799995041016,97,A06,cross-session,AdaBN
155,16,0,0.0004194529999494989,97,A06,cross-session,AdaBN
156,16,1,0.00038337700004831277,97,A06,cross-session,AdaBN
157,16,1,0.000414190000014969,97,A06,cross-session,AdaBN
158,16,0,0.0003812559999687437,97,A06,cross-session,AdaBN
159,16,0,0.0003811939999422975,97,A06,cross-session,AdaBN
160,16,1,0.0004230959999631523,97,A06,cross-session,AdaBN
161,16,1,0.00038095599995813245,97,A06,cross-session,AdaBN
162,16,0,0.0003962250000313361,97,A06,cross-session,AdaBN
163,16,0,0.00038530599999830883,97,A06,cross-session,AdaBN
164,16,1,0.0003706229999806965,97,A06,cross-session,AdaBN
165,16,0,0.00040256600004795473,97,A06,cross-session,AdaBN
166,16,1,0.00040074699995784613,97,A06,cross-session,AdaBN
167,16,1,0.00040809300003274984,97,A06,cross-session,AdaBN
168,16,1,0.00038732099994831515,97,A06,cross-session,AdaBN
169,16,0,0.0003758879998940756,97,A06,cross-session,AdaBN
170,16,0,0.00040057599994725024,97,A06,cross-session,AdaBN
171,16,0,0.00038950699990891735,97,A06,cross-session,AdaBN
172,16,0,0.0003824300000587755,97,A06,cross-session,AdaBN
173,16,1,0.00044681000008495175,97,A06,cross-session,AdaBN
174,16,0,0.00038753599994834076,97,A06,cross-session,AdaBN
175,16,0,0.0004281230000060532,97,A06,cross-session,AdaBN
176,16,1,0.00038495500007229566,97,A06,cross-session,AdaBN
177,16,0,0.0003760499999998501,97,A06,cross-session,AdaBN
178,16,1,0.0003816340000639684,97,A06,cross-session,AdaBN
179,16,0,0.0003857460000062929,97,A06,cross-session,AdaBN
180,16,0,0.0004259739999952217,97,A06,cross-session,AdaBN
181,16,1,0.0003866600000037579,97,A06,cross-session,AdaBN
182,16,0,0.0003804670000135957,97,A06,cross-session,AdaBN
183,16,0,0.00037982300000294344,97,A06,cross-session,AdaBN
184,16,1,0.0003804389999686464,97,A06,cross-session,AdaBN
185,16,1,0.00037210199991477566,97,A06,cross-session,AdaBN
186,16,1,0.0003772139999682622,97,A06,cross-session,AdaBN
187,16,1,0.0003719329999967158,97,A06,cross-session,AdaBN
188,16,0,0.00039223400005994336,97,A06,cross-session,AdaBN
189,16,1,0.00041217300008611346,97,A06,cross-session,AdaBN
190,16,0,0.00037847400005830423,97,A06,cross-session,AdaBN
191,16,1,0.00040474600007200934,97,A06,cross-session,AdaBN
192,16,0,0.00040796699988732144,97,A06,cross-session,AdaBN
193,16,0,0.00040018300001065654,97,A06,cross-session,AdaBN
194,16,0,0.0004101309999668956,97,A06,cross-session,AdaBN
195,16,0,0.00041351499999109365,97,A06,cross-session,AdaBN
196,16,1,0.00037536000002091896,97,A06,cross-session,AdaBN
197,16,1,0.0003860550000354124,97,A06,cross-session,AdaBN
198,16,1,0.0004084029999376071,97,A06,cross-session,AdaBN
199,16,1,0.00040381999997407547,97,A06,cross-session,AdaBN
200,16,0,0.00038159099995027645,97,A06,cross-session,AdaBN
201,16,0,0.0003919660000519798,97,A06,cross-session,AdaBN
202,16,0,0.00042402400003993534,97,A06,cross-session,AdaBN
203,16,1,0.000418274000026031,97,A06,cross-session,AdaBN
204,16,1,0.0004058590000113327,97,A06,cross-session,AdaBN
205,16,0,0.0004202090000262615,97,A06,cross-session,AdaBN
206,16,1,0.00037472899998647335,97,A06,cross-session,AdaBN
207,16,1,0.0003901139999697989,97,A06,cross-session,AdaBN
208,16,0,0.00040559600006417895,97,A06,cross-session,AdaBN
209,16,0,0.00038213600009839865,97,A06,cross-session,AdaBN
210,16,0,0.0004613529999915045,97,A06,cross-session,AdaBN
211,16,1,0.0003959229999281888,97,A06,cross-session,AdaBN
212,16,0,0.0003820100000666571,97,A06,cross-session,AdaBN
213,16,1,0.00038517299992690823,97,A06,cross-session,AdaBN
214,16,1,0.000377123000021129,97,A06,cross-session,AdaBN
215,16,0,0.0003856390000009924,97,A06,cross-session,AdaBN
216,16,0,0.0004188189999467795,97,A06,cross-session,AdaBN
217,16,0,0.0003898759999856338,97,A06,cross-session,AdaBN
218,16,0,0.00038207199997941643,97,A06,cross-session,AdaBN
219,16,1,0.00043948199993337767,97,A06,cross-session,AdaBN
220,16,0,0.00041387099997791665,97,A06,cross-session,AdaBN
221,16,0,0.00038938900001994625,97,A06,cross-session,AdaBN
222,16,0,0.00037390800002867763,97,A06,cross-session,AdaBN
223,16,0,0.0004281089999267351,97,A06,cross-session,AdaBN
224,16,1,0.000435805999927652,97,A06,cross-session,AdaBN
225,16,0,0.0003872629999932542,97,A06,cross-session,AdaBN
226,16,1,0.0004085600000962586,97,A06,cross-session,AdaBN
227,16,0,0.00041818600004717155,97,A06,cross-session,AdaBN
228,16,1,0.0003860010000380498,97,A06,cross-session,AdaBN
229,16,0,0.0004422520000844088,97,A06,cross-session,AdaBN
230,16,1,0.00038717900008578,97,A06,cross-session,AdaBN
231,16,0,0.00037412999995467544,97,A06,cross-session,AdaBN
232,16,0,0.00039255399997273344,97,A06,cross-session,AdaBN
233,16,0,0.00040570500004832866,97,A06,cross-session,AdaBN
234,16,0,0.00037767499998153653,97,A06,cross-session,AdaBN
235,16,1,0.0003912089999857926,97,A06,cross-session,AdaBN
236,16,1,0.0003951909999386771,97,A06,cross-session,AdaBN
237,16,0,0.00045490599995900993,97,A06,cross-session,AdaBN
238,16,0,0.00040335899996080116,97,A06,cross-session,AdaBN
239,16,1,0.0003839510000034352,97,A06,cross-session,AdaBN
240,16,1,0.0003988580000395814,97,A06,cross-session,AdaBN
241,16,0,0.00038499799995861395,97,A06,cross-session,AdaBN
242,16,1,0.00041428300005463825,97,A06,cross-session,AdaBN
243,16,0,0.0003904810000676662,97,A06,cross-session,AdaBN
244,16,1,0.0003820580000137852,97,A06,cross-session,AdaBN
245,16,0,0.0003922820000070715,97,A06,cross-session,AdaBN
246,16,0,0.00041766300000745105,97,A06,cross-session,AdaBN
247,16,0,0.0003921139999647494,97,A06,cross-session,AdaBN
248,16,0,0.00038028000005851936,97,A06,cross-session,AdaBN
249,16,1,0.00038443300002199976,97,A06,cross-session,AdaBN
250,16,1,0.00046240899996519147,97,A06,cross-session,AdaBN
251,16,1,0.00039439299996502086,97,A06,cross-session,AdaBN
252,16,0,0.00040350199992644775,97,A06,cross-session,AdaBN
253,16,0,0.00041073199997754273,97,A06,cross-session,AdaBN
254,16,1,0.00039074399990113307,97,A06,cross-session,AdaBN
255,16,1,0.0003936360000125205,97,A06,cross-session,AdaBN
256,16,0,0.00037251699995977106,97,A06,cross-session,AdaBN
257,16,0,0.0003966790000049514,97,A06,cross-session,AdaBN
258,16,1,0.00038312300000598043,97,A06,cross-session,AdaBN
259,16,0,0.00037895699995260657,97,A06,cross-session,AdaBN
260,16,0,0.00040506800007733545,97,A06,cross-session,AdaBN
261,16,0,0.00038474999996651604,97,A06,cross-session,AdaBN
262,16,0,0.00037076699993576767,97,A06,cross-session,AdaBN
263,16,0,0.0004071459999295257,97,A06,cross-session,AdaBN
264,16,1,0.0004141580000123213,97,A06,cross-session,AdaBN
265,16,1,0.00041795200002070487,97,A06,cross-session,AdaBN
266,16,1,0.00040057199998955184,97,A06,cross-session,AdaBN
267,16,1,0.00037679600006867986,97,A06,cross-session,AdaBN
268,16,1,0.00038161100007982895,97,A06,cross-session,AdaBN
269,16,0,0.00042333499993674195,97,A06,cross-session,AdaBN
270,16,0,0.00041714399992542894,97,A06,cross-session,AdaBN
271,16,1,0.0003961480000498341,97,A06,cross-session,AdaBN
272,16,1,0.0003869409999879281,97,A06,cross-session,AdaBN
273,16,0,0.0003846179999982269,97,A06,cross-session,AdaBN
274,16,1,0.0004162789999782035,97,A06,cross-session,AdaBN
275,16,0,0.00045455600002242136,97,A06,cross-session,AdaBN
276,16,0,0.0004088560000354846,97,A06,cross-session,AdaBN
277,16,0,0.00041424200003348233,97,A06,cross-session,AdaBN
278,16,0,0.00043011599996134464,97,A06,cross-session,AdaBN
279,16,0,0.0003826540000773093,97,A06,cross-session,AdaBN
280,16,1,0.0004334720000542802,97,A06,cross-session,AdaBN
281,16,1,0.0003885620000119161,97,A06,cross-session,AdaBN
282,16,0,0.0003794599999764614,97,A06,cross-session,AdaBN
283,16,0,0.0003894290000516776,97,A06,cross-session,AdaBN
284,16,1,0.00041253599999890866,97,A06,cross-session,AdaBN
285,16,1,0.0004558370000040668,97,A06,cross-session,AdaBN
286,16,1,0.00041343500004131783,97,A06,cross-session,AdaBN
287,16,0,0.0003853540000591238,97,A06,cross-session,AdaBN
0,1,0,0.0005666440000595685,97,A07,cross-session,AdaBN
1,2,1,0.00047735299995110836,97,A07,cross-session,AdaBN
2,3,1,0.0004666109999789114,97,A07,cross-session,AdaBN
3,4,0,0.0004832089999808886,97,A07,cross-session,AdaBN
4,5,0,0.00048620799998388975,97,A07,cross-session,AdaBN
5,6,1,0.00045483700000659155,97,A07,cross-session,AdaBN
6,7,1,0.00043686699996214884,97,A07,cross-session,AdaBN
7,8,0,0.00044571900002665643,97,A07,cross-session,AdaBN
8,9,1,0.0005035140000018146,97,A07,cross-session,AdaBN
9,10,1,0.0006794829999989815,97,A07,cross-session,AdaBN
10,11,1,0.0006409899999653135,97,A07,cross-session,AdaBN
11,12,1,0.0006447570000318592,97,A07,cross-session,AdaBN
12,13,1,0.0006164090000311262,97,A07,cross-session,AdaBN
13,14,1,0.0006232069999896339,97,A07,cross-session,AdaBN
14,15,1,0.0006251810000321711,97,A07,cross-session,AdaBN
15,16,0,0.0005981100000553852,97,A07,cross-session,AdaBN
16,16,0,0.0006186970000499059,97,A07,cross-session,AdaBN
17,16,1,0.0006105910000542281,97,A07,cross-session,AdaBN
18,16,0,0.0006209619999708593,97,A07,cross-session,AdaBN
19,16,1,0.0006038440000111223,97,A07,cross-session,AdaBN
20,16,1,0.0006053749999637148,97,A07,cross-session,AdaBN
21,16,1,0.0007226530000252751,97,A07,cross-session,AdaBN
22,16,0,0.0012025340000718643,97,A07,cross-session,AdaBN
23,16,0,0.0008323609999933979,97,A07,cross-session,AdaBN
24,16,0,0.000466660000029151,97,A07,cross-session,AdaBN
25,16,1,0.00040191100003994507,97,A07,cross-session,AdaBN
26,16,0,0.00043778099995961384,97,A07,cross-session,AdaBN
27,16,0,0.00038441900005636853,97,A07,cross-session,AdaBN
28,16,0,0.0003826709998975275,97,A07,cross-session,AdaBN
29,16,0,0.00039344199990409834,97,A07,cross-session,AdaBN
30,16,1,0.0004283819999955085,97,A07,cross-session,AdaBN
31,16,0,0.000433746999988216,97,A07,cross-session,AdaBN
32,16,1,0.00041240199993808346,97,A07,cross-session,AdaBN
33,16,1,0.0003803270000162229,97,A07,cross-session,AdaBN
34,16,1,0.00040473699993981427,97,A07,cross-session,AdaBN
35,16,0,0.0003772590000608034,97,A07,cross-session,AdaBN
36,16,1,0.0003659860000198023,97,A07,cross-session,AdaBN
37,16,1,0.00037498399990454345,97,A07,cross-session,AdaBN
38,16,1,0.00037090799992256507,97,A07,cross-session,AdaBN
39,16,1,0.00037932600002932304,97,A07,cross-session,AdaBN
40,16,1,0.000385510000000977,97,A07,cross-session,AdaBN
41,16,1,0.0003899560000490965,97,A07,cross-session,AdaBN
42,16,1,0.0003789049999340932,97,A07,cross-session,AdaBN
43,16,0,0.0003755459999865707,97,A07,cross-session,AdaBN
44,16,1,0.00037700200005019724,97,A07,cross-session,AdaBN
45,16,1,0.00036744099998031743,97,A07,cross-session,AdaBN
46,16,1,0.0003949389999888808,97,A07,cross-session,AdaBN
47,16,1,0.00038707399994564184,97,A07,cross-session,AdaBN
48,16,0,0.0004126269999460419,97,A07,cross-session,AdaBN
49,16,0,0.00038323100000070554,97,A07,cross-session,AdaBN
50,16,0,0.00038231200005611754,97,A07,cross-session,AdaBN
51,16,0,0.0003794289999632383,97,A07,cross-session,AdaBN
52,16,0,0.0003951139999571751,97,A07,cross-session,AdaBN
53,16,1,0.00040486199998213124,97,A07,cross-session,AdaBN
54,16,0,0.0003901430000041728,97,A07,cross-session,AdaBN
55,16,1,0.0004105819999722371,97,A07,cross-session,AdaBN
56,16,1,0.0003691090000756958,97,A07,cross-session,AdaBN
57,16,0,0.0003992440000502029,97,A07,cross-session,AdaBN
58,16,1,0.00039374800007863087,97,A07,cross-session,AdaBN
59,16,1,0.0003710070000124688,97,A07,cross-session,AdaBN
60,16,0,0.0004023120000056224,97,A07,cross-session,AdaBN
61,16,0,0.0003753089999918302,97,A07,cross-session,AdaBN
62,16,0,0.0004116379999459241,97,A07,cross-session,AdaBN
63,16,0,0.0003654689999166294,97,A07,cross-session,AdaBN
64,16,1,0.0004127019999486947,97,A07,cross-session,AdaBN
65,16,1,0.00036903299996993155,97,A07,cross-session,AdaBN
66,16,1,0.00038252700005614315,97,A07,cross-session,AdaBN
67,16,0,0.0003892900000437294,97,A07,cross-session,AdaBN
68,16,1,0.0003638209999508035,97,A07,cross-session,AdaBN
69,16,1,0.0003776629999947545,97,A07,cross-session,AdaBN
70,16,0,0.00036365599999044207,97,A07,cross-session,AdaBN
71,16,0,0.00040257099999507773,97,A07,cross-session,AdaBN
72,16,1,0.0003969289999758985,97,A07,cross-session,AdaBN
73,16,1,0.00037401600002340274,97,A07,cross-session,AdaBN
74,16,1,0.0003995680000343782,97,A07,cross-session,AdaBN
75,16,1,0.00036576999991666526,97,A07,cross-session,AdaBN
76,16,0,0.0003971060000367288,97,A07,cross-session,AdaBN
77,16,1,0.0004030549999924915,97,A07,cross-session,AdaBN
78,16,0,0.00040049599999747443,97,A07,cross-session,AdaBN
79,16,1,0.00038154000003487454,97,A07,cross-session,AdaBN
80,16,0,0.00036382700000103796,97,A07,cross-session,AdaBN
81,16,0,0.0006709759999239395,97,A07,cross-session,AdaBN
82,16,0,0.00045490000002246234,97,A07,cross-session,AdaBN
83,16,1,0.00036729300006754784,97,A07,cross-session,AdaBN
84,16,1,0.0003983699999707824,97,A07,cross-session,AdaBN
85,16,1,0.00037338500010264397,97,A07,cross-session,AdaBN
86,16,0,0.00036642899999606016,97,A07,cross-session,AdaBN
87,16,1,0.0003719239999782076,97,A07,cross-session,AdaBN
88,16,1,0.00037420199998905446,97,A07,cross-session,AdaBN
89,16,1,0.0003517799999599447,97,A07,cross-session,AdaBN
90,16,1,0.0003514960000075007,97,A07,cross-session,AdaBN
91,16,1,0.0004010879999896133,97,A07,cross-session,AdaBN
92,16,1,0.00042578900001899456,97,A07,cross-session,AdaBN
93,16,1,0.0003903279999803999,97,A07,cross-session,AdaBN
94,16,1,0.00040197900000293885,97,A07,cross-session,AdaBN
95,16,1,0.00038180100000317907,97,A07,cross-session,AdaBN
96,16,1,0.0003511569999545827,97,A07,cross-session,AdaBN
97,16,1,0.00038375799999812443,97,A07,cross-session,AdaBN
98,16,0,0.0003560580000794289,97,A07,cross-session,AdaBN
99,16,1,0.0003651670000408558,97,A07,cross-session,AdaBN
100,16,0,0.0003670400000146401,97,A07,cross-session,AdaBN
101,16,0,0.00036646000000928325,97,A07,cross-session,AdaBN
102,16,0,0.000385365999932219,97,A07,cross-session,AdaBN
103,16,1,0.00036379899995608866,97,A07,cross-session,AdaBN
104,16,0,0.0003638480000063282,97,A07,cross-session,AdaBN
105,16,0,0.00039793600001303275,97,A07,cross-session,AdaBN
106,16,0,0.00035484700003962644,97,A07,cross-session,AdaBN
107,16,1,0.0003898270000490811,97,A07,cross-session,AdaBN
108,16,0,0.0003563750000239452,97,A07,cross-session,AdaBN
109,16,0,0.00036206899994795094,97,A07,cross-session,AdaBN
110,16,0,0.0003683129999672019,97,A07,cross-session,AdaBN
111,16,0,0.00036185399994792533,97,A07,cross-session,AdaBN
112,16,0,0.0003832190000139235,97,A07,cross-session,AdaBN
113,16,1,0.0003932829999939713,97,A07,cross-session,AdaBN
114,16,0,0.0003661329999431473,97,A07,cross-session,AdaBN
115,16,0,0.00036696299991945125,97,A07,cross-session,AdaBN
116,16,1,0.0003553359999841632,97,A07,cross-session,AdaBN
117,16,0,0.00036607499998808635,97,A07,cross-session,AdaBN
118,16,1,0.0003927779999912673,97,A07,cross-session,AdaBN
119,16,0,0.00037245199996505107,97,A07,cross-session,AdaBN
120,16,0,0.0003696429999990869,97,A07,cross-session,AdaBN
121,16,1,0.00035616399998161796,97,A07,cross-session,AdaBN
122,16,1,0.00037964400007695076,97,A07,cross-session,AdaBN
123,16,0,0.0003710440000759263,97,A07,cross-session,AdaBN
124,16,0,0.00036520499998005107,97,A07,cross-session,AdaBN
125,16,0,0.00040266199994221097,97,A07,cross-session,AdaBN
126,16,0,0.0003644459999350147,97,A07,cross-session,AdaBN
127,16,1,0.00036178699997435615,97,A07,cross-session,AdaBN
128,16,0,0.00037550299998656556,97,A07,cross-session,AdaBN
129,16,0,0.00036319200000889396,97,A07,cross-session,AdaBN
130,16,1,0.00039069100000688195,97,A07,cross-session,AdaBN
131,16,0,0.0003760109999575434,97,A07,cross-session,AdaBN
132,16,1,0.0003540029999840044,97,A07,cross-session,AdaBN
133,16,1,0.00043613100001493876,97,A07,cross-session,AdaBN
134,16,1,0.00041678499997033214,97,A07,cross-session,AdaBN
135,16,0,0.00037496499999178923,97,A07,cross-session,AdaBN
136,16,1,0.00038490900010401674,97,A07,cross-session,AdaBN
137,16,1,0.00035907400001633505,97,A07,cross-session,AdaBN
138,16,0,0.00036745099998825026,97,A07,cross-session,AdaBN
139,16,1,0.00036508000005142094,97,A07,cross-session,AdaBN
140,16,0,0.00035474300000259973,97,A07,cross-session,AdaBN
141,16,0,0.00036680100004105043,97,A07,cross-session,AdaBN
142,16,0,0.0003613790000827066,97,A07,cross-session,AdaBN
143,16,0,0.0003541570000606953,97,A07,cross-session,AdaBN
144,16,1,0.00035873000001629407,97,A07,cross-session,AdaBN
145,16,0,0.00036432399997465836,97,A07,cross-session,AdaBN
146,16,0,0.00038504800011196494,97,A07,cross-session,AdaBN
147,16,0,0.000368897000043944,97,A07,cross-session,AdaBN
148,16,0,0.0003692220000175439,97,A07,cross-session,AdaBN
149,16,0,0.0003627070000220556,97,A07,cross-session,AdaBN
150,16,1,0.0003532629999654091,97,A07,cross-session,AdaBN
151,16,0,0.0003624299999955838,97,A07,cross-session,AdaBN
152,16,1,0.00036062399999536865,97,A07,cross-session,AdaBN
153,16,1,0.0003544109999893408,97,A07,cross-session,AdaBN
154,16,1,0.0003693160000466378,97,A07,cross-session,AdaBN
155,16,1,0.00036441700001432764,97,A07,cross-session,AdaBN
156,16,1,0.0003597959999979139,97,A07,cross-session,AdaBN
157,16,1,0.0003970120000076349,97,A07,cross-session,AdaBN
158,16,1,0.00037792000000536063,97,A07,cross-session,AdaBN
159,16,1,0.00037583800008178514,97,A07,cross-session,AdaBN
160,16,1,0.0003679170000623344,97,A07,cross-session,AdaBN
161,16,1,0.00036009899997679895,97,A07,cross-session,AdaBN
162,16,1,0.00036041299995304144,97,A07,cross-session,AdaBN
163,16,0,0.00035664300003190874,97,A07,cross-session,AdaBN
164,16,1,0.00035822600000301463,97,A07,cross-session,AdaBN
165,16,1,0.0003926709999859668,97,A07,cross-session,AdaBN
166,16,0,0.0003905429999804255,97,A07,cross-session,AdaBN
167,16,0,0.000372557999980927,97,A07,cross-session,AdaBN
168,16,1,0.00039683600004991604,97,A07,cross-session,AdaBN
169,16,1,0.0003514950000180761,97,A07,cross-session,AdaBN
170,16,0,0.00036970299993299705,97,A07,cross-session,AdaBN
171,16,0,0.0003602570000111882,97,A07,cross-session,AdaBN
172,16,0,0.0003679909999618758,97,A07,cross-session,AdaBN
173,16,0,0.00035781599990514223,97,A07,cross-session,AdaBN
174,16,1,0.00035590300001331343,97,A07,cross-session,AdaBN
175,16,0,0.0003624590000299577,97,A07,cross-session,AdaBN
176,16,1,0.00035203700008423766,97,A07,cross-session,AdaBN
177,16,0,0.0003592399999661211,97,A07,cross-session,AdaBN
178,16,0,0.00035939399992912513,97,A07,cross-session,AdaBN
179,16,1,0.00036224699999820587,97,A07,cross-session,AdaBN
180,16,1,0.0003872930000170527,97,A07,cross-session,AdaBN
181,16,1,0.00036969600000702485,97,A07,cross-session,AdaBN
182,16,0,0.0003562730000794545,97,A07,cross-session,AdaBN
183,16,0,0.00036515200008579995,97,A07,cross-session,AdaBN
184,16,0,0.0003530819999468804,97,A07,cross-session,AdaBN
185,16,1,0.0003669099999115133,97,A07,cross-session,AdaBN
186,16,0,0.00036997300003349665,97,A07,cross-session,AdaBN
187,16,0,0.00035119799997573864,97,A07,cross-session,AdaBN
188,16,0,0.0003627920000326412,97,A07,cross-session,AdaBN
189,16,0,0.0003590899999608155,97,A07,cross-session,AdaBN
190,16,1,0.0003550139999788371,97,A07,cross-session,AdaBN
191,16,0,0.0003872620000038296,97,A07,cross-session,AdaBN
192,16,0,0.000379456000018763,97,A07,cross-session,AdaBN
193,16,1,0.0003674309999723846,97,A07,cross-session,AdaBN
194,16,1,0.0003602619999583112,97,A07,cross-session,AdaBN
195,16,0,0.0003619300000536896,97,A07,cross-session,AdaBN
196,16,1,0.00036252999996122526,97,A07,cross-session,AdaBN
197,16,1,0.00035404799996285874,97,A07,cross-session,AdaBN
198,16,0,0.0003646939999271126,97,A07,cross-session,AdaBN
199,16,0,0.0003517070000498279,97,A07,cross-session,AdaBN
200,16,1,0.0003629999999930078,97,A07,cross-session,AdaBN
201,16,0,0.00038355699996373005,97,A07,cross-session,AdaBN
202,16,0,0.0003520299999308918,97,A07,cross-session,AdaBN
203,16,1,0.0003489619999754723,97,A07,cross-session,AdaBN
204,16,0,0.0003507200000285593,97,A07,cross-session,AdaBN
205,16,1,0.00035647400000016205,97,A07,cross-session,AdaBN
206,16,0,0.00036009799998737435,97,A07,cross-session,AdaBN
207,16,0,0.00036261500008549774,97,A07,cross-session,AdaBN
208,16,0,0.00036312099996393954,97,A07,cross-session,AdaBN
209,16,0,0.0003627719999030887,97,A07,cross-session,AdaBN
210,16,0,0.00036158399996111257,97,A07,cross-session,AdaBN
211,16,1,0.000363701999958721,97,A07,cross-session,AdaBN
212,16,1,0.00036572299995896174,97,A07,cross-session,AdaBN
213,16,0,0.000360110999963581,97,A07,cross-session,AdaBN
214,16,0,0.00038323599994782853,97,A07,cross-session,AdaBN
215,16,0,0.00036536300001444033,97,A07,cross-session,AdaBN
216,16,0,0.0003630969999903755,97,A07,cross-session,AdaBN
217,16,0,0.0003568529999711245,97,A07,cross-session,AdaBN
218,16,1,0.0003535260000262497,97,A07,cross-session,AdaBN
219,16,0,0.0003695400000651716,97,A07,cross-session,AdaBN
220,16,0,0.0003705930000705848,97,A07,cross-session,AdaBN
221,16,0,0.0003666200000225217,97,A07,cross-session,AdaBN
222,16,1,0.00037635099999988597,97,A07,cross-session,AdaBN
223,16,0,0.0003592180000850931,97,A07,cross-session,AdaBN
224,16,1,0.00035483199997088377,97,A07,cross-session,AdaBN
225,16,1,0.0003635540000459514,97,A07,cross-session,AdaBN
226,16,1,0.00036294799997449445,97,A07,cross-session,AdaBN
227,16,0,0.00035537799999474373,97,A07,cross-session,AdaBN
228,16,1,0.0003650649999826783,97,A07,cross-session,AdaBN
229,16,0,0.00035566999997627136,97,A07,cross-session,AdaBN
230,16,1,0.00035890399999516376,97,A07,cross-session,AdaBN
231,16,0,0.0003758200000447687,97,A07,cross-session,AdaBN
232,16,0,0.00035890399999516376,97,A07,cross-session,AdaBN
233,16,0,0.0003707389998908184,97,A07,cross-session,AdaBN
234,16,0,0.00036769300004380057,97,A07,cross-session,AdaBN
235,16,1,0.0003576780000003055,97,A07,cross-session,AdaBN
236,16,1,0.0005169380000324963,97,A07,cross-session,AdaBN
237,16,0,0.0003982700000051409,97,A07,cross-session,AdaBN
238,16,0,0.00039519799997833616,97,A07,cross-session,AdaBN
239,16,0,0.0003940240000019912,97,A07,cross-session,AdaBN
240,16,0,0.00036960299996735557,97,A07,cross-session,AdaBN
241,16,0,0.00038062700002683414,97,A07,cross-session,AdaBN
242,16,0,0.0003689779999831444,97,A07,cross-session,AdaBN
243,16,1,0.00037219499995444494,97,A07,cross-session,AdaBN
244,16,1,0.0003810059999977966,97,A07,cross-session,AdaBN
245,16,0,0.0003968920000261278,97,A07,cross-session,AdaBN
246,16,0,0.0003924270000652541,97,A07,cross-session,AdaBN
247,16,0,0.0003743659999599913,97,A07,cross-session,AdaBN
248,16,1,0.0003673349999644415,97,A07,cross-session,AdaBN
249,16,0,0.0003695330000255126,97,A07,cross-session,AdaBN
250,16,1,0.0003740650000736423,97,A07,cross-session,AdaBN
251,16,0,0.00037103800002569187,97,A07,cross-session,AdaBN
252,16,0,0.0003632879999031502,97,A07,cross-session,AdaBN
253,16,1,0.00035890999993171135,97,A07,cross-session,AdaBN
254,16,0,0.0003563569999869287,97,A07,cross-session,AdaBN
255,16,1,0.0003684360000306697,97,A07,cross-session,AdaBN
256,16,1,0.00036278700008551823,97,A07,cross-session,AdaBN
257,16,0,0.0003706310000097801,97,A07,cross-session,AdaBN
258,16,1,0.000370232000022952,97,A07,cross-session,AdaBN
259,16,0,0.00037271899998359004,97,A07,cross-session,AdaBN
260,16,1,0.00037581899994165724,97,A07,cross-session,AdaBN
261,16,0,0.0003657970000858768,97,A07,cross-session,AdaBN
262,16,1,0.0003622909999876356,97,A07,cross-session,AdaBN
263,16,1,0.00036147499997696286,97,A07,cross-session,AdaBN
264,16,0,0.0003819510000084847,97,A07,cross-session,AdaBN
265,16,1,0.0003603699999530363,97,A07,cross-session,AdaBN
266,16,0,0.0003675259999909031,97,A07,cross-session,AdaBN
267,16,1,0.00036005200001909543,97,A07,cross-session,AdaBN
268,16,1,0.0003714680000257431,97,A07,cross-session,AdaBN
269,16,0,0.0003765420000263475,97,A07,cross-session,AdaBN
270,16,0,0.0003665460000092935,97,A07,cross-session,AdaBN
271,16,1,0.0003595879999238605,97,A07,cross-session,AdaBN
272,16,0,0.000359757000069294,97,A07,cross-session,AdaBN
273,16,0,0.0003873560000329235,97,A07,cross-session,AdaBN
274,16,1,0.00037528699999711534,97,A07,cross-session,AdaBN
275,16,0,0.0003697150000334659,97,A07,cross-session,AdaBN
276,16,0,0.00036656700001458375,97,A07,cross-session,AdaBN
277,16,0,0.00035876599997664016,97,A07,cross-session,AdaBN
278,16,1,0.0003751689999944574,97,A07,cross-session,AdaBN
279,16,1,0.0004032900000083828,97,A07,cross-session,AdaBN
280,16,0,0.00036158499995053717,97,A07,cross-session,AdaBN
281,16,0,0.0003605690000085815,97,A07,cross-session,AdaBN
282,16,1,0.0003853949999665929,97,A07,cross-session,AdaBN
283,16,1,0.00036070099997687066,97,A07,cross-session,AdaBN
284,16,0,0.00039993699999740784,97,A07,cross-session,AdaBN
285,16,1,0.00036418100000901177,97,A07,cross-session,AdaBN
286,16,0,0.00036375199999838514,97,A07,cross-session,AdaBN
287,16,0,0.00038587500000630826,97,A07,cross-session,AdaBN
0,1,0,0.0005722759999571281,97,A08,cross-session,AdaBN
1,2,1,0.0004893710000715146,97,A08,cross-session,AdaBN
2,3,1,0.0004792930000121487,97,A08,cross-session,AdaBN
3,4,1,0.0006093000000646498,97,A08,cross-session,AdaBN
4,5,1,0.0005958219999229186,97,A08,cross-session,AdaBN
5,6,1,0.00048715000002630404,97,A08,cross-session,AdaBN
6,7,1,0.0004492980000350144,97,A08,cross-session,AdaBN
7,8,0,0.0005058730000655487,97,A08,cross-session,AdaBN
8,9,1,0.0004710700000032375,97,A08,cross-session,AdaBN
9,10,0,0.0004747259999930975,97,A08,cross-session,AdaBN
10,11,1,0.00046060800002578617,97,A08,cross-session,AdaBN
11,12,1,0.00044267099997341575,97,A08,cross-session,AdaBN
12,13,1,0.0004336849999617698,97,A08,cross-session,AdaBN
13,14,1,0.0004479530000480736,97,A08,cross-session,AdaBN
14,15,0,0.0004386130000284538,97,A08,cross-session,AdaBN
15,16,1,0.0006314999999403881,97,A08,cross-session,AdaBN
16,16,1,0.0004939729999478004,97,A08,cross-session,AdaBN
17,16,1,0.0004481240000586695,97,A08,cross-session,AdaBN
18,16,1,0.00044364100006077933,97,A08,cross-session,AdaBN
19,16,1,0.00043183699995097413,97,A08,cross-session,AdaBN
20,16,0,0.00043056500010152376,97,A08,cross-session,AdaBN
21,16,1,0.00044358100001318235,97,A08,cross-session,AdaBN
22,16,1,0.00043613299999378796,97,A08,cross-session,AdaBN
23,16,0,0.0004305559999693287,97,A08,cross-session,AdaBN
24,16,0,0.00042926300000090123,97,A08,cross-session,AdaBN
25,16,1,0.0004408220000868823,97,A08,cross-session,AdaBN
26,16,1,0.00043352199998025753,97,A08,cross-session,AdaBN
27,16,0,0.0006469820000347681,97,A08,cross-session,AdaBN
28,16,0,0.00046742600000015955,97,A08,cross-session,AdaBN
29,16,1,0.00045879099991452676,97,A08,cross-session,AdaBN
30,16,1,0.00042762299995047215,97,A08,cross-session,AdaBN
31,16,1,0.0003797000000531625,97,A08,cross-session,AdaBN
32,16,1,0.0003909199999725388,97,A08,cross-session,AdaBN
33,16,1,0.0004404350000868362,97,A08,cross-session,AdaBN
34,16,1,0.0003747010000552109,97,A08,cross-session,AdaBN
35,16,1,0.0003950940000549963,97,A08,cross-session,AdaBN
36,16,1,0.00037240699998619675,97,A08,cross-session,AdaBN
37,16,1,0.00039998199997626216,97,A08,cross-session,AdaBN
38,16,0,0.0005575480000743482,97,A08,cross-session,AdaBN
39,16,1,0.00038879299995642214,97,A08,cross-session,AdaBN
40,16,1,0.0003865399999085639,97,A08,cross-session,AdaBN
41,16,1,0.0003711260000045513,97,A08,cross-session,AdaBN
42,16,1,0.0003724470000179281,97,A08,cross-session,AdaBN
43,16,0,0.00036853999995400955,97,A08,cross-session,AdaBN
44,16,1,0.0003714779999199891,97,A08,cross-session,AdaBN
45,16,1,0.00037121000002571236,97,A08,cross-session,AdaBN
46,16,1,0.0003874389999509731,97,A08,cross-session,AdaBN
47,16,1,0.000381425999989915,97,A08,cross-session,AdaBN
48,16,0,0.00036252600000352686,97,A08,cross-session,AdaBN
49,16,1,0.0003866419999667414,97,A08,cross-session,AdaBN
50,16,1,0.0006020639999633204,97,A08,cross-session,AdaBN
51,16,1,0.0004487319999952888,97,A08,cross-session,AdaBN
52,16,1,0.00041163500009133713,97,A08,cross-session,AdaBN
53,16,1,0.00037806099999215803,97,A08,cross-session,AdaBN
54,16,1,0.00038153800005602534,97,A08,cross-session,AdaBN
55,16,1,0.0003646670000989616,97,A08,cross-session,AdaBN
56,16,0,0.0003796270000293589,97,A08,cross-session,AdaBN
57,16,1,0.0003702090000388125,97,A08,cross-session,AdaBN
58,16,1,0.00037517400005526724,97,A08,cross-session,AdaBN
59,16,0,0.000369965000004413,97,A08,cross-session,AdaBN
60,16,0,0.00036403399997197994,97,A08,cross-session,AdaBN
61,16,1,0.0007617200000140656,97,A08,cross-session,AdaBN
62,16,1,0.00041651800006548,97,A08,cross-session,AdaBN
63,16,1,0.00037792400007674587,97,A08,cross-session,AdaBN
64,16,1,0.0003834950000509707,97,A08,cross-session,AdaBN
65,16,1,0.00038358799997695314,97,A08,cross-session,AdaBN
66,16,1,0.00038875999996434984,97,A08,cross-session,AdaBN
67,16,1,0.0003925280000203202,97,A08,cross-session,AdaBN
68,16,1,0.0003693029999567443,97,A08,cross-session,AdaBN
69,16,1,0.00037785600000006525,97,A08,cross-session,AdaBN
70,16,1,0.00037639800007127633,97,A08,cross-session,AdaBN
71,16,1,0.0003706300000203555,97,A08,cross-session,AdaBN
72,16,1,0.00040901700003814767,97,A08,cross-session,AdaBN
73,16,1,0.0003940440000178569,97,A08,cross-session,AdaBN
74,16,1,0.00037803800000801857,97,A08,cross-session,AdaBN
75,16,1,0.0003619580000986389,97,A08,cross-session,AdaBN
76,16,1,0.0003822280000349565,97,A08,cross-session,AdaBN
77,16,1,0.000376435000021047,97,A08,cross-session,AdaBN
78,16,0,0.0003594119999661416,97,A08,cross-session,AdaBN
79,16,0,0.0003820599999926344,97,A08,cross-session,AdaBN
80,16,1,0.0003720059999068326,97,A08,cross-session,AdaBN
81,16,1,0.00036340999997719337,97,A08,cross-session,AdaBN
82,16,0,0.0004186620000155017,97,A08,cross-session,AdaBN
83,16,0,0.0003710360000468427,97,A08,cross-session,AdaBN
84,16,1,0.00037775099997361394,97,A08,cross-session,AdaBN
85,16,0,0.0003927740000335689,97,A08,cross-session,AdaBN
86,16,1,0.00039597099998900376,97,A08,cross-session,AdaBN
87,16,0,0.0004125450000174169,97,A08,cross-session,AdaBN
88,16,0,0.00037079200001244317,97,A08,cross-session,AdaBN
89,16,0,0.0003760370000236435,97,A08,cross-session,AdaBN
90,16,0,0.00037796499998421496,97,A08,cross-session,AdaBN
91,16,0,0.000376427999981388,97,A08,cross-session,AdaBN
92,16,1,0.0003803019999395474,97,A08,cross-session,AdaBN
93,16,1,0.00036596600000393664,97,A08,cross-session,AdaBN
94,16,0,0.000371930000028442,97,A08,cross-session,AdaBN
95,16,1,0.0003956049999942479,97,A08,cross-session,AdaBN
96,16,1,0.00039143899994087406,97,A08,cross-session,AdaBN
97,16,0,0.0003793800000266856,97,A08,cross-session,AdaBN
98,16,1,0.00036969400002817565,97,A08,cross-session,AdaBN
99,16,1,0.0003625300000749121,97,A08,cross-session,AdaBN
100,16,1,0.0003712600000653765,97,A08,cross-session,AdaBN
101,16,0,0.0003651630000831574,97,A08,cross-session,AdaBN
102,16,1,0.00036821100002271123,97,A08,cross-session,AdaBN
103,16,1,0.00036275900004056894,97,A08,cross-session,AdaBN
104,16,1,0.00036991199999647506,97,A08,cross-session,AdaBN
105,16,1,0.0003705200000467812,97,A08,cross-session,AdaBN
106,16,1,0.0003632169999718826,97,A08,cross-session,AdaBN
107,16,1,0.0003852349999533544,97,A08,cross-session,AdaBN
108,16,0,0.00037722199999734585,97,A08,cross-session,AdaBN
109,16,0,0.00038161400004810275,97,A08,cross-session,AdaBN
110,16,0,0.0003986090000580589,97,A08,cross-session,AdaBN
111,16,0,0.000377079999907437,97,A08,cross-session,AdaBN
112,16,1,0.0003751689999944574,97,A08,cross-session,AdaBN
113,16,1,0.00036912800010213687,97,A08,cross-session,AdaBN
114,16,1,0.0003675779998957296,97,A08,cross-session,AdaBN
115,16,1,0.00037257799999679264,97,A08,cross-session,AdaBN
116,16,1,0.00037028900010227517,97,A08,cross-session,AdaBN
117,16,1,0.00036737699997502204,97,A08,cross-session,AdaBN
118,16,1,0.00039440900002318813,97,A08,cross-session,AdaBN
119,16,1,0.000381421000042792,97,A08,cross-session,AdaBN
120,16,0,0.0003753400000050533,97,A08,cross-session,AdaBN
121,16,1,0.00038948000008076633,97,A08,cross-session,AdaBN
122,16,1,0.00037392100000488426,97,A08,cross-session,AdaBN
123,16,1,0.0006110809999881894,97,A08,cross-session,AdaBN
124,16,1,0.0004261699999688062,97,A08,cross-session,AdaBN
125,16,1,0.0003709179999304979,97,A08,cross-session,AdaBN
126,16,1,0.0003699300000334915,97,A08,cross-session,AdaBN
127,16,1,0.0003625399999691581,97,A08,cross-session,AdaBN
128,16,0,0.0003691410000783435,97,A08,cross-session,AdaBN
129,16,1,0.0003649310000355399,97,A08,cross-session,AdaBN
130,16,0,0.0003688040000042747,97,A08,cross-session,AdaBN
131,16,0,0.0003670400000146401,97,A08,cross-session,AdaBN
132,16,1,0.00035451199994440685,97,A08,cross-session,AdaBN
133,16,0,0.00036249300001145457,97,A08,cross-session,AdaBN
134,16,1,0.0003664470000330766,97,A08,cross-session,AdaBN
135,16,1,0.00035310299995217065,97,A08,cross-session,AdaBN
136,16,1,0.0003580399999236761,97,A08,cross-session,AdaBN
137,16,1,0.00035084799992546323,97,A08,cross-session,AdaBN
138,16,0,0.0003621639999664694,97,A08,cross-session,AdaBN
139,16,1,0.00037872500001867593,97,A08,cross-session,AdaBN
140,16,0,0.00036603600005946646,97,A08,cross-session,AdaBN
141,16,0,0.00036909499999637774,97,A08,cross-session,AdaBN
142,16,1,0.00039874699996289564,97,A08,cross-session,AdaBN
143,16,1,0.0003615159999981188,97,A08,cross-session,AdaBN
144,16,0,0.00040376900005867356,97,A08,cross-session,AdaBN
145,16,1,0.00036673900001460424,97,A08,cross-session,AdaBN
146,16,0,0.0003965219999599867,97,A08,cross-session,AdaBN
147,16,0,0.0004146170000467464,97,A08,cross-session,AdaBN
148,16,0,0.0003716249999570209,97,A08,cross-session,AdaBN
149,16,1,0.00037075399995956104,97,A08,cross-session,AdaBN
150,16,1,0.00038136800003485405,97,A08,cross-session,AdaBN
151,16,1,0.0003654930000038803,97,A08,cross-session,AdaBN
152,16,0,0.0003834990000086691,97,A08,cross-session,AdaBN
153,16,1,0.00037666899993382685,97,A08,cross-session,AdaBN
154,16,1,0.00037669100004222855,97,A08,cross-session,AdaBN
155,16,1,0.00036495100005140557,97,A08,cross-session,AdaBN
156,16,0,0.00035981100006665656,97,A08,cross-session,AdaBN
157,16,0,0.0003666180000436725,97,A08,cross-session,AdaBN
158,16,1,0.00039089800009151077,97,A08,cross-session,AdaBN
159,16,1,0.00036614999999073916,97,A08,cross-session,AdaBN
160,16,1,0.00039151599992237607,97,A08,cross-session,AdaBN
161,16,1,0.00036411299993233115,97,A08,cross-session,AdaBN
162,16,1,0.00039049399993018596,97,A08,cross-session,AdaBN
163,16,0,0.0003690480000386742,97,A08,cross-session,AdaBN
164,16,1,0.00036192699997172895,97,A08,cross-session,AdaBN
165,16,1,0.00041785199994137656,97,A08,cross-session,AdaBN
166,16,0,0.0003700590000335069,97,A08,cross-session,AdaBN
167,16,1,0.0003627919999189544,97,A08,cross-session,AdaBN
168,16,0,0.00039321000008385454,97,A08,cross-session,AdaBN
169,16,1,0.0003672139999935098,97,A08,cross-session,AdaBN
170,16,0,0.0003755619999310511,97,A08,cross-session,AdaBN
171,16,1,0.0004005639999604682,97,A08,cross-session,AdaBN
172,16,1,0.0003646299999218172,97,A08,cross-session,AdaBN
173,16,0,0.00040272699993693095,97,A08,cross-session,AdaBN
174,16,1,0.00037169200004427694,97,A08,cross-session,AdaBN
175,16,1,0.00039842300009240716,97,A08,cross-session,AdaBN
176,16,1,0.000401184999986981,97,A08,cross-session,AdaBN
177,16,1,0.0003883809999933874,97,A08,cross-session,AdaBN
178,16,0,0.0003645059999826117,97,A08,cross-session,AdaBN
179,16,0,0.00040862399998786714,97,A08,cross-session,AdaBN
180,16,1,0.0003726439999809372,97,A08,cross-session,AdaBN
181,16,0,0.0004115699999829303,97,A08,cross-session,AdaBN
182,16,0,0.0003725249999888547,97,A08,cross-session,AdaBN
183,16,0,0.0003933400000732945,97,A08,cross-session,AdaBN
184,16,1,0.00041329999999106803,97,A08,cross-session,AdaBN
185,16,0,0.0003865630000063902,97,A08,cross-session,AdaBN
186,16,0,0.0004295749999982945,97,A08,cross-session,AdaBN
187,16,0,0.0004035370000110561,97,A08,cross-session,AdaBN
188,16,0,0.00036691299999347393,97,A08,cross-session,AdaBN
189,16,1,0.0004095959999403931,97,A08,cross-session,AdaBN
190,16,1,0.00036662900004102994,97,A08,cross-session,AdaBN
191,16,0,0.00037498199992569425,97,A08,cross-session,AdaBN
192,16,1,0.00038996199998564407,97,A08,cross-session,AdaBN
193,16,1,0.00038130799998725706,97,A08,cross-session,AdaBN
194,16,1,0.00040703900003791205,97,A08,cross-session,AdaBN
195,16,1,0.00037353699997311196,97,A08,cross-session,AdaBN
196,16,0,0.00039420999996764294,97,A08,cross-session,AdaBN
197,16,1,0.00039962200003174075,97,A08,cross-session,AdaBN
198,16,0,0.0003831820000641528,97,A08,cross-session,AdaBN
199,16,1,0.0004063709999400089,97,A08,cross-session,AdaBN
200,16,1,0.00038541399999303394,97,A08,cross-session,AdaBN
201,16,0,0.0003988619999972798,97,A08,cross-session,AdaBN
202,16,1,0.0003872170000249753,97,A08,cross-session,AdaBN
203,16,1,0.00036962599995149503,97,A08,cross-session,AdaBN
204,16,1,0.00037873999997373176,97,A08,cross-session,AdaBN
205,16,1,0.00038272099993719166,97,A08,cross-session,AdaBN
206,16,1,0.00037752800005819154,97,A08,cross-session,AdaBN
207,16,1,0.0003931390000389001,97,A08,cross-session,AdaBN
208,16,1,0.00039096500006507995,97,A08,cross-session,AdaBN
209,16,0,0.0003841290000536901,97,A08,cross-session,AdaBN
210,16,1,0.00041277600007560977,97,A08,cross-session,AdaBN
211,16,1,0.0003695819999620653,97,A08,cross-session,AdaBN
212,16,1,0.000390710000033323,97,A08,cross-session,AdaBN
213,16,1,0.00041060299997752736,97,A08,cross-session,AdaBN
214,16,1,0.00037700799998674484,97,A08,cross-session,AdaBN
215,16,1,0.00037648800002898497,97,A08,cross-session,AdaBN
216,16,1,0.0003746410000076139,97,A08,cross-session,AdaBN
217,16,0,0.00038123499996345345,97,A08,cross-session,AdaBN
218,16,0,0.00039016899995658605,97,A08,cross-session,AdaBN
219,16,1,0.00038738800003557117,97,A08,cross-session,AdaBN
220,16,0,0.0003910970000333691,97,A08,cross-session,AdaBN
221,16,1,0.000378898000008121,97,A08,cross-session,AdaBN
222,16,1,0.00039936400003171,97,A08,cross-session,AdaBN
223,16,1,0.000401605999968524,97,A08,cross-session,AdaBN
224,16,1,0.0003918920000387516,97,A08,cross-session,AdaBN
225,16,0,0.0003865349999614409,97,A08,cross-session,AdaBN
226,16,1,0.0003899049999063209,97,A08,cross-session,AdaBN
227,16,0,0.00037623799994435103,97,A08,cross-session,AdaBN
228,16,0,0.00039877599999726954,97,A08,cross-session,AdaBN
229,16,0,0.00038661700000375276,97,A08,cross-session,AdaBN
230,16,1,0.0003792680000742621,97,A08,cross-session,AdaBN
231,16,1,0.00039919000005284033,97,A08,cross-session,AdaBN
232,16,0,0.00039139900002282957,97,A08,cross-session,AdaBN
233,16,0,0.0003847399999585832,97,A08,cross-session,AdaBN
234,16,1,0.0003861149999693225,97,A08,cross-session,AdaBN
235,16,1,0.0003816070000084437,97,A08,cross-session,AdaBN
236,16,1,0.00038853700004892744,97,A08,cross-session,AdaBN
237,16,1,0.00038845800008857623,97,A08,cross-session,AdaBN
238,16,1,0.0003672499999538559,97,A08,cross-session,AdaBN
239,16,0,0.0004188020000128745,97,A08,cross-session,AdaBN
240,16,1,0.00039841600005274813,97,A08,cross-session,AdaBN
241,16,1,0.0003918370000519644,97,A08,cross-session,AdaBN
242,16,1,0.0003757560000394733,97,A08,cross-session,AdaBN
243,16,1,0.0003946489999862024,97,A08,cross-session,AdaBN
244,16,1,0.00036977699994622526,97,A08,cross-session,AdaBN
245,16,1,0.00037788000008731615,97,A08,cross-session,AdaBN
246,16,1,0.0003766859999814187,97,A08,cross-session,AdaBN
247,16,0,0.00038358800009064,97,A08,cross-session,AdaBN
248,16,0,0.0003902470000411995,97,A08,cross-session,AdaBN
249,16,1,0.00041330800002015167,97,A08,cross-session,AdaBN
250,16,0,0.00040825599990057526,97,A08,cross-session,AdaBN
251,16,0,0.0004076899999745365,97,A08,cross-session,AdaBN
252,16,0,0.00039272500009701616,97,A08,cross-session,AdaBN
253,16,1,0.0003920049999805997,97,A08,cross-session,AdaBN
254,16,0,0.0003904470000861693,97,A08,cross-session,AdaBN
255,16,0,0.0003825410000217744,97,A08,cross-session,AdaBN
256,16,1,0.00041119200000139244,97,A08,cross-session,AdaBN
257,16,1,0.00039332500000455184,97,A08,cross-session,AdaBN
258,16,1,0.000389998000059677,97,A08,cross-session,AdaBN
259,16,0,0.0003886360000251443,97,A08,cross-session,AdaBN
260,16,1,0.00038664700002755126,97,A08,cross-session,AdaBN
261,16,0,0.00040058299998690927,97,A08,cross-session,AdaBN
262,16,1,0.0003979949999575183,97,A08,cross-session,AdaBN
263,16,0,0.000379104999979063,97,A08,cross-session,AdaBN
264,16,0,0.00039118100005453016,97,A08,cross-session,AdaBN
265,16,1,0.0003821180000613822,97,A08,cross-session,AdaBN
266,16,0,0.0003895400000146765,97,A08,cross-session,AdaBN
267,16,0,0.00037584900007914257,97,A08,cross-session,AdaBN
268,16,0,0.00038218199995299074,97,A08,cross-session,AdaBN
269,16,1,0.00037567399999716145,97,A08,cross-session,AdaBN
270,16,1,0.00039619299991500156,97,A08,cross-session,AdaBN
271,16,1,0.00039055399997778295,97,A08,cross-session,AdaBN
272,16,0,0.0004038590000163822,97,A08,cross-session,AdaBN
273,16,1,0.00038157300002694683,97,A08,cross-session,AdaBN
274,16,1,0.0003822009999794318,97,A08,cross-session,AdaBN
275,16,1,0.00039037599992752803,97,A08,cross-session,AdaBN
276,16,0,0.00039850699999988137,97,A08,cross-session,AdaBN
277,16,0,0.0004010860000107641,97,A08,cross-session,AdaBN
278,16,0,0.0003734360000180459,97,A08,cross-session,AdaBN
279,16,0,0.00041757099995720637,97,A08,cross-session,AdaBN
280,16,1,0.00038182500009042997,97,A08,cross-session,AdaBN
281,16,0,0.0003746379999256533,97,A08,cross-session,AdaBN
282,16,0,0.00039399599995704193,97,A08,cross-session,AdaBN
283,16,1,0.00037919999999758147,97,A08,cross-session,AdaBN
284,16,1,0.0003909230000544994,97,A08,cross-session,AdaBN
285,16,0,0.0003847340000220356,97,A08,cross-session,AdaBN
286,16,0,0.0003972130000420293,97,A08,cross-session,AdaBN
287,16,0,0.00039347699998870667,97,A08,cross-session,AdaBN
0,1,1,0.0005631020000009812,97,A09,cross-session,AdaBN
1,2,1,0.00048764799998934905,97,A09,cross-session,AdaBN
2,3,1,0.0004619369999545597,97,A09,cross-session,AdaBN
3,4,1,0.0007365440000057788,97,A09,cross-session,AdaBN
4,5,1,0.001289717000076962,97,A09,cross-session,AdaBN
5,6,1,0.00113938300000882,97,A09,cross-session,AdaBN
6,7,1,0.0011455729999170217,97,A09,cross-session,AdaBN
7,8,0,0.001131222000026355,97,A09,cross-session,AdaBN
8,9,0,0.001116595999974379,97,A09,cross-session,AdaBN
9,10,1,0.0011006549999592607,97,A09,cross-session,AdaBN
10,11,1,0.001072606999969139,97,A09,cross-session,AdaBN
11,12,0,0.001077539999982946,97,A09,cross-session,AdaBN
12,13,1,0.0010984350000171617,97,A09,cross-session,AdaBN
13,14,1,0.0010712829999874884,97,A09,cross-session,AdaBN
14,15,1,0.0010624849999203434,97,A09,cross-session,AdaBN
15,16,1,0.001061448999962522,97,A09,cross-session,AdaBN
16,16,1,0.0011205490000065765,97,A09,cross-session,AdaBN
17,16,1,0.0007510570000022199,97,A09,cross-session,AdaBN
18,16,1,0.0004952809999849705,97,A09,cross-session,AdaBN
19,16,1,0.00039227199999913864,97,A09,cross-session,AdaBN
20,16,0,0.000387963000093805,97,A09,cross-session,AdaBN
21,16,0,0.0004152139999860083,97,A09,cross-session,AdaBN
22,16,1,0.00038391199996112846,97,A09,cross-session,AdaBN
23,16,1,0.0003892920000225786,97,A09,cross-session,AdaBN
24,16,1,0.00041468099993835494,97,A09,cross-session,AdaBN
25,16,1,0.0004217949999656412,97,A09,cross-session,AdaBN
26,16,1,0.0007251030000361425,97,A09,cross-session,AdaBN
27,16,1,0.00042638299998998264,97,A09,cross-session,AdaBN
28,16,1,0.00036923300001490134,97,A09,cross-session,AdaBN
29,16,1,0.0006080190000830044,97,A09,cross-session,AdaBN
30,16,1,0.0004068800000140982,97,A09,cross-session,AdaBN
31,16,1,0.0003666950000251745,97,A09,cross-session,AdaBN
32,16,1,0.0003905410000015763,97,A09,cross-session,AdaBN
33,16,0,0.00037263800004438963,97,A09,cross-session,AdaBN
34,16,0,0.00036248799995064473,97,A09,cross-session,AdaBN
35,16,1,0.0004278400000430338,97,A09,cross-session,AdaBN
36,16,1,0.00035302700007378007,97,A09,cross-session,AdaBN
37,16,0,0.00036953499989067495,97,A09,cross-session,AdaBN
38,16,1,0.0003950719999465946,97,A09,cross-session,AdaBN
39,16,1,0.0003578190001007897,97,A09,cross-session,AdaBN
40,16,1,0.000519284000006337,97,A09,cross-session,AdaBN
41,16,1,0.0005026100000122824,97,A09,cross-session,AdaBN
42,16,1,0.00038129400002162583,97,A09,cross-session,AdaBN
43,16,0,0.0004062289999637869,97,A09,cross-session,AdaBN
44,16,1,0.0003781479999815929,97,A09,cross-session,AdaBN
45,16,0,0.0003835600000456907,97,A09,cross-session,AdaBN
46,16,1,0.0003607660000852775,97,A09,cross-session,AdaBN
47,16,1,0.0003815659999872878,97,A09,cross-session,AdaBN
48,16,1,0.00039618599998902937,97,A09,cross-session,AdaBN
49,16,1,0.0003619979999029965,97,A09,cross-session,AdaBN
50,16,1,0.00037992700003997015,97,A09,cross-session,AdaBN
51,16,1,0.0006070540000564506,97,A09,cross-session,AdaBN
52,16,1,0.00039944399998148583,97,A09,cross-session,AdaBN
53,16,1,0.0003940909999755604,97,A09,cross-session,AdaBN
54,16,1,0.000368683000033343,97,A09,cross-session,AdaBN
55,16,1,0.0003681660000438569,97,A09,cross-session,AdaBN
56,16,1,0.00037356600000748585,97,A09,cross-session,AdaBN
57,16,1,0.00037703300006342033,97,A09,cross-session,AdaBN
58,16,1,0.0003651770000487886,97,A09,cross-session,AdaBN
59,16,1,0.0003744949999600067,97,A09,cross-session,AdaBN
60,16,1,0.000374453000063113,97,A09,cross-session,AdaBN
61,16,1,0.00036898600001222803,97,A09,cross-session,AdaBN
62,16,0,0.00037013099995419907,97,A09,cross-session,AdaBN
63,16,1,0.00041341899998315057,97,A09,cross-session,AdaBN
64,16,1,0.0005414249999375897,97,A09,cross-session,AdaBN
65,16,1,0.00038401599999815517,97,A09,cross-session,AdaBN
66,16,1,0.0004019379999817829,97,A09,cross-session,AdaBN
67,16,1,0.0003722169999491598,97,A09,cross-session,AdaBN
68,16,1,0.0003697209999700135,97,A09,cross-session,AdaBN
69,16,0,0.0003886069999907704,97,A09,cross-session,AdaBN
70,16,1,0.00038836600003833155,97,A09,cross-session,AdaBN
71,16,1,0.0003922610000017812,97,A09,cross-session,AdaBN
72,16,1,0.00035931900004015915,97,A09,cross-session,AdaBN
73,16,1,0.00046060799991209933,97,A09,cross-session,AdaBN
74,16,1,0.00037085000008119096,97,A09,cross-session,AdaBN
75,16,1,0.00036625400002776587,97,A09,cross-session,AdaBN
76,16,1,0.0007885070000384076,97,A09,cross-session,AdaBN
77,16,0,0.0004264310000507976,97,A09,cross-session,AdaBN
78,16,1,0.0003944379999438752,97,A09,cross-session,AdaBN
79,16,1,0.0004176779999625069,97,A09,cross-session,AdaBN
80,16,0,0.000444366000010632,97,A09,cross-session,AdaBN
81,16,1,0.0004015099999605809,97,A09,cross-session,AdaBN
82,16,1,0.00037595300000248244,97,A09,cross-session,AdaBN
83,16,1,0.00039167500005987677,97,A09,cross-session,AdaBN
84,16,0,0.00039336500003628316,97,A09,cross-session,AdaBN
85,16,1,0.0003764560000263373,97,A09,cross-session,AdaBN
86,16,1,0.0003782280000450555,97,A09,cross-session,AdaBN
87,16,1,0.00040230599995538796,97,A09,cross-session,AdaBN
88,16,0,0.0003989049999972849,97,A09,cross-session,AdaBN
89,16,1,0.0003862549999666953,97,A09,cross-session,AdaBN
90,16,0,0.00037209599997822806,97,A09,cross-session,AdaBN
91,16,1,0.00037398000006305665,97,A09,cross-session,AdaBN
92,16,1,0.00038481700005377206,97,A09,cross-session,AdaBN
93,16,0,0.0003718670000125712,97,A09,cross-session,AdaBN
94,16,0,0.0003835920000483384,97,A09,cross-session,AdaBN
95,16,0,0.00036375199999838514,97,A09,cross-session,AdaBN
96,16,1,0.00039272300000448013,97,A09,cross-session,AdaBN
97,16,1,0.00038722499994037207,97,A09,cross-session,AdaBN
98,16,1,0.00037276399996244436,97,A09,cross-session,AdaBN
99,16,1,0.00039101000004393427,97,A09,cross-session,AdaBN
100,16,1,0.000381704999995236,97,A09,cross-session,AdaBN
101,16,1,0.00038228599999001744,97,A09,cross-session,AdaBN
102,16,1,0.0003827619999583476,97,A09,cross-session,AdaBN
103,16,1,0.00037067400000978523,97,A09,cross-session,AdaBN
104,16,0,0.0003918950000070254,97,A09,cross-session,AdaBN
105,16,1,0.0003654659999483556,97,A09,cross-session,AdaBN
106,16,1,0.0004702599999291124,97,A09,cross-session,AdaBN
107,16,1,0.0003770920000079059,97,A09,cross-session,AdaBN
108,16,0,0.0003643449999799486,97,A09,cross-session,AdaBN
109,16,1,0.00036315499994543643,97,A09,cross-session,AdaBN
110,16,1,0.00037496499999178923,97,A09,cross-session,AdaBN
111,16,1,0.0003613869999981034,97,A09,cross-session,AdaBN
112,16,1,0.0003777040000159104,97,A09,cross-session,AdaBN
113,16,1,0.0003896810000014739,97,A09,cross-session,AdaBN
114,16,1,0.00034870399997544155,97,A09,cross-session,AdaBN
115,16,1,0.00038918099994589284,97,A09,cross-session,AdaBN
116,16,1,0.0003567119999843271,97,A09,cross-session,AdaBN
117,16,1,0.00037732500004494796,97,A09,cross-session,AdaBN
118,16,1,0.00041095300002780277,97,A09,cross-session,AdaBN
119,16,1,0.0004162330000099246,97,A09,cross-session,AdaBN
120,16,0,0.00045483600001716695,97,A09,cross-session,AdaBN
121,16,1,0.00047860799998034054,97,A09,cross-session,AdaBN
122,16,1,0.00048346100004437176,97,A09,cross-session,AdaBN
123,16,1,0.00045762299998841627,97,A09,cross-session,AdaBN
124,16,1,0.0004287900000008449,97,A09,cross-session,AdaBN
125,16,1,0.0004259509998973954,97,A09,cross-session,AdaBN
126,16,0,0.00038693299995884445,97,A09,cross-session,AdaBN
127,16,1,0.00036139400003776245,97,A09,cross-session,AdaBN
128,16,0,0.0003618849999611484,97,A09,cross-session,AdaBN
129,16,1,0.0003552890000264597,97,A09,cross-session,AdaBN
130,16,1,0.00035534599999209604,97,A09,cross-session,AdaBN
131,16,1,0.00037584999995488033,97,A09,cross-session,AdaBN
132,16,0,0.0003839699999161894,97,A09,cross-session,AdaBN
133,16,0,0.0003583490000664824,97,A09,cross-session,AdaBN
134,16,1,0.00036789800003589335,97,A09,cross-session,AdaBN
135,16,1,0.0003624350000563936,97,A09,cross-session,AdaBN
136,16,1,0.0003616559999954916,97,A09,cross-session,AdaBN
137,16,1,0.0003516450000233817,97,A09,cross-session,AdaBN
138,16,1,0.00035868700001628895,97,A09,cross-session,AdaBN
139,16,0,0.0003665750000436674,97,A09,cross-session,AdaBN
140,16,0,0.00035475699996823096,97,A09,cross-session,AdaBN
141,16,0,0.0003724250000232132,97,A09,cross-session,AdaBN
142,16,1,0.00037589099997603626,97,A09,cross-session,AdaBN
143,16,1,0.0003599539999186163,97,A09,cross-session,AdaBN
144,16,0,0.00039100399999369984,97,A09,cross-session,AdaBN
145,16,0,0.00037150200000724,97,A09,cross-session,AdaBN
146,16,1,0.0004274329999134352,97,A09,cross-session,AdaBN
147,16,1,0.00036041500004557747,97,A09,cross-session,AdaBN
148,16,1,0.00038129999995817343,97,A09,cross-session,AdaBN
149,16,1,0.0003641460000380903,97,A09,cross-session,AdaBN
150,16,1,0.0003564940000160277,97,A09,cross-session,AdaBN
151,16,1,0.00037156999997023377,97,A09,cross-session,AdaBN
152,16,1,0.00035746200001085526,97,A09,cross-session,AdaBN
153,16,0,0.00038740900004086143,97,A09,cross-session,AdaBN
154,16,1,0.0003947959999095474,97,A09,cross-session,AdaBN
155,16,1,0.0003905949999989389,97,A09,cross-session,AdaBN
156,16,1,0.0003852029999507067,97,A09,cross-session,AdaBN
157,16,0,0.0003758200000447687,97,A09,cross-session,AdaBN
158,16,1,0.00035869099997398735,97,A09,cross-session,AdaBN
159,16,0,0.0003880769999113909,97,A09,cross-session,AdaBN
160,16,0,0.00036738099993272044,97,A09,cross-session,AdaBN
161,16,1,0.00037806600005296787,97,A09,cross-session,AdaBN
162,16,0,0.0004063220000034562,97,A09,cross-session,AdaBN
163,16,1,0.00038123299998460425,97,A09,cross-session,AdaBN
164,16,1,0.0004034039999396555,97,A09,cross-session,AdaBN
165,16,1,0.0004001270000344448,97,A09,cross-session,AdaBN
166,16,1,0.00041928600001028826,97,A09,cross-session,AdaBN
167,16,1,0.0003841989999955331,97,A09,cross-session,AdaBN
168,16,1,0.00036530199997741875,97,A09,cross-session,AdaBN
169,16,1,0.00038545300003534066,97,A09,cross-session,AdaBN
170,16,0,0.0003713439999728507,97,A09,cross-session,AdaBN
171,16,1,0.000368760000014845,97,A09,cross-session,AdaBN
172,16,1,0.000371999999970285,97,A09,cross-session,AdaBN
173,16,0,0.000370453000073212,97,A09,cross-session,AdaBN
174,16,1,0.00040332300000045507,97,A09,cross-session,AdaBN
175,16,1,0.0003690830000095957,97,A09,cross-session,AdaBN
176,16,1,0.00038559699999041186,97,A09,cross-session,AdaBN
177,16,0,0.00040385199997672316,97,A09,cross-session,AdaBN
178,16,1,0.0003729879999809782,97,A09,cross-session,AdaBN
179,16,1,0.00038381699994261,97,A09,cross-session,AdaBN
180,16,0,0.0004208159999734562,97,A09,cross-session,AdaBN
181,16,0,0.0006140700000969446,97,A09,cross-session,AdaBN
182,16,0,0.00042048099999192345,97,A09,cross-session,AdaBN
183,16,1,0.00040498599992133677,97,A09,cross-session,AdaBN
184,16,1,0.0004053689999636845,97,A09,cross-session,AdaBN
185,16,0,0.00037805900001330883,97,A09,cross-session,AdaBN
186,16,1,0.0003697519999832366,97,A09,cross-session,AdaBN
187,16,1,0.00037799200003973965,97,A09,cross-session,AdaBN
188,16,1,0.00039043900005708565,97,A09,cross-session,AdaBN
189,16,1,0.00037870599999223487,97,A09,cross-session,AdaBN
190,16,1,0.00040164199992887006,97,A09,cross-session,AdaBN
191,16,1,0.00040310999997927865,97,A09,cross-session,AdaBN
192,16,1,0.0003784079999604728,97,A09,cross-session,AdaBN
193,16,1,0.0004220470000291243,97,A09,cross-session,AdaBN
194,16,1,0.00037247199998091673,97,A09,cross-session,AdaBN
195,16,1,0.0003944880000972262,97,A09,cross-session,AdaBN
196,16,1,0.00041223700009140885,97,A09,cross-session,AdaBN
197,16,1,0.0003776219999735986,97,A09,cross-session,AdaBN
198,16,0,0.00040616100000079314,97,A09,cross-session,AdaBN
199,16,1,0.00038182200000846933,97,A09,cross-session,AdaBN
200,16,1,0.00038193000000319444,97,A09,cross-session,AdaBN
201,16,1,0.0003896770000437755,97,A09,cross-session,AdaBN
202,16,1,0.00036712799999349954,97,A09,cross-session,AdaBN
203,16,1,0.00038067999992108525,97,A09,cross-session,AdaBN
204,16,0,0.00039478499991218996,97,A09,cross-session,AdaBN
205,16,1,0.0003926760000467766,97,A09,cross-session,AdaBN
206,16,1,0.00039751899998918816,97,A09,cross-session,AdaBN
207,16,0,0.0004095130000223435,97,A09,cross-session,AdaBN
208,16,0,0.0003840620000801209,97,A09,cross-session,AdaBN
209,16,1,0.00041291299999102193,97,A09,cross-session,AdaBN
210,16,1,0.0003936349999094091,97,A09,cross-session,AdaBN
211,16,0,0.00041070700001455407,97,A09,cross-session,AdaBN
212,16,1,0.00039555499995458376,97,A09,cross-session,AdaBN
213,16,0,0.00039036600003328203,97,A09,cross-session,AdaBN
214,16,0,0.0003782999999657477,97,A09,cross-session,AdaBN
215,16,1,0.00041133499996703904,97,A09,cross-session,AdaBN
216,16,1,0.0003799820000267573,97,A09,cross-session,AdaBN
217,16,0,0.0004502049999928204,97,A09,cross-session,AdaBN
218,16,0,0.0003769669999655889,97,A09,cross-session,AdaBN
219,16,0,0.000392821999980697,97,A09,cross-session,AdaBN
220,16,1,0.00040169800001876865,97,A09,cross-session,AdaBN
221,16,1,0.000368755000067722,97,A09,cross-session,AdaBN
222,16,1,0.0004099750000250424,97,A09,cross-session,AdaBN
223,16,1,0.0003923810000969752,97,A09,cross-session,AdaBN
224,16,1,0.00040142000000287226,97,A09,cross-session,AdaBN
225,16,1,0.0003813499999978376,97,A09,cross-session,AdaBN
226,16,1,0.00040540399993460596,97,A09,cross-session,AdaBN
227,16,1,0.0004110620000119525,97,A09,cross-session,AdaBN
228,16,1,0.00039704900007109245,97,A09,cross-session,AdaBN
229,16,0,0.00040131399998699635,97,A09,cross-session,AdaBN
230,16,0,0.00038262300006408623,97,A09,cross-session,AdaBN
231,16,1,0.000404205999984697,97,A09,cross-session,AdaBN
232,16,1,0.00037571899997601577,97,A09,cross-session,AdaBN
233,16,1,0.000400052000031792,97,A09,cross-session,AdaBN
234,16,0,0.000386965000075179,97,A09,cross-session,AdaBN
235,16,1,0.0003755830000500282,97,A09,cross-session,AdaBN
236,16,0,0.00039151299995410227,97,A09,cross-session,AdaBN
237,16,1,0.00037057700001241756,97,A09,cross-session,AdaBN
238,16,1,0.0004031009999607704,97,A09,cross-session,AdaBN
239,16,0,0.00038443500000084896,97,A09,cross-session,AdaBN
240,16,0,0.00037366399999427813,97,A09,cross-session,AdaBN
241,16,1,0.00037536799993631575,97,A09,cross-session,AdaBN
242,16,1,0.0003952810000100726,97,A09,cross-session,AdaBN
243,16,0,0.0004183420001027116,97,A09,cross-session,AdaBN
244,16,1,0.0004202959999020095,97,A09,cross-session,AdaBN
245,16,0,0.00039048400003593997,97,A09,cross-session,AdaBN
246,16,1,0.00038427900005899573,97,A09,cross-session,AdaBN
247,16,0,0.00038108800004010845,97,A09,cross-session,AdaBN
248,16,0,0.0003715809999675912,97,A09,cross-session,AdaBN
249,16,0,0.0004143849999991289,97,A09,cross-session,AdaBN
250,16,1,0.0004104250000409593,97,A09,cross-session,AdaBN
251,16,0,0.0003970019999997021,97,A09,cross-session,AdaBN
252,16,0,0.0003919499999938125,97,A09,cross-session,AdaBN
253,16,1,0.0003825480000614334,97,A09,cross-session,AdaBN
254,16,1,0.00038435500005107315,97,A09,cross-session,AdaBN
255,16,1,0.00039649699999699806,97,A09,cross-session,AdaBN
256,16,0,0.00038949899999352056,97,A09,cross-session,AdaBN
257,16,1,0.00037757500001589506,97,A09,cross-session,AdaBN
258,16,1,0.0003704570000309104,97,A09,cross-session,AdaBN
259,16,0,0.0003731689999995069,97,A09,cross-session,AdaBN
260,16,0,0.0003726310000047306,97,A09,cross-session,AdaBN
261,16,1,0.0004145589999779986,97,A09,cross-session,AdaBN
262,16,1,0.0003973589999759497,97,A09,cross-session,AdaBN
263,16,0,0.0003965020000578079,97,A09,cross-session,AdaBN
264,16,1,0.0003708750000441796,97,A09,cross-session,AdaBN
265,16,1,0.0004026409999369207,97,A09,cross-session,AdaBN
266,16,1,0.0003838449999875593,97,A09,cross-session,AdaBN
267,16,1,0.00038791399992987863,97,A09,cross-session,AdaBN
268,16,1,0.00037381799995728215,97,A09,cross-session,AdaBN
269,16,1,0.00043642099990393035,97,A09,cross-session,AdaBN
270,16,0,0.0003718729999491188,97,A09,cross-session,AdaBN
271,16,1,0.0004040360000772125,97,A09,cross-session,AdaBN
272,16,1,0.0003722760000073322,97,A09,cross-session,AdaBN
273,16,0,0.0003783959999736908,97,A09,cross-session,AdaBN
274,16,1,0.0003843460000325649,97,A09,cross-session,AdaBN
275,16,0,0.000369039000020166,97,A09,cross-session,AdaBN
276,16,0,0.00037519699992571987,97,A09,cross-session,AdaBN
277,16,1,0.000414202000001751,97,A09,cross-session,AdaBN
278,16,1,0.00039699399997061846,97,A09,cross-session,AdaBN
279,16,1,0.0004033280000612649,97,A09,cross-session,AdaBN
280,16,1,0.00037869899995257583,97,A09,cross-session,AdaBN
281,16,0,0.00039434699999674194,97,A09,cross-session,AdaBN
282,16,1,0.0003911630000175137,97,A09,cross-session,AdaBN
283,16,0,0.0004069579999850248,97,A09,cross-session,AdaBN
284,16,1,0.00037573800000245683,97,A09,cross-session,AdaBN
285,16,0,0.00039880400004221883,97,A09,cross-session,AdaBN
286,16,1,0.0003715750000310436,97,A09,cross-session,AdaBN
287,16,1,0.0003812820000348438,97,A09,cross-session,AdaBN
0,1,0,0.0005661940000436516,123,A01,cross-session,AdaBN
1,2,1,0.0004916499999580992,123,A01,cross-session,AdaBN
2,3,1,0.0004711459999953149,123,A01,cross-session,AdaBN
3,4,1,0.0006980169999906138,123,A01,cross-session,AdaBN
4,5,1,0.0007306420000077196,123,A01,cross-session,AdaBN
5,6,0,0.000978607999968517,123,A01,cross-session,AdaBN
6,7,1,0.0011955759999864313,123,A01,cross-session,AdaBN
7,8,0,0.0011251430000811524,123,A01,cross-session,AdaBN
8,9,1,0.001113798999995197,123,A01,cross-session,AdaBN
9,10,1,0.0011158949999980905,123,A01,cross-session,AdaBN
10,11,1,0.0010553149999168454,123,A01,cross-session,AdaBN
11,12,0,0.0010422069999549421,123,A01,cross-session,AdaBN
12,13,1,0.0010579720000123416,123,A01,cross-session,AdaBN
13,14,1,0.0010506380000379067,123,A01,cross-session,AdaBN
14,15,1,0.001067224000053102,123,A01,cross-session,AdaBN
15,16,1,0.0010658409998995921,123,A01,cross-session,AdaBN
16,16,1,0.0010517810000010286,123,A01,cross-session,AdaBN
17,16,1,0.001127061000033791,123,A01,cross-session,AdaBN
18,16,1,0.0011564440000029208,123,A01,cross-session,AdaBN
19,16,1,0.0010601730000416865,123,A01,cross-session,AdaBN
20,16,1,0.00105823599994892,123,A01,cross-session,AdaBN
21,16,1,0.001028656000016781,123,A01,cross-session,AdaBN
22,16,1,0.0009955199999467368,123,A01,cross-session,AdaBN
23,16,1,0.0010358470000255693,123,A01,cross-session,AdaBN
24,16,0,0.0010338280000041777,123,A01,cross-session,AdaBN
25,16,1,0.0010414360000368106,123,A01,cross-session,AdaBN
26,16,1,0.0009973899999522473,123,A01,cross-session,AdaBN
27,16,1,0.0006972559999667283,123,A01,cross-session,AdaBN
28,16,0,0.00041688999999678344,123,A01,cross-session,AdaBN
29,16,1,0.0003862510000089969,123,A01,cross-session,AdaBN
30,16,0,0.00037285700000211364,123,A01,cross-session,AdaBN
31,16,1,0.0003940110000257846,123,A01,cross-session,AdaBN
32,16,1,0.00037951399997382396,123,A01,cross-session,AdaBN
33,16,1,0.00036934199999905104,123,A01,cross-session,AdaBN
34,16,1,0.0003913199999487915,123,A01,cross-session,AdaBN
35,16,1,0.0003756810000368205,123,A01,cross-session,AdaBN
36,16,1,0.0003817330000401853,123,A01,cross-session,AdaBN
37,16,0,0.00040761799994015746,123,A01,cross-session,AdaBN
38,16,1,0.0004388060000337646,123,A01,cross-session,AdaBN
39,16,0,0.0004185379999626093,123,A01,cross-session,AdaBN
40,16,1,0.00041393399999378744,123,A01,cross-session,AdaBN
41,16,1,0.0003723969999782639,123,A01,cross-session,AdaBN
42,16,1,0.00042082699997081363,123,A01,cross-session,AdaBN
43,16,0,0.0003776639999841791,123,A01,cross-session,AdaBN
44,16,1,0.00037165600008393085,123,A01,cross-session,AdaBN
45,16,0,0.0004719070000192005,123,A01,cross-session,AdaBN
46,16,1,0.00043863099995178345,123,A01,cross-session,AdaBN
47,16,0,0.00040540099996633217,123,A01,cross-session,AdaBN
48,16,0,0.00039140000001225417,123,A01,cross-session,AdaBN
49,16,0,0.0003878250000752814,123,A01,cross-session,AdaBN
50,16,1,0.0003754479999997784,123,A01,cross-session,AdaBN
51,16,1,0.0003730890000497311,123,A01,cross-session,AdaBN
52,16,1,0.00039254700004676124,123,A01,cross-session,AdaBN
53,16,1,0.0003735849999202401,123,A01,cross-session,AdaBN
54,16,0,0.00038637199997992866,123,A01,cross-session,AdaBN
55,16,0,0.00037458200006312836,123,A01,cross-session,AdaBN
56,16,1,0.0004211670000131562,123,A01,cross-session,AdaBN
57,16,1,0.0004008000000794709,123,A01,cross-session,AdaBN
58,16,1,0.0003972080000949063,123,A01,cross-session,AdaBN
59,16,1,0.0003704810000044745,123,A01,cross-session,AdaBN
60,16,0,0.00040114599994467426,123,A01,cross-session,AdaBN
61,16,0,0.00038637099999050406,123,A01,cross-session,AdaBN
62,16,1,0.00039698500006579707,123,A01,cross-session,AdaBN
63,16,1,0.0003759129999707511,123,A01,cross-session,AdaBN
64,16,1,0.0004135920000862825,123,A01,cross-session,AdaBN
65,16,0,0.00036534399998799927,123,A01,cross-session,AdaBN
66,16,0,0.00037641699998403055,123,A01,cross-session,AdaBN
67,16,1,0.00046112400002584764,123,A01,cross-session,AdaBN
68,16,1,0.00039754800002356205,123,A01,cross-session,AdaBN
69,16,0,0.00040687000000616536,123,A01,cross-session,AdaBN
70,16,1,0.0003747109999494569,123,A01,cross-session,AdaBN
71,16,0,0.0004023750000214932,123,A01,cross-session,AdaBN
72,16,0,0.0003880190000700168,123,A01,cross-session,AdaBN
73,16,1,0.00040690399998766225,123,A01,cross-session,AdaBN
74,16,0,0.00039477500001794397,123,A01,cross-session,AdaBN
75,16,1,0.00037990399994214386,123,A01,cross-session,AdaBN
76,16,1,0.0003755410000394477,123,A01,cross-session,AdaBN
77,16,0,0.00037895100001605897,123,A01,cross-session,AdaBN
78,16,1,0.0003960210000286679,123,A01,cross-session,AdaBN
79,16,1,0.000373325000055047,123,A01,cross-session,AdaBN
80,16,1,0.0004899799999975585,123,A01,cross-session,AdaBN
81,16,0,0.00038780700003826496,123,A01,cross-session,AdaBN
82,16,1,0.0004215919999523976,123,A01,cross-session,AdaBN
83,16,1,0.00044024999999692227,123,A01,cross-session,AdaBN
84,16,1,0.0003802319999977044,123,A01,cross-session,AdaBN
85,16,0,0.00037589199996546085,123,A01,cross-session,AdaBN
86,16,1,0.0003847399999585832,123,A01,cross-session,AdaBN
87,16,1,0.0003786849999869446,123,A01,cross-session,AdaBN
88,16,1,0.00037564100000508915,123,A01,cross-session,AdaBN
89,16,0,0.0004181430000471664,123,A01,cross-session,AdaBN
90,16,1,0.0003752329999997528,123,A01,cross-session,AdaBN
91,16,1,0.00039516799995453766,123,A01,cross-session,AdaBN
92,16,1,0.00046042400003898365,123,A01,cross-session,AdaBN
93,16,1,0.0003926790000150504,123,A01,cross-session,AdaBN
94,16,0,0.0006950369999003669,123,A01,cross-session,AdaBN
95,16,0,0.00044534300002396776,123,A01,cross-session,AdaBN
96,16,1,0.00041371800000433723,123,A01,cross-session,AdaBN
97,16,0,0.0004207499999893116,123,A01,cross-session,AdaBN
98,16,1,0.000388324000027751,123,A01,cross-session,AdaBN
99,16,1,0.00037008300000707095,123,A01,cross-session,AdaBN
100,16,1,0.00036720799994327535,123,A01,cross-session,AdaBN
101,16,0,0.0003594050000401694,123,A01,cross-session,AdaBN
102,16,0,0.0003826820000085718,123,A01,cross-session,AdaBN
103,16,1,0.0003728529999307284,123,A01,cross-session,AdaBN
104,16,1,0.00038928100002522115,123,A01,cross-session,AdaBN
105,16,1,0.0004100390000303378,123,A01,cross-session,AdaBN
106,16,1,0.0003639909999719748,123,A01,cross-session,AdaBN
107,16,1,0.0003802409999025258,123,A01,cross-session,AdaBN
108,16,0,0.0003708799999913026,123,A01,cross-session,AdaBN
109,16,1,0.00037180499998612504,123,A01,cross-session,AdaBN
110,16,1,0.00037517600003411644,123,A01,cross-session,AdaBN
111,16,1,0.00035914000000047963,123,A01,cross-session,AdaBN
112,16,1,0.00037341200004448183,123,A01,cross-session,AdaBN
113,16,1,0.00038017700001091725,123,A01,cross-session,AdaBN
114,16,0,0.0003833270000086486,123,A01,cross-session,AdaBN
115,16,0,0.00039201900005991774,123,A01,cross-session,AdaBN
116,16,0,0.00035335299992311775,123,A01,cross-session,AdaBN
117,16,1,0.0003783720000001267,123,A01,cross-session,AdaBN
118,16,1,0.00038278299996363785,123,A01,cross-session,AdaBN
119,16,1,0.0003631790000326873,123,A01,cross-session,AdaBN
120,16,1,0.0003840729999637915,123,A01,cross-session,AdaBN
121,16,0,0.0003568209999684768,123,A01,cross-session,AdaBN
122,16,0,0.0003635690000010072,123,A01,cross-session,AdaBN
123,16,1,0.00038542799995866517,123,A01,cross-session,AdaBN
124,16,0,0.00036361799993755994,123,A01,cross-session,AdaBN
125,16,1,0.0004099770000038916,123,A01,cross-session,AdaBN
126,16,0,0.0003760879999390454,123,A01,cross-session,AdaBN
127,16,0,0.0003875710000329491,123,A01,cross-session,AdaBN
128,16,1,0.00040343399996345397,123,A01,cross-session,AdaBN
129,16,0,0.0003758320000315507,123,A01,cross-session,AdaBN
130,16,1,0.0003906409999672178,123,A01,cross-session,AdaBN
131,16,0,0.00038641200001166,123,A01,cross-session,AdaBN
132,16,0,0.0003947060000655256,123,A01,cross-session,AdaBN
133,16,1,0.00039015700008349086,123,A01,cross-session,AdaBN
134,16,0,0.0003896570000279098,123,A01,cross-session,AdaBN
135,16,1,0.0003828759998896203,123,A01,cross-session,AdaBN
136,16,0,0.0003988290000052075,123,A01,cross-session,AdaBN
137,16,1,0.00037898400000813126,123,A01,cross-session,AdaBN
138,16,0,0.00037960800000291783,123,A01,cross-session,AdaBN
139,16,1,0.00038355100002718245,123,A01,cross-session,AdaBN
140,16,1,0.0004046819999530271,123,A01,cross-session,AdaBN
141,16,1,0.0003967979999970339,123,A01,cross-session,AdaBN
142,16,0,0.0004034080000110407,123,A01,cross-session,AdaBN
143,16,0,0.0003899990000491016,123,A01,cross-session,AdaBN
144,16,1,0.0003833609999901455,123,A01,cross-session,AdaBN
145,16,1,0.0003729469999598223,123,A01,cross-session,AdaBN
146,16,0,0.00040936200002761325,123,A01,cross-session,AdaBN
147,16,0,0.00041274099999100144,123,A01,cross-session,AdaBN
148,16,1,0.00037926300001345226,123,A01,cross-session,AdaBN
149,16,1,0.0004627679999202883,123,A01,cross-session,AdaBN
150,16,1,0.0003824390000772837,123,A01,cross-session,AdaBN
151,16,1,0.0003899220000675996,123,A01,cross-session,AdaBN
152,16,1,0.0004270990000350139,123,A01,cross-session,AdaBN
153,16,1,0.00041551499998604413,123,A01,cross-session,AdaBN
154,16,0,0.0003936900000098831,123,A01,cross-session,AdaBN
155,16,1,0.0003971739999997226,123,A01,cross-session,AdaBN
156,16,0,0.00039877000006072194,123,A01,cross-session,AdaBN
157,16,1,0.000389242999972339,123,A01,cross-session,AdaBN
158,16,1,0.00038581999990583427,123,A01,cross-session,AdaBN
159,16,0,0.0003924750000123822,123,A01,cross-session,AdaBN
160,16,1,0.00038686499999585067,123,A01,cross-session,AdaBN
161,16,1,0.0004064649999691028,123,A01,cross-session,AdaBN
162,16,1,0.0004012729999658404,123,A01,cross-session,AdaBN
163,16,1,0.00038119100008771056,123,A01,cross-session,AdaBN
164,16,0,0.0003738569999995889,123,A01,cross-session,AdaBN
165,16,1,0.0004040829999212292,123,A01,cross-session,AdaBN
166,16,1,0.0003877230000171039,123,A01,cross-session,AdaBN
167,16,1,0.00039217200003349717,123,A01,cross-session,AdaBN
168,16,1,0.00040479400001913746,123,A01,cross-session,AdaBN
169,16,1,0.00037897000004250003,123,A01,cross-session,AdaBN
170,16,1,0.0004114930000014283,123,A01,cross-session,AdaBN
171,16,0,0.0003936970000495421,123,A01,cross-session,AdaBN
172,16,1,0.0003917689999752838,123,A01,cross-session,AdaBN
173,16,1,0.00041301100009150105,123,A01,cross-session,AdaBN
174,16,0,0.0004028719999951136,123,A01,cross-session,AdaBN
175,16,0,0.00039940200008459215,123,A01,cross-session,AdaBN
176,16,1,0.0004148220000388392,123,A01,cross-session,AdaBN
177,16,1,0.0003796789999341854,123,A01,cross-session,AdaBN
178,16,1,0.00038688100005401793,123,A01,cross-session,AdaBN
179,16,0,0.0003911049999487659,123,A01,cross-session,AdaBN
180,16,1,0.00039085800005977944,123,A01,cross-session,AdaBN
181,16,1,0.00039441900003112096,123,A01,cross-session,AdaBN
182,16,0,0.0003878570000779291,123,A01,cross-session,AdaBN
183,16,0,0.0003951139999571751,123,A01,cross-session,AdaBN
184,16,1,0.0004143099999964761,123,A01,cross-session,AdaBN
185,16,1,0.0003945660000681528,123,A01,cross-session,AdaBN
186,16,1,0.0004115909999882206,123,A01,cross-session,AdaBN
187,16,1,0.000378898000008121,123,A01,cross-session,AdaBN
188,16,1,0.00040105700009007705,123,A01,cross-session,AdaBN
189,16,1,0.00038364600004570093,123,A01,cross-session,AdaBN
190,16,1,0.00037511699997594405,123,A01,cross-session,AdaBN
191,16,1,0.00037644899998667825,123,A01,cross-session,AdaBN
192,16,1,0.0004086760000063805,123,A01,cross-session,AdaBN
193,16,1,0.0004074599999057682,123,A01,cross-session,AdaBN
194,16,0,0.0004212640000105239,123,A01,cross-session,AdaBN
195,16,0,0.00042110100002901163,123,A01,cross-session,AdaBN
196,16,1,0.00038626699995347735,123,A01,cross-session,AdaBN
197,16,1,0.0004391189999068956,123,A01,cross-session,AdaBN
198,16,1,0.0003834340000139491,123,A01,cross-session,AdaBN
199,16,1,0.00039091900009680103,123,A01,cross-session,AdaBN
200,16,0,0.000409478000051422,123,A01,cross-session,AdaBN
201,16,0,0.00038330300003508455,123,A01,cross-session,AdaBN
202,16,1,0.00038298499998745683,123,A01,cross-session,AdaBN
203,16,0,0.00040630199998759053,123,A01,cross-session,AdaBN
204,16,1,0.0003992470000184767,123,A01,cross-session,AdaBN
205,16,1,0.0003917579999779264,123,A01,cross-session,AdaBN
206,16,0,0.0004142849999198006,123,A01,cross-session,AdaBN
207,16,1,0.0003782659999842508,123,A01,cross-session,AdaBN
208,16,1,0.0004068030000325962,123,A01,cross-session,AdaBN
209,16,1,0.00039254400007848744,123,A01,cross-session,AdaBN
210,16,0,0.00040901500005929847,123,A01,cross-session,AdaBN
211,16,0,0.00039459499998883985,123,A01,cross-session,AdaBN
212,16,1,0.00040173499996853934,123,A01,cross-session,AdaBN
213,16,1,0.00038786900006471114,123,A01,cross-session,AdaBN
214,16,0,0.00041332900002544193,123,A01,cross-session,AdaBN
215,16,1,0.0003884170000674203,123,A01,cross-session,AdaBN
216,16,0,0.0003895510000120339,123,A01,cross-session,AdaBN
217,16,1,0.00042877999999291205,123,A01,cross-session,AdaBN
218,16,0,0.00039488499999151827,123,A01,cross-session,AdaBN
219,16,1,0.00041157900000143854,123,A01,cross-session,AdaBN
220,16,1,0.00040925200005403894,123,A01,cross-session,AdaBN
221,16,1,0.00040908599999056605,123,A01,cross-session,AdaBN
222,16,1,0.0004315439999800219,123,A01,cross-session,AdaBN
223,16,1,0.0003782649999948262,123,A01,cross-session,AdaBN
224,16,0,0.000378672000010738,123,A01,cross-session,AdaBN
225,16,1,0.00042240100003709813,123,A01,cross-session,AdaBN
226,16,0,0.00039315200001510675,123,A01,cross-session,AdaBN
227,16,1,0.00040085800003453187,123,A01,cross-session,AdaBN
228,16,0,0.0003896969999459543,123,A01,cross-session,AdaBN
229,16,1,0.000389724000001479,123,A01,cross-session,AdaBN
230,16,1,0.0004027640000003885,123,A01,cross-session,AdaBN
231,16,0,0.0003920479999806048,123,A01,cross-session,AdaBN
232,16,0,0.0003957669999863356,123,A01,cross-session,AdaBN
233,16,1,0.000394212000060179,123,A01,cross-session,AdaBN
234,16,1,0.0003973070000711232,123,A01,cross-session,AdaBN
235,16,1,0.00037761299995509034,123,A01,cross-session,AdaBN
236,16,0,0.0004194370000050185,123,A01,cross-session,AdaBN
237,16,1,0.0003804430000400316,123,A01,cross-session,AdaBN
238,16,1,0.00038485499999296735,123,A01,cross-session,AdaBN
239,16,0,0.0003919509999832371,123,A01,cross-session,AdaBN
240,16,0,0.00040549599998485064,123,A01,cross-session,AdaBN
241,16,1,0.00042954900004588126,123,A01,cross-session,AdaBN
242,16,1,0.0005201159999614902,123,A01,cross-session,AdaBN
243,16,1,0.00037589099997603626,123,A01,cross-session,AdaBN
244,16,1,0.00038471300001674535,123,A01,cross-session,AdaBN
245,16,1,0.0003900770000200282,123,A01,cross-session,AdaBN
246,16,1,0.0003677839999909338,123,A01,cross-session,AdaBN
247,16,1,0.00039118500001222856,123,A01,cross-session,AdaBN
248,16,1,0.00041632500006016926,123,A01,cross-session,AdaBN
249,16,1,0.00038017999997919105,123,A01,cross-session,AdaBN
250,16,1,0.0003982089999681193,123,A01,cross-session,AdaBN
251,16,0,0.0003978430000870503,123,A01,cross-session,AdaBN
252,16,1,0.00040371099998992577,123,A01,cross-session,AdaBN
253,16,1,0.0003933020000204124,123,A01,cross-session,AdaBN
254,16,1,0.0003729530000100567,123,A01,cross-session,AdaBN
255,16,1,0.0003779800000529576,123,A01,cross-session,AdaBN
256,16,1,0.00038077400006386597,123,A01,cross-session,AdaBN
257,16,1,0.00037039500000446424,123,A01,cross-session,AdaBN
258,16,1,0.0003865940000196133,123,A01,cross-session,AdaBN
259,16,1,0.0004045469999027773,123,A01,cross-session,AdaBN
260,16,0,0.0003797670000267317,123,A01,cross-session,AdaBN
261,16,1,0.00040953600000648294,123,A01,cross-session,AdaBN
262,16,1,0.0004060820000404419,123,A01,cross-session,AdaBN
263,16,0,0.0004100869999774659,123,A01,cross-session,AdaBN
264,16,1,0.00039965500002381305,123,A01,cross-session,AdaBN
265,16,1,0.0003780209999604267,123,A01,cross-session,AdaBN
266,16,1,0.00037957699998969474,123,A01,cross-session,AdaBN
267,16,0,0.00040180200005579536,123,A01,cross-session,AdaBN
268,16,1,0.00038450599993211654,123,A01,cross-session,AdaBN
269,16,0,0.00040176400000291324,123,A01,cross-session,AdaBN
270,16,1,0.00040434899995034357,123,A01,cross-session,AdaBN
271,16,1,0.0003743150000445894,123,A01,cross-session,AdaBN
272,16,1,0.00038648099996407836,123,A01,cross-session,AdaBN
273,16,0,0.00040742700002738275,123,A01,cross-session,AdaBN
274,16,1,0.00042565499995816936,123,A01,cross-session,AdaBN
275,16,0,0.00041044800002509874,123,A01,cross-session,AdaBN
276,16,1,0.0003738160000921198,123,A01,cross-session,AdaBN
277,16,0,0.0003943920000892831,123,A01,cross-session,AdaBN
278,16,0,0.00040189800006373844,123,A01,cross-session,AdaBN
279,16,1,0.0003843140000299172,123,A01,cross-session,AdaBN
280,16,1,0.00037630899998930545,123,A01,cross-session,AdaBN
281,16,0,0.0004048170000032769,123,A01,cross-session,AdaBN
282,16,0,0.00039775499999450403,123,A01,cross-session,AdaBN
283,16,0,0.0003874789999827044,123,A01,cross-session,AdaBN
284,16,0,0.000406801000053747,123,A01,cross-session,AdaBN
285,16,1,0.00042741499999010557,123,A01,cross-session,AdaBN
286,16,1,0.00038626399998520355,123,A01,cross-session,AdaBN
287,16,0,0.0003930039999886503,123,A01,cross-session,AdaBN
0,1,1,0.0008798100000149134,123,A02,cross-session,AdaBN
1,2,1,0.0007726960000127292,123,A02,cross-session,AdaBN
2,3,0,0.0005945359999941502,123,A02,cross-session,AdaBN
3,4,0,0.0006722769999214506,123,A02,cross-session,AdaBN
4,5,0,0.0006525300000248535,123,A02,cross-session,AdaBN
5,6,1,0.0006376199999067467,123,A02,cross-session,AdaBN
6,7,0,0.000670205000005808,123,A02,cross-session,AdaBN
7,8,0,0.0006552160000410368,123,A02,cross-session,AdaBN
8,9,1,0.000674500999934935,123,A02,cross-session,AdaBN
9,10,0,0.000641508000057911,123,A02,cross-session,AdaBN
10,11,0,0.0006262630000719582,123,A02,cross-session,AdaBN
11,12,0,0.0006237720000399349,123,A02,cross-session,AdaBN
12,13,0,0.0006214019999788434,123,A02,cross-session,AdaBN
13,14,0,0.0006396459999677973,123,A02,cross-session,AdaBN
14,15,0,0.0006343530000094688,123,A02,cross-session,AdaBN
15,16,1,0.0006238359999315435,123,A02,cross-session,AdaBN
16,16,0,0.0006257310000137295,123,A02,cross-session,AdaBN
17,16,0,0.0006198479999284245,123,A02,cross-session,AdaBN
18,16,0,0.0006100250000145024,123,A02,cross-session,AdaBN
19,16,0,0.0006115449999697375,123,A02,cross-session,AdaBN
20,16,0,0.0005424130000619698,123,A02,cross-session,AdaBN
21,16,1,0.00041787899999690126,123,A02,cross-session,AdaBN
22,16,0,0.0003817040000058114,123,A02,cross-session,AdaBN
23,16,0,0.00040099399996051943,123,A02,cross-session,AdaBN
24,16,0,0.0004283670000404527,123,A02,cross-session,AdaBN
25,16,1,0.0003676329999962036,123,A02,cross-session,AdaBN
26,16,0,0.0004084980000698124,123,A02,cross-session,AdaBN
27,16,0,0.0003731959999413448,123,A02,cross-session,AdaBN
28,16,0,0.0003837000000430635,123,A02,cross-session,AdaBN
29,16,1,0.00036301900001944887,123,A02,cross-session,AdaBN
30,16,0,0.0003698430000440567,123,A02,cross-session,AdaBN
31,16,1,0.00038092099998721096,123,A02,cross-session,AdaBN
32,16,1,0.000369604000070467,123,A02,cross-session,AdaBN
33,16,1,0.00039487499998358544,123,A02,cross-session,AdaBN
34,16,0,0.00038949600002524676,123,A02,cross-session,AdaBN
35,16,1,0.0003847589999850243,123,A02,cross-session,AdaBN
36,16,0,0.00040771599992694973,123,A02,cross-session,AdaBN
37,16,0,0.00040570900000602705,123,A02,cross-session,AdaBN
38,16,0,0.0003847299999506504,123,A02,cross-session,AdaBN
39,16,0,0.0003949389999888808,123,A02,cross-session,AdaBN
40,16,1,0.00038176299995029694,123,A02,cross-session,AdaBN
41,16,0,0.00037961099997119163,123,A02,cross-session,AdaBN
42,16,1,0.00038147000009303156,123,A02,cross-session,AdaBN
43,16,0,0.0003831779999927676,123,A02,cross-session,AdaBN
44,16,0,0.00039638200007630076,123,A02,cross-session,AdaBN
45,16,1,0.0004096659999959229,123,A02,cross-session,AdaBN
46,16,0,0.00039719699998386204,123,A02,cross-session,AdaBN
47,16,0,0.0003971429999864995,123,A02,cross-session,AdaBN
48,16,0,0.0003830059999927471,123,A02,cross-session,AdaBN
49,16,0,0.0004164609999861568,123,A02,cross-session,AdaBN
50,16,0,0.00043271799995636684,123,A02,cross-session,AdaBN
51,16,0,0.0003945489999068741,123,A02,cross-session,AdaBN
52,16,1,0.00039783199997600605,123,A02,cross-session,AdaBN
53,16,1,0.0003903679998984444,123,A02,cross-session,AdaBN
54,16,0,0.000400003999970977,123,A02,cross-session,AdaBN
55,16,0,0.0004530359999534994,123,A02,cross-session,AdaBN
56,16,1,0.0004063289999294284,123,A02,cross-session,AdaBN
57,16,0,0.00041639899995971064,123,A02,cross-session,AdaBN
58,16,1,0.00042431500003203837,123,A02,cross-session,AdaBN
59,16,1,0.00040587900002719834,123,A02,cross-session,AdaBN
60,16,1,0.00040018499998950574,123,A02,cross-session,AdaBN
61,16,0,0.00039377900009185396,123,A02,cross-session,AdaBN
62,16,0,0.0003937720000521949,123,A02,cross-session,AdaBN
63,16,1,0.00041512999996484723,123,A02,cross-session,AdaBN
64,16,1,0.0003880769999113909,123,A02,cross-session,AdaBN
65,16,1,0.00042476200007968146,123,A02,cross-session,AdaBN
66,16,0,0.0003813299999819719,123,A02,cross-session,AdaBN
67,16,0,0.0004360469999937777,123,A02,cross-session,AdaBN
68,16,0,0.000405333999992763,123,A02,cross-session,AdaBN
69,16,1,0.00039941199997883814,123,A02,cross-session,AdaBN
70,16,0,0.0004120539999803441,123,A02,cross-session,AdaBN
71,16,0,0.0003975799999125229,123,A02,cross-session,AdaBN
72,16,0,0.00039956599994184216,123,A02,cross-session,AdaBN
73,16,0,0.0003976509999574773,123,A02,cross-session,AdaBN
74,16,0,0.0003877949999377961,123,A02,cross-session,AdaBN
75,16,0,0.0003888579999511421,123,A02,cross-session,AdaBN
76,16,1,0.00040026699991813075,123,A02,cross-session,AdaBN
77,16,0,0.00037989300005847326,123,A02,cross-session,AdaBN
78,16,0,0.0004270670000323662,123,A02,cross-session,AdaBN
79,16,0,0.0003887780000013663,123,A02,cross-session,AdaBN
80,16,1,0.00038662599990857416,123,A02,cross-session,AdaBN
81,16,0,0.00037542400002621434,123,A02,cross-session,AdaBN
82,16,1,0.0004149750000124186,123,A02,cross-session,AdaBN
83,16,0,0.00041108899995379033,123,A02,cross-session,AdaBN
84,16,0,0.0004032350000215956,123,A02,cross-session,AdaBN
85,16,1,0.000404436999929203,123,A02,cross-session,AdaBN
86,16,0,0.00037908299998434813,123,A02,cross-session,AdaBN
87,16,1,0.0003906719999804409,123,A02,cross-session,AdaBN
88,16,0,0.00041558999998869695,123,A02,cross-session,AdaBN
89,16,0,0.00042263000000275497,123,A02,cross-session,AdaBN
90,16,0,0.000412078000067595,123,A02,cross-session,AdaBN
91,16,1,0.0004122160000861186,123,A02,cross-session,AdaBN
92,16,0,0.000383177000003343,123,A02,cross-session,AdaBN
93,16,0,0.0004076960000247709,123,A02,cross-session,AdaBN
94,16,0,0.00040355500004807254,123,A02,cross-session,AdaBN
95,16,0,0.00042275200007679814,123,A02,cross-session,AdaBN
96,16,1,0.000411589999998796,123,A02,cross-session,AdaBN
97,16,0,0.0003934879999860641,123,A02,cross-session,AdaBN
98,16,1,0.00047083599997677084,123,A02,cross-session,AdaBN
99,16,0,0.000439533999951891,123,A02,cross-session,AdaBN
100,16,1,0.00040921900006196665,123,A02,cross-session,AdaBN
101,16,1,0.00040288800005328085,123,A02,cross-session,AdaBN
102,16,0,0.0003845050000563788,123,A02,cross-session,AdaBN
103,16,0,0.0003927760000124181,123,A02,cross-session,AdaBN
104,16,0,0.0004038939999873037,123,A02,cross-session,AdaBN
105,16,0,0.000399368999978833,123,A02,cross-session,AdaBN
106,16,0,0.00039453099998354446,123,A02,cross-session,AdaBN
107,16,1,0.00039990699997360935,123,A02,cross-session,AdaBN
108,16,0,0.00038932999996177386,123,A02,cross-session,AdaBN
109,16,1,0.0004290879999189201,123,A02,cross-session,AdaBN
110,16,0,0.00038893099997494573,123,A02,cross-session,AdaBN
111,16,0,0.0004067739999982223,123,A02,cross-session,AdaBN
112,16,0,0.00039016599998831225,123,A02,cross-session,AdaBN
113,16,1,0.00041030700003830134,123,A02,cross-session,AdaBN
114,16,0,0.0004319120000673138,123,A02,cross-session,AdaBN
115,16,0,0.0004074100000934777,123,A02,cross-session,AdaBN
116,16,0,0.0004132919999619844,123,A02,cross-session,AdaBN
117,16,0,0.0004126860000042143,123,A02,cross-session,AdaBN
118,16,0,0.0003991510000105336,123,A02,cross-session,AdaBN
119,16,0,0.00040991599996687,123,A02,cross-session,AdaBN
120,16,1,0.0003908869999804665,123,A02,cross-session,AdaBN
121,16,0,0.00039051800001743686,123,A02,cross-session,AdaBN
122,16,0,0.000409757000056743,123,A02,cross-session,AdaBN
123,16,0,0.00037765299998682167,123,A02,cross-session,AdaBN
124,16,0,0.00040897799999584095,123,A02,cross-session,AdaBN
125,16,0,0.00042691399994509993,123,A02,cross-session,AdaBN
126,16,0,0.0004049480000958283,123,A02,cross-session,AdaBN
127,16,0,0.0004342460000543724,123,A02,cross-session,AdaBN
128,16,0,0.0004048449999345394,123,A02,cross-session,AdaBN
129,16,0,0.00041770200004975777,123,A02,cross-session,AdaBN
130,16,0,0.00039036800001213123,123,A02,cross-session,AdaBN
131,16,0,0.0003993540000237772,123,A02,cross-session,AdaBN
132,16,1,0.0003948209999862229,123,A02,cross-session,AdaBN
133,16,1,0.0004099840000435506,123,A02,cross-session,AdaBN
134,16,0,0.00041151599998556776,123,A02,cross-session,AdaBN
135,16,0,0.00039773899993633677,123,A02,cross-session,AdaBN
136,16,0,0.0003846920000114551,123,A02,cross-session,AdaBN
137,16,0,0.0003980879999971876,123,A02,cross-session,AdaBN
138,16,1,0.0004008419999763646,123,A02,cross-session,AdaBN
139,16,0,0.00040630600005897577,123,A02,cross-session,AdaBN
140,16,1,0.0003951759999836213,123,A02,cross-session,AdaBN
141,16,1,0.0004026259999818649,123,A02,cross-session,AdaBN
142,16,1,0.0004006350000054226,123,A02,cross-session,AdaBN
143,16,0,0.0003963760000260663,123,A02,cross-session,AdaBN
144,16,0,0.0003901540000015302,123,A02,cross-session,AdaBN
145,16,0,0.00039719200003673905,123,A02,cross-session,AdaBN
146,16,0,0.000394936000020607,123,A02,cross-session,AdaBN
147,16,0,0.0004044999999450738,123,A02,cross-session,AdaBN
148,16,0,0.0003986090000580589,123,A02,cross-session,AdaBN
149,16,1,0.00041695499999150343,123,A02,cross-session,AdaBN
150,16,0,0.00042071700011092616,123,A02,cross-session,AdaBN
151,16,1,0.0004196830000182672,123,A02,cross-session,AdaBN
152,16,1,0.0004130759999725342,123,A02,cross-session,AdaBN
153,16,0,0.00041877800003931043,123,A02,cross-session,AdaBN
154,16,0,0.0004072699999824181,123,A02,cross-session,AdaBN
155,16,0,0.0003906340000412456,123,A02,cross-session,AdaBN
156,16,0,0.00040320100004009873,123,A02,cross-session,AdaBN
157,16,0,0.00038333999998485524,123,A02,cross-session,AdaBN
158,16,0,0.0004050840000218159,123,A02,cross-session,AdaBN
159,16,0,0.0003982330000553702,123,A02,cross-session,AdaBN
160,16,1,0.0004455789999155968,123,A02,cross-session,AdaBN
161,16,0,0.000418351000007533,123,A02,cross-session,AdaBN
162,16,1,0.0004063989999849582,123,A02,cross-session,AdaBN
163,16,0,0.0004308449999825825,123,A02,cross-session,AdaBN
164,16,0,0.00041285399993284955,123,A02,cross-session,AdaBN
165,16,0,0.0003780330000608956,123,A02,cross-session,AdaBN
166,16,0,0.0004229319999922154,123,A02,cross-session,AdaBN
167,16,0,0.00038120299996080576,123,A02,cross-session,AdaBN
168,16,0,0.0004062159999875803,123,A02,cross-session,AdaBN
169,16,0,0.0004101209999589628,123,A02,cross-session,AdaBN
170,16,0,0.00042887200004315673,123,A02,cross-session,AdaBN
171,16,1,0.0003986080000686343,123,A02,cross-session,AdaBN
172,16,0,0.00041802399994139705,123,A02,cross-session,AdaBN
173,16,1,0.0004055829999742855,123,A02,cross-session,AdaBN
174,16,0,0.00041398099995149096,123,A02,cross-session,AdaBN
175,16,1,0.00037251100002322346,123,A02,cross-session,AdaBN
176,16,0,0.00039259000004676636,123,A02,cross-session,AdaBN
177,16,1,0.000382065999929182,123,A02,cross-session,AdaBN
178,16,0,0.0003884689999722468,123,A02,cross-session,AdaBN
179,16,0,0.00044910700000855286,123,A02,cross-session,AdaBN
180,16,0,0.0003868139999667619,123,A02,cross-session,AdaBN
181,16,0,0.00038155000004280737,123,A02,cross-session,AdaBN
182,16,1,0.0004004149999445872,123,A02,cross-session,AdaBN
183,16,1,0.000374248999946758,123,A02,cross-session,AdaBN
184,16,0,0.0004057890000694897,123,A02,cross-session,AdaBN
185,16,0,0.00040806300000895135,123,A02,cross-session,AdaBN
186,16,0,0.00038685399999849324,123,A02,cross-session,AdaBN
187,16,0,0.00039268900002298324,123,A02,cross-session,AdaBN
188,16,0,0.00040999800000918185,123,A02,cross-session,AdaBN
189,16,0,0.00041888999999173393,123,A02,cross-session,AdaBN
190,16,0,0.00042086100006599736,123,A02,cross-session,AdaBN
191,16,0,0.00038097800006653415,123,A02,cross-session,AdaBN
192,16,0,0.0004129339999963122,123,A02,cross-session,AdaBN
193,16,1,0.00038846900008593366,123,A02,cross-session,AdaBN
194,16,1,0.0003912419999778649,123,A02,cross-session,AdaBN
195,16,0,0.00045570100007807923,123,A02,cross-session,AdaBN
196,16,0,0.0003981880000765159,123,A02,cross-session,AdaBN
197,16,0,0.00039127600007304864,123,A02,cross-session,AdaBN
198,16,0,0.00037589399994431005,123,A02,cross-session,AdaBN
199,16,1,0.0003741089999493852,123,A02,cross-session,AdaBN
200,16,1,0.000414137000007031,123,A02,cross-session,AdaBN
201,16,0,0.000384879999955956,123,A02,cross-session,AdaBN
202,16,1,0.0004012289999764107,123,A02,cross-session,AdaBN
203,16,1,0.0004242270000531789,123,A02,cross-session,AdaBN
204,16,0,0.00037528600000769075,123,A02,cross-session,AdaBN
205,16,1,0.0004377310000336365,123,A02,cross-session,AdaBN
206,16,0,0.0003997860000026776,123,A02,cross-session,AdaBN
207,16,1,0.00041927999996005383,123,A02,cross-session,AdaBN
208,16,0,0.0004340990000173406,123,A02,cross-session,AdaBN
209,16,0,0.0003785079999261143,123,A02,cross-session,AdaBN
210,16,1,0.00039463999996769417,123,A02,cross-session,AdaBN
211,16,0,0.0004081770000539109,123,A02,cross-session,AdaBN
212,16,1,0.00038900599997759855,123,A02,cross-session,AdaBN
213,16,0,0.00044041900002866896,123,A02,cross-session,AdaBN
214,16,1,0.00038748800000121264,123,A02,cross-session,AdaBN
215,16,0,0.00041076700006215106,123,A02,cross-session,AdaBN
216,16,0,0.00040346799994495086,123,A02,cross-session,AdaBN
217,16,0,0.0003957069999387386,123,A02,cross-session,AdaBN
218,16,1,0.00038218299994241534,123,A02,cross-session,AdaBN
219,16,1,0.0004638830000658345,123,A02,cross-session,AdaBN
220,16,1,0.0003845520000140823,123,A02,cross-session,AdaBN
221,16,0,0.0004001600000265171,123,A02,cross-session,AdaBN
222,16,0,0.0003965089999837801,123,A02,cross-session,AdaBN
223,16,0,0.0004125849999354614,123,A02,cross-session,AdaBN
224,16,0,0.0004093539999985296,123,A02,cross-session,AdaBN
225,16,0,0.00042562799990264466,123,A02,cross-session,AdaBN
226,16,0,0.0004079320000300868,123,A02,cross-session,AdaBN
227,16,0,0.00039981099996566627,123,A02,cross-session,AdaBN
228,16,0,0.0003705560000071273,123,A02,cross-session,AdaBN
229,16,1,0.00040740699989783025,123,A02,cross-session,AdaBN
230,16,1,0.0004223900000397407,123,A02,cross-session,AdaBN
231,16,0,0.00039959299999736686,123,A02,cross-session,AdaBN
232,16,1,0.00039270699994631286,123,A02,cross-session,AdaBN
233,16,0,0.0003939129999253055,123,A02,cross-session,AdaBN
234,16,0,0.0003845490000458085,123,A02,cross-session,AdaBN
235,16,1,0.000388114999964273,123,A02,cross-session,AdaBN
236,16,0,0.00039735099994686607,123,A02,cross-session,AdaBN
237,16,0,0.0003971289999071814,123,A02,cross-session,AdaBN
238,16,1,0.00039002100004381646,123,A02,cross-session,AdaBN
239,16,1,0.0003949639999518695,123,A02,cross-session,AdaBN
240,16,0,0.00040173299998969014,123,A02,cross-session,AdaBN
241,16,0,0.00038945899996178923,123,A02,cross-session,AdaBN
242,16,0,0.00040489100001650513,123,A02,cross-session,AdaBN
243,16,0,0.0003893809999908626,123,A02,cross-session,AdaBN
244,16,0,0.0003885930000251392,123,A02,cross-session,AdaBN
245,16,0,0.0003996069999629981,123,A02,cross-session,AdaBN
246,16,1,0.00037737799993919907,123,A02,cross-session,AdaBN
247,16,0,0.0003962399999863919,123,A02,cross-session,AdaBN
248,16,0,0.00038851399995110114,123,A02,cross-session,AdaBN
249,16,1,0.00039744100001826155,123,A02,cross-session,AdaBN
250,16,0,0.00040582199994787516,123,A02,cross-session,AdaBN
251,16,1,0.0004062609999664346,123,A02,cross-session,AdaBN
252,16,0,0.0003867049999826122,123,A02,cross-session,AdaBN
253,16,0,0.0004006939999499082,123,A02,cross-session,AdaBN
254,16,0,0.000372904000073504,123,A02,cross-session,AdaBN
255,16,0,0.00040236200004528655,123,A02,cross-session,AdaBN
256,16,0,0.0003861159999587471,123,A02,cross-session,AdaBN
257,16,1,0.0003771990000132064,123,A02,cross-session,AdaBN
258,16,0,0.000381070000003092,123,A02,cross-session,AdaBN
259,16,0,0.00037877599993407784,123,A02,cross-session,AdaBN
260,16,1,0.0004115820000833992,123,A02,cross-session,AdaBN
261,16,0,0.00039114900005188247,123,A02,cross-session,AdaBN
262,16,0,0.00038215199992919224,123,A02,cross-session,AdaBN
263,16,0,0.0003959020000365854,123,A02,cross-session,AdaBN
264,16,0,0.0003991899999391535,123,A02,cross-session,AdaBN
265,16,0,0.0003821580000931135,123,A02,cross-session,AdaBN
266,16,1,0.0003925550000758449,123,A02,cross-session,AdaBN
267,16,0,0.00038389400003779883,123,A02,cross-session,AdaBN
268,16,0,0.0004002480000053765,123,A02,cross-session,AdaBN
269,16,0,0.00040701099999296275,123,A02,cross-session,AdaBN
270,16,0,0.0004269739999926969,123,A02,cross-session,AdaBN
271,16,0,0.00041699700000208395,123,A02,cross-session,AdaBN
272,16,0,0.0003913189999593669,123,A02,cross-session,AdaBN
273,16,0,0.00038225699995564355,123,A02,cross-session,AdaBN
274,16,0,0.00039332500000455184,123,A02,cross-session,AdaBN
275,16,0,0.0003913219999276407,123,A02,cross-session,AdaBN
276,16,0,0.0004096170000593702,123,A02,cross-session,AdaBN
277,16,0,0.00038167600007454894,123,A02,cross-session,AdaBN
278,16,0,0.00039677600000231905,123,A02,cross-session,AdaBN
279,16,0,0.00040735100003530533,123,A02,cross-session,AdaBN
280,16,0,0.00038156299990532716,123,A02,cross-session,AdaBN
281,16,0,0.00039870800003427576,123,A02,cross-session,AdaBN
282,16,1,0.00042118900000787107,123,A02,cross-session,AdaBN
283,16,1,0.00038344600000073115,123,A02,cross-session,AdaBN
284,16,0,0.00042818899999019777,123,A02,cross-session,AdaBN
285,16,1,0.00039149999997789564,123,A02,cross-session,AdaBN
286,16,0,0.0003853960000697043,123,A02,cross-session,AdaBN
287,16,1,0.00038769600007526606,123,A02,cross-session,AdaBN
0,1,1,0.0005539250000765605,123,A03,cross-session,AdaBN
1,2,1,0.0004941529999769045,123,A03,cross-session,AdaBN
2,3,0,0.0004637499999944339,123,A03,cross-session,AdaBN
3,4,1,0.0006999419999829115,123,A03,cross-session,AdaBN
4,5,1,0.0007270419999940714,123,A03,cross-session,AdaBN
5,6,1,0.0006748079999852052,123,A03,cross-session,AdaBN
6,7,1,0.0004696190000004208,123,A03,cross-session,AdaBN
7,8,0,0.0007030519999489115,123,A03,cross-session,AdaBN
8,9,1,0.0006685390000029656,123,A03,cross-session,AdaBN
9,10,0,0.0006630569999970248,123,A03,cross-session,AdaBN
10,11,1,0.0006484130000217192,123,A03,cross-session,AdaBN
11,12,0,0.0006272529999478138,123,A03,cross-session,AdaBN
12,13,1,0.0006299230000195166,123,A03,cross-session,AdaBN
13,14,0,0.0006402149999757967,123,A03,cross-session,AdaBN
14,15,1,0.0006355159999884563,123,A03,cross-session,AdaBN
15,16,1,0.0006171499999254593,123,A03,cross-session,AdaBN
16,16,1,0.0006124829999407666,123,A03,cross-session,AdaBN
17,16,1,0.0006130620000703857,123,A03,cross-session,AdaBN
18,16,1,0.0006289290000722758,123,A03,cross-session,AdaBN
19,16,1,0.0006496849999848564,123,A03,cross-session,AdaBN
20,16,1,0.0006134190000466333,123,A03,cross-session,AdaBN
21,16,1,0.0006222819999948115,123,A03,cross-session,AdaBN
22,16,1,0.0006295630000749952,123,A03,cross-session,AdaBN
23,16,1,0.0005934740000839156,123,A03,cross-session,AdaBN
24,16,0,0.0006036519999952361,123,A03,cross-session,AdaBN
25,16,1,0.000419690999933664,123,A03,cross-session,AdaBN
26,16,1,0.00037845400004243857,123,A03,cross-session,AdaBN
27,16,0,0.00043468299998039583,123,A03,cross-session,AdaBN
28,16,0,0.0003916229999276766,123,A03,cross-session,AdaBN
29,16,0,0.0003823380000085308,123,A03,cross-session,AdaBN
30,16,1,0.00038917100005164684,123,A03,cross-session,AdaBN
31,16,1,0.00036976800004140387,123,A03,cross-session,AdaBN
32,16,1,0.0003962279999996099,123,A03,cross-session,AdaBN
33,16,1,0.00036997100005464745,123,A03,cross-session,AdaBN
34,16,1,0.00040749300001152733,123,A03,cross-session,AdaBN
35,16,1,0.00038767599994571356,123,A03,cross-session,AdaBN
36,16,1,0.0004284369999822957,123,A03,cross-session,AdaBN
37,16,1,0.00038742200001706806,123,A03,cross-session,AdaBN
38,16,1,0.00039062400003331277,123,A03,cross-session,AdaBN
39,16,0,0.0003925050000361807,123,A03,cross-session,AdaBN
40,16,0,0.00037948699991829926,123,A03,cross-session,AdaBN
41,16,1,0.0004038860000719069,123,A03,cross-session,AdaBN
42,16,0,0.00038587699998515745,123,A03,cross-session,AdaBN
43,16,0,0.0004012609999790584,123,A03,cross-session,AdaBN
44,16,1,0.0003856000000723725,123,A03,cross-session,AdaBN
45,16,1,0.00039919100004226493,123,A03,cross-session,AdaBN
46,16,1,0.0004170839999915188,123,A03,cross-session,AdaBN
47,16,1,0.00038952700003846985,123,A03,cross-session,AdaBN
48,16,0,0.0003983189999416936,123,A03,cross-session,AdaBN
49,16,0,0.0003851160000749587,123,A03,cross-session,AdaBN
50,16,1,0.0003918349999594284,123,A03,cross-session,AdaBN
51,16,1,0.00039189999995414837,123,A03,cross-session,AdaBN
52,16,1,0.00039311100010763766,123,A03,cross-session,AdaBN
53,16,1,0.0004040439999926093,123,A03,cross-session,AdaBN
54,16,1,0.0003953830000682501,123,A03,cross-session,AdaBN
55,16,1,0.0003959760000498136,123,A03,cross-session,AdaBN
56,16,1,0.00039516200001799007,123,A03,cross-session,AdaBN
57,16,0,0.0003972880000446821,123,A03,cross-session,AdaBN
58,16,0,0.0003845080000246526,123,A03,cross-session,AdaBN
59,16,0,0.0004074800000353207,123,A03,cross-session,AdaBN
60,16,1,0.00038801400000920694,123,A03,cross-session,AdaBN
61,16,1,0.00041218399996978405,123,A03,cross-session,AdaBN
62,16,1,0.0003928600000335791,123,A03,cross-session,AdaBN
63,16,1,0.0003963340000154858,123,A03,cross-session,AdaBN
64,16,0,0.0003928910000468022,123,A03,cross-session,AdaBN
65,16,0,0.0003990019999946526,123,A03,cross-session,AdaBN
66,16,1,0.00040320800007975777,123,A03,cross-session,AdaBN
67,16,1,0.00041327499991439254,123,A03,cross-session,AdaBN
68,16,1,0.0004376910000019052,123,A03,cross-session,AdaBN
69,16,0,0.00039339800002835545,123,A03,cross-session,AdaBN
70,16,1,0.000396194000018113,123,A03,cross-session,AdaBN
71,16,0,0.0003960060000736121,123,A03,cross-session,AdaBN
72,16,1,0.00043310000000928994,123,A03,cross-session,AdaBN
73,16,1,0.000403299000026891,123,A03,cross-session,AdaBN
74,16,1,0.00040682400003788644,123,A03,cross-session,AdaBN
75,16,1,0.0004013260000874652,123,A03,cross-session,AdaBN
76,16,1,0.00038724800003819837,123,A03,cross-session,AdaBN
77,16,1,0.00041168699999616365,123,A03,cross-session,AdaBN
78,16,1,0.0003961279999202816,123,A03,cross-session,AdaBN
79,16,1,0.00043373699998028314,123,A03,cross-session,AdaBN
80,16,1,0.00039735499990456447,123,A03,cross-session,AdaBN
81,16,0,0.0004202119999945353,123,A03,cross-session,AdaBN
82,16,1,0.0003777089999630334,123,A03,cross-session,AdaBN
83,16,1,0.0004079789999877903,123,A03,cross-session,AdaBN
84,16,1,0.0004430690000845061,123,A03,cross-session,AdaBN
85,16,0,0.0004030420000162849,123,A03,cross-session,AdaBN
86,16,1,0.0004334960000278443,123,A03,cross-session,AdaBN
87,16,1,0.0003932390000045416,123,A03,cross-session,AdaBN
88,16,1,0.0004228309999234625,123,A03,cross-session,AdaBN
89,16,0,0.00039866400004484603,123,A03,cross-session,AdaBN
90,16,1,0.000424393000002965,123,A03,cross-session,AdaBN
91,16,0,0.00039424799990683823,123,A03,cross-session,AdaBN
92,16,1,0.0004139139999779218,123,A03,cross-session,AdaBN
93,16,1,0.0004232489999367317,123,A03,cross-session,AdaBN
94,16,0,0.0003939780000337123,123,A03,cross-session,AdaBN
95,16,1,0.00039634699999169243,123,A03,cross-session,AdaBN
96,16,1,0.0003799840000056065,123,A03,cross-session,AdaBN
97,16,1,0.0003985590000183947,123,A03,cross-session,AdaBN
98,16,0,0.0003897970000252826,123,A03,cross-session,AdaBN
99,16,1,0.0004227389999869047,123,A03,cross-session,AdaBN
100,16,1,0.0004074419999824386,123,A03,cross-session,AdaBN
101,16,0,0.0003868720000355097,123,A03,cross-session,AdaBN
102,16,1,0.0004029030000083367,123,A03,cross-session,AdaBN
103,16,0,0.0003886220000595131,123,A03,cross-session,AdaBN
104,16,1,0.00040356900001370377,123,A03,cross-session,AdaBN
105,16,1,0.00040925200005403894,123,A03,cross-session,AdaBN
106,16,0,0.0003962019999335098,123,A03,cross-session,AdaBN
107,16,0,0.00041355899998052337,123,A03,cross-session,AdaBN
108,16,0,0.000387475000025006,123,A03,cross-session,AdaBN
109,16,0,0.00039860399999724905,123,A03,cross-session,AdaBN
110,16,0,0.00040824000006978167,123,A03,cross-session,AdaBN
111,16,1,0.0004017879999764773,123,A03,cross-session,AdaBN
112,16,1,0.00041574299996227637,123,A03,cross-session,AdaBN
113,16,1,0.0003933770000230652,123,A03,cross-session,AdaBN
114,16,1,0.00038935999998557236,123,A03,cross-session,AdaBN
115,16,1,0.00042328600000018923,123,A03,cross-session,AdaBN
116,16,1,0.000409353000009105,123,A03,cross-session,AdaBN
117,16,0,0.00040163599999232247,123,A03,cross-session,AdaBN
118,16,1,0.0004114999999274005,123,A03,cross-session,AdaBN
119,16,0,0.00038137799992910004,123,A03,cross-session,AdaBN
120,16,1,0.0004153200000018842,123,A03,cross-session,AdaBN
121,16,1,0.00038056100004268956,123,A03,cross-session,AdaBN
122,16,0,0.0004100200000038967,123,A03,cross-session,AdaBN
123,16,1,0.000381365999942318,123,A03,cross-session,AdaBN
124,16,1,0.0003802249999580454,123,A03,cross-session,AdaBN
125,16,1,0.0003847540000379013,123,A03,cross-session,AdaBN
126,16,0,0.0003738330000260248,123,A03,cross-session,AdaBN
127,16,1,0.00039371799994114554,123,A03,cross-session,AdaBN
128,16,0,0.0003952389999994921,123,A03,cross-session,AdaBN
129,16,0,0.000427854000008665,123,A03,cross-session,AdaBN
130,16,1,0.00039093999998840445,123,A03,cross-session,AdaBN
131,16,1,0.0003810769999290642,123,A03,cross-session,AdaBN
132,16,1,0.00045015800003511686,123,A03,cross-session,AdaBN
133,16,1,0.00041088899990882055,123,A03,cross-session,AdaBN
134,16,1,0.00043142499998793937,123,A03,cross-session,AdaBN
135,16,1,0.00039713399996799126,123,A03,cross-session,AdaBN
136,16,0,0.00043210400008319994,123,A03,cross-session,AdaBN
137,16,0,0.00041991700004473387,123,A03,cross-session,AdaBN
138,16,1,0.00042139699996823765,123,A03,cross-session,AdaBN
139,16,1,0.00042231099996570265,123,A03,cross-session,AdaBN
140,16,1,0.00041674300007343845,123,A03,cross-session,AdaBN
141,16,0,0.00039993600000798324,123,A03,cross-session,AdaBN
142,16,1,0.0003881469999669207,123,A03,cross-session,AdaBN
143,16,1,0.00042006799992577726,123,A03,cross-session,AdaBN
144,16,0,0.00037764100000003964,123,A03,cross-session,AdaBN
145,16,0,0.0004161960000601539,123,A03,cross-session,AdaBN
146,16,1,0.0003833699998949669,123,A03,cross-session,AdaBN
147,16,0,0.00039279899999655754,123,A03,cross-session,AdaBN
148,16,0,0.00040450899996358203,123,A03,cross-session,AdaBN
149,16,1,0.0003771809999761899,123,A03,cross-session,AdaBN
150,16,1,0.0003866609999931825,123,A03,cross-session,AdaBN
151,16,1,0.00039013000002796616,123,A03,cross-session,AdaBN
152,16,0,0.00037886100005835033,123,A03,cross-session,AdaBN
153,16,1,0.00039854699991792586,123,A03,cross-session,AdaBN
154,16,1,0.000421590999962973,123,A03,cross-session,AdaBN
155,16,1,0.0004054490000271471,123,A03,cross-session,AdaBN
156,16,1,0.0004206610000210276,123,A03,cross-session,AdaBN
157,16,1,0.0003825599999345286,123,A03,cross-session,AdaBN
158,16,0,0.00040479799997683585,123,A03,cross-session,AdaBN
159,16,1,0.0004040630000190504,123,A03,cross-session,AdaBN
160,16,1,0.00038788299991665554,123,A03,cross-session,AdaBN
161,16,1,0.0003878160000567732,123,A03,cross-session,AdaBN
162,16,1,0.00038959899995916203,123,A03,cross-session,AdaBN
163,16,1,0.00039473799995448644,123,A03,cross-session,AdaBN
164,16,0,0.00042825499997434235,123,A03,cross-session,AdaBN
165,16,1,0.00038791999998011306,123,A03,cross-session,AdaBN
166,16,1,0.0003851259999692047,123,A03,cross-session,AdaBN
167,16,1,0.0003823389999979554,123,A03,cross-session,AdaBN
168,16,1,0.00038309900003241637,123,A03,cross-session,AdaBN
169,16,1,0.0003978000000870452,123,A03,cross-session,AdaBN
170,16,1,0.00040750800008027,123,A03,cross-session,AdaBN
171,16,0,0.0004215229999999792,123,A03,cross-session,AdaBN
172,16,1,0.0004160940000019764,123,A03,cross-session,AdaBN
173,16,1,0.0004069480000907788,123,A03,cross-session,AdaBN
174,16,1,0.00039634300003399403,123,A03,cross-session,AdaBN
175,16,1,0.0003979500000923508,123,A03,cross-session,AdaBN
176,16,1,0.000396477999970557,123,A03,cross-session,AdaBN
177,16,1,0.00041475000000446016,123,A03,cross-session,AdaBN
178,16,1,0.00038161300005867815,123,A03,cross-session,AdaBN
179,16,0,0.0004090999999561973,123,A03,cross-session,AdaBN
180,16,0,0.0003938380000363395,123,A03,cross-session,AdaBN
181,16,1,0.0003870489999826532,123,A03,cross-session,AdaBN
182,16,0,0.0003978460000553241,123,A03,cross-session,AdaBN
183,16,1,0.000394584999980907,123,A03,cross-session,AdaBN
184,16,1,0.00037729500002114946,123,A03,cross-session,AdaBN
185,16,1,0.0003910930000756707,123,A03,cross-session,AdaBN
186,16,0,0.00038330799998220755,123,A03,cross-session,AdaBN
187,16,1,0.00038397100001930085,123,A03,cross-session,AdaBN
188,16,0,0.0004048429999556902,123,A03,cross-session,AdaBN
189,16,1,0.00038510199999564065,123,A03,cross-session,AdaBN
190,16,1,0.0004319200000963974,123,A03,cross-session,AdaBN
191,16,1,0.0003856719999930647,123,A03,cross-session,AdaBN
192,16,0,0.00041994000002887333,123,A03,cross-session,AdaBN
193,16,1,0.0004001380000318022,123,A03,cross-session,AdaBN
194,16,1,0.00038239299999531795,123,A03,cross-session,AdaBN
195,16,0,0.0003970049999679759,123,A03,cross-session,AdaBN
196,16,0,0.00040449199991599016,123,A03,cross-session,AdaBN
197,16,1,0.0003924590000679018,123,A03,cross-session,AdaBN
198,16,0,0.00041731499993602483,123,A03,cross-session,AdaBN
199,16,1,0.00037554099992576084,123,A03,cross-session,AdaBN
200,16,1,0.0004407540000102017,123,A03,cross-session,AdaBN
201,16,1,0.000416390999930627,123,A03,cross-session,AdaBN
202,16,1,0.00039484499995978695,123,A03,cross-session,AdaBN
203,16,1,0.0003895199999988108,123,A03,cross-session,AdaBN
204,16,1,0.0004202170000553451,123,A03,cross-session,AdaBN
205,16,1,0.00040314699992904934,123,A03,cross-session,AdaBN
206,16,0,0.00043454599995129684,123,A03,cross-session,AdaBN
207,16,1,0.0003920010000229013,123,A03,cross-session,AdaBN
208,16,0,0.00038506100008817157,123,A03,cross-session,AdaBN
209,16,0,0.0004022219999342269,123,A03,cross-session,AdaBN
210,16,1,0.00037870699998165946,123,A03,cross-session,AdaBN
211,16,1,0.0003756170000315251,123,A03,cross-session,AdaBN
212,16,1,0.000404287999913322,123,A03,cross-session,AdaBN
213,16,1,0.00040198699991833564,123,A03,cross-session,AdaBN
214,16,1,0.00039567300007092854,123,A03,cross-session,AdaBN
215,16,0,0.0003926879999198718,123,A03,cross-session,AdaBN
216,16,1,0.0003892340000675176,123,A03,cross-session,AdaBN
217,16,1,0.00043972099990696734,123,A03,cross-session,AdaBN
218,16,1,0.00039318200003890524,123,A03,cross-session,AdaBN
219,16,0,0.0003881730000330208,123,A03,cross-session,AdaBN
220,16,0,0.0003938419999940379,123,A03,cross-session,AdaBN
221,16,1,0.0004207109999470049,123,A03,cross-session,AdaBN
222,16,1,0.0003816290000031586,123,A03,cross-session,AdaBN
223,16,1,0.00040010200007145613,123,A03,cross-session,AdaBN
224,16,0,0.00037845099996047793,123,A03,cross-session,AdaBN
225,16,0,0.00038000600000032136,123,A03,cross-session,AdaBN
226,16,1,0.0004011979999631876,123,A03,cross-session,AdaBN
227,16,0,0.00041173299996444257,123,A03,cross-session,AdaBN
228,16,1,0.00041713200005233375,123,A03,cross-session,AdaBN
229,16,0,0.00040771199996925134,123,A03,cross-session,AdaBN
230,16,1,0.00039082300008885795,123,A03,cross-session,AdaBN
231,16,1,0.0003882660000726901,123,A03,cross-session,AdaBN
232,16,0,0.0003943000000390384,123,A03,cross-session,AdaBN
233,16,1,0.0003829339999583681,123,A03,cross-session,AdaBN
234,16,1,0.0004055570000218722,123,A03,cross-session,AdaBN
235,16,1,0.0004456130000107805,123,A03,cross-session,AdaBN
236,16,1,0.0003813299999819719,123,A03,cross-session,AdaBN
237,16,1,0.00040437500001644366,123,A03,cross-session,AdaBN
238,16,1,0.0003849060000220561,123,A03,cross-session,AdaBN
239,16,0,0.00037812600010056485,123,A03,cross-session,AdaBN
240,16,0,0.0004098320000593958,123,A03,cross-session,AdaBN
241,16,1,0.0003816799999185605,123,A03,cross-session,AdaBN
242,16,1,0.00038079600005858083,123,A03,cross-session,AdaBN
243,16,1,0.0003794179999658809,123,A03,cross-session,AdaBN
244,16,1,0.0004053100000191989,123,A03,cross-session,AdaBN
245,16,1,0.00038789499990343757,123,A03,cross-session,AdaBN
246,16,1,0.00038489999997182167,123,A03,cross-session,AdaBN
247,16,1,0.0004114160000199263,123,A03,cross-session,AdaBN
248,16,0,0.00038745699998798955,123,A03,cross-session,AdaBN
249,16,1,0.0004411889999573759,123,A03,cross-session,AdaBN
250,16,1,0.0003860279999798877,123,A03,cross-session,AdaBN
251,16,1,0.00041235200001210615,123,A03,cross-session,AdaBN
252,16,1,0.0003765610000527886,123,A03,cross-session,AdaBN
253,16,1,0.0003801540000267778,123,A03,cross-session,AdaBN
254,16,1,0.0004174050000074203,123,A03,cross-session,AdaBN
255,16,1,0.0003748569999970641,123,A03,cross-session,AdaBN
256,16,1,0.0003856099999666185,123,A03,cross-session,AdaBN
257,16,1,0.0003738259999863658,123,A03,cross-session,AdaBN
258,16,1,0.0003944389999332998,123,A03,cross-session,AdaBN
259,16,1,0.00040710200005378283,123,A03,cross-session,AdaBN
260,16,0,0.0004005580000239206,123,A03,cross-session,AdaBN
261,16,1,0.00039594299994405446,123,A03,cross-session,AdaBN
262,16,1,0.0004115629999432713,123,A03,cross-session,AdaBN
263,16,1,0.00039270699994631286,123,A03,cross-session,AdaBN
264,16,0,0.00042638200000055804,123,A03,cross-session,AdaBN
265,16,1,0.0004000960000212217,123,A03,cross-session,AdaBN
266,16,1,0.0004018420000875267,123,A03,cross-session,AdaBN
267,16,0,0.0003981220000923713,123,A03,cross-session,AdaBN
268,16,1,0.00041945300006318575,123,A03,cross-session,AdaBN
269,16,1,0.00037721300009252445,123,A03,cross-session,AdaBN
270,16,1,0.00041683199992803566,123,A03,cross-session,AdaBN
271,16,1,0.0003835759999901711,123,A03,cross-session,AdaBN
272,16,1,0.00040169500005049485,123,A03,cross-session,AdaBN
273,16,1,0.000399926999989475,123,A03,cross-session,AdaBN
274,16,1,0.0004028800000241972,123,A03,cross-session,AdaBN
275,16,1,0.0004040459999714585,123,A03,cross-session,AdaBN
276,16,1,0.0004372710000097868,123,A03,cross-session,AdaBN
277,16,0,0.00037581699996280804,123,A03,cross-session,AdaBN
278,16,1,0.0004422319999548563,123,A03,cross-session,AdaBN
279,16,1,0.0003961620000154653,123,A03,cross-session,AdaBN
280,16,1,0.0003803319999633459,123,A03,cross-session,AdaBN
281,16,0,0.00045187800003532175,123,A03,cross-session,AdaBN
282,16,0,0.00037890900000547845,123,A03,cross-session,AdaBN
283,16,0,0.00038465299996914837,123,A03,cross-session,AdaBN
284,16,1,0.00041788099997575046,123,A03,cross-session,AdaBN
285,16,0,0.00037697300001582335,123,A03,cross-session,AdaBN
286,16,1,0.00040174699995532137,123,A03,cross-session,AdaBN
287,16,1,0.0004166930000337743,123,A03,cross-session,AdaBN
0,1,1,0.0006129379999038065,123,A04,cross-session,AdaBN
1,2,0,0.0005095370000844923,123,A04,cross-session,AdaBN
2,3,1,0.0004882299999735551,123,A04,cross-session,AdaBN
3,4,1,0.0008761999999933323,123,A04,cross-session,AdaBN
4,5,0,0.0006454630000689576,123,A04,cross-session,AdaBN
5,6,1,0.0005798240000558508,123,A04,cross-session,AdaBN
6,7,1,0.0007309689999601687,123,A04,cross-session,AdaBN
7,8,0,0.0006689599999845086,123,A04,cross-session,AdaBN
8,9,1,0.0006729560000167112,123,A04,cross-session,AdaBN
9,10,0,0.0006631880000895762,123,A04,cross-session,AdaBN
10,11,1,0.0006374280000045474,123,A04,cross-session,AdaBN
11,12,0,0.000629570999990392,123,A04,cross-session,AdaBN
12,13,0,0.0006086320000804335,123,A04,cross-session,AdaBN
13,14,0,0.0006398950000630066,123,A04,cross-session,AdaBN
14,15,1,0.0006120299999565759,123,A04,cross-session,AdaBN
15,16,0,0.000599383000007947,123,A04,cross-session,AdaBN
16,16,0,0.0006372670000018843,123,A04,cross-session,AdaBN
17,16,0,0.0006286809999664911,123,A04,cross-session,AdaBN
18,16,1,0.000625272999968729,123,A04,cross-session,AdaBN
19,16,0,0.0005949589999545424,123,A04,cross-session,AdaBN
20,16,0,0.0006104569999934029,123,A04,cross-session,AdaBN
21,16,0,0.0006101860000171655,123,A04,cross-session,AdaBN
22,16,1,0.000601692000032017,123,A04,cross-session,AdaBN
23,16,1,0.0006136599999990722,123,A04,cross-session,AdaBN
24,16,1,0.0004942699999901379,123,A04,cross-session,AdaBN
25,16,0,0.00041252599999097583,123,A04,cross-session,AdaBN
26,16,0,0.00041745700002593367,123,A04,cross-session,AdaBN
27,16,0,0.00038207699992653943,123,A04,cross-session,AdaBN
28,16,1,0.00038489799999297247,123,A04,cross-session,AdaBN
29,16,0,0.0004043020001063269,123,A04,cross-session,AdaBN
30,16,0,0.0003956739999466663,123,A04,cross-session,AdaBN
31,16,1,0.00036762399997769535,123,A04,cross-session,AdaBN
32,16,1,0.000392817000033574,123,A04,cross-session,AdaBN
33,16,0,0.0003652219999139561,123,A04,cross-session,AdaBN
34,16,1,0.00038625800004865596,123,A04,cross-session,AdaBN
35,16,1,0.00037146299996493326,123,A04,cross-session,AdaBN
36,16,1,0.00037503200007904525,123,A04,cross-session,AdaBN
37,16,0,0.00039671000001817447,123,A04,cross-session,AdaBN
38,16,1,0.00037352699996517913,123,A04,cross-session,AdaBN
39,16,1,0.0003969310000684345,123,A04,cross-session,AdaBN
40,16,1,0.0003845559999717807,123,A04,cross-session,AdaBN
41,16,0,0.00039557000002332643,123,A04,cross-session,AdaBN
42,16,1,0.00038313499999276246,123,A04,cross-session,AdaBN
43,16,0,0.0004118120000384806,123,A04,cross-session,AdaBN
44,16,1,0.00041087600004630076,123,A04,cross-session,AdaBN
45,16,1,0.0003935810000257334,123,A04,cross-session,AdaBN
46,16,0,0.00040123300004779594,123,A04,cross-session,AdaBN
47,16,0,0.00039737700001296616,123,A04,cross-session,AdaBN
48,16,0,0.0004056060000721118,123,A04,cross-session,AdaBN
49,16,1,0.0003929190000917515,123,A04,cross-session,AdaBN
50,16,0,0.0004121150000173657,123,A04,cross-session,AdaBN
51,16,1,0.00039849500001309934,123,A04,cross-session,AdaBN
52,16,1,0.0003947259999677044,123,A04,cross-session,AdaBN
53,16,0,0.00041932099998120975,123,A04,cross-session,AdaBN
54,16,1,0.0003951859999915541,123,A04,cross-session,AdaBN
55,16,1,0.00039987699994981085,123,A04,cross-session,AdaBN
56,16,0,0.00039716000003409135,123,A04,cross-session,AdaBN
57,16,0,0.00045815499993295816,123,A04,cross-session,AdaBN
58,16,1,0.0004180419999784135,123,A04,cross-session,AdaBN
59,16,0,0.00042764800002714765,123,A04,cross-session,AdaBN
60,16,0,0.000400768999952561,123,A04,cross-session,AdaBN
61,16,1,0.0004079670000010083,123,A04,cross-session,AdaBN
62,16,0,0.0004335749999881955,123,A04,cross-session,AdaBN
63,16,1,0.00042027199992844544,123,A04,cross-session,AdaBN
64,16,1,0.0004228130000001329,123,A04,cross-session,AdaBN
65,16,1,0.0004016819999606014,123,A04,cross-session,AdaBN
66,16,1,0.0004039259999899514,123,A04,cross-session,AdaBN
67,16,0,0.00040989399997215514,123,A04,cross-session,AdaBN
68,16,1,0.00039400799994382396,123,A04,cross-session,AdaBN
69,16,0,0.00042275700002392114,123,A04,cross-session,AdaBN
70,16,1,0.000416878999999426,123,A04,cross-session,AdaBN
71,16,1,0.00038813799994841247,123,A04,cross-session,AdaBN
72,16,1,0.00042044400004215277,123,A04,cross-session,AdaBN
73,16,0,0.00039358099991204654,123,A04,cross-session,AdaBN
74,16,1,0.00040099800003190467,123,A04,cross-session,AdaBN
75,16,1,0.00041319399997519213,123,A04,cross-session,AdaBN
76,16,1,0.00038362600002983527,123,A04,cross-session,AdaBN
77,16,1,0.00040272299997923255,123,A04,cross-session,AdaBN
78,16,0,0.00038374299992938177,123,A04,cross-session,AdaBN
79,16,1,0.0004088289999799599,123,A04,cross-session,AdaBN
80,16,1,0.00039030200002798665,123,A04,cross-session,AdaBN
81,16,0,0.000383184000043002,123,A04,cross-session,AdaBN
82,16,0,0.00040630600005897577,123,A04,cross-session,AdaBN
83,16,0,0.0003836980000642143,123,A04,cross-session,AdaBN
84,16,0,0.0004227470000159883,123,A04,cross-session,AdaBN
85,16,0,0.0004014920000372513,123,A04,cross-session,AdaBN
86,16,0,0.000418695000007574,123,A04,cross-session,AdaBN
87,16,0,0.00042624599996088364,123,A04,cross-session,AdaBN
88,16,1,0.00039164800000435207,123,A04,cross-session,AdaBN
89,16,0,0.00040603699994790077,123,A04,cross-session,AdaBN
90,16,0,0.00040240600003471627,123,A04,cross-session,AdaBN
91,16,0,0.0003943520000575518,123,A04,cross-session,AdaBN
92,16,0,0.0003966989999071302,123,A04,cross-session,AdaBN
93,16,0,0.00039093999998840445,123,A04,cross-session,AdaBN
94,16,1,0.00038946999995914666,123,A04,cross-session,AdaBN
95,16,0,0.00039487599997301004,123,A04,cross-session,AdaBN
96,16,0,0.00040971300006731326,123,A04,cross-session,AdaBN
97,16,1,0.0004230949999737277,123,A04,cross-session,AdaBN
98,16,1,0.00039115200002015627,123,A04,cross-session,AdaBN
99,16,0,0.0003953279999677761,123,A04,cross-session,AdaBN
100,16,1,0.00038931799997499184,123,A04,cross-session,AdaBN
101,16,1,0.00037984900006904354,123,A04,cross-session,AdaBN
102,16,0,0.00040136099994469987,123,A04,cross-session,AdaBN
103,16,1,0.00037518599992836243,123,A04,cross-session,AdaBN
104,16,1,0.0003869090000989672,123,A04,cross-session,AdaBN
105,16,1,0.00038686200002757687,123,A04,cross-session,AdaBN
106,16,1,0.0003816590000269571,123,A04,cross-session,AdaBN
107,16,0,0.0003980399999363726,123,A04,cross-session,AdaBN
108,16,1,0.00038211999992654455,123,A04,cross-session,AdaBN
109,16,0,0.000436156999967352,123,A04,cross-session,AdaBN
110,16,0,0.00039996999998948013,123,A04,cross-session,AdaBN
111,16,1,0.00039385399998081994,123,A04,cross-session,AdaBN
112,16,0,0.0004031260000374459,123,A04,cross-session,AdaBN
113,16,1,0.00038292499993985984,123,A04,cross-session,AdaBN
114,16,1,0.0003836439999531649,123,A04,cross-session,AdaBN
115,16,1,0.0003929609999886452,123,A04,cross-session,AdaBN
116,16,1,0.0003901830000359041,123,A04,cross-session,AdaBN
117,16,0,0.0004178520000550634,123,A04,cross-session,AdaBN
118,16,0,0.0003904500000544431,123,A04,cross-session,AdaBN
119,16,0,0.0004254890000083833,123,A04,cross-session,AdaBN
120,16,0,0.0004142469999806053,123,A04,cross-session,AdaBN
121,16,1,0.0003780900000265319,123,A04,cross-session,AdaBN
122,16,0,0.00041901099996266566,123,A04,cross-session,AdaBN
123,16,1,0.00038137499996082624,123,A04,cross-session,AdaBN
124,16,1,0.00041794300000219664,123,A04,cross-session,AdaBN
125,16,0,0.0004395189999968352,123,A04,cross-session,AdaBN
126,16,1,0.00039980899998681707,123,A04,cross-session,AdaBN
127,16,1,0.0003948609999042674,123,A04,cross-session,AdaBN
128,16,1,0.00038334800001393887,123,A04,cross-session,AdaBN
129,16,1,0.00040448599997944257,123,A04,cross-session,AdaBN
130,16,0,0.0004313319999482701,123,A04,cross-session,AdaBN
131,16,0,0.00042642500000056316,123,A04,cross-session,AdaBN
132,16,0,0.00039048799999363837,123,A04,cross-session,AdaBN
133,16,1,0.0003894410000384596,123,A04,cross-session,AdaBN
134,16,1,0.00040033699997366057,123,A04,cross-session,AdaBN
135,16,1,0.00041021999993517966,123,A04,cross-session,AdaBN
136,16,1,0.00039194700002553873,123,A04,cross-session,AdaBN
137,16,0,0.0004231259999869508,123,A04,cross-session,AdaBN
138,16,1,0.0003773499998942498,123,A04,cross-session,AdaBN
139,16,1,0.0003823719999900277,123,A04,cross-session,AdaBN
140,16,1,0.0004036850000375125,123,A04,cross-session,AdaBN
141,16,1,0.00041180199991686095,123,A04,cross-session,AdaBN
142,16,0,0.0004422779999231352,123,A04,cross-session,AdaBN
143,16,1,0.00041655199993329006,123,A04,cross-session,AdaBN
144,16,1,0.0003920750000361295,123,A04,cross-session,AdaBN
145,16,1,0.0003957769999942684,123,A04,cross-session,AdaBN
146,16,1,0.00038154799995027133,123,A04,cross-session,AdaBN
147,16,0,0.0003849119999586037,123,A04,cross-session,AdaBN
148,16,0,0.0003839639999796418,123,A04,cross-session,AdaBN
149,16,0,0.0004140930000176013,123,A04,cross-session,AdaBN
150,16,0,0.0003880699999854187,123,A04,cross-session,AdaBN
151,16,1,0.0003785379999499128,123,A04,cross-session,AdaBN
152,16,0,0.00039536200006295985,123,A04,cross-session,AdaBN
153,16,0,0.0003845609999189037,123,A04,cross-session,AdaBN
154,16,1,0.00040367299993704364,123,A04,cross-session,AdaBN
155,16,1,0.00042071300003954093,123,A04,cross-session,AdaBN
156,16,0,0.0003995040000290828,123,A04,cross-session,AdaBN
157,16,0,0.0004040630000190504,123,A04,cross-session,AdaBN
158,16,0,0.0003810980000480413,123,A04,cross-session,AdaBN
159,16,1,0.00041383099994618533,123,A04,cross-session,AdaBN
160,16,0,0.0004066100000272854,123,A04,cross-session,AdaBN
161,16,0,0.00039054400008353696,123,A04,cross-session,AdaBN
162,16,0,0.00046815100006369903,123,A04,cross-session,AdaBN
163,16,0,0.0003895469999406487,123,A04,cross-session,AdaBN
164,16,1,0.00040673099999821716,123,A04,cross-session,AdaBN
165,16,1,0.0003735110000206987,123,A04,cross-session,AdaBN
166,16,0,0.0004226630001085141,123,A04,cross-session,AdaBN
167,16,1,0.0004131989999223151,123,A04,cross-session,AdaBN
168,16,1,0.00040316800004802644,123,A04,cross-session,AdaBN
169,16,1,0.00040110500003720517,123,A04,cross-session,AdaBN
170,16,0,0.00041239500001211127,123,A04,cross-session,AdaBN
171,16,1,0.0003931400000283247,123,A04,cross-session,AdaBN
172,16,0,0.0003898280000385057,123,A04,cross-session,AdaBN
173,16,1,0.0003797690000055809,123,A04,cross-session,AdaBN
174,16,0,0.0003925029999436447,123,A04,cross-session,AdaBN
175,16,1,0.00041123699998024676,123,A04,cross-session,AdaBN
176,16,1,0.00042934299995067704,123,A04,cross-session,AdaBN
177,16,0,0.0004313520000778226,123,A04,cross-session,AdaBN
178,16,0,0.00039431300001524505,123,A04,cross-session,AdaBN
179,16,1,0.00048352700002851634,123,A04,cross-session,AdaBN
180,16,1,0.0003884200000356941,123,A04,cross-session,AdaBN
181,16,0,0.00041594699996494455,123,A04,cross-session,AdaBN
182,16,0,0.0004592569999886109,123,A04,cross-session,AdaBN
183,16,1,0.0003724649999412577,123,A04,cross-session,AdaBN
184,16,0,0.0004172330000073998,123,A04,cross-session,AdaBN
185,16,0,0.00040113399995789223,123,A04,cross-session,AdaBN
186,16,0,0.00037647999999990134,123,A04,cross-session,AdaBN
187,16,1,0.00038471899995329295,123,A04,cross-session,AdaBN
188,16,1,0.0003806109999686669,123,A04,cross-session,AdaBN
189,16,1,0.0004059740000457168,123,A04,cross-session,AdaBN
190,16,0,0.000377709999952458,123,A04,cross-session,AdaBN
191,16,0,0.0004289980000748983,123,A04,cross-session,AdaBN
192,16,0,0.00043184099990867253,123,A04,cross-session,AdaBN
193,16,1,0.0004188300000578238,123,A04,cross-session,AdaBN
194,16,1,0.00043918200003645325,123,A04,cross-session,AdaBN
195,16,0,0.0003898180000305729,123,A04,cross-session,AdaBN
196,16,0,0.00038618500002485234,123,A04,cross-session,AdaBN
197,16,0,0.0004283859999532069,123,A04,cross-session,AdaBN
198,16,0,0.00038298399999803223,123,A04,cross-session,AdaBN
199,16,0,0.00038597200000367593,123,A04,cross-session,AdaBN
200,16,0,0.00041887199995471747,123,A04,cross-session,AdaBN
201,16,0,0.0003848300000299787,123,A04,cross-session,AdaBN
202,16,0,0.00040715099999033555,123,A04,cross-session,AdaBN
203,16,0,0.00037806199998158263,123,A04,cross-session,AdaBN
204,16,0,0.000386553999987882,123,A04,cross-session,AdaBN
205,16,1,0.0004188149999890811,123,A04,cross-session,AdaBN
206,16,0,0.00039161299991974374,123,A04,cross-session,AdaBN
207,16,0,0.0003891630000225632,123,A04,cross-session,AdaBN
208,16,1,0.00040510799999537994,123,A04,cross-session,AdaBN
209,16,1,0.00042695599995568045,123,A04,cross-session,AdaBN
210,16,1,0.0004133589999355536,123,A04,cross-session,AdaBN
211,16,0,0.00042241000005560636,123,A04,cross-session,AdaBN
212,16,1,0.0003973209999230676,123,A04,cross-session,AdaBN
213,16,1,0.0004129099999090613,123,A04,cross-session,AdaBN
214,16,1,0.00039273300001241296,123,A04,cross-session,AdaBN
215,16,1,0.00040518000002975896,123,A04,cross-session,AdaBN
216,16,1,0.0003713789999437722,123,A04,cross-session,AdaBN
217,16,1,0.0003771789999973407,123,A04,cross-session,AdaBN
218,16,1,0.0004034660000797885,123,A04,cross-session,AdaBN
219,16,0,0.0004128850000597595,123,A04,cross-session,AdaBN
220,16,1,0.0004630529999758437,123,A04,cross-session,AdaBN
221,16,0,0.00039843299998665316,123,A04,cross-session,AdaBN
222,16,1,0.0004097679999404136,123,A04,cross-session,AdaBN
223,16,1,0.0004215129999920464,123,A04,cross-session,AdaBN
224,16,1,0.00040813400005390577,123,A04,cross-session,AdaBN
225,16,1,0.00040405400000054215,123,A04,cross-session,AdaBN
226,16,0,0.00039656799992826564,123,A04,cross-session,AdaBN
227,16,0,0.00040479899996626045,123,A04,cross-session,AdaBN
228,16,0,0.00042822099999284546,123,A04,cross-session,AdaBN
229,16,0,0.0003730500000074244,123,A04,cross-session,AdaBN
230,16,0,0.0003987950000237106,123,A04,cross-session,AdaBN
231,16,1,0.0003947420000258717,123,A04,cross-session,AdaBN
232,16,0,0.000390205000030619,123,A04,cross-session,AdaBN
233,16,1,0.00039892400002372597,123,A04,cross-session,AdaBN
234,16,1,0.00039096800003335375,123,A04,cross-session,AdaBN
235,16,1,0.0003861659999984113,123,A04,cross-session,AdaBN
236,16,1,0.0004274349998922844,123,A04,cross-session,AdaBN
237,16,0,0.00038451000000350177,123,A04,cross-session,AdaBN
238,16,1,0.0003753729999971256,123,A04,cross-session,AdaBN
239,16,0,0.00040552600000864913,123,A04,cross-session,AdaBN
240,16,0,0.0003828960000191728,123,A04,cross-session,AdaBN
241,16,1,0.0004430039999760993,123,A04,cross-session,AdaBN
242,16,0,0.00038295000001653534,123,A04,cross-session,AdaBN
243,16,1,0.0003763240000580481,123,A04,cross-session,AdaBN
244,16,0,0.0003897610000649365,123,A04,cross-session,AdaBN
245,16,1,0.0003712249999807682,123,A04,cross-session,AdaBN
246,16,1,0.00039592900009211007,123,A04,cross-session,AdaBN
247,16,0,0.00040753700000095705,123,A04,cross-session,AdaBN
248,16,0,0.00038446200005637365,123,A04,cross-session,AdaBN
249,16,1,0.00040841800000634976,123,A04,cross-session,AdaBN
250,16,0,0.00041355600001224957,123,A04,cross-session,AdaBN
251,16,0,0.00042561800000839867,123,A04,cross-session,AdaBN
252,16,1,0.00040137600001344254,123,A04,cross-session,AdaBN
253,16,0,0.00038647799999580457,123,A04,cross-session,AdaBN
254,16,0,0.0003748130000076344,123,A04,cross-session,AdaBN
255,16,0,0.0003992770000422752,123,A04,cross-session,AdaBN
256,16,1,0.00038932799998292467,123,A04,cross-session,AdaBN
257,16,0,0.00040676599996913865,123,A04,cross-session,AdaBN
258,16,1,0.00039699299998119386,123,A04,cross-session,AdaBN
259,16,0,0.000393310000049496,123,A04,cross-session,AdaBN
260,16,1,0.00040532499997425475,123,A04,cross-session,AdaBN
261,16,1,0.00037556500001301174,123,A04,cross-session,AdaBN
262,16,0,0.0003864820000671898,123,A04,cross-session,AdaBN
263,16,0,0.0003833920000033686,123,A04,cross-session,AdaBN
264,16,1,0.00038646900009098317,123,A04,cross-session,AdaBN
265,16,1,0.00038444099993739655,123,A04,cross-session,AdaBN
266,16,0,0.0003889930000013919,123,A04,cross-session,AdaBN
267,16,0,0.00037985699998444034,123,A04,cross-session,AdaBN
268,16,1,0.0003896499999882508,123,A04,cross-session,AdaBN
269,16,0,0.00039019200005441235,123,A04,cross-session,AdaBN
270,16,0,0.0003799400000161768,123,A04,cross-session,AdaBN
271,16,1,0.0003993009999021524,123,A04,cross-session,AdaBN
272,16,0,0.0003863080000883201,123,A04,cross-session,AdaBN
273,16,1,0.000396129000023393,123,A04,cross-session,AdaBN
274,16,0,0.000392470999940997,123,A04,cross-session,AdaBN
275,16,0,0.0004053110000086235,123,A04,cross-session,AdaBN
276,16,0,0.000377418999960355,123,A04,cross-session,AdaBN
277,16,1,0.00038250199997946766,123,A04,cross-session,AdaBN
278,16,0,0.0004048209999609753,123,A04,cross-session,AdaBN
279,16,1,0.0004485570000269945,123,A04,cross-session,AdaBN
280,16,0,0.00038394199998492695,123,A04,cross-session,AdaBN
281,16,1,0.00041756099994927354,123,A04,cross-session,AdaBN
282,16,0,0.00038610900003277493,123,A04,cross-session,AdaBN
283,16,0,0.0003940169999623322,123,A04,cross-session,AdaBN
284,16,0,0.00038390099996377103,123,A04,cross-session,AdaBN
285,16,0,0.00038554700006443454,123,A04,cross-session,AdaBN
286,16,0,0.00039594199995462986,123,A04,cross-session,AdaBN
287,16,1,0.0003961280000339684,123,A04,cross-session,AdaBN
0,1,0,0.0006141280000520055,123,A05,cross-session,AdaBN
1,2,0,0.00047730899996167864,123,A05,cross-session,AdaBN
2,3,1,0.0004971549999481795,123,A05,cross-session,AdaBN
3,4,1,0.0004672979999895688,123,A05,cross-session,AdaBN
4,5,0,0.000565676000064741,123,A05,cross-session,AdaBN
5,6,1,0.0004261959999212195,123,A05,cross-session,AdaBN
6,7,0,0.00044635200003995124,123,A05,cross-session,AdaBN
7,8,1,0.000644706999992195,123,A05,cross-session,AdaBN
8,9,1,0.0006520499999851381,123,A05,cross-session,AdaBN
9,10,0,0.0006551389999458479,123,A05,cross-session,AdaBN
10,11,0,0.0006363930000361506,123,A05,cross-session,AdaBN
11,12,0,0.0006313310000223282,123,A05,cross-session,AdaBN
12,13,0,0.0006341590000147335,123,A05,cross-session,AdaBN
13,14,0,0.0006253190000506947,123,A05,cross-session,AdaBN
14,15,1,0.000642980000066018,123,A05,cross-session,AdaBN
15,16,0,0.0006480140000348911,123,A05,cross-session,AdaBN
16,16,1,0.000605918000019301,123,A05,cross-session,AdaBN
17,16,0,0.000607060000106685,123,A05,cross-session,AdaBN
18,16,0,0.0006243760000188558,123,A05,cross-session,AdaBN
19,16,1,0.0005916459999752988,123,A05,cross-session,AdaBN
20,16,0,0.0006330170000410362,123,A05,cross-session,AdaBN
21,16,0,0.0006024140000135958,123,A05,cross-session,AdaBN
22,16,0,0.0006089539999720728,123,A05,cross-session,AdaBN
23,16,0,0.0006368740000652906,123,A05,cross-session,AdaBN
24,16,0,0.0006367229999568735,123,A05,cross-session,AdaBN
25,16,0,0.000611853999998857,123,A05,cross-session,AdaBN
26,16,0,0.000434114999961821,123,A05,cross-session,AdaBN
27,16,0,0.00039466999999149266,123,A05,cross-session,AdaBN
28,16,0,0.0004057940000166127,123,A05,cross-session,AdaBN
29,16,0,0.000389428000062253,123,A05,cross-session,AdaBN
30,16,0,0.000388814999951137,123,A05,cross-session,AdaBN
31,16,0,0.0003637610000168934,123,A05,cross-session,AdaBN
32,16,0,0.0003671140000278683,123,A05,cross-session,AdaBN
33,16,0,0.00035993099993447686,123,A05,cross-session,AdaBN
34,16,1,0.00042224699996040727,123,A05,cross-session,AdaBN
35,16,0,0.0003721389999782332,123,A05,cross-session,AdaBN
36,16,0,0.0004069160000881311,123,A05,cross-session,AdaBN
37,16,0,0.0003990519999206299,123,A05,cross-session,AdaBN
38,16,0,0.0003891250000833679,123,A05,cross-session,AdaBN
39,16,0,0.00039983900001061556,123,A05,cross-session,AdaBN
40,16,1,0.0003888129999722878,123,A05,cross-session,AdaBN
41,16,0,0.00041266100004122563,123,A05,cross-session,AdaBN
42,16,0,0.00039281399995161337,123,A05,cross-session,AdaBN
43,16,0,0.0004077499999084466,123,A05,cross-session,AdaBN
44,16,1,0.00039036200007558364,123,A05,cross-session,AdaBN
45,16,1,0.00039086100002805324,123,A05,cross-session,AdaBN
46,16,0,0.00041358800001489726,123,A05,cross-session,AdaBN
47,16,1,0.00040103100002397696,123,A05,cross-session,AdaBN
48,16,0,0.0004213390000131767,123,A05,cross-session,AdaBN
49,16,0,0.00041365699996731564,123,A05,cross-session,AdaBN
50,16,0,0.00040914600003816304,123,A05,cross-session,AdaBN
51,16,0,0.00040862900004867697,123,A05,cross-session,AdaBN
52,16,0,0.0003891640000119878,123,A05,cross-session,AdaBN
53,16,0,0.00045465700009117427,123,A05,cross-session,AdaBN
54,16,0,0.00043095700004869286,123,A05,cross-session,AdaBN
55,16,1,0.00041445600004408334,123,A05,cross-session,AdaBN
56,16,0,0.0004059789999928398,123,A05,cross-session,AdaBN
57,16,0,0.00042765000000599684,123,A05,cross-session,AdaBN
58,16,1,0.00042443900008493074,123,A05,cross-session,AdaBN
59,16,0,0.00041093600009389775,123,A05,cross-session,AdaBN
60,16,0,0.00042181799994978064,123,A05,cross-session,AdaBN
61,16,0,0.00042339499998433894,123,A05,cross-session,AdaBN
62,16,1,0.0003996440000264556,123,A05,cross-session,AdaBN
63,16,0,0.0003962799999044364,123,A05,cross-session,AdaBN
64,16,0,0.00039364700000987796,123,A05,cross-session,AdaBN
65,16,0,0.00039661199991769536,123,A05,cross-session,AdaBN
66,16,0,0.0003967309999097779,123,A05,cross-session,AdaBN
67,16,0,0.00040321200003745616,123,A05,cross-session,AdaBN
68,16,0,0.000399368999978833,123,A05,cross-session,AdaBN
69,16,1,0.0004214379999893936,123,A05,cross-session,AdaBN
70,16,0,0.0004265100000111488,123,A05,cross-session,AdaBN
71,16,1,0.00039906500001052336,123,A05,cross-session,AdaBN
72,16,0,0.0004034280000269064,123,A05,cross-session,AdaBN
73,16,1,0.0004124300000967196,123,A05,cross-session,AdaBN
74,16,0,0.0003886360000251443,123,A05,cross-session,AdaBN
75,16,0,0.00041636399998878915,123,A05,cross-session,AdaBN
76,16,0,0.00039410900001257687,123,A05,cross-session,AdaBN
77,16,1,0.0004011209999816856,123,A05,cross-session,AdaBN
78,16,1,0.00040152399992621213,123,A05,cross-session,AdaBN
79,16,0,0.00038442499999291613,123,A05,cross-session,AdaBN
80,16,0,0.00041379399999641464,123,A05,cross-session,AdaBN
81,16,0,0.0003911069999276151,123,A05,cross-session,AdaBN
82,16,0,0.00039065200007826206,123,A05,cross-session,AdaBN
83,16,0,0.0003985499999998865,123,A05,cross-session,AdaBN
84,16,0,0.00039692099994681485,123,A05,cross-session,AdaBN
85,16,0,0.0004425209999681101,123,A05,cross-session,AdaBN
86,16,0,0.0003916160000017044,123,A05,cross-session,AdaBN
87,16,1,0.000415459999999257,123,A05,cross-session,AdaBN
88,16,1,0.0004187810000075842,123,A05,cross-session,AdaBN
89,16,0,0.00038270300001386204,123,A05,cross-session,AdaBN
90,16,0,0.0004034400000136884,123,A05,cross-session,AdaBN
91,16,0,0.0003881159999536976,123,A05,cross-session,AdaBN
92,16,0,0.0003945869999597562,123,A05,cross-session,AdaBN
93,16,0,0.00044520899996314256,123,A05,cross-session,AdaBN
94,16,0,0.0004037979999793606,123,A05,cross-session,AdaBN
95,16,0,0.00040436500000851083,123,A05,cross-session,AdaBN
96,16,0,0.0004072320000432228,123,A05,cross-session,AdaBN
97,16,1,0.000390565999964565,123,A05,cross-session,AdaBN
98,16,1,0.0003998440000714254,123,A05,cross-session,AdaBN
99,16,0,0.00039638600003399915,123,A05,cross-session,AdaBN
100,16,0,0.0003961669999625883,123,A05,cross-session,AdaBN
101,16,1,0.0003989970000475296,123,A05,cross-session,AdaBN
102,16,0,0.00042322399997374305,123,A05,cross-session,AdaBN
103,16,0,0.00039631899994674313,123,A05,cross-session,AdaBN
104,16,0,0.00039226900003086485,123,A05,cross-session,AdaBN
105,16,0,0.0003898250000702319,123,A05,cross-session,AdaBN
106,16,0,0.0004227410000794407,123,A05,cross-session,AdaBN
107,16,0,0.00038521399994806416,123,A05,cross-session,AdaBN
108,16,0,0.00037055399991459126,123,A05,cross-session,AdaBN
109,16,1,0.0003987979999919844,123,A05,cross-session,AdaBN
110,16,0,0.00038106099998458376,123,A05,cross-session,AdaBN
111,16,1,0.0003856010000617971,123,A05,cross-session,AdaBN
112,16,0,0.0003892720000067129,123,A05,cross-session,AdaBN
113,16,0,0.0004136420000122598,123,A05,cross-session,AdaBN
114,16,0,0.00041147499996441184,123,A05,cross-session,AdaBN
115,16,1,0.0004374179999331318,123,A05,cross-session,AdaBN
116,16,1,0.00037521800004469696,123,A05,cross-session,AdaBN
117,16,0,0.0003837330000351358,123,A05,cross-session,AdaBN
118,16,0,0.00038629400000900205,123,A05,cross-session,AdaBN
119,16,1,0.00038570799995341076,123,A05,cross-session,AdaBN
120,16,0,0.0004017790000716559,123,A05,cross-session,AdaBN
121,16,0,0.0004099390000646963,123,A05,cross-session,AdaBN
122,16,0,0.00040993899995100946,123,A05,cross-session,AdaBN
123,16,0,0.0004080449999719349,123,A05,cross-session,AdaBN
124,16,0,0.0004328809999378791,123,A05,cross-session,AdaBN
125,16,1,0.0003971010000896058,123,A05,cross-session,AdaBN
126,16,0,0.000397957000018323,123,A05,cross-session,AdaBN
127,16,0,0.00038423299997703,123,A05,cross-session,AdaBN
128,16,1,0.0003985480000210373,123,A05,cross-session,AdaBN
129,16,0,0.00040860799992969987,123,A05,cross-session,AdaBN
130,16,0,0.0003989990000263788,123,A05,cross-session,AdaBN
131,16,0,0.00039118400002280396,123,A05,cross-session,AdaBN
132,16,0,0.00040281400004005263,123,A05,cross-session,AdaBN
133,16,0,0.000396473000023434,123,A05,cross-session,AdaBN
134,16,0,0.0004014709999182742,123,A05,cross-session,AdaBN
135,16,1,0.00037849499994990765,123,A05,cross-session,AdaBN
136,16,0,0.00039213499997003964,123,A05,cross-session,AdaBN
137,16,0,0.0004423069999575091,123,A05,cross-session,AdaBN
138,16,1,0.0004346270000041841,123,A05,cross-session,AdaBN
139,16,1,0.00042435099999238446,123,A05,cross-session,AdaBN
140,16,0,0.00039061300003595534,123,A05,cross-session,AdaBN
141,16,0,0.0003854150000961454,123,A05,cross-session,AdaBN
142,16,0,0.00039038299996718706,123,A05,cross-session,AdaBN
143,16,1,0.0003922999999304011,123,A05,cross-session,AdaBN
144,16,0,0.00039936900009251985,123,A05,cross-session,AdaBN
145,16,0,0.0003997090000211756,123,A05,cross-session,AdaBN
146,16,1,0.00039885099999992235,123,A05,cross-session,AdaBN
147,16,0,0.0004036040000983121,123,A05,cross-session,AdaBN
148,16,1,0.0003857420000485945,123,A05,cross-session,AdaBN
149,16,1,0.0003808810000691665,123,A05,cross-session,AdaBN
150,16,0,0.0004039289999582252,123,A05,cross-session,AdaBN
151,16,0,0.00038105700002688536,123,A05,cross-session,AdaBN
152,16,0,0.0003773509999973612,123,A05,cross-session,AdaBN
153,16,1,0.00038886300001195195,123,A05,cross-session,AdaBN
154,16,1,0.0003799720000188245,123,A05,cross-session,AdaBN
155,16,0,0.00046620499995242426,123,A05,cross-session,AdaBN
156,16,0,0.0003895549999697323,123,A05,cross-session,AdaBN
157,16,0,0.00038299300001654046,123,A05,cross-session,AdaBN
158,16,1,0.00039995399993131286,123,A05,cross-session,AdaBN
159,16,0,0.00039012000002003333,123,A05,cross-session,AdaBN
160,16,0,0.0004120140000622996,123,A05,cross-session,AdaBN
161,16,1,0.00042576099997404526,123,A05,cross-session,AdaBN
162,16,0,0.0003742070000498643,123,A05,cross-session,AdaBN
163,16,0,0.0003944689999570983,123,A05,cross-session,AdaBN
164,16,1,0.00039514400009466044,123,A05,cross-session,AdaBN
165,16,0,0.00037862900001073285,123,A05,cross-session,AdaBN
166,16,0,0.0004369590000123935,123,A05,cross-session,AdaBN
167,16,0,0.0004191820000869484,123,A05,cross-session,AdaBN
168,16,1,0.00043368600006488123,123,A05,cross-session,AdaBN
169,16,0,0.00042487500002152956,123,A05,cross-session,AdaBN
170,16,1,0.00040901800002757227,123,A05,cross-session,AdaBN
171,16,1,0.00039696899989394296,123,A05,cross-session,AdaBN
172,16,0,0.0004127910000306656,123,A05,cross-session,AdaBN
173,16,1,0.00038091199996870273,123,A05,cross-session,AdaBN
174,16,0,0.0003900000000385262,123,A05,cross-session,AdaBN
175,16,1,0.0003839529999822844,123,A05,cross-session,AdaBN
176,16,0,0.0003879039999219458,123,A05,cross-session,AdaBN
177,16,0,0.00041920700004993705,123,A05,cross-session,AdaBN
178,16,0,0.00039416900006017386,123,A05,cross-session,AdaBN
179,16,1,0.0004385400000046502,123,A05,cross-session,AdaBN
180,16,0,0.0004021990000637743,123,A05,cross-session,AdaBN
181,16,1,0.0003867699999773322,123,A05,cross-session,AdaBN
182,16,1,0.00042564300008507416,123,A05,cross-session,AdaBN
183,16,0,0.0004239789999473942,123,A05,cross-session,AdaBN
184,16,1,0.0003821260000904658,123,A05,cross-session,AdaBN
185,16,0,0.00041556499991202145,123,A05,cross-session,AdaBN
186,16,0,0.0003866880000487072,123,A05,cross-session,AdaBN
187,16,0,0.0003792899999552901,123,A05,cross-session,AdaBN
188,16,0,0.00041099699990354566,123,A05,cross-session,AdaBN
189,16,0,0.00039606500001809763,123,A05,cross-session,AdaBN
190,16,0,0.0003903199999513163,123,A05,cross-session,AdaBN
191,16,0,0.00039998899990223435,123,A05,cross-session,AdaBN
192,16,0,0.00038204199995561794,123,A05,cross-session,AdaBN
193,16,0,0.00039397099999405327,123,A05,cross-session,AdaBN
194,16,0,0.00037984199991569767,123,A05,cross-session,AdaBN
195,16,1,0.0003884999999854699,123,A05,cross-session,AdaBN
196,16,0,0.00044467199995779083,123,A05,cross-session,AdaBN
197,16,0,0.0004301809999560646,123,A05,cross-session,AdaBN
198,16,1,0.0003780800000185991,123,A05,cross-session,AdaBN
199,16,0,0.0004126540000015666,123,A05,cross-session,AdaBN
200,16,0,0.0003737199999704899,123,A05,cross-session,AdaBN
201,16,1,0.0003947309999148274,123,A05,cross-session,AdaBN
202,16,0,0.00041173099998559337,123,A05,cross-session,AdaBN
203,16,1,0.00038081599996075965,123,A05,cross-session,AdaBN
204,16,1,0.00042330800010859093,123,A05,cross-session,AdaBN
205,16,0,0.0003901820000464795,123,A05,cross-session,AdaBN
206,16,1,0.0003770710000026156,123,A05,cross-session,AdaBN
207,16,0,0.0003913529999408638,123,A05,cross-session,AdaBN
208,16,0,0.0003798310000320271,123,A05,cross-session,AdaBN
209,16,0,0.00038506900000356836,123,A05,cross-session,AdaBN
210,16,1,0.00039022800001475844,123,A05,cross-session,AdaBN
211,16,0,0.0004154880000442063,123,A05,cross-session,AdaBN
212,16,0,0.0004059479999796167,123,A05,cross-session,AdaBN
213,16,1,0.00039411199998085067,123,A05,cross-session,AdaBN
214,16,0,0.00038907500004370377,123,A05,cross-session,AdaBN
215,16,0,0.0004159320000098887,123,A05,cross-session,AdaBN
216,16,1,0.00038208799992389686,123,A05,cross-session,AdaBN
217,16,1,0.0003759740000077727,123,A05,cross-session,AdaBN
218,16,0,0.0003837979999161689,123,A05,cross-session,AdaBN
219,16,1,0.0004023380000717225,123,A05,cross-session,AdaBN
220,16,0,0.00038618899998255074,123,A05,cross-session,AdaBN
221,16,0,0.0003983760000210168,123,A05,cross-session,AdaBN
222,16,0,0.0003927879999992001,123,A05,cross-session,AdaBN
223,16,0,0.00039216100003613974,123,A05,cross-session,AdaBN
224,16,1,0.0003812249999555206,123,A05,cross-session,AdaBN
225,16,0,0.00041998100005002925,123,A05,cross-session,AdaBN
226,16,1,0.00043204700000387675,123,A05,cross-session,AdaBN
227,16,0,0.0004031309999845689,123,A05,cross-session,AdaBN
228,16,0,0.00040849999993497477,123,A05,cross-session,AdaBN
229,16,0,0.00041850399998111243,123,A05,cross-session,AdaBN
230,16,0,0.0003919569999197847,123,A05,cross-session,AdaBN
231,16,0,0.000415046000057373,123,A05,cross-session,AdaBN
232,16,0,0.0003839240000615973,123,A05,cross-session,AdaBN
233,16,0,0.00039350300005480676,123,A05,cross-session,AdaBN
234,16,0,0.00039276699999390985,123,A05,cross-session,AdaBN
235,16,0,0.0003830780000271261,123,A05,cross-session,AdaBN
236,16,0,0.0004587480000282085,123,A05,cross-session,AdaBN
237,16,0,0.0004260410000824777,123,A05,cross-session,AdaBN
238,16,0,0.0003870880000249599,123,A05,cross-session,AdaBN
239,16,1,0.0004195189999336435,123,A05,cross-session,AdaBN
240,16,0,0.0003937300000416144,123,A05,cross-session,AdaBN
241,16,1,0.0004021479999209987,123,A05,cross-session,AdaBN
242,16,0,0.00039702300000499235,123,A05,cross-session,AdaBN
243,16,0,0.00038618799999312614,123,A05,cross-session,AdaBN
244,16,1,0.00038239100001646875,123,A05,cross-session,AdaBN
245,16,0,0.00039431999994121725,123,A05,cross-session,AdaBN
246,16,0,0.0003906389999883686,123,A05,cross-session,AdaBN
247,16,0,0.0004236629999923025,123,A05,cross-session,AdaBN
248,16,1,0.00039324299996224,123,A05,cross-session,AdaBN
249,16,1,0.00038101699999515404,123,A05,cross-session,AdaBN
250,16,0,0.00040332699995815346,123,A05,cross-session,AdaBN
251,16,1,0.0003720370000337425,123,A05,cross-session,AdaBN
252,16,1,0.0004182459999810817,123,A05,cross-session,AdaBN
253,16,1,0.0003865520000090328,123,A05,cross-session,AdaBN
254,16,0,0.00038306099997953424,123,A05,cross-session,AdaBN
255,16,0,0.00039340199998605385,123,A05,cross-session,AdaBN
256,16,0,0.0003860589999931108,123,A05,cross-session,AdaBN
257,16,0,0.00041422499998589046,123,A05,cross-session,AdaBN
258,16,0,0.0003867389999641091,123,A05,cross-session,AdaBN
259,16,1,0.00037378199999693607,123,A05,cross-session,AdaBN
260,16,1,0.00042041799997605267,123,A05,cross-session,AdaBN
261,16,1,0.00038857900005950796,123,A05,cross-session,AdaBN
262,16,1,0.00036875199998576136,123,A05,cross-session,AdaBN
263,16,0,0.0003879280000091967,123,A05,cross-session,AdaBN
264,16,0,0.0003993170000740065,123,A05,cross-session,AdaBN
265,16,1,0.00041127099996174366,123,A05,cross-session,AdaBN
266,16,0,0.00040710300004320743,123,A05,cross-session,AdaBN
267,16,0,0.00039347999995698046,123,A05,cross-session,AdaBN
268,16,0,0.0003924049999568524,123,A05,cross-session,AdaBN
269,16,0,0.0003899610001099063,123,A05,cross-session,AdaBN
270,16,0,0.00042664299996886257,123,A05,cross-session,AdaBN
271,16,0,0.0004216940000105751,123,A05,cross-session,AdaBN
272,16,0,0.0003961019999678683,123,A05,cross-session,AdaBN
273,16,1,0.00038186799997674825,123,A05,cross-session,AdaBN
274,16,0,0.0003879600000118444,123,A05,cross-session,AdaBN
275,16,1,0.00038943999993534817,123,A05,cross-session,AdaBN
276,16,0,0.0004030269999475422,123,A05,cross-session,AdaBN
277,16,0,0.0004332860000886285,123,A05,cross-session,AdaBN
278,16,0,0.0003773050000290823,123,A05,cross-session,AdaBN
279,16,0,0.0004173890000629399,123,A05,cross-session,AdaBN
280,16,0,0.0003822389999186271,123,A05,cross-session,AdaBN
281,16,0,0.00038843599998017453,123,A05,cross-session,AdaBN
282,16,1,0.00043746799997279595,123,A05,cross-session,AdaBN
283,16,0,0.00037863599993670505,123,A05,cross-session,AdaBN
284,16,0,0.00037856099993405223,123,A05,cross-session,AdaBN
285,16,1,0.00039864500001840497,123,A05,cross-session,AdaBN
286,16,0,0.00038032099996598845,123,A05,cross-session,AdaBN
287,16,0,0.0003901410000253236,123,A05,cross-session,AdaBN
0,1,1,0.0005603680000376698,123,A06,cross-session,AdaBN
1,2,0,0.00048002999994878337,123,A06,cross-session,AdaBN
2,3,0,0.0004730269999981829,123,A06,cross-session,AdaBN
3,4,1,0.0005796220000320318,123,A06,cross-session,AdaBN
4,5,0,0.000757856000063839,123,A06,cross-session,AdaBN
5,6,1,0.0006865230000130396,123,A06,cross-session,AdaBN
6,7,1,0.0005841530000907369,123,A06,cross-session,AdaBN
7,8,0,0.0007167210000034174,123,A06,cross-session,AdaBN
8,9,1,0.0006682490000002872,123,A06,cross-session,AdaBN
9,10,1,0.0006681229999685456,123,A06,cross-session,AdaBN
10,11,1,0.0006277920000457016,123,A06,cross-session,AdaBN
11,12,0,0.0006223010000212525,123,A06,cross-session,AdaBN
12,13,1,0.0006231429999843385,123,A06,cross-session,AdaBN
13,14,1,0.0006290069999295156,123,A06,cross-session,AdaBN
14,15,1,0.0006294019999586453,123,A06,cross-session,AdaBN
15,16,1,0.0006127530000412662,123,A06,cross-session,AdaBN
16,16,0,0.0006433720000131871,123,A06,cross-session,AdaBN
17,16,0,0.0006074009999110785,123,A06,cross-session,AdaBN
18,16,1,0.0006203890000051615,123,A06,cross-session,AdaBN
19,16,1,0.0006028229998946699,123,A06,cross-session,AdaBN
20,16,1,0.0006087630000592981,123,A06,cross-session,AdaBN
21,16,1,0.0006112639999855674,123,A06,cross-session,AdaBN
22,16,0,0.0006077150000010079,123,A06,cross-session,AdaBN
23,16,0,0.0006153069999754734,123,A06,cross-session,AdaBN
24,16,0,0.0006144450001102086,123,A06,cross-session,AdaBN
25,16,1,0.0006148109999912776,123,A06,cross-session,AdaBN
26,16,1,0.0012124849999963772,123,A06,cross-session,AdaBN
27,16,0,0.0010123690000227725,123,A06,cross-session,AdaBN
28,16,0,0.0009981670000343001,123,A06,cross-session,AdaBN
29,16,0,0.0009919120000176918,123,A06,cross-session,AdaBN
30,16,1,0.0010478269999794065,123,A06,cross-session,AdaBN
31,16,0,0.00103604000003088,123,A06,cross-session,AdaBN
32,16,1,0.0009934760000760434,123,A06,cross-session,AdaBN
33,16,1,0.0006981689999747687,123,A06,cross-session,AdaBN
34,16,1,0.00044002000004184083,123,A06,cross-session,AdaBN
35,16,1,0.0003863040000169349,123,A06,cross-session,AdaBN
36,16,1,0.00040160800006106,123,A06,cross-session,AdaBN
37,16,1,0.00040452099995036406,123,A06,cross-session,AdaBN
38,16,1,0.0003692569999884654,123,A06,cross-session,AdaBN
39,16,1,0.00039405800009717495,123,A06,cross-session,AdaBN
40,16,0,0.0003890149999961068,123,A06,cross-session,AdaBN
41,16,1,0.00037453700008427404,123,A06,cross-session,AdaBN
42,16,0,0.0003903430000491426,123,A06,cross-session,AdaBN
43,16,1,0.0003705990000071324,123,A06,cross-session,AdaBN
44,16,0,0.00037689900000259513,123,A06,cross-session,AdaBN
45,16,1,0.00036809900007028773,123,A06,cross-session,AdaBN
46,16,0,0.00037625299989940686,123,A06,cross-session,AdaBN
47,16,0,0.0003960390000656844,123,A06,cross-session,AdaBN
48,16,0,0.0003688010000360009,123,A06,cross-session,AdaBN
49,16,0,0.00042950900001414993,123,A06,cross-session,AdaBN
50,16,0,0.00037728699999206583,123,A06,cross-session,AdaBN
51,16,1,0.0004402309999704812,123,A06,cross-session,AdaBN
52,16,1,0.00038841599996430887,123,A06,cross-session,AdaBN
53,16,0,0.0003988359999311797,123,A06,cross-session,AdaBN
54,16,1,0.0003902519999883225,123,A06,cross-session,AdaBN
55,16,0,0.0003746349999573795,123,A06,cross-session,AdaBN
56,16,1,0.0003985209999655126,123,A06,cross-session,AdaBN
57,16,0,0.0003607869999768809,123,A06,cross-session,AdaBN
58,16,1,0.00040655300006164907,123,A06,cross-session,AdaBN
59,16,0,0.0003690849999884449,123,A06,cross-session,AdaBN
60,16,1,0.00045191399999566784,123,A06,cross-session,AdaBN
61,16,0,0.00041045800003303157,123,A06,cross-session,AdaBN
62,16,0,0.0004033140000956337,123,A06,cross-session,AdaBN
63,16,0,0.00037606699993375514,123,A06,cross-session,AdaBN
64,16,1,0.00038669800005664,123,A06,cross-session,AdaBN
65,16,0,0.0003718680000019958,123,A06,cross-session,AdaBN
66,16,0,0.00040940799999589217,123,A06,cross-session,AdaBN
67,16,0,0.0003615240000272024,123,A06,cross-session,AdaBN
68,16,0,0.0003972790000261739,123,A06,cross-session,AdaBN
69,16,1,0.0003701280000996121,123,A06,cross-session,AdaBN
70,16,1,0.0003676110000014887,123,A06,cross-session,AdaBN
71,16,0,0.00038196299999526673,123,A06,cross-session,AdaBN
72,16,1,0.00035822799998186383,123,A06,cross-session,AdaBN
73,16,0,0.0004029120000268449,123,A06,cross-session,AdaBN
74,16,0,0.0003912290000016583,123,A06,cross-session,AdaBN
75,16,0,0.0004303179999851636,123,A06,cross-session,AdaBN
76,16,1,0.00044883299995035486,123,A06,cross-session,AdaBN
77,16,0,0.0005266480000045703,123,A06,cross-session,AdaBN
78,16,0,0.0004756060000090656,123,A06,cross-session,AdaBN
79,16,1,0.00038396500008275325,123,A06,cross-session,AdaBN
80,16,1,0.0003705709999621831,123,A06,cross-session,AdaBN
81,16,1,0.00039171799994619505,123,A06,cross-session,AdaBN
82,16,1,0.000379444000031981,123,A06,cross-session,AdaBN
83,16,0,0.00040969800011225743,123,A06,cross-session,AdaBN
84,16,1,0.00037429799999699753,123,A06,cross-session,AdaBN
85,16,0,0.0004041500000084852,123,A06,cross-session,AdaBN
86,16,1,0.0003661969999484427,123,A06,cross-session,AdaBN
87,16,0,0.00042263299997102877,123,A06,cross-session,AdaBN
88,16,1,0.00038286099993456446,123,A06,cross-session,AdaBN
89,16,0,0.0003687019999460972,123,A06,cross-session,AdaBN
90,16,0,0.0003946159999941301,123,A06,cross-session,AdaBN
91,16,0,0.0003684750000729764,123,A06,cross-session,AdaBN
92,16,0,0.00036385300006713805,123,A06,cross-session,AdaBN
93,16,1,0.0003635140000142201,123,A06,cross-session,AdaBN
94,16,0,0.0003698519999488781,123,A06,cross-session,AdaBN
95,16,1,0.0003684770000518256,123,A06,cross-session,AdaBN
96,16,1,0.00036681400001725706,123,A06,cross-session,AdaBN
97,16,1,0.00036856899998838344,123,A06,cross-session,AdaBN
98,16,0,0.00036808300001212046,123,A06,cross-session,AdaBN
99,16,0,0.0003737189999810653,123,A06,cross-session,AdaBN
100,16,1,0.0003867819999641142,123,A06,cross-session,AdaBN
101,16,1,0.00041097300004366843,123,A06,cross-session,AdaBN
102,16,1,0.00036972999998852174,123,A06,cross-session,AdaBN
103,16,0,0.00036072700004297076,123,A06,cross-session,AdaBN
104,16,0,0.0003915140000572137,123,A06,cross-session,AdaBN
105,16,1,0.00036129099999016034,123,A06,cross-session,AdaBN
106,16,1,0.0003868100000090635,123,A06,cross-session,AdaBN
107,16,0,0.0003768210000316685,123,A06,cross-session,AdaBN
108,16,1,0.00038123000001633045,123,A06,cross-session,AdaBN
109,16,1,0.00038527399999566114,123,A06,cross-session,AdaBN
110,16,0,0.0003700479999224626,123,A06,cross-session,AdaBN
111,16,1,0.00037772099994981545,123,A06,cross-session,AdaBN
112,16,0,0.0003974669999706748,123,A06,cross-session,AdaBN
113,16,1,0.00036413999998785584,123,A06,cross-session,AdaBN
114,16,1,0.0003616660000034244,123,A06,cross-session,AdaBN
115,16,1,0.00035319200003414153,123,A06,cross-session,AdaBN
116,16,0,0.0003601519999847369,123,A06,cross-session,AdaBN
117,16,0,0.0003890090000595592,123,A06,cross-session,AdaBN
118,16,1,0.0003654259999166243,123,A06,cross-session,AdaBN
119,16,0,0.00036769600001207436,123,A06,cross-session,AdaBN
120,16,0,0.00035655499993936246,123,A06,cross-session,AdaBN
121,16,0,0.0003780160000133037,123,A06,cross-session,AdaBN
122,16,0,0.00036811300003591896,123,A06,cross-session,AdaBN
123,16,0,0.00036161999992145866,123,A06,cross-session,AdaBN
124,16,1,0.00039757900003678515,123,A06,cross-session,AdaBN
125,16,0,0.0003610329999901296,123,A06,cross-session,AdaBN
126,16,0,0.0003597639999952662,123,A06,cross-session,AdaBN
127,16,0,0.0003840230000378142,123,A06,cross-session,AdaBN
128,16,0,0.00035472599995500786,123,A06,cross-session,AdaBN
129,16,0,0.00036223600000084843,123,A06,cross-session,AdaBN
130,16,1,0.00040751199992428155,123,A06,cross-session,AdaBN
131,16,0,0.0003848420000167607,123,A06,cross-session,AdaBN
132,16,0,0.00040616100000079314,123,A06,cross-session,AdaBN
133,16,1,0.00036715300007017504,123,A06,cross-session,AdaBN
134,16,0,0.000383035000027121,123,A06,cross-session,AdaBN
135,16,1,0.00038245899997946253,123,A06,cross-session,AdaBN
136,16,0,0.00039597799991497595,123,A06,cross-session,AdaBN
137,16,0,0.0003719649999993635,123,A06,cross-session,AdaBN
138,16,1,0.000357869000026767,123,A06,cross-session,AdaBN
139,16,1,0.000365452999972149,123,A06,cross-session,AdaBN
140,16,0,0.0003839170000219383,123,A06,cross-session,AdaBN
141,16,1,0.00035735899996325315,123,A06,cross-session,AdaBN
142,16,0,0.0003910659999064592,123,A06,cross-session,AdaBN
143,16,0,0.00038263900000856665,123,A06,cross-session,AdaBN
144,16,0,0.0003773409999894284,123,A06,cross-session,AdaBN
145,16,1,0.0003887310000436628,123,A06,cross-session,AdaBN
146,16,1,0.0003817479999952411,123,A06,cross-session,AdaBN
147,16,1,0.00037620299997342954,123,A06,cross-session,AdaBN
148,16,0,0.00035991100003229803,123,A06,cross-session,AdaBN
149,16,1,0.000365743999964252,123,A06,cross-session,AdaBN
150,16,1,0.0003727429999571541,123,A06,cross-session,AdaBN
151,16,1,0.00039265600003091095,123,A06,cross-session,AdaBN
152,16,0,0.00038361600002190244,123,A06,cross-session,AdaBN
153,16,0,0.0003619789999902423,123,A06,cross-session,AdaBN
154,16,0,0.0003709629999093522,123,A06,cross-session,AdaBN
155,16,0,0.0003778499999498308,123,A06,cross-session,AdaBN
156,16,0,0.0003683820000333071,123,A06,cross-session,AdaBN
157,16,1,0.0003951109999889013,123,A06,cross-session,AdaBN
158,16,0,0.0003969309999547477,123,A06,cross-session,AdaBN
159,16,1,0.0003819030000613566,123,A06,cross-session,AdaBN
160,16,0,0.0003800169999976788,123,A06,cross-session,AdaBN
161,16,1,0.000357012999984363,123,A06,cross-session,AdaBN
162,16,0,0.0003655500000832035,123,A06,cross-session,AdaBN
163,16,1,0.0004088629999614568,123,A06,cross-session,AdaBN
164,16,1,0.0003805080000347516,123,A06,cross-session,AdaBN
165,16,0,0.0003950620000523486,123,A06,cross-session,AdaBN
166,16,0,0.00036941600001227926,123,A06,cross-session,AdaBN
167,16,0,0.0003755090000368,123,A06,cross-session,AdaBN
168,16,1,0.00039558499997838226,123,A06,cross-session,AdaBN
169,16,0,0.0003885300000092684,123,A06,cross-session,AdaBN
170,16,0,0.00036856799999895884,123,A06,cross-session,AdaBN
171,16,0,0.00038867700004630024,123,A06,cross-session,AdaBN
172,16,1,0.0003530789999786066,123,A06,cross-session,AdaBN
173,16,1,0.00040265099994485354,123,A06,cross-session,AdaBN
174,16,1,0.00037465899993094354,123,A06,cross-session,AdaBN
175,16,0,0.0003824159999794574,123,A06,cross-session,AdaBN
176,16,1,0.00039838899999722344,123,A06,cross-session,AdaBN
177,16,1,0.0003679249999777312,123,A06,cross-session,AdaBN
178,16,1,0.000388672999974915,123,A06,cross-session,AdaBN
179,16,0,0.0004066270000748773,123,A06,cross-session,AdaBN
180,16,0,0.0003747219999468143,123,A06,cross-session,AdaBN
181,16,1,0.0003878130000884994,123,A06,cross-session,AdaBN
182,16,0,0.00037652399998933106,123,A06,cross-session,AdaBN
183,16,1,0.0003641870000592462,123,A06,cross-session,AdaBN
184,16,0,0.0003864299999349896,123,A06,cross-session,AdaBN
185,16,0,0.00035843400007706805,123,A06,cross-session,AdaBN
186,16,1,0.00037553399999978865,123,A06,cross-session,AdaBN
187,16,0,0.0003640340000856668,123,A06,cross-session,AdaBN
188,16,0,0.0003582790000109526,123,A06,cross-session,AdaBN
189,16,1,0.0003652880000117875,123,A06,cross-session,AdaBN
190,16,0,0.0003619139999955223,123,A06,cross-session,AdaBN
191,16,1,0.0003888899999537898,123,A06,cross-session,AdaBN
192,16,0,0.0003963770000154909,123,A06,cross-session,AdaBN
193,16,0,0.00039758899993103114,123,A06,cross-session,AdaBN
194,16,0,0.0003585620000876588,123,A06,cross-session,AdaBN
195,16,1,0.000361385999894992,123,A06,cross-session,AdaBN
196,16,1,0.0003600700000561119,123,A06,cross-session,AdaBN
197,16,0,0.0003738920000841972,123,A06,cross-session,AdaBN
198,16,1,0.00035618000003978523,123,A06,cross-session,AdaBN
199,16,1,0.00036805299998832197,123,A06,cross-session,AdaBN
200,16,0,0.00036294000005909766,123,A06,cross-session,AdaBN
201,16,0,0.0003524919999335907,123,A06,cross-session,AdaBN
202,16,0,0.00043903900007080665,123,A06,cross-session,AdaBN
203,16,1,0.00042997399998512265,123,A06,cross-session,AdaBN
204,16,1,0.0003669400000489986,123,A06,cross-session,AdaBN
205,16,0,0.0003778509999392554,123,A06,cross-session,AdaBN
206,16,1,0.0003586769998946693,123,A06,cross-session,AdaBN
207,16,1,0.00037096200003361446,123,A06,cross-session,AdaBN
208,16,0,0.00042709299998477945,123,A06,cross-session,AdaBN
209,16,0,0.0003592059999846242,123,A06,cross-session,AdaBN
210,16,0,0.0003875099999959275,123,A06,cross-session,AdaBN
211,16,1,0.00040504699995835836,123,A06,cross-session,AdaBN
212,16,0,0.0003673229999776595,123,A06,cross-session,AdaBN
213,16,1,0.0003880990000197926,123,A06,cross-session,AdaBN
214,16,1,0.00038337000000865373,123,A06,cross-session,AdaBN
215,16,0,0.0003893539999353379,123,A06,cross-session,AdaBN
216,16,0,0.0003692090000413373,123,A06,cross-session,AdaBN
217,16,0,0.0003637720000142508,123,A06,cross-session,AdaBN
218,16,0,0.00036902200008626096,123,A06,cross-session,AdaBN
219,16,1,0.0003744619999679344,123,A06,cross-session,AdaBN
220,16,0,0.00041650799994386034,123,A06,cross-session,AdaBN
221,16,1,0.00037288700002591213,123,A06,cross-session,AdaBN
222,16,1,0.0003859430000829889,123,A06,cross-session,AdaBN
223,16,0,0.00037977200008754153,123,A06,cross-session,AdaBN
224,16,1,0.00037042600001768733,123,A06,cross-session,AdaBN
225,16,0,0.0003785059999472651,123,A06,cross-session,AdaBN
226,16,1,0.0003563159999657728,123,A06,cross-session,AdaBN
227,16,0,0.0003694950000863173,123,A06,cross-session,AdaBN
228,16,1,0.0003652829999509777,123,A06,cross-session,AdaBN
229,16,1,0.00037349799993080524,123,A06,cross-session,AdaBN
230,16,0,0.0003733389999069914,123,A06,cross-session,AdaBN
231,16,0,0.00036830499993811827,123,A06,cross-session,AdaBN
232,16,1,0.0003688220000412912,123,A06,cross-session,AdaBN
233,16,0,0.0003651450000461409,123,A06,cross-session,AdaBN
234,16,0,0.0003593270000692428,123,A06,cross-session,AdaBN
235,16,1,0.00039860100002897525,123,A06,cross-session,AdaBN
236,16,0,0.0003823770000508375,123,A06,cross-session,AdaBN
237,16,1,0.0003581549999580602,123,A06,cross-session,AdaBN
238,16,1,0.0003645399999641086,123,A06,cross-session,AdaBN
239,16,1,0.00035896000008506235,123,A06,cross-session,AdaBN
240,16,0,0.0003578959999686049,123,A06,cross-session,AdaBN
241,16,1,0.0003602269999873897,123,A06,cross-session,AdaBN
242,16,1,0.00036086800002976815,123,A06,cross-session,AdaBN
243,16,0,0.00035379600001306244,123,A06,cross-session,AdaBN
244,16,1,0.0003614539999716726,123,A06,cross-session,AdaBN
245,16,0,0.0003751389999706589,123,A06,cross-session,AdaBN
246,16,0,0.00038799099991138064,123,A06,cross-session,AdaBN
247,16,1,0.00036762299998827075,123,A06,cross-session,AdaBN
248,16,1,0.00035642300008476013,123,A06,cross-session,AdaBN
249,16,1,0.0003601939999953174,123,A06,cross-session,AdaBN
250,16,0,0.0003664470000330766,123,A06,cross-session,AdaBN
251,16,0,0.00038140200001635094,123,A06,cross-session,AdaBN
252,16,1,0.00038291800001388765,123,A06,cross-session,AdaBN
253,16,0,0.00038063900001361617,123,A06,cross-session,AdaBN
254,16,1,0.00038548000009086536,123,A06,cross-session,AdaBN
255,16,1,0.0004065069999796833,123,A06,cross-session,AdaBN
256,16,0,0.00036244900002202485,123,A06,cross-session,AdaBN
257,16,0,0.00036518900003557064,123,A06,cross-session,AdaBN
258,16,1,0.00036916200008363376,123,A06,cross-session,AdaBN
259,16,0,0.0003666150000753987,123,A06,cross-session,AdaBN
260,16,1,0.0003941559999702804,123,A06,cross-session,AdaBN
261,16,0,0.0003959839999652104,123,A06,cross-session,AdaBN
262,16,0,0.00037110999994638405,123,A06,cross-session,AdaBN
263,16,0,0.0003882140000541767,123,A06,cross-session,AdaBN
264,16,1,0.0003756549999707204,123,A06,cross-session,AdaBN
265,16,0,0.0003625399999691581,123,A06,cross-session,AdaBN
266,16,1,0.00038779700003033213,123,A06,cross-session,AdaBN
267,16,0,0.0003715529999226419,123,A06,cross-session,AdaBN
268,16,1,0.00036234200001672434,123,A06,cross-session,AdaBN
269,16,1,0.00038876599990089744,123,A06,cross-session,AdaBN
270,16,1,0.00036149100003513013,123,A06,cross-session,AdaBN
271,16,1,0.000361943999905634,123,A06,cross-session,AdaBN
272,16,1,0.0003616190000457209,123,A06,cross-session,AdaBN
273,16,0,0.00035886299997400783,123,A06,cross-session,AdaBN
274,16,0,0.0004548890000251049,123,A06,cross-session,AdaBN
275,16,0,0.00038959999994858663,123,A06,cross-session,AdaBN
276,16,1,0.0003813319999608211,123,A06,cross-session,AdaBN
277,16,1,0.0003748550000182149,123,A06,cross-session,AdaBN
278,16,0,0.0003723209999861865,123,A06,cross-session,AdaBN
279,16,0,0.0003752610000447021,123,A06,cross-session,AdaBN
280,16,1,0.00039276899997275905,123,A06,cross-session,AdaBN
281,16,1,0.00036420700007511186,123,A06,cross-session,AdaBN
282,16,0,0.0003729480000629337,123,A06,cross-session,AdaBN
283,16,0,0.0004053100000191989,123,A06,cross-session,AdaBN
284,16,0,0.00036498099996151723,123,A06,cross-session,AdaBN
285,16,1,0.0003763299999945957,123,A06,cross-session,AdaBN
286,16,1,0.00036245199999029865,123,A06,cross-session,AdaBN
287,16,0,0.00036378900006184267,123,A06,cross-session,AdaBN
0,1,1,0.0005605810000588463,123,A07,cross-session,AdaBN
1,2,0,0.0004748250000830012,123,A07,cross-session,AdaBN
2,3,1,0.0005237039999883564,123,A07,cross-session,AdaBN
3,4,0,0.0005021439999381982,123,A07,cross-session,AdaBN
4,5,1,0.0004838989999598198,123,A07,cross-session,AdaBN
5,6,1,0.0004106100000171864,123,A07,cross-session,AdaBN
6,7,1,0.0004867489999469399,123,A07,cross-session,AdaBN
7,8,1,0.0004289789999347704,123,A07,cross-session,AdaBN
8,9,0,0.0004317909999826952,123,A07,cross-session,AdaBN
9,10,1,0.0004281669999954829,123,A07,cross-session,AdaBN
10,11,1,0.00042452499997125415,123,A07,cross-session,AdaBN
11,12,1,0.0004007630000160134,123,A07,cross-session,AdaBN
12,13,1,0.00042317800000546413,123,A07,cross-session,AdaBN
13,14,0,0.00040099600005305547,123,A07,cross-session,AdaBN
14,15,1,0.00041151799996441696,123,A07,cross-session,AdaBN
15,16,0,0.0004057229999716583,123,A07,cross-session,AdaBN
16,16,0,0.00037809800005561556,123,A07,cross-session,AdaBN
17,16,1,0.0004101860000673696,123,A07,cross-session,AdaBN
18,16,0,0.0006563419999565667,123,A07,cross-session,AdaBN
19,16,1,0.0005428220000567308,123,A07,cross-session,AdaBN
20,16,0,0.0006161520000205201,123,A07,cross-session,AdaBN
21,16,1,0.0006403950000049008,123,A07,cross-session,AdaBN
22,16,1,0.001095921000000999,123,A07,cross-session,AdaBN
23,16,1,0.001133584000058363,123,A07,cross-session,AdaBN
24,16,0,0.0010662299999921743,123,A07,cross-session,AdaBN
25,16,0,0.001065401000005295,123,A07,cross-session,AdaBN
26,16,1,0.0010641009999972084,123,A07,cross-session,AdaBN
27,16,0,0.0010681190000241259,123,A07,cross-session,AdaBN
28,16,1,0.001071995999950559,123,A07,cross-session,AdaBN
29,16,0,0.0010652939999999944,123,A07,cross-session,AdaBN
30,16,1,0.0010708910000403193,123,A07,cross-session,AdaBN
31,16,0,0.0009459579999884227,123,A07,cross-session,AdaBN
32,16,0,0.00043563400004131836,123,A07,cross-session,AdaBN
33,16,0,0.00039016999994601065,123,A07,cross-session,AdaBN
34,16,1,0.0003986189999523049,123,A07,cross-session,AdaBN
35,16,0,0.00037546400005794567,123,A07,cross-session,AdaBN
36,16,1,0.00037666100001843006,123,A07,cross-session,AdaBN
37,16,1,0.0003705660000150601,123,A07,cross-session,AdaBN
38,16,0,0.00038457400000879716,123,A07,cross-session,AdaBN
39,16,0,0.0003781890000027488,123,A07,cross-session,AdaBN
40,16,1,0.00036720699995385075,123,A07,cross-session,AdaBN
41,16,0,0.0003830370000059702,123,A07,cross-session,AdaBN
42,16,1,0.00038469199989776826,123,A07,cross-session,AdaBN
43,16,0,0.0004126219999989189,123,A07,cross-session,AdaBN
44,16,1,0.0003972179999891523,123,A07,cross-session,AdaBN
45,16,0,0.00038048500005061214,123,A07,cross-session,AdaBN
46,16,0,0.0003983390000712461,123,A07,cross-session,AdaBN
47,16,1,0.000379242000008162,123,A07,cross-session,AdaBN
48,16,0,0.00037216199996237265,123,A07,cross-session,AdaBN
49,16,0,0.00037211100004697073,123,A07,cross-session,AdaBN
50,16,0,0.00039478099995449156,123,A07,cross-session,AdaBN
51,16,0,0.00037567200001831225,123,A07,cross-session,AdaBN
52,16,0,0.0003835779999690203,123,A07,cross-session,AdaBN
53,16,1,0.00041098600001987506,123,A07,cross-session,AdaBN
54,16,1,0.0003696080000281654,123,A07,cross-session,AdaBN
55,16,0,0.00040130800005044875,123,A07,cross-session,AdaBN
56,16,0,0.0003680009999698086,123,A07,cross-session,AdaBN
57,16,0,0.00042938100000355917,123,A07,cross-session,AdaBN
58,16,1,0.0003771819999656145,123,A07,cross-session,AdaBN
59,16,1,0.0004533819999323896,123,A07,cross-session,AdaBN
60,16,1,0.0004062440000325296,123,A07,cross-session,AdaBN
61,16,0,0.00038020800002414035,123,A07,cross-session,AdaBN
62,16,0,0.0003703410000071017,123,A07,cross-session,AdaBN
63,16,1,0.00037094099991463736,123,A07,cross-session,AdaBN
64,16,1,0.0003474420000202372,123,A07,cross-session,AdaBN
65,16,1,0.00038048400006118754,123,A07,cross-session,AdaBN
66,16,0,0.00035154800002601405,123,A07,cross-session,AdaBN
67,16,1,0.0003838090000272132,123,A07,cross-session,AdaBN
68,16,1,0.00036045199999534816,123,A07,cross-session,AdaBN
69,16,0,0.00036937600009423477,123,A07,cross-session,AdaBN
70,16,1,0.0004066789999797038,123,A07,cross-session,AdaBN
71,16,0,0.0003704760000573515,123,A07,cross-session,AdaBN
72,16,0,0.00038905199994587747,123,A07,cross-session,AdaBN
73,16,1,0.0003580669999792008,123,A07,cross-session,AdaBN
74,16,1,0.0003884830000515649,123,A07,cross-session,AdaBN
75,16,1,0.00036684200006220635,123,A07,cross-session,AdaBN
76,16,1,0.00037367400000221096,123,A07,cross-session,AdaBN
77,16,1,0.00035929199998463446,123,A07,cross-session,AdaBN
78,16,1,0.0003738379999731478,123,A07,cross-session,AdaBN
79,16,0,0.0003909540000677225,123,A07,cross-session,AdaBN
80,16,0,0.0003563460001032581,123,A07,cross-session,AdaBN
81,16,0,0.00036754300003849494,123,A07,cross-session,AdaBN
82,16,0,0.00037170500002048357,123,A07,cross-session,AdaBN
83,16,1,0.0003898170000411483,123,A07,cross-session,AdaBN
84,16,0,0.0003566079999473004,123,A07,cross-session,AdaBN
85,16,0,0.0003747790000261375,123,A07,cross-session,AdaBN
86,16,1,0.00035988599995562254,123,A07,cross-session,AdaBN
87,16,0,0.00039399699994646653,123,A07,cross-session,AdaBN
88,16,0,0.0003665849999379134,123,A07,cross-session,AdaBN
89,16,0,0.00039213100001234125,123,A07,cross-session,AdaBN
90,16,1,0.00037753300000531453,123,A07,cross-session,AdaBN
91,16,0,0.0003640539999878456,123,A07,cross-session,AdaBN
92,16,0,0.00038012099992101867,123,A07,cross-session,AdaBN
93,16,0,0.000459064000096987,123,A07,cross-session,AdaBN
94,16,1,0.00037528799998653994,123,A07,cross-session,AdaBN
95,16,0,0.0003992480000079013,123,A07,cross-session,AdaBN
96,16,1,0.00037741199992069596,123,A07,cross-session,AdaBN
97,16,0,0.0003756229999680727,123,A07,cross-session,AdaBN
98,16,0,0.0004100390000303378,123,A07,cross-session,AdaBN
99,16,0,0.0004064629999902536,123,A07,cross-session,AdaBN
100,16,1,0.00038295100000595994,123,A07,cross-session,AdaBN
101,16,1,0.00038723200009371794,123,A07,cross-session,AdaBN
102,16,1,0.00037915500001872715,123,A07,cross-session,AdaBN
103,16,0,0.00039617599998109654,123,A07,cross-session,AdaBN
104,16,0,0.0003860389999772451,123,A07,cross-session,AdaBN
105,16,0,0.00039586100001542945,123,A07,cross-session,AdaBN
106,16,1,0.00038334099997427984,123,A07,cross-session,AdaBN
107,16,0,0.00037168399990150647,123,A07,cross-session,AdaBN
108,16,0,0.0003875060000382291,123,A07,cross-session,AdaBN
109,16,0,0.00037638599997080746,123,A07,cross-session,AdaBN
110,16,0,0.0004028889999290186,123,A07,cross-session,AdaBN
111,16,0,0.0003935860000865432,123,A07,cross-session,AdaBN
112,16,0,0.00037663099999463157,123,A07,cross-session,AdaBN
113,16,1,0.0003935160000310134,123,A07,cross-session,AdaBN
114,16,0,0.00038776500002768444,123,A07,cross-session,AdaBN
115,16,0,0.000378551999915544,123,A07,cross-session,AdaBN
116,16,1,0.0003953760000285911,123,A07,cross-session,AdaBN
117,16,0,0.0003969340000367083,123,A07,cross-session,AdaBN
118,16,0,0.00041856900008951925,123,A07,cross-session,AdaBN
119,16,0,0.00037968300000557065,123,A07,cross-session,AdaBN
120,16,0,0.0003882460000568244,123,A07,cross-session,AdaBN
121,16,0,0.0003939020000416349,123,A07,cross-session,AdaBN
122,16,1,0.0003862489999164609,123,A07,cross-session,AdaBN
123,16,0,0.00041109499989033793,123,A07,cross-session,AdaBN
124,16,1,0.0003847230000246782,123,A07,cross-session,AdaBN
125,16,1,0.00038038999991840683,123,A07,cross-session,AdaBN
126,16,1,0.0003966509999600021,123,A07,cross-session,AdaBN
127,16,1,0.0003778650000185735,123,A07,cross-session,AdaBN
128,16,1,0.0004065419999506048,123,A07,cross-session,AdaBN
129,16,1,0.00038678800001434865,123,A07,cross-session,AdaBN
130,16,0,0.0003667039999299959,123,A07,cross-session,AdaBN
131,16,0,0.00040028700004768325,123,A07,cross-session,AdaBN
132,16,1,0.00039357000002837594,123,A07,cross-session,AdaBN
133,16,0,0.0003752620000341267,123,A07,cross-session,AdaBN
134,16,1,0.00039176199993562477,123,A07,cross-session,AdaBN
135,16,1,0.0003805780000902814,123,A07,cross-session,AdaBN
136,16,0,0.00036432199999580916,123,A07,cross-session,AdaBN
137,16,0,0.0003704949999701057,123,A07,cross-session,AdaBN
138,16,0,0.00040564999994785467,123,A07,cross-session,AdaBN
139,16,1,0.00037542999996276194,123,A07,cross-session,AdaBN
140,16,0,0.00041281000005710666,123,A07,cross-session,AdaBN
141,16,1,0.0003810790000216002,123,A07,cross-session,AdaBN
142,16,1,0.0003912099999752172,123,A07,cross-session,AdaBN
143,16,1,0.00042252899993400206,123,A07,cross-session,AdaBN
144,16,1,0.00038921399993796513,123,A07,cross-session,AdaBN
145,16,1,0.00038983400008874014,123,A07,cross-session,AdaBN
146,16,0,0.00039761400000770664,123,A07,cross-session,AdaBN
147,16,1,0.0003802590000532291,123,A07,cross-session,AdaBN
148,16,1,0.0003941180000310851,123,A07,cross-session,AdaBN
149,16,1,0.00041987700001300254,123,A07,cross-session,AdaBN
150,16,1,0.00037556899997071014,123,A07,cross-session,AdaBN
151,16,1,0.00039527399997041357,123,A07,cross-session,AdaBN
152,16,0,0.0004173369999307397,123,A07,cross-session,AdaBN
153,16,0,0.00043521299994608853,123,A07,cross-session,AdaBN
154,16,0,0.0004226730000027601,123,A07,cross-session,AdaBN
155,16,1,0.0004114930000014283,123,A07,cross-session,AdaBN
156,16,1,0.000383467999995446,123,A07,cross-session,AdaBN
157,16,1,0.00041807400009474804,123,A07,cross-session,AdaBN
158,16,0,0.0004156109999939872,123,A07,cross-session,AdaBN
159,16,0,0.0003929359999119697,123,A07,cross-session,AdaBN
160,16,0,0.0004118539999353743,123,A07,cross-session,AdaBN
161,16,0,0.00038673299991387466,123,A07,cross-session,AdaBN
162,16,1,0.00040768399992430204,123,A07,cross-session,AdaBN
163,16,0,0.0004187079999837806,123,A07,cross-session,AdaBN
164,16,1,0.0003975499998887244,123,A07,cross-session,AdaBN
165,16,1,0.00038994100009404065,123,A07,cross-session,AdaBN
166,16,0,0.0003803299999844967,123,A07,cross-session,AdaBN
167,16,0,0.00038235200008784886,123,A07,cross-session,AdaBN
168,16,1,0.00041027800000392745,123,A07,cross-session,AdaBN
169,16,0,0.0003853590000062468,123,A07,cross-session,AdaBN
170,16,0,0.0004002640000635438,123,A07,cross-session,AdaBN
171,16,0,0.0004115709999723549,123,A07,cross-session,AdaBN
172,16,0,0.00036460899991652695,123,A07,cross-session,AdaBN
173,16,1,0.00044165399992834864,123,A07,cross-session,AdaBN
174,16,1,0.0004201039999998102,123,A07,cross-session,AdaBN
175,16,1,0.0004194489999918005,123,A07,cross-session,AdaBN
176,16,1,0.00039093600003070605,123,A07,cross-session,AdaBN
177,16,0,0.0003880300000673742,123,A07,cross-session,AdaBN
178,16,0,0.0003704179999886037,123,A07,cross-session,AdaBN
179,16,0,0.0003928859999859924,123,A07,cross-session,AdaBN
180,16,1,0.0003819089999979042,123,A07,cross-session,AdaBN
181,16,0,0.00037833299995782,123,A07,cross-session,AdaBN
182,16,1,0.0004060779999690567,123,A07,cross-session,AdaBN
183,16,0,0.00037448299997322465,123,A07,cross-session,AdaBN
184,16,1,0.0004073080000353002,123,A07,cross-session,AdaBN
185,16,1,0.0003813339999396703,123,A07,cross-session,AdaBN
186,16,0,0.00038148899989209895,123,A07,cross-session,AdaBN
187,16,1,0.00037190600005487795,123,A07,cross-session,AdaBN
188,16,0,0.00038228699997944204,123,A07,cross-session,AdaBN
189,16,0,0.0003902519999883225,123,A07,cross-session,AdaBN
190,16,1,0.00042231599991282565,123,A07,cross-session,AdaBN
191,16,1,0.00038697599995884957,123,A07,cross-session,AdaBN
192,16,0,0.0003860699999904682,123,A07,cross-session,AdaBN
193,16,1,0.00041190899992216146,123,A07,cross-session,AdaBN
194,16,1,0.0003775689999656606,123,A07,cross-session,AdaBN
195,16,0,0.00041150499998821033,123,A07,cross-session,AdaBN
196,16,1,0.00038372699998490134,123,A07,cross-session,AdaBN
197,16,0,0.0004058250000298358,123,A07,cross-session,AdaBN
198,16,1,0.0003938090000019656,123,A07,cross-session,AdaBN
199,16,1,0.0003817930000877823,123,A07,cross-session,AdaBN
200,16,1,0.00038437599994267657,123,A07,cross-session,AdaBN
201,16,0,0.00040631199999552337,123,A07,cross-session,AdaBN
202,16,0,0.00040369800001371914,123,A07,cross-session,AdaBN
203,16,0,0.00041411600000174076,123,A07,cross-session,AdaBN
204,16,0,0.00039044599998305785,123,A07,cross-session,AdaBN
205,16,1,0.0003824090000534852,123,A07,cross-session,AdaBN
206,16,1,0.00040411300005871453,123,A07,cross-session,AdaBN
207,16,1,0.0003721389999782332,123,A07,cross-session,AdaBN
208,16,0,0.00040219799996066286,123,A07,cross-session,AdaBN
209,16,0,0.00042120900002373673,123,A07,cross-session,AdaBN
210,16,1,0.00038960799997767026,123,A07,cross-session,AdaBN
211,16,1,0.00039881500003957626,123,A07,cross-session,AdaBN
212,16,1,0.0004005049999022958,123,A07,cross-session,AdaBN
213,16,0,0.00044906699997682153,123,A07,cross-session,AdaBN
214,16,1,0.0003954160000603224,123,A07,cross-session,AdaBN
215,16,0,0.00038706500004082045,123,A07,cross-session,AdaBN
216,16,1,0.00037942700009807595,123,A07,cross-session,AdaBN
217,16,0,0.0003856439999481154,123,A07,cross-session,AdaBN
218,16,0,0.0003813559999343852,123,A07,cross-session,AdaBN
219,16,0,0.0003897230000120544,123,A07,cross-session,AdaBN
220,16,0,0.0003891689999591108,123,A07,cross-session,AdaBN
221,16,0,0.0003897830000596514,123,A07,cross-session,AdaBN
222,16,1,0.00040089899994200096,123,A07,cross-session,AdaBN
223,16,1,0.00038239399998474255,123,A07,cross-session,AdaBN
224,16,1,0.0003819999999450374,123,A07,cross-session,AdaBN
225,16,1,0.0003930540000283145,123,A07,cross-session,AdaBN
226,16,1,0.0003832649999822024,123,A07,cross-session,AdaBN
227,16,0,0.0003803419999712787,123,A07,cross-session,AdaBN
228,16,1,0.0003754340000341472,123,A07,cross-session,AdaBN
229,16,1,0.00037514300004204415,123,A07,cross-session,AdaBN
230,16,1,0.0003791069999579122,123,A07,cross-session,AdaBN
231,16,0,0.000372076999951787,123,A07,cross-session,AdaBN
232,16,0,0.00041793000002599,123,A07,cross-session,AdaBN
233,16,0,0.00039990799996303394,123,A07,cross-session,AdaBN
234,16,0,0.0003683899999487039,123,A07,cross-session,AdaBN
235,16,1,0.0003731240000206526,123,A07,cross-session,AdaBN
236,16,0,0.00040319600009297574,123,A07,cross-session,AdaBN
237,16,0,0.0003726969999888752,123,A07,cross-session,AdaBN
238,16,0,0.0004234609999684835,123,A07,cross-session,AdaBN
239,16,0,0.00038626200000635436,123,A07,cross-session,AdaBN
240,16,1,0.000403364000021611,123,A07,cross-session,AdaBN
241,16,1,0.0004442419999577396,123,A07,cross-session,AdaBN
242,16,0,0.0004015700000081779,123,A07,cross-session,AdaBN
243,16,1,0.0003964400000313617,123,A07,cross-session,AdaBN
244,16,1,0.00041004499996688537,123,A07,cross-session,AdaBN
245,16,0,0.0003923640000493833,123,A07,cross-session,AdaBN
246,16,1,0.00039429600008134,123,A07,cross-session,AdaBN
247,16,0,0.0003918439999779366,123,A07,cross-session,AdaBN
248,16,1,0.0003769639999973151,123,A07,cross-session,AdaBN
249,16,0,0.0003873370000064824,123,A07,cross-session,AdaBN
250,16,1,0.00038230199993449787,123,A07,cross-session,AdaBN
251,16,0,0.0003824469999926805,123,A07,cross-session,AdaBN
252,16,1,0.0004080480000538955,123,A07,cross-session,AdaBN
253,16,1,0.0004014379999262019,123,A07,cross-session,AdaBN
254,16,0,0.00040015599995513185,123,A07,cross-session,AdaBN
255,16,1,0.0003834439999081951,123,A07,cross-session,AdaBN
256,16,1,0.00038767099999859056,123,A07,cross-session,AdaBN
257,16,0,0.00040763700008028536,123,A07,cross-session,AdaBN
258,16,0,0.000381640000000516,123,A07,cross-session,AdaBN
259,16,0,0.00040813800001160416,123,A07,cross-session,AdaBN
260,16,1,0.00036865199990643305,123,A07,cross-session,AdaBN
261,16,0,0.00037058699990666355,123,A07,cross-session,AdaBN
262,16,1,0.0003880719999642679,123,A07,cross-session,AdaBN
263,16,0,0.00037623599996550183,123,A07,cross-session,AdaBN
264,16,0,0.0003971520000050077,123,A07,cross-session,AdaBN
265,16,1,0.00042019600005005486,123,A07,cross-session,AdaBN
266,16,1,0.00039425299996764807,123,A07,cross-session,AdaBN
267,16,1,0.0004168209999306782,123,A07,cross-session,AdaBN
268,16,1,0.0003800599999976839,123,A07,cross-session,AdaBN
269,16,1,0.00038209500007724273,123,A07,cross-session,AdaBN
270,16,0,0.0004103740000118705,123,A07,cross-session,AdaBN
271,16,1,0.0003770929999973305,123,A07,cross-session,AdaBN
272,16,0,0.0003822829999080568,123,A07,cross-session,AdaBN
273,16,1,0.00040473000001384207,123,A07,cross-session,AdaBN
274,16,1,0.0003841419999162099,123,A07,cross-session,AdaBN
275,16,1,0.0004046039999821005,123,A07,cross-session,AdaBN
276,16,0,0.00040396399992914667,123,A07,cross-session,AdaBN
277,16,1,0.00040036100006091146,123,A07,cross-session,AdaBN
278,16,1,0.0003836710000086896,123,A07,cross-session,AdaBN
279,16,0,0.00039868899989414786,123,A07,cross-session,AdaBN
280,16,0,0.0003994160000502234,123,A07,cross-session,AdaBN
281,16,0,0.0003894909999644369,123,A07,cross-session,AdaBN
282,16,1,0.00038296499997159117,123,A07,cross-session,AdaBN
283,16,0,0.0003934899999649133,123,A07,cross-session,AdaBN
284,16,1,0.0003812150000612746,123,A07,cross-session,AdaBN
285,16,0,0.0003832649999822024,123,A07,cross-session,AdaBN
286,16,1,0.0003861650000089867,123,A07,cross-session,AdaBN
287,16,0,0.0003832109999848399,123,A07,cross-session,AdaBN
0,1,0,0.0005730550000180301,123,A08,cross-session,AdaBN
1,2,1,0.00048237199996492564,123,A08,cross-session,AdaBN
2,3,1,0.0005439070000647916,123,A08,cross-session,AdaBN
3,4,1,0.00048191600001246115,123,A08,cross-session,AdaBN
4,5,1,0.00047829300001467345,123,A08,cross-session,AdaBN
5,6,1,0.0004673260000345181,123,A08,cross-session,AdaBN
6,7,1,0.0006843489999255326,123,A08,cross-session,AdaBN
7,8,0,0.0006857080001054783,123,A08,cross-session,AdaBN
8,9,1,0.0006586829999832844,123,A08,cross-session,AdaBN
9,10,0,0.0006583800000043993,123,A08,cross-session,AdaBN
10,11,1,0.0006425170000738945,123,A08,cross-session,AdaBN
11,12,1,0.0006319310000435507,123,A08,cross-session,AdaBN
12,13,1,0.0006390109999756532,123,A08,cross-session,AdaBN
13,14,1,0.0006054929999663727,123,A08,cross-session,AdaBN
14,15,0,0.0006050380000033329,123,A08,cross-session,AdaBN
15,16,1,0.0006095349999668542,123,A08,cross-session,AdaBN
16,16,1,0.0006204549999893061,123,A08,cross-session,AdaBN
17,16,1,0.0006179909998991207,123,A08,cross-session,AdaBN
18,16,1,0.0006234869999843795,123,A08,cross-session,AdaBN
19,16,0,0.0006226459998970313,123,A08,cross-session,AdaBN
20,16,0,0.0006082950000063647,123,A08,cross-session,AdaBN
21,16,1,0.0006278820000034102,123,A08,cross-session,AdaBN
22,16,1,0.0006129739999778394,123,A08,cross-session,AdaBN
23,16,0,0.000591857000017626,123,A08,cross-session,AdaBN
24,16,0,0.0006476830000110567,123,A08,cross-session,AdaBN
25,16,1,0.0006257229999846459,123,A08,cross-session,AdaBN
26,16,1,0.0004359510000995215,123,A08,cross-session,AdaBN
27,16,0,0.00044976700007737236,123,A08,cross-session,AdaBN
28,16,0,0.00040895099994031625,123,A08,cross-session,AdaBN
29,16,0,0.00039315300000453135,123,A08,cross-session,AdaBN
30,16,1,0.00039652700002079655,123,A08,cross-session,AdaBN
31,16,1,0.00036533699994834024,123,A08,cross-session,AdaBN
32,16,1,0.00039036000009673444,123,A08,cross-session,AdaBN
33,16,1,0.0003797819999817875,123,A08,cross-session,AdaBN
34,16,1,0.0003716090000125405,123,A08,cross-session,AdaBN
35,16,1,0.0003936609999755092,123,A08,cross-session,AdaBN
36,16,1,0.0003941810000469559,123,A08,cross-session,AdaBN
37,16,1,0.00038626100001692976,123,A08,cross-session,AdaBN
38,16,1,0.0003962380000075427,123,A08,cross-session,AdaBN
39,16,0,0.00039282900002035603,123,A08,cross-session,AdaBN
40,16,0,0.00039125099999637314,123,A08,cross-session,AdaBN
41,16,1,0.00039093700002013065,123,A08,cross-session,AdaBN
42,16,1,0.00040803399997457745,123,A08,cross-session,AdaBN
43,16,0,0.000398584999970808,123,A08,cross-session,AdaBN
44,16,1,0.0003852480000432479,123,A08,cross-session,AdaBN
45,16,0,0.0003994019999709053,123,A08,cross-session,AdaBN
46,16,1,0.00038751800002501113,123,A08,cross-session,AdaBN
47,16,1,0.0003862070000195672,123,A08,cross-session,AdaBN
48,16,0,0.0003987780000898056,123,A08,cross-session,AdaBN
49,16,1,0.0003874660000064978,123,A08,cross-session,AdaBN
50,16,1,0.00038858100003835716,123,A08,cross-session,AdaBN
51,16,1,0.0003895119999697272,123,A08,cross-session,AdaBN
52,16,1,0.0004241589999764983,123,A08,cross-session,AdaBN
53,16,1,0.0003858989999798723,123,A08,cross-session,AdaBN
54,16,1,0.00040180200005579536,123,A08,cross-session,AdaBN
55,16,0,0.00040279400002418697,123,A08,cross-session,AdaBN
56,16,0,0.0003857969999216948,123,A08,cross-session,AdaBN
57,16,1,0.00042466100001092855,123,A08,cross-session,AdaBN
58,16,1,0.0003882879999537181,123,A08,cross-session,AdaBN
59,16,0,0.000423074999957862,123,A08,cross-session,AdaBN
60,16,0,0.0003966120000313822,123,A08,cross-session,AdaBN
61,16,1,0.00040836900006979704,123,A08,cross-session,AdaBN
62,16,1,0.00043637799990392523,123,A08,cross-session,AdaBN
63,16,1,0.00039814000001570093,123,A08,cross-session,AdaBN
64,16,1,0.00043179200008580665,123,A08,cross-session,AdaBN
65,16,1,0.00039437999998881423,123,A08,cross-session,AdaBN
66,16,1,0.0003929169999992155,123,A08,cross-session,AdaBN
67,16,1,0.0003855839999005184,123,A08,cross-session,AdaBN
68,16,1,0.0004026000000294516,123,A08,cross-session,AdaBN
69,16,0,0.0004190539999626708,123,A08,cross-session,AdaBN
70,16,1,0.00038989099994068965,123,A08,cross-session,AdaBN
71,16,1,0.00040606300001400086,123,A08,cross-session,AdaBN
72,16,1,0.000378525000087393,123,A08,cross-session,AdaBN
73,16,1,0.0004318790000752415,123,A08,cross-session,AdaBN
74,16,1,0.00043398399998295645,123,A08,cross-session,AdaBN
75,16,1,0.0004081880000512683,123,A08,cross-session,AdaBN
76,16,1,0.0004164829999808717,123,A08,cross-session,AdaBN
77,16,1,0.0003876519999721495,123,A08,cross-session,AdaBN
78,16,1,0.0003970340000023498,123,A08,cross-session,AdaBN
79,16,1,0.0003925080000044545,123,A08,cross-session,AdaBN
80,16,1,0.0004573490000439051,123,A08,cross-session,AdaBN
81,16,0,0.0003872230000752097,123,A08,cross-session,AdaBN
82,16,1,0.0003956980000339172,123,A08,cross-session,AdaBN
83,16,0,0.00038801699997748074,123,A08,cross-session,AdaBN
84,16,1,0.0003836030000456958,123,A08,cross-session,AdaBN
85,16,0,0.0003884739999193698,123,A08,cross-session,AdaBN
86,16,1,0.0004053080000403497,123,A08,cross-session,AdaBN
87,16,0,0.0003838540000060675,123,A08,cross-session,AdaBN
88,16,0,0.00040360100001635146,123,A08,cross-session,AdaBN
89,16,0,0.0004287929999691187,123,A08,cross-session,AdaBN
90,16,0,0.0003990199999179822,123,A08,cross-session,AdaBN
91,16,0,0.0004225689999657334,123,A08,cross-session,AdaBN
92,16,1,0.00039569599994138116,123,A08,cross-session,AdaBN
93,16,1,0.0004231960000424806,123,A08,cross-session,AdaBN
94,16,0,0.0004136400000334106,123,A08,cross-session,AdaBN
95,16,0,0.00040690599996651144,123,A08,cross-session,AdaBN
96,16,1,0.0004281190000483548,123,A08,cross-session,AdaBN
97,16,0,0.0003937280000627652,123,A08,cross-session,AdaBN
98,16,1,0.0003955280000127459,123,A08,cross-session,AdaBN
99,16,1,0.00040366400003222225,123,A08,cross-session,AdaBN
100,16,1,0.00039995499992073746,123,A08,cross-session,AdaBN
101,16,0,0.0004125579999936235,123,A08,cross-session,AdaBN
102,16,1,0.0004026020000083008,123,A08,cross-session,AdaBN
103,16,0,0.00043698899992250517,123,A08,cross-session,AdaBN
104,16,1,0.0004325319999907151,123,A08,cross-session,AdaBN
105,16,1,0.0004303899999058558,123,A08,cross-session,AdaBN
106,16,1,0.000391049000086241,123,A08,cross-session,AdaBN
107,16,0,0.00040985700002238445,123,A08,cross-session,AdaBN
108,16,0,0.0003746129999626646,123,A08,cross-session,AdaBN
109,16,1,0.0004346690000147646,123,A08,cross-session,AdaBN
110,16,0,0.00038731500001176755,123,A08,cross-session,AdaBN
111,16,0,0.0004294639999216088,123,A08,cross-session,AdaBN
112,16,1,0.0004705489999423662,123,A08,cross-session,AdaBN
113,16,1,0.000422290999949837,123,A08,cross-session,AdaBN
114,16,1,0.0004144939999832786,123,A08,cross-session,AdaBN
115,16,1,0.00042895899991890474,123,A08,cross-session,AdaBN
116,16,1,0.0003972229999362753,123,A08,cross-session,AdaBN
117,16,1,0.0003904069999407511,123,A08,cross-session,AdaBN
118,16,1,0.00038429500000347616,123,A08,cross-session,AdaBN
119,16,1,0.00038688600000114093,123,A08,cross-session,AdaBN
120,16,0,0.0004121840000834709,123,A08,cross-session,AdaBN
121,16,1,0.0004353660000333548,123,A08,cross-session,AdaBN
122,16,1,0.00040876799994293833,123,A08,cross-session,AdaBN
123,16,1,0.0004342179998957363,123,A08,cross-session,AdaBN
124,16,1,0.0004060680000748107,123,A08,cross-session,AdaBN
125,16,0,0.0004150360000494402,123,A08,cross-session,AdaBN
126,16,1,0.000423216999934084,123,A08,cross-session,AdaBN
127,16,1,0.00039001800007554266,123,A08,cross-session,AdaBN
128,16,0,0.0004151080000838192,123,A08,cross-session,AdaBN
129,16,1,0.0003761819999681393,123,A08,cross-session,AdaBN
130,16,0,0.00040465699999003846,123,A08,cross-session,AdaBN
131,16,0,0.0004091019999350465,123,A08,cross-session,AdaBN
132,16,1,0.00039641900002607144,123,A08,cross-session,AdaBN
133,16,0,0.00046858999996857165,123,A08,cross-session,AdaBN
134,16,1,0.0004039280000824874,123,A08,cross-session,AdaBN
135,16,1,0.0003761169999734193,123,A08,cross-session,AdaBN
136,16,1,0.00039948599999206635,123,A08,cross-session,AdaBN
137,16,1,0.00039655400007632124,123,A08,cross-session,AdaBN
138,16,0,0.0004102520000515142,123,A08,cross-session,AdaBN
139,16,1,0.0004132420000360071,123,A08,cross-session,AdaBN
140,16,0,0.00038984100001471234,123,A08,cross-session,AdaBN
141,16,0,0.00041072999999869353,123,A08,cross-session,AdaBN
142,16,1,0.0003822459999582861,123,A08,cross-session,AdaBN
143,16,1,0.0004226990000688602,123,A08,cross-session,AdaBN
144,16,0,0.0004116999999723703,123,A08,cross-session,AdaBN
145,16,1,0.0004042120000349314,123,A08,cross-session,AdaBN
146,16,1,0.00040215600006376917,123,A08,cross-session,AdaBN
147,16,0,0.00041468099993835494,123,A08,cross-session,AdaBN
148,16,1,0.0004208850000395614,123,A08,cross-session,AdaBN
149,16,1,0.00041692199999943114,123,A08,cross-session,AdaBN
150,16,1,0.00041087600004630076,123,A08,cross-session,AdaBN
151,16,1,0.00042195799994715344,123,A08,cross-session,AdaBN
152,16,0,0.00041886799999701907,123,A08,cross-session,AdaBN
153,16,1,0.0003871229999958814,123,A08,cross-session,AdaBN
154,16,1,0.00041918299996268615,123,A08,cross-session,AdaBN
155,16,1,0.00042032400006064563,123,A08,cross-session,AdaBN
156,16,0,0.0004326270000092336,123,A08,cross-session,AdaBN
157,16,0,0.0004382289999966815,123,A08,cross-session,AdaBN
158,16,1,0.000386003000016899,123,A08,cross-session,AdaBN
159,16,0,0.0004178190000629911,123,A08,cross-session,AdaBN
160,16,1,0.0004000570000926018,123,A08,cross-session,AdaBN
161,16,1,0.00040163400001347327,123,A08,cross-session,AdaBN
162,16,1,0.00043461799998567585,123,A08,cross-session,AdaBN
163,16,0,0.000429253999982393,123,A08,cross-session,AdaBN
164,16,1,0.0004201110000394692,123,A08,cross-session,AdaBN
165,16,1,0.0004264439999133174,123,A08,cross-session,AdaBN
166,16,0,0.00042069699998137366,123,A08,cross-session,AdaBN
167,16,1,0.0004218029999947248,123,A08,cross-session,AdaBN
168,16,0,0.00039836299993112334,123,A08,cross-session,AdaBN
169,16,1,0.00038161800000580115,123,A08,cross-session,AdaBN
170,16,0,0.0003996819999656509,123,A08,cross-session,AdaBN
171,16,0,0.00038773200003561215,123,A08,cross-session,AdaBN
172,16,1,0.0003967679999732354,123,A08,cross-session,AdaBN
173,16,1,0.0003919370000176059,123,A08,cross-session,AdaBN
174,16,1,0.00038880299996435497,123,A08,cross-session,AdaBN
175,16,1,0.0004309660000672011,123,A08,cross-session,AdaBN
176,16,1,0.0003961500000286833,123,A08,cross-session,AdaBN
177,16,1,0.000375521000023582,123,A08,cross-session,AdaBN
178,16,0,0.0003954960000100982,123,A08,cross-session,AdaBN
179,16,0,0.00041868100004194275,123,A08,cross-session,AdaBN
180,16,1,0.00041788199996517505,123,A08,cross-session,AdaBN
181,16,0,0.0004235910000716103,123,A08,cross-session,AdaBN
182,16,0,0.0003743600000234437,123,A08,cross-session,AdaBN
183,16,1,0.00038309600006414257,123,A08,cross-session,AdaBN
184,16,1,0.00040332100002160587,123,A08,cross-session,AdaBN
185,16,1,0.0004022300000769974,123,A08,cross-session,AdaBN
186,16,0,0.00041101900001194736,123,A08,cross-session,AdaBN
187,16,0,0.0003856719999930647,123,A08,cross-session,AdaBN
188,16,0,0.00038773300002503674,123,A08,cross-session,AdaBN
189,16,1,0.0003997450000952085,123,A08,cross-session,AdaBN
190,16,1,0.000430940000001101,123,A08,cross-session,AdaBN
191,16,0,0.0004043100000217237,123,A08,cross-session,AdaBN
192,16,1,0.00040761499997188366,123,A08,cross-session,AdaBN
193,16,1,0.0003902480000306241,123,A08,cross-session,AdaBN
194,16,1,0.0003937749999067819,123,A08,cross-session,AdaBN
195,16,1,0.00037957500001084554,123,A08,cross-session,AdaBN
196,16,0,0.00038126599997667654,123,A08,cross-session,AdaBN
197,16,0,0.0003977420000182974,123,A08,cross-session,AdaBN
198,16,0,0.0004039960000454812,123,A08,cross-session,AdaBN
199,16,1,0.0004136459999699582,123,A08,cross-session,AdaBN
200,16,1,0.00038827100001981307,123,A08,cross-session,AdaBN
201,16,0,0.0004223199999842109,123,A08,cross-session,AdaBN
202,16,1,0.0004396599999836326,123,A08,cross-session,AdaBN
203,16,1,0.00039403999994647165,123,A08,cross-session,AdaBN
204,16,1,0.00038905299993530207,123,A08,cross-session,AdaBN
205,16,1,0.0004259859999820037,123,A08,cross-session,AdaBN
206,16,0,0.0003922930000044289,123,A08,cross-session,AdaBN
207,16,1,0.0004323910000039177,123,A08,cross-session,AdaBN
208,16,1,0.0003900640000438216,123,A08,cross-session,AdaBN
209,16,0,0.00037971899996591674,123,A08,cross-session,AdaBN
210,16,1,0.00039607100006833207,123,A08,cross-session,AdaBN
211,16,0,0.0003872620000038296,123,A08,cross-session,AdaBN
212,16,1,0.00042819299994789617,123,A08,cross-session,AdaBN
213,16,1,0.00044104599999172933,123,A08,cross-session,AdaBN
214,16,1,0.0003941950000125871,123,A08,cross-session,AdaBN
215,16,1,0.00044418200002382946,123,A08,cross-session,AdaBN
216,16,1,0.000380665999955454,123,A08,cross-session,AdaBN
217,16,1,0.0003808800000797419,123,A08,cross-session,AdaBN
218,16,0,0.0003931620000230396,123,A08,cross-session,AdaBN
219,16,0,0.0003994600000396531,123,A08,cross-session,AdaBN
220,16,1,0.0004187729999785006,123,A08,cross-session,AdaBN
221,16,1,0.0003952149999122412,123,A08,cross-session,AdaBN
222,16,1,0.00039797499994165264,123,A08,cross-session,AdaBN
223,16,1,0.0004257759999291011,123,A08,cross-session,AdaBN
224,16,0,0.00041446399995948013,123,A08,cross-session,AdaBN
225,16,0,0.00042926499997975043,123,A08,cross-session,AdaBN
226,16,1,0.00040708100004849257,123,A08,cross-session,AdaBN
227,16,0,0.00040029199999480625,123,A08,cross-session,AdaBN
228,16,0,0.0004207409999708034,123,A08,cross-session,AdaBN
229,16,1,0.0004079139999930703,123,A08,cross-session,AdaBN
230,16,1,0.00041674700003113685,123,A08,cross-session,AdaBN
231,16,1,0.0004028040000321198,123,A08,cross-session,AdaBN
232,16,0,0.00044733500010352145,123,A08,cross-session,AdaBN
233,16,0,0.0003862109999772656,123,A08,cross-session,AdaBN
234,16,1,0.0004101170000012644,123,A08,cross-session,AdaBN
235,16,1,0.00039807100006328255,123,A08,cross-session,AdaBN
236,16,1,0.0004077639999877647,123,A08,cross-session,AdaBN
237,16,1,0.0004140679999409258,123,A08,cross-session,AdaBN
238,16,1,0.00038713900005404867,123,A08,cross-session,AdaBN
239,16,0,0.00041915199994946306,123,A08,cross-session,AdaBN
240,16,1,0.00039853700002367987,123,A08,cross-session,AdaBN
241,16,1,0.0003884220000145433,123,A08,cross-session,AdaBN
242,16,1,0.0003869150000355148,123,A08,cross-session,AdaBN
243,16,1,0.0004116750000093816,123,A08,cross-session,AdaBN
244,16,1,0.0004390679999914937,123,A08,cross-session,AdaBN
245,16,1,0.0004058419999637408,123,A08,cross-session,AdaBN
246,16,0,0.00039798899990728387,123,A08,cross-session,AdaBN
247,16,0,0.0004164090000813303,123,A08,cross-session,AdaBN
248,16,0,0.00038285499999801686,123,A08,cross-session,AdaBN
249,16,1,0.0003941549999808558,123,A08,cross-session,AdaBN
250,16,0,0.0004178820000788619,123,A08,cross-session,AdaBN
251,16,0,0.00038779900000918133,123,A08,cross-session,AdaBN
252,16,1,0.00041094699997756834,123,A08,cross-session,AdaBN
253,16,1,0.00038924500006487506,123,A08,cross-session,AdaBN
254,16,0,0.00039298699994105846,123,A08,cross-session,AdaBN
255,16,0,0.000417574000039167,123,A08,cross-session,AdaBN
256,16,1,0.0004106479999563817,123,A08,cross-session,AdaBN
257,16,1,0.00039075699999102653,123,A08,cross-session,AdaBN
258,16,1,0.0003900320000411739,123,A08,cross-session,AdaBN
259,16,1,0.0003992480000079013,123,A08,cross-session,AdaBN
260,16,1,0.0004190110000763525,123,A08,cross-session,AdaBN
261,16,0,0.00037368100004187,123,A08,cross-session,AdaBN
262,16,1,0.00040838799998255126,123,A08,cross-session,AdaBN
263,16,0,0.00040890100001433893,123,A08,cross-session,AdaBN
264,16,0,0.00039305199993577844,123,A08,cross-session,AdaBN
265,16,1,0.0004309710000143241,123,A08,cross-session,AdaBN
266,16,0,0.0003922509999938484,123,A08,cross-session,AdaBN
267,16,1,0.00043362000008073665,123,A08,cross-session,AdaBN
268,16,1,0.0004172970000126952,123,A08,cross-session,AdaBN
269,16,1,0.0004081669999322912,123,A08,cross-session,AdaBN
270,16,1,0.00041498400003092684,123,A08,cross-session,AdaBN
271,16,1,0.00040269499993428326,123,A08,cross-session,AdaBN
272,16,0,0.000385142000027372,123,A08,cross-session,AdaBN
273,16,1,0.00040578899995580286,123,A08,cross-session,AdaBN
274,16,1,0.000374332999967919,123,A08,cross-session,AdaBN
275,16,1,0.00041328099996462697,123,A08,cross-session,AdaBN
276,16,0,0.0004195449999997436,123,A08,cross-session,AdaBN
277,16,0,0.00038242699997681484,123,A08,cross-session,AdaBN
278,16,0,0.000408434000064517,123,A08,cross-session,AdaBN
279,16,0,0.0004121729999724266,123,A08,cross-session,AdaBN
280,16,1,0.00038302699999803735,123,A08,cross-session,AdaBN
281,16,0,0.00042641400000320573,123,A08,cross-session,AdaBN
282,16,0,0.00040598800001134805,123,A08,cross-session,AdaBN
283,16,1,0.00038672400000905327,123,A08,cross-session,AdaBN
284,16,1,0.00042289600003186933,123,A08,cross-session,AdaBN
285,16,0,0.00037765000001854787,123,A08,cross-session,AdaBN
286,16,0,0.0003862569999455445,123,A08,cross-session,AdaBN
287,16,0,0.0004053650000059861,123,A08,cross-session,AdaBN
0,1,1,0.0005554379999921366,123,A09,cross-session,AdaBN
1,2,1,0.0005110890000423751,123,A09,cross-session,AdaBN
2,3,1,0.000479681999991044,123,A09,cross-session,AdaBN
3,4,1,0.00047277099997700134,123,A09,cross-session,AdaBN
4,5,1,0.0005586099999845828,123,A09,cross-session,AdaBN
5,6,1,0.0004070659999797499,123,A09,cross-session,AdaBN
6,7,1,0.00048289900007603137,123,A09,cross-session,AdaBN
7,8,0,0.00043443700008083397,123,A09,cross-session,AdaBN
8,9,0,0.0005105679999815038,123,A09,cross-session,AdaBN
9,10,1,0.00047537199998259894,123,A09,cross-session,AdaBN
10,11,1,0.0004614749999518608,123,A09,cross-session,AdaBN
11,12,0,0.00044925099996362405,123,A09,cross-session,AdaBN
12,13,1,0.00045039200006158353,123,A09,cross-session,AdaBN
13,14,1,0.0004641799999944851,123,A09,cross-session,AdaBN
14,15,1,0.00046487099996284087,123,A09,cross-session,AdaBN
15,16,1,0.00046877099998710037,123,A09,cross-session,AdaBN
16,16,1,0.0004353789998958746,123,A09,cross-session,AdaBN
17,16,1,0.0004486679999899934,123,A09,cross-session,AdaBN
18,16,1,0.00044598699992093316,123,A09,cross-session,AdaBN
19,16,1,0.0004392399999915142,123,A09,cross-session,AdaBN
20,16,1,0.0004435329999523674,123,A09,cross-session,AdaBN
21,16,1,0.0004486170000745915,123,A09,cross-session,AdaBN
22,16,1,0.0004384200000231431,123,A09,cross-session,AdaBN
23,16,1,0.0004498319999584055,123,A09,cross-session,AdaBN
24,16,1,0.00045183200006704283,123,A09,cross-session,AdaBN
25,16,1,0.00043953900001270085,123,A09,cross-session,AdaBN
26,16,1,0.000444871000013336,123,A09,cross-session,AdaBN
27,16,1,0.0004611140000179148,123,A09,cross-session,AdaBN
28,16,1,0.00047695499995370483,123,A09,cross-session,AdaBN
29,16,1,0.00046806599993942655,123,A09,cross-session,AdaBN
30,16,1,0.0004476859999158478,123,A09,cross-session,AdaBN
31,16,1,0.00044477100004769454,123,A09,cross-session,AdaBN
32,16,1,0.0004129940000439092,123,A09,cross-session,AdaBN
33,16,0,0.000691253000013603,123,A09,cross-session,AdaBN
34,16,0,0.00040591200001927064,123,A09,cross-session,AdaBN
35,16,1,0.0004527759999746195,123,A09,cross-session,AdaBN
36,16,1,0.0003640940000195769,123,A09,cross-session,AdaBN
37,16,1,0.0003690259999302725,123,A09,cross-session,AdaBN
38,16,1,0.0003962469999123641,123,A09,cross-session,AdaBN
39,16,1,0.0006162659999517928,123,A09,cross-session,AdaBN
40,16,1,0.00044545499997639126,123,A09,cross-session,AdaBN
41,16,1,0.00044686100000035367,123,A09,cross-session,AdaBN
42,16,1,0.00037423300000227755,123,A09,cross-session,AdaBN
43,16,0,0.0003900889998931234,123,A09,cross-session,AdaBN
44,16,1,0.00039357899993319734,123,A09,cross-session,AdaBN
45,16,0,0.0004128890000174579,123,A09,cross-session,AdaBN
46,16,1,0.00039536100007353525,123,A09,cross-session,AdaBN
47,16,1,0.000422221000007994,123,A09,cross-session,AdaBN
48,16,1,0.0004112519999353026,123,A09,cross-session,AdaBN
49,16,1,0.0005214900000964917,123,A09,cross-session,AdaBN
50,16,1,0.00040320499999779713,123,A09,cross-session,AdaBN
51,16,1,0.0004187980000551761,123,A09,cross-session,AdaBN
52,16,1,0.000422423000031813,123,A09,cross-session,AdaBN
53,16,1,0.000415322999970158,123,A09,cross-session,AdaBN
54,16,1,0.00038664700002755126,123,A09,cross-session,AdaBN
55,16,1,0.0004040799999529554,123,A09,cross-session,AdaBN
56,16,1,0.00040482200006408675,123,A09,cross-session,AdaBN
57,16,1,0.0004109520000383782,123,A09,cross-session,AdaBN
58,16,1,0.00043436800001472875,123,A09,cross-session,AdaBN
59,16,1,0.00041843899998639245,123,A09,cross-session,AdaBN
60,16,1,0.0004000079999286754,123,A09,cross-session,AdaBN
61,16,1,0.00045796599999903265,123,A09,cross-session,AdaBN
62,16,1,0.0004247819999818603,123,A09,cross-session,AdaBN
63,16,1,0.00038981299996976304,123,A09,cross-session,AdaBN
64,16,1,0.0004210720001083246,123,A09,cross-session,AdaBN
65,16,1,0.000448103999929117,123,A09,cross-session,AdaBN
66,16,1,0.0004085650000433816,123,A09,cross-session,AdaBN
67,16,1,0.0004483830000481248,123,A09,cross-session,AdaBN
68,16,1,0.0004044579999344933,123,A09,cross-session,AdaBN
69,16,0,0.0004190780000499217,123,A09,cross-session,AdaBN
70,16,0,0.00039374300001782103,123,A09,cross-session,AdaBN
71,16,1,0.00042332700002134516,123,A09,cross-session,AdaBN
72,16,1,0.00041890399995736516,123,A09,cross-session,AdaBN
73,16,1,0.00040820599997459794,123,A09,cross-session,AdaBN
74,16,1,0.00040826200006449653,123,A09,cross-session,AdaBN
75,16,1,0.00039440300008664053,123,A09,cross-session,AdaBN
76,16,1,0.0004248820000611886,123,A09,cross-session,AdaBN
77,16,1,0.0004303759999402246,123,A09,cross-session,AdaBN
78,16,0,0.000388882000038393,123,A09,cross-session,AdaBN
79,16,1,0.000417004000041743,123,A09,cross-session,AdaBN
80,16,1,0.00039519599999948696,123,A09,cross-session,AdaBN
81,16,1,0.0004371550000996649,123,A09,cross-session,AdaBN
82,16,1,0.0004120580000517293,123,A09,cross-session,AdaBN
83,16,1,0.0003973530000394021,123,A09,cross-session,AdaBN
84,16,1,0.0003938050000442672,123,A09,cross-session,AdaBN
85,16,1,0.00038457300001937256,123,A09,cross-session,AdaBN
86,16,1,0.00041510899995955697,123,A09,cross-session,AdaBN
87,16,1,0.00042378399996323424,123,A09,cross-session,AdaBN
88,16,0,0.00040033000004768837,123,A09,cross-session,AdaBN
89,16,1,0.00045779499998843676,123,A09,cross-session,AdaBN
90,16,1,0.00041851299999962066,123,A09,cross-session,AdaBN
91,16,1,0.000389149000056932,123,A09,cross-session,AdaBN
92,16,1,0.00040380799998729344,123,A09,cross-session,AdaBN
93,16,0,0.00038770300000123825,123,A09,cross-session,AdaBN
94,16,0,0.0004102579999880618,123,A09,cross-session,AdaBN
95,16,1,0.00042423800005053636,123,A09,cross-session,AdaBN
96,16,1,0.0004021670000611266,123,A09,cross-session,AdaBN
97,16,1,0.00040292599999247614,123,A09,cross-session,AdaBN
98,16,1,0.00038668000001962355,123,A09,cross-session,AdaBN
99,16,1,0.00040292899996074993,123,A09,cross-session,AdaBN
100,16,1,0.00039954800001851254,123,A09,cross-session,AdaBN
101,16,1,0.0003911270000571676,123,A09,cross-session,AdaBN
102,16,1,0.0004005039999128712,123,A09,cross-session,AdaBN
103,16,1,0.0003924960000176725,123,A09,cross-session,AdaBN
104,16,0,0.0003962419999652411,123,A09,cross-session,AdaBN
105,16,1,0.00039306900009705714,123,A09,cross-session,AdaBN
106,16,1,0.0003964759999917078,123,A09,cross-session,AdaBN
107,16,1,0.00041851200001019606,123,A09,cross-session,AdaBN
108,16,0,0.00040841400004865136,123,A09,cross-session,AdaBN
109,16,1,0.00038844200003040896,123,A09,cross-session,AdaBN
110,16,1,0.0003884999999854699,123,A09,cross-session,AdaBN
111,16,1,0.00039523199995983305,123,A09,cross-session,AdaBN
112,16,1,0.000402599000040027,123,A09,cross-session,AdaBN
113,16,1,0.0004050899999583635,123,A09,cross-session,AdaBN
114,16,0,0.0004023239999924044,123,A09,cross-session,AdaBN
115,16,1,0.00039553900001010334,123,A09,cross-session,AdaBN
116,16,1,0.0004435900000316906,123,A09,cross-session,AdaBN
117,16,0,0.00040792899994812615,123,A09,cross-session,AdaBN
118,16,1,0.00041906200010544126,123,A09,cross-session,AdaBN
119,16,1,0.0003906539999434244,123,A09,cross-session,AdaBN
120,16,0,0.00039472800006024045,123,A09,cross-session,AdaBN
121,16,1,0.0004176759999836577,123,A09,cross-session,AdaBN
122,16,1,0.0003929199999674893,123,A09,cross-session,AdaBN
123,16,1,0.00038844000005155976,123,A09,cross-session,AdaBN
124,16,1,0.00042537399997399916,123,A09,cross-session,AdaBN
125,16,1,0.0003815310000163663,123,A09,cross-session,AdaBN
126,16,0,0.00041112600001724786,123,A09,cross-session,AdaBN
127,16,1,0.0003902909999169424,123,A09,cross-session,AdaBN
128,16,0,0.0004401209999969069,123,A09,cross-session,AdaBN
129,16,1,0.0004048790000297231,123,A09,cross-session,AdaBN
130,16,1,0.0003881909999563504,123,A09,cross-session,AdaBN
131,16,1,0.0003901530000121056,123,A09,cross-session,AdaBN
132,16,0,0.00043032999997194565,123,A09,cross-session,AdaBN
133,16,0,0.00040662499998234125,123,A09,cross-session,AdaBN
134,16,1,0.00042455499999505264,123,A09,cross-session,AdaBN
135,16,1,0.00039985700004763203,123,A09,cross-session,AdaBN
136,16,1,0.0003955920000180413,123,A09,cross-session,AdaBN
137,16,1,0.00040500700004031387,123,A09,cross-session,AdaBN
138,16,0,0.0003966329999229856,123,A09,cross-session,AdaBN
139,16,0,0.00039561200003390695,123,A09,cross-session,AdaBN
140,16,0,0.0004222729999128205,123,A09,cross-session,AdaBN
141,16,0,0.0003988330000765927,123,A09,cross-session,AdaBN
142,16,1,0.00041059199998016993,123,A09,cross-session,AdaBN
143,16,1,0.00039488799995979207,123,A09,cross-session,AdaBN
144,16,0,0.0003967269999520795,123,A09,cross-session,AdaBN
145,16,0,0.00040800599992962816,123,A09,cross-session,AdaBN
146,16,1,0.00040412999999261956,123,A09,cross-session,AdaBN
147,16,1,0.00041756999996778177,123,A09,cross-session,AdaBN
148,16,1,0.00041228400004911236,123,A09,cross-session,AdaBN
149,16,1,0.00043074400002751645,123,A09,cross-session,AdaBN
150,16,1,0.0004837130001078549,123,A09,cross-session,AdaBN
151,16,1,0.00039490799997565773,123,A09,cross-session,AdaBN
152,16,1,0.0004028549999475217,123,A09,cross-session,AdaBN
153,16,0,0.00039863999995759514,123,A09,cross-session,AdaBN
154,16,1,0.0003989519999549884,123,A09,cross-session,AdaBN
155,16,1,0.0004217270000026474,123,A09,cross-session,AdaBN
156,16,1,0.0003868420000117112,123,A09,cross-session,AdaBN
157,16,0,0.0004009670000186816,123,A09,cross-session,AdaBN
158,16,1,0.0004122670000015205,123,A09,cross-session,AdaBN
159,16,0,0.00040548900005887845,123,A09,cross-session,AdaBN
160,16,0,0.00042046100008974463,123,A09,cross-session,AdaBN
161,16,1,0.0003992160000052536,123,A09,cross-session,AdaBN
162,16,0,0.0004067470000563844,123,A09,cross-session,AdaBN
163,16,1,0.00040507699998215685,123,A09,cross-session,AdaBN
164,16,1,0.00040958299996418646,123,A09,cross-session,AdaBN
165,16,1,0.00038886000004367816,123,A09,cross-session,AdaBN
166,16,1,0.0003984769999760829,123,A09,cross-session,AdaBN
167,16,1,0.0003939129999253055,123,A09,cross-session,AdaBN
168,16,1,0.0003980939999337352,123,A09,cross-session,AdaBN
169,16,0,0.00044418300001325406,123,A09,cross-session,AdaBN
170,16,0,0.0003796920000240789,123,A09,cross-session,AdaBN
171,16,1,0.00042023599996809935,123,A09,cross-session,AdaBN
172,16,1,0.00039804699997603166,123,A09,cross-session,AdaBN
173,16,1,0.0004517319999877145,123,A09,cross-session,AdaBN
174,16,1,0.00042754399999012094,123,A09,cross-session,AdaBN
175,16,1,0.00039645399999699293,123,A09,cross-session,AdaBN
176,16,1,0.000396894000004977,123,A09,cross-session,AdaBN
177,16,0,0.00039838000009240204,123,A09,cross-session,AdaBN
178,16,1,0.00037937100000817736,123,A09,cross-session,AdaBN
179,16,1,0.0004387889999861727,123,A09,cross-session,AdaBN
180,16,1,0.00038875699999607605,123,A09,cross-session,AdaBN
181,16,0,0.00040482700001120975,123,A09,cross-session,AdaBN
182,16,0,0.00043879899999410554,123,A09,cross-session,AdaBN
183,16,1,0.0003866680000328415,123,A09,cross-session,AdaBN
184,16,1,0.0003923909999912212,123,A09,cross-session,AdaBN
185,16,0,0.00038982899991424347,123,A09,cross-session,AdaBN
186,16,1,0.0003821200000402314,123,A09,cross-session,AdaBN
187,16,1,0.00038400000005367474,123,A09,cross-session,AdaBN
188,16,1,0.00037356200004978746,123,A09,cross-session,AdaBN
189,16,1,0.00038956000003054214,123,A09,cross-session,AdaBN
190,16,1,0.0004136839999091535,123,A09,cross-session,AdaBN
191,16,1,0.0003936690000045928,123,A09,cross-session,AdaBN
192,16,1,0.00041376499996204075,123,A09,cross-session,AdaBN
193,16,1,0.00041855099993881595,123,A09,cross-session,AdaBN
194,16,1,0.000386832999993203,123,A09,cross-session,AdaBN
195,16,1,0.00043127699996148294,123,A09,cross-session,AdaBN
196,16,1,0.000409550000085801,123,A09,cross-session,AdaBN
197,16,1,0.00041171600003053754,123,A09,cross-session,AdaBN
198,16,1,0.00040908500000114145,123,A09,cross-session,AdaBN
199,16,1,0.00037955099992359465,123,A09,cross-session,AdaBN
200,16,1,0.00042164999990745855,123,A09,cross-session,AdaBN
201,16,1,0.00043571200001224497,123,A09,cross-session,AdaBN
202,16,1,0.0003800939999791808,123,A09,cross-session,AdaBN
203,16,1,0.00038565500005915965,123,A09,cross-session,AdaBN
204,16,0,0.0003798080000478876,123,A09,cross-session,AdaBN
205,16,1,0.0003948920000311773,123,A09,cross-session,AdaBN
206,16,1,0.00042427200003203325,123,A09,cross-session,AdaBN
207,16,0,0.00038949999998294516,123,A09,cross-session,AdaBN
208,16,1,0.00044931599995834404,123,A09,cross-session,AdaBN
209,16,1,0.0003823759999477261,123,A09,cross-session,AdaBN
210,16,1,0.00039233400002558483,123,A09,cross-session,AdaBN
211,16,1,0.00038729199991394125,123,A09,cross-session,AdaBN
212,16,1,0.00038555800006179197,123,A09,cross-session,AdaBN
213,16,0,0.0003975449999416014,123,A09,cross-session,AdaBN
214,16,0,0.0004231089999393589,123,A09,cross-session,AdaBN
215,16,1,0.0003926330000467715,123,A09,cross-session,AdaBN
216,16,1,0.00042949499993483187,123,A09,cross-session,AdaBN
217,16,0,0.00037381699996785756,123,A09,cross-session,AdaBN
218,16,0,0.0003782379999393015,123,A09,cross-session,AdaBN
219,16,0,0.0004320300000699717,123,A09,cross-session,AdaBN
220,16,1,0.0003902020000623452,123,A09,cross-session,AdaBN
221,16,1,0.0004375099999833765,123,A09,cross-session,AdaBN
222,16,1,0.00043207900000652444,123,A09,cross-session,AdaBN
223,16,1,0.0003757789999099259,123,A09,cross-session,AdaBN
224,16,1,0.0004243960000849256,123,A09,cross-session,AdaBN
225,16,1,0.0003782800000635689,123,A09,cross-session,AdaBN
226,16,1,0.0003855410000142001,123,A09,cross-session,AdaBN
227,16,1,0.0004098699999985911,123,A09,cross-session,AdaBN
228,16,1,0.0003797690000055809,123,A09,cross-session,AdaBN
229,16,0,0.0004013230000055046,123,A09,cross-session,AdaBN
230,16,0,0.0003817450000269673,123,A09,cross-session,AdaBN
231,16,1,0.00040863799995349837,123,A09,cross-session,AdaBN
232,16,1,0.00040256100010083173,123,A09,cross-session,AdaBN
233,16,1,0.0003997809999418678,123,A09,cross-session,AdaBN
234,16,1,0.00039097399996990134,123,A09,cross-session,AdaBN
235,16,1,0.00039642100000492064,123,A09,cross-session,AdaBN
236,16,1,0.0004424769999786804,123,A09,cross-session,AdaBN
237,16,1,0.0004071659999453914,123,A09,cross-session,AdaBN
238,16,1,0.00039108599992232485,123,A09,cross-session,AdaBN
239,16,0,0.00041112000008070027,123,A09,cross-session,AdaBN
240,16,0,0.00042846500002724497,123,A09,cross-session,AdaBN
241,16,1,0.0004029159999845433,123,A09,cross-session,AdaBN
242,16,1,0.0004187340000498807,123,A09,cross-session,AdaBN
243,16,0,0.00039326000000983186,123,A09,cross-session,AdaBN
244,16,1,0.0004082510000671391,123,A09,cross-session,AdaBN
245,16,1,0.00039002200003324106,123,A09,cross-session,AdaBN
246,16,1,0.0003804219999210545,123,A09,cross-session,AdaBN
247,16,0,0.00037858500002130313,123,A09,cross-session,AdaBN
248,16,1,0.0004025949999686418,123,A09,cross-session,AdaBN
249,16,0,0.0003922189999912007,123,A09,cross-session,AdaBN
250,16,1,0.0004365949999964869,123,A09,cross-session,AdaBN
251,16,0,0.0003943399999570829,123,A09,cross-session,AdaBN
252,16,0,0.0004148350000150458,123,A09,cross-session,AdaBN
253,16,1,0.00042131200007133884,123,A09,cross-session,AdaBN
254,16,1,0.0003944789999650311,123,A09,cross-session,AdaBN
255,16,1,0.0003791119999050352,123,A09,cross-session,AdaBN
256,16,0,0.00040451400002439186,123,A09,cross-session,AdaBN
257,16,1,0.00038517699999829347,123,A09,cross-session,AdaBN
258,16,1,0.00038323000001128094,123,A09,cross-session,AdaBN
259,16,0,0.00041172900000674417,123,A09,cross-session,AdaBN
260,16,0,0.00039571700006035826,123,A09,cross-session,AdaBN
261,16,1,0.0004526359999772467,123,A09,cross-session,AdaBN
262,16,1,0.00040145599996321835,123,A09,cross-session,AdaBN
263,16,0,0.00040311499992640165,123,A09,cross-session,AdaBN
264,16,1,0.00040943999999853986,123,A09,cross-session,AdaBN
265,16,1,0.00038748000008581585,123,A09,cross-session,AdaBN
266,16,0,0.00038327899994783365,123,A09,cross-session,AdaBN
267,16,1,0.000417918000039208,123,A09,cross-session,AdaBN
268,16,1,0.0003906809999989491,123,A09,cross-session,AdaBN
269,16,1,0.00038679199997204705,123,A09,cross-session,AdaBN
270,16,0,0.00038674100005664513,123,A09,cross-session,AdaBN
271,16,1,0.0003966230000287396,123,A09,cross-session,AdaBN
272,16,1,0.00040201299998443574,123,A09,cross-session,AdaBN
273,16,1,0.0003840880000325342,123,A09,cross-session,AdaBN
274,16,1,0.0003934530000151426,123,A09,cross-session,AdaBN
275,16,0,0.00044948400000066613,123,A09,cross-session,AdaBN
276,16,0,0.0003757739999628029,123,A09,cross-session,AdaBN
277,16,1,0.0003954960000100982,123,A09,cross-session,AdaBN
278,16,1,0.00040388200000052166,123,A09,cross-session,AdaBN
279,16,0,0.0003948290000153065,123,A09,cross-session,AdaBN
280,16,1,0.0004124109999565917,123,A09,cross-session,AdaBN
281,16,0,0.0003803380000135803,123,A09,cross-session,AdaBN
282,16,1,0.0004157740000891863,123,A09,cross-session,AdaBN
283,16,1,0.00045828500003608497,123,A09,cross-session,AdaBN
284,16,1,0.00042553800005862286,123,A09,cross-session,AdaBN
285,16,1,0.0004312780000645944,123,A09,cross-session,AdaBN
286,16,1,0.00039866999998139363,123,A09,cross-session,AdaBN
287,16,0,0.0003919579999092093,123,A09,cross-session,AdaBN
